geometric-optimize called with the following command line:
relax_barrier.py shell7p1ts run

                                        [91m())))))))))))))))/[0m                     
                                    [91m())))))))))))))))))))))))),[0m                
                                [91m*)))))))))))))))))))))))))))))))))[0m             
                        [94m#,[0m    [91m()))))))))/[0m                [91m.)))))))))),[0m          
                      [94m#%%%%,[0m  [91m())))))[0m                        [91m.))))))))*[0m        
                      [94m*%%%%%%,[0m  [91m))[0m              [93m..[0m              [91m,))))))).[0m      
                        [94m*%%%%%%,[0m         [93m***************/.[0m        [91m.)))))))[0m     
                [94m#%%/[0m      [94m(%%%%%%,[0m    [93m/*********************.[0m       [91m)))))))[0m    
              [94m.%%%%%%#[0m      [94m*%%%%%%,[0m  [93m*******/,[0m     [93m**********,[0m      [91m.))))))[0m   
                [94m.%%%%%%/[0m      [94m*%%%%%%,[0m  [93m**[0m              [93m********[0m      [91m.))))))[0m  
          [94m##[0m      [94m.%%%%%%/[0m      [94m(%%%%%%,[0m                  [93m,******[0m      [91m/)))))[0m  
        [94m%%%%%%[0m      [94m.%%%%%%#[0m      [94m*%%%%%%,[0m    [92m,/////.[0m       [93m******[0m      [91m))))))[0m 
      [94m#%[0m      [94m%%[0m      [94m.%%%%%%/[0m      [94m*%%%%%%,[0m  [92m////////,[0m      [93m*****/[0m     [91m,)))))[0m 
    [94m#%%[0m  [94m%%%[0m  [94m%%%#[0m      [94m.%%%%%%/[0m      [94m(%%%%%%,[0m  [92m///////.[0m     [93m/*****[0m      [91m))))).[0m
  [94m#%%%%.[0m      [94m%%%%%#[0m      [94m/%%%%%%*[0m      [94m#%%%%%%[0m   [92m/////)[0m     [93m******[0m      [91m))))),[0m
    [94m#%%%%##%[0m  [94m%%%#[0m      [94m.%%%%%%/[0m      [94m(%%%%%%,[0m  [92m///////.[0m     [93m/*****[0m      [91m))))).[0m
      [94m##[0m     [94m%%%[0m      [94m.%%%%%%/[0m      [94m*%%%%%%,[0m  [92m////////.[0m      [93m*****/[0m     [91m,)))))[0m 
        [94m#%%%%#[0m      [94m/%%%%%%/[0m      [94m(%%%%%%[0m      [92m/)/)//[0m       [93m******[0m      [91m))))))[0m 
          [94m##[0m      [94m.%%%%%%/[0m      [94m(%%%%%%,[0m                  [93m*******[0m      [91m))))))[0m  
                [94m.%%%%%%/[0m      [94m*%%%%%%,[0m  [93m**.[0m             [93m/*******[0m      [91m.))))))[0m  
              [94m*%%%%%%/[0m      [94m(%%%%%%[0m   [93m********/*..,*/*********[0m       [91m*))))))[0m   
                [94m#%%/[0m      [94m(%%%%%%,[0m    [93m*********************/[0m        [91m)))))))[0m    
                        [94m*%%%%%%,[0m         [93m,**************/[0m         [91m,))))))/[0m     
                      [94m(%%%%%%[0m   [91m()[0m                              [91m))))))))[0m       
                      [94m#%%%%,[0m  [91m())))))[0m                        [91m,)))))))),[0m        
                        [94m#,[0m    [91m())))))))))[0m                [91m,)))))))))).[0m          
                                 [91m()))))))))))))))))))))))))))))))/[0m             
                                    [91m())))))))))))))))))))))))).[0m                
                                         [91m())))))))))))))),[0m                     

-=# [1;94m geomeTRIC started. Version: 1.1.1 [0m #=-
Current date and time: 2026-07-29 17:06:55
#========================================================#
#| [92m    Arguments passed to driver run_optimizer():     [0m |#
#========================================================#
bothre                    0.0 
constraints               constraints.txt 
convergence_cmax          0.01 
convergence_dmax          0.015 
convergence_drms          0.01 
convergence_energy        1e-05 
convergence_gmax          0.006 
convergence_grms          0.003 
coordsys                  hdlc 
customengine              <ash.interfaces.interface_geometric_new.ASHengineclass object at 0x146dba3e8790> 
input                     dummyinputname 
irc                       False 
logIni                    /home/18660916/envs/ash/lib/python3.11/site-packages/ash/log.ini 
maxiter                   400 
prefix                    geometric_OPTtraj 
rigid                     False 
subfrctor                 1 
transition                False 
verbose                   0 
----------------------------------------------------------
Custom engine selected.
$freeze
xyz 25
xyz 26
xyz 27
xyz 28
xyz 29
xyz 30
xyz 31
xyz 32
xyz 33
xyz 34
xyz 35
xyz 36
xyz 37
xyz 38
xyz 39
xyz 40
xyz 41
xyz 42
xyz 43
xyz 44
xyz 45
xyz 46
xyz 47
xyz 48
xyz 49
xyz 50
xyz 51
xyz 52
xyz 53
xyz 54
xyz 55
xyz 56
xyz 57
xyz 58
xyz 59
xyz 60
xyz 61
xyz 62
xyz 63
xyz 64
xyz 65
xyz 66
xyz 67
xyz 68
xyz 69
xyz 70
xyz 71
xyz 72
xyz 73
xyz 74
xyz 75
xyz 76
xyz 77
xyz 78
xyz 79
xyz 80
xyz 81
xyz 82
xyz 83
xyz 84
xyz 85
xyz 86
xyz 87
xyz 88
Bonds will be generated from interatomic distances less than 1.20 times sum of covalent radii
264 internal coordinates being used (instead of 264 Cartesians)
<class 'geometric.internal.CartesianX'> : 88
<class 'geometric.internal.CartesianY'> : 88
<class 'geometric.internal.CartesianZ'> : 88
<class 'geometric.internal.Distance'> : 113
<class 'geometric.internal.Angle'> : 129
<class 'geometric.internal.OutOfPlane'> : 387
<class 'geometric.internal.Dihedral'> : 655
Constraint                         Current      Target       Diff.
Cartesian-X 25                    58.40400    58.40400     0.00000
Cartesian-Y 25                    28.29340    28.29340     0.00000
Cartesian-Z 25                    64.58310    64.58310     0.00000
Cartesian-X 26                    58.55458    58.55458     0.00000
Cartesian-Y 26                    28.67862    28.67862     0.00000
Cartesian-Z 26                    63.31905    63.31905     0.00000
Cartesian-X 27                    58.24406    58.24406     0.00000
Cartesian-Y 27                    29.34112    29.34112     0.00000
Cartesian-Z 27                    64.01530    64.01530     0.00000
Cartesian-X 28                    58.75075    58.75075     0.00000
Cartesian-Y 28                    27.72358    27.72358     0.00000
Cartesian-Z 28                    63.58271    63.58271     0.00000
Cartesian-X 29                    57.99510    57.99510     0.00000
Cartesian-Y 29                    29.16580    29.16580     0.00000
Cartesian-Z 29                    65.49995    65.49995     0.00000
Cartesian-X 30                    58.19127    58.19127     0.00000
Cartesian-Y 30                    28.21077    28.21077     0.00000
Cartesian-Z 30                    65.76362    65.76362     0.00000
Cartesian-X 31                    58.10945    58.10945     0.00000
Cartesian-Y 31                    29.45834    29.45834     0.00000
Cartesian-Z 31                    64.54003    64.54003     0.00000
Cartesian-X 32                    58.66232    58.66232     0.00000
Cartesian-Y 32                    27.03578    27.03578     0.00000
Cartesian-Z 32                    64.93031    64.93031     0.00000
Cartesian-X 33                    58.77667    58.77667     0.00000
Cartesian-Y 33                    27.32831    27.32831     0.00000
Cartesian-Z 33                    63.97038    63.97038     0.00000
Cartesian-X 34                    58.35180    58.35180     0.00000
Cartesian-Y 34                    27.69828    27.69828     0.00000
Cartesian-Z 34                    65.62656    65.62656     0.00000
Cartesian-X 35                    67.01360    67.01360     0.00000
Cartesian-Y 35                    28.50850    28.50850     0.00000
Cartesian-Z 35                    47.75060    47.75060     0.00000
Cartesian-X 36                    68.19742    68.19742     0.00000
Cartesian-Y 36                    28.57028    28.57028     0.00000
Cartesian-Z 36                    47.35406    47.35406     0.00000
Cartesian-X 37                    66.30232    66.30232     0.00000
Cartesian-Y 37                    27.48112    27.48112     0.00000
Cartesian-Z 37                    47.78316    47.78316     0.00000
Cartesian-X 38                    66.55562    66.55562     0.00000
Cartesian-Y 38                    29.44435    29.44435     0.00000
Cartesian-Z 38                    48.10336    48.10336     0.00000
Cartesian-X 39                    52.46130    52.46130     0.00000
Cartesian-Y 39                    28.07600    28.07600     0.00000
Cartesian-Z 39                    62.72310    62.72310     0.00000
Cartesian-X 40                    52.61188    52.61188     0.00000
Cartesian-Y 40                    28.46122    28.46122     0.00000
Cartesian-Z 40                    61.45905    61.45905     0.00000
Cartesian-X 41                    52.30136    52.30136     0.00000
Cartesian-Y 41                    29.12372    29.12372     0.00000
Cartesian-Z 41                    62.15530    62.15530     0.00000
Cartesian-X 42                    52.80805    52.80805     0.00000
Cartesian-Y 42                    27.50618    27.50618     0.00000
Cartesian-Z 42                    61.72271    61.72271     0.00000
Cartesian-X 43                    52.05240    52.05240     0.00000
Cartesian-Y 43                    28.94840    28.94840     0.00000
Cartesian-Z 43                    63.63995    63.63995     0.00000
Cartesian-X 44                    52.24857    52.24857     0.00000
Cartesian-Y 44                    27.99337    27.99337     0.00000
Cartesian-Z 44                    63.90362    63.90362     0.00000
Cartesian-X 45                    52.16675    52.16675     0.00000
Cartesian-Y 45                    29.24094    29.24094     0.00000
Cartesian-Z 45                    62.68003    62.68003     0.00000
Cartesian-X 46                    52.71962    52.71962     0.00000
Cartesian-Y 46                    26.81838    26.81838     0.00000
Cartesian-Z 46                    63.07030    63.07030     0.00000
Cartesian-X 47                    52.83397    52.83397     0.00000
Cartesian-Y 47                    27.11091    27.11091     0.00000
Cartesian-Z 47                    62.11038    62.11038     0.00000
Cartesian-X 48                    52.40910    52.40910     0.00000
Cartesian-Y 48                    27.48088    27.48088     0.00000
Cartesian-Z 48                    63.76656    63.76656     0.00000
Cartesian-X 49                    60.41080    60.41080     0.00000
Cartesian-Y 49                    36.44790    36.44790     0.00000
Cartesian-Z 49                    65.77150    65.77150     0.00000
Cartesian-X 50                    60.56138    60.56138     0.00000
Cartesian-Y 50                    36.83312    36.83312     0.00000
Cartesian-Z 50                    64.50745    64.50745     0.00000
Cartesian-X 51                    60.25086    60.25086     0.00000
Cartesian-Y 51                    37.49562    37.49562     0.00000
Cartesian-Z 51                    65.20370    65.20370     0.00000
Cartesian-X 52                    60.75755    60.75755     0.00000
Cartesian-Y 52                    35.87808    35.87808     0.00000
Cartesian-Z 52                    64.77111    64.77111     0.00000
Cartesian-X 53                    60.00190    60.00190     0.00000
Cartesian-Y 53                    37.32030    37.32030     0.00000
Cartesian-Z 53                    66.68835    66.68835     0.00000
Cartesian-X 54                    60.19807    60.19807     0.00000
Cartesian-Y 54                    36.36527    36.36527     0.00000
Cartesian-Z 54                    66.95202    66.95202     0.00000
Cartesian-X 55                    60.11625    60.11625     0.00000
Cartesian-Y 55                    37.61284    37.61284     0.00000
Cartesian-Z 55                    65.72843    65.72843     0.00000
Cartesian-X 56                    60.66912    60.66912     0.00000
Cartesian-Y 56                    35.19028    35.19028     0.00000
Cartesian-Z 56                    66.11871    66.11871     0.00000
Cartesian-X 57                    60.78347    60.78347     0.00000
Cartesian-Y 57                    35.48281    35.48281     0.00000
Cartesian-Z 57                    65.15878    65.15878     0.00000
Cartesian-X 58                    60.35860    60.35860     0.00000
Cartesian-Y 58                    35.85278    35.85278     0.00000
Cartesian-Z 58                    66.81496    66.81496     0.00000
Cartesian-X 59                    63.47260    63.47260     0.00000
Cartesian-Y 59                    23.91410    23.91410     0.00000
Cartesian-Z 59                    51.50160    51.50160     0.00000
Cartesian-X 60                    64.65642    64.65642     0.00000
Cartesian-Y 60                    23.97588    23.97588     0.00000
Cartesian-Z 60                    51.10506    51.10506     0.00000
Cartesian-X 61                    62.76132    62.76132     0.00000
Cartesian-Y 61                    22.88672    22.88672     0.00000
Cartesian-Z 61                    51.53416    51.53416     0.00000
Cartesian-X 62                    63.01462    63.01462     0.00000
Cartesian-Y 62                    24.84995    24.84995     0.00000
Cartesian-Z 62                    51.85436    51.85436     0.00000
Cartesian-X 63                    54.68960    54.68960     0.00000
Cartesian-Y 63                    39.54520    39.54520     0.00000
Cartesian-Z 63                    64.49300    64.49300     0.00000
Cartesian-X 64                    54.84018    54.84018     0.00000
Cartesian-Y 64                    39.93042    39.93042     0.00000
Cartesian-Z 64                    63.22895    63.22895     0.00000
Cartesian-X 65                    54.52966    54.52966     0.00000
Cartesian-Y 65                    40.59292    40.59292     0.00000
Cartesian-Z 65                    63.92520    63.92520     0.00000
Cartesian-X 66                    55.03635    55.03635     0.00000
Cartesian-Y 66                    38.97538    38.97538     0.00000
Cartesian-Z 66                    63.49261    63.49261     0.00000
Cartesian-X 67                    54.28070    54.28070     0.00000
Cartesian-Y 67                    40.41760    40.41760     0.00000
Cartesian-Z 67                    65.40985    65.40985     0.00000
Cartesian-X 68                    54.47687    54.47687     0.00000
Cartesian-Y 68                    39.46257    39.46257     0.00000
Cartesian-Z 68                    65.67352    65.67352     0.00000
Cartesian-X 69                    54.39505    54.39505     0.00000
Cartesian-Y 69                    40.71014    40.71014     0.00000
Cartesian-Z 69                    64.44993    64.44993     0.00000
Cartesian-X 70                    54.94792    54.94792     0.00000
Cartesian-Y 70                    38.28758    38.28758     0.00000
Cartesian-Z 70                    64.84020    64.84020     0.00000
Cartesian-X 71                    55.06227    55.06227     0.00000
Cartesian-Y 71                    38.58011    38.58011     0.00000
Cartesian-Z 71                    63.88028    63.88028     0.00000
Cartesian-X 72                    54.63740    54.63740     0.00000
Cartesian-Y 72                    38.95008    38.95008     0.00000
Cartesian-Z 72                    65.53646    65.53646     0.00000
Cartesian-X 73                    59.62790    59.62790     0.00000
Cartesian-Y 73                    26.15480    26.15480     0.00000
Cartesian-Z 73                    47.42090    47.42090     0.00000
Cartesian-X 74                    60.81172    60.81172     0.00000
Cartesian-Y 74                    26.21658    26.21658     0.00000
Cartesian-Z 74                    47.02436    47.02436     0.00000
Cartesian-X 75                    58.91662    58.91662     0.00000
Cartesian-Y 75                    25.12742    25.12742     0.00000
Cartesian-Z 75                    47.45346    47.45346     0.00000
Cartesian-X 76                    59.16992    59.16992     0.00000
Cartesian-Y 76                    27.09065    27.09065     0.00000
Cartesian-Z 76                    47.77366    47.77366     0.00000
Cartesian-X 77                    70.34110    70.34110     0.00000
Cartesian-Y 77                    31.41640    31.41640     0.00000
Cartesian-Z 77                    54.54500    54.54500     0.00000
Cartesian-X 78                    71.52492    71.52492     0.00000
Cartesian-Y 78                    31.47818    31.47818     0.00000
Cartesian-Z 78                    54.14846    54.14846     0.00000
Cartesian-X 79                    69.62982    69.62982     0.00000
Cartesian-Y 79                    30.38902    30.38902     0.00000
Cartesian-Z 79                    54.57756    54.57756     0.00000
Cartesian-X 80                    69.88312    69.88312     0.00000
Cartesian-Y 80                    32.35225    32.35225     0.00000
Cartesian-Z 80                    54.89776    54.89776     0.00000
Cartesian-X 81                    66.86940    66.86940     0.00000
Cartesian-Y 81                    37.56380    37.56380     0.00000
Cartesian-Z 81                    49.32380    49.32380     0.00000
Cartesian-X 82                    68.05322    68.05322     0.00000
Cartesian-Y 82                    37.62558    37.62558     0.00000
Cartesian-Z 82                    48.92726    48.92726     0.00000
Cartesian-X 83                    66.15812    66.15812     0.00000
Cartesian-Y 83                    36.53642    36.53642     0.00000
Cartesian-Z 83                    49.35636    49.35636     0.00000
Cartesian-X 84                    66.41142    66.41142     0.00000
Cartesian-Y 84                    38.49965    38.49965     0.00000
Cartesian-Z 84                    49.67656    49.67656     0.00000
Cartesian-X 85                    61.97710    61.97710     0.00000
Cartesian-Y 85                    32.37860    32.37860     0.00000
Cartesian-Z 85                    44.74950    44.74950     0.00000
Cartesian-X 86                    63.16092    63.16092     0.00000
Cartesian-Y 86                    32.44038    32.44038     0.00000
Cartesian-Z 86                    44.35296    44.35296     0.00000
Cartesian-X 87                    61.26582    61.26582     0.00000
Cartesian-Y 87                    31.35122    31.35122     0.00000
Cartesian-Z 87                    44.78206    44.78206     0.00000
Cartesian-X 88                    61.51912    61.51912     0.00000
Cartesian-Y 88                    33.31445    33.31445     0.00000
Cartesian-Z 88                    45.10226    45.10226     0.00000
> ===== Optimization Info: ====
> Job type: Energy minimization
> Maximum number of optimization cycles: 400
> Initial / maximum trust radius (Angstrom): 0.100 / 0.300
> Convergence Criteria:
> Will converge when all 5 criteria are reached:
>  |Delta-E| < 1.00e-05
>  RMS-Ortho-Grad < 3.00e-03
>  Max-Ortho-Grad < 6.00e-03
>  RMS-Disp  < 1.00e-02
>  Max-Disp  < 1.50e-02
> 
> Constraints are requested. The following criterion is added:
>  Max Constraint Violation (in Angstroms/degrees) < 1.00e-02 
> === End Optimization Info ===
Step    0 : Gradient = 7.357e-03/3.581e-02 (rms/max) Energy = -838.7775631398
Hessian Eigenvalues: 2.63687e-02 2.63687e-02 2.63687e-02 ... 5.78010e-01 5.78010e-01 5.78010e-01
Step    1 : Displace = [0m2.332e-02[0m/[0m1.492e-01[0m (rms/max) Trust = 1.000e-01 (=) Grad_T = [0m3.788e-03[0m/[0m1.749e-02[0m (rms/max) E (change) = -838.7874398085 ([0m-9.877e-03[0m) Quality = [0m1.264[0m
Hessian Eigenvalues: 2.10367e-02 2.63687e-02 2.63687e-02 ... 5.78010e-01 5.78010e-01 5.79235e-01
Step    2 : Displace = [0m3.160e-02[0m/[0m1.723e-01[0m (rms/max) Trust = 1.414e-01 ([92m+[0m) Grad_T = [0m4.044e-03[0m/[0m1.990e-02[0m (rms/max) E (change) = -838.7950639235 ([0m-7.624e-03[0m) Quality = [0m1.455[0m
Hessian Eigenvalues: 8.04386e-03 2.63687e-02 2.63687e-02 ... 5.78010e-01 5.78010e-01 6.17591e-01
Step    3 : Displace = [0m5.996e-02[0m/[0m3.021e-01[0m (rms/max) Trust = 2.000e-01 ([92m+[0m) Grad_T = [0m6.117e-03[0m/[0m2.813e-02[0m (rms/max) E (change) = -838.8042721802 ([0m-9.208e-03[0m) Quality = [0m1.377[0m
Hessian Eigenvalues: 4.13221e-03 2.63687e-02 2.63687e-02 ... 5.78010e-01 5.78010e-01 6.12851e-01
Step    4 : Displace = [0m7.529e-02[0m/[0m3.524e-01[0m (rms/max) Trust = 2.828e-01 ([92m+[0m) Grad_T = [0m6.370e-03[0m/[0m2.599e-02[0m (rms/max) E (change) = -838.8142224483 ([0m-9.950e-03[0m) Quality = [0m1.504[0m
Hessian Eigenvalues: 2.20850e-03 2.63687e-02 2.63687e-02 ... 5.78010e-01 5.78067e-01 5.93528e-01
Step    5 : Displace = [0m1.330e-01[0m/[0m5.480e-01[0m (rms/max) Trust = 3.000e-01 ([92m+[0m) Grad_T = [0m8.064e-03[0m/[0m3.142e-02[0m (rms/max) E (change) = -838.8306977436 ([0m-1.648e-02[0m) Quality = [0m1.486[0m
Hessian Eigenvalues: 1.32291e-03 2.63685e-02 2.63687e-02 ... 5.78010e-01 5.78029e-01 6.15015e-01
Step    6 : Displace = [0m2.117e-01[0m/[0m7.727e-01[0m (rms/max) Trust = 3.000e-01 (=) Grad_T = [0m1.339e-02[0m/[0m5.125e-02[0m (rms/max) E (change) = -838.8572467146 ([0m-2.655e-02[0m) Quality = [0m1.449[0m
Hessian Eigenvalues: 1.08230e-03 2.43918e-02 2.63687e-02 ... 5.78010e-01 5.78024e-01 6.37021e-01
Step    7 : Displace = [0m2.695e-01[0m/[0m1.035e+00[0m (rms/max) Trust = 3.000e-01 (=) Grad_T = [0m1.809e-02[0m/[0m8.228e-02[0m (rms/max) E (change) = -838.9013521290 ([0m-4.411e-02[0m) Quality = [0m1.321[0m
Hessian Eigenvalues: 1.15560e-03 1.86778e-02 2.63687e-02 ... 5.78010e-01 5.78021e-01 6.27066e-01
Step    8 : Displace = [0m1.930e-01[0m/[0m7.296e-01[0m (rms/max) Trust = 3.000e-01 (=) Grad_T = [0m1.600e-02[0m/[0m8.009e-02[0m (rms/max) E (change) = -838.9502664306 ([0m-4.891e-02[0m) Quality = [0m1.189[0m
Hessian Eigenvalues: 3.92312e-04 2.63687e-02 2.63687e-02 ... 5.78010e-01 5.78020e-01 5.96442e-01
Step    9 : Displace = [0m3.053e-01[0m/[0m1.044e+00[0m (rms/max) Trust = 3.000e-01 (=) Grad_T = [0m2.451e-02[0m/[0m1.117e-01[0m (rms/max) E (change) = -838.9503990578 ([0m-1.326e-04[0m) Quality = [0m0.002[0m
Hessian Eigenvalues: 1.54905e-03 2.22871e-02 2.63687e-02 ... 5.78011e-01 5.78020e-01 5.87948e-01
ashpath: /home/18660916/envs/ash/lib/python3.11/site-packages/ash
Sys path: ['/home/18660916/envs/ash/lib/python3.11/site-packages/ash', '/home/18660916/system_development/phase2b_charge_design/05d_shell_ladder/relax/run_barr_7p1', '/home/18660916/envs/ash/lib/python311.zip', '/home/18660916/envs/ash/lib/python3.11', '/home/18660916/envs/ash/lib/python3.11/lib-dynload', '/home/18660916/envs/ash/lib/python3.11/site-packages']
--------------------------------------------------------------------------------
--------------------------------------------------------------------------------
                                           ASH                                            
                              A MULTISCALE MODELLING PROGRAM                              
                                        Version: 0.9dev                                        
                               Git commit version: Unknown                                
--------------------------------------------------------------------------------
--------------------------------------------------------------------------------
ASH path: /home/18660916/envs/ash/lib/python3.11/site-packages/ash
Python version: 3.11.15
Python interpreter: /home/18660916/envs/ash/bin/python3

ASH Settings after reading defaults and ~/ash_user_settings.ini : 
See https://ash.readthedocs.io/en/latest/basics.html#ash-settings on how to change settings.
	 debugflag :  False
	 load_julia :  False
	 julia_library :  pythoncall
	 use_ANSI_color :  False
	 print_logo :  False
	 print_input :  True
	 scale :  1.0
	 tol :  0.1
	 conndepth :  10
	 connectivity_code :  julia
	 nonbondedMM_code :  julia
	 print_exit_footer :  True
	 print_full_timings :  True

Note: ASH can use ANSI escape sequences for displaying color. Use e.g. less -R to display
To turn on/off escape sequences, set: 'use_ANSI_color = False' in
~/ash_user_settings.ini

Input script: /home/18660916/system_development/phase2b_charge_design/05d_shell_ladder/relax/run_barr_7p1/relax_barrier.py
================================================================================
   > import sys, openmm
   > from ash import Fragment, ORCATheory, OpenMMTheory, QMMMTheory, Optimizer
   > name=sys.argv[1]; RUN=(len(sys.argv)>2 and sys.argv[2]=="run")
   > ORCADIR="/home/apps2/ORCA/6.0.1"
   > coords="\n".join(open("%s_coords.xyz"%name).read().splitlines()[2:])
   > mmcharges=[float(x) for x in open("%s_charges.txt"%name).read().split(",")]
   > frag=Fragment(coordsstring=coords, charge=-2, mult=1)
   > els=[a.split()[0] for a in coords.strip().split("\n")]
   > print(">> %s: %d atoms (24 QM + %d MM), MM net %+.2f"%(name,frag.numatoms,frag.numatoms-24,sum(mmcharges)))
   > assert len(mmcharges)==frag.numatoms
   > LJ={"C":(3.40,0.086),"N":(3.25,0.170),"O":(2.96,0.210),"H":(1.06,0.016)}
   > orca=ORCATheory(orcadir=ORCADIR,orcasimpleinput="! B3LYP D3BJ def2-SVP def2/J RIJCOSX CPCM TightSCF",
   >     orcablocks="%cpcm epsilon 4.0 end\n%scf MaxIter 300 Guess PModel end",numcores=8,autostart=False)
   > mm=OpenMMTheory(fragment=frag,dummysystem=True,platform="CPU",numcores=1,autoconstraints=None,rigidwater=False)
   > lj=openmm.CustomBondForce("4*eps*((sig/r)^12 - (sig/r)^6)")
   > lj.addPerBondParameter("sig");lj.addPerBondParameter("eps");lj.setUsesPeriodicBoundaryConditions(False)
   > ang=openmm.unit.angstrom;kcal=openmm.unit.kilocalorie_per_mole;npair=0
   > for i in range(24):
   >     si,ei=LJ[els[i]]
   >     for j in range(24,frag.numatoms):
   >         sj,ej=LJ[els[j]]
   >         sig=((si+sj)/2*ang).value_in_unit(openmm.unit.nanometer);eps=(((ei*ej)**0.5)*kcal).value_in_unit(openmm.unit.kilojoule_per_mole)
   >         lj.addBond(i,j,[sig,eps]);npair+=1
   > lj.setForceGroup(11);mm.system.addForce(lj)
   > qmmm=QMMMTheory(qm_theory=orca,mm_theory=mm,fragment=frag,qmatoms=list(range(24)),charges=mmcharges,embedding="elstat",qm_charge=-2,qm_mult=1,numcores=8)
   > FROZEN=list(range(24,frag.numatoms))
   > CONV={"convergence_energy":1e-5,"convergence_grms":3.0e-3,"convergence_gmax":6.0e-3,"convergence_drms":1.0e-2,"convergence_dmax":1.5e-2}
   > if not RUN:
   >     print("\n=== DRY RUN OK %s: %d pairs, MM %+.0f, %d frozen ==="%(name,npair,sum(mmcharges),len(FROZEN))); sys.exit(0)
   > result=Optimizer(theory=qmmm,fragment=frag,coordsystem="hdlc",frozenatoms=FROZEN,maxiter=400,conv_criteria=CONV,charge=-2,mult=1)
   > frag.write_xyzfile("%s_relaxed.xyz"%name)
   > # extract final energy
   > E=frag.energy if hasattr(frag,"energy") else None
   > print(">> DONE %s  FINAL ENERGY = %s Eh -> %s_relaxed.xyz"%(name,E,name))
   > open("%s_energy.txt"%name,"w").write(str(E))
================================================================================ 


--------------------------------------------------------------------------------
                                New ASH fragment                                
--------------------------------------------------------------------------------

ASH Fragment creation
Getting coordinates from string: C     60.14190600    34.25017500    56.86750500
H     60.65410400    33.35229400    57.20242100
H     60.73860600    35.07435300    56.47491200
C     58.80287300    34.45194900    57.16141800
C     58.13069700    35.79868100    56.84307300
O     58.86276300    36.77666300    56.53446600
O     56.87734100    35.82963400    56.93983700
O     58.04533200    33.51170800    57.60013500
C     57.53567900    32.20862600    56.01945400
H     56.92805500    31.57263500    56.66681400
C     58.86068700    31.87524000    55.78984900
H     59.36035100    31.12725100    56.40326400
C     59.64119800    32.67145500    54.96010600
C     58.97535300    33.57937300    54.02371700
H     59.61208400    34.05213900    53.27111900
C     57.64453400    33.77154800    54.05277400
H     57.14874400    34.42947900    53.33266900
C     56.77153500    33.13738000    55.09626400
H     56.36648800    33.96180100    55.70835200
O     55.70405500    32.44082700    54.44502300
H     55.04194600    32.20048300    55.11214300
C     61.07068900    32.21901900    54.67969600
O     61.72429900    31.71851300    55.62834500
O     61.44865900    32.31879300    53.48933100
C     58.404000    28.293400    64.583100
N     58.554577    28.678620    63.319046
H     58.244060    29.341122    64.015300
H     58.750746    27.723582    63.582713
N     57.995101    29.165804    65.499949
H     58.191270    28.210766    65.763616
H     58.109449    29.458340    64.540028
N     58.662321    27.035776    64.930305
H     58.776670    27.328311    63.970384
H     58.351804    27.698278    65.626559
C     67.013600    28.508500    47.750600
O     68.197425    28.570276    47.354063
O     66.302316    27.481117    47.783159
H     66.555621    29.444350    48.103361
C     52.461300    28.076000    62.723100
N     52.611877    28.461220    61.459046
H     52.301360    29.123722    62.155300
H     52.808046    27.506182    61.722713
N     52.052401    28.948404    63.639949
H     52.248570    27.993366    63.903616
H     52.166749    29.240940    62.680028
N     52.719621    26.818376    63.070305
H     52.833970    27.110911    62.110384
H     52.409104    27.480878    63.766559
C     60.410800    36.447900    65.771500
N     60.561377    36.833120    64.507446
H     60.250860    37.495622    65.203700
H     60.757546    35.878082    64.771113
N     60.001901    37.320304    66.688349
H     60.198070    36.365266    66.952016
H     60.116249    37.612840    65.728428
N     60.669121    35.190276    66.118705
H     60.783470    35.482811    65.158784
H     60.358604    35.852778    66.814959
C     63.472600    23.914100    51.501600
O     64.656425    23.975876    51.105063
O     62.761316    22.886717    51.534159
H     63.014621    24.849950    51.854361
C     54.689600    39.545200    64.493000
N     54.840177    39.930420    63.228946
H     54.529660    40.592922    63.925200
H     55.036346    38.975382    63.492613
N     54.280701    40.417604    65.409849
H     54.476870    39.462566    65.673516
H     54.395049    40.710140    64.449928
N     54.947921    38.287576    64.840205
H     55.062270    38.580111    63.880284
H     54.637404    38.950078    65.536459
C     59.627900    26.154800    47.420900
O     60.811725    26.216576    47.024363
O     58.916616    25.127417    47.453459
H     59.169921    27.090650    47.773661
C     70.341100    31.416400    54.545000
O     71.524925    31.478176    54.148463
O     69.629816    30.389017    54.577559
H     69.883121    32.352250    54.897761
C     66.869400    37.563800    49.323800
O     68.053225    37.625576    48.927263
O     66.158116    36.536417    49.356359
H     66.411421    38.499650    49.676561
C     61.977100    32.378600    44.749500
O     63.160925    32.440376    44.352963
O     61.265816    31.351217    44.782059
H     61.519121    33.314450    45.102261
Creating/Updating fragment attributes...
Number of Atoms in fragment: 88
Formula: H38N12C20O18
Label: CHHCCOOOCHCHCCHCHCHOHCOOCNHHNHHNHHCOOHCNHHNHHNHHCNHHNHHNHHCOOHCNHHNHHNHHCOOHCOOHCOOHCOOH
Charge: -2 Mult: 1

--------------------------------------------------------------------------------
>> shell7p1ts: 88 atoms (24 QM + 64 MM), MM net -2.00


                     #####################################                      
                     #                                   #                      
                     #     ORCATheory initialization     #                      
                     #                                   #                      
                     #####################################                      
Checking for ORCA location
 Using orcadir path provided: /home/apps2/ORCA/6.0.1 
Checking if ORCA binary works... yes 
ORCA parallel job requested with numcores: 8 . Make sure that the correct OpenMPI version (for the ORCA version) is available in your environment
OpenMPI binary directory found: /apps/openmpi/4.1.1/bin
Testing that mpirun is executable... yes 
OpenMPI version (mpirun -V): mpirun (Open MPI) 4.1.1

Report bugs to http://www.open-mpi.org/community/help/

bind_to_core_option: True

Creating ORCA object
ORCA dir: /home/apps2/ORCA/6.0.1
! B3LYP D3BJ def2-SVP def2/J RIJCOSX CPCM TightSCF
%cpcm epsilon 4.0 end
%scf MaxIter 300 Guess PModel end

ORCATheory object created!


                           #########################                            
                           #                       #                            
                           #     OpenMM Theory     #                            
                           #                       #                            
                           #########################                            
OpenMM CPU threads set to: 1
Imported OpenMM library version: 8.5.2

--------------------------------------------------------------------------------
                             Defining OpenMM object                             
--------------------------------------------------------------------------------

Printlevel: 2
No automatic constraints
AutoConstraint setting: None
Rigidwater constraints: False
Hydrogenmass option: 1.5 Da
Using platform: CPU

--------------------------------------------------------------------------------
                            Setting up force fields.                            
--------------------------------------------------------------------------------

Note: OpenMM will fail in this step if parameters are missing in topology and
      parameter files (e.g. nonbonded entries).

Defining new basic single-chain, multi-residue topology
Inside write_xmlfile_nonbonded
Wrote XML-file: dummy.xml
residueTemplates: {}
System is non-periodic.
nonbonded noPBC Method is: NoCutoff
Nonbonded cutoff : 20 Angstrom

----------------------
OpenMM system created.
----------------------
OpenMM Forces defined: [<openmm.openmm.NonbondedForce; proxy of <Swig Object of type 'OpenMM::NonbondedForce *' at 0x146dbc0725f0> >, <openmm.openmm.CMMotionRemover; proxy of <Swig Object of type 'OpenMM::CMMotionRemover *' at 0x146dbc0720b0> >]

Setting charges
Number of atoms in OpenMM system: 88

System constraints defined upon system creation: 0
Use printlevel =>3 to see list of all constraints

----------------------------------------------------------------------------
Time to calculate step (OpenMM object creation): 0.284 seconds, 0.0 minutes.
----------------------------------------------------------------------------


                            ########################                            
                            #                      #                            
                            #     QM/MM Theory     #                            
                            #                      #                            
                            ########################                            
QM-theory: ORCATheory
MM-theory: OpenMMTheory
All atoms in fragment: 88
QM region (24 atoms): [0, 1, 2, 3, 4, 5, 6, 7, 8, 9, 10, 11, 12, 13, 14, 15, 16, 17, 18, 19, 20, 21, 22, 23]
MM region (64 atoms)
QM/MM object selected to use 8 cores
Embedding: elstat
Reading in charges
Updating charges in OpenMM object.
Updating simulation object for modified Nonbonded force.

--------------------------------------------------------------------
Time to calculate step (update_charges): 0.001 seconds, 0.0 minutes.
--------------------------------------------------------------------
QM-region coordinates (before linkatoms):
   0    C  60.14190600   34.25017500   56.86750500
   1    H  60.65410400   33.35229400   57.20242100
   2    H  60.73860600   35.07435300   56.47491200
   3    C  58.80287300   34.45194900   57.16141800
   4    C  58.13069700   35.79868100   56.84307300
   5    O  58.86276300   36.77666300   56.53446600
   6    O  56.87734100   35.82963400   56.93983700
   7    O  58.04533200   33.51170800   57.60013500
   8    C  57.53567900   32.20862600   56.01945400
   9    H  56.92805500   31.57263500   56.66681400
  10    C  58.86068700   31.87524000   55.78984900
  11    H  59.36035100   31.12725100   56.40326400
  12    C  59.64119800   32.67145500   54.96010600
  13    C  58.97535300   33.57937300   54.02371700
  14    H  59.61208400   34.05213900   53.27111900
  15    C  57.64453400   33.77154800   54.05277400
  16    H  57.14874400   34.42947900   53.33266900
  17    C  56.77153500   33.13738000   55.09626400
  18    H  56.36648800   33.96180100   55.70835200
  19    O  55.70405500   32.44082700   54.44502300
  20    H  55.04194600   32.20048300   55.11214300
  21    C  61.07068900   32.21901900   54.67969600
  22    O  61.72429900   31.71851300   55.62834500
  23    O  61.44865900   32.31879300   53.48933100

Determining QM-MM/HL-LL boundary
Parameters determing connectivity:
Scaling factor: 1.0
Tolerance: 0.30000000000000004
QM atoms: [0, 1, 2, 3, 4, 5, 6, 7, 8, 9, 10, 11, 12, 13, 14, 15, 16, 17, 18, 19, 20, 21, 22, 23]
QM atoms to be excluded from boundary creation (excludeboundaryatomlist):  []
QM-MM boundary dictionary: {}

------------------------------------------------------------------------
Time to calculate step (get_boundary_atoms): 0.001 seconds, 0.0 minutes.
------------------------------------------------------------------------
No covalent QM-MM boundary. Linkatoms and dipole_correction options set to False
Removing constraints in OpenMM object for atoms: [0, 1, 2, 3, 4, 5, 6, 7, 8, 9, 10, 11, 12, 13, 14, 15, 16, 17, 18, 19, 20, 21, 22, 23]
Removing bonded terms for QM-region in MMtheory
Modifying bonded forces.


Number of bonded terms removed:
Harmonic Bond terms: 0
Harmonic Angle terms: 0
Periodic Torsion terms: 0
Custom Torsion terms: 0
CMAP Torsion terms: 0
CustomBond terms 0


--------------------------------------------------------------------------
Time to calculate step (modify_bonded_forces): 0.002 seconds, 0.0 minutes.
--------------------------------------------------------------------------
Removing nonbonded terms for QM-region in MMtheory (QM-QM interactions)
Add exceptions/exclusions. Removing i-j interactions for list: 24 atoms
Case Nonbondedforce. Adding Exception for ij pair.
Number of exceptions (Nonbondedforce) added: 276
Number of exclusions (CustomNonbondedforce) added: 0

--------------------------------------------------------------------
Time to calculate step (add exceptions): 0.001 seconds, 0.0 minutes.
--------------------------------------------------------------------
Charges of QM atoms set to 0 (since Electrostatic Embedding):
Setting QM charges to Zero

-------------------------------------------------------------------
Time to calculate step (ZeroQMCharges): 0.000 seconds, 0.0 minutes.
-------------------------------------------------------------------
Updating charges in OpenMM object.
Updating simulation object for modified Nonbonded force.

--------------------------------------------------------------------
Time to calculate step (update_charges): 0.000 seconds, 0.0 minutes.
--------------------------------------------------------------------
Deleting Coulombexceptions for atomlist: [0, 1, 2, 3, 4, 5, 6, 7, 8, 9, 10, 11, 12, 13, 14, 15, 16, 17, 18, 19, 20, 21, 22, 23]

-----------------------------------------------------------------------
Time to calculate step (delete_exceptions): 0.003 seconds, 0.0 minutes.
-----------------------------------------------------------------------


---------------------------------------------------------------------------
Time to calculate step (QM/MM object creation): 0.040 seconds, 0.0 minutes.
---------------------------------------------------------------------------


                 #############################################                  
                 #                                           #                  
                 #     geomeTRICOptimizer initialization     #                  
                 #                                           #                  
                 #############################################                  
Creating optimizer object
User-defined convergence criteria:
Theory is not periodic
Printlevel: 2
Coordinate system:  hdlc
Max iterations:  400
Frozen atoms: [24, 25, 26, 27, 28, 29, 30, 31, 32, 33, 34, 35, 36, 37, 38, 39, 40, 41, 42, 43, 44, 45, 46, 47, 48, 49, 50, 51, 52, 53, 54, 55, 56, 57, 58, 59, 60, 61, 62, 63, 64, 65, 66, 67, 68, 69, 70, 71, 72, 73, 74, 75, 76, 77, 78, 79, 80, 81, 82, 83, 84, 85, 86, 87]
Active Region: False
TS Optimization: False
Hessian Option: None
Convergence criteria: {'convergence_energy': 1e-05, 'convergence_grms': 0.003, 'convergence_gmax': 0.006, 'convergence_drms': 0.01, 'convergence_dmax': 0.015, 'convergence_cmax': 0.01}


--------------------------------------------------------------------------------
                            Running geomeTRIC object                            
--------------------------------------------------------------------------------

 
Doing geometry optimization on fragment. Formula: H38N12C20O18 Label: CHHCCOOOCHCHCCHCHCHOHCOOCNHHNHHNHHCOOHCNHHNHHNHHCNHHNHHNHHCOOHCNHHNHHNHHCOOHCOOHCOOHCOOH  
No constraints provided to run method.
Testing if constraints present in optimizer object
No constraints in optimizer object.
Now testing if constraints in fragment object 
No constraints in fragment object.

Constraints:  None
constrainvalue:  False
Inside define_constraints
Constraints: None
Inside write_constraintsfile
Writing frozen atom constraints
Wrote XYZ file:  initialxyzfiletric.xyz
No Hessian option provided.
self.constraintsfile: constraints.txt
Convergence criteria: {'convergence_energy': 1e-05, 'convergence_grms': 0.003, 'convergence_gmax': 0.006, 'convergence_drms': 0.01, 'convergence_dmax': 0.015, 'convergence_cmax': 0.01}
Hessian option: None
Coordinate system: hdlc
Starting optimization

-------------------------------------------------------------------------------------
Time to calculate step (Time spent before run_optimizer): 5.493 seconds, 0.1 minutes.
-------------------------------------------------------------------------------------
geometric called detect_dft option option for ASHengineclass.

Convergence criteria: {'convergence_energy': 1e-05, 'convergence_grms': 0.003, 'convergence_gmax': 0.006, 'convergence_drms': 0.01, 'convergence_dmax': 0.015, 'convergence_cmax': 0.01}

Replacing coordinates in fragment.
Creating/Updating fragment attributes...
Number of Atoms in fragment: 88
Formula: H38N12C20O18
Label: CHHCCOOOCHCHCCHCHCHOHCOOCNHHNHHNHHCOOHCNHHNHHNHHCNHHNHHNHHCOOHCNHHNHHNHHCOOHCOOHCOOHCOOH
Charge: -2 Mult: 1

--------------------------------------------------------------------------------
Wrote XYZ file:  Fragment-currentgeo.xyz
Current geometry (Å) in step 0 (print_atoms_list region)
---------------------------------------------------
        C  60.14190600   34.25017500   56.86750500
        H  60.65410400   33.35229400   57.20242100
        H  60.73860600   35.07435300   56.47491200
        C  58.80287300   34.45194900   57.16141800
        C  58.13069700   35.79868100   56.84307300
        O  58.86276300   36.77666300   56.53446600
        O  56.87734100   35.82963400   56.93983700
        O  58.04533200   33.51170800   57.60013500
        C  57.53567900   32.20862600   56.01945400
        H  56.92805500   31.57263500   56.66681400
        C  58.86068700   31.87524000   55.78984900
        H  59.36035100   31.12725100   56.40326400
        C  59.64119800   32.67145500   54.96010600
        C  58.97535300   33.57937300   54.02371700
        H  59.61208400   34.05213900   53.27111900
        C  57.64453400   33.77154800   54.05277400
        H  57.14874400   34.42947900   53.33266900
        C  56.77153500   33.13738000   55.09626400
        H  56.36648800   33.96180100   55.70835200
        O  55.70405500   32.44082700   54.44502300
        H  55.04194600   32.20048300   55.11214300
        C  61.07068900   32.21901900   54.67969600
        O  61.72429900   31.71851300   55.62834500
        O  61.44865900   32.31879300   53.48933100
        C  58.40400000   28.29340000   64.58310000
        N  58.55457700   28.67862000   63.31904600
        H  58.24406000   29.34112200   64.01530000
        H  58.75074600   27.72358200   63.58271300
        N  57.99510100   29.16580400   65.49994900
        H  58.19127000   28.21076600   65.76361600
        H  58.10944900   29.45834000   64.54002800
        N  58.66232100   27.03577600   64.93030500
        H  58.77667000   27.32831100   63.97038400
        H  58.35180400   27.69827800   65.62655900
        C  67.01360000   28.50850000   47.75060000
        O  68.19742500   28.57027600   47.35406300
        O  66.30231600   27.48111700   47.78315900
        H  66.55562100   29.44435000   48.10336100
        C  52.46130000   28.07600000   62.72310000
        N  52.61187700   28.46122000   61.45904600
        H  52.30136000   29.12372200   62.15530000
        H  52.80804600   27.50618200   61.72271300
        N  52.05240100   28.94840400   63.63994900
        H  52.24857000   27.99336600   63.90361600
        H  52.16674900   29.24094000   62.68002800
        N  52.71962100   26.81837600   63.07030500
        H  52.83397000   27.11091100   62.11038400
        H  52.40910400   27.48087800   63.76655900
        C  60.41080000   36.44790000   65.77150000
        N  60.56137700   36.83312000   64.50744600
        H  60.25086000   37.49562200   65.20370000
        H  60.75754600   35.87808200   64.77111300
        N  60.00190100   37.32030400   66.68834900
        H  60.19807000   36.36526600   66.95201600
        H  60.11624900   37.61284000   65.72842800
        N  60.66912100   35.19027600   66.11870500
        H  60.78347000   35.48281100   65.15878400
        H  60.35860400   35.85277800   66.81495900
        C  63.47260000   23.91410000   51.50160000
        O  64.65642500   23.97587600   51.10506300
        O  62.76131600   22.88671700   51.53415900
        H  63.01462100   24.84995000   51.85436100
        C  54.68960000   39.54520000   64.49300000
        N  54.84017700   39.93042000   63.22894600
        H  54.52966000   40.59292200   63.92520000
        H  55.03634600   38.97538200   63.49261300
        N  54.28070100   40.41760400   65.40984900
        H  54.47687000   39.46256600   65.67351600
        H  54.39504900   40.71014000   64.44992800
        N  54.94792100   38.28757600   64.84020500
        H  55.06227000   38.58011100   63.88028400
        H  54.63740400   38.95007800   65.53645900
        C  59.62790000   26.15480000   47.42090000
        O  60.81172500   26.21657600   47.02436300
        O  58.91661600   25.12741700   47.45345900
        H  59.16992100   27.09065000   47.77366100
        C  70.34110000   31.41640000   54.54500000
        O  71.52492500   31.47817600   54.14846300
        O  69.62981600   30.38901700   54.57755900
        H  69.88312100   32.35225000   54.89776100
        C  66.86940000   37.56380000   49.32380000
        O  68.05322500   37.62557600   48.92726300
        O  66.15811600   36.53641700   49.35635900
        H  66.41142100   38.49965000   49.67656100
        C  61.97710000   32.37860000   44.74950000
        O  63.16092500   32.44037600   44.35296300
        O  61.26581600   31.35121700   44.78205900
        H  61.51912100   33.31445000   45.10226100

Note: printed only print_atoms_list (this is not necessarily all atoms) 
  ------------RUNNING QM/MM MODULE------------- 
QM Module: ORCATheory
MM Module: OpenMMTheory
Charge provided from QMMMTheory object:  -2
Mult provided from QMMMTheory object:  1
QM-region Charge: -2 Mult: 1
Embedding: Electrostatic
First QMMMTheory run. Running runprep
Inside QMMMTheory runprep

-------------------------------------------------------------
Time to calculate step (runprep): 0.000 seconds, 0.0 minutes.
-------------------------------------------------------------
Number of pointcharges (to QM program): 64
Number of charge coordinates: 64
Running QM/MM object with 8 cores available

-------------------------------------------------------------------
Time to calculate step (before-QMstep): 0.000 seconds, 0.0 minutes.
-------------------------------------------------------------------
  ------------RUNNING ORCA INTERFACE------------- 
Object-label: ORCA
Run-label: None
Running ORCA with 8 cores available
Moreadfile option not active
No orca.gbw file is present in dir.
Checking if a file orca.gbw exists in parentdir:
Found no file. ORCA will guess new orbitals
Creating inputfile: orca.inp
ORCA input:
! B3LYP D3BJ def2-SVP def2/J RIJCOSX CPCM TightSCF

! Noautostart


%cpcm epsilon 4.0 end
%scf MaxIter 300 Guess PModel end
Charge: -2  Mult: 1
Pointcharge embedding is on!
 ORCA Calculation starting. 
Found warning messages in ORCA outputfile:
WARNING: The chosen methods will break translational/rotational symmetry
 WARNING: The chosen methods will break translational symmetry
 WARNING: The chosen methods will break translational symmetry
 Warning: op=0 Small HOMO/LUMO gap (   0.070) - skipping pre-diagonalization

 ORCA Calculation done. 
ORCA converged in 16 iterations
ORCA energy: -836.212204839041
  ------------ENDING ORCA-INTERFACE------------- 

----------------------------------------------------------------
Time to calculate step (ORCA run): 100.574 seconds, 1.7 minutes.
----------------------------------------------------------------

---------------------------------------------------------------
Time to calculate step (QM step): 100.574 seconds, 1.7 minutes.
---------------------------------------------------------------

----------------------------------------------------------------------
Time to calculate step (QMpcgrad prepare): 0.000 seconds, 0.0 minutes.
----------------------------------------------------------------------

--------------------------------------------------------------------------
Time to calculate step (linkatomgrad prepare): 0.000 seconds, 0.0 minutes.
--------------------------------------------------------------------------

----------------------------------------------------------------------------
Time to calculate step (QM/MM gradient prepare): 0.000 seconds, 0.0 minutes.
----------------------------------------------------------------------------
Using OpenMM theory as part of QM/MM.
Using MM on full system. Charges for QM region [0, 1, 2, 3, 4, 5, 6, 7, 8, 9, 10, 11, 12, 13, 14, 15, 16, 17, 18, 19, 20, 21, 22, 23] have been set to zero 

--------------------------------------------------------------------------------
                   Creating/updating OpenMM simulation object                   
--------------------------------------------------------------------------------

Integrator name: VerletIntegrator
Timestep: 0.001
Temperature: 300
Coupling frequency: 1
Properties: {'Threads': '1'}
Topology: <Topology; 1 chains, 1 residues, 88 atoms, 0 bonds>

----------------------------------------------------------------------------------
Time to calculate step (creating/updating simulation): 0.002 seconds, 0.0 minutes.
----------------------------------------------------------------------------------

--------------------------------------------------------------------------------
                     Running Single-point OpenMM Interface                      
--------------------------------------------------------------------------------

Number of OpenMM system constraints defined: 0

-----------------------------------------------------------------------------------
Time to calculate step (OpenMMTheory.run: const-check): 0.003 seconds, 0.0 minutes.
-----------------------------------------------------------------------------------
Updating coordinates.

------------------------------------------------------------------------
Time to calculate step (Creating pos array): 0.000 seconds, 0.0 minutes.
------------------------------------------------------------------------

---------------------------------------------------------------------------
Time to calculate step (Updating MM positions): 0.000 seconds, 0.0 minutes.
---------------------------------------------------------------------------
Calling OpenMM getState.

---------------------------------------------------------------------
Time to calculate step (OpenMM getState): 0.000 seconds, 0.0 minutes.
---------------------------------------------------------------------
OpenMM Energy: -2.5653583007966163 Eh
OpenMM Energy: -1609.7866381162926 kcal/mol

-----------------------
Ending OpenMM interface
-----------------------

----------------------------------------------------------------
Time to calculate step (OpenMM run): 0.004 seconds, 0.0 minutes.
----------------------------------------------------------------

-------------------------------------------------------------
Time to calculate step (MM step): 0.004 seconds, 0.0 minutes.
-------------------------------------------------------------

Note: You are using electrostatic embedding. This means that the QM-energy is actually the polarized QM-energy
Note: MM energy also contains the QM-MM Lennard-Jones interaction

QM energy:              -836.212204839041 
MM energy:                -2.565358300797
QM/MM energy:           -838.777563139838 

  ------------ENDING QM/MM MODULE------------- 

-----------------------------------------------------------------
Time to calculate step (QM/MM run): 100.578 seconds, 1.7 minutes.
-----------------------------------------------------------------

Convergence criteria: {'convergence_energy': 1e-05, 'convergence_grms': 0.003, 'convergence_gmax': 0.006, 'convergence_drms': 0.01, 'convergence_dmax': 0.015, 'convergence_cmax': 0.01}

Replacing coordinates in fragment.
Creating/Updating fragment attributes...
Number of Atoms in fragment: 88
Formula: H38N12C20O18
Label: CHHCCOOOCHCHCCHCHCHOHCOOCNHHNHHNHHCOOHCNHHNHHNHHCNHHNHHNHHCOOHCNHHNHHNHHCOOHCOOHCOOHCOOH
Charge: -2 Mult: 1

--------------------------------------------------------------------------------
Wrote XYZ file:  Fragment-currentgeo.xyz
Current geometry (Å) in step 0 (print_atoms_list region)
---------------------------------------------------
        C  60.12073973   34.25563217   56.89470653
        H  60.65477776   33.35110376   57.18877628
        H  60.71971597   35.05986253   56.45935885
        C  58.78270564   34.46037787   57.20406015
        C  58.10608578   35.81009610   56.84420822
        O  58.86175425   36.77728923   56.57460940
        O  56.85052518   35.87116726   57.00267094
        O  58.03251733   33.55275135   57.74701565
        C  57.53987603   32.19062686   55.99809409
        H  56.92014038   31.57297966   56.66063902
        C  58.85441909   31.85327648   55.77213716
        H  59.36622249   31.10999522   56.38629992
        C  59.64294844   32.65647466   54.94332330
        C  58.98107179   33.57607375   54.01677363
        H  59.61682337   34.05319695   53.26904194
        C  57.64991860   33.76975584   54.05315393
        H  57.15172078   34.42657279   53.33373485
        C  56.77438608   33.13282693   55.09213374
        H  56.37080470   33.95321459   55.71844253
        O  55.69675112   32.44251949   54.43989636
        H  55.04879564   32.20339337   55.11593545
        C  61.08779707   32.22122746   54.69193796
        O  61.67430745   31.74101354   55.69657963
        O  61.43097753   32.34193243   53.50516085
        C  58.40400000   28.29340000   64.58310000
        N  58.55457700   28.67862000   63.31904600
        H  58.24406000   29.34112200   64.01530000
        H  58.75074600   27.72358200   63.58271300
        N  57.99510100   29.16580400   65.49994900
        H  58.19127000   28.21076600   65.76361600
        H  58.10944900   29.45834000   64.54002800
        N  58.66232100   27.03577600   64.93030500
        H  58.77667000   27.32831100   63.97038400
        H  58.35180400   27.69827800   65.62655900
        C  67.01360000   28.50850000   47.75060000
        O  68.19742500   28.57027600   47.35406300
        O  66.30231600   27.48111700   47.78315900
        H  66.55562100   29.44435000   48.10336100
        C  52.46130000   28.07600000   62.72310000
        N  52.61187700   28.46122000   61.45904600
        H  52.30136000   29.12372200   62.15530000
        H  52.80804600   27.50618200   61.72271300
        N  52.05240100   28.94840400   63.63994900
        H  52.24857000   27.99336600   63.90361600
        H  52.16674900   29.24094000   62.68002800
        N  52.71962100   26.81837600   63.07030500
        H  52.83397000   27.11091100   62.11038400
        H  52.40910400   27.48087800   63.76655900
        C  60.41080000   36.44790000   65.77150000
        N  60.56137700   36.83312000   64.50744600
        H  60.25086000   37.49562200   65.20370000
        H  60.75754600   35.87808200   64.77111300
        N  60.00190100   37.32030400   66.68834900
        H  60.19807000   36.36526600   66.95201600
        H  60.11624900   37.61284000   65.72842800
        N  60.66912100   35.19027600   66.11870500
        H  60.78347000   35.48281100   65.15878400
        H  60.35860400   35.85277800   66.81495900
        C  63.47260000   23.91410000   51.50160000
        O  64.65642500   23.97587600   51.10506300
        O  62.76131600   22.88671700   51.53415900
        H  63.01462100   24.84995000   51.85436100
        C  54.68960000   39.54520000   64.49300000
        N  54.84017700   39.93042000   63.22894600
        H  54.52966000   40.59292200   63.92520000
        H  55.03634600   38.97538200   63.49261300
        N  54.28070100   40.41760400   65.40984900
        H  54.47687000   39.46256600   65.67351600
        H  54.39504900   40.71014000   64.44992800
        N  54.94792100   38.28757600   64.84020500
        H  55.06227000   38.58011100   63.88028400
        H  54.63740400   38.95007800   65.53645900
        C  59.62790000   26.15480000   47.42090000
        O  60.81172500   26.21657600   47.02436300
        O  58.91661600   25.12741700   47.45345900
        H  59.16992100   27.09065000   47.77366100
        C  70.34110000   31.41640000   54.54500000
        O  71.52492500   31.47817600   54.14846300
        O  69.62981600   30.38901700   54.57755900
        H  69.88312100   32.35225000   54.89776100
        C  66.86940000   37.56380000   49.32380000
        O  68.05322500   37.62557600   48.92726300
        O  66.15811600   36.53641700   49.35635900
        H  66.41142100   38.49965000   49.67656100
        C  61.97710000   32.37860000   44.74950000
        O  63.16092500   32.44037600   44.35296300
        O  61.26581600   31.35121700   44.78205900
        H  61.51912100   33.31445000   45.10226100

Note: printed only print_atoms_list (this is not necessarily all atoms) 
  ------------RUNNING QM/MM MODULE------------- 
QM Module: ORCATheory
MM Module: OpenMMTheory
Charge provided from QMMMTheory object:  -2
Mult provided from QMMMTheory object:  1
QM-region Charge: -2 Mult: 1
Embedding: Electrostatic
Number of pointcharges (to QM program): 64
Number of charge coordinates: 64
Running QM/MM object with 8 cores available

-------------------------------------------------------------------
Time to calculate step (before-QMstep): 0.000 seconds, 0.0 minutes.
-------------------------------------------------------------------
  ------------RUNNING ORCA INTERFACE------------- 
Object-label: ORCA
Run-label: None
Running ORCA with 8 cores available
Moreadfile option not active
A GBW-file with same basename : orca.gbw is present
Autostart is False. ORCA will ignore any file present
Creating inputfile: orca.inp
ORCA input:
! B3LYP D3BJ def2-SVP def2/J RIJCOSX CPCM TightSCF

! Noautostart

%cpcm epsilon 4.0 end
%scf MaxIter 300 Guess PModel end
Charge: -2  Mult: 1
Pointcharge embedding is on!
 ORCA Calculation starting. 
Found warning messages in ORCA outputfile:
WARNING: The chosen methods will break translational/rotational symmetry
 WARNING: The chosen methods will break translational symmetry
 WARNING: The chosen methods will break translational symmetry
 Warning: op=0 Small HOMO/LUMO gap (   0.073) - skipping pre-diagonalization

 ORCA Calculation done. 
ORCA converged in 17 iterations
ORCA energy: -836.222078121592
  ------------ENDING ORCA-INTERFACE------------- 

---------------------------------------------------------------
Time to calculate step (ORCA run): 99.330 seconds, 1.7 minutes.
---------------------------------------------------------------

--------------------------------------------------------------
Time to calculate step (QM step): 99.330 seconds, 1.7 minutes.
--------------------------------------------------------------

----------------------------------------------------------------------
Time to calculate step (QMpcgrad prepare): 0.000 seconds, 0.0 minutes.
----------------------------------------------------------------------

--------------------------------------------------------------------------
Time to calculate step (linkatomgrad prepare): 0.000 seconds, 0.0 minutes.
--------------------------------------------------------------------------

----------------------------------------------------------------------------
Time to calculate step (QM/MM gradient prepare): 0.000 seconds, 0.0 minutes.
----------------------------------------------------------------------------
Using OpenMM theory as part of QM/MM.
Using MM on full system. Charges for QM region [0, 1, 2, 3, 4, 5, 6, 7, 8, 9, 10, 11, 12, 13, 14, 15, 16, 17, 18, 19, 20, 21, 22, 23] have been set to zero 

--------------------------------------------------------------------------------
                   Creating/updating OpenMM simulation object                   
--------------------------------------------------------------------------------

Integrator name: VerletIntegrator
Timestep: 0.001
Temperature: 300
Coupling frequency: 1
Properties: {'Threads': '1'}
Topology: <Topology; 1 chains, 1 residues, 88 atoms, 0 bonds>

----------------------------------------------------------------------------------
Time to calculate step (creating/updating simulation): 0.002 seconds, 0.0 minutes.
----------------------------------------------------------------------------------

--------------------------------------------------------------------------------
                     Running Single-point OpenMM Interface                      
--------------------------------------------------------------------------------

Number of OpenMM system constraints defined: 0

-----------------------------------------------------------------------------------
Time to calculate step (OpenMMTheory.run: const-check): 0.002 seconds, 0.0 minutes.
-----------------------------------------------------------------------------------
Updating coordinates.

------------------------------------------------------------------------
Time to calculate step (Creating pos array): 0.000 seconds, 0.0 minutes.
------------------------------------------------------------------------

---------------------------------------------------------------------------
Time to calculate step (Updating MM positions): 0.000 seconds, 0.0 minutes.
---------------------------------------------------------------------------
Calling OpenMM getState.

---------------------------------------------------------------------
Time to calculate step (OpenMM getState): 0.001 seconds, 0.0 minutes.
---------------------------------------------------------------------
OpenMM Energy: -2.565361686939094 Eh
OpenMM Energy: -1609.788762952778 kcal/mol

-----------------------
Ending OpenMM interface
-----------------------

----------------------------------------------------------------
Time to calculate step (OpenMM run): 0.004 seconds, 0.0 minutes.
----------------------------------------------------------------

-------------------------------------------------------------
Time to calculate step (MM step): 0.004 seconds, 0.0 minutes.
-------------------------------------------------------------

Note: You are using electrostatic embedding. This means that the QM-energy is actually the polarized QM-energy
Note: MM energy also contains the QM-MM Lennard-Jones interaction

QM energy:              -836.222078121592 
MM energy:                -2.565361686939
QM/MM energy:           -838.787439808531 

  ------------ENDING QM/MM MODULE------------- 

----------------------------------------------------------------
Time to calculate step (QM/MM run): 99.335 seconds, 1.7 minutes.
----------------------------------------------------------------
geometric called save_guess_files option option for ASHengineclass.
This option is currently unsupported in ASH. Continuing.

Convergence criteria: {'convergence_energy': 1e-05, 'convergence_grms': 0.003, 'convergence_gmax': 0.006, 'convergence_drms': 0.01, 'convergence_dmax': 0.015, 'convergence_cmax': 0.01}

Replacing coordinates in fragment.
Creating/Updating fragment attributes...
Number of Atoms in fragment: 88
Formula: H38N12C20O18
Label: CHHCCOOOCHCHCCHCHCHOHCOOCNHHNHHNHHCOOHCNHHNHHNHHCNHHNHHNHHCOOHCNHHNHHNHHCOOHCOOHCOOHCOOH
Charge: -2 Mult: 1

--------------------------------------------------------------------------------
Wrote XYZ file:  Fragment-currentgeo.xyz
Current geometry (Å) in step 0 (print_atoms_list region)
---------------------------------------------------
        C  60.08853303   34.26377036   56.93446375
        H  60.63599908   33.34433189   57.16740144
        H  60.67283765   35.04393496   56.43405338
        C  58.76289744   34.47712676   57.29736889
        C  58.08749729   35.84702795   56.94495399
        O  58.83678379   36.79344512   56.61950064
        O  56.82110186   35.91700534   57.07564464
        O  58.02963581   33.60031716   57.92006522
        C  57.52235800   32.14542197   55.96706336
        H  56.89115642   31.55892586   56.64915999
        C  58.82803141   31.83400960   55.76911061
        H  59.36574568   31.09022675   56.36470641
        C  59.62523090   32.65259875   54.93486926
        C  58.98280228   33.57635440   54.00969473
        H  59.62016695   34.05564092   53.26581122
        C  57.65181629   33.76954729   54.05427737
        H  57.15335917   34.42570460   53.33487733
        C  56.77620348   33.12385606   55.08914848
        H  56.37849054   33.93648029   55.73668790
        O  55.68278691   32.45479189   54.43186108
        H  55.05516457   32.20751879   55.12074514
        C  61.09365823   32.23094959   54.74593695
        O  61.66245414   31.77283895   55.76910776
        O  61.41959718   32.36142350   53.56810623
        C  58.40400000   28.29340000   64.58310000
        N  58.55457700   28.67862000   63.31904600
        H  58.24406000   29.34112200   64.01530000
        H  58.75074600   27.72358200   63.58271300
        N  57.99510100   29.16580400   65.49994900
        H  58.19127000   28.21076600   65.76361600
        H  58.10944900   29.45834000   64.54002800
        N  58.66232100   27.03577600   64.93030500
        H  58.77667000   27.32831100   63.97038400
        H  58.35180400   27.69827800   65.62655900
        C  67.01360000   28.50850000   47.75060000
        O  68.19742500   28.57027600   47.35406300
        O  66.30231600   27.48111700   47.78315900
        H  66.55562100   29.44435000   48.10336100
        C  52.46130000   28.07600000   62.72310000
        N  52.61187700   28.46122000   61.45904600
        H  52.30136000   29.12372200   62.15530000
        H  52.80804600   27.50618200   61.72271300
        N  52.05240100   28.94840400   63.63994900
        H  52.24857000   27.99336600   63.90361600
        H  52.16674900   29.24094000   62.68002800
        N  52.71962100   26.81837600   63.07030500
        H  52.83397000   27.11091100   62.11038400
        H  52.40910400   27.48087800   63.76655900
        C  60.41080000   36.44790000   65.77150000
        N  60.56137700   36.83312000   64.50744600
        H  60.25086000   37.49562200   65.20370000
        H  60.75754600   35.87808200   64.77111300
        N  60.00190100   37.32030400   66.68834900
        H  60.19807000   36.36526600   66.95201600
        H  60.11624900   37.61284000   65.72842800
        N  60.66912100   35.19027600   66.11870500
        H  60.78347000   35.48281100   65.15878400
        H  60.35860400   35.85277800   66.81495900
        C  63.47260000   23.91410000   51.50160000
        O  64.65642500   23.97587600   51.10506300
        O  62.76131600   22.88671700   51.53415900
        H  63.01462100   24.84995000   51.85436100
        C  54.68960000   39.54520000   64.49300000
        N  54.84017700   39.93042000   63.22894600
        H  54.52966000   40.59292200   63.92520000
        H  55.03634600   38.97538200   63.49261300
        N  54.28070100   40.41760400   65.40984900
        H  54.47687000   39.46256600   65.67351600
        H  54.39504900   40.71014000   64.44992800
        N  54.94792100   38.28757600   64.84020500
        H  55.06227000   38.58011100   63.88028400
        H  54.63740400   38.95007800   65.53645900
        C  59.62790000   26.15480000   47.42090000
        O  60.81172500   26.21657600   47.02436300
        O  58.91661600   25.12741700   47.45345900
        H  59.16992100   27.09065000   47.77366100
        C  70.34110000   31.41640000   54.54500000
        O  71.52492500   31.47817600   54.14846300
        O  69.62981600   30.38901700   54.57755900
        H  69.88312100   32.35225000   54.89776100
        C  66.86940000   37.56380000   49.32380000
        O  68.05322500   37.62557600   48.92726300
        O  66.15811600   36.53641700   49.35635900
        H  66.41142100   38.49965000   49.67656100
        C  61.97710000   32.37860000   44.74950000
        O  63.16092500   32.44037600   44.35296300
        O  61.26581600   31.35121700   44.78205900
        H  61.51912100   33.31445000   45.10226100

Note: printed only print_atoms_list (this is not necessarily all atoms) 
  ------------RUNNING QM/MM MODULE------------- 
QM Module: ORCATheory
MM Module: OpenMMTheory
Charge provided from QMMMTheory object:  -2
Mult provided from QMMMTheory object:  1
QM-region Charge: -2 Mult: 1
Embedding: Electrostatic
Number of pointcharges (to QM program): 64
Number of charge coordinates: 64
Running QM/MM object with 8 cores available

-------------------------------------------------------------------
Time to calculate step (before-QMstep): 0.000 seconds, 0.0 minutes.
-------------------------------------------------------------------
  ------------RUNNING ORCA INTERFACE------------- 
Object-label: ORCA
Run-label: None
Running ORCA with 8 cores available
Moreadfile option not active
A GBW-file with same basename : orca.gbw is present
Autostart is False. ORCA will ignore any file present
Creating inputfile: orca.inp
ORCA input:
! B3LYP D3BJ def2-SVP def2/J RIJCOSX CPCM TightSCF

! Noautostart

%cpcm epsilon 4.0 end
%scf MaxIter 300 Guess PModel end
Charge: -2  Mult: 1
Pointcharge embedding is on!
 ORCA Calculation starting. 
Found warning messages in ORCA outputfile:
WARNING: The chosen methods will break translational/rotational symmetry
 WARNING: The chosen methods will break translational symmetry
 WARNING: The chosen methods will break translational symmetry
 Warning: op=0 Small HOMO/LUMO gap (   0.052) - skipping pre-diagonalization

 ORCA Calculation done. 
ORCA converged in 17 iterations
ORCA energy: -836.229696552217
  ------------ENDING ORCA-INTERFACE------------- 

---------------------------------------------------------------
Time to calculate step (ORCA run): 99.565 seconds, 1.7 minutes.
---------------------------------------------------------------

--------------------------------------------------------------
Time to calculate step (QM step): 99.565 seconds, 1.7 minutes.
--------------------------------------------------------------

----------------------------------------------------------------------
Time to calculate step (QMpcgrad prepare): 0.000 seconds, 0.0 minutes.
----------------------------------------------------------------------

--------------------------------------------------------------------------
Time to calculate step (linkatomgrad prepare): 0.000 seconds, 0.0 minutes.
--------------------------------------------------------------------------

----------------------------------------------------------------------------
Time to calculate step (QM/MM gradient prepare): 0.000 seconds, 0.0 minutes.
----------------------------------------------------------------------------
Using OpenMM theory as part of QM/MM.
Using MM on full system. Charges for QM region [0, 1, 2, 3, 4, 5, 6, 7, 8, 9, 10, 11, 12, 13, 14, 15, 16, 17, 18, 19, 20, 21, 22, 23] have been set to zero 

--------------------------------------------------------------------------------
                   Creating/updating OpenMM simulation object                   
--------------------------------------------------------------------------------

Integrator name: VerletIntegrator
Timestep: 0.001
Temperature: 300
Coupling frequency: 1
Properties: {'Threads': '1'}
Topology: <Topology; 1 chains, 1 residues, 88 atoms, 0 bonds>

----------------------------------------------------------------------------------
Time to calculate step (creating/updating simulation): 0.002 seconds, 0.0 minutes.
----------------------------------------------------------------------------------

--------------------------------------------------------------------------------
                     Running Single-point OpenMM Interface                      
--------------------------------------------------------------------------------

Number of OpenMM system constraints defined: 0

-----------------------------------------------------------------------------------
Time to calculate step (OpenMMTheory.run: const-check): 0.002 seconds, 0.0 minutes.
-----------------------------------------------------------------------------------
Updating coordinates.

------------------------------------------------------------------------
Time to calculate step (Creating pos array): 0.000 seconds, 0.0 minutes.
------------------------------------------------------------------------

---------------------------------------------------------------------------
Time to calculate step (Updating MM positions): 0.000 seconds, 0.0 minutes.
---------------------------------------------------------------------------
Calling OpenMM getState.

---------------------------------------------------------------------
Time to calculate step (OpenMM getState): 0.000 seconds, 0.0 minutes.
---------------------------------------------------------------------
OpenMM Energy: -2.5653673712837586 Eh
OpenMM Energy: -1609.7923299329088 kcal/mol

-----------------------
Ending OpenMM interface
-----------------------

----------------------------------------------------------------
Time to calculate step (OpenMM run): 0.003 seconds, 0.0 minutes.
----------------------------------------------------------------

-------------------------------------------------------------
Time to calculate step (MM step): 0.004 seconds, 0.0 minutes.
-------------------------------------------------------------

Note: You are using electrostatic embedding. This means that the QM-energy is actually the polarized QM-energy
Note: MM energy also contains the QM-MM Lennard-Jones interaction

QM energy:              -836.229696552217 
MM energy:                -2.565367371284
QM/MM energy:           -838.795063923501 

  ------------ENDING QM/MM MODULE------------- 

----------------------------------------------------------------
Time to calculate step (QM/MM run): 99.569 seconds, 1.7 minutes.
----------------------------------------------------------------
geometric called save_guess_files option option for ASHengineclass.
This option is currently unsupported in ASH. Continuing.

Convergence criteria: {'convergence_energy': 1e-05, 'convergence_grms': 0.003, 'convergence_gmax': 0.006, 'convergence_drms': 0.01, 'convergence_dmax': 0.015, 'convergence_cmax': 0.01}

Replacing coordinates in fragment.
Creating/Updating fragment attributes...
Number of Atoms in fragment: 88
Formula: H38N12C20O18
Label: CHHCCOOOCHCHCCHCHCHOHCOOCNHHNHHNHHCOOHCNHHNHHNHHCNHHNHHNHHCOOHCNHHNHHNHHCOOHCOOHCOOHCOOH
Charge: -2 Mult: 1

--------------------------------------------------------------------------------
Wrote XYZ file:  Fragment-currentgeo.xyz
Current geometry (Å) in step 1 (print_atoms_list region)
---------------------------------------------------
        C  60.02427257   34.28107008   57.00972319
        H  60.57703078   33.34044016   57.14986851
        H  60.55676666   35.02142140   56.39333134
        C  58.73162788   34.51600611   57.49623864
        C  58.04455551   35.89238974   57.09792658
        O  58.78951500   36.82541103   56.74425010
        O  56.77526131   35.98164441   57.26175270
        O  58.03648535   33.69121064   58.22407753
        C  57.47261061   32.05768056   55.90747360
        H  56.83371167   31.51842180   56.62158436
        C  58.77813038   31.81194068   55.77616663
        H  59.34486179   31.06140335   56.33851750
        C  59.60057965   32.66857293   54.95235001
        C  58.98250345   33.57671688   54.01507703
        H  59.62522965   34.05462376   53.27287050
        C  57.64850828   33.76625004   54.05902610
        H  57.15005840   34.42415626   53.34109998
        C  56.77325422   33.10573512   55.08418914
        H  56.40209995   33.90556835   55.76912013
        O  55.64531933   32.49549643   54.41675858
        H  55.05413293   32.21262269   55.12401771
        C  61.09829122   32.27218612   54.85790456
        O  61.63978956   31.84125258   55.90033071
        O  61.43496735   32.37143850   53.68495357
        C  58.40400000   28.29340000   64.58310000
        N  58.55457700   28.67862000   63.31904600
        H  58.24406000   29.34112200   64.01530000
        H  58.75074600   27.72358200   63.58271300
        N  57.99510100   29.16580400   65.49994900
        H  58.19127000   28.21076600   65.76361600
        H  58.10944900   29.45834000   64.54002800
        N  58.66232100   27.03577600   64.93030500
        H  58.77667000   27.32831100   63.97038400
        H  58.35180400   27.69827800   65.62655900
        C  67.01360000   28.50850000   47.75060000
        O  68.19742500   28.57027600   47.35406300
        O  66.30231600   27.48111700   47.78315900
        H  66.55562100   29.44435000   48.10336100
        C  52.46130000   28.07600000   62.72310000
        N  52.61187700   28.46122000   61.45904600
        H  52.30136000   29.12372200   62.15530000
        H  52.80804600   27.50618200   61.72271300
        N  52.05240100   28.94840400   63.63994900
        H  52.24857000   27.99336600   63.90361600
        H  52.16674900   29.24094000   62.68002800
        N  52.71962100   26.81837600   63.07030500
        H  52.83397000   27.11091100   62.11038400
        H  52.40910400   27.48087800   63.76655900
        C  60.41080000   36.44790000   65.77150000
        N  60.56137700   36.83312000   64.50744600
        H  60.25086000   37.49562200   65.20370000
        H  60.75754600   35.87808200   64.77111300
        N  60.00190100   37.32030400   66.68834900
        H  60.19807000   36.36526600   66.95201600
        H  60.11624900   37.61284000   65.72842800
        N  60.66912100   35.19027600   66.11870500
        H  60.78347000   35.48281100   65.15878400
        H  60.35860400   35.85277800   66.81495900
        C  63.47260000   23.91410000   51.50160000
        O  64.65642500   23.97587600   51.10506300
        O  62.76131600   22.88671700   51.53415900
        H  63.01462100   24.84995000   51.85436100
        C  54.68960000   39.54520000   64.49300000
        N  54.84017700   39.93042000   63.22894600
        H  54.52966000   40.59292200   63.92520000
        H  55.03634600   38.97538200   63.49261300
        N  54.28070100   40.41760400   65.40984900
        H  54.47687000   39.46256600   65.67351600
        H  54.39504900   40.71014000   64.44992800
        N  54.94792100   38.28757600   64.84020500
        H  55.06227000   38.58011100   63.88028400
        H  54.63740400   38.95007800   65.53645900
        C  59.62790000   26.15480000   47.42090000
        O  60.81172500   26.21657600   47.02436300
        O  58.91661600   25.12741700   47.45345900
        H  59.16992100   27.09065000   47.77366100
        C  70.34110000   31.41640000   54.54500000
        O  71.52492500   31.47817600   54.14846300
        O  69.62981600   30.38901700   54.57755900
        H  69.88312100   32.35225000   54.89776100
        C  66.86940000   37.56380000   49.32380000
        O  68.05322500   37.62557600   48.92726300
        O  66.15811600   36.53641700   49.35635900
        H  66.41142100   38.49965000   49.67656100
        C  61.97710000   32.37860000   44.74950000
        O  63.16092500   32.44037600   44.35296300
        O  61.26581600   31.35121700   44.78205900
        H  61.51912100   33.31445000   45.10226100

Note: printed only print_atoms_list (this is not necessarily all atoms) 
  ------------RUNNING QM/MM MODULE------------- 
QM Module: ORCATheory
MM Module: OpenMMTheory
Charge provided from QMMMTheory object:  -2
Mult provided from QMMMTheory object:  1
QM-region Charge: -2 Mult: 1
Embedding: Electrostatic
Number of pointcharges (to QM program): 64
Number of charge coordinates: 64
Running QM/MM object with 8 cores available

-------------------------------------------------------------------
Time to calculate step (before-QMstep): 0.000 seconds, 0.0 minutes.
-------------------------------------------------------------------
  ------------RUNNING ORCA INTERFACE------------- 
Object-label: ORCA
Run-label: None
Running ORCA with 8 cores available
Moreadfile option not active
A GBW-file with same basename : orca.gbw is present
Autostart is False. ORCA will ignore any file present
Creating inputfile: orca.inp
ORCA input:
! B3LYP D3BJ def2-SVP def2/J RIJCOSX CPCM TightSCF

! Noautostart

%cpcm epsilon 4.0 end
%scf MaxIter 300 Guess PModel end
Charge: -2  Mult: 1
Pointcharge embedding is on!
 ORCA Calculation starting. 
Found warning messages in ORCA outputfile:
WARNING: The chosen methods will break translational/rotational symmetry
 WARNING: The chosen methods will break translational symmetry
 WARNING: The chosen methods will break translational symmetry
 Warning: op=0 Small HOMO/LUMO gap (   0.027) - skipping pre-diagonalization

 ORCA Calculation done. 
ORCA converged in 15 iterations
ORCA energy: -836.238891637833
  ------------ENDING ORCA-INTERFACE------------- 

---------------------------------------------------------------
Time to calculate step (ORCA run): 90.422 seconds, 1.5 minutes.
---------------------------------------------------------------

--------------------------------------------------------------
Time to calculate step (QM step): 90.422 seconds, 1.5 minutes.
--------------------------------------------------------------

----------------------------------------------------------------------
Time to calculate step (QMpcgrad prepare): 0.000 seconds, 0.0 minutes.
----------------------------------------------------------------------

--------------------------------------------------------------------------
Time to calculate step (linkatomgrad prepare): 0.000 seconds, 0.0 minutes.
--------------------------------------------------------------------------

----------------------------------------------------------------------------
Time to calculate step (QM/MM gradient prepare): 0.000 seconds, 0.0 minutes.
----------------------------------------------------------------------------
Using OpenMM theory as part of QM/MM.
Using MM on full system. Charges for QM region [0, 1, 2, 3, 4, 5, 6, 7, 8, 9, 10, 11, 12, 13, 14, 15, 16, 17, 18, 19, 20, 21, 22, 23] have been set to zero 

--------------------------------------------------------------------------------
                   Creating/updating OpenMM simulation object                   
--------------------------------------------------------------------------------

Integrator name: VerletIntegrator
Timestep: 0.001
Temperature: 300
Coupling frequency: 1
Properties: {'Threads': '1'}
Topology: <Topology; 1 chains, 1 residues, 88 atoms, 0 bonds>

----------------------------------------------------------------------------------
Time to calculate step (creating/updating simulation): 0.002 seconds, 0.0 minutes.
----------------------------------------------------------------------------------

--------------------------------------------------------------------------------
                     Running Single-point OpenMM Interface                      
--------------------------------------------------------------------------------

Number of OpenMM system constraints defined: 0

-----------------------------------------------------------------------------------
Time to calculate step (OpenMMTheory.run: const-check): 0.002 seconds, 0.0 minutes.
-----------------------------------------------------------------------------------
Updating coordinates.

------------------------------------------------------------------------
Time to calculate step (Creating pos array): 0.000 seconds, 0.0 minutes.
------------------------------------------------------------------------

---------------------------------------------------------------------------
Time to calculate step (Updating MM positions): 0.000 seconds, 0.0 minutes.
---------------------------------------------------------------------------
Calling OpenMM getState.

---------------------------------------------------------------------
Time to calculate step (OpenMM getState): 0.001 seconds, 0.0 minutes.
---------------------------------------------------------------------
OpenMM Energy: -2.565380542389867 Eh
OpenMM Energy: -1609.8005949267756 kcal/mol

-----------------------
Ending OpenMM interface
-----------------------

----------------------------------------------------------------
Time to calculate step (OpenMM run): 0.003 seconds, 0.0 minutes.
----------------------------------------------------------------

-------------------------------------------------------------
Time to calculate step (MM step): 0.003 seconds, 0.0 minutes.
-------------------------------------------------------------

Note: You are using electrostatic embedding. This means that the QM-energy is actually the polarized QM-energy
Note: MM energy also contains the QM-MM Lennard-Jones interaction

QM energy:              -836.238891637833 
MM energy:                -2.565380542390
QM/MM energy:           -838.804272180223 

  ------------ENDING QM/MM MODULE------------- 

----------------------------------------------------------------
Time to calculate step (QM/MM run): 90.425 seconds, 1.5 minutes.
----------------------------------------------------------------
geometric called save_guess_files option option for ASHengineclass.
This option is currently unsupported in ASH. Continuing.

Convergence criteria: {'convergence_energy': 1e-05, 'convergence_grms': 0.003, 'convergence_gmax': 0.006, 'convergence_drms': 0.01, 'convergence_dmax': 0.015, 'convergence_cmax': 0.01}

Replacing coordinates in fragment.
Creating/Updating fragment attributes...
Number of Atoms in fragment: 88
Formula: H38N12C20O18
Label: CHHCCOOOCHCHCCHCHCHOHCOOCNHHNHHNHHCOOHCNHHNHHNHHCNHHNHHNHHCOOHCNHHNHHNHHCOOHCOOHCOOHCOOH
Charge: -2 Mult: 1

--------------------------------------------------------------------------------
Wrote XYZ file:  Fragment-currentgeo.xyz
Current geometry (Å) in step 2 (print_atoms_list region)
---------------------------------------------------
        C  59.93113818   34.29250581   57.09071529
        H  60.48411889   33.34855677   57.18125825
        H  60.38579012   35.00347261   56.38030135
        C  58.68879282   34.55711812   57.71293282
        C  57.98918575   35.94735762   57.33950532
        O  58.71491537   36.86327703   56.90805761
        O  56.71964990   36.02740625   57.51910990
        O  58.07172844   33.80443964   58.57734528
        C  57.40902230   31.97329779   55.83883126
        H  56.77792820   31.45353650   56.57487194
        C  58.73046597   31.79561718   55.78963277
        H  59.29707549   31.03037089   56.32894721
        C  59.58546864   32.69859462   55.00405865
        C  58.98138713   33.57585746   54.04156991
        H  59.62943023   34.05020147   53.29870893
        C  57.63990934   33.75659489   54.06601349
        H  57.14265003   34.41750474   53.35006645
        C  56.75853773   33.08713791   55.07632183
        H  56.43746047   33.87287278   55.80657808
        O  55.58236160   32.56969617   54.40392048
        H  55.03463578   32.21613616   55.11783918
        C  61.09312281   32.31966384   54.99553214
        O  61.60309754   31.94344665   56.06893008
        O  61.47567917   32.37200000   53.82583330
        C  58.40400000   28.29340000   64.58310000
        N  58.55457700   28.67862000   63.31904600
        H  58.24406000   29.34112200   64.01530000
        H  58.75074600   27.72358200   63.58271300
        N  57.99510100   29.16580400   65.49994900
        H  58.19127000   28.21076600   65.76361600
        H  58.10944900   29.45834000   64.54002800
        N  58.66232100   27.03577600   64.93030500
        H  58.77667000   27.32831100   63.97038400
        H  58.35180400   27.69827800   65.62655900
        C  67.01360000   28.50850000   47.75060000
        O  68.19742500   28.57027600   47.35406300
        O  66.30231600   27.48111700   47.78315900
        H  66.55562100   29.44435000   48.10336100
        C  52.46130000   28.07600000   62.72310000
        N  52.61187700   28.46122000   61.45904600
        H  52.30136000   29.12372200   62.15530000
        H  52.80804600   27.50618200   61.72271300
        N  52.05240100   28.94840400   63.63994900
        H  52.24857000   27.99336600   63.90361600
        H  52.16674900   29.24094000   62.68002800
        N  52.71962100   26.81837600   63.07030500
        H  52.83397000   27.11091100   62.11038400
        H  52.40910400   27.48087800   63.76655900
        C  60.41080000   36.44790000   65.77150000
        N  60.56137700   36.83312000   64.50744600
        H  60.25086000   37.49562200   65.20370000
        H  60.75754600   35.87808200   64.77111300
        N  60.00190100   37.32030400   66.68834900
        H  60.19807000   36.36526600   66.95201600
        H  60.11624900   37.61284000   65.72842800
        N  60.66912100   35.19027600   66.11870500
        H  60.78347000   35.48281100   65.15878400
        H  60.35860400   35.85277800   66.81495900
        C  63.47260000   23.91410000   51.50160000
        O  64.65642500   23.97587600   51.10506300
        O  62.76131600   22.88671700   51.53415900
        H  63.01462100   24.84995000   51.85436100
        C  54.68960000   39.54520000   64.49300000
        N  54.84017700   39.93042000   63.22894600
        H  54.52966000   40.59292200   63.92520000
        H  55.03634600   38.97538200   63.49261300
        N  54.28070100   40.41760400   65.40984900
        H  54.47687000   39.46256600   65.67351600
        H  54.39504900   40.71014000   64.44992800
        N  54.94792100   38.28757600   64.84020500
        H  55.06227000   38.58011100   63.88028400
        H  54.63740400   38.95007800   65.53645900
        C  59.62790000   26.15480000   47.42090000
        O  60.81172500   26.21657600   47.02436300
        O  58.91661600   25.12741700   47.45345900
        H  59.16992100   27.09065000   47.77366100
        C  70.34110000   31.41640000   54.54500000
        O  71.52492500   31.47817600   54.14846300
        O  69.62981600   30.38901700   54.57755900
        H  69.88312100   32.35225000   54.89776100
        C  66.86940000   37.56380000   49.32380000
        O  68.05322500   37.62557600   48.92726300
        O  66.15811600   36.53641700   49.35635900
        H  66.41142100   38.49965000   49.67656100
        C  61.97710000   32.37860000   44.74950000
        O  63.16092500   32.44037600   44.35296300
        O  61.26581600   31.35121700   44.78205900
        H  61.51912100   33.31445000   45.10226100

Note: printed only print_atoms_list (this is not necessarily all atoms) 
  ------------RUNNING QM/MM MODULE------------- 
QM Module: ORCATheory
MM Module: OpenMMTheory
Charge provided from QMMMTheory object:  -2
Mult provided from QMMMTheory object:  1
QM-region Charge: -2 Mult: 1
Embedding: Electrostatic
Number of pointcharges (to QM program): 64
Number of charge coordinates: 64
Running QM/MM object with 8 cores available

-------------------------------------------------------------------
Time to calculate step (before-QMstep): 0.000 seconds, 0.0 minutes.
-------------------------------------------------------------------
  ------------RUNNING ORCA INTERFACE------------- 
Object-label: ORCA
Run-label: None
Running ORCA with 8 cores available
Moreadfile option not active
A GBW-file with same basename : orca.gbw is present
Autostart is False. ORCA will ignore any file present
Creating inputfile: orca.inp
ORCA input:
! B3LYP D3BJ def2-SVP def2/J RIJCOSX CPCM TightSCF

! Noautostart

%cpcm epsilon 4.0 end
%scf MaxIter 300 Guess PModel end
Charge: -2  Mult: 1
Pointcharge embedding is on!
 ORCA Calculation starting. 
Found warning messages in ORCA outputfile:
WARNING: The chosen methods will break translational/rotational symmetry
 WARNING: The chosen methods will break translational symmetry
 WARNING: The chosen methods will break translational symmetry
 Warning: op=0 Small HOMO/LUMO gap (   0.013) - skipping pre-diagonalization

 ORCA Calculation done. 
ORCA converged in 17 iterations
ORCA energy: -836.248821656457
  ------------ENDING ORCA-INTERFACE------------- 

---------------------------------------------------------------
Time to calculate step (ORCA run): 91.613 seconds, 1.5 minutes.
---------------------------------------------------------------

--------------------------------------------------------------
Time to calculate step (QM step): 91.613 seconds, 1.5 minutes.
--------------------------------------------------------------

----------------------------------------------------------------------
Time to calculate step (QMpcgrad prepare): 0.000 seconds, 0.0 minutes.
----------------------------------------------------------------------

--------------------------------------------------------------------------
Time to calculate step (linkatomgrad prepare): 0.000 seconds, 0.0 minutes.
--------------------------------------------------------------------------

----------------------------------------------------------------------------
Time to calculate step (QM/MM gradient prepare): 0.000 seconds, 0.0 minutes.
----------------------------------------------------------------------------
Using OpenMM theory as part of QM/MM.
Using MM on full system. Charges for QM region [0, 1, 2, 3, 4, 5, 6, 7, 8, 9, 10, 11, 12, 13, 14, 15, 16, 17, 18, 19, 20, 21, 22, 23] have been set to zero 

--------------------------------------------------------------------------------
                   Creating/updating OpenMM simulation object                   
--------------------------------------------------------------------------------

Integrator name: VerletIntegrator
Timestep: 0.001
Temperature: 300
Coupling frequency: 1
Properties: {'Threads': '1'}
Topology: <Topology; 1 chains, 1 residues, 88 atoms, 0 bonds>

----------------------------------------------------------------------------------
Time to calculate step (creating/updating simulation): 0.003 seconds, 0.0 minutes.
----------------------------------------------------------------------------------

--------------------------------------------------------------------------------
                     Running Single-point OpenMM Interface                      
--------------------------------------------------------------------------------

Number of OpenMM system constraints defined: 0

-----------------------------------------------------------------------------------
Time to calculate step (OpenMMTheory.run: const-check): 0.003 seconds, 0.0 minutes.
-----------------------------------------------------------------------------------
Updating coordinates.

------------------------------------------------------------------------
Time to calculate step (Creating pos array): 0.000 seconds, 0.0 minutes.
------------------------------------------------------------------------

---------------------------------------------------------------------------
Time to calculate step (Updating MM positions): 0.000 seconds, 0.0 minutes.
---------------------------------------------------------------------------
Calling OpenMM getState.

---------------------------------------------------------------------
Time to calculate step (OpenMM getState): 0.001 seconds, 0.0 minutes.
---------------------------------------------------------------------
OpenMM Energy: -2.56540079184678 Eh
OpenMM Energy: -1609.8133016528332 kcal/mol

-----------------------
Ending OpenMM interface
-----------------------

----------------------------------------------------------------
Time to calculate step (OpenMM run): 0.004 seconds, 0.0 minutes.
----------------------------------------------------------------

-------------------------------------------------------------
Time to calculate step (MM step): 0.005 seconds, 0.0 minutes.
-------------------------------------------------------------

Note: You are using electrostatic embedding. This means that the QM-energy is actually the polarized QM-energy
Note: MM energy also contains the QM-MM Lennard-Jones interaction

QM energy:              -836.248821656457 
MM energy:                -2.565400791847
QM/MM energy:           -838.814222448304 

  ------------ENDING QM/MM MODULE------------- 

----------------------------------------------------------------
Time to calculate step (QM/MM run): 91.618 seconds, 1.5 minutes.
----------------------------------------------------------------
geometric called save_guess_files option option for ASHengineclass.
This option is currently unsupported in ASH. Continuing.
geometric called clearCalcs option for ASHengineclass.
This option is currently unsupported in ASH. Continuing.

Convergence criteria: {'convergence_energy': 1e-05, 'convergence_grms': 0.003, 'convergence_gmax': 0.006, 'convergence_drms': 0.01, 'convergence_dmax': 0.015, 'convergence_cmax': 0.01}

Replacing coordinates in fragment.
Creating/Updating fragment attributes...
Number of Atoms in fragment: 88
Formula: H38N12C20O18
Label: CHHCCOOOCHCHCCHCHCHOHCOOCNHHNHHNHHCOOHCNHHNHHNHHCNHHNHHNHHCOOHCNHHNHHNHHCOOHCOOHCOOHCOOH
Charge: -2 Mult: 1

--------------------------------------------------------------------------------
Wrote XYZ file:  Fragment-currentgeo.xyz
Current geometry (Å) in step 3 (print_atoms_list region)
---------------------------------------------------
        C  59.73470476   34.31554523   57.24887083
        H  60.30450966   33.38849454   57.31847074
        H  60.05390720   34.98510880   56.42661247
        C  58.62002021   34.64412968   58.08873664
        C  57.88086185   36.01982974   57.74266274
        O  58.55877917   36.94058885   57.23975273
        O  56.63081485   36.07950321   58.02506721
        O  58.16218226   33.99197520   59.12345510
        C  57.31656312   31.85939472   55.73413166
        H  56.69389985   31.32028025   56.46369169
        C  58.65978901   31.77349889   55.81845706
        H  59.19268164   30.97837204   56.34214690
        C  59.55683944   32.74240615   55.11639362
        C  58.97575289   33.57398801   54.10476778
        H  59.63301383   34.04734954   53.36575796
        C  57.62319630   33.73213201   54.07755867
        H  57.13460242   34.39546302   53.35860130
        C  56.72339520   33.05988681   55.06425461
        H  56.50739808   33.82081810   55.86971355
        O  55.46666109   32.72515544   54.40774075
        H  54.98219336   32.22243400   55.08782133
        C  61.06513387   32.40408771   55.24039432
        O  61.54600557   32.11539399   56.34938284
        O  61.53923644   32.36254536   54.08810804
        C  58.40400000   28.29340000   64.58310000
        N  58.55457700   28.67862000   63.31904600
        H  58.24406000   29.34112200   64.01530000
        H  58.75074600   27.72358200   63.58271300
        N  57.99510100   29.16580400   65.49994900
        H  58.19127000   28.21076600   65.76361600
        H  58.10944900   29.45834000   64.54002800
        N  58.66232100   27.03577600   64.93030500
        H  58.77667000   27.32831100   63.97038400
        H  58.35180400   27.69827800   65.62655900
        C  67.01360000   28.50850000   47.75060000
        O  68.19742500   28.57027600   47.35406300
        O  66.30231600   27.48111700   47.78315900
        H  66.55562100   29.44435000   48.10336100
        C  52.46130000   28.07600000   62.72310000
        N  52.61187700   28.46122000   61.45904600
        H  52.30136000   29.12372200   62.15530000
        H  52.80804600   27.50618200   61.72271300
        N  52.05240100   28.94840400   63.63994900
        H  52.24857000   27.99336600   63.90361600
        H  52.16674900   29.24094000   62.68002800
        N  52.71962100   26.81837600   63.07030500
        H  52.83397000   27.11091100   62.11038400
        H  52.40910400   27.48087800   63.76655900
        C  60.41080000   36.44790000   65.77150000
        N  60.56137700   36.83312000   64.50744600
        H  60.25086000   37.49562200   65.20370000
        H  60.75754600   35.87808200   64.77111300
        N  60.00190100   37.32030400   66.68834900
        H  60.19807000   36.36526600   66.95201600
        H  60.11624900   37.61284000   65.72842800
        N  60.66912100   35.19027600   66.11870500
        H  60.78347000   35.48281100   65.15878400
        H  60.35860400   35.85277800   66.81495900
        C  63.47260000   23.91410000   51.50160000
        O  64.65642500   23.97587600   51.10506300
        O  62.76131600   22.88671700   51.53415900
        H  63.01462100   24.84995000   51.85436100
        C  54.68960000   39.54520000   64.49300000
        N  54.84017700   39.93042000   63.22894600
        H  54.52966000   40.59292200   63.92520000
        H  55.03634600   38.97538200   63.49261300
        N  54.28070100   40.41760400   65.40984900
        H  54.47687000   39.46256600   65.67351600
        H  54.39504900   40.71014000   64.44992800
        N  54.94792100   38.28757600   64.84020500
        H  55.06227000   38.58011100   63.88028400
        H  54.63740400   38.95007800   65.53645900
        C  59.62790000   26.15480000   47.42090000
        O  60.81172500   26.21657600   47.02436300
        O  58.91661600   25.12741700   47.45345900
        H  59.16992100   27.09065000   47.77366100
        C  70.34110000   31.41640000   54.54500000
        O  71.52492500   31.47817600   54.14846300
        O  69.62981600   30.38901700   54.57755900
        H  69.88312100   32.35225000   54.89776100
        C  66.86940000   37.56380000   49.32380000
        O  68.05322500   37.62557600   48.92726300
        O  66.15811600   36.53641700   49.35635900
        H  66.41142100   38.49965000   49.67656100
        C  61.97710000   32.37860000   44.74950000
        O  63.16092500   32.44037600   44.35296300
        O  61.26581600   31.35121700   44.78205900
        H  61.51912100   33.31445000   45.10226100

Note: printed only print_atoms_list (this is not necessarily all atoms) 
  ------------RUNNING QM/MM MODULE------------- 
QM Module: ORCATheory
MM Module: OpenMMTheory
Charge provided from QMMMTheory object:  -2
Mult provided from QMMMTheory object:  1
QM-region Charge: -2 Mult: 1
Embedding: Electrostatic
Number of pointcharges (to QM program): 64
Number of charge coordinates: 64
Running QM/MM object with 8 cores available

-------------------------------------------------------------------
Time to calculate step (before-QMstep): 0.000 seconds, 0.0 minutes.
-------------------------------------------------------------------
  ------------RUNNING ORCA INTERFACE------------- 
Object-label: ORCA
Run-label: None
Running ORCA with 8 cores available
Moreadfile option not active
A GBW-file with same basename : orca.gbw is present
Autostart is False. ORCA will ignore any file present
Creating inputfile: orca.inp
ORCA input:
! B3LYP D3BJ def2-SVP def2/J RIJCOSX CPCM TightSCF

! Noautostart

%cpcm epsilon 4.0 end
%scf MaxIter 300 Guess PModel end
Charge: -2  Mult: 1
Pointcharge embedding is on!
 ORCA Calculation starting. 
Found warning messages in ORCA outputfile:
WARNING: The chosen methods will break translational/rotational symmetry
 WARNING: The chosen methods will break translational symmetry
 WARNING: The chosen methods will break translational symmetry
 Warning: op=0 Small HOMO/LUMO gap (   0.004) - skipping pre-diagonalization

 ORCA Calculation done. 
ORCA converged in 17 iterations
ORCA energy: -836.265249524336
  ------------ENDING ORCA-INTERFACE------------- 

---------------------------------------------------------------
Time to calculate step (ORCA run): 96.433 seconds, 1.6 minutes.
---------------------------------------------------------------

--------------------------------------------------------------
Time to calculate step (QM step): 96.433 seconds, 1.6 minutes.
--------------------------------------------------------------

----------------------------------------------------------------------
Time to calculate step (QMpcgrad prepare): 0.000 seconds, 0.0 minutes.
----------------------------------------------------------------------

--------------------------------------------------------------------------
Time to calculate step (linkatomgrad prepare): 0.000 seconds, 0.0 minutes.
--------------------------------------------------------------------------

----------------------------------------------------------------------------
Time to calculate step (QM/MM gradient prepare): 0.000 seconds, 0.0 minutes.
----------------------------------------------------------------------------
Using OpenMM theory as part of QM/MM.
Using MM on full system. Charges for QM region [0, 1, 2, 3, 4, 5, 6, 7, 8, 9, 10, 11, 12, 13, 14, 15, 16, 17, 18, 19, 20, 21, 22, 23] have been set to zero 

--------------------------------------------------------------------------------
                   Creating/updating OpenMM simulation object                   
--------------------------------------------------------------------------------

Integrator name: VerletIntegrator
Timestep: 0.001
Temperature: 300
Coupling frequency: 1
Properties: {'Threads': '1'}
Topology: <Topology; 1 chains, 1 residues, 88 atoms, 0 bonds>

----------------------------------------------------------------------------------
Time to calculate step (creating/updating simulation): 0.002 seconds, 0.0 minutes.
----------------------------------------------------------------------------------

--------------------------------------------------------------------------------
                     Running Single-point OpenMM Interface                      
--------------------------------------------------------------------------------

Number of OpenMM system constraints defined: 0

-----------------------------------------------------------------------------------
Time to calculate step (OpenMMTheory.run: const-check): 0.002 seconds, 0.0 minutes.
-----------------------------------------------------------------------------------
Updating coordinates.

------------------------------------------------------------------------
Time to calculate step (Creating pos array): 0.000 seconds, 0.0 minutes.
------------------------------------------------------------------------

---------------------------------------------------------------------------
Time to calculate step (Updating MM positions): 0.000 seconds, 0.0 minutes.
---------------------------------------------------------------------------
Calling OpenMM getState.

---------------------------------------------------------------------
Time to calculate step (OpenMM getState): 0.001 seconds, 0.0 minutes.
---------------------------------------------------------------------
OpenMM Energy: -2.5654482192219543 Eh
OpenMM Energy: -1609.8430627800851 kcal/mol

-----------------------
Ending OpenMM interface
-----------------------

----------------------------------------------------------------
Time to calculate step (OpenMM run): 0.003 seconds, 0.0 minutes.
----------------------------------------------------------------

-------------------------------------------------------------
Time to calculate step (MM step): 0.003 seconds, 0.0 minutes.
-------------------------------------------------------------

Note: You are using electrostatic embedding. This means that the QM-energy is actually the polarized QM-energy
Note: MM energy also contains the QM-MM Lennard-Jones interaction

QM energy:              -836.265249524336 
MM energy:                -2.565448219222
QM/MM energy:           -838.830697743558 

  ------------ENDING QM/MM MODULE------------- 

----------------------------------------------------------------
Time to calculate step (QM/MM run): 96.437 seconds, 1.6 minutes.
----------------------------------------------------------------
geometric called save_guess_files option option for ASHengineclass.
This option is currently unsupported in ASH. Continuing.

Convergence criteria: {'convergence_energy': 1e-05, 'convergence_grms': 0.003, 'convergence_gmax': 0.006, 'convergence_drms': 0.01, 'convergence_dmax': 0.015, 'convergence_cmax': 0.01}

Replacing coordinates in fragment.
Creating/Updating fragment attributes...
Number of Atoms in fragment: 88
Formula: H38N12C20O18
Label: CHHCCOOOCHCHCCHCHCHOHCOOCNHHNHHNHHCOOHCNHHNHHNHHCNHHNHHNHHCOOHCNHHNHHNHHCOOHCOOHCOOHCOOH
Charge: -2 Mult: 1

--------------------------------------------------------------------------------
Wrote XYZ file:  Fragment-currentgeo.xyz
Current geometry (Å) in step 4 (print_atoms_list region)
---------------------------------------------------
        C  59.37422188   34.36682906   57.56133199
        H  60.01279254   33.49423064   57.64102220
        H  59.50064056   34.97745804   56.63200108
        C  58.50476282   34.79613243   58.65107664
        C  57.69540226   36.13131953   58.41822847
        O  58.27703166   37.06860153   57.80826601
        O  56.49347676   36.14062938   58.86350814
        O  58.34650462   34.26553983   59.85057556
        C  57.21054743   31.73731538   55.60449604
        H  56.56862751   31.10559299   56.24191796
        C  58.55832133   31.74065807   55.87039635
        H  59.01622686   30.89770388   56.38567392
        C  59.50115309   32.77631835   55.30757154
        C  58.96324590   33.56461966   54.22943808
        H  59.64114710   34.04349667   53.50740318
        C  57.59959604   33.68783621   54.09985931
        H  57.13377552   34.34554370   53.36069492
        C  56.66388309   33.02571000   55.05421986
        H  56.62353568   33.72998082   55.95940910
        O  55.32122790   32.96132231   54.47548361
        H  54.88300733   32.24523586   55.00118599
        C  60.99257830   32.52021220   55.60487050
        O  61.42070558   32.38309372   56.77129494
        O  61.61114996   32.34529704   54.50341094
        C  58.40400000   28.29340000   64.58310000
        N  58.55457700   28.67862000   63.31904600
        H  58.24406000   29.34112200   64.01530000
        H  58.75074600   27.72358200   63.58271300
        N  57.99510100   29.16580400   65.49994900
        H  58.19127000   28.21076600   65.76361600
        H  58.10944900   29.45834000   64.54002800
        N  58.66232100   27.03577600   64.93030500
        H  58.77667000   27.32831100   63.97038400
        H  58.35180400   27.69827800   65.62655900
        C  67.01360000   28.50850000   47.75060000
        O  68.19742500   28.57027600   47.35406300
        O  66.30231600   27.48111700   47.78315900
        H  66.55562100   29.44435000   48.10336100
        C  52.46130000   28.07600000   62.72310000
        N  52.61187700   28.46122000   61.45904600
        H  52.30136000   29.12372200   62.15530000
        H  52.80804600   27.50618200   61.72271300
        N  52.05240100   28.94840400   63.63994900
        H  52.24857000   27.99336600   63.90361600
        H  52.16674900   29.24094000   62.68002800
        N  52.71962100   26.81837600   63.07030500
        H  52.83397000   27.11091100   62.11038400
        H  52.40910400   27.48087800   63.76655900
        C  60.41080000   36.44790000   65.77150000
        N  60.56137700   36.83312000   64.50744600
        H  60.25086000   37.49562200   65.20370000
        H  60.75754600   35.87808200   64.77111300
        N  60.00190100   37.32030400   66.68834900
        H  60.19807000   36.36526600   66.95201600
        H  60.11624900   37.61284000   65.72842800
        N  60.66912100   35.19027600   66.11870500
        H  60.78347000   35.48281100   65.15878400
        H  60.35860400   35.85277800   66.81495900
        C  63.47260000   23.91410000   51.50160000
        O  64.65642500   23.97587600   51.10506300
        O  62.76131600   22.88671700   51.53415900
        H  63.01462100   24.84995000   51.85436100
        C  54.68960000   39.54520000   64.49300000
        N  54.84017700   39.93042000   63.22894600
        H  54.52966000   40.59292200   63.92520000
        H  55.03634600   38.97538200   63.49261300
        N  54.28070100   40.41760400   65.40984900
        H  54.47687000   39.46256600   65.67351600
        H  54.39504900   40.71014000   64.44992800
        N  54.94792100   38.28757600   64.84020500
        H  55.06227000   38.58011100   63.88028400
        H  54.63740400   38.95007800   65.53645900
        C  59.62790000   26.15480000   47.42090000
        O  60.81172500   26.21657600   47.02436300
        O  58.91661600   25.12741700   47.45345900
        H  59.16992100   27.09065000   47.77366100
        C  70.34110000   31.41640000   54.54500000
        O  71.52492500   31.47817600   54.14846300
        O  69.62981600   30.38901700   54.57755900
        H  69.88312100   32.35225000   54.89776100
        C  66.86940000   37.56380000   49.32380000
        O  68.05322500   37.62557600   48.92726300
        O  66.15811600   36.53641700   49.35635900
        H  66.41142100   38.49965000   49.67656100
        C  61.97710000   32.37860000   44.74950000
        O  63.16092500   32.44037600   44.35296300
        O  61.26581600   31.35121700   44.78205900
        H  61.51912100   33.31445000   45.10226100

Note: printed only print_atoms_list (this is not necessarily all atoms) 
  ------------RUNNING QM/MM MODULE------------- 
QM Module: ORCATheory
MM Module: OpenMMTheory
Charge provided from QMMMTheory object:  -2
Mult provided from QMMMTheory object:  1
QM-region Charge: -2 Mult: 1
Embedding: Electrostatic
Number of pointcharges (to QM program): 64
Number of charge coordinates: 64
Running QM/MM object with 8 cores available

-------------------------------------------------------------------
Time to calculate step (before-QMstep): 0.000 seconds, 0.0 minutes.
-------------------------------------------------------------------
  ------------RUNNING ORCA INTERFACE------------- 
Object-label: ORCA
Run-label: None
Running ORCA with 8 cores available
Moreadfile option not active
A GBW-file with same basename : orca.gbw is present
Autostart is False. ORCA will ignore any file present
Creating inputfile: orca.inp
ORCA input:
! B3LYP D3BJ def2-SVP def2/J RIJCOSX CPCM TightSCF

! Noautostart

%cpcm epsilon 4.0 end
%scf MaxIter 300 Guess PModel end
Charge: -2  Mult: 1
Pointcharge embedding is on!
 ORCA Calculation starting. 
Found warning messages in ORCA outputfile:
WARNING: The chosen methods will break translational/rotational symmetry
 WARNING: The chosen methods will break translational symmetry
 WARNING: The chosen methods will break translational symmetry
 Warning: op=0 Small HOMO/LUMO gap (  -0.001) - skipping pre-diagonalization

 ORCA Calculation done. 
ORCA converged in 13 iterations
ORCA energy: -836.291677939259
  ------------ENDING ORCA-INTERFACE------------- 

---------------------------------------------------------------
Time to calculate step (ORCA run): 83.045 seconds, 1.4 minutes.
---------------------------------------------------------------

--------------------------------------------------------------
Time to calculate step (QM step): 83.045 seconds, 1.4 minutes.
--------------------------------------------------------------

----------------------------------------------------------------------
Time to calculate step (QMpcgrad prepare): 0.000 seconds, 0.0 minutes.
----------------------------------------------------------------------

--------------------------------------------------------------------------
Time to calculate step (linkatomgrad prepare): 0.000 seconds, 0.0 minutes.
--------------------------------------------------------------------------

----------------------------------------------------------------------------
Time to calculate step (QM/MM gradient prepare): 0.000 seconds, 0.0 minutes.
----------------------------------------------------------------------------
Using OpenMM theory as part of QM/MM.
Using MM on full system. Charges for QM region [0, 1, 2, 3, 4, 5, 6, 7, 8, 9, 10, 11, 12, 13, 14, 15, 16, 17, 18, 19, 20, 21, 22, 23] have been set to zero 

--------------------------------------------------------------------------------
                   Creating/updating OpenMM simulation object                   
--------------------------------------------------------------------------------

Integrator name: VerletIntegrator
Timestep: 0.001
Temperature: 300
Coupling frequency: 1
Properties: {'Threads': '1'}
Topology: <Topology; 1 chains, 1 residues, 88 atoms, 0 bonds>

----------------------------------------------------------------------------------
Time to calculate step (creating/updating simulation): 0.002 seconds, 0.0 minutes.
----------------------------------------------------------------------------------

--------------------------------------------------------------------------------
                     Running Single-point OpenMM Interface                      
--------------------------------------------------------------------------------

Number of OpenMM system constraints defined: 0

-----------------------------------------------------------------------------------
Time to calculate step (OpenMMTheory.run: const-check): 0.002 seconds, 0.0 minutes.
-----------------------------------------------------------------------------------
Updating coordinates.

------------------------------------------------------------------------
Time to calculate step (Creating pos array): 0.000 seconds, 0.0 minutes.
------------------------------------------------------------------------

---------------------------------------------------------------------------
Time to calculate step (Updating MM positions): 0.000 seconds, 0.0 minutes.
---------------------------------------------------------------------------
Calling OpenMM getState.

---------------------------------------------------------------------
Time to calculate step (OpenMM getState): 0.001 seconds, 0.0 minutes.
---------------------------------------------------------------------
OpenMM Energy: -2.5655687753731264 Eh
OpenMM Energy: -1609.9187129071022 kcal/mol

-----------------------
Ending OpenMM interface
-----------------------

----------------------------------------------------------------
Time to calculate step (OpenMM run): 0.003 seconds, 0.0 minutes.
----------------------------------------------------------------

-------------------------------------------------------------
Time to calculate step (MM step): 0.003 seconds, 0.0 minutes.
-------------------------------------------------------------

Note: You are using electrostatic embedding. This means that the QM-energy is actually the polarized QM-energy
Note: MM energy also contains the QM-MM Lennard-Jones interaction

QM energy:              -836.291677939259 
MM energy:                -2.565568775373
QM/MM energy:           -838.857246714632 

  ------------ENDING QM/MM MODULE------------- 

----------------------------------------------------------------
Time to calculate step (QM/MM run): 83.049 seconds, 1.4 minutes.
----------------------------------------------------------------
geometric called save_guess_files option option for ASHengineclass.
This option is currently unsupported in ASH. Continuing.

Convergence criteria: {'convergence_energy': 1e-05, 'convergence_grms': 0.003, 'convergence_gmax': 0.006, 'convergence_drms': 0.01, 'convergence_dmax': 0.015, 'convergence_cmax': 0.01}

Replacing coordinates in fragment.
Creating/Updating fragment attributes...
Number of Atoms in fragment: 88
Formula: H38N12C20O18
Label: CHHCCOOOCHCHCCHCHCHOHCOOCNHHNHHNHHCOOHCNHHNHHNHHCNHHNHHNHHCOOHCNHHNHHNHHCOOHCOOHCOOHCOOH
Charge: -2 Mult: 1

--------------------------------------------------------------------------------
Wrote XYZ file:  Fragment-currentgeo.xyz
Current geometry (Å) in step 5 (print_atoms_list region)
---------------------------------------------------
        C  58.86296133   34.45506169   58.08031435
        H  59.62919858   33.69253986   58.17360671
        H  58.77505881   35.00216340   57.10268028
        C  58.33941752   35.00176053   59.31357775
        C  57.44264618   36.25005294   59.28793300
        O  57.86512439   37.24801483   58.60630815
        O  56.35919171   36.19436721   59.99347761
        O  58.56669737   34.54409137   60.51985133
        C  57.12308076   31.67521134   55.53822480
        H  56.44375420   30.87112115   55.92489133
        C  58.45373662   31.69766147   55.95764509
        H  58.79716863   30.80185658   56.46741323
        C  59.40920968   32.76135037   55.55228456
        C  58.94014213   33.55067232   54.42605709
        H  59.65728701   34.04162542   53.74430956
        C  57.57732179   33.63659416   54.14445552
        H  57.15433195   34.27002874   53.35704230
        C  56.59004504   32.99754237   55.06394357
        H  56.76168793   33.60349306   56.04218009
        O  55.22489124   33.17126425   54.62162828
        H  54.72166338   32.33232031   54.83320933
        C  60.84830679   32.62879830   56.02526552
        O  61.23214242   32.69474821   57.22834774
        O  61.64704476   32.33856254   55.02663974
        C  58.40400000   28.29340000   64.58310000
        N  58.55457700   28.67862000   63.31904600
        H  58.24406000   29.34112200   64.01530000
        H  58.75074600   27.72358200   63.58271300
        N  57.99510100   29.16580400   65.49994900
        H  58.19127000   28.21076600   65.76361600
        H  58.10944900   29.45834000   64.54002800
        N  58.66232100   27.03577600   64.93030500
        H  58.77667000   27.32831100   63.97038400
        H  58.35180400   27.69827800   65.62655900
        C  67.01360000   28.50850000   47.75060000
        O  68.19742500   28.57027600   47.35406300
        O  66.30231600   27.48111700   47.78315900
        H  66.55562100   29.44435000   48.10336100
        C  52.46130000   28.07600000   62.72310000
        N  52.61187700   28.46122000   61.45904600
        H  52.30136000   29.12372200   62.15530000
        H  52.80804600   27.50618200   61.72271300
        N  52.05240100   28.94840400   63.63994900
        H  52.24857000   27.99336600   63.90361600
        H  52.16674900   29.24094000   62.68002800
        N  52.71962100   26.81837600   63.07030500
        H  52.83397000   27.11091100   62.11038400
        H  52.40910400   27.48087800   63.76655900
        C  60.41080000   36.44790000   65.77150000
        N  60.56137700   36.83312000   64.50744600
        H  60.25086000   37.49562200   65.20370000
        H  60.75754600   35.87808200   64.77111300
        N  60.00190100   37.32030400   66.68834900
        H  60.19807000   36.36526600   66.95201600
        H  60.11624900   37.61284000   65.72842800
        N  60.66912100   35.19027600   66.11870500
        H  60.78347000   35.48281100   65.15878400
        H  60.35860400   35.85277800   66.81495900
        C  63.47260000   23.91410000   51.50160000
        O  64.65642500   23.97587600   51.10506300
        O  62.76131600   22.88671700   51.53415900
        H  63.01462100   24.84995000   51.85436100
        C  54.68960000   39.54520000   64.49300000
        N  54.84017700   39.93042000   63.22894600
        H  54.52966000   40.59292200   63.92520000
        H  55.03634600   38.97538200   63.49261300
        N  54.28070100   40.41760400   65.40984900
        H  54.47687000   39.46256600   65.67351600
        H  54.39504900   40.71014000   64.44992800
        N  54.94792100   38.28757600   64.84020500
        H  55.06227000   38.58011100   63.88028400
        H  54.63740400   38.95007800   65.53645900
        C  59.62790000   26.15480000   47.42090000
        O  60.81172500   26.21657600   47.02436300
        O  58.91661600   25.12741700   47.45345900
        H  59.16992100   27.09065000   47.77366100
        C  70.34110000   31.41640000   54.54500000
        O  71.52492500   31.47817600   54.14846300
        O  69.62981600   30.38901700   54.57755900
        H  69.88312100   32.35225000   54.89776100
        C  66.86940000   37.56380000   49.32380000
        O  68.05322500   37.62557600   48.92726300
        O  66.15811600   36.53641700   49.35635900
        H  66.41142100   38.49965000   49.67656100
        C  61.97710000   32.37860000   44.74950000
        O  63.16092500   32.44037600   44.35296300
        O  61.26581600   31.35121700   44.78205900
        H  61.51912100   33.31445000   45.10226100

Note: printed only print_atoms_list (this is not necessarily all atoms) 
  ------------RUNNING QM/MM MODULE------------- 
QM Module: ORCATheory
MM Module: OpenMMTheory
Charge provided from QMMMTheory object:  -2
Mult provided from QMMMTheory object:  1
QM-region Charge: -2 Mult: 1
Embedding: Electrostatic
Number of pointcharges (to QM program): 64
Number of charge coordinates: 64
Running QM/MM object with 8 cores available

-------------------------------------------------------------------
Time to calculate step (before-QMstep): 0.000 seconds, 0.0 minutes.
-------------------------------------------------------------------
  ------------RUNNING ORCA INTERFACE------------- 
Object-label: ORCA
Run-label: None
Running ORCA with 8 cores available
Moreadfile option not active
A GBW-file with same basename : orca.gbw is present
Autostart is False. ORCA will ignore any file present
Creating inputfile: orca.inp
ORCA input:
! B3LYP D3BJ def2-SVP def2/J RIJCOSX CPCM TightSCF

! Noautostart

%cpcm epsilon 4.0 end
%scf MaxIter 300 Guess PModel end
Charge: -2  Mult: 1
Pointcharge embedding is on!
 ORCA Calculation starting. 
Found warning messages in ORCA outputfile:
WARNING: The chosen methods will break translational/rotational symmetry
 WARNING: The chosen methods will break translational symmetry
 WARNING: The chosen methods will break translational symmetry
 Warning: op=0 Small HOMO/LUMO gap (   0.002) - skipping pre-diagonalization

 ORCA Calculation done. 
ORCA converged in 15 iterations
ORCA energy: -836.335493959912
  ------------ENDING ORCA-INTERFACE------------- 

---------------------------------------------------------------
Time to calculate step (ORCA run): 90.836 seconds, 1.5 minutes.
---------------------------------------------------------------

--------------------------------------------------------------
Time to calculate step (QM step): 90.836 seconds, 1.5 minutes.
--------------------------------------------------------------

----------------------------------------------------------------------
Time to calculate step (QMpcgrad prepare): 0.000 seconds, 0.0 minutes.
----------------------------------------------------------------------

--------------------------------------------------------------------------
Time to calculate step (linkatomgrad prepare): 0.000 seconds, 0.0 minutes.
--------------------------------------------------------------------------

----------------------------------------------------------------------------
Time to calculate step (QM/MM gradient prepare): 0.000 seconds, 0.0 minutes.
----------------------------------------------------------------------------
Using OpenMM theory as part of QM/MM.
Using MM on full system. Charges for QM region [0, 1, 2, 3, 4, 5, 6, 7, 8, 9, 10, 11, 12, 13, 14, 15, 16, 17, 18, 19, 20, 21, 22, 23] have been set to zero 

--------------------------------------------------------------------------------
                   Creating/updating OpenMM simulation object                   
--------------------------------------------------------------------------------

Integrator name: VerletIntegrator
Timestep: 0.001
Temperature: 300
Coupling frequency: 1
Properties: {'Threads': '1'}
Topology: <Topology; 1 chains, 1 residues, 88 atoms, 0 bonds>

----------------------------------------------------------------------------------
Time to calculate step (creating/updating simulation): 0.002 seconds, 0.0 minutes.
----------------------------------------------------------------------------------

--------------------------------------------------------------------------------
                     Running Single-point OpenMM Interface                      
--------------------------------------------------------------------------------

Number of OpenMM system constraints defined: 0

-----------------------------------------------------------------------------------
Time to calculate step (OpenMMTheory.run: const-check): 0.002 seconds, 0.0 minutes.
-----------------------------------------------------------------------------------
Updating coordinates.

------------------------------------------------------------------------
Time to calculate step (Creating pos array): 0.000 seconds, 0.0 minutes.
------------------------------------------------------------------------

---------------------------------------------------------------------------
Time to calculate step (Updating MM positions): 0.000 seconds, 0.0 minutes.
---------------------------------------------------------------------------
Calling OpenMM getState.

---------------------------------------------------------------------
Time to calculate step (OpenMM getState): 0.000 seconds, 0.0 minutes.
---------------------------------------------------------------------
OpenMM Energy: -2.5658581691111513 Eh
OpenMM Energy: -1610.1003102194472 kcal/mol

-----------------------
Ending OpenMM interface
-----------------------

----------------------------------------------------------------
Time to calculate step (OpenMM run): 0.003 seconds, 0.0 minutes.
----------------------------------------------------------------

-------------------------------------------------------------
Time to calculate step (MM step): 0.003 seconds, 0.0 minutes.
-------------------------------------------------------------

Note: You are using electrostatic embedding. This means that the QM-energy is actually the polarized QM-energy
Note: MM energy also contains the QM-MM Lennard-Jones interaction

QM energy:              -836.335493959912 
MM energy:                -2.565858169111
QM/MM energy:           -838.901352129023 

  ------------ENDING QM/MM MODULE------------- 

----------------------------------------------------------------
Time to calculate step (QM/MM run): 90.840 seconds, 1.5 minutes.
----------------------------------------------------------------
geometric called save_guess_files option option for ASHengineclass.
This option is currently unsupported in ASH. Continuing.

Convergence criteria: {'convergence_energy': 1e-05, 'convergence_grms': 0.003, 'convergence_gmax': 0.006, 'convergence_drms': 0.01, 'convergence_dmax': 0.015, 'convergence_cmax': 0.01}

Replacing coordinates in fragment.
Creating/Updating fragment attributes...
Number of Atoms in fragment: 88
Formula: H38N12C20O18
Label: CHHCCOOOCHCHCCHCHCHOHCOOCNHHNHHNHHCOOHCNHHNHHNHHCNHHNHHNHHCOOHCNHHNHHNHHCOOHCOOHCOOHCOOH
Charge: -2 Mult: 1

--------------------------------------------------------------------------------
Wrote XYZ file:  Fragment-currentgeo.xyz
Current geometry (Å) in step 6 (print_atoms_list region)
---------------------------------------------------
        C  58.47914353   34.54418003   58.55732560
        H  59.33629234   33.86173928   58.56941090
        H  58.29904748   35.06673792   57.63484832
        C  58.17381117   35.11722974   59.75232582
        C  57.24414753   36.30662695   59.90815575
        O  57.52289041   37.38835443   59.27967311
        O  56.30215080   36.21549623   60.79927110
        O  58.66751451   34.67185450   60.84295544
        C  57.08814017   31.71020816   55.63546156
        H  56.42036193   30.79816552   55.72424791
        C  58.39991897   31.65047224   56.04520439
        H  58.69542548   30.75032165   56.56205466
        C  59.31710102   32.68934789   55.71639966
        C  58.91827610   33.55285036   54.61360350
        H  59.67695226   34.05323236   53.98695407
        C  57.58628547   33.63052651   54.22355502
        H  57.21219625   34.22352557   53.37539711
        C  56.56078665   32.98523462   55.10579974
        H  56.77052930   33.54321296   56.05244681
        O  55.25796677   33.19245264   54.71435171
        H  54.62893342   32.44672976   54.69954437
        C  60.70243400   32.66448537   56.24907766
        O  61.02994604   32.83745450   57.44734073
        O  61.56325158   32.37014273   55.32936906
        C  58.40400000   28.29340000   64.58310000
        N  58.55457700   28.67862000   63.31904600
        H  58.24406000   29.34112200   64.01530000
        H  58.75074600   27.72358200   63.58271300
        N  57.99510100   29.16580400   65.49994900
        H  58.19127000   28.21076600   65.76361600
        H  58.10944900   29.45834000   64.54002800
        N  58.66232100   27.03577600   64.93030500
        H  58.77667000   27.32831100   63.97038400
        H  58.35180400   27.69827800   65.62655900
        C  67.01360000   28.50850000   47.75060000
        O  68.19742500   28.57027600   47.35406300
        O  66.30231600   27.48111700   47.78315900
        H  66.55562100   29.44435000   48.10336100
        C  52.46130000   28.07600000   62.72310000
        N  52.61187700   28.46122000   61.45904600
        H  52.30136000   29.12372200   62.15530000
        H  52.80804600   27.50618200   61.72271300
        N  52.05240100   28.94840400   63.63994900
        H  52.24857000   27.99336600   63.90361600
        H  52.16674900   29.24094000   62.68002800
        N  52.71962100   26.81837600   63.07030500
        H  52.83397000   27.11091100   62.11038400
        H  52.40910400   27.48087800   63.76655900
        C  60.41080000   36.44790000   65.77150000
        N  60.56137700   36.83312000   64.50744600
        H  60.25086000   37.49562200   65.20370000
        H  60.75754600   35.87808200   64.77111300
        N  60.00190100   37.32030400   66.68834900
        H  60.19807000   36.36526600   66.95201600
        H  60.11624900   37.61284000   65.72842800
        N  60.66912100   35.19027600   66.11870500
        H  60.78347000   35.48281100   65.15878400
        H  60.35860400   35.85277800   66.81495900
        C  63.47260000   23.91410000   51.50160000
        O  64.65642500   23.97587600   51.10506300
        O  62.76131600   22.88671700   51.53415900
        H  63.01462100   24.84995000   51.85436100
        C  54.68960000   39.54520000   64.49300000
        N  54.84017700   39.93042000   63.22894600
        H  54.52966000   40.59292200   63.92520000
        H  55.03634600   38.97538200   63.49261300
        N  54.28070100   40.41760400   65.40984900
        H  54.47687000   39.46256600   65.67351600
        H  54.39504900   40.71014000   64.44992800
        N  54.94792100   38.28757600   64.84020500
        H  55.06227000   38.58011100   63.88028400
        H  54.63740400   38.95007800   65.53645900
        C  59.62790000   26.15480000   47.42090000
        O  60.81172500   26.21657600   47.02436300
        O  58.91661600   25.12741700   47.45345900
        H  59.16992100   27.09065000   47.77366100
        C  70.34110000   31.41640000   54.54500000
        O  71.52492500   31.47817600   54.14846300
        O  69.62981600   30.38901700   54.57755900
        H  69.88312100   32.35225000   54.89776100
        C  66.86940000   37.56380000   49.32380000
        O  68.05322500   37.62557600   48.92726300
        O  66.15811600   36.53641700   49.35635900
        H  66.41142100   38.49965000   49.67656100
        C  61.97710000   32.37860000   44.74950000
        O  63.16092500   32.44037600   44.35296300
        O  61.26581600   31.35121700   44.78205900
        H  61.51912100   33.31445000   45.10226100

Note: printed only print_atoms_list (this is not necessarily all atoms) 
  ------------RUNNING QM/MM MODULE------------- 
QM Module: ORCATheory
MM Module: OpenMMTheory
Charge provided from QMMMTheory object:  -2
Mult provided from QMMMTheory object:  1
QM-region Charge: -2 Mult: 1
Embedding: Electrostatic
Number of pointcharges (to QM program): 64
Number of charge coordinates: 64
Running QM/MM object with 8 cores available

-------------------------------------------------------------------
Time to calculate step (before-QMstep): 0.000 seconds, 0.0 minutes.
-------------------------------------------------------------------
  ------------RUNNING ORCA INTERFACE------------- 
Object-label: ORCA
Run-label: None
Running ORCA with 8 cores available
Moreadfile option not active
A GBW-file with same basename : orca.gbw is present
Autostart is False. ORCA will ignore any file present
Creating inputfile: orca.inp
ORCA input:
! B3LYP D3BJ def2-SVP def2/J RIJCOSX CPCM TightSCF

! Noautostart

%cpcm epsilon 4.0 end
%scf MaxIter 300 Guess PModel end
Charge: -2  Mult: 1
Pointcharge embedding is on!
 ORCA Calculation starting. 
Found warning messages in ORCA outputfile:
WARNING: The chosen methods will break translational/rotational symmetry
 WARNING: The chosen methods will break translational symmetry
 WARNING: The chosen methods will break translational symmetry
 Warning: op=0 Small HOMO/LUMO gap (   0.012) - skipping pre-diagonalization

 ORCA Calculation done. 
ORCA converged in 15 iterations
ORCA energy: -836.384040227658
  ------------ENDING ORCA-INTERFACE------------- 

---------------------------------------------------------------
Time to calculate step (ORCA run): 85.017 seconds, 1.4 minutes.
---------------------------------------------------------------

--------------------------------------------------------------
Time to calculate step (QM step): 85.017 seconds, 1.4 minutes.
--------------------------------------------------------------

----------------------------------------------------------------------
Time to calculate step (QMpcgrad prepare): 0.000 seconds, 0.0 minutes.
----------------------------------------------------------------------

--------------------------------------------------------------------------
Time to calculate step (linkatomgrad prepare): 0.000 seconds, 0.0 minutes.
--------------------------------------------------------------------------

----------------------------------------------------------------------------
Time to calculate step (QM/MM gradient prepare): 0.000 seconds, 0.0 minutes.
----------------------------------------------------------------------------
Using OpenMM theory as part of QM/MM.
Using MM on full system. Charges for QM region [0, 1, 2, 3, 4, 5, 6, 7, 8, 9, 10, 11, 12, 13, 14, 15, 16, 17, 18, 19, 20, 21, 22, 23] have been set to zero 

--------------------------------------------------------------------------------
                   Creating/updating OpenMM simulation object                   
--------------------------------------------------------------------------------

Integrator name: VerletIntegrator
Timestep: 0.001
Temperature: 300
Coupling frequency: 1
Properties: {'Threads': '1'}
Topology: <Topology; 1 chains, 1 residues, 88 atoms, 0 bonds>

----------------------------------------------------------------------------------
Time to calculate step (creating/updating simulation): 0.002 seconds, 0.0 minutes.
----------------------------------------------------------------------------------

--------------------------------------------------------------------------------
                     Running Single-point OpenMM Interface                      
--------------------------------------------------------------------------------

Number of OpenMM system constraints defined: 0

-----------------------------------------------------------------------------------
Time to calculate step (OpenMMTheory.run: const-check): 0.002 seconds, 0.0 minutes.
-----------------------------------------------------------------------------------
Updating coordinates.

------------------------------------------------------------------------
Time to calculate step (Creating pos array): 0.000 seconds, 0.0 minutes.
------------------------------------------------------------------------

---------------------------------------------------------------------------
Time to calculate step (Updating MM positions): 0.000 seconds, 0.0 minutes.
---------------------------------------------------------------------------
Calling OpenMM getState.

---------------------------------------------------------------------
Time to calculate step (OpenMM getState): 0.001 seconds, 0.0 minutes.
---------------------------------------------------------------------
OpenMM Energy: -2.566226202932811 Eh
OpenMM Energy: -1610.3312549293144 kcal/mol

-----------------------
Ending OpenMM interface
-----------------------

----------------------------------------------------------------
Time to calculate step (OpenMM run): 0.003 seconds, 0.0 minutes.
----------------------------------------------------------------

-------------------------------------------------------------
Time to calculate step (MM step): 0.004 seconds, 0.0 minutes.
-------------------------------------------------------------

Note: You are using electrostatic embedding. This means that the QM-energy is actually the polarized QM-energy
Note: MM energy also contains the QM-MM Lennard-Jones interaction

QM energy:              -836.384040227658 
MM energy:                -2.566226202933
QM/MM energy:           -838.950266430591 

  ------------ENDING QM/MM MODULE------------- 

----------------------------------------------------------------
Time to calculate step (QM/MM run): 85.021 seconds, 1.4 minutes.
----------------------------------------------------------------
geometric called save_guess_files option option for ASHengineclass.
This option is currently unsupported in ASH. Continuing.

Convergence criteria: {'convergence_energy': 1e-05, 'convergence_grms': 0.003, 'convergence_gmax': 0.006, 'convergence_drms': 0.01, 'convergence_dmax': 0.015, 'convergence_cmax': 0.01}

Replacing coordinates in fragment.
Creating/Updating fragment attributes...
Number of Atoms in fragment: 88
Formula: H38N12C20O18
Label: CHHCCOOOCHCHCCHCHCHOHCOOCNHHNHHNHHCOOHCNHHNHHNHHCNHHNHHNHHCOOHCNHHNHHNHHCOOHCOOHCOOHCOOH
Charge: -2 Mult: 1

--------------------------------------------------------------------------------
Wrote XYZ file:  Fragment-currentgeo.xyz
Current geometry (Å) in step 7 (print_atoms_list region)
---------------------------------------------------
        C  57.86779637   34.66004897   59.24880560
        H  58.85183991   34.08929589   58.88541623
        H  57.37540644   35.03747142   58.21473462
        C  58.01427300   35.27885390   60.64002263
        C  56.95346848   36.41133566   60.87553095
        O  57.02636183   37.55483821   60.27371239
        O  56.19065851   36.31219753   61.95143838
        O  59.02235067   35.09955013   61.73115974
        C  56.99408680   31.64551007   55.66233557
        H  56.35125364   30.70949416   55.45588531
        C  58.26920496   31.54316007   56.13223658
        H  58.58378622   30.65800566   56.65853321
        C  59.19239659   32.59123007   55.90840018
        C  58.89683045   33.54701585   54.84628708
        H  59.71519217   34.06351679   54.31345290
        C  57.61059213   33.63238499   54.34396941
        H  57.31499773   34.18882146   53.43337378
        C  56.52601912   32.95713825   55.15345610
        H  56.78783089   33.43011930   56.10294693
        O  55.25800272   33.24967442   54.86164692
        H  54.59508858   32.59334742   54.51396195
        C  60.51878504   32.74083171   56.63141268
        O  60.68119745   33.08594056   57.83974323
        O  61.41384918   32.42348677   55.81080468
        C  58.40400000   28.29340000   64.58310000
        N  58.55457700   28.67862000   63.31904600
        H  58.24406000   29.34112200   64.01530000
        H  58.75074600   27.72358200   63.58271300
        N  57.99510100   29.16580400   65.49994900
        H  58.19127000   28.21076600   65.76361600
        H  58.10944900   29.45834000   64.54002800
        N  58.66232100   27.03577600   64.93030500
        H  58.77667000   27.32831100   63.97038400
        H  58.35180400   27.69827800   65.62655900
        C  67.01360000   28.50850000   47.75060000
        O  68.19742500   28.57027600   47.35406300
        O  66.30231600   27.48111700   47.78315900
        H  66.55562100   29.44435000   48.10336100
        C  52.46130000   28.07600000   62.72310000
        N  52.61187700   28.46122000   61.45904600
        H  52.30136000   29.12372200   62.15530000
        H  52.80804600   27.50618200   61.72271300
        N  52.05240100   28.94840400   63.63994900
        H  52.24857000   27.99336600   63.90361600
        H  52.16674900   29.24094000   62.68002800
        N  52.71962100   26.81837600   63.07030500
        H  52.83397000   27.11091100   62.11038400
        H  52.40910400   27.48087800   63.76655900
        C  60.41080000   36.44790000   65.77150000
        N  60.56137700   36.83312000   64.50744600
        H  60.25086000   37.49562200   65.20370000Step   10 : Displace = [0m1.136e-01[0m/[0m4.441e-01[0m (rms/max) Trust = 1.500e-01 ([91m-[0m) Grad_T = [0m3.106e-02[0m/[0m1.501e-01[0m (rms/max) E (change) = -838.9858052758 ([0m-3.541e-02[0m) Quality = [0m0.382[0m
Hessian Eigenvalues: 1.72559e-03 2.59392e-02 2.63687e-02 ... 5.78011e-01 5.78022e-01 6.15908e-01
Step   11 : Displace = [0m1.516e-01[0m/[0m6.879e-01[0m (rms/max) Trust = 1.500e-01 (=) Grad_T = [0m2.674e-02[0m/[0m1.227e-01[0m (rms/max) E (change) = -839.0101456679 ([0m-2.434e-02[0m) Quality = [0m0.248[0m
Hessian Eigenvalues: 1.55116e-03 2.58131e-02 2.63687e-02 ... 5.78011e-01 5.78014e-01 6.16044e-01
Step   12 : Displace = [0m7.742e-02[0m/[0m3.573e-01[0m (rms/max) Trust = 7.500e-02 ([91m-[0m) Grad_T = [0m1.115e-02[0m/[0m4.566e-02[0m (rms/max) E (change) = -839.0808826400 ([0m-7.074e-02[0m) Quality = [0m0.888[0m
Hessian Eigenvalues: 1.41040e-03 2.53982e-02 2.63687e-02 ... 5.78011e-01 5.81076e-01 5.97540e-01
Step   13 : Displace = [0m1.041e-01[0m/[0m3.719e-01[0m (rms/max) Trust = 1.061e-01 ([92m+[0m) Grad_T = [0m9.889e-03[0m/[0m4.689e-02[0m (rms/max) E (change) = -839.1103394139 ([0m-2.946e-02[0m) Quality = [0m0.872[0m
Hessian Eigenvalues: 1.32481e-03 1.73146e-02 2.63687e-02 ... 5.78012e-01 5.81542e-01 6.22609e-01
Step   14 : Displace = [0m1.473e-01[0m/[0m5.205e-01[0m (rms/max) Trust = 1.500e-01 ([92m+[0m) Grad_T = [0m1.154e-02[0m/[0m5.111e-02[0m (rms/max) E (change) = -839.1531592703 ([0m-4.282e-02[0m) Quality = [0m1.072[0m
Hessian Eigenvalues: 1.14952e-03 1.33898e-02 2.63687e-02 ... 5.78013e-01 5.85158e-01 6.28428e-01
Step   15 : Displace = [0m2.102e-01[0m/[0m7.988e-01[0m (rms/max) Trust = 2.121e-01 ([92m+[0m) Grad_T = [0m1.909e-02[0m/[0m1.380e-01[0m (rms/max) E (change) = -839.1740716743 ([0m-2.091e-02[0m) Quality = [0m0.464[0m
Hessian Eigenvalues: 1.79801e-03 9.09967e-03 2.63686e-02 ... 5.83861e-01 5.93063e-01 7.24051e-01
Step   16 : Displace = [0m1.606e-01[0m/[0m6.527e-01[0m (rms/max) Trust = 2.121e-01 (=) Grad_T = [0m4.090e-02[0m/[0m2.151e-01[0m (rms/max) E (change) = -839.0678005263 ([91m+1.063e-01[0m) Quality = [91m-1.507[0m
[93mRejecting step - quality is lower than -1.0[0m
Hessian Eigenvalues: 1.79801e-03 9.09967e-03 2.63686e-02 ... 5.83861e-01 5.93063e-01 7.24051e-01
Step   17 : Displace = [0m8.208e-02[0m/[0m4.011e-01[0m (rms/max) Trust = 8.029e-02 ([1;91mx[0m) Grad_T = [0m2.481e-02[0m/[0m1.032e-01[0m (rms/max) E (change) = -839.1590997468 ([91m+1.497e-02[0m) Quality = [91m-0.230[0m
Hessian Eigenvalues: 1.82682e-03 1.33251e-02 2.63685e-02 ... 5.78012e-01 5.85962e-01 6.37295e-01
Step   18 : Displace = [0m4.191e-02[0m/[0m2.156e-01[0m (rms/max) Trust = 4.014e-02 ([91m-[0m) Grad_T = [0m1.408e-02[0m/[0m6.215e-02[0m (rms/max) E (change) = -839.2089146228 ([0m-4.981e-02[0m) Quality = [0m0.696[0m
Hessian Eigenvalues: 1.82853e-03 1.40409e-02 2.63685e-02 ... 5.85893e-01 5.99971e-01 7.20586e-01
Step   19 : Displace = [0m4.313e-02[0m/[0m2.217e-01[0m (rms/max) Trust = 4.014e-02 (=) Grad_T = [0m3.263e-02[0m/[0m1.958e-01[0m (rms/max) E (change) = -839.2023953406 ([91m+6.519e-03[0m) Quality = [91m-0.142[0m
Hessian Eigenvalues: 1.80889e-03 1.46504e-02 2.63686e-02 ... 5.85241e-01 6.11756e-01 1.21793e+00
Step   20 : Displace = [0m2.017e-02[0m/[0m1.163e-01[0m (rms/max) Trust = 2.007e-02 ([91m-[0m) Grad_T = [0m1.094e-02[0m/[0m5.507e-02[0m (rms/max) E (change) = -839.2276695803 ([0m-2.527e-02[0m) Quality = [0m0.581[0m
Hessian Eigenvalues: 1.80629e-03 1.47797e-02 2.63686e-02 ... 5.85117e-01 6.15761e-01 1.38467e+00

        H  60.75754600   35.87808200   64.77111300
        N  60.00190100   37.32030400   66.68834900
        H  60.19807000   36.36526600   66.95201600
        H  60.11624900   37.61284000   65.72842800
        N  60.66912100   35.19027600   66.11870500
        H  60.78347000   35.48281100   65.15878400
        H  60.35860400   35.85277800   66.81495900
        C  63.47260000   23.91410000   51.50160000
        O  64.65642500   23.97587600   51.10506300
        O  62.76131600   22.88671700   51.53415900
        H  63.01462100   24.84995000   51.85436100
        C  54.68960000   39.54520000   64.49300000
        N  54.84017700   39.93042000   63.22894600
        H  54.52966000   40.59292200   63.92520000
        H  55.03634600   38.97538200   63.49261300
        N  54.28070100   40.41760400   65.40984900
        H  54.47687000   39.46256600   65.67351600
        H  54.39504900   40.71014000   64.44992800
        N  54.94792100   38.28757600   64.84020500
        H  55.06227000   38.58011100   63.88028400
        H  54.63740400   38.95007800   65.53645900
        C  59.62790000   26.15480000   47.42090000
        O  60.81172500   26.21657600   47.02436300
        O  58.91661600   25.12741700   47.45345900
        H  59.16992100   27.09065000   47.77366100
        C  70.34110000   31.41640000   54.54500000
        O  71.52492500   31.47817600   54.14846300
        O  69.62981600   30.38901700   54.57755900
        H  69.88312100   32.35225000   54.89776100
        C  66.86940000   37.56380000   49.32380000
        O  68.05322500   37.62557600   48.92726300
        O  66.15811600   36.53641700   49.35635900
        H  66.41142100   38.49965000   49.67656100
        C  61.97710000   32.37860000   44.74950000
        O  63.16092500   32.44037600   44.35296300
        O  61.26581600   31.35121700   44.78205900
        H  61.51912100   33.31445000   45.10226100

Note: printed only print_atoms_list (this is not necessarily all atoms) 
  ------------RUNNING QM/MM MODULE------------- 
QM Module: ORCATheory
MM Module: OpenMMTheory
Charge provided from QMMMTheory object:  -2
Mult provided from QMMMTheory object:  1
QM-region Charge: -2 Mult: 1
Embedding: Electrostatic
Number of pointcharges (to QM program): 64
Number of charge coordinates: 64
Running QM/MM object with 8 cores available

-------------------------------------------------------------------
Time to calculate step (before-QMstep): 0.000 seconds, 0.0 minutes.
-------------------------------------------------------------------
  ------------RUNNING ORCA INTERFACE------------- 
Object-label: ORCA
Run-label: None
Running ORCA with 8 cores available
Moreadfile option not active
A GBW-file with same basename : orca.gbw is present
Autostart is False. ORCA will ignore any file present
Creating inputfile: orca.inp
ORCA input:
! B3LYP D3BJ def2-SVP def2/J RIJCOSX CPCM TightSCF

! Noautostart

%cpcm epsilon 4.0 end
%scf MaxIter 300 Guess PModel end
Charge: -2  Mult: 1
Pointcharge embedding is on!
 ORCA Calculation starting. 
Found warning messages in ORCA outputfile:
WARNING: The chosen methods will break translational/rotational symmetry
 WARNING: The chosen methods will break translational symmetry
 WARNING: The chosen methods will break translational symmetry
 Warning: op=0 Small HOMO/LUMO gap (   0.050) - skipping pre-diagonalization

 ORCA Calculation done. 
ORCA converged in 17 iterations
ORCA energy: -836.382824481337
  ------------ENDING ORCA-INTERFACE------------- 

---------------------------------------------------------------
Time to calculate step (ORCA run): 88.464 seconds, 1.5 minutes.
---------------------------------------------------------------

--------------------------------------------------------------
Time to calculate step (QM step): 88.464 seconds, 1.5 minutes.
--------------------------------------------------------------

----------------------------------------------------------------------
Time to calculate step (QMpcgrad prepare): 0.000 seconds, 0.0 minutes.
----------------------------------------------------------------------

--------------------------------------------------------------------------
Time to calculate step (linkatomgrad prepare): 0.000 seconds, 0.0 minutes.
--------------------------------------------------------------------------

----------------------------------------------------------------------------
Time to calculate step (QM/MM gradient prepare): 0.000 seconds, 0.0 minutes.
----------------------------------------------------------------------------
Using OpenMM theory as part of QM/MM.
Using MM on full system. Charges for QM region [0, 1, 2, 3, 4, 5, 6, 7, 8, 9, 10, 11, 12, 13, 14, 15, 16, 17, 18, 19, 20, 21, 22, 23] have been set to zero 

--------------------------------------------------------------------------------
                   Creating/updating OpenMM simulation object                   
--------------------------------------------------------------------------------

Integrator name: VerletIntegrator
Timestep: 0.001
Temperature: 300
Coupling frequency: 1
Properties: {'Threads': '1'}
Topology: <Topology; 1 chains, 1 residues, 88 atoms, 0 bonds>

----------------------------------------------------------------------------------
Time to calculate step (creating/updating simulation): 0.002 seconds, 0.0 minutes.
----------------------------------------------------------------------------------

--------------------------------------------------------------------------------
                     Running Single-point OpenMM Interface                      
--------------------------------------------------------------------------------

Number of OpenMM system constraints defined: 0

-----------------------------------------------------------------------------------
Time to calculate step (OpenMMTheory.run: const-check): 0.002 seconds, 0.0 minutes.
-----------------------------------------------------------------------------------
Updating coordinates.

------------------------------------------------------------------------
Time to calculate step (Creating pos array): 0.000 seconds, 0.0 minutes.
------------------------------------------------------------------------

---------------------------------------------------------------------------
Time to calculate step (Updating MM positions): 0.000 seconds, 0.0 minutes.
---------------------------------------------------------------------------
Calling OpenMM getState.

---------------------------------------------------------------------
Time to calculate step (OpenMM getState): 0.000 seconds, 0.0 minutes.
---------------------------------------------------------------------
OpenMM Energy: -2.5675745765037092 Eh
OpenMM Energy: -1611.1773721196294 kcal/mol

-----------------------
Ending OpenMM interface
-----------------------

----------------------------------------------------------------
Time to calculate step (OpenMM run): 0.002 seconds, 0.0 minutes.
----------------------------------------------------------------

-------------------------------------------------------------
Time to calculate step (MM step): 0.003 seconds, 0.0 minutes.
-------------------------------------------------------------

Note: You are using electrostatic embedding. This means that the QM-energy is actually the polarized QM-energy
Note: MM energy also contains the QM-MM Lennard-Jones interaction

QM energy:              -836.382824481337 
MM energy:                -2.567574576504
QM/MM energy:           -838.950399057841 

  ------------ENDING QM/MM MODULE------------- 

----------------------------------------------------------------
Time to calculate step (QM/MM run): 88.467 seconds, 1.5 minutes.
----------------------------------------------------------------
geometric called save_guess_files option option for ASHengineclass.
This option is currently unsupported in ASH. Continuing.
geometric called clearCalcs option for ASHengineclass.
This option is currently unsupported in ASH. Continuing.

Convergence criteria: {'convergence_energy': 1e-05, 'convergence_grms': 0.003, 'convergence_gmax': 0.006, 'convergence_drms': 0.01, 'convergence_dmax': 0.015, 'convergence_cmax': 0.01}

Replacing coordinates in fragment.
Creating/Updating fragment attributes...
Number of Atoms in fragment: 88
Formula: H38N12C20O18
Label: CHHCCOOOCHCHCCHCHCHOHCOOCNHHNHHNHHCOOHCNHHNHHNHHCNHHNHHNHHCOOHCNHHNHHNHHCOOHCOOHCOOHCOOH
Charge: -2 Mult: 1

--------------------------------------------------------------------------------
Wrote XYZ file:  Fragment-currentgeo.xyz
Current geometry (Å) in step 8 (print_atoms_list region)
---------------------------------------------------
        C  58.16109186   34.75288620   59.17478222
        H  58.84376008   33.94033712   58.71140325
        H  57.66730549   35.12203592   58.19616821
        C  58.07400863   35.25077457   60.50664335
        C  57.05278059   36.43022222   60.73630530
        O  57.22995020   37.47468013   60.15057440
        O  56.16029295   36.33358578   61.59170021
        O  58.64950521   34.89830770   61.60986477
        C  57.00822442   31.62535136   55.65977874
        H  56.34693450   30.84983747   55.67323024
        C  58.28365723   31.51011010   56.06654057
        H  58.73546097   30.68559148   56.62817601
        C  59.21513712   32.56818921   55.78200712
        C  58.91981882   33.53569319   54.76926471
        H  59.73894158   34.06280303   54.28583750
        C  57.66207785   33.66531618   54.37721976
        H  57.38685566   34.27241432   53.50379400
        C  56.55531085   32.98525621   55.14026546
        H  56.67974698   33.54096964   56.06763783
        O  55.23505957   33.31475778   54.80513675
        H  54.89087451   32.37815297   54.60747632
        C  60.58398183   32.67309722   56.45142254
        O  60.59251254   32.91778053   57.67957544
        O  61.29837342   32.45060129   55.56440373
        C  58.40400000   28.29340000   64.58310000
        N  58.55457700   28.67862000   63.31904600
        H  58.24406000   29.34112200   64.01530000
        H  58.75074600   27.72358200   63.58271300
        N  57.99510100   29.16580400   65.49994900
        H  58.19127000   28.21076600   65.76361600
        H  58.10944900   29.45834000   64.54002800
        N  58.66232100   27.03577600   64.93030500
        H  58.77667000   27.32831100   63.97038400
        H  58.35180400   27.69827800   65.62655900
        C  67.01360000   28.50850000   47.75060000
        O  68.19742500   28.57027600   47.35406300
        O  66.30231600   27.48111700   47.78315900
        H  66.55562100   29.44435000   48.10336100
        C  52.46130000   28.07600000   62.72310000
        N  52.61187700   28.46122000   61.45904600
        H  52.30136000   29.12372200   62.15530000
        H  52.80804600   27.50618200   61.72271300
        N  52.05240100   28.94840400   63.63994900
        H  52.24857000   27.99336600   63.90361600
        H  52.16674900   29.24094000   62.68002800
        N  52.71962100   26.81837600   63.07030500
        H  52.83397000   27.11091100   62.11038400
        H  52.40910400   27.48087800   63.76655900
        C  60.41080000   36.44790000   65.77150000
        N  60.56137700   36.83312000   64.50744600
        H  60.25086000   37.49562200   65.20370000
        H  60.75754600   35.87808200   64.77111300
        N  60.00190100   37.32030400   66.68834900
        H  60.19807000   36.36526600   66.95201600
        H  60.11624900   37.61284000   65.72842800
        N  60.66912100   35.19027600   66.11870500
        H  60.78347000   35.48281100   65.15878400
        H  60.35860400   35.85277800   66.81495900
        C  63.47260000   23.91410000   51.50160000
        O  64.65642500   23.97587600   51.10506300
        O  62.76131600   22.88671700   51.53415900
        H  63.01462100   24.84995000   51.85436100
        C  54.68960000   39.54520000   64.49300000
        N  54.84017700   39.93042000   63.22894600
        H  54.52966000   40.59292200   63.92520000
        H  55.03634600   38.97538200   63.49261300
        N  54.28070100   40.41760400   65.40984900
        H  54.47687000   39.46256600   65.67351600
        H  54.39504900   40.71014000   64.44992800
        N  54.94792100   38.28757600   64.84020500
        H  55.06227000   38.58011100   63.88028400
        H  54.63740400   38.95007800   65.53645900
        C  59.62790000   26.15480000   47.42090000
        O  60.81172500   26.21657600   47.02436300
        O  58.91661600   25.12741700   47.45345900
        H  59.16992100   27.09065000   47.77366100
        C  70.34110000   31.41640000   54.54500000
        O  71.52492500   31.47817600   54.14846300
        O  69.62981600   30.38901700   54.57755900
        H  69.88312100   32.35225000   54.89776100
        C  66.86940000   37.56380000   49.32380000
        O  68.05322500   37.62557600   48.92726300
        O  66.15811600   36.53641700   49.35635900
        H  66.41142100   38.49965000   49.67656100
        C  61.97710000   32.37860000   44.74950000
        O  63.16092500   32.44037600   44.35296300
        O  61.26581600   31.35121700   44.78205900
        H  61.51912100   33.31445000   45.10226100

Note: printed only print_atoms_list (this is not necessarily all atoms) 
  ------------RUNNING QM/MM MODULE------------- 
QM Module: ORCATheory
MM Module: OpenMMTheory
Charge provided from QMMMTheory object:  -2
Mult provided from QMMMTheory object:  1
QM-region Charge: -2 Mult: 1
Embedding: Electrostatic
Number of pointcharges (to QM program): 64
Number of charge coordinates: 64
Running QM/MM object with 8 cores available

-------------------------------------------------------------------
Time to calculate step (before-QMstep): 0.000 seconds, 0.0 minutes.
-------------------------------------------------------------------
  ------------RUNNING ORCA INTERFACE------------- 
Object-label: ORCA
Run-label: None
Running ORCA with 8 cores available
Moreadfile option not active
A GBW-file with same basename : orca.gbw is present
Autostart is False. ORCA will ignore any file present
Creating inputfile: orca.inp
ORCA input:
! B3LYP D3BJ def2-SVP def2/J RIJCOSX CPCM TightSCF

! Noautostart

%cpcm epsilon 4.0 end
%scf MaxIter 300 Guess PModel end
Charge: -2  Mult: 1
Pointcharge embedding is on!
 ORCA Calculation starting. 
Found warning messages in ORCA outputfile:
WARNING: The chosen methods will break translational/rotational symmetry
 WARNING: The chosen methods will break translational symmetry
 WARNING: The chosen methods will break translational symmetry
 Warning: op=0 Small HOMO/LUMO gap (   0.044) - skipping pre-diagonalization

 ORCA Calculation done. 
ORCA converged in 15 iterations
ORCA energy: -836.4186318875
  ------------ENDING ORCA-INTERFACE------------- 

---------------------------------------------------------------
Time to calculate step (ORCA run): 88.369 seconds, 1.5 minutes.
---------------------------------------------------------------

--------------------------------------------------------------
Time to calculate step (QM step): 88.369 seconds, 1.5 minutes.
--------------------------------------------------------------

----------------------------------------------------------------------
Time to calculate step (QMpcgrad prepare): 0.000 seconds, 0.0 minutes.
----------------------------------------------------------------------

--------------------------------------------------------------------------
Time to calculate step (linkatomgrad prepare): 0.000 seconds, 0.0 minutes.
--------------------------------------------------------------------------

----------------------------------------------------------------------------
Time to calculate step (QM/MM gradient prepare): 0.000 seconds, 0.0 minutes.
----------------------------------------------------------------------------
Using OpenMM theory as part of QM/MM.
Using MM on full system. Charges for QM region [0, 1, 2, 3, 4, 5, 6, 7, 8, 9, 10, 11, 12, 13, 14, 15, 16, 17, 18, 19, 20, 21, 22, 23] have been set to zero 

--------------------------------------------------------------------------------
                   Creating/updating OpenMM simulation object                   
--------------------------------------------------------------------------------

Integrator name: VerletIntegrator
Timestep: 0.001
Temperature: 300
Coupling frequency: 1
Properties: {'Threads': '1'}
Topology: <Topology; 1 chains, 1 residues, 88 atoms, 0 bonds>

----------------------------------------------------------------------------------
Time to calculate step (creating/updating simulation): 0.003 seconds, 0.0 minutes.
----------------------------------------------------------------------------------

--------------------------------------------------------------------------------
                     Running Single-point OpenMM Interface                      
--------------------------------------------------------------------------------

Number of OpenMM system constraints defined: 0

-----------------------------------------------------------------------------------
Time to calculate step (OpenMMTheory.run: const-check): 0.003 seconds, 0.0 minutes.
-----------------------------------------------------------------------------------
Updating coordinates.

------------------------------------------------------------------------
Time to calculate step (Creating pos array): 0.000 seconds, 0.0 minutes.
------------------------------------------------------------------------

---------------------------------------------------------------------------
Time to calculate step (Updating MM positions): 0.000 seconds, 0.0 minutes.
---------------------------------------------------------------------------
Calling OpenMM getState.

---------------------------------------------------------------------
Time to calculate step (OpenMM getState): 0.001 seconds, 0.0 minutes.
---------------------------------------------------------------------
OpenMM Energy: -2.5671733882882104 Eh
OpenMM Energy: -1610.9256227135213 kcal/mol

-----------------------
Ending OpenMM interface
-----------------------

----------------------------------------------------------------
Time to calculate step (OpenMM run): 0.005 seconds, 0.0 minutes.
----------------------------------------------------------------

-------------------------------------------------------------
Time to calculate step (MM step): 0.005 seconds, 0.0 minutes.
-------------------------------------------------------------

Note: You are using electrostatic embedding. This means that the QM-energy is actually the polarized QM-energy
Note: MM energy also contains the QM-MM Lennard-Jones interaction

QM energy:              -836.418631887500 
MM energy:                -2.567173388288
QM/MM energy:           -838.985805275788 

  ------------ENDING QM/MM MODULE------------- 

----------------------------------------------------------------
Time to calculate step (QM/MM run): 88.375 seconds, 1.5 minutes.
----------------------------------------------------------------
geometric called save_guess_files option option for ASHengineclass.
This option is currently unsupported in ASH. Continuing.

Convergence criteria: {'convergence_energy': 1e-05, 'convergence_grms': 0.003, 'convergence_gmax': 0.006, 'convergence_drms': 0.01, 'convergence_dmax': 0.015, 'convergence_cmax': 0.01}

Replacing coordinates in fragment.
Creating/Updating fragment attributes...
Number of Atoms in fragment: 88
Formula: H38N12C20O18
Label: CHHCCOOOCHCHCCHCHCHOHCOOCNHHNHHNHHCOOHCNHHNHHNHHCNHHNHHNHHCOOHCNHHNHHNHHCOOHCOOHCOOHCOOH
Charge: -2 Mult: 1

--------------------------------------------------------------------------------
Wrote XYZ file:  Fragment-currentgeo.xyz
Current geometry (Å) in step 9 (print_atoms_list region)
---------------------------------------------------
        C  57.99295296   34.79249016   59.44552855
        H  58.69613921   34.03759287   59.33813944
        H  57.47453019   35.22015342   58.61709233
        C  57.85333737   35.34460210   60.59758955
        C  56.93498507   36.51668491   61.22186342
        O  57.01183961   37.55384140   60.47465216
        O  56.16984827   36.32252684   62.32970659
        O  58.56361446   34.97371387   61.56212268
        C  56.96173996   31.57135475   55.61976744
        H  56.27061841   30.72811914   55.54558296
        C  58.25987367   31.52438932   56.10406280
        H  58.60582056   30.61984879   56.63366645
        C  59.19405309   32.62631548   55.91419144
        C  58.90526895   33.53563332   54.83698646
        H  59.75053665   34.06907552   54.39721332
        C  57.63600306   33.64572909   54.37613936
        H  57.37517769   34.26259044   53.51764968
        C  56.55543872   32.96519998   55.16310481
        H  56.73457283   33.50235194   56.14488000
        O  55.23269092   33.25854815   54.78656230
        H  54.71820960   32.54529404   54.51499703
        C  60.52030713   32.74206993   56.66317671
        O  60.46581997   33.06629958   57.90246436
        O  61.44873675   32.38671775   55.86282808
        C  58.40400000   28.29340000   64.58310000
        N  58.55457700   28.67862000   63.31904600
        H  58.24406000   29.34112200   64.01530000
        H  58.75074600   27.72358200   63.58271300
        N  57.99510100   29.16580400   65.49994900
        H  58.19127000   28.21076600   65.76361600
        H  58.10944900   29.45834000   64.54002800
        N  58.66232100   27.03577600   64.93030500
        H  58.77667000   27.32831100   63.97038400
        H  58.35180400   27.69827800   65.62655900
        C  67.01360000   28.50850000   47.75060000
        O  68.19742500   28.57027600   47.35406300
        O  66.30231600   27.48111700   47.78315900
        H  66.55562100   29.44435000   48.10336100
        C  52.46130000   28.07600000   62.72310000
        N  52.61187700   28.46122000   61.45904600
        H  52.30136000   29.12372200   62.15530000
        H  52.80804600   27.50618200   61.72271300
        N  52.05240100   28.94840400   63.63994900
        H  52.24857000   27.99336600   63.90361600
        H  52.16674900   29.24094000   62.68002800
        N  52.71962100   26.81837600   63.07030500
        H  52.83397000   27.11091100   62.11038400
        H  52.40910400   27.48087800   63.76655900
        C  60.41080000   36.44790000   65.77150000
        N  60.56137700   36.83312000   64.50744600
        H  60.25086000   37.49562200   65.20370000
        H  60.75754600   35.87808200   64.77111300
        N  60.00190100   37.32030400   66.68834900
        H  60.19807000   36.36526600   66.95201600
        H  60.11624900   37.61284000   65.72842800
        N  60.66912100   35.19027600   66.11870500
        H  60.78347000   35.48281100   65.15878400
        H  60.35860400   35.85277800   66.81495900
        C  63.47260000   23.91410000   51.50160000
        O  64.65642500   23.97587600   51.10506300
        O  62.76131600   22.88671700   51.53415900
        H  63.01462100   24.84995000   51.85436100
        C  54.68960000   39.54520000   64.49300000
        N  54.84017700   39.93042000   63.22894600
        H  54.52966000   40.59292200   63.92520000
        H  55.03634600   38.97538200   63.49261300
        N  54.28070100   40.41760400   65.40984900
        H  54.47687000   39.46256600   65.67351600
        H  54.39504900   40.71014000   64.44992800
        N  54.94792100   38.28757600   64.84020500
        H  55.06227000   38.58011100   63.88028400
        H  54.63740400   38.95007800   65.53645900
        C  59.62790000   26.15480000   47.42090000
        O  60.81172500   26.21657600   47.02436300
        O  58.91661600   25.12741700   47.45345900
        H  59.16992100   27.09065000   47.77366100
        C  70.34110000   31.41640000   54.54500000
        O  71.52492500   31.47817600   54.14846300
        O  69.62981600   30.38901700   54.57755900
        H  69.88312100   32.35225000   54.89776100
        C  66.86940000   37.56380000   49.32380000
        O  68.05322500   37.62557600   48.92726300
        O  66.15811600   36.53641700   49.35635900
        H  66.41142100   38.49965000   49.67656100
        C  61.97710000   32.37860000   44.74950000
        O  63.16092500   32.44037600   44.35296300
        O  61.26581600   31.35121700   44.78205900
        H  61.51912100   33.31445000   45.10226100

Note: printed only print_atoms_list (this is not necessarily all atoms) 
  ------------RUNNING QM/MM MODULE------------- 
QM Module: ORCATheory
MM Module: OpenMMTheory
Charge provided from QMMMTheory object:  -2
Mult provided from QMMMTheory object:  1
QM-region Charge: -2 Mult: 1
Embedding: Electrostatic
Number of pointcharges (to QM program): 64
Number of charge coordinates: 64
Running QM/MM object with 8 cores available

-------------------------------------------------------------------
Time to calculate step (before-QMstep): 0.000 seconds, 0.0 minutes.
-------------------------------------------------------------------
  ------------RUNNING ORCA INTERFACE------------- 
Object-label: ORCA
Run-label: None
Running ORCA with 8 cores available
Moreadfile option not active
A GBW-file with same basename : orca.gbw is present
Autostart is False. ORCA will ignore any file present
Creating inputfile: orca.inp
ORCA input:
! B3LYP D3BJ def2-SVP def2/J RIJCOSX CPCM TightSCF

! Noautostart

%cpcm epsilon 4.0 end
%scf MaxIter 300 Guess PModel end
Charge: -2  Mult: 1
Pointcharge embedding is on!
 ORCA Calculation starting. 
Found warning messages in ORCA outputfile:
WARNING: The chosen methods will break translational/rotational symmetry
 WARNING: The chosen methods will break translational symmetry
 WARNING: The chosen methods will break translational symmetry
 Warning: op=0 Small HOMO/LUMO gap (   0.014) - skipping pre-diagonalization

 ORCA Calculation done. 
ORCA converged in 16 iterations
ORCA energy: -836.442409289406
  ------------ENDING ORCA-INTERFACE------------- 

---------------------------------------------------------------
Time to calculate step (ORCA run): 92.979 seconds, 1.5 minutes.
---------------------------------------------------------------

--------------------------------------------------------------
Time to calculate step (QM step): 92.979 seconds, 1.5 minutes.
--------------------------------------------------------------

----------------------------------------------------------------------
Time to calculate step (QMpcgrad prepare): 0.000 seconds, 0.0 minutes.
----------------------------------------------------------------------

--------------------------------------------------------------------------
Time to calculate step (linkatomgrad prepare): 0.000 seconds, 0.0 minutes.
--------------------------------------------------------------------------

----------------------------------------------------------------------------
Time to calculate step (QM/MM gradient prepare): 0.000 seconds, 0.0 minutes.
----------------------------------------------------------------------------
Using OpenMM theory as part of QM/MM.
Using MM on full system. Charges for QM region [0, 1, 2, 3, 4, 5, 6, 7, 8, 9, 10, 11, 12, 13, 14, 15, 16, 17, 18, 19, 20, 21, 22, 23] have been set to zero 

--------------------------------------------------------------------------------
                   Creating/updating OpenMM simulation object                   
--------------------------------------------------------------------------------

Integrator name: VerletIntegrator
Timestep: 0.001
Temperature: 300
Coupling frequency: 1
Properties: {'Threads': '1'}
Topology: <Topology; 1 chains, 1 residues, 88 atoms, 0 bonds>

----------------------------------------------------------------------------------
Time to calculate step (creating/updating simulation): 0.002 seconds, 0.0 minutes.
----------------------------------------------------------------------------------

--------------------------------------------------------------------------------
                     Running Single-point OpenMM Interface                      
--------------------------------------------------------------------------------

Number of OpenMM system constraints defined: 0

-----------------------------------------------------------------------------------
Time to calculate step (OpenMMTheory.run: const-check): 0.002 seconds, 0.0 minutes.
-----------------------------------------------------------------------------------
Updating coordinates.

------------------------------------------------------------------------
Time to calculate step (Creating pos array): 0.000 seconds, 0.0 minutes.
------------------------------------------------------------------------

---------------------------------------------------------------------------
Time to calculate step (Updating MM positions): 0.000 seconds, 0.0 minutes.
---------------------------------------------------------------------------
Calling OpenMM getState.

---------------------------------------------------------------------
Time to calculate step (OpenMM getState): 0.000 seconds, 0.0 minutes.
---------------------------------------------------------------------
OpenMM Energy: -2.5677363784631755 Eh
OpenMM Energy: -1611.2789043821165 kcal/mol

-----------------------
Ending OpenMM interface
-----------------------

----------------------------------------------------------------
Time to calculate step (OpenMM run): 0.003 seconds, 0.0 minutes.
----------------------------------------------------------------

-------------------------------------------------------------
Time to calculate step (MM step): 0.003 seconds, 0.0 minutes.
-------------------------------------------------------------

Note: You are using electrostatic embedding. This means that the QM-energy is actually the polarized QM-energy
Note: MM energy also contains the QM-MM Lennard-Jones interaction

QM energy:              -836.442409289406 
MM energy:                -2.567736378463
QM/MM energy:           -839.010145667869 

  ------------ENDING QM/MM MODULE------------- 

----------------------------------------------------------------
Time to calculate step (QM/MM run): 92.982 seconds, 1.5 minutes.
----------------------------------------------------------------
geometric called save_guess_files option option for ASHengineclass.
This option is currently unsupported in ASH. Continuing.

Convergence criteria: {'convergence_energy': 1e-05, 'convergence_grms': 0.003, 'convergence_gmax': 0.006, 'convergence_drms': 0.01, 'convergence_dmax': 0.015, 'convergence_cmax': 0.01}

Replacing coordinates in fragment.
Creating/Updating fragment attributes...
Number of Atoms in fragment: 88
Formula: H38N12C20O18
Label: CHHCCOOOCHCHCCHCHCHOHCOOCNHHNHHNHHCOOHCNHHNHHNHHCNHHNHHNHHCOOHCNHHNHHNHHCOOHCOOHCOOHCOOH
Charge: -2 Mult: 1

--------------------------------------------------------------------------------
Wrote XYZ file:  Fragment-currentgeo.xyz
Current geometry (Å) in step 10 (print_atoms_list region)
---------------------------------------------------
        C  57.84010118   34.83739228   59.60628715
        H  58.59204827   34.09068970   59.29945580
        H  57.24530354   35.27144560   58.82537475
        C  57.84158560   35.33064701   60.91612698
        C  56.88323826   36.51851877   61.29592550
        O  56.91483777   37.65270138   60.74370336
        O  56.16718385   36.34923082   62.40825008
        O  58.67424869   35.03334746   61.91671817
        C  56.96677483   31.60921931   55.63269729
        H  56.27780102   30.73603507   55.53272001
        C  58.24017031   31.50755926   56.11667832
        H  58.56597613   30.58442523   56.62250041
        C  59.16594955   32.61587687   55.95875143
        C  58.90505349   33.53264322   54.87959255
        H  59.75432057   34.07493009   54.45135688
        C  57.63211319   33.65159641   54.39174393
        H  57.37804547   34.27430071   53.53533967
        C  56.54680942   32.97515575   55.18049621
        H  56.70533371   33.49402552   56.15978877
        O  55.23241510   33.25375640   54.82050314
        H  54.73665396   32.51680690   54.41494165
        C  60.44732698   32.72091644   56.74361830
        O  60.46200750   33.04017232   57.94176717
        O  61.42143456   32.43803862   55.98465500
        C  58.40400000   28.29340000   64.58310000
        N  58.55457700   28.67862000   63.31904600
        H  58.24406000   29.34112200   64.01530000
        H  58.75074600   27.72358200   63.58271300
        N  57.99510100   29.16580400   65.49994900
        H  58.19127000   28.21076600   65.76361600
        H  58.10944900   29.45834000   64.54002800
        N  58.66232100   27.03577600   64.93030500
        H  58.77667000   27.32831100   63.97038400
        H  58.35180400   27.69827800   65.62655900
        C  67.01360000   28.50850000   47.75060000
        O  68.19742500   28.57027600   47.35406300
        O  66.30231600   27.48111700   47.78315900
        H  66.55562100   29.44435000   48.10336100
        C  52.46130000   28.07600000   62.72310000
        N  52.61187700   28.46122000   61.45904600
        H  52.30136000   29.12372200   62.15530000
        H  52.80804600   27.50618200   61.72271300
        N  52.05240100   28.94840400   63.63994900
        H  52.24857000   27.99336600   63.90361600
        H  52.16674900   29.24094000   62.68002800
        N  52.71962100   26.81837600   63.07030500
        H  52.83397000   27.11091100   62.11038400
        H  52.40910400   27.48087800   63.76655900
        C  60.41080000   36.44790000   65.77150000
        N  60.56137700   36.83312000   64.50744600
        H  60.25086000   37.49562200   65.20370000
        H  60.75754600   35.87808200   64.77111300
        N  60.00190100   37.32030400   66.68834900
        H  60.19807000   36.36526600   66.95201600
        H  60.11624900   37.61284000   65.72842800
        N  60.66912100   35.19027600   66.11870500
        H  60.78347000   35.48281100   65.15878400
        H  60.35860400   35.85277800   66.81495900
        C  63.47260000   23.91410000   51.50160000
        O  64.65642500   23.97587600   51.10506300
        O  62.76131600   22.88671700   51.53415900
        H  63.01462100   24.84995000   51.85436100
        C  54.68960000   39.54520000   64.49300000
        N  54.84017700   39.93042000   63.22894600
        H  54.52966000   40.59292200   63.92520000
        H  55.03634600   38.97538200   63.49261300
        N  54.28070100   40.41760400   65.40984900
        H  54.47687000   39.46256600   65.67351600
        H  54.39504900   40.71014000   64.44992800
        N  54.94792100   38.28757600   64.84020500
        H  55.06227000   38.58011100   63.88028400
        H  54.63740400   38.95007800   65.53645900
        C  59.62790000   26.15480000   47.42090000
        O  60.81172500   26.21657600   47.02436300
        O  58.91661600   25.12741700   47.45345900
        H  59.16992100   27.09065000   47.77366100
        C  70.34110000   31.41640000   54.54500000
        O  71.52492500   31.47817600   54.14846300
        O  69.62981600   30.38901700   54.57755900
        H  69.88312100   32.35225000   54.89776100
        C  66.86940000   37.56380000   49.32380000
        O  68.05322500   37.62557600   48.92726300
        O  66.15811600   36.53641700   49.35635900
        H  66.41142100   38.49965000   49.67656100
        C  61.97710000   32.37860000   44.74950000
        O  63.16092500   32.44037600   44.35296300
        O  61.26581600   31.35121700   44.78205900
        H  61.51912100   33.31445000   45.10226100

Note: printed only print_atoms_list (this is not necessarily all atoms) 
  ------------RUNNING QM/MM MODULE------------- 
QM Module: ORCATheory
MM Module: OpenMMTheory
Charge provided from QMMMTheory object:  -2
Mult provided from QMMMTheory object:  1
QM-region Charge: -2 Mult: 1
Embedding: Electrostatic
Number of pointcharges (to QM program): 64
Number of charge coordinates: 64
Running QM/MM object with 8 cores available

-------------------------------------------------------------------
Time to calculate step (before-QMstep): 0.000 seconds, 0.0 minutes.
-------------------------------------------------------------------
  ------------RUNNING ORCA INTERFACE------------- 
Object-label: ORCA
Run-label: None
Running ORCA with 8 cores available
Moreadfile option not active
A GBW-file with same basename : orca.gbw is present
Autostart is False. ORCA will ignore any file present
Creating inputfile: orca.inp
ORCA input:
! B3LYP D3BJ def2-SVP def2/J RIJCOSX CPCM TightSCF

! Noautostart

%cpcm epsilon 4.0 end
%scf MaxIter 300 Guess PModel end
Charge: -2  Mult: 1
Pointcharge embedding is on!
 ORCA Calculation starting. 
Found warning messages in ORCA outputfile:
WARNING: The chosen methods will break translational/rotational symmetry
 WARNING: The chosen methods will break translational symmetry
 WARNING: The chosen methods will break translational symmetry
 Warning: op=0 Small HOMO/LUMO gap (   0.051) - skipping pre-diagonalization

 ORCA Calculation done. 
ORCA converged in 16 iterations
ORCA energy: -836.512738744277
  ------------ENDING ORCA-INTERFACE------------- 

---------------------------------------------------------------
Time to calculate step (ORCA run): 93.581 seconds, 1.6 minutes.
---------------------------------------------------------------

--------------------------------------------------------------
Time to calculate step (QM step): 93.581 seconds, 1.6 minutes.
--------------------------------------------------------------

----------------------------------------------------------------------
Time to calculate step (QMpcgrad prepare): 0.000 seconds, 0.0 minutes.
----------------------------------------------------------------------

--------------------------------------------------------------------------
Time to calculate step (linkatomgrad prepare): 0.000 seconds, 0.0 minutes.
--------------------------------------------------------------------------

----------------------------------------------------------------------------
Time to calculate step (QM/MM gradient prepare): 0.000 seconds, 0.0 minutes.
----------------------------------------------------------------------------
Using OpenMM theory as part of QM/MM.
Using MM on full system. Charges for QM region [0, 1, 2, 3, 4, 5, 6, 7, 8, 9, 10, 11, 12, 13, 14, 15, 16, 17, 18, 19, 20, 21, 22, 23] have been set to zero 

--------------------------------------------------------------------------------
                   Creating/updating OpenMM simulation object                   
--------------------------------------------------------------------------------

Integrator name: VerletIntegrator
Timestep: 0.001
Temperature: 300
Coupling frequency: 1
Properties: {'Threads': '1'}
Topology: <Topology; 1 chains, 1 residues, 88 atoms, 0 bonds>

----------------------------------------------------------------------------------
Time to calculate step (creating/updating simulation): 0.001 seconds, 0.0 minutes.
----------------------------------------------------------------------------------

--------------------------------------------------------------------------------
                     Running Single-point OpenMM Interface                      
--------------------------------------------------------------------------------

Number of OpenMM system constraints defined: 0

-----------------------------------------------------------------------------------
Time to calculate step (OpenMMTheory.run: const-check): 0.001 seconds, 0.0 minutes.
-----------------------------------------------------------------------------------
Updating coordinates.

------------------------------------------------------------------------
Time to calculate step (Creating pos array): 0.000 seconds, 0.0 minutes.
------------------------------------------------------------------------

---------------------------------------------------------------------------
Time to calculate step (Updating MM positions): 0.000 seconds, 0.0 minutes.
---------------------------------------------------------------------------
Calling OpenMM getState.

---------------------------------------------------------------------
Time to calculate step (OpenMM getState): 0.000 seconds, 0.0 minutes.
---------------------------------------------------------------------
OpenMM Energy: -2.5681438957135896 Eh
OpenMM Energy: -1611.5346253175953 kcal/mol

-----------------------
Ending OpenMM interface
-----------------------

----------------------------------------------------------------
Time to calculate step (OpenMM run): 0.002 seconds, 0.0 minutes.
----------------------------------------------------------------

-------------------------------------------------------------
Time to calculate step (MM step): 0.002 seconds, 0.0 minutes.
-------------------------------------------------------------

Note: You are using electrostatic embedding. This means that the QM-energy is actually the polarized QM-energy
Note: MM energy also contains the QM-MM Lennard-Jones interaction

QM energy:              -836.512738744277 
MM energy:                -2.568143895714
QM/MM energy:           -839.080882639991 

  ------------ENDING QM/MM MODULE------------- 

----------------------------------------------------------------
Time to calculate step (QM/MM run): 93.584 seconds, 1.6 minutes.
----------------------------------------------------------------
geometric called save_guess_files option option for ASHengineclass.
This option is currently unsupported in ASH. Continuing.

Convergence criteria: {'convergence_energy': 1e-05, 'convergence_grms': 0.003, 'convergence_gmax': 0.006, 'convergence_drms': 0.01, 'convergence_dmax': 0.015, 'convergence_cmax': 0.01}

Replacing coordinates in fragment.
Creating/Updating fragment attributes...
Number of Atoms in fragment: 88
Formula: H38N12C20O18
Label: CHHCCOOOCHCHCCHCHCHOHCOOCNHHNHHNHHCOOHCNHHNHHNHHCNHHNHHNHHCOOHCNHHNHHNHHCOOHCOOHCOOHCOOH
Charge: -2 Mult: 1

--------------------------------------------------------------------------------
Wrote XYZ file:  Fragment-currentgeo.xyz
Current geometry (Å) in step 11 (print_atoms_list region)
---------------------------------------------------
        C  57.70617459   34.94414075   59.91781067
        H  58.42986088   34.19131869   59.45224014
        H  56.93406107   35.27306279   59.08739476
        C  57.82469899   35.44262369   61.25068800
        C  56.80595898   36.57333219   61.68207164
        O  56.81952814   37.66354610   61.07081833
        O  56.09671946   36.40998573   62.75449718
        O  58.63873834   35.09539546   62.19317166
        C  56.95390078   31.61636128   55.65182187
        H  56.27040373   30.76353947   55.53513572
        C  58.21011495   31.47232063   56.13865230
        H  58.55314310   30.55680292   56.63183749
        C  59.13669155   32.57456754   56.00285526
        C  58.91066075   33.52641807   54.94500395
        H  59.76696811   34.08223943   54.55040749
        C  57.65000969   33.66396246   54.44164732
        H  57.41678097   34.30165789   53.58386665
        C  56.53763173   32.97779585   55.19673459
        H  56.65131035   33.49600577   56.16195059
        O  55.23228004   33.24168359   54.83934635
        H  54.80859040   32.50366977   54.32369038
        C  60.38437664   32.70630883   56.84480587
        O  60.29409447   33.08687229   58.04629617
        O  61.36040838   32.44108232   56.12153939
        C  58.40400000   28.29340000   64.58310000
        N  58.55457700   28.67862000   63.31904600
        H  58.24406000   29.34112200   64.01530000
        H  58.75074600   27.72358200   63.58271300
        N  57.99510100   29.16580400   65.49994900
        H  58.19127000   28.21076600   65.76361600
        H  58.10944900   29.45834000   64.54002800
        N  58.66232100   27.03577600   64.93030500
        H  58.77667000   27.32831100   63.97038400
        H  58.35180400   27.69827800   65.62655900
        C  67.01360000   28.50850000   47.75060000
        O  68.19742500   28.57027600   47.35406300
        O  66.30231600   27.48111700   47.78315900
        H  66.55562100   29.44435000   48.10336100
        C  52.46130000   28.07600000   62.72310000
        N  52.61187700   28.46122000   61.45904600
        H  52.30136000   29.12372200   62.15530000
        H  52.80804600   27.50618200   61.72271300
        N  52.05240100   28.94840400   63.63994900
        H  52.24857000   27.99336600   63.90361600
        H  52.16674900   29.24094000   62.68002800
        N  52.71962100   26.81837600   63.07030500
        H  52.83397000   27.11091100   62.11038400
        H  52.40910400   27.48087800   63.76655900
        C  60.41080000   36.44790000   65.77150000
        N  60.56137700   36.83312000   64.50744600
        H  60.25086000   37.49562200   65.20370000
        H  60.75754600   35.87808200   64.77111300
        N  60.00190100   37.32030400   66.68834900
        H  60.19807000   36.36526600   66.95201600
        H  60.11624900   37.61284000   65.72842800
        N  60.66912100   35.19027600   66.11870500
        H  60.78347000   35.48281100   65.15878400
        H  60.35860400   35.85277800   66.81495900
        C  63.47260000   23.91410000   51.50160000
        O  64.65642500   23.97587600   51.10506300
        O  62.76131600   22.88671700   51.53415900
        H  63.01462100   24.84995000   51.85436100
        C  54.68960000   39.54520000   64.49300000
        N  54.84017700   39.93042000   63.22894600
        H  54.52966000   40.59292200   63.92520000
        H  55.03634600   38.97538200   63.49261300
        N  54.28070100   40.41760400   65.40984900
        H  54.47687000   39.46256600   65.67351600
        H  54.39504900   40.71014000   64.44992800
        N  54.94792100   38.28757600   64.84020500
        H  55.06227000   38.58011100   63.88028400
        H  54.63740400   38.95007800   65.53645900
        C  59.62790000   26.15480000   47.42090000
        O  60.81172500   26.21657600   47.02436300
        O  58.91661600   25.12741700   47.45345900
        H  59.16992100   27.09065000   47.77366100
        C  70.34110000   31.41640000   54.54500000
        O  71.52492500   31.47817600   54.14846300
        O  69.62981600   30.38901700   54.57755900
        H  69.88312100   32.35225000   54.89776100
        C  66.86940000   37.56380000   49.32380000
        O  68.05322500   37.62557600   48.92726300
        O  66.15811600   36.53641700   49.35635900
        H  66.41142100   38.49965000   49.67656100
        C  61.97710000   32.37860000   44.74950000
        O  63.16092500   32.44037600   44.35296300
        O  61.26581600   31.35121700   44.78205900
        H  61.51912100   33.31445000   45.10226100

Note: printed only print_atoms_list (this is not necessarily all atoms) 
  ------------RUNNING QM/MM MODULE------------- 
QM Module: ORCATheory
MM Module: OpenMMTheory
Charge provided from QMMMTheory object:  -2
Mult provided from QMMMTheory object:  1
QM-region Charge: -2 Mult: 1
Embedding: Electrostatic
Number of pointcharges (to QM program): 64
Number of charge coordinates: 64
Running QM/MM object with 8 cores available

-------------------------------------------------------------------
Time to calculate step (before-QMstep): 0.000 seconds, 0.0 minutes.
-------------------------------------------------------------------
  ------------RUNNING ORCA INTERFACE------------- 
Object-label: ORCA
Run-label: None
Running ORCA with 8 cores available
Moreadfile option not active
A GBW-file with same basename : orca.gbw is present
Autostart is False. ORCA will ignore any file present
Creating inputfile: orca.inp
ORCA input:
! B3LYP D3BJ def2-SVP def2/J RIJCOSX CPCM TightSCF

! Noautostart

%cpcm epsilon 4.0 end
%scf MaxIter 300 Guess PModel end
Charge: -2  Mult: 1
Pointcharge embedding is on!
 ORCA Calculation starting. 
Found warning messages in ORCA outputfile:
WARNING: The chosen methods will break translational/rotational symmetry
 WARNING: The chosen methods will break translational symmetry
 WARNING: The chosen methods will break translational symmetry
 Warning: op=0 Small HOMO/LUMO gap (  -0.630) - skipping pre-diagonalization
 Warning: op=0 Small HOMO/LUMO gap (   0.014) - skipping pre-diagonalization

 ORCA Calculation done. 
ORCA converged in 37 iterations
ORCA energy: -836.541993556533
  ------------ENDING ORCA-INTERFACE------------- 

----------------------------------------------------------------
Time to calculate step (ORCA run): 145.656 seconds, 2.4 minutes.
----------------------------------------------------------------

---------------------------------------------------------------
Time to calculate step (QM step): 145.656 seconds, 2.4 minutes.
---------------------------------------------------------------

----------------------------------------------------------------------
Time to calculate step (QMpcgrad prepare): 0.000 seconds, 0.0 minutes.
----------------------------------------------------------------------

--------------------------------------------------------------------------
Time to calculate step (linkatomgrad prepare): 0.000 seconds, 0.0 minutes.
--------------------------------------------------------------------------

----------------------------------------------------------------------------
Time to calculate step (QM/MM gradient prepare): 0.000 seconds, 0.0 minutes.
----------------------------------------------------------------------------
Using OpenMM theory as part of QM/MM.
Using MM on full system. Charges for QM region [0, 1, 2, 3, 4, 5, 6, 7, 8, 9, 10, 11, 12, 13, 14, 15, 16, 17, 18, 19, 20, 21, 22, 23] have been set to zero 

--------------------------------------------------------------------------------
                   Creating/updating OpenMM simulation object                   
--------------------------------------------------------------------------------

Integrator name: VerletIntegrator
Timestep: 0.001
Temperature: 300
Coupling frequency: 1
Properties: {'Threads': '1'}
Topology: <Topology; 1 chains, 1 residues, 88 atoms, 0 bonds>

----------------------------------------------------------------------------------
Time to calculate step (creating/updating simulation): 0.003 seconds, 0.0 minutes.
----------------------------------------------------------------------------------

--------------------------------------------------------------------------------
                     Running Single-point OpenMM Interface                      
--------------------------------------------------------------------------------

Number of OpenMM system constraints defined: 0

-----------------------------------------------------------------------------------
Time to calculate step (OpenMMTheory.run: const-check): 0.003 seconds, 0.0 minutes.
-----------------------------------------------------------------------------------
Updating coordinates.

------------------------------------------------------------------------
Time to calculate step (Creating pos array): 0.000 seconds, 0.0 minutes.
------------------------------------------------------------------------

---------------------------------------------------------------------------
Time to calculate step (Updating MM positions): 0.000 seconds, 0.0 minutes.
---------------------------------------------------------------------------
Calling OpenMM getState.

---------------------------------------------------------------------
Time to calculate step (OpenMM getState): 0.001 seconds, 0.0 minutes.
---------------------------------------------------------------------
OpenMM Energy: -2.568345857401795 Eh
OpenMM Energy: -1611.6613581903423 kcal/mol

-----------------------
Ending OpenMM interface
-----------------------

----------------------------------------------------------------
Time to calculate step (OpenMM run): 0.004 seconds, 0.0 minutes.
----------------------------------------------------------------

-------------------------------------------------------------
Time to calculate step (MM step): 0.004 seconds, 0.0 minutes.
-------------------------------------------------------------

Note: You are using electrostatic embedding. This means that the QM-energy is actually the polarized QM-energy
Note: MM energy also contains the QM-MM Lennard-Jones interaction

QM energy:              -836.541993556533 
MM energy:                -2.568345857402
QM/MM energy:           -839.110339413935 

  ------------ENDING QM/MM MODULE------------- 

-----------------------------------------------------------------
Time to calculate step (QM/MM run): 145.661 seconds, 2.4 minutes.
-----------------------------------------------------------------
geometric called save_guess_files option option for ASHengineclass.
This option is currently unsupported in ASH. Continuing.

Convergence criteria: {'convergence_energy': 1e-05, 'convergence_grms': 0.003, 'convergence_gmax': 0.006, 'convergence_drms': 0.01, 'convergence_dmax': 0.015, 'convergence_cmax': 0.01}

Replacing coordinates in fragment.
Creating/Updating fragment attributes...
Number of Atoms in fragment: 88
Formula: H38N12C20O18
Label: CHHCCOOOCHCHCCHCHCHOHCOOCNHHNHHNHHCOOHCNHHNHHNHHCNHHNHHNHHCOOHCNHHNHHNHHCOOHCOOHCOOHCOOH
Charge: -2 Mult: 1

--------------------------------------------------------------------------------
Wrote XYZ file:  Fragment-currentgeo.xyz
Current geometry (Å) in step 12 (print_atoms_list region)
---------------------------------------------------
        C  57.47300546   35.03591059   60.34077818
        H  58.18723509   34.33009132   59.81271129
        H  56.70516251   35.39408494   59.60674884
        C  57.64602017   35.51319159   61.63831960
        C  56.68275904   36.65921940   62.18920367
        O  56.65048423   37.72503070   61.56267113
        O  56.04510518   36.50633363   63.28516728
        O  58.58711152   35.22594644   62.53197253
        C  56.93395376   31.60580034   55.67094000
        H  56.24417319   30.80950229   55.57344034
        C  58.17730237   31.43599026   56.16667300
        H  58.54268779   30.51997674   56.63366751
        C  59.09824911   32.54568854   56.07068382
        C  58.91596864   33.52019433   55.03252897
        H  59.78215193   34.09243133   54.69204895
        C  57.67619131   33.68070043   54.51571157
        H  57.47349533   34.35758053   53.67446146
        C  56.53173521   32.97741070   55.21891268
        H  56.56974143   33.51677342   56.17298998
        O  55.22705409   33.20409865   54.81915039
        H  54.92945643   32.49400897   54.20440543
        C  60.28797815   32.70564740   56.97720772
        O  60.08470354   33.06428585   58.15872967
        O  61.26852461   32.45895758   56.32441423
        C  58.40400000   28.29340000   64.58310000
        N  58.55457700   28.67862000   63.31904600
        H  58.24406000   29.34112200   64.01530000
        H  58.75074600   27.72358200   63.58271300
        N  57.99510100   29.16580400   65.49994900
        H  58.19127000   28.21076600   65.76361600
        H  58.10944900   29.45834000   64.54002800
        N  58.66232100   27.03577600   64.93030500
        H  58.77667000   27.32831100   63.97038400
        H  58.35180400   27.69827800   65.62655900
        C  67.01360000   28.50850000   47.75060000
        O  68.19742500   28.57027600   47.35406300
        O  66.30231600   27.48111700   47.78315900
        H  66.55562100   29.44435000   48.10336100
        C  52.46130000   28.07600000   62.72310000
        N  52.61187700   28.46122000   61.45904600
        H  52.30136000   29.12372200   62.15530000
        H  52.80804600   27.50618200   61.72271300
        N  52.05240100   28.94840400   63.63994900
        H  52.24857000   27.99336600   63.90361600
        H  52.16674900   29.24094000   62.68002800
        N  52.71962100   26.81837600   63.07030500
        H  52.83397000   27.11091100   62.11038400
        H  52.40910400   27.48087800   63.76655900
        C  60.41080000   36.44790000   65.77150000
        N  60.56137700   36.83312000   64.50744600
        H  60.25086000   37.49562200   65.20370000
        H  60.75754600   35.87808200   64.77111300
        N  60.00190100   37.32030400   66.68834900
        H  60.19807000   36.36526600   66.95201600
        H  60.11624900   37.61284000   65.72842800
        N  60.66912100   35.19027600   66.11870500
        H  60.78347000   35.48281100   65.15878400
        H  60.35860400   35.85277800   66.81495900
        C  63.47260000   23.91410000   51.50160000
        O  64.65642500   23.97587600   51.10506300
        O  62.76131600   22.88671700   51.53415900
        H  63.01462100   24.84995000   51.85436100
        C  54.68960000   39.54520000   64.49300000
        N  54.84017700   39.93042000   63.22894600
        H  54.52966000   40.59292200   63.92520000
        H  55.03634600   38.97538200   63.49261300
        N  54.28070100   40.41760400   65.40984900
        H  54.47687000   39.46256600   65.67351600
        H  54.39504900   40.71014000   64.44992800
        N  54.94792100   38.28757600   64.84020500
        H  55.06227000   38.58011100   63.88028400
        H  54.63740400   38.95007800   65.53645900
        C  59.62790000   26.15480000   47.42090000
        O  60.81172500   26.21657600   47.02436300
        O  58.91661600   25.12741700   47.45345900
        H  59.16992100   27.09065000   47.77366100
        C  70.34110000   31.41640000   54.54500000
        O  71.52492500   31.47817600   54.14846300
        O  69.62981600   30.38901700   54.57755900
        H  69.88312100   32.35225000   54.89776100
        C  66.86940000   37.56380000   49.32380000
        O  68.05322500   37.62557600   48.92726300
        O  66.15811600   36.53641700   49.35635900
        H  66.41142100   38.49965000   49.67656100
        C  61.97710000   32.37860000   44.74950000
        O  63.16092500   32.44037600   44.35296300
        O  61.26581600   31.35121700   44.78205900
        H  61.51912100   33.31445000   45.10226100

Note: printed only print_atoms_list (this is not necessarily all atoms) 
  ------------RUNNING QM/MM MODULE------------- 
QM Module: ORCATheory
MM Module: OpenMMTheory
Charge provided from QMMMTheory object:  -2
Mult provided from QMMMTheory object:  1
QM-region Charge: -2 Mult: 1
Embedding: Electrostatic
Number of pointcharges (to QM program): 64
Number of charge coordinates: 64
Running QM/MM object with 8 cores available

-------------------------------------------------------------------
Time to calculate step (before-QMstep): 0.000 seconds, 0.0 minutes.
-------------------------------------------------------------------
  ------------RUNNING ORCA INTERFACE------------- 
Object-label: ORCA
Run-label: None
Running ORCA with 8 cores available
Moreadfile option not active
A GBW-file with same basename : orca.gbw is present
Autostart is False. ORCA will ignore any file present
Creating inputfile: orca.inp
ORCA input:
! B3LYP D3BJ def2-SVP def2/J RIJCOSX CPCM TightSCF

! Noautostart

%cpcm epsilon 4.0 end
%scf MaxIter 300 Guess PModel end
Charge: -2  Mult: 1
Pointcharge embedding is on!
 ORCA Calculation starting. 
Found warning messages in ORCA outputfile:
WARNING: The chosen methods will break translational/rotational symmetry
 WARNING: The chosen methods will break translational symmetry
 WARNING: The chosen methods will break translational symmetry
 Warning: op=0 Small HOMO/LUMO gap (  -0.639) - skipping pre-diagonalization

 ORCA Calculation done. 
ORCA converged in 32 iterations
ORCA energy: -836.590193953949
  ------------ENDING ORCA-INTERFACE------------- 

----------------------------------------------------------------
Time to calculate step (ORCA run): 133.644 seconds, 2.2 minutes.
----------------------------------------------------------------

---------------------------------------------------------------
Time to calculate step (QM step): 133.644 seconds, 2.2 minutes.
---------------------------------------------------------------

----------------------------------------------------------------------
Time to calculate step (QMpcgrad prepare): 0.000 seconds, 0.0 minutes.
----------------------------------------------------------------------

--------------------------------------------------------------------------
Time to calculate step (linkatomgrad prepare): 0.000 seconds, 0.0 minutes.
--------------------------------------------------------------------------

----------------------------------------------------------------------------
Time to calculate step (QM/MM gradient prepare): 0.000 seconds, 0.0 minutes.
----------------------------------------------------------------------------
Using OpenMM theory as part of QM/MM.
Using MM on full system. Charges for QM region [0, 1, 2, 3, 4, 5, 6, 7, 8, 9, 10, 11, 12, 13, 14, 15, 16, 17, 18, 19, 20, 21, 22, 23] have been set to zero 

--------------------------------------------------------------------------------
                   Creating/updating OpenMM simulation object                   
--------------------------------------------------------------------------------

Integrator name: VerletIntegrator
Timestep: 0.001
Temperature: 300
Coupling frequency: 1
Properties: {'Threads': '1'}
Topology: <Topology; 1 chains, 1 residues, 88 atoms, 0 bonds>

----------------------------------------------------------------------------------
Time to calculate step (creating/updating simulation): 0.002 seconds, 0.0 minutes.
----------------------------------------------------------------------------------

--------------------------------------------------------------------------------
                     Running Single-point OpenMM Interface                      
--------------------------------------------------------------------------------

Number of OpenMM system constraints defined: 0

-----------------------------------------------------------------------------------
Time to calculate step (OpenMMTheory.run: const-check): 0.002 seconds, 0.0 minutes.
-----------------------------------------------------------------------------------
Updating coordinates.

------------------------------------------------------------------------
Time to calculate step (Creating pos array): 0.000 seconds, 0.0 minutes.
------------------------------------------------------------------------

---------------------------------------------------------------------------
Time to calculate step (Updating MM positions): 0.000 seconds, 0.0 minutes.
---------------------------------------------------------------------------
Calling OpenMM getState.

---------------------------------------------------------------------
Time to calculate step (OpenMM getState): 0.001 seconds, 0.0 minutes.
---------------------------------------------------------------------
OpenMM Energy: -2.5629653163590844 Eh
OpenMM Energy: -1608.2850177104558 kcal/mol

-----------------------
Ending OpenMM interface
-----------------------

----------------------------------------------------------------
Time to calculate step (OpenMM run): 0.003 seconds, 0.0 minutes.
----------------------------------------------------------------

-------------------------------------------------------------
Time to calculate step (MM step): 0.004 seconds, 0.0 minutes.
-------------------------------------------------------------

Note: You are using electrostatic embedding. This means that the QM-energy is actually the polarized QM-energy
Note: MM energy also contains the QM-MM Lennard-Jones interaction

QM energy:              -836.590193953949 
MM energy:                -2.562965316359
QM/MM energy:           -839.153159270308 

  ------------ENDING QM/MM MODULE------------- 

-----------------------------------------------------------------
Time to calculate step (QM/MM run): 133.648 seconds, 2.2 minutes.
-----------------------------------------------------------------
geometric called save_guess_files option option for ASHengineclass.
This option is currently unsupported in ASH. Continuing.
geometric called clearCalcs option for ASHengineclass.
This option is currently unsupported in ASH. Continuing.

Convergence criteria: {'convergence_energy': 1e-05, 'convergence_grms': 0.003, 'convergence_gmax': 0.006, 'convergence_drms': 0.01, 'convergence_dmax': 0.015, 'convergence_cmax': 0.01}

Replacing coordinates in fragment.
Creating/Updating fragment attributes...
Number of Atoms in fragment: 88
Formula: H38N12C20O18
Label: CHHCCOOOCHCHCCHCHCHOHCOOCNHHNHHNHHCOOHCNHHNHHNHHCNHHNHHNHHCOOHCNHHNHHNHHCOOHCOOHCOOHCOOH
Charge: -2 Mult: 1

--------------------------------------------------------------------------------
Wrote XYZ file:  Fragment-currentgeo.xyz
Current geometry (Å) in step 13 (print_atoms_list region)
---------------------------------------------------
        C  57.19614844   35.19271626   60.97914651
        H  57.84103838   34.52281259   60.34793287
        H  56.38186360   35.57233095   60.40941626
        C  57.49730208   35.64892325   62.23584615
        C  56.54345455   36.76540392   62.78033448
        O  56.32601975   37.90204021   62.26179523
        O  56.04273543   36.52761526   63.92940840
        O  58.42527982   35.35403031   63.05679047
        C  56.91381829   31.58534668   55.67875577
        H  56.17376514   30.80747030   55.57196061
        C  58.14817750   31.41091600   56.20308078
        H  58.48479158   30.45623237   56.61715995
        C  59.06354501   32.53931683   56.17404137
        C  58.91268336   33.51426566   55.13465948
        H  59.79137911   34.10473930   54.86368286
        C  57.68287163   33.70060483   54.59067677
        H  57.50781629   34.42951802   53.79166452
        C  56.52853532   32.96884594   55.25475878
        H  56.49011846   33.52108120   56.22942903
        O  55.23328069   33.09340944   54.74873468
        H  55.01038718   32.57284578   53.99327735
        C  60.15791112   32.71713886   57.21132133
        O  59.75320476   33.09863256   58.37541757
        O  61.29796819   32.44181156   56.74655842
        C  58.40400000   28.29340000   64.58310000
        N  58.55457700   28.67862000   63.31904600
        H  58.24406000   29.34112200   64.01530000
        H  58.75074600   27.72358200   63.58271300
        N  57.99510100   29.16580400   65.49994900
        H  58.19127000   28.21076600   65.76361600
        H  58.10944900   29.45834000   64.54002800
        N  58.66232100   27.03577600   64.93030500
        H  58.77667000   27.32831100   63.97038400
        H  58.35180400   27.69827800   65.62655900
        C  67.01360000   28.50850000   47.75060000
        O  68.19742500   28.57027600   47.35406300
        O  66.30231600   27.48111700   47.78315900
        H  66.55562100   29.44435000   48.10336100
        C  52.46130000   28.07600000   62.72310000
        N  52.61187700   28.46122000   61.45904600
        H  52.30136000   29.12372200   62.15530000
        H  52.80804600   27.50618200   61.72271300
        N  52.05240100   28.94840400   63.63994900
        H  52.24857000   27.99336600   63.90361600
        H  52.16674900   29.24094000   62.68002800
        N  52.71962100   26.81837600   63.07030500
        H  52.83397000   27.11091100   62.11038400
        H  52.40910400   27.48087800   63.76655900
        C  60.41080000   36.44790000   65.77150000
        N  60.56137700   36.83312000   64.50744600
        H  60.25086000   37.49562200   65.20370000
        H  60.75754600   35.87808200   64.77111300
        N  60.00190100   37.32030400   66.68834900
        H  60.19807000   36.36526600   66.95201600
        H  60.11624900   37.61284000   65.72842800
        N  60.66912100   35.19027600   66.11870500
        H  60.78347000   35.48281100   65.15878400
        H  60.35860400   35.85277800   66.81495900
        C  63.47260000   23.91410000   51.50160000
        O  64.65642500   23.97587600   51.10506300
        O  62.76131600   22.88671700   51.53415900
        H  63.01462100   24.84995000   51.85436100
        C  54.68960000   39.54520000   64.49300000
        N  54.84017700   39.93042000   63.22894600
        H  54.52966000   40.59292200   63.92520000
        H  55.03634600   38.97538200   63.49261300
        N  54.28070100   40.41760400   65.40984900
        H  54.47687000   39.46256600   65.67351600
        H  54.39504900   40.71014000   64.44992800
        N  54.94792100   38.28757600   64.84020500
        H  55.06227000   38.58011100   63.88028400
        H  54.63740400   38.95007800   65.53645900
        C  59.62790000   26.15480000   47.42090000
        O  60.81172500   26.21657600   47.02436300
        O  58.91661600   25.12741700   47.45345900
        H  59.16992100   27.09065000   47.77366100
        C  70.34110000   31.41640000   54.54500000
        O  71.52492500   31.47817600   54.14846300
        O  69.62981600   30.38901700   54.57755900
        H  69.88312100   32.35225000   54.89776100
        C  66.86940000   37.56380000   49.32380000
        O  68.05322500   37.62557600   48.92726300
        O  66.15811600   36.53641700   49.35635900
        H  66.41142100   38.49965000   49.67656100
        C  61.97710000   32.37860000   44.74950000
        O  63.16092500   32.44037600   44.35296300
        O  61.26581600   31.35121700   44.78205900
        H  61.51912100   33.31445000   45.10226100

Note: printed only print_atoms_list (this is not necessarily all atoms) 
  ------------RUNNING QM/MM MODULE------------- 
QM Module: ORCATheory
MM Module: OpenMMTheory
Charge provided from QMMMTheory object:  -2
Mult provided from QMMMTheory object:  1
QM-region Charge: -2 Mult: 1
Embedding: Electrostatic
Number of pointcharges (to QM program): 64
Number of charge coordinates: 64
Running QM/MM object with 8 cores available

-------------------------------------------------------------------
Time to calculate step (before-QMstep): 0.000 seconds, 0.0 minutes.
-------------------------------------------------------------------
  ------------RUNNING ORCA INTERFACE------------- 
Object-label: ORCA
Run-label: None
Running ORCA with 8 cores available
Moreadfile option not active
A GBW-file with same basename : orca.gbw is present
Autostart is False. ORCA will ignore any file present
Creating inputfile: orca.inp
ORCA input:
! B3LYP D3BJ def2-SVP def2/J RIJCOSX CPCM TightSCF

! Noautostart

%cpcm epsilon 4.0 end
%scf MaxIter 300 Guess PModel end
Charge: -2  Mult: 1
Pointcharge embedding is on!
 ORCA Calculation starting. 
Found warning messages in ORCA outputfile:
WARNING: The chosen methods will break translational/rotational symmetry
 WARNING: The chosen methods will break translational symmetry
 WARNING: The chosen methods will break translational symmetry
 Warning: op=0 Small HOMO/LUMO gap (  -0.648) - skipping pre-diagonalization

 ORCA Calculation done. 
ORCA converged in 33 iterations
ORCA energy: -836.656046626333
  ------------ENDING ORCA-INTERFACE------------- 

----------------------------------------------------------------
Time to calculate step (ORCA run): 138.314 seconds, 2.3 minutes.
----------------------------------------------------------------

---------------------------------------------------------------
Time to calculate step (QM step): 138.314 seconds, 2.3 minutes.
---------------------------------------------------------------

----------------------------------------------------------------------
Time to calculate step (QMpcgrad prepare): 0.000 seconds, 0.0 minutes.
----------------------------------------------------------------------

--------------------------------------------------------------------------
Time to calculate step (linkatomgrad prepare): 0.000 seconds, 0.0 minutes.
--------------------------------------------------------------------------

----------------------------------------------------------------------------
Time to calculate step (QM/MM gradient prepare): 0.000 seconds, 0.0 minutes.
----------------------------------------------------------------------------
Using OpenMM theory as part of QM/MM.
Using MM on full system. Charges for QM region [0, 1, 2, 3, 4, 5, 6, 7, 8, 9, 10, 11, 12, 13, 14, 15, 16, 17, 18, 19, 20, 21, 22, 23] have been set to zero 

--------------------------------------------------------------------------------
                   Creating/updating OpenMM simulation object                   
--------------------------------------------------------------------------------

Integrator name: VerletIntegrator
Timestep: 0.001
Temperature: 300
Coupling frequency: 1
Properties: {'Threads': '1'}
Topology: <Topology; 1 chains, 1 residues, 88 atoms, 0 bonds>

----------------------------------------------------------------------------------
Time to calculate step (creating/updating simulation): 0.002 seconds, 0.0 minutes.
----------------------------------------------------------------------------------

--------------------------------------------------------------------------------
                     Running Single-point OpenMM Interface                      
--------------------------------------------------------------------------------

Number of OpenMM system constraints defined: 0

-----------------------------------------------------------------------------------
Time to calculate step (OpenMMTheory.run: const-check): 0.002 seconds, 0.0 minutes.
-----------------------------------------------------------------------------------
Updating coordinates.

------------------------------------------------------------------------
Time to calculate step (Creating pos array): 0.000 seconds, 0.0 minutes.
------------------------------------------------------------------------

---------------------------------------------------------------------------
Time to calculate step (Updating MM positions): 0.000 seconds, 0.0 minutes.
---------------------------------------------------------------------------
Calling OpenMM getState.

---------------------------------------------------------------------
Time to calculate step (OpenMM getState): 0.000 seconds, 0.0 minutes.
---------------------------------------------------------------------
OpenMM Energy: -2.5180250479866664 Eh
OpenMM Energy: -1580.0845735398252 kcal/mol

-----------------------
Ending OpenMM interface
-----------------------

----------------------------------------------------------------
Time to calculate step (OpenMM run): 0.003 seconds, 0.0 minutes.
----------------------------------------------------------------

-------------------------------------------------------------
Time to calculate step (MM step): 0.003 seconds, 0.0 minutes.
-------------------------------------------------------------

Note: You are using electrostatic embedding. This means that the QM-energy is actually the polarized QM-energy
Note: MM energy also contains the QM-MM Lennard-Jones interaction

QM energy:              -836.656046626333 
MM energy:                -2.518025047987
QM/MM energy:           -839.174071674320 

  ------------ENDING QM/MM MODULE------------- 

-----------------------------------------------------------------
Time to calculate step (QM/MM run): 138.318 seconds, 2.3 minutes.
-----------------------------------------------------------------
geometric called save_guess_files option option for ASHengineclass.
This option is currently unsupported in ASH. Continuing.

Convergence criteria: {'convergence_energy': 1e-05, 'convergence_grms': 0.003, 'convergence_gmax': 0.006, 'convergence_drms': 0.01, 'convergence_dmax': 0.015, 'convergence_cmax': 0.01}

Replacing coordinates in fragment.
Creating/Updating fragment attributes...
Number of Atoms in fragment: 88
Formula: H38N12C20O18
Label: CHHCCOOOCHCHCCHCHCHOHCOOCNHHNHHNHHCOOHCNHHNHHNHHCNHHNHHNHHCOOHCNHHNHHNHHCOOHCOOHCOOHCOOH
Charge: -2 Mult: 1

--------------------------------------------------------------------------------
Wrote XYZ file:  Fragment-currentgeo.xyz
Current geometry (Å) in step 14 (print_atoms_list region)
---------------------------------------------------
        C  57.16238530   35.29103043   61.35496443
        H  57.80590302   34.64445806   61.00343377
        H  56.36100534   35.81665036   61.06033073
        C  57.47469833   35.69538786   62.51166348
        C  56.56994285   36.75090787   62.94293223
        O  55.99848434   38.00762135   62.68851010
        O  56.29787575   36.07180217   64.04185371
        O  58.23885966   35.33504475   63.39019349
        C  56.94195768   31.63744522   55.73427624
        H  56.12135376   30.90104441   55.76408394
        C  58.17728085   31.42218449   56.21161961
        H  58.51170827   30.43811719   56.55622620
        C  59.06555592   32.54699912   56.17955743
        C  58.91889497   33.51457801   55.15967106
        H  59.78720238   34.12178242   54.92456798
        C  57.68654336   33.75244724   54.65813266
        H  57.51483392   34.57364875   53.95310678
        C  56.52395451   33.00016280   55.28032826
        H  56.31832529   33.61529971   56.23172814
        O  55.26770140   32.96473694   54.56888997
        H  55.29722042   32.45767670   53.77799764
        C  60.07258400   32.66202484   57.26033075
        O  59.53956539   32.89166964   58.39147540
        O  61.31855748   32.43277143   56.98609998
        C  58.40400000   28.29340000   64.58310000
        N  58.55457700   28.67862000   63.31904600
        H  58.24406000   29.34112200   64.01530000
        H  58.75074600   27.72358200   63.58271300
        N  57.99510100   29.16580400   65.49994900
        H  58.19127000   28.21076600   65.76361600
        H  58.10944900   29.45834000   64.54002800
        N  58.66232100   27.03577600   64.93030500
        H  58.77667000   27.32831100   63.97038400
        H  58.35180400   27.69827800   65.62655900
        C  67.01360000   28.50850000   47.75060000
        O  68.19742500   28.57027600   47.35406300
        O  66.30231600   27.48111700   47.78315900
        H  66.55562100   29.44435000   48.10336100
        C  52.46130000   28.07600000   62.72310000
        N  52.61187700   28.46122000   61.45904600
        H  52.30136000   29.12372200   62.15530000
        H  52.80804600   27.50618200   61.72271300
        N  52.05240100   28.94840400   63.63994900
        H  52.24857000   27.99336600   63.90361600
        H  52.16674900   29.24094000   62.68002800
        N  52.71962100   26.81837600   63.07030500
        H  52.83397000   27.11091100   62.11038400
        H  52.40910400   27.48087800   63.76655900
        C  60.41080000   36.44790000   65.77150000
        N  60.56137700   36.83312000   64.50744600
        H  60.25086000   37.49562200   65.20370000
        H  60.75754600   35.87808200   64.77111300
        N  60.00190100   37.32030400   66.68834900
        H  60.19807000   36.36526600   66.95201600
        H  60.11624900   37.61284000   65.72842800
        N  60.66912100   35.19027600   66.11870500
        H  60.78347000   35.48281100   65.15878400
        H  60.35860400   35.85277800   66.81495900
        C  63.47260000   23.91410000   51.50160000
        O  64.65642500   23.97587600   51.10506300
        O  62.76131600   22.88671700   51.53415900
        H  63.01462100   24.84995000   51.85436100
        C  54.68960000   39.54520000   64.49300000
        N  54.84017700   39.93042000   63.22894600
        H  54.52966000   40.59292200   63.92520000
        H  55.03634600   38.97538200   63.49261300
        N  54.28070100   40.41760400   65.40984900
        H  54.47687000   39.46256600   65.67351600
        H  54.39504900   40.71014000   64.44992800
        N  54.94792100   38.28757600   64.84020500
        H  55.06227000   38.58011100   63.88028400
        H  54.63740400   38.95007800   65.53645900
        C  59.62790000   26.15480000   47.42090000
        O  60.81172500   26.21657600   47.02436300
        O  58.91661600   25.12741700   47.45345900
        H  59.16992100   27.09065000   47.77366100
        C  70.34110000   31.41640000   54.54500000
        O  71.52492500   31.47817600   54.14846300
        O  69.62981600   30.38901700   54.57755900
        H  69.88312100   32.35225000   54.89776100
        C  66.86940000   37.56380000   49.32380000
        O  68.05322500   37.62557600   48.92726300
        O  66.15811600   36.53641700   49.35635900
        H  66.41142100   38.49965000   49.67656100
        C  61.97710000   32.37860000   44.74950000
        O  63.16092500   32.44037600   44.35296300
        O  61.26581600   31.35121700   44.78205900
        H  61.51912100   33.31445000   45.10226100

Note: printed only print_atoms_list (this is not necessarily all atoms) 
  ------------RUNNING QM/MM MODULE------------- 
QM Module: ORCATheory
MM Module: OpenMMTheory
Charge provided from QMMMTheory object:  -2
Mult provided from QMMMTheory object:  1
QM-region Charge: -2 Mult: 1
Embedding: Electrostatic
Number of pointcharges (to QM program): 64
Number of charge coordinates: 64
Running QM/MM object with 8 cores available

-------------------------------------------------------------------
Time to calculate step (before-QMstep): 0.000 seconds, 0.0 minutes.
-------------------------------------------------------------------
  ------------RUNNING ORCA INTERFACE------------- 
Object-label: ORCA
Run-label: None
Running ORCA with 8 cores available
Moreadfile option not active
A GBW-file with same basename : orca.gbw is present
Autostart is False. ORCA will ignore any file present
Creating inputfile: orca.inp
ORCA input:
! B3LYP D3BJ def2-SVP def2/J RIJCOSX CPCM TightSCF

! Noautostart

%cpcm epsilon 4.0 end
%scf MaxIter 300 Guess PModel end
Charge: -2  Mult: 1
Pointcharge embedding is on!
 ORCA Calculation starting. 
Found warning messages in ORCA outputfile:
WARNING: The chosen methods will break translational/rotational symmetry
 WARNING: The chosen methods will break translational symmetry
 WARNING: The chosen methods will break translational symmetry
 Warning: op=0 Small HOMO/LUMO gap (  -0.707) - skipping pre-diagonalization
 Warning: op=0 Small HOMO/LUMO gap (   0.094) - skipping pre-diagonalization

 ORCA Calculation done. 
ORCA converged in 32 iterations
ORCA energy: -836.570792202087
  ------------ENDING ORCA-INTERFACE------------- 

----------------------------------------------------------------
Time to calculate step (ORCA run): 261.848 seconds, 4.4 minutes.
----------------------------------------------------------------

---------------------------------------------------------------
Time to calculate step (QM step): 261.848 seconds, 4.4 minutes.
---------------------------------------------------------------

----------------------------------------------------------------------
Time to calculate step (QMpcgrad prepare): 0.000 seconds, 0.0 minutes.
----------------------------------------------------------------------

--------------------------------------------------------------------------
Time to calculate step (linkatomgrad prepare): 0.000 seconds, 0.0 minutes.
--------------------------------------------------------------------------

----------------------------------------------------------------------------
Time to calculate step (QM/MM gradient prepare): 0.000 seconds, 0.0 minutes.
----------------------------------------------------------------------------
Using OpenMM theory as part of QM/MM.
Using MM on full system. Charges for QM region [0, 1, 2, 3, 4, 5, 6, 7, 8, 9, 10, 11, 12, 13, 14, 15, 16, 17, 18, 19, 20, 21, 22, 23] have been set to zero 

--------------------------------------------------------------------------------
                   Creating/updating OpenMM simulation object                   
--------------------------------------------------------------------------------

Integrator name: VerletIntegrator
Timestep: 0.001
Temperature: 300
Coupling frequency: 1
Properties: {'Threads': '1'}
Topology: <Topology; 1 chains, 1 residues, 88 atoms, 0 bonds>

----------------------------------------------------------------------------------
Time to calculate step (creating/updating simulation): 0.003 seconds, 0.0 minutes.
----------------------------------------------------------------------------------

--------------------------------------------------------------------------------
                     Running Single-point OpenMM Interface                      
--------------------------------------------------------------------------------

Number of OpenMM system constraints defined: 0

-----------------------------------------------------------------------------------
Time to calculate step (OpenMMTheory.run: const-check): 0.003 seconds, 0.0 minutes.
-----------------------------------------------------------------------------------
Updating coordinates.

------------------------------------------------------------------------
Time to calculate step (Creating pos array): 0.000 seconds, 0.0 minutes.
------------------------------------------------------------------------

---------------------------------------------------------------------------
Time to calculate step (Updating MM positions): 0.000 seconds, 0.0 minutes.
---------------------------------------------------------------------------
Calling OpenMM getState.

---------------------------------------------------------------------
Time to calculate step (OpenMM getState): 0.001 seconds, 0.0 minutes.
---------------------------------------------------------------------
OpenMM Energy: -2.4970083241849057 Eh
OpenMM Energy: -1566.896380240453 kcal/mol

-----------------------
Ending OpenMM interface
-----------------------

----------------------------------------------------------------
Time to calculate step (OpenMM run): 0.005 seconds, 0.0 minutes.
----------------------------------------------------------------

-------------------------------------------------------------
Time to calculate step (MM step): 0.005 seconds, 0.0 minutes.
-------------------------------------------------------------

Note: You are using electrostatic embedding. This means that the QM-energy is actually the polarized QM-energy
Note: MM energy also contains the QM-MM Lennard-Jones interaction

QM energy:              -836.570792202087 
MM energy:                -2.497008324185
QM/MM energy:           -839.067800526272 

  ------------ENDING QM/MM MODULE------------- 

-----------------------------------------------------------------
Time to calculate step (QM/MM run): 261.854 seconds, 4.4 minutes.
-----------------------------------------------------------------
geometric called load_guess_files option for ASHengineclass.
This option is currently unsupported in ASH. Continuing.

Convergence criteria: {'convergence_energy': 1e-05, 'convergence_grms': 0.003, 'convergence_gmax': 0.006, 'convergence_drms': 0.01, 'convergence_dmax': 0.015, 'convergence_cmax': 0.01}

Replacing coordinates in fragment.
Creating/Updating fragment attributes...
Number of Atoms in fragment: 88
Formula: H38N12C20O18
Label: CHHCCOOOCHCHCCHCHCHOHCOOCNHHNHHNHHCOOHCNHHNHHNHHCNHHNHHNHHCOOHCNHHNHHNHHCOOHCOOHCOOHCOOH
Charge: -2 Mult: 1

--------------------------------------------------------------------------------
Wrote XYZ file:  Fragment-currentgeo.xyz
Current geometry (Å) in step 15 (print_atoms_list region)
---------------------------------------------------
        C  57.25213216   35.21986849   61.08208529
        H  57.90081617   34.55265473   60.68527144
        H  56.46538098   35.70821204   60.66151774
        C  57.51914277   35.64834490   62.27030372
        C  56.60798906   36.72529243   62.72881154
        O  56.17664988   37.95554216   62.38123871
        O  56.22671685   36.17712119   63.84182158
        O  58.31257928   35.29835046   63.14653803
        C  56.93703446   31.62305013   55.71033714
        H  56.14659071   30.85331198   55.68988367
        C  58.17775507   31.42985493   56.20165969
        H  58.51097236   30.45945575   56.58009474
        C  59.07347467   32.55334936   56.15631380
        C  58.91585403   33.51701995   55.12771181
        H  59.78361915   34.11355083   54.85837974
        C  57.68047876   33.72720626   54.61434440
        H  57.49563581   34.50321765   53.86600435
        C  56.52572657   32.99322563   55.26232258
        H  56.40452314   33.58757512   56.22601021
        O  55.23992567   33.04605074   54.64507909
        H  55.18172973   32.47120665   53.88959604
        C  60.12755267   32.68081055   57.19397873
        O  59.69811044   32.95491753   58.34691211
        O  61.32458161   32.43603668   56.82188245
        C  58.40400000   28.29340000   64.58310000
        N  58.55457700   28.67862000   63.31904600
        H  58.24406000   29.34112200   64.01530000
        H  58.75074600   27.72358200   63.58271300
        N  57.99510100   29.16580400   65.49994900
        H  58.19127000   28.21076600   65.76361600
        H  58.10944900   29.45834000   64.54002800
        N  58.66232100   27.03577600   64.93030500
        H  58.77667000   27.32831100   63.97038400
        H  58.35180400   27.69827800   65.62655900
        C  67.01360000   28.50850000   47.75060000
        O  68.19742500   28.57027600   47.35406300
        O  66.30231600   27.48111700   47.78315900
        H  66.55562100   29.44435000   48.10336100
        C  52.46130000   28.07600000   62.72310000
        N  52.61187700   28.46122000   61.45904600
        H  52.30136000   29.12372200   62.15530000
        H  52.80804600   27.50618200   61.72271300
        N  52.05240100   28.94840400   63.63994900
        H  52.24857000   27.99336600   63.90361600
        H  52.16674900   29.24094000   62.68002800
        N  52.71962100   26.81837600   63.07030500
        H  52.83397000   27.11091100   62.11038400
        H  52.40910400   27.48087800   63.76655900
        C  60.41080000   36.44790000   65.77150000
        N  60.56137700   36.83312000   64.50744600
        H  60.25086000   37.49562200   65.20370000
        H  60.75754600   35.87808200   64.77111300
        N  60.00190100   37.32030400   66.68834900
        H  60.19807000   36.36526600   66.95201600
        H  60.11624900   37.61284000   65.72842800
        N  60.66912100   35.19027600   66.11870500
        H  60.78347000   35.48281100   65.15878400
        H  60.35860400   35.85277800   66.81495900
        C  63.47260000   23.91410000   51.50160000
        O  64.65642500   23.97587600   51.10506300
        O  62.76131600   22.88671700   51.53415900
        H  63.01462100   24.84995000   51.85436100
        C  54.68960000   39.54520000   64.49300000
        N  54.84017700   39.93042000   63.22894600
        H  54.52966000   40.59292200   63.92520000
        H  55.03634600   38.97538200   63.49261300
        N  54.28070100   40.41760400   65.40984900
        H  54.47687000   39.46256600   65.67351600
        H  54.39504900   40.71014000   64.44992800
        N  54.94792100   38.28757600   64.84020500
        H  55.06227000   38.58011100   63.88028400
        H  54.63740400   38.95007800   65.53645900
        C  59.62790000   26.15480000   47.42090000
        O  60.81172500   26.21657600   47.02436300
        O  58.91661600   25.12741700   47.45345900
        H  59.16992100   27.09065000   47.77366100
        C  70.34110000   31.41640000   54.54500000
        O  71.52492500   31.47817600   54.14846300
        O  69.62981600   30.38901700   54.57755900
        H  69.88312100   32.35225000   54.89776100
        C  66.86940000   37.56380000   49.32380000
        O  68.05322500   37.62557600   48.92726300
        O  66.15811600   36.53641700   49.35635900
        H  66.41142100   38.49965000   49.67656100
        C  61.97710000   32.37860000   44.74950000
        O  63.16092500   32.44037600   44.35296300
        O  61.26581600   31.35121700   44.78205900
        H  61.51912100   33.31445000   45.10226100

Note: printed only print_atoms_list (this is not necessarily all atoms) 
  ------------RUNNING QM/MM MODULE------------- 
QM Module: ORCATheory
MM Module: OpenMMTheory
Charge provided from QMMMTheory object:  -2
Mult provided from QMMMTheory object:  1
QM-region Charge: -2 Mult: 1
Embedding: Electrostatic
Number of pointcharges (to QM program): 64
Number of charge coordinates: 64
Running QM/MM object with 8 cores available

-------------------------------------------------------------------
Time to calculate step (before-QMstep): 0.000 seconds, 0.0 minutes.
-------------------------------------------------------------------
  ------------RUNNING ORCA INTERFACE------------- 
Object-label: ORCA
Run-label: None
Running ORCA with 8 cores available
Moreadfile option not active
A GBW-file with same basename : orca.gbw is present
Autostart is False. ORCA will ignore any file present
Creating inputfile: orca.inp
ORCA input:
! B3LYP D3BJ def2-SVP def2/J RIJCOSX CPCM TightSCF

! Noautostart

%cpcm epsilon 4.0 end
%scf MaxIter 300 Guess PModel end
Charge: -2  Mult: 1
Pointcharge embedding is on!
 ORCA Calculation starting. 
Found warning messages in ORCA outputfile:
WARNING: The chosen methods will break translational/rotational symmetry
 WARNING: The chosen methods will break translational symmetry
 WARNING: The chosen methods will break translational symmetry
 Warning: op=0 Small HOMO/LUMO gap (  -0.678) - skipping pre-diagonalization

 ORCA Calculation done. 
ORCA converged in 31 iterations
ORCA energy: -836.608367753475
  ------------ENDING ORCA-INTERFACE------------- 

----------------------------------------------------------------
Time to calculate step (ORCA run): 441.982 seconds, 7.4 minutes.
----------------------------------------------------------------

---------------------------------------------------------------
Time to calculate step (QM step): 441.983 seconds, 7.4 minutes.
---------------------------------------------------------------

----------------------------------------------------------------------
Time to calculate step (QMpcgrad prepare): 0.000 seconds, 0.0 minutes.
----------------------------------------------------------------------

--------------------------------------------------------------------------
Time to calculate step (linkatomgrad prepare): 0.000 seconds, 0.0 minutes.
--------------------------------------------------------------------------

----------------------------------------------------------------------------
Time to calculate step (QM/MM gradient prepare): 0.000 seconds, 0.0 minutes.
----------------------------------------------------------------------------
Using OpenMM theory as part of QM/MM.
Using MM on full system. Charges for QM region [0, 1, 2, 3, 4, 5, 6, 7, 8, 9, 10, 11, 12, 13, 14, 15, 16, 17, 18, 19, 20, 21, 22, 23] have been set to zero 

--------------------------------------------------------------------------------
                   Creating/updating OpenMM simulation object                   
--------------------------------------------------------------------------------

Integrator name: VerletIntegrator
Timestep: 0.001
Temperature: 300
Coupling frequency: 1
Properties: {'Threads': '1'}
Topology: <Topology; 1 chains, 1 residues, 88 atoms, 0 bonds>

----------------------------------------------------------------------------------
Time to calculate step (creating/updating simulation): 0.003 seconds, 0.0 minutes.
----------------------------------------------------------------------------------

--------------------------------------------------------------------------------
                     Running Single-point OpenMM Interface                      
--------------------------------------------------------------------------------

Number of OpenMM system constraints defined: 0

-----------------------------------------------------------------------------------
Time to calculate step (OpenMMTheory.run: const-check): 0.003 seconds, 0.0 minutes.
-----------------------------------------------------------------------------------
Updating coordinates.

------------------------------------------------------------------------
Time to calculate step (Creating pos array): 0.000 seconds, 0.0 minutes.
------------------------------------------------------------------------

---------------------------------------------------------------------------
Time to calculate step (Updating MM positions): 0.000 seconds, 0.0 minutes.
---------------------------------------------------------------------------
Calling OpenMM getState.

---------------------------------------------------------------------
Time to calculate step (OpenMM getState): 0.001 seconds, 0.0 minutes.
---------------------------------------------------------------------
OpenMM Energy: -2.550731993328232 Eh
OpenMM Energy: -1600.6084916093216 kcal/mol

-----------------------
Ending OpenMM interface
-----------------------

----------------------------------------------------------------
Time to calculate step (OpenMM run): 0.005 seconds, 0.0 minutes.
----------------------------------------------------------------

-------------------------------------------------------------
Time to calculate step (MM step): 0.005 seconds, 0.0 minutes.
-------------------------------------------------------------

Note: You are using electrostatic embedding. This means that the QM-energy is actually the polarized QM-energy
Note: MM energy also contains the QM-MM Lennard-Jones interaction

QM energy:              -836.608367753475 
MM energy:                -2.550731993328
QM/MM energy:           -839.159099746803 

  ------------ENDING QM/MM MODULE------------- 

-----------------------------------------------------------------
Time to calculate step (QM/MM run): 441.988 seconds, 7.4 minutes.
-----------------------------------------------------------------
geometric called save_guess_files option option for ASHengineclass.
This option is currently unsupported in ASH. Continuing.

Convergence criteria: {'convergence_energy': 1e-05, 'convergence_grms': 0.003, 'convergence_gmax': 0.006, 'convergence_drms': 0.01, 'convergence_dmax': 0.015, 'convergence_cmax': 0.01}

Replacing coordinates in fragment.
Creating/Updating fragment attributes...
Number of Atoms in fragment: 88
Formula: H38N12C20O18
Label: CHHCCOOOCHCHCCHCHCHOHCOOCNHHNHHNHHCOOHCNHHNHHNHHCNHHNHHNHHCOOHCNHHNHHNHHCOOHCOOHCOOHCOOH
Charge: -2 Mult: 1

--------------------------------------------------------------------------------
Wrote XYZ file:  Fragment-currentgeo.xyz
Current geometry (Å) in step 16 (print_atoms_list region)
---------------------------------------------------
        C  57.23017942   35.20806568   61.01570383
        H  57.93548398   34.53164479   60.63232066
        H  56.27858370   35.66493163   60.59687380
        C  57.57810024   35.68125303   62.27267485
        C  56.58816364   36.69313888   62.86164047
        O  56.24164592   37.86759353   62.39514860
        O  56.15444814   36.16469330   63.92322585
        O  58.52631817   35.33145622   63.14643834
        C  56.93295744   31.62901568   55.70819337
        H  56.14885333   30.84853528   55.67844090
        C  58.17216015   31.42851611   56.20235728
        H  58.50232355   30.45696888   56.58678354
        C  59.07575236   32.54735224   56.17477544
        C  58.91419786   33.51701041   55.14072711
        H  59.78371563   34.11596566   54.86402970
        C  57.67318308   33.72641925   54.61822195
        H  57.49167860   34.49984023   53.86727243
        C  56.51306137   32.99437929   55.25824899
        H  56.40746467   33.57081795   56.21481312
        O  55.22690345   33.07006911   54.68433898
        H  55.22320799   32.45901427   53.85487766
        C  60.12869399   32.67719403   57.21141372
        O  59.72370213   32.95041255   58.35273375
        O  61.28311796   32.45468241   56.81341794
        C  58.40400000   28.29340000   64.58310000
        N  58.55457700   28.67862000   63.31904600
        H  58.24406000   29.34112200   64.01530000
        H  58.75074600   27.72358200   63.58271300
        N  57.99510100   29.16580400   65.49994900
        H  58.19127000   28.21076600   65.76361600
        H  58.10944900   29.45834000   64.54002800
        N  58.66232100   27.03577600   64.93030500
        H  58.77667000   27.32831100   63.97038400
        H  58.35180400   27.69827800   65.62655900
        C  67.01360000   28.50850000   47.75060000
        O  68.19742500   28.57027600   47.35406300
        O  66.30231600   27.48111700   47.78315900
        H  66.55562100   29.44435000   48.10336100
        C  52.46130000   28.07600000   62.72310000
        N  52.61187700   28.46122000   61.45904600
        H  52.30136000   29.12372200   62.15530000
        H  52.80804600   27.50618200   61.72271300
        N  52.05240100   28.94840400   63.63994900
        H  52.24857000   27.99336600   63.90361600
        H  52.16674900   29.24094000   62.68002800
        N  52.71962100   26.81837600   63.07030500
        H  52.83397000   27.11091100   62.11038400
        H  52.40910400   27.48087800   63.76655900
        C  60.41080000   36.44790000   65.77150000
        N  60.56137700   36.83312000   64.50744600
        H  60.25086000   37.49562200   65.20370000
        H  60.75754600   35.87808200   64.77111300
        N  60.00190100   37.32030400   66.68834900
        H  60.19807000   36.36526600   66.95201600
        H  60.11624900   37.61284000   65.72842800
        N  60.66912100   35.19027600   66.11870500
        H  60.78347000   35.48281100   65.15878400
        H  60.35860400   35.85277800   66.81495900
        C  63.47260000   23.91410000   51.50160000
        O  64.65642500   23.97587600   51.10506300
        O  62.76131600   22.88671700   51.53415900
        H  63.01462100   24.84995000   51.85436100
        C  54.68960000   39.54520000   64.49300000
        N  54.84017700   39.93042000   63.22894600
        H  54.52966000   40.59292200   63.92520000
        H  55.03634600   38.97538200   63.49261300
        N  54.28070100   40.41760400   65.40984900
        H  54.47687000   39.46256600   65.67351600
        H  54.39504900   40.71014000   64.44992800
        N  54.94792100   38.28757600   64.84020500
        H  55.06227000   38.58011100   63.88028400
        H  54.63740400   38.95007800   65.53645900
        C  59.62790000   26.15480000   47.42090000
        O  60.81172500   26.21657600   47.02436300
        O  58.91661600   25.12741700   47.45345900
        H  59.16992100   27.09065000   47.77366100
        C  70.34110000   31.41640000   54.54500000
        O  71.52492500   31.47817600   54.14846300
        O  69.62981600   30.38901700   54.57755900
        H  69.88312100   32.35225000   54.89776100
        C  66.86940000   37.56380000   49.32380000
        O  68.05322500   37.62557600   48.92726300
        O  66.15811600   36.53641700   49.35635900
        H  66.41142100   38.49965000   49.67656100
        C  61.97710000   32.37860000   44.74950000
        O  63.16092500   32.44037600   44.35296300
        O  61.26581600   31.35121700   44.78205900
        H  61.51912100   33.31445000   45.10226100

Note: printed only print_atoms_list (this is not necessarily all atoms) 
  ------------RUNNING QM/MM MODULE------------- 
QM Module: ORCATheory
MM Module: OpenMMTheory
Charge provided from QMMMTheory object:  -2
Mult provided from QMMMTheory object:  1
QM-region Charge: -2 Mult: 1
Embedding: Electrostatic
Number of pointcharges (to QM program): 64
Number of charge coordinates: 64
Running QM/MM object with 8 cores available

-------------------------------------------------------------------
Time to calculate step (before-QMstep): 0.000 seconds, 0.0 minutes.
-------------------------------------------------------------------
  ------------RUNNING ORCA INTERFACE------------- 
Object-label: ORCA
Run-label: None
Running ORCA with 8 cores available
Moreadfile option not active
A GBW-file with same basename : orca.gbw is present
Autostart is False. ORCA will ignore any file present
Creating inputfile: orca.inp
ORCA input:
! B3LYP D3BJ def2-SVP def2/J RIJCOSX CPCM TightSCF

! Noautostart

%cpcm epsilon 4.0 end
%scf MaxIter 300 Guess PModel end
Charge: -2  Mult: 1
Pointcharge embedding is on!
 ORCA Calculation starting. 
Found warning messages in ORCA outputfile:
WARNING: The chosen methods will break translational/rotational symmetry
 WARNING: The chosen methods will break translational symmetry
 WARNING: The chosen methods will break translational symmetry
 Warning: op=0 Small HOMO/LUMO gap (  -0.663) - skipping pre-diagonalization

 ORCA Calculation done. 
ORCA converged in 31 iterations
ORCA energy: -836.65608937627
  ------------ENDING ORCA-INTERFACE------------- 

----------------------------------------------------------------
Time to calculate step (ORCA run): 481.330 seconds, 8.0 minutes.
----------------------------------------------------------------

---------------------------------------------------------------
Time to calculate step (QM step): 481.330 seconds, 8.0 minutes.
---------------------------------------------------------------

----------------------------------------------------------------------
Time to calculate step (QMpcgrad prepare): 0.000 seconds, 0.0 minutes.
----------------------------------------------------------------------

--------------------------------------------------------------------------
Time to calculate step (linkatomgrad prepare): 0.000 seconds, 0.0 minutes.
--------------------------------------------------------------------------

----------------------------------------------------------------------------
Time to calculate step (QM/MM gradient prepare): 0.000 seconds, 0.0 minutes.
----------------------------------------------------------------------------
Using OpenMM theory as part of QM/MM.
Using MM on full system. Charges for QM region [0, 1, 2, 3, 4, 5, 6, 7, 8, 9, 10, 11, 12, 13, 14, 15, 16, 17, 18, 19, 20, 21, 22, 23] have been set to zero 

--------------------------------------------------------------------------------
                   Creating/updating OpenMM simulation object                   
--------------------------------------------------------------------------------

Integrator name: VerletIntegrator
Timestep: 0.001
Temperature: 300
Coupling frequency: 1
Properties: {'Threads': '1'}
Topology: <Topology; 1 chains, 1 residues, 88 atoms, 0 bonds>

----------------------------------------------------------------------------------
Time to calculate step (creating/updating simulation): 0.003 seconds, 0.0 minutes.
----------------------------------------------------------------------------------

--------------------------------------------------------------------------------
                     Running Single-point OpenMM Interface                      
--------------------------------------------------------------------------------

Number of OpenMM system constraints defined: 0

-----------------------------------------------------------------------------------
Time to calculate step (OpenMMTheory.run: const-check): 0.003 seconds, 0.0 minutes.
-----------------------------------------------------------------------------------
Updating coordinates.

------------------------------------------------------------------------
Time to calculate step (Creating pos array): 0.000 seconds, 0.0 minutes.
------------------------------------------------------------------------

---------------------------------------------------------------------------
Time to calculate step (Updating MM positions): 0.000 seconds, 0.0 minutes.
---------------------------------------------------------------------------
Calling OpenMM getState.

---------------------------------------------------------------------
Time to calculate step (OpenMM getState): 0.001 seconds, 0.0 minutes.
---------------------------------------------------------------------
OpenMM Energy: -2.552825246554479 Eh
OpenMM Energy: -1601.9220278404048 kcal/mol

-----------------------
Ending OpenMM interface
-----------------------

----------------------------------------------------------------
Time to calculate step (OpenMM run): 0.005 seconds, 0.0 minutes.
----------------------------------------------------------------

-------------------------------------------------------------
Time to calculate step (MM step): 0.005 seconds, 0.0 minutes.
-------------------------------------------------------------

Note: You are using electrostatic embedding. This means that the QM-energy is actually the polarized QM-energy
Note: MM energy also contains the QM-MM Lennard-Jones interaction

QM energy:              -836.656089376270 
MM energy:                -2.552825246554
QM/MM energy:           -839.208914622824 

  ------------ENDING QM/MM MODULE------------- 

-----------------------------------------------------------------
Time to calculate step (QM/MM run): 481.336 seconds, 8.0 minutes.
-----------------------------------------------------------------
geometric called save_guess_files option option for ASHengineclass.
This option is currently unsupported in ASH. Continuing.

Convergence criteria: {'convergence_energy': 1e-05, 'convergence_grms': 0.003, 'convergence_gmax': 0.006, 'convergence_drms': 0.01, 'convergence_dmax': 0.015, 'convergence_cmax': 0.01}

Replacing coordinates in fragment.
Creating/Updating fragment attributes...
Number of Atoms in fragment: 88
Formula: H38N12C20O18
Label: CHHCCOOOCHCHCCHCHCHOHCOOCNHHNHHNHHCOOHCNHHNHHNHHCNHHNHHNHHCOOHCNHHNHHNHHCOOHCOOHCOOHCOOH
Charge: -2 Mult: 1

--------------------------------------------------------------------------------
Wrote XYZ file:  Fragment-currentgeo.xyz
Current geometry (Å) in step 17 (print_atoms_list region)
---------------------------------------------------
        C  57.26598036   35.22996349   61.10548718
        H  57.86951288   34.50681690   60.42528896
        H  56.40020846   35.64494219   60.55026531
        C  57.60167314   35.69056008   62.36617407
        C  56.56518207   36.65778009   62.95848667
        O  56.30208079   37.79086462   62.47966161
        O  56.06953582   36.17140493   63.94451709
        O  58.54898707   35.30839821   63.20401483
        C  56.91543775   31.61581802   55.71751394
        H  56.15330689   30.84777576   55.70450672
        C  58.16599570   31.42943071   56.21028696
        H  58.51553711   30.47041554   56.60010384
        C  59.08344419   32.54332854   56.17480989
        C  58.92147572   33.52321918   55.14340869
        H  59.78511274   34.12680843   54.85980691
        C  57.68152846   33.71961220   54.61998981
        H  57.48995203   34.49562675   53.87041167
        C  56.52532189   32.98227050   55.23937753
        H  56.39693894   33.58119530   56.17881386
        O  55.29968785   33.05836922   54.56800757
        H  55.17611358   32.48116530   53.96212997
        C  60.14908636   32.65666157   57.22354281
        O  59.68539900   32.95353250   58.36194643
        O  61.26391936   32.45870610   56.80959846
        C  58.40400000   28.29340000   64.58310000
        N  58.55457700   28.67862000   63.31904600
        H  58.24406000   29.34112200   64.01530000
        H  58.75074600   27.72358200   63.58271300
        N  57.99510100   29.16580400   65.49994900
        H  58.19127000   28.21076600   65.76361600
        H  58.10944900   29.45834000   64.54002800
        N  58.66232100   27.03577600   64.93030500
        H  58.77667000   27.32831100   63.97038400
        H  58.35180400   27.69827800   65.62655900
        C  67.01360000   28.50850000   47.75060000
        O  68.19742500   28.57027600   47.35406300
        O  66.30231600   27.48111700   47.78315900
        H  66.55562100   29.44435000   48.10336100
        C  52.46130000   28.07600000   62.72310000
        N  52.61187700   28.46122000   61.45904600
        H  52.30136000   29.12372200   62.15530000
        H  52.80804600   27.50618200   61.72271300
        N  52.05240100   28.94840400   63.63994900
        H  52.24857000   27.99336600   63.90361600
        H  52.16674900   29.24094000   62.68002800
        N  52.71962100   26.81837600   63.07030500
        H  52.83397000   27.11091100   62.11038400
        H  52.40910400   27.48087800   63.76655900
        C  60.41080000   36.44790000   65.77150000
        N  60.56137700   36.83312000   64.50744600
        H  60.25086000   37.49562200   65.20370000
        H  60.75754600   35.87808200   64.77111300
        N  60.00190100   37.32030400   66.68834900
        H  60.19807000   36.36526600   66.95201600
        H  60.11624900   37.61284000   65.72842800
        N  60.66912100   35.19027600   66.11870500
        H  60.78347000   35.48281100   65.15878400
        H  60.35860400   35.85277800   66.81495900
        C  63.47260000   23.91410000   51.50160000
        O  64.65642500   23.97587600   51.10506300
        O  62.76131600   22.88671700   51.53415900
        H  63.01462100   24.84995000   51.85436100
        C  54.68960000   39.54520000   64.49300000
        N  54.84017700   39.93042000   63.22894600
        H  54.52966000   40.59292200   63.92520000
        H  55.03634600   38.97538200   63.49261300
        N  54.28070100   40.41760400   65.40984900
        H  54.47687000   39.46256600   65.67351600
        H  54.39504900   40.71014000   64.44992800
        N  54.94792100   38.28757600   64.84020500
        H  55.06227000   38.58011100   63.88028400
        H  54.63740400   38.95007800   65.53645900
        C  59.62790000   26.15480000   47.42090000
        O  60.81172500   26.21657600   47.02436300
        O  58.91661600   25.12741700   47.45345900
        H  59.16992100   27.09065000   47.77366100
        C  70.34110000   31.41640000   54.54500000
        O  71.52492500   31.47817600   54.14846300
        O  69.62981600   30.38901700   54.57755900
        H  69.88312100   32.35225000   54.89776100
        C  66.86940000   37.56380000   49.32380000
        O  68.05322500   37.62557600   48.92726300
        O  66.15811600   36.53641700   49.35635900
        H  66.41142100   38.49965000   49.67656100
        C  61.97710000   32.37860000   44.74950000
        O  63.16092500   32.44037600   44.35296300
        O  61.26581600   31.35121700   44.78205900
        H  61.51912100   33.31445000   45.10226100

Note: printed only print_atoms_list (this is not necessarily all atoms) 
  ------------RUNNING QM/MM MODULE------------- 
QM Module: ORCATheory
MM Module: OpenMMTheory
Charge provided from QMMMTheory object:  -2
Mult provided from QMMMTheory object:  1
QM-region Charge: -2 Mult: 1
Embedding: Electrostatic
Number of pointcharges (to QM program): 64
Number of charge coordinates: 64
Running QM/MM object with 8 cores available

-------------------------------------------------------------------
Time to calculate step (before-QMstep): 0.000 seconds, 0.0 minutes.
-------------------------------------------------------------------
  ------------RUNNING ORCA INTERFACE------------- 
Object-label: ORCA
Run-label: None
Running ORCA with 8 cores available
Moreadfile option not active
A GBW-file with same basename : orca.gbw is present
Autostart is False. ORCA will ignore any file present
Creating inputfile: orca.inp
ORCA input:
! B3LYP D3BJ def2-SVP def2/J RIJCOSX CPCM TightSCF

! Noautostart

%cpcm epsilon 4.0 end
%scf MaxIter 300 Guess PModel end
Charge: -2  Mult: 1
Pointcharge embedding is on!
 ORCA Calculation starting. 
Found warning messages in ORCA outputfile:
WARNING: The chosen methods will break translational/rotational symmetry
 WARNING: The chosen methods will break translational symmetry
 WARNING: The chosen methods will break translational symmetry
 Warning: op=0 Small HOMO/LUMO gap (  -0.658) - skipping pre-diagonalization

 ORCA Calculation done. 
ORCA converged in 31 iterations
ORCA energy: -836.650900459847
  ------------ENDING ORCA-INTERFACE------------- 

----------------------------------------------------------------
Time to calculate step (ORCA run): 431.844 seconds, 7.2 minutes.
----------------------------------------------------------------

---------------------------------------------------------------
Time to calculate step (QM step): 431.844 seconds, 7.2 minutes.
---------------------------------------------------------------

----------------------------------------------------------------------
Time to calculate step (QMpcgrad prepare): 0.000 seconds, 0.0 minutes.
----------------------------------------------------------------------

--------------------------------------------------------------------------
Time to calculate step (linkatomgrad prepare): 0.000 seconds, 0.0 minutes.
--------------------------------------------------------------------------

----------------------------------------------------------------------------
Time to calculate step (QM/MM gradient prepare): 0.000 seconds, 0.0 minutes.
----------------------------------------------------------------------------
Using OpenMM theory as part of QM/MM.
Using MM on full system. Charges for QM region [0, 1, 2, 3, 4, 5, 6, 7, 8, 9, 10, 11, 12, 13, 14, 15, 16, 17, 18, 19, 20, 21, 22, 23] have been set to zero 

--------------------------------------------------------------------------------
                   Creating/updating OpenMM simulation object                   
--------------------------------------------------------------------------------

Integrator name: VerletIntegrator
Timestep: 0.001
Temperature: 300
Coupling frequency: 1
Properties: {'Threads': '1'}
Topology: <Topology; 1 chains, 1 residues, 88 atoms, 0 bonds>

----------------------------------------------------------------------------------
Time to calculate step (creating/updating simulation): 0.001 seconds, 0.0 minutes.
----------------------------------------------------------------------------------

--------------------------------------------------------------------------------
                     Running Single-point OpenMM Interface                      
--------------------------------------------------------------------------------

Number of OpenMM system constraints defined: 0

-----------------------------------------------------------------------------------
Time to calculate step (OpenMMTheory.run: const-check): 0.001 seconds, 0.0 minutes.
-----------------------------------------------------------------------------------
Updating coordinates.

------------------------------------------------------------------------
Time to calculate step (Creating pos array): 0.000 seconds, 0.0 minutes.
------------------------------------------------------------------------

---------------------------------------------------------------------------
Time to calculate step (Updating MM positions): 0.000 seconds, 0.0 minutes.
---------------------------------------------------------------------------
Calling OpenMM getState.

---------------------------------------------------------------------
Time to calculate step (OpenMM getState): 0.000 seconds, 0.0 minutes.
---------------------------------------------------------------------
OpenMM Energy: -2.5514948807176796 Eh
OpenMM Energy: -1601.0872106738432 kcal/mol

-----------------------
Ending OpenMM interface
-----------------------

----------------------------------------------------------------
Time to calculate step (OpenMM run): 0.002 seconds, 0.0 minutes.
----------------------------------------------------------------

-------------------------------------------------------------
Time to calculate step (MM step): 0.003 seconds, 0.0 minutes.
-------------------------------------------------------------

Note: You are using electrostatic embedding. This means that the QM-energy is actually the polarized QM-energy
Note: MM energy also contains the QM-MM Lennard-Jones interaction

QM energy:              -836.650900459847 
MM energy:                -2.551494880718
QM/MM energy:           -839.202395340565 

  ------------ENDING QM/MM MODULE------------- 

-----------------------------------------------------------------
Time to calculate step (QM/MM run): 431.847 seconds, 7.2 minutes.
-----------------------------------------------------------------
geometric called save_guess_files option option for ASHengineclass.
This option is currently unsupported in ASH. Continuing.
geometric called clearCalcs option for ASHengineclass.
This option is currently unsupported in ASH. Continuing.

Convergence criteria: {'convergence_energy': 1e-05, 'convergence_grms': 0.003, 'convergence_gmax': 0.006, 'convergence_drms': 0.01, 'convergence_dmax': 0.015, 'convergence_cmax': 0.01}

Replacing coordinates in fragment.
Creating/Updating fragment attributes...
Number of Atoms in fragment: 88
Formula: H38N12C20O18
Label: CHHCCOOOCHCHCCHCHCHOHCOOCNHHNHHNHHCOOHCNHHNHHNHHCNHHNHHNHHCOOHCNHHNHHNHHCOOHCOOHCOOHCOOH
Charge: -2 Mult: 1

--------------------------------------------------------------------------------
Wrote XYZ file:  Fragment-currentgeo.xyz
Current geometry (Å) in step 18 (print_atoms_list region)
---------------------------------------------------
        C  57.28000456   35.23221492   61.11925943
        H  57.85959957   34.50070436   60.43442800
        H  56.47207064   35.64193689   60.53500280
        C  57.59141944   35.69113784   62.35393011
        C  56.56290745   36.64696590   62.97679932
        O  56.28286400   37.79362565   62.51937188
        O  56.06163597   36.15827190   64.00339348
        O  58.52713734   35.30420527   63.17004929
        C  56.91326849   31.62273086   55.71458030
        H  56.15234552   30.85012533   55.70737804
        C  58.15970579   31.42281901   56.20557242
        H  58.51117624   30.46843332   56.60088365
        C  59.07897301   32.53626729   56.16910243
        C  58.92290890   33.52159032   55.14377116
        H  59.78489986   34.12778651   54.85631121
        C  57.68003917   33.72300511   54.62607121
        H  57.48796452   34.50280888   53.87934870
        C  56.51300500   32.99309227   55.24279352
        H  56.39441727   33.57741993   56.18221727
        O  55.26919625   33.11204367   54.61701673
        H  55.23169085   32.41429803   53.88599655
        C  60.14732676   32.65361418   57.22674418
        O  59.66712630   32.96382110   58.37190806
        O  61.28859287   32.45285612   56.82739636
        C  58.40400000   28.29340000   64.58310000
        N  58.55457700   28.67862000   63.31904600
        H  58.24406000   29.34112200   64.01530000
        H  58.75074600   27.72358200   63.58271300
        N  57.99510100   29.16580400   65.49994900
        H  58.19127000   28.21076600   65.76361600
        H  58.10944900   29.45834000   64.54002800
        N  58.66232100   27.03577600   64.93030500
        H  58.77667000   27.32831100   63.97038400
        H  58.35180400   27.69827800   65.62655900
        C  67.01360000   28.50850000   47.75060000
        O  68.19742500   28.57027600   47.35406300
        O  66.30231600   27.48111700   47.78315900
        H  66.55562100   29.44435000   48.10336100
        C  52.46130000   28.07600000   62.72310000
        N  52.61187700   28.46122000   61.45904600
        H  52.30136000   29.12372200   62.15530000
        H  52.80804600   27.50618200   61.72271300
        N  52.05240100   28.94840400   63.63994900
        H  52.24857000   27.99336600   63.90361600
        H  52.16674900   29.24094000   62.68002800
        N  52.71962100   26.81837600   63.07030500
        H  52.83397000   27.11091100   62.11038400
        H  52.40910400   27.48087800   63.76655900
        C  60.41080000   36.44790000   65.77150000
        N  60.56137700   36.83312000   64.50744600
        H  60.25086000   37.49562200   65.20370000
        H  60.75754600   35.87808200   64.77111300
        N  60.00190100   37.32030400   66.68834900
        H  60.19807000   36.36526600   66.95201600Step   21 : Displace = [0m2.007e-02[0m/[0m1.213e-01[0m (rms/max) Trust = 2.007e-02 (=) Grad_T = [0m5.368e-03[0m/[0m2.243e-02[0m (rms/max) E (change) = -839.2366660489 ([0m-8.996e-03[0m) Quality = [0m0.561[0m
Hessian Eigenvalues: 1.81522e-03 1.47742e-02 2.63686e-02 ... 6.13166e-01 6.34988e-01 1.18236e+00
Step   22 : Displace = [0m2.003e-02[0m/[0m9.333e-02[0m (rms/max) Trust = 2.007e-02 (=) Grad_T = [0m3.153e-03[0m/[0m1.228e-02[0m (rms/max) E (change) = -839.2429780330 ([0m-6.312e-03[0m) Quality = [0m1.047[0m
Hessian Eigenvalues: 2.50871e-03 1.24683e-02 2.09008e-02 ... 5.78013e-01 6.29602e-01 1.16492e+00
Step   23 : Displace = [0m2.845e-02[0m/[0m9.913e-02[0m (rms/max) Trust = 2.839e-02 ([92m+[0m) Grad_T = [0m3.965e-03[0m/[0m1.365e-02[0m (rms/max) E (change) = -839.2491835002 ([0m-6.205e-03[0m) Quality = [0m0.945[0m
Hessian Eigenvalues: 2.10505e-03 1.06080e-02 1.90603e-02 ... 5.92585e-01 6.43424e-01 1.29981e+00
Step   24 : Displace = [0m3.981e-02[0m/[0m1.332e-01[0m (rms/max) Trust = 4.014e-02 ([92m+[0m) Grad_T = [0m3.848e-03[0m/[0m1.718e-02[0m (rms/max) E (change) = -839.2546840410 ([0m-5.501e-03[0m) Quality = [0m0.824[0m
Hessian Eigenvalues: 4.14325e-03 5.03304e-03 1.83552e-02 ... 5.89097e-01 6.22191e-01 1.19234e+00
