geometric-optimize called with the following command line:
relax_barrier.py shell7p7ts run

                                        [91m())))))))))))))))/[0m                     
                                    [91m())))))))))))))))))))))))),[0m                
                                [91m*)))))))))))))))))))))))))))))))))[0m             
                        [94m#,[0m    [91m()))))))))/[0m                [91m.)))))))))),[0m          
                      [94m#%%%%,[0m  [91m())))))[0m                        [91m.))))))))*[0m        
                      [94m*%%%%%%,[0m  [91m))[0m              [93m..[0m              [91m,))))))).[0m      
                        [94m*%%%%%%,[0m         [93m***************/.[0m        [91m.)))))))[0m     
                [94m#%%/[0m      [94m(%%%%%%,[0m    [93m/*********************.[0m       [91m)))))))[0m    
              [94m.%%%%%%#[0m      [94m*%%%%%%,[0m  [93m*******/,[0m     [93m**********,[0m      [91m.))))))[0m   
                [94m.%%%%%%/[0m      [94m*%%%%%%,[0m  [93m**[0m              [93m********[0m      [91m.))))))[0m  
          [94m##[0m      [94m.%%%%%%/[0m      [94m(%%%%%%,[0m                  [93m,******[0m      [91m/)))))[0m  
        [94m%%%%%%[0m      [94m.%%%%%%#[0m      [94m*%%%%%%,[0m    [92m,/////.[0m       [93m******[0m      [91m))))))[0m 
      [94m#%[0m      [94m%%[0m      [94m.%%%%%%/[0m      [94m*%%%%%%,[0m  [92m////////,[0m      [93m*****/[0m     [91m,)))))[0m 
    [94m#%%[0m  [94m%%%[0m  [94m%%%#[0m      [94m.%%%%%%/[0m      [94m(%%%%%%,[0m  [92m///////.[0m     [93m/*****[0m      [91m))))).[0m
  [94m#%%%%.[0m      [94m%%%%%#[0m      [94m/%%%%%%*[0m      [94m#%%%%%%[0m   [92m/////)[0m     [93m******[0m      [91m))))),[0m
    [94m#%%%%##%[0m  [94m%%%#[0m      [94m.%%%%%%/[0m      [94m(%%%%%%,[0m  [92m///////.[0m     [93m/*****[0m      [91m))))).[0m
      [94m##[0m     [94m%%%[0m      [94m.%%%%%%/[0m      [94m*%%%%%%,[0m  [92m////////.[0m      [93m*****/[0m     [91m,)))))[0m 
        [94m#%%%%#[0m      [94m/%%%%%%/[0m      [94m(%%%%%%[0m      [92m/)/)//[0m       [93m******[0m      [91m))))))[0m 
          [94m##[0m      [94m.%%%%%%/[0m      [94m(%%%%%%,[0m                  [93m*******[0m      [91m))))))[0m  
                [94m.%%%%%%/[0m      [94m*%%%%%%,[0m  [93m**.[0m             [93m/*******[0m      [91m.))))))[0m  
              [94m*%%%%%%/[0m      [94m(%%%%%%[0m   [93m********/*..,*/*********[0m       [91m*))))))[0m   
                [94m#%%/[0m      [94m(%%%%%%,[0m    [93m*********************/[0m        [91m)))))))[0m    
                        [94m*%%%%%%,[0m         [93m,**************/[0m         [91m,))))))/[0m     
                      [94m(%%%%%%[0m   [91m()[0m                              [91m))))))))[0m       
                      [94m#%%%%,[0m  [91m())))))[0m                        [91m,)))))))),[0m        
                        [94m#,[0m    [91m())))))))))[0m                [91m,)))))))))).[0m          
                                 [91m()))))))))))))))))))))))))))))))/[0m             
                                    [91m())))))))))))))))))))))))).[0m                
                                         [91m())))))))))))))),[0m                     

-=# [1;94m geomeTRIC started. Version: 1.1.1 [0m #=-
Current date and time: 2026-07-29 17:07:50
#========================================================#
#| [92m    Arguments passed to driver run_optimizer():     [0m |#
#========================================================#
bothre                    0.0 
constraints               constraints.txt 
convergence_cmax          0.01 
convergence_dmax          0.015 
convergence_drms          0.01 
convergence_energy        1e-05 
convergence_gmax          0.006 
convergence_grms          0.003 
coordsys                  hdlc 
customengine              <ash.interfaces.interface_geometric_new.ASHengineclass object at 0x14a33be3a6d0> 
input                     dummyinputname 
irc                       False 
logIni                    /home/18660916/envs/ash/lib/python3.11/site-packages/ash/log.ini 
maxiter                   400 
prefix                    geometric_OPTtraj 
rigid                     False 
subfrctor                 1 
transition                False 
verbose                   0 
----------------------------------------------------------
Custom engine selected.
$freeze
xyz 25
xyz 26
xyz 27
xyz 28
xyz 29
xyz 30
xyz 31
xyz 32
xyz 33
xyz 34
xyz 35
xyz 36
xyz 37
xyz 38
xyz 39
xyz 40
xyz 41
xyz 42
xyz 43
xyz 44
xyz 45
xyz 46
xyz 47
xyz 48
xyz 49
xyz 50
xyz 51
xyz 52
xyz 53
xyz 54
xyz 55
xyz 56
xyz 57
xyz 58
xyz 59
xyz 60
xyz 61
xyz 62
xyz 63
xyz 64
xyz 65
xyz 66
xyz 67
xyz 68
xyz 69
xyz 70
xyz 71
xyz 72
xyz 73
xyz 74
xyz 75
xyz 76
xyz 77
xyz 78
xyz 79
xyz 80
xyz 81
xyz 82
Bonds will be generated from interatomic distances less than 1.20 times sum of covalent radii
246 internal coordinates being used (instead of 246 Cartesians)
<class 'geometric.internal.CartesianX'> : 82
<class 'geometric.internal.CartesianY'> : 82
<class 'geometric.internal.CartesianZ'> : 82
<class 'geometric.internal.Distance'> : 98
<class 'geometric.internal.Angle'> : 108
<class 'geometric.internal.OutOfPlane'> : 295
<class 'geometric.internal.Dihedral'> : 502
Constraint                         Current      Target       Diff.
Cartesian-X 25                    64.98840    64.98840     0.00000
Cartesian-Y 25                    23.56910    23.56910     0.00000
Cartesian-Z 25                    52.59720    52.59720     0.00000
Cartesian-X 26                    66.17222    66.17222     0.00000
Cartesian-Y 26                    23.63088    23.63088     0.00000
Cartesian-Z 26                    52.20066    52.20066     0.00000
Cartesian-X 27                    64.27712    64.27712     0.00000
Cartesian-Y 27                    22.54172    22.54172     0.00000
Cartesian-Z 27                    52.62976    52.62976     0.00000
Cartesian-X 28                    64.53042    64.53042     0.00000
Cartesian-Y 28                    24.50495    24.50495     0.00000
Cartesian-Z 28                    52.94996    52.94996     0.00000
Cartesian-X 29                    70.37930    70.37930     0.00000
Cartesian-Y 29                    29.88280    29.88280     0.00000
Cartesian-Z 29                    51.96570    51.96570     0.00000
Cartesian-X 30                    71.56312    71.56312     0.00000
Cartesian-Y 30                    29.94458    29.94458     0.00000
Cartesian-Z 30                    51.56916    51.56916     0.00000
Cartesian-X 31                    69.66802    69.66802     0.00000
Cartesian-Y 31                    28.85542    28.85542     0.00000
Cartesian-Z 31                    51.99826    51.99826     0.00000
Cartesian-X 32                    69.92132    69.92132     0.00000
Cartesian-Y 32                    30.81865    30.81865     0.00000
Cartesian-Z 32                    52.31846    52.31846     0.00000
Cartesian-X 33                    66.21710    66.21710     0.00000
Cartesian-Y 33                    26.53760    26.53760     0.00000
Cartesian-Z 33                    47.68760    47.68760     0.00000
Cartesian-X 34                    67.40093    67.40093     0.00000
Cartesian-Y 34                    26.59938    26.59938     0.00000
Cartesian-Z 34                    47.29106    47.29106     0.00000
Cartesian-X 35                    65.50582    65.50582     0.00000
Cartesian-Y 35                    25.51022    25.51022     0.00000
Cartesian-Z 35                    47.72016    47.72016     0.00000
Cartesian-X 36                    65.75912    65.75912     0.00000
Cartesian-Y 36                    27.47345    27.47345     0.00000
Cartesian-Z 36                    48.04036    48.04036     0.00000
Cartesian-X 37                    69.85360    69.85360     0.00000
Cartesian-Y 37                    34.71120    34.71120     0.00000
Cartesian-Z 37                    50.33630    50.33630     0.00000
Cartesian-X 38                    71.03742    71.03742     0.00000
Cartesian-Y 38                    34.77298    34.77298     0.00000
Cartesian-Z 38                    49.93976    49.93976     0.00000
Cartesian-X 39                    69.14232    69.14232     0.00000
Cartesian-Y 39                    33.68382    33.68382     0.00000
Cartesian-Z 39                    50.36886    50.36886     0.00000
Cartesian-X 40                    69.39562    69.39562     0.00000
Cartesian-Y 40                    35.64705    35.64705     0.00000
Cartesian-Z 40                    50.68906    50.68906     0.00000
Cartesian-X 41                    53.78910    53.78910     0.00000
Cartesian-Y 41                    33.23890    33.23890     0.00000
Cartesian-Z 41                    65.89740    65.89740     0.00000
Cartesian-X 42                    53.93968    53.93968     0.00000
Cartesian-Y 42                    33.62412    33.62412     0.00000
Cartesian-Z 42                    64.63335    64.63335     0.00000
Cartesian-X 43                    53.62916    53.62916     0.00000
Cartesian-Y 43                    34.28662    34.28662     0.00000
Cartesian-Z 43                    65.32960    65.32960     0.00000
Cartesian-X 44                    54.13585    54.13585     0.00000
Cartesian-Y 44                    32.66908    32.66908     0.00000
Cartesian-Z 44                    64.89701    64.89701     0.00000
Cartesian-X 45                    53.38020    53.38020     0.00000
Cartesian-Y 45                    34.11130    34.11130     0.00000
Cartesian-Z 45                    66.81425    66.81425     0.00000
Cartesian-X 46                    53.57637    53.57637     0.00000
Cartesian-Y 46                    33.15627    33.15627     0.00000
Cartesian-Z 46                    67.07792    67.07792     0.00000
Cartesian-X 47                    53.49455    53.49455     0.00000
Cartesian-Y 47                    34.40384    34.40384     0.00000
Cartesian-Z 47                    65.85433    65.85433     0.00000
Cartesian-X 48                    54.04742    54.04742     0.00000
Cartesian-Y 48                    31.98128    31.98128     0.00000
Cartesian-Z 48                    66.24461    66.24461     0.00000
Cartesian-X 49                    54.16177    54.16177     0.00000
Cartesian-Y 49                    32.27381    32.27381     0.00000
Cartesian-Z 49                    65.28468    65.28468     0.00000
Cartesian-X 50                    53.73690    53.73690     0.00000
Cartesian-Y 50                    32.64378    32.64378     0.00000
Cartesian-Z 50                    66.94086    66.94086     0.00000
Cartesian-X 51                    49.95840    49.95840     0.00000
Cartesian-Y 51                    33.58120    33.58120     0.00000
Cartesian-Z 51                    62.71040    62.71040     0.00000
Cartesian-X 52                    50.10898    50.10898     0.00000
Cartesian-Y 52                    33.96642    33.96642     0.00000
Cartesian-Z 52                    61.44635    61.44635     0.00000
Cartesian-X 53                    49.79846    49.79846     0.00000
Cartesian-Y 53                    34.62892    34.62892     0.00000
Cartesian-Z 53                    62.14260    62.14260     0.00000
Cartesian-X 54                    50.30515    50.30515     0.00000
Cartesian-Y 54                    33.01138    33.01138     0.00000
Cartesian-Z 54                    61.71001    61.71001     0.00000
Cartesian-X 55                    49.54950    49.54950     0.00000
Cartesian-Y 55                    34.45360    34.45360     0.00000
Cartesian-Z 55                    63.62725    63.62725     0.00000
Cartesian-X 56                    49.74567    49.74567     0.00000
Cartesian-Y 56                    33.49857    33.49857     0.00000
Cartesian-Z 56                    63.89092    63.89092     0.00000
Cartesian-X 57                    49.66385    49.66385     0.00000
Cartesian-Y 57                    34.74614    34.74614     0.00000
Cartesian-Z 57                    62.66733    62.66733     0.00000
Cartesian-X 58                    50.21672    50.21672     0.00000
Cartesian-Y 58                    32.32358    32.32358     0.00000
Cartesian-Z 58                    63.05760    63.05760     0.00000
Cartesian-X 59                    50.33107    50.33107     0.00000
Cartesian-Y 59                    32.61611    32.61611     0.00000
Cartesian-Z 59                    62.09768    62.09768     0.00000
Cartesian-X 60                    49.90620    49.90620     0.00000
Cartesian-Y 60                    32.98608    32.98608     0.00000
Cartesian-Z 60                    63.75386    63.75386     0.00000
Cartesian-X 61                    59.78940    59.78940     0.00000
Cartesian-Y 61                    24.69200    24.69200     0.00000
Cartesian-Z 61                    48.16450    48.16450     0.00000
Cartesian-X 62                    60.97322    60.97322     0.00000
Cartesian-Y 62                    24.75378    24.75378     0.00000
Cartesian-Z 62                    47.76796    47.76796     0.00000
Cartesian-X 63                    59.07812    59.07812     0.00000
Cartesian-Y 63                    23.66462    23.66462     0.00000
Cartesian-Z 63                    48.19706    48.19706     0.00000
Cartesian-X 64                    59.33142    59.33142     0.00000
Cartesian-Y 64                    25.62785    25.62785     0.00000
Cartesian-Z 64                    48.51726    48.51726     0.00000
Cartesian-X 65                    63.46380    63.46380     0.00000
Cartesian-Y 65                    32.23990    32.23990     0.00000
Cartesian-Z 65                    44.33800    44.33800     0.00000
Cartesian-X 66                    64.64763    64.64763     0.00000
Cartesian-Y 66                    32.30168    32.30168     0.00000
Cartesian-Z 66                    43.94146    43.94146     0.00000
Cartesian-X 67                    62.75252    62.75252     0.00000
Cartesian-Y 67                    31.21252    31.21252     0.00000
Cartesian-Z 67                    44.37056    44.37056     0.00000
Cartesian-X 68                    63.00582    63.00582     0.00000
Cartesian-Y 68                    33.17575    33.17575     0.00000
Cartesian-Z 68                    44.69076    44.69076     0.00000
Cartesian-X 69                    53.41980    53.41980     0.00000
Cartesian-Y 69                    28.24940    28.24940     0.00000
Cartesian-Z 69                    64.13750    64.13750     0.00000
Cartesian-X 70                    53.57038    53.57038     0.00000
Cartesian-Y 70                    28.63462    28.63462     0.00000
Cartesian-Z 70                    62.87345    62.87345     0.00000
Cartesian-X 71                    53.25986    53.25986     0.00000
Cartesian-Y 71                    29.29712    29.29712     0.00000
Cartesian-Z 71                    63.56970    63.56970     0.00000
Cartesian-X 72                    53.76655    53.76655     0.00000
Cartesian-Y 72                    27.67958    27.67958     0.00000
Cartesian-Z 72                    63.13711    63.13711     0.00000
Cartesian-X 73                    53.01090    53.01090     0.00000
Cartesian-Y 73                    29.12180    29.12180     0.00000
Cartesian-Z 73                    65.05435    65.05435     0.00000
Cartesian-X 74                    53.20707    53.20707     0.00000
Cartesian-Y 74                    28.16677    28.16677     0.00000
Cartesian-Z 74                    65.31802    65.31802     0.00000
Cartesian-X 75                    53.12525    53.12525     0.00000
Cartesian-Y 75                    29.41434    29.41434     0.00000
Cartesian-Z 75                    64.09443    64.09443     0.00000
Cartesian-X 76                    53.67812    53.67812     0.00000
Cartesian-Y 76                    26.99178    26.99178     0.00000
Cartesian-Z 76                    64.48471    64.48471     0.00000
Cartesian-X 77                    53.79247    53.79247     0.00000
Cartesian-Y 77                    27.28431    27.28431     0.00000
Cartesian-Z 77                    63.52478    63.52478     0.00000
Cartesian-X 78                    53.36760    53.36760     0.00000
Cartesian-Y 78                    27.65428    27.65428     0.00000
Cartesian-Z 78                    65.18096    65.18096     0.00000
Cartesian-X 79                    56.20460    56.20460     0.00000
Cartesian-Y 79                    30.65050    30.65050     0.00000
Cartesian-Z 79                    45.07630    45.07630     0.00000
Cartesian-X 80                    57.38842    57.38842     0.00000
Cartesian-Y 80                    30.71228    30.71228     0.00000
Cartesian-Z 80                    44.67976    44.67976     0.00000
Cartesian-X 81                    55.49332    55.49332     0.00000
Cartesian-Y 81                    29.62312    29.62312     0.00000
Cartesian-Z 81                    45.10886    45.10886     0.00000
Cartesian-X 82                    55.74662    55.74662     0.00000
Cartesian-Y 82                    31.58635    31.58635     0.00000
Cartesian-Z 82                    45.42906    45.42906     0.00000
> ===== Optimization Info: ====
> Job type: Energy minimization
> Maximum number of optimization cycles: 400
> Initial / maximum trust radius (Angstrom): 0.100 / 0.300
> Convergence Criteria:
> Will converge when all 5 criteria are reached:
>  |Delta-E| < 1.00e-05
>  RMS-Ortho-Grad < 3.00e-03
>  Max-Ortho-Grad < 6.00e-03
>  RMS-Disp  < 1.00e-02
>  Max-Disp  < 1.50e-02
> 
> Constraints are requested. The following criterion is added:
>  Max Constraint Violation (in Angstroms/degrees) < 1.00e-02 
> === End Optimization Info ===
Step    0 : Gradient = 7.342e-03/3.474e-02 (rms/max) Energy = -837.8484372645
Hessian Eigenvalues: 2.63687e-02 2.63687e-02 2.63687e-02 ... 5.78010e-01 5.78010e-01 5.78010e-01
Step    1 : Displace = [0m2.206e-02[0m/[0m1.347e-01[0m (rms/max) Trust = 1.000e-01 (=) Grad_T = [0m3.700e-03[0m/[0m1.631e-02[0m (rms/max) E (change) = -837.8568215492 ([0m-8.384e-03[0m) Quality = [0m1.241[0m
Hessian Eigenvalues: 2.21492e-02 2.63687e-02 2.63687e-02 ... 5.78010e-01 5.78010e-01 5.78864e-01
Step    2 : Displace = [0m2.731e-02[0m/[0m1.382e-01[0m (rms/max) Trust = 1.414e-01 ([92m+[0m) Grad_T = [0m3.709e-03[0m/[0m1.606e-02[0m (rms/max) E (change) = -837.8627232635 ([0m-5.902e-03[0m) Quality = [0m1.478[0m
Hessian Eigenvalues: 8.15480e-03 2.63687e-02 2.63687e-02 ... 5.78010e-01 5.78010e-01 6.13513e-01
Step    3 : Displace = [0m5.515e-02[0m/[0m2.583e-01[0m (rms/max) Trust = 2.000e-01 ([92m+[0m) Grad_T = [0m5.900e-03[0m/[0m2.467e-02[0m (rms/max) E (change) = -837.8701661732 ([0m-7.443e-03[0m) Quality = [0m1.345[0m
Hessian Eigenvalues: 4.26732e-03 2.63687e-02 2.63687e-02 ... 5.78010e-01 5.78010e-01 6.15209e-01
Step    4 : Displace = [0m6.494e-02[0m/[0m2.782e-01[0m (rms/max) Trust = 2.828e-01 ([92m+[0m) Grad_T = [0m6.427e-03[0m/[0m2.261e-02[0m (rms/max) E (change) = -837.8776863740 ([0m-7.520e-03[0m) Quality = [0m1.448[0m
Hessian Eigenvalues: 2.68599e-03 2.63687e-02 2.63687e-02 ... 5.78010e-01 5.78109e-01 5.90769e-01
Step    5 : Displace = [0m9.260e-02[0m/[0m3.230e-01[0m (rms/max) Trust = 3.000e-01 ([92m+[0m) Grad_T = [0m6.760e-03[0m/[0m2.591e-02[0m (rms/max) E (change) = -837.8888673295 ([0m-1.118e-02[0m) Quality = [0m1.468[0m
Hessian Eigenvalues: 2.01619e-03 2.63685e-02 2.63687e-02 ... 5.78010e-01 5.78017e-01 6.05396e-01
Step    6 : Displace = [0m1.169e-01[0m/[0m3.826e-01[0m (rms/max) Trust = 3.000e-01 (=) Grad_T = [0m7.815e-03[0m/[0m2.813e-02[0m (rms/max) E (change) = -837.9043653559 ([0m-1.550e-02[0m) Quality = [0m1.412[0m
Hessian Eigenvalues: 1.58586e-03 1.93349e-02 2.63687e-02 ... 5.78010e-01 5.78014e-01 6.18579e-01
Step    7 : Displace = [0m1.403e-01[0m/[0m4.711e-01[0m (rms/max) Trust = 3.000e-01 (=) Grad_T = [0m1.133e-02[0m/[0m4.222e-02[0m (rms/max) E (change) = -837.9234792805 ([0m-1.911e-02[0m) Quality = [0m1.298[0m
Hessian Eigenvalues: 1.51363e-03 1.14930e-02 2.63687e-02 ... 5.78010e-01 5.78012e-01 6.06722e-01
Step    8 : Displace = [0m1.524e-01[0m/[0m4.508e-01[0m (rms/max) Trust = 3.000e-01 (=) Grad_T = [0m3.135e-02[0m/[0m1.883e-01[0m (rms/max) E (change) = -837.8991580909 ([91m+2.432e-02[0m) Quality = [91m-1.037[0m
[93mRejecting step - quality is lower than -1.0[0m
Hessian Eigenvalues: 1.51363e-03 1.14930e-02 2.63687e-02 ... 5.78010e-01 5.78012e-01 6.06722e-01
Step    9 : Displace = [0m7.385e-02[0m/[0m2.223e-01[0m (rms/max) Trust = 7.620e-02 ([1;91mx[0m) Grad_T = [0m1.364e-02[0m/[0m6.350e-02[0m (rms/max) E (change) = -837.9397311310 ([0m-1.625e-02[0m) Quality = [0m0.778[0m
Hessian Eigenvalues: 1.58928e-03 1.76989e-02 2.63687e-02 ... 5.78010e-01 5.78011e-01 5.94796e-01
ashpath: /home/18660916/envs/ash/lib/python3.11/site-packages/ash
Sys path: ['/home/18660916/envs/ash/lib/python3.11/site-packages/ash', '/home/18660916/system_development/phase2b_charge_design/05d_shell_ladder/relax/run_barr_7p7', '/home/18660916/envs/ash/lib/python311.zip', '/home/18660916/envs/ash/lib/python3.11', '/home/18660916/envs/ash/lib/python3.11/lib-dynload', '/home/18660916/envs/ash/lib/python3.11/site-packages']
--------------------------------------------------------------------------------
--------------------------------------------------------------------------------
                                           ASH                                            
                              A MULTISCALE MODELLING PROGRAM                              
                                        Version: 0.9dev                                        
                               Git commit version: Unknown                                
--------------------------------------------------------------------------------
--------------------------------------------------------------------------------
ASH path: /home/18660916/envs/ash/lib/python3.11/site-packages/ash
Python version: 3.11.15
Python interpreter: /home/18660916/envs/ash/bin/python3

ASH Settings after reading defaults and ~/ash_user_settings.ini : 
See https://ash.readthedocs.io/en/latest/basics.html#ash-settings on how to change settings.
	 debugflag :  False
	 load_julia :  False
	 julia_library :  pythoncall
	 use_ANSI_color :  False
	 print_logo :  False
	 print_input :  True
	 scale :  1.0
	 tol :  0.1
	 conndepth :  10
	 connectivity_code :  julia
	 nonbondedMM_code :  julia
	 print_exit_footer :  True
	 print_full_timings :  True

Note: ASH can use ANSI escape sequences for displaying color. Use e.g. less -R to display
To turn on/off escape sequences, set: 'use_ANSI_color = False' in
~/ash_user_settings.ini

Input script: /home/18660916/system_development/phase2b_charge_design/05d_shell_ladder/relax/run_barr_7p7/relax_barrier.py
================================================================================
   > import sys, openmm
   > from ash import Fragment, ORCATheory, OpenMMTheory, QMMMTheory, Optimizer
   > name=sys.argv[1]; RUN=(len(sys.argv)>2 and sys.argv[2]=="run")
   > ORCADIR="/home/apps2/ORCA/6.0.1"
   > coords="\n".join(open("%s_coords.xyz"%name).read().splitlines()[2:])
   > mmcharges=[float(x) for x in open("%s_charges.txt"%name).read().split(",")]
   > frag=Fragment(coordsstring=coords, charge=-2, mult=1)
   > els=[a.split()[0] for a in coords.strip().split("\n")]
   > print(">> %s: %d atoms (24 QM + %d MM), MM net %+.2f"%(name,frag.numatoms,frag.numatoms-24,sum(mmcharges)))
   > assert len(mmcharges)==frag.numatoms
   > LJ={"C":(3.40,0.086),"N":(3.25,0.170),"O":(2.96,0.210),"H":(1.06,0.016)}
   > orca=ORCATheory(orcadir=ORCADIR,orcasimpleinput="! B3LYP D3BJ def2-SVP def2/J RIJCOSX CPCM TightSCF",
   >     orcablocks="%cpcm epsilon 4.0 end\n%scf MaxIter 300 Guess PModel end",numcores=8,autostart=False)
   > mm=OpenMMTheory(fragment=frag,dummysystem=True,platform="CPU",numcores=1,autoconstraints=None,rigidwater=False)
   > lj=openmm.CustomBondForce("4*eps*((sig/r)^12 - (sig/r)^6)")
   > lj.addPerBondParameter("sig");lj.addPerBondParameter("eps");lj.setUsesPeriodicBoundaryConditions(False)
   > ang=openmm.unit.angstrom;kcal=openmm.unit.kilocalorie_per_mole;npair=0
   > for i in range(24):
   >     si,ei=LJ[els[i]]
   >     for j in range(24,frag.numatoms):
   >         sj,ej=LJ[els[j]]
   >         sig=((si+sj)/2*ang).value_in_unit(openmm.unit.nanometer);eps=(((ei*ej)**0.5)*kcal).value_in_unit(openmm.unit.kilojoule_per_mole)
   >         lj.addBond(i,j,[sig,eps]);npair+=1
   > lj.setForceGroup(11);mm.system.addForce(lj)
   > qmmm=QMMMTheory(qm_theory=orca,mm_theory=mm,fragment=frag,qmatoms=list(range(24)),charges=mmcharges,embedding="elstat",qm_charge=-2,qm_mult=1,numcores=8)
   > FROZEN=list(range(24,frag.numatoms))
   > CONV={"convergence_energy":1e-5,"convergence_grms":3.0e-3,"convergence_gmax":6.0e-3,"convergence_drms":1.0e-2,"convergence_dmax":1.5e-2}
   > if not RUN:
   >     print("\n=== DRY RUN OK %s: %d pairs, MM %+.0f, %d frozen ==="%(name,npair,sum(mmcharges),len(FROZEN))); sys.exit(0)
   > result=Optimizer(theory=qmmm,fragment=frag,coordsystem="hdlc",frozenatoms=FROZEN,maxiter=400,conv_criteria=CONV,charge=-2,mult=1)
   > frag.write_xyzfile("%s_relaxed.xyz"%name)
   > # extract final energy
   > E=frag.energy if hasattr(frag,"energy") else None
   > print(">> DONE %s  FINAL ENERGY = %s Eh -> %s_relaxed.xyz"%(name,E,name))
   > open("%s_energy.txt"%name,"w").write(str(E))
================================================================================ 


--------------------------------------------------------------------------------
                                New ASH fragment                                
--------------------------------------------------------------------------------

ASH Fragment creation
Getting coordinates from string: C     60.14190600    34.25017500    56.86750500
H     60.65410400    33.35229400    57.20242100
H     60.73860600    35.07435300    56.47491200
C     58.80287300    34.45194900    57.16141800
C     58.13069700    35.79868100    56.84307300
O     58.86276300    36.77666300    56.53446600
O     56.87734100    35.82963400    56.93983700
O     58.04533200    33.51170800    57.60013500
C     57.53567900    32.20862600    56.01945400
H     56.92805500    31.57263500    56.66681400
C     58.86068700    31.87524000    55.78984900
H     59.36035100    31.12725100    56.40326400
C     59.64119800    32.67145500    54.96010600
C     58.97535300    33.57937300    54.02371700
H     59.61208400    34.05213900    53.27111900
C     57.64453400    33.77154800    54.05277400
H     57.14874400    34.42947900    53.33266900
C     56.77153500    33.13738000    55.09626400
H     56.36648800    33.96180100    55.70835200
O     55.70405500    32.44082700    54.44502300
H     55.04194600    32.20048300    55.11214300
C     61.07068900    32.21901900    54.67969600
O     61.72429900    31.71851300    55.62834500
O     61.44865900    32.31879300    53.48933100
C     64.988400    23.569100    52.597200
O     66.172225    23.630876    52.200663
O     64.277116    22.541717    52.629759
H     64.530421    24.504950    52.949961
C     70.379300    29.882800    51.965700
O     71.563125    29.944576    51.569163
O     69.668016    28.855417    51.998259
H     69.921321    30.818650    52.318461
C     66.217100    26.537600    47.687600
O     67.400925    26.599376    47.291063
O     65.505816    25.510217    47.720159
H     65.759121    27.473450    48.040361
C     69.853600    34.711200    50.336300
O     71.037425    34.772976    49.939763
O     69.142316    33.683817    50.368859
H     69.395621    35.647050    50.689061
C     53.789100    33.238900    65.897400
N     53.939677    33.624120    64.633346
H     53.629160    34.286622    65.329600
H     54.135846    32.669082    64.897013
N     53.380201    34.111304    66.814249
H     53.576370    33.156266    67.077916
H     53.494549    34.403840    65.854328
N     54.047421    31.981276    66.244605
H     54.161770    32.273811    65.284684
H     53.736904    32.643778    66.940859
C     49.958400    33.581200    62.710400
N     50.108977    33.966420    61.446346
H     49.798460    34.628922    62.142600
H     50.305146    33.011382    61.710013
N     49.549501    34.453604    63.627249
H     49.745670    33.498566    63.890916
H     49.663849    34.746140    62.667328
N     50.216721    32.323576    63.057605
H     50.331070    32.616111    62.097684
H     49.906204    32.986078    63.753859
C     59.789400    24.692000    48.164500
O     60.973225    24.753776    47.767963
O     59.078116    23.664617    48.197059
H     59.331421    25.627850    48.517261
C     63.463800    32.239900    44.338000
O     64.647625    32.301676    43.941463
O     62.752516    31.212517    44.370559
H     63.005821    33.175750    44.690761
C     53.419800    28.249400    64.137500
N     53.570377    28.634620    62.873446
H     53.259860    29.297122    63.569700
H     53.766546    27.679582    63.137113
N     53.010901    29.121804    65.054349
H     53.207070    28.166766    65.318016
H     53.125249    29.414340    64.094428
N     53.678121    26.991776    64.484705
H     53.792470    27.284311    63.524784
H     53.367604    27.654278    65.180959
C     56.204600    30.650500    45.076300
O     57.388425    30.712276    44.679763
O     55.493316    29.623117    45.108859
H     55.746621    31.586350    45.429061
Creating/Updating fragment attributes...
Number of Atoms in fragment: 82
Formula: C20N9O20H33
Label: CHHCCOOOCHCHCCHCHCHOHCOOCOOHCOOHCOOHCOOHCNHHNHHNHHCNHHNHHNHHCOOHCOOHCNHHNHHNHHCOOH
Charge: -2 Mult: 1

--------------------------------------------------------------------------------
>> shell7p7ts: 82 atoms (24 QM + 58 MM), MM net -4.00


                     #####################################                      
                     #                                   #                      
                     #     ORCATheory initialization     #                      
                     #                                   #                      
                     #####################################                      
Checking for ORCA location
 Using orcadir path provided: /home/apps2/ORCA/6.0.1 
Checking if ORCA binary works... yes 
ORCA parallel job requested with numcores: 8 . Make sure that the correct OpenMPI version (for the ORCA version) is available in your environment
OpenMPI binary directory found: /apps/openmpi/4.1.1/bin
Testing that mpirun is executable... yes 
OpenMPI version (mpirun -V): mpirun (Open MPI) 4.1.1

Report bugs to http://www.open-mpi.org/community/help/

bind_to_core_option: True

Creating ORCA object
ORCA dir: /home/apps2/ORCA/6.0.1
! B3LYP D3BJ def2-SVP def2/J RIJCOSX CPCM TightSCF
%cpcm epsilon 4.0 end
%scf MaxIter 300 Guess PModel end

ORCATheory object created!


                           #########################                            
                           #                       #                            
                           #     OpenMM Theory     #                            
                           #                       #                            
                           #########################                            
OpenMM CPU threads set to: 1
Imported OpenMM library version: 8.5.2

--------------------------------------------------------------------------------
                             Defining OpenMM object                             
--------------------------------------------------------------------------------

Printlevel: 2
No automatic constraints
AutoConstraint setting: None
Rigidwater constraints: False
Hydrogenmass option: 1.5 Da
Using platform: CPU

--------------------------------------------------------------------------------
                            Setting up force fields.                            
--------------------------------------------------------------------------------

Note: OpenMM will fail in this step if parameters are missing in topology and
      parameter files (e.g. nonbonded entries).

Defining new basic single-chain, multi-residue topology
Inside write_xmlfile_nonbonded
Wrote XML-file: dummy.xml
residueTemplates: {}
System is non-periodic.
nonbonded noPBC Method is: NoCutoff
Nonbonded cutoff : 20 Angstrom

----------------------
OpenMM system created.
----------------------
OpenMM Forces defined: [<openmm.openmm.NonbondedForce; proxy of <Swig Object of type 'OpenMM::NonbondedForce *' at 0x14a33f3bfbf0> >, <openmm.openmm.CMMotionRemover; proxy of <Swig Object of type 'OpenMM::CMMotionRemover *' at 0x14a33f3bf830> >]

Setting charges
Number of atoms in OpenMM system: 82

System constraints defined upon system creation: 0
Use printlevel =>3 to see list of all constraints

----------------------------------------------------------------------------
Time to calculate step (OpenMM object creation): 1.268 seconds, 0.0 minutes.
----------------------------------------------------------------------------


                            ########################                            
                            #                      #                            
                            #     QM/MM Theory     #                            
                            #                      #                            
                            ########################                            
QM-theory: ORCATheory
MM-theory: OpenMMTheory
All atoms in fragment: 82
QM region (24 atoms): [0, 1, 2, 3, 4, 5, 6, 7, 8, 9, 10, 11, 12, 13, 14, 15, 16, 17, 18, 19, 20, 21, 22, 23]
MM region (58 atoms)
QM/MM object selected to use 8 cores
Embedding: elstat
Reading in charges
Updating charges in OpenMM object.
Updating simulation object for modified Nonbonded force.

--------------------------------------------------------------------
Time to calculate step (update_charges): 0.001 seconds, 0.0 minutes.
--------------------------------------------------------------------
QM-region coordinates (before linkatoms):
   0    C  60.14190600   34.25017500   56.86750500
   1    H  60.65410400   33.35229400   57.20242100
   2    H  60.73860600   35.07435300   56.47491200
   3    C  58.80287300   34.45194900   57.16141800
   4    C  58.13069700   35.79868100   56.84307300
   5    O  58.86276300   36.77666300   56.53446600
   6    O  56.87734100   35.82963400   56.93983700
   7    O  58.04533200   33.51170800   57.60013500
   8    C  57.53567900   32.20862600   56.01945400
   9    H  56.92805500   31.57263500   56.66681400
  10    C  58.86068700   31.87524000   55.78984900
  11    H  59.36035100   31.12725100   56.40326400
  12    C  59.64119800   32.67145500   54.96010600
  13    C  58.97535300   33.57937300   54.02371700
  14    H  59.61208400   34.05213900   53.27111900
  15    C  57.64453400   33.77154800   54.05277400
  16    H  57.14874400   34.42947900   53.33266900
  17    C  56.77153500   33.13738000   55.09626400
  18    H  56.36648800   33.96180100   55.70835200
  19    O  55.70405500   32.44082700   54.44502300
  20    H  55.04194600   32.20048300   55.11214300
  21    C  61.07068900   32.21901900   54.67969600
  22    O  61.72429900   31.71851300   55.62834500
  23    O  61.44865900   32.31879300   53.48933100

Determining QM-MM/HL-LL boundary
Parameters determing connectivity:
Scaling factor: 1.0
Tolerance: 0.30000000000000004
QM atoms: [0, 1, 2, 3, 4, 5, 6, 7, 8, 9, 10, 11, 12, 13, 14, 15, 16, 17, 18, 19, 20, 21, 22, 23]
QM atoms to be excluded from boundary creation (excludeboundaryatomlist):  []
QM-MM boundary dictionary: {}

------------------------------------------------------------------------
Time to calculate step (get_boundary_atoms): 0.001 seconds, 0.0 minutes.
------------------------------------------------------------------------
No covalent QM-MM boundary. Linkatoms and dipole_correction options set to False
Removing constraints in OpenMM object for atoms: [0, 1, 2, 3, 4, 5, 6, 7, 8, 9, 10, 11, 12, 13, 14, 15, 16, 17, 18, 19, 20, 21, 22, 23]
Removing bonded terms for QM-region in MMtheory
Modifying bonded forces.


Number of bonded terms removed:
Harmonic Bond terms: 0
Harmonic Angle terms: 0
Periodic Torsion terms: 0
Custom Torsion terms: 0
CMAP Torsion terms: 0
CustomBond terms 0


--------------------------------------------------------------------------
Time to calculate step (modify_bonded_forces): 0.002 seconds, 0.0 minutes.
--------------------------------------------------------------------------
Removing nonbonded terms for QM-region in MMtheory (QM-QM interactions)
Add exceptions/exclusions. Removing i-j interactions for list: 24 atoms
Case Nonbondedforce. Adding Exception for ij pair.
Number of exceptions (Nonbondedforce) added: 276
Number of exclusions (CustomNonbondedforce) added: 0

--------------------------------------------------------------------
Time to calculate step (add exceptions): 0.001 seconds, 0.0 minutes.
--------------------------------------------------------------------
Charges of QM atoms set to 0 (since Electrostatic Embedding):
Setting QM charges to Zero

-------------------------------------------------------------------
Time to calculate step (ZeroQMCharges): 0.000 seconds, 0.0 minutes.
-------------------------------------------------------------------
Updating charges in OpenMM object.
Updating simulation object for modified Nonbonded force.

--------------------------------------------------------------------
Time to calculate step (update_charges): 0.000 seconds, 0.0 minutes.
--------------------------------------------------------------------
Deleting Coulombexceptions for atomlist: [0, 1, 2, 3, 4, 5, 6, 7, 8, 9, 10, 11, 12, 13, 14, 15, 16, 17, 18, 19, 20, 21, 22, 23]

-----------------------------------------------------------------------
Time to calculate step (delete_exceptions): 0.003 seconds, 0.0 minutes.
-----------------------------------------------------------------------


---------------------------------------------------------------------------
Time to calculate step (QM/MM object creation): 0.092 seconds, 0.0 minutes.
---------------------------------------------------------------------------


                 #############################################                  
                 #                                           #                  
                 #     geomeTRICOptimizer initialization     #                  
                 #                                           #                  
                 #############################################                  
Creating optimizer object
User-defined convergence criteria:
Theory is not periodic
Printlevel: 2
Coordinate system:  hdlc
Max iterations:  400
Frozen atoms: [24, 25, 26, 27, 28, 29, 30, 31, 32, 33, 34, 35, 36, 37, 38, 39, 40, 41, 42, 43, 44, 45, 46, 47, 48, 49, 50, 51, 52, 53, 54, 55, 56, 57, 58, 59, 60, 61, 62, 63, 64, 65, 66, 67, 68, 69, 70, 71, 72, 73, 74, 75, 76, 77, 78, 79, 80, 81]
Active Region: False
TS Optimization: False
Hessian Option: None
Convergence criteria: {'convergence_energy': 1e-05, 'convergence_grms': 0.003, 'convergence_gmax': 0.006, 'convergence_drms': 0.01, 'convergence_dmax': 0.015, 'convergence_cmax': 0.01}


--------------------------------------------------------------------------------
                            Running geomeTRIC object                            
--------------------------------------------------------------------------------

 
Doing geometry optimization on fragment. Formula: C20N9O20H33 Label: CHHCCOOOCHCHCCHCHCHOHCOOCOOHCOOHCOOHCOOHCNHHNHHNHHCNHHNHHNHHCOOHCOOHCNHHNHHNHHCOOH  
No constraints provided to run method.
Testing if constraints present in optimizer object
No constraints in optimizer object.
Now testing if constraints in fragment object 
No constraints in fragment object.

Constraints:  None
constrainvalue:  False
Inside define_constraints
Constraints: None
Inside write_constraintsfile
Writing frozen atom constraints
Wrote XYZ file:  initialxyzfiletric.xyz
No Hessian option provided.
self.constraintsfile: constraints.txt
Convergence criteria: {'convergence_energy': 1e-05, 'convergence_grms': 0.003, 'convergence_gmax': 0.006, 'convergence_drms': 0.01, 'convergence_dmax': 0.015, 'convergence_cmax': 0.01}
Hessian option: None
Coordinate system: hdlc
Starting optimization

--------------------------------------------------------------------------------------
Time to calculate step (Time spent before run_optimizer): 16.476 seconds, 0.3 minutes.
--------------------------------------------------------------------------------------
geometric called detect_dft option option for ASHengineclass.

Convergence criteria: {'convergence_energy': 1e-05, 'convergence_grms': 0.003, 'convergence_gmax': 0.006, 'convergence_drms': 0.01, 'convergence_dmax': 0.015, 'convergence_cmax': 0.01}

Replacing coordinates in fragment.
Creating/Updating fragment attributes...
Number of Atoms in fragment: 82
Formula: C20N9O20H33
Label: CHHCCOOOCHCHCCHCHCHOHCOOCOOHCOOHCOOHCOOHCNHHNHHNHHCNHHNHHNHHCOOHCOOHCNHHNHHNHHCOOH
Charge: -2 Mult: 1

--------------------------------------------------------------------------------
Wrote XYZ file:  Fragment-currentgeo.xyz
Current geometry (Å) in step 0 (print_atoms_list region)
---------------------------------------------------
        C  60.14190600   34.25017500   56.86750500
        H  60.65410400   33.35229400   57.20242100
        H  60.73860600   35.07435300   56.47491200
        C  58.80287300   34.45194900   57.16141800
        C  58.13069700   35.79868100   56.84307300
        O  58.86276300   36.77666300   56.53446600
        O  56.87734100   35.82963400   56.93983700
        O  58.04533200   33.51170800   57.60013500
        C  57.53567900   32.20862600   56.01945400
        H  56.92805500   31.57263500   56.66681400
        C  58.86068700   31.87524000   55.78984900
        H  59.36035100   31.12725100   56.40326400
        C  59.64119800   32.67145500   54.96010600
        C  58.97535300   33.57937300   54.02371700
        H  59.61208400   34.05213900   53.27111900
        C  57.64453400   33.77154800   54.05277400
        H  57.14874400   34.42947900   53.33266900
        C  56.77153500   33.13738000   55.09626400
        H  56.36648800   33.96180100   55.70835200
        O  55.70405500   32.44082700   54.44502300
        H  55.04194600   32.20048300   55.11214300
        C  61.07068900   32.21901900   54.67969600
        O  61.72429900   31.71851300   55.62834500
        O  61.44865900   32.31879300   53.48933100
        C  64.98840000   23.56910000   52.59720000
        O  66.17222500   23.63087600   52.20066300
        O  64.27711600   22.54171700   52.62975900
        H  64.53042100   24.50495000   52.94996100
        C  70.37930000   29.88280000   51.96570000
        O  71.56312500   29.94457600   51.56916300
        O  69.66801600   28.85541700   51.99825900
        H  69.92132100   30.81865000   52.31846100
        C  66.21710000   26.53760000   47.68760000
        O  67.40092500   26.59937600   47.29106300
        O  65.50581600   25.51021700   47.72015900
        H  65.75912100   27.47345000   48.04036100
        C  69.85360000   34.71120000   50.33630000
        O  71.03742500   34.77297600   49.93976300
        O  69.14231600   33.68381700   50.36885900
        H  69.39562100   35.64705000   50.68906100
        C  53.78910000   33.23890000   65.89740000
        N  53.93967700   33.62412000   64.63334600
        H  53.62916000   34.28662200   65.32960000
        H  54.13584600   32.66908200   64.89701300
        N  53.38020100   34.11130400   66.81424900
        H  53.57637000   33.15626600   67.07791600
        H  53.49454900   34.40384000   65.85432800
        N  54.04742100   31.98127600   66.24460500
        H  54.16177000   32.27381100   65.28468400
        H  53.73690400   32.64377800   66.94085900
        C  49.95840000   33.58120000   62.71040000
        N  50.10897700   33.96642000   61.44634600
        H  49.79846000   34.62892200   62.14260000
        H  50.30514600   33.01138200   61.71001300
        N  49.54950100   34.45360400   63.62724900
        H  49.74567000   33.49856600   63.89091600
        H  49.66384900   34.74614000   62.66732800
        N  50.21672100   32.32357600   63.05760500
        H  50.33107000   32.61611100   62.09768400
        H  49.90620400   32.98607800   63.75385900
        C  59.78940000   24.69200000   48.16450000
        O  60.97322500   24.75377600   47.76796300
        O  59.07811600   23.66461700   48.19705900
        H  59.33142100   25.62785000   48.51726100
        C  63.46380000   32.23990000   44.33800000
        O  64.64762500   32.30167600   43.94146300
        O  62.75251600   31.21251700   44.37055900
        H  63.00582100   33.17575000   44.69076100
        C  53.41980000   28.24940000   64.13750000
        N  53.57037700   28.63462000   62.87344600
        H  53.25986000   29.29712200   63.56970000
        H  53.76654600   27.67958200   63.13711300
        N  53.01090100   29.12180400   65.05434900
        H  53.20707000   28.16676600   65.31801600
        H  53.12524900   29.41434000   64.09442800
        N  53.67812100   26.99177600   64.48470500
        H  53.79247000   27.28431100   63.52478400
        H  53.36760400   27.65427800   65.18095900
        C  56.20460000   30.65050000   45.07630000
        O  57.38842500   30.71227600   44.67976300
        O  55.49331600   29.62311700   45.10885900
        H  55.74662100   31.58635000   45.42906100

Note: printed only print_atoms_list (this is not necessarily all atoms) 
  ------------RUNNING QM/MM MODULE------------- 
QM Module: ORCATheory
MM Module: OpenMMTheory
Charge provided from QMMMTheory object:  -2
Mult provided from QMMMTheory object:  1
QM-region Charge: -2 Mult: 1
Embedding: Electrostatic
First QMMMTheory run. Running runprep
Inside QMMMTheory runprep

-------------------------------------------------------------
Time to calculate step (runprep): 0.000 seconds, 0.0 minutes.
-------------------------------------------------------------
Number of pointcharges (to QM program): 58
Number of charge coordinates: 58
Running QM/MM object with 8 cores available

-------------------------------------------------------------------
Time to calculate step (before-QMstep): 0.000 seconds, 0.0 minutes.
-------------------------------------------------------------------
  ------------RUNNING ORCA INTERFACE------------- 
Object-label: ORCA
Run-label: None
Running ORCA with 8 cores available
Moreadfile option not active
No orca.gbw file is present in dir.
Checking if a file orca.gbw exists in parentdir:
Found no file. ORCA will guess new orbitals
Creating inputfile: orca.inp
ORCA input:
! B3LYP D3BJ def2-SVP def2/J RIJCOSX CPCM TightSCF

! Noautostart


%cpcm epsilon 4.0 end
%scf MaxIter 300 Guess PModel end
Charge: -2  Mult: 1
Pointcharge embedding is on!
 ORCA Calculation starting. 
Found warning messages in ORCA outputfile:
WARNING: The chosen methods will break translational/rotational symmetry
 WARNING: The chosen methods will break translational symmetry
 WARNING: The chosen methods will break translational symmetry
 Warning: op=0 Small HOMO/LUMO gap (   0.067) - skipping pre-diagonalization

 ORCA Calculation done. 
ORCA converged in 16 iterations
ORCA energy: -836.043826500279
  ------------ENDING ORCA-INTERFACE------------- 

----------------------------------------------------------------
Time to calculate step (ORCA run): 356.818 seconds, 5.9 minutes.
----------------------------------------------------------------

---------------------------------------------------------------
Time to calculate step (QM step): 356.818 seconds, 5.9 minutes.
---------------------------------------------------------------

----------------------------------------------------------------------
Time to calculate step (QMpcgrad prepare): 0.000 seconds, 0.0 minutes.
----------------------------------------------------------------------

--------------------------------------------------------------------------
Time to calculate step (linkatomgrad prepare): 0.000 seconds, 0.0 minutes.
--------------------------------------------------------------------------

----------------------------------------------------------------------------
Time to calculate step (QM/MM gradient prepare): 0.000 seconds, 0.0 minutes.
----------------------------------------------------------------------------
Using OpenMM theory as part of QM/MM.
Using MM on full system. Charges for QM region [0, 1, 2, 3, 4, 5, 6, 7, 8, 9, 10, 11, 12, 13, 14, 15, 16, 17, 18, 19, 20, 21, 22, 23] have been set to zero 

--------------------------------------------------------------------------------
                   Creating/updating OpenMM simulation object                   
--------------------------------------------------------------------------------

Integrator name: VerletIntegrator
Timestep: 0.001
Temperature: 300
Coupling frequency: 1
Properties: {'Threads': '1'}
Topology: <Topology; 1 chains, 1 residues, 82 atoms, 0 bonds>

----------------------------------------------------------------------------------
Time to calculate step (creating/updating simulation): 0.003 seconds, 0.0 minutes.
----------------------------------------------------------------------------------

--------------------------------------------------------------------------------
                     Running Single-point OpenMM Interface                      
--------------------------------------------------------------------------------

Number of OpenMM system constraints defined: 0

-----------------------------------------------------------------------------------
Time to calculate step (OpenMMTheory.run: const-check): 0.003 seconds, 0.0 minutes.
-----------------------------------------------------------------------------------
Updating coordinates.

------------------------------------------------------------------------
Time to calculate step (Creating pos array): 0.000 seconds, 0.0 minutes.
------------------------------------------------------------------------

---------------------------------------------------------------------------
Time to calculate step (Updating MM positions): 0.000 seconds, 0.0 minutes.
---------------------------------------------------------------------------
Calling OpenMM getState.

---------------------------------------------------------------------
Time to calculate step (OpenMM getState): 0.001 seconds, 0.0 minutes.
---------------------------------------------------------------------
OpenMM Energy: -1.8046107642651408 Eh
OpenMM Energy: -1132.4103515726274 kcal/mol

-----------------------
Ending OpenMM interface
-----------------------

----------------------------------------------------------------
Time to calculate step (OpenMM run): 0.004 seconds, 0.0 minutes.
----------------------------------------------------------------

-------------------------------------------------------------
Time to calculate step (MM step): 0.005 seconds, 0.0 minutes.
-------------------------------------------------------------

Note: You are using electrostatic embedding. This means that the QM-energy is actually the polarized QM-energy
Note: MM energy also contains the QM-MM Lennard-Jones interaction

QM energy:              -836.043826500279 
MM energy:                -1.804610764265
QM/MM energy:           -837.848437264544 

  ------------ENDING QM/MM MODULE------------- 

-----------------------------------------------------------------
Time to calculate step (QM/MM run): 356.823 seconds, 5.9 minutes.
-----------------------------------------------------------------

Convergence criteria: {'convergence_energy': 1e-05, 'convergence_grms': 0.003, 'convergence_gmax': 0.006, 'convergence_drms': 0.01, 'convergence_dmax': 0.015, 'convergence_cmax': 0.01}

Replacing coordinates in fragment.
Creating/Updating fragment attributes...
Number of Atoms in fragment: 82
Formula: C20N9O20H33
Label: CHHCCOOOCHCHCCHCHCHOHCOOCOOHCOOHCOOHCOOHCNHHNHHNHHCNHHNHHNHHCOOHCOOHCNHHNHHNHHCOOH
Charge: -2 Mult: 1

--------------------------------------------------------------------------------
Wrote XYZ file:  Fragment-currentgeo.xyz
Current geometry (Å) in step 0 (print_atoms_list region)
---------------------------------------------------
        C  60.11751841   34.25168375   56.88670838
        H  60.65296895   33.35126327   57.18928525
        H  60.71916908   35.05896691   56.46100330
        C  58.77936814   34.45993645   57.19623915
        C  58.10293189   35.80981457   56.83979497
        O  58.85522176   36.77554045   56.55808888
        O  56.84505708   35.86956494   56.99129409
        O  58.02640134   33.55176903   57.73111919
        C  57.54050831   32.19185778   55.99914100
        H  56.92160478   31.57239482   56.66098421
        C  58.85527391   31.85392323   55.77333487
        H  59.36583526   31.10951024   56.38649678
        C  59.64396482   32.65814207   54.94657903
        C  58.97967918   33.57613383   54.01931436
        H  59.61577948   34.05160754   53.27083590
        C  57.64888614   33.77057614   54.05394390
        H  57.15056876   34.42681108   53.33381374
        C  56.77416780   33.13369075   55.09316088
        H  56.36994839   33.95373760   55.71990432
        O  55.69378458   32.44560088   54.43916321
        H  55.05133058   32.19999948   55.11774540
        C  61.08776256   32.22224983   54.68834900
        O  61.67924475   31.74451807   55.68876845
        O  61.43233109   32.35362603   53.50122175
        C  64.98840000   23.56910000   52.59720000
        O  66.17222500   23.63087600   52.20066300
        O  64.27711600   22.54171700   52.62975900
        H  64.53042100   24.50495000   52.94996100
        C  70.37930000   29.88280000   51.96570000
        O  71.56312500   29.94457600   51.56916300
        O  69.66801600   28.85541700   51.99825900
        H  69.92132100   30.81865000   52.31846100
        C  66.21710000   26.53760000   47.68760000
        O  67.40092500   26.59937600   47.29106300
        O  65.50581600   25.51021700   47.72015900
        H  65.75912100   27.47345000   48.04036100
        C  69.85360000   34.71120000   50.33630000
        O  71.03742500   34.77297600   49.93976300
        O  69.14231600   33.68381700   50.36885900
        H  69.39562100   35.64705000   50.68906100
        C  53.78910000   33.23890000   65.89740000
        N  53.93967700   33.62412000   64.63334600
        H  53.62916000   34.28662200   65.32960000
        H  54.13584600   32.66908200   64.89701300
        N  53.38020100   34.11130400   66.81424900
        H  53.57637000   33.15626600   67.07791600
        H  53.49454900   34.40384000   65.85432800
        N  54.04742100   31.98127600   66.24460500
        H  54.16177000   32.27381100   65.28468400
        H  53.73690400   32.64377800   66.94085900
        C  49.95840000   33.58120000   62.71040000
        N  50.10897700   33.96642000   61.44634600
        H  49.79846000   34.62892200   62.14260000
        H  50.30514600   33.01138200   61.71001300
        N  49.54950100   34.45360400   63.62724900
        H  49.74567000   33.49856600   63.89091600
        H  49.66384900   34.74614000   62.66732800
        N  50.21672100   32.32357600   63.05760500
        H  50.33107000   32.61611100   62.09768400
        H  49.90620400   32.98607800   63.75385900
        C  59.78940000   24.69200000   48.16450000
        O  60.97322500   24.75377600   47.76796300
        O  59.07811600   23.66461700   48.19705900
        H  59.33142100   25.62785000   48.51726100
        C  63.46380000   32.23990000   44.33800000
        O  64.64762500   32.30167600   43.94146300
        O  62.75251600   31.21251700   44.37055900
        H  63.00582100   33.17575000   44.69076100
        C  53.41980000   28.24940000   64.13750000
        N  53.57037700   28.63462000   62.87344600
        H  53.25986000   29.29712200   63.56970000
        H  53.76654600   27.67958200   63.13711300
        N  53.01090100   29.12180400   65.05434900
        H  53.20707000   28.16676600   65.31801600
        H  53.12524900   29.41434000   64.09442800
        N  53.67812100   26.99177600   64.48470500
        H  53.79247000   27.28431100   63.52478400
        H  53.36760400   27.65427800   65.18095900
        C  56.20460000   30.65050000   45.07630000
        O  57.38842500   30.71227600   44.67976300
        O  55.49331600   29.62311700   45.10885900
        H  55.74662100   31.58635000   45.42906100

Note: printed only print_atoms_list (this is not necessarily all atoms) 
  ------------RUNNING QM/MM MODULE------------- 
QM Module: ORCATheory
MM Module: OpenMMTheory
Charge provided from QMMMTheory object:  -2
Mult provided from QMMMTheory object:  1
QM-region Charge: -2 Mult: 1
Embedding: Electrostatic
Number of pointcharges (to QM program): 58
Number of charge coordinates: 58
Running QM/MM object with 8 cores available

-------------------------------------------------------------------
Time to calculate step (before-QMstep): 0.000 seconds, 0.0 minutes.
-------------------------------------------------------------------
  ------------RUNNING ORCA INTERFACE------------- 
Object-label: ORCA
Run-label: None
Running ORCA with 8 cores available
Moreadfile option not active
A GBW-file with same basename : orca.gbw is present
Autostart is False. ORCA will ignore any file present
Creating inputfile: orca.inp
ORCA input:
! B3LYP D3BJ def2-SVP def2/J RIJCOSX CPCM TightSCF

! Noautostart

%cpcm epsilon 4.0 end
%scf MaxIter 300 Guess PModel end
Charge: -2  Mult: 1
Pointcharge embedding is on!
 ORCA Calculation starting. 
Found warning messages in ORCA outputfile:
WARNING: The chosen methods will break translational/rotational symmetry
 WARNING: The chosen methods will break translational symmetry
 WARNING: The chosen methods will break translational symmetry
 Warning: op=0 Small HOMO/LUMO gap (   0.073) - skipping pre-diagonalization

 ORCA Calculation done. 
ORCA converged in 17 iterations
ORCA energy: -836.052209717821
  ------------ENDING ORCA-INTERFACE------------- 

----------------------------------------------------------------
Time to calculate step (ORCA run): 359.267 seconds, 6.0 minutes.
----------------------------------------------------------------

---------------------------------------------------------------
Time to calculate step (QM step): 359.267 seconds, 6.0 minutes.
---------------------------------------------------------------

----------------------------------------------------------------------
Time to calculate step (QMpcgrad prepare): 0.000 seconds, 0.0 minutes.
----------------------------------------------------------------------

--------------------------------------------------------------------------
Time to calculate step (linkatomgrad prepare): 0.000 seconds, 0.0 minutes.
--------------------------------------------------------------------------

----------------------------------------------------------------------------
Time to calculate step (QM/MM gradient prepare): 0.000 seconds, 0.0 minutes.
----------------------------------------------------------------------------
Using OpenMM theory as part of QM/MM.
Using MM on full system. Charges for QM region [0, 1, 2, 3, 4, 5, 6, 7, 8, 9, 10, 11, 12, 13, 14, 15, 16, 17, 18, 19, 20, 21, 22, 23] have been set to zero 

--------------------------------------------------------------------------------
                   Creating/updating OpenMM simulation object                   
--------------------------------------------------------------------------------

Integrator name: VerletIntegrator
Timestep: 0.001
Temperature: 300
Coupling frequency: 1
Properties: {'Threads': '1'}
Topology: <Topology; 1 chains, 1 residues, 82 atoms, 0 bonds>

----------------------------------------------------------------------------------
Time to calculate step (creating/updating simulation): 0.002 seconds, 0.0 minutes.
----------------------------------------------------------------------------------

--------------------------------------------------------------------------------
                     Running Single-point OpenMM Interface                      
--------------------------------------------------------------------------------

Number of OpenMM system constraints defined: 0

-----------------------------------------------------------------------------------
Time to calculate step (OpenMMTheory.run: const-check): 0.002 seconds, 0.0 minutes.
-----------------------------------------------------------------------------------
Updating coordinates.

------------------------------------------------------------------------
Time to calculate step (Creating pos array): 0.000 seconds, 0.0 minutes.
------------------------------------------------------------------------

---------------------------------------------------------------------------
Time to calculate step (Updating MM positions): 0.000 seconds, 0.0 minutes.
---------------------------------------------------------------------------
Calling OpenMM getState.

---------------------------------------------------------------------
Time to calculate step (OpenMM getState): 0.001 seconds, 0.0 minutes.
---------------------------------------------------------------------
OpenMM Energy: -1.8046118313327073 Eh
OpenMM Energy: -1132.411021167635 kcal/mol

-----------------------
Ending OpenMM interface
-----------------------

----------------------------------------------------------------
Time to calculate step (OpenMM run): 0.003 seconds, 0.0 minutes.
----------------------------------------------------------------

-------------------------------------------------------------
Time to calculate step (MM step): 0.004 seconds, 0.0 minutes.
-------------------------------------------------------------

Note: You are using electrostatic embedding. This means that the QM-energy is actually the polarized QM-energy
Note: MM energy also contains the QM-MM Lennard-Jones interaction

QM energy:              -836.052209717821 
MM energy:                -1.804611831333
QM/MM energy:           -837.856821549154 

  ------------ENDING QM/MM MODULE------------- 

-----------------------------------------------------------------
Time to calculate step (QM/MM run): 359.271 seconds, 6.0 minutes.
-----------------------------------------------------------------
geometric called save_guess_files option option for ASHengineclass.
This option is currently unsupported in ASH. Continuing.

Convergence criteria: {'convergence_energy': 1e-05, 'convergence_grms': 0.003, 'convergence_gmax': 0.006, 'convergence_drms': 0.01, 'convergence_dmax': 0.015, 'convergence_cmax': 0.01}

Replacing coordinates in fragment.
Creating/Updating fragment attributes...
Number of Atoms in fragment: 82
Formula: C20N9O20H33
Label: CHHCCOOOCHCHCCHCHCHOHCOOCOOHCOOHCOOHCOOHCNHHNHHNHHCNHHNHHNHHCOOHCOOHCNHHNHHNHHCOOH
Charge: -2 Mult: 1

--------------------------------------------------------------------------------
Wrote XYZ file:  Fragment-currentgeo.xyz
Current geometry (Å) in step 0 (print_atoms_list region)
---------------------------------------------------
        C  60.08109434   34.25413248   56.91163358
        H  60.63063143   33.34469667   57.17075881
        H  60.67300979   35.04307492   56.43649595
        C  58.75381237   34.47529340   57.26964557
        C  58.07795287   35.84166119   56.91387220
        O  58.82289967   36.78685015   56.57603537
        O  56.80930465   35.91026219   57.04453380
        O  58.01275265   33.59414954   57.86855702
        C  57.52416690   32.15053853   55.97114597
        H  56.89548072   31.55756072   56.64992946
        C  58.83184740   31.83692278   55.77149406
        H  59.36501383   31.09044982   56.36671011
        C  59.62780415   32.65884095   54.94321526
        C  58.97857474   33.57797547   54.01563303
        H  59.61689884   34.05319669   53.27011871
        C  57.64843962   33.77153747   54.05620519
        H  57.15048416   34.42610278   53.33468952
        C  56.77470196   33.12661296   55.09196455
        H  56.37498694   33.93817212   55.73929364
        O  55.67611398   32.46164708   54.43163968
        H  55.06162729   32.19641014   55.12567560
        C  61.09553778   32.24117378   54.73487989
        O  61.67458619   31.77656373   55.74442776
        O  61.42267055   32.38951366   53.55511768
        C  64.98840000   23.56910000   52.59720000
        O  66.17222500   23.63087600   52.20066300
        O  64.27711600   22.54171700   52.62975900
        H  64.53042100   24.50495000   52.94996100
        C  70.37930000   29.88280000   51.96570000
        O  71.56312500   29.94457600   51.56916300
        O  69.66801600   28.85541700   51.99825900
        H  69.92132100   30.81865000   52.31846100
        C  66.21710000   26.53760000   47.68760000
        O  67.40092500   26.59937600   47.29106300
        O  65.50581600   25.51021700   47.72015900
        H  65.75912100   27.47345000   48.04036100
        C  69.85360000   34.71120000   50.33630000
        O  71.03742500   34.77297600   49.93976300
        O  69.14231600   33.68381700   50.36885900
        H  69.39562100   35.64705000   50.68906100
        C  53.78910000   33.23890000   65.89740000
        N  53.93967700   33.62412000   64.63334600
        H  53.62916000   34.28662200   65.32960000
        H  54.13584600   32.66908200   64.89701300
        N  53.38020100   34.11130400   66.81424900
        H  53.57637000   33.15626600   67.07791600
        H  53.49454900   34.40384000   65.85432800
        N  54.04742100   31.98127600   66.24460500
        H  54.16177000   32.27381100   65.28468400
        H  53.73690400   32.64377800   66.94085900
        C  49.95840000   33.58120000   62.71040000
        N  50.10897700   33.96642000   61.44634600
        H  49.79846000   34.62892200   62.14260000
        H  50.30514600   33.01138200   61.71001300
        N  49.54950100   34.45360400   63.62724900
        H  49.74567000   33.49856600   63.89091600
        H  49.66384900   34.74614000   62.66732800
        N  50.21672100   32.32357600   63.05760500
        H  50.33107000   32.61611100   62.09768400
        H  49.90620400   32.98607800   63.75385900
        C  59.78940000   24.69200000   48.16450000
        O  60.97322500   24.75377600   47.76796300
        O  59.07811600   23.66461700   48.19705900
        H  59.33142100   25.62785000   48.51726100
        C  63.46380000   32.23990000   44.33800000
        O  64.64762500   32.30167600   43.94146300
        O  62.75251600   31.21251700   44.37055900
        H  63.00582100   33.17575000   44.69076100
        C  53.41980000   28.24940000   64.13750000
        N  53.57037700   28.63462000   62.87344600
        H  53.25986000   29.29712200   63.56970000
        H  53.76654600   27.67958200   63.13711300
        N  53.01090100   29.12180400   65.05434900
        H  53.20707000   28.16676600   65.31801600
        H  53.12524900   29.41434000   64.09442800
        N  53.67812100   26.99177600   64.48470500
        H  53.79247000   27.28431100   63.52478400
        H  53.36760400   27.65427800   65.18095900
        C  56.20460000   30.65050000   45.07630000
        O  57.38842500   30.71227600   44.67976300
        O  55.49331600   29.62311700   45.10885900
        H  55.74662100   31.58635000   45.42906100

Note: printed only print_atoms_list (this is not necessarily all atoms) 
  ------------RUNNING QM/MM MODULE------------- 
QM Module: ORCATheory
MM Module: OpenMMTheory
Charge provided from QMMMTheory object:  -2
Mult provided from QMMMTheory object:  1
QM-region Charge: -2 Mult: 1
Embedding: Electrostatic
Number of pointcharges (to QM program): 58
Number of charge coordinates: 58
Running QM/MM object with 8 cores available

-------------------------------------------------------------------
Time to calculate step (before-QMstep): 0.000 seconds, 0.0 minutes.
-------------------------------------------------------------------
  ------------RUNNING ORCA INTERFACE------------- 
Object-label: ORCA
Run-label: None
Running ORCA with 8 cores available
Moreadfile option not active
A GBW-file with same basename : orca.gbw is present
Autostart is False. ORCA will ignore any file present
Creating inputfile: orca.inp
ORCA input:
! B3LYP D3BJ def2-SVP def2/J RIJCOSX CPCM TightSCF

! Noautostart

%cpcm epsilon 4.0 end
%scf MaxIter 300 Guess PModel end
Charge: -2  Mult: 1
Pointcharge embedding is on!
 ORCA Calculation starting. 
Found warning messages in ORCA outputfile:
WARNING: The chosen methods will break translational/rotational symmetry
 WARNING: The chosen methods will break translational symmetry
 WARNING: The chosen methods will break translational symmetry
 Warning: op=0 Small HOMO/LUMO gap (   0.059) - skipping pre-diagonalization

 ORCA Calculation done. 
ORCA converged in 17 iterations
ORCA energy: -836.058110142228
  ------------ENDING ORCA-INTERFACE------------- 

----------------------------------------------------------------
Time to calculate step (ORCA run): 357.449 seconds, 6.0 minutes.
----------------------------------------------------------------

---------------------------------------------------------------
Time to calculate step (QM step): 357.450 seconds, 6.0 minutes.
---------------------------------------------------------------

----------------------------------------------------------------------
Time to calculate step (QMpcgrad prepare): 0.000 seconds, 0.0 minutes.
----------------------------------------------------------------------

--------------------------------------------------------------------------
Time to calculate step (linkatomgrad prepare): 0.000 seconds, 0.0 minutes.
--------------------------------------------------------------------------

----------------------------------------------------------------------------
Time to calculate step (QM/MM gradient prepare): 0.000 seconds, 0.0 minutes.
----------------------------------------------------------------------------
Using OpenMM theory as part of QM/MM.
Using MM on full system. Charges for QM region [0, 1, 2, 3, 4, 5, 6, 7, 8, 9, 10, 11, 12, 13, 14, 15, 16, 17, 18, 19, 20, 21, 22, 23] have been set to zero 

--------------------------------------------------------------------------------
                   Creating/updating OpenMM simulation object                   
--------------------------------------------------------------------------------

Integrator name: VerletIntegrator
Timestep: 0.001
Temperature: 300
Coupling frequency: 1
Properties: {'Threads': '1'}
Topology: <Topology; 1 chains, 1 residues, 82 atoms, 0 bonds>

----------------------------------------------------------------------------------
Time to calculate step (creating/updating simulation): 0.003 seconds, 0.0 minutes.
----------------------------------------------------------------------------------

--------------------------------------------------------------------------------
                     Running Single-point OpenMM Interface                      
--------------------------------------------------------------------------------

Number of OpenMM system constraints defined: 0

-----------------------------------------------------------------------------------
Time to calculate step (OpenMMTheory.run: const-check): 0.003 seconds, 0.0 minutes.
-----------------------------------------------------------------------------------
Updating coordinates.

------------------------------------------------------------------------
Time to calculate step (Creating pos array): 0.000 seconds, 0.0 minutes.
------------------------------------------------------------------------

---------------------------------------------------------------------------
Time to calculate step (Updating MM positions): 0.000 seconds, 0.0 minutes.
---------------------------------------------------------------------------
Calling OpenMM getState.

---------------------------------------------------------------------
Time to calculate step (OpenMM getState): 0.001 seconds, 0.0 minutes.
---------------------------------------------------------------------
OpenMM Energy: -1.804613121223957 Eh
OpenMM Energy: -1132.4118305866145 kcal/mol

-----------------------
Ending OpenMM interface
-----------------------

----------------------------------------------------------------
Time to calculate step (OpenMM run): 0.005 seconds, 0.0 minutes.
----------------------------------------------------------------

-------------------------------------------------------------
Time to calculate step (MM step): 0.005 seconds, 0.0 minutes.
-------------------------------------------------------------

Note: You are using electrostatic embedding. This means that the QM-energy is actually the polarized QM-energy
Note: MM energy also contains the QM-MM Lennard-Jones interaction

QM energy:              -836.058110142228 
MM energy:                -1.804613121224
QM/MM energy:           -837.862723263452 

  ------------ENDING QM/MM MODULE------------- 

-----------------------------------------------------------------
Time to calculate step (QM/MM run): 357.455 seconds, 6.0 minutes.
-----------------------------------------------------------------
geometric called save_guess_files option option for ASHengineclass.
This option is currently unsupported in ASH. Continuing.

Convergence criteria: {'convergence_energy': 1e-05, 'convergence_grms': 0.003, 'convergence_gmax': 0.006, 'convergence_drms': 0.01, 'convergence_dmax': 0.015, 'convergence_cmax': 0.01}

Replacing coordinates in fragment.
Creating/Updating fragment attributes...
Number of Atoms in fragment: 82
Formula: C20N9O20H33
Label: CHHCCOOOCHCHCCHCHCHOHCOOCOOHCOOHCOOHCOOHCNHHNHHNHHCNHHNHHNHHCOOHCOOHCNHHNHHNHHCOOH
Charge: -2 Mult: 1

--------------------------------------------------------------------------------
Wrote XYZ file:  Fragment-currentgeo.xyz
Current geometry (Å) in step 1 (print_atoms_list region)
---------------------------------------------------
        C  60.00137381   34.26042529   56.95823776
        H  60.56318771   33.33910260   57.15496068
        H  60.55452366   35.01741829   56.38659961
        C  58.70282605   34.50946706   57.43063604
        C  58.01814175   35.88201620   57.02333889
        O  58.75733090   36.80839118   56.64414184
        O  56.74589377   35.97179021   57.19307204
        O  57.99534746   33.67937020   58.12671068
        C  57.47441101   32.06364811   55.91163310
        H  56.83854021   31.51282769   56.61995580
        C  58.78359559   31.81812298   55.77913684
        H  59.34434153   31.06181583   56.33993590
        C  59.60306524   32.68568162   54.96880758
        C  58.97250740   33.58453214   54.02553645
        H  59.61686919   34.05380994   53.28017606
        C  57.64010133   33.77161945   54.06372077
        H  57.14288669   34.42439547   53.34023593
        C  56.76827005   33.11176831   55.09077002
        H  56.39209488   33.90718412   55.77712889
        O  55.63002657   32.50962876   54.41994813
        H  55.07162369   32.18157443   55.13588926
        C  61.10350883   32.29883800   54.83650243
        O  61.66215883   31.85239760   55.85653480
        O  61.43701120   32.44450302   53.66330691
        C  64.98840000   23.56910000   52.59720000
        O  66.17222500   23.63087600   52.20066300
        O  64.27711600   22.54171700   52.62975900
        H  64.53042100   24.50495000   52.94996100
        C  70.37930000   29.88280000   51.96570000
        O  71.56312500   29.94457600   51.56916300
        O  69.66801600   28.85541700   51.99825900
        H  69.92132100   30.81865000   52.31846100
        C  66.21710000   26.53760000   47.68760000
        O  67.40092500   26.59937600   47.29106300
        O  65.50581600   25.51021700   47.72015900
        H  65.75912100   27.47345000   48.04036100
        C  69.85360000   34.71120000   50.33630000
        O  71.03742500   34.77297600   49.93976300
        O  69.14231600   33.68381700   50.36885900
        H  69.39562100   35.64705000   50.68906100
        C  53.78910000   33.23890000   65.89740000
        N  53.93967700   33.62412000   64.63334600
        H  53.62916000   34.28662200   65.32960000
        H  54.13584600   32.66908200   64.89701300
        N  53.38020100   34.11130400   66.81424900
        H  53.57637000   33.15626600   67.07791600
        H  53.49454900   34.40384000   65.85432800
        N  54.04742100   31.98127600   66.24460500
        H  54.16177000   32.27381100   65.28468400
        H  53.73690400   32.64377800   66.94085900
        C  49.95840000   33.58120000   62.71040000
        N  50.10897700   33.96642000   61.44634600
        H  49.79846000   34.62892200   62.14260000
        H  50.30514600   33.01138200   61.71001300
        N  49.54950100   34.45360400   63.62724900
        H  49.74567000   33.49856600   63.89091600
        H  49.66384900   34.74614000   62.66732800
        N  50.21672100   32.32357600   63.05760500
        H  50.33107000   32.61611100   62.09768400
        H  49.90620400   32.98607800   63.75385900
        C  59.78940000   24.69200000   48.16450000
        O  60.97322500   24.75377600   47.76796300
        O  59.07811600   23.66461700   48.19705900
        H  59.33142100   25.62785000   48.51726100
        C  63.46380000   32.23990000   44.33800000
        O  64.64762500   32.30167600   43.94146300
        O  62.75251600   31.21251700   44.37055900
        H  63.00582100   33.17575000   44.69076100
        C  53.41980000   28.24940000   64.13750000
        N  53.57037700   28.63462000   62.87344600
        H  53.25986000   29.29712200   63.56970000
        H  53.76654600   27.67958200   63.13711300
        N  53.01090100   29.12180400   65.05434900
        H  53.20707000   28.16676600   65.31801600
        H  53.12524900   29.41434000   64.09442800
        N  53.67812100   26.99177600   64.48470500
        H  53.79247000   27.28431100   63.52478400
        H  53.36760400   27.65427800   65.18095900
        C  56.20460000   30.65050000   45.07630000
        O  57.38842500   30.71227600   44.67976300
        O  55.49331600   29.62311700   45.10885900
        H  55.74662100   31.58635000   45.42906100

Note: printed only print_atoms_list (this is not necessarily all atoms) 
  ------------RUNNING QM/MM MODULE------------- 
QM Module: ORCATheory
MM Module: OpenMMTheory
Charge provided from QMMMTheory object:  -2
Mult provided from QMMMTheory object:  1
QM-region Charge: -2 Mult: 1
Embedding: Electrostatic
Number of pointcharges (to QM program): 58
Number of charge coordinates: 58
Running QM/MM object with 8 cores available

-------------------------------------------------------------------
Time to calculate step (before-QMstep): 0.000 seconds, 0.0 minutes.
-------------------------------------------------------------------
  ------------RUNNING ORCA INTERFACE------------- 
Object-label: ORCA
Run-label: None
Running ORCA with 8 cores available
Moreadfile option not active
A GBW-file with same basename : orca.gbw is present
Autostart is False. ORCA will ignore any file present
Creating inputfile: orca.inp
ORCA input:
! B3LYP D3BJ def2-SVP def2/J RIJCOSX CPCM TightSCF

! Noautostart

%cpcm epsilon 4.0 end
%scf MaxIter 300 Guess PModel end
Charge: -2  Mult: 1
Pointcharge embedding is on!
 ORCA Calculation starting. 
Found warning messages in ORCA outputfile:
WARNING: The chosen methods will break translational/rotational symmetry
 WARNING: The chosen methods will break translational symmetry
 WARNING: The chosen methods will break translational symmetry
 Warning: op=0 Small HOMO/LUMO gap (   0.037) - skipping pre-diagonalization

 ORCA Calculation done. 
ORCA converged in 17 iterations
ORCA energy: -836.065549777257
  ------------ENDING ORCA-INTERFACE------------- 

----------------------------------------------------------------
Time to calculate step (ORCA run): 353.794 seconds, 5.9 minutes.
----------------------------------------------------------------

---------------------------------------------------------------
Time to calculate step (QM step): 353.794 seconds, 5.9 minutes.
---------------------------------------------------------------

----------------------------------------------------------------------
Time to calculate step (QMpcgrad prepare): 0.000 seconds, 0.0 minutes.
----------------------------------------------------------------------

--------------------------------------------------------------------------
Time to calculate step (linkatomgrad prepare): 0.000 seconds, 0.0 minutes.
--------------------------------------------------------------------------

----------------------------------------------------------------------------
Time to calculate step (QM/MM gradient prepare): 0.000 seconds, 0.0 minutes.
----------------------------------------------------------------------------
Using OpenMM theory as part of QM/MM.
Using MM on full system. Charges for QM region [0, 1, 2, 3, 4, 5, 6, 7, 8, 9, 10, 11, 12, 13, 14, 15, 16, 17, 18, 19, 20, 21, 22, 23] have been set to zero 

--------------------------------------------------------------------------------
                   Creating/updating OpenMM simulation object                   
--------------------------------------------------------------------------------

Integrator name: VerletIntegrator
Timestep: 0.001
Temperature: 300
Coupling frequency: 1
Properties: {'Threads': '1'}
Topology: <Topology; 1 chains, 1 residues, 82 atoms, 0 bonds>

----------------------------------------------------------------------------------
Time to calculate step (creating/updating simulation): 0.003 seconds, 0.0 minutes.
----------------------------------------------------------------------------------

--------------------------------------------------------------------------------
                     Running Single-point OpenMM Interface                      
--------------------------------------------------------------------------------

Number of OpenMM system constraints defined: 0

-----------------------------------------------------------------------------------
Time to calculate step (OpenMMTheory.run: const-check): 0.003 seconds, 0.0 minutes.
-----------------------------------------------------------------------------------
Updating coordinates.

------------------------------------------------------------------------
Time to calculate step (Creating pos array): 0.000 seconds, 0.0 minutes.
------------------------------------------------------------------------

---------------------------------------------------------------------------
Time to calculate step (Updating MM positions): 0.000 seconds, 0.0 minutes.
---------------------------------------------------------------------------
Calling OpenMM getState.

---------------------------------------------------------------------
Time to calculate step (OpenMM getState): 0.001 seconds, 0.0 minutes.
---------------------------------------------------------------------
OpenMM Energy: -1.8046163959296002 Eh
OpenMM Energy: -1132.4138854954306 kcal/mol

-----------------------
Ending OpenMM interface
-----------------------

----------------------------------------------------------------
Time to calculate step (OpenMM run): 0.005 seconds, 0.0 minutes.
----------------------------------------------------------------

-------------------------------------------------------------
Time to calculate step (MM step): 0.005 seconds, 0.0 minutes.
-------------------------------------------------------------

Note: You are using electrostatic embedding. This means that the QM-energy is actually the polarized QM-energy
Note: MM energy also contains the QM-MM Lennard-Jones interaction

QM energy:              -836.065549777257 
MM energy:                -1.804616395930
QM/MM energy:           -837.870166173187 

  ------------ENDING QM/MM MODULE------------- 

-----------------------------------------------------------------
Time to calculate step (QM/MM run): 353.800 seconds, 5.9 minutes.
-----------------------------------------------------------------
geometric called save_guess_files option option for ASHengineclass.
This option is currently unsupported in ASH. Continuing.

Convergence criteria: {'convergence_energy': 1e-05, 'convergence_grms': 0.003, 'convergence_gmax': 0.006, 'convergence_drms': 0.01, 'convergence_dmax': 0.015, 'convergence_cmax': 0.01}

Replacing coordinates in fragment.
Creating/Updating fragment attributes...
Number of Atoms in fragment: 82
Formula: C20N9O20H33
Label: CHHCCOOOCHCHCCHCHCHOHCOOCOOHCOOHCOOHCOOHCNHHNHHNHHCNHHNHHNHHCOOHCOOHCNHHNHHNHHCOOH
Charge: -2 Mult: 1

--------------------------------------------------------------------------------
Wrote XYZ file:  Fragment-currentgeo.xyz
Current geometry (Å) in step 2 (print_atoms_list region)
---------------------------------------------------
        C  59.89425029   34.25603166   56.99493132
        H  60.46937969   33.34298715   57.17831266
        H  60.39358113   34.99245976   56.34953116
        C  58.63525866   34.53833803   57.58558253
        C  57.94336520   35.92488976   57.19215491
        O  58.66681113   36.82428389   56.72608381
        O  56.67215225   36.01157622   57.38285209
        O  57.99422358   33.77742994   58.40557815
        C  57.41317652   31.98437272   55.84561030
        H  56.78487201   31.44508633   56.57090521
        C  58.73760013   31.81107427   55.79506384
        H  59.30032421   31.03748495   56.32912995
        C  59.58536524   32.73446501   55.03040349
        C  58.96272821   33.59542789   54.05579920
        H  59.61265249   34.05607723   53.30740274
        C  57.62396372   33.76776060   54.07298291
        H  57.12699345   34.41723223   53.34682347
        C  56.74927807   33.09855529   55.08864674
        H  56.41632302   33.87741584   55.81773425
        O  55.56167872   32.58354351   54.41768833
        H  55.06832898   32.15564331   55.13499001
        C  61.10199157   32.36923888   54.95691283
        O  61.63652532   31.95611979   55.99854706
        O  61.47579762   32.50304279   53.78925917
        C  64.98840000   23.56910000   52.59720000
        O  66.17222500   23.63087600   52.20066300
        O  64.27711600   22.54171700   52.62975900
        H  64.53042100   24.50495000   52.94996100
        C  70.37930000   29.88280000   51.96570000
        O  71.56312500   29.94457600   51.56916300
        O  69.66801600   28.85541700   51.99825900
        H  69.92132100   30.81865000   52.31846100
        C  66.21710000   26.53760000   47.68760000
        O  67.40092500   26.59937600   47.29106300
        O  65.50581600   25.51021700   47.72015900
        H  65.75912100   27.47345000   48.04036100
        C  69.85360000   34.71120000   50.33630000
        O  71.03742500   34.77297600   49.93976300
        O  69.14231600   33.68381700   50.36885900
        H  69.39562100   35.64705000   50.68906100
        C  53.78910000   33.23890000   65.89740000
        N  53.93967700   33.62412000   64.63334600
        H  53.62916000   34.28662200   65.32960000
        H  54.13584600   32.66908200   64.89701300
        N  53.38020100   34.11130400   66.81424900
        H  53.57637000   33.15626600   67.07791600
        H  53.49454900   34.40384000   65.85432800
        N  54.04742100   31.98127600   66.24460500
        H  54.16177000   32.27381100   65.28468400
        H  53.73690400   32.64377800   66.94085900
        C  49.95840000   33.58120000   62.71040000
        N  50.10897700   33.96642000   61.44634600
        H  49.79846000   34.62892200   62.14260000
        H  50.30514600   33.01138200   61.71001300
        N  49.54950100   34.45360400   63.62724900
        H  49.74567000   33.49856600   63.89091600
        H  49.66384900   34.74614000   62.66732800
        N  50.21672100   32.32357600   63.05760500
        H  50.33107000   32.61611100   62.09768400
        H  49.90620400   32.98607800   63.75385900
        C  59.78940000   24.69200000   48.16450000
        O  60.97322500   24.75377600   47.76796300
        O  59.07811600   23.66461700   48.19705900
        H  59.33142100   25.62785000   48.51726100
        C  63.46380000   32.23990000   44.33800000
        O  64.64762500   32.30167600   43.94146300
        O  62.75251600   31.21251700   44.37055900
        H  63.00582100   33.17575000   44.69076100
        C  53.41980000   28.24940000   64.13750000
        N  53.57037700   28.63462000   62.87344600
        H  53.25986000   29.29712200   63.56970000
        H  53.76654600   27.67958200   63.13711300
        N  53.01090100   29.12180400   65.05434900
        H  53.20707000   28.16676600   65.31801600
        H  53.12524900   29.41434000   64.09442800
        N  53.67812100   26.99177600   64.48470500
        H  53.79247000   27.28431100   63.52478400
        H  53.36760400   27.65427800   65.18095900
        C  56.20460000   30.65050000   45.07630000
        O  57.38842500   30.71227600   44.67976300
        O  55.49331600   29.62311700   45.10885900
        H  55.74662100   31.58635000   45.42906100

Note: printed only print_atoms_list (this is not necessarily all atoms) 
  ------------RUNNING QM/MM MODULE------------- 
QM Module: ORCATheory
MM Module: OpenMMTheory
Charge provided from QMMMTheory object:  -2
Mult provided from QMMMTheory object:  1
QM-region Charge: -2 Mult: 1
Embedding: Electrostatic
Number of pointcharges (to QM program): 58
Number of charge coordinates: 58
Running QM/MM object with 8 cores available

-------------------------------------------------------------------
Time to calculate step (before-QMstep): 0.000 seconds, 0.0 minutes.
-------------------------------------------------------------------
  ------------RUNNING ORCA INTERFACE------------- 
Object-label: ORCA
Run-label: None
Running ORCA with 8 cores available
Moreadfile option not active
A GBW-file with same basename : orca.gbw is present
Autostart is False. ORCA will ignore any file present
Creating inputfile: orca.inp
ORCA input:
! B3LYP D3BJ def2-SVP def2/J RIJCOSX CPCM TightSCF

! Noautostart

%cpcm epsilon 4.0 end
%scf MaxIter 300 Guess PModel end
Charge: -2  Mult: 1
Pointcharge embedding is on!
 ORCA Calculation starting. 
Found warning messages in ORCA outputfile:
WARNING: The chosen methods will break translational/rotational symmetry
 WARNING: The chosen methods will break translational symmetry
 WARNING: The chosen methods will break translational symmetry
 Warning: op=0 Small HOMO/LUMO gap (   0.031) - skipping pre-diagonalization

 ORCA Calculation done. 
ORCA converged in 17 iterations
ORCA energy: -836.073065325467
  ------------ENDING ORCA-INTERFACE------------- 

----------------------------------------------------------------
Time to calculate step (ORCA run): 374.811 seconds, 6.2 minutes.
----------------------------------------------------------------

---------------------------------------------------------------
Time to calculate step (QM step): 374.811 seconds, 6.2 minutes.
---------------------------------------------------------------

----------------------------------------------------------------------
Time to calculate step (QMpcgrad prepare): 0.000 seconds, 0.0 minutes.
----------------------------------------------------------------------

--------------------------------------------------------------------------
Time to calculate step (linkatomgrad prepare): 0.000 seconds, 0.0 minutes.
--------------------------------------------------------------------------

----------------------------------------------------------------------------
Time to calculate step (QM/MM gradient prepare): 0.000 seconds, 0.0 minutes.
----------------------------------------------------------------------------
Using OpenMM theory as part of QM/MM.
Using MM on full system. Charges for QM region [0, 1, 2, 3, 4, 5, 6, 7, 8, 9, 10, 11, 12, 13, 14, 15, 16, 17, 18, 19, 20, 21, 22, 23] have been set to zero 

--------------------------------------------------------------------------------
                   Creating/updating OpenMM simulation object                   
--------------------------------------------------------------------------------

Integrator name: VerletIntegrator
Timestep: 0.001
Temperature: 300
Coupling frequency: 1
Properties: {'Threads': '1'}
Topology: <Topology; 1 chains, 1 residues, 82 atoms, 0 bonds>

----------------------------------------------------------------------------------
Time to calculate step (creating/updating simulation): 0.003 seconds, 0.0 minutes.
----------------------------------------------------------------------------------

--------------------------------------------------------------------------------
                     Running Single-point OpenMM Interface                      
--------------------------------------------------------------------------------

Number of OpenMM system constraints defined: 0

-----------------------------------------------------------------------------------
Time to calculate step (OpenMMTheory.run: const-check): 0.003 seconds, 0.0 minutes.
-----------------------------------------------------------------------------------
Updating coordinates.

------------------------------------------------------------------------
Time to calculate step (Creating pos array): 0.000 seconds, 0.0 minutes.
------------------------------------------------------------------------

---------------------------------------------------------------------------
Time to calculate step (Updating MM positions): 0.000 seconds, 0.0 minutes.
---------------------------------------------------------------------------
Calling OpenMM getState.

---------------------------------------------------------------------
Time to calculate step (OpenMM getState): 0.001 seconds, 0.0 minutes.
---------------------------------------------------------------------
OpenMM Energy: -1.8046210485069125 Eh
OpenMM Energy: -1132.4168050317728 kcal/mol

-----------------------
Ending OpenMM interface
-----------------------

----------------------------------------------------------------
Time to calculate step (OpenMM run): 0.004 seconds, 0.0 minutes.
----------------------------------------------------------------

-------------------------------------------------------------
Time to calculate step (MM step): 0.005 seconds, 0.0 minutes.
-------------------------------------------------------------

Note: You are using electrostatic embedding. This means that the QM-energy is actually the polarized QM-energy
Note: MM energy also contains the QM-MM Lennard-Jones interaction

QM energy:              -836.073065325467 
MM energy:                -1.804621048507
QM/MM energy:           -837.877686373974 

  ------------ENDING QM/MM MODULE------------- 

-----------------------------------------------------------------
Time to calculate step (QM/MM run): 374.816 seconds, 6.2 minutes.
-----------------------------------------------------------------
geometric called save_guess_files option option for ASHengineclass.
This option is currently unsupported in ASH. Continuing.
geometric called clearCalcs option for ASHengineclass.
This option is currently unsupported in ASH. Continuing.

Convergence criteria: {'convergence_energy': 1e-05, 'convergence_grms': 0.003, 'convergence_gmax': 0.006, 'convergence_drms': 0.01, 'convergence_dmax': 0.015, 'convergence_cmax': 0.01}

Replacing coordinates in fragment.
Creating/Updating fragment attributes...
Number of Atoms in fragment: 82
Formula: C20N9O20H33
Label: CHHCCOOOCHCHCCHCHCHOHCOOCOOHCOOHCOOHCOOHCNHHNHHNHHCNHHNHHNHHCOOHCOOHCNHHNHHNHHCOOH
Charge: -2 Mult: 1

--------------------------------------------------------------------------------
Wrote XYZ file:  Fragment-currentgeo.xyz
Current geometry (Å) in step 3 (print_atoms_list region)
---------------------------------------------------
        C  59.71551413   34.24103846   57.04087602
        H  60.32876614   33.36981987   57.26961689
        H  60.14346206   34.96454766   56.33604046
        C  58.53802940   34.58101780   57.78549548
        C  57.82191322   35.95742496   57.40798024
        O  58.51447721   36.84642207   56.87490008
        O  56.57310248   36.03899293   57.69388251
        O  58.01069556   33.89859794   58.73190095
        C  57.33821695   31.90295438   55.76668199
        H  56.71919255   31.32908144   56.47381767
        C  58.68141214   31.81751116   55.82896637
        H  59.21955700   31.01436574   56.34051689
        C  59.55506120   32.81509948   55.15070346
        C  58.94152332   33.61767344   54.11763863
        H  59.59945596   34.06843996   53.36710055
        C  57.59458186   33.75712630   54.08574519
        H  57.10078157   34.39557437   53.34860655
        C  56.71103109   33.08586693   55.09033215
        H  56.45756341   33.84420804   55.87718575
        O  55.45704333   32.70309160   54.44364258
        H  55.04525287   32.11486777   55.10833880
        C  61.08109699   32.47791365   55.13944338
        O  61.59812430   32.10157456   56.20314399
        O  61.53108005   32.58351998   53.98645832
        C  64.98840000   23.56910000   52.59720000
        O  66.17222500   23.63087600   52.20066300
        O  64.27711600   22.54171700   52.62975900
        H  64.53042100   24.50495000   52.94996100
        C  70.37930000   29.88280000   51.96570000
        O  71.56312500   29.94457600   51.56916300
        O  69.66801600   28.85541700   51.99825900
        H  69.92132100   30.81865000   52.31846100
        C  66.21710000   26.53760000   47.68760000
        O  67.40092500   26.59937600   47.29106300
        O  65.50581600   25.51021700   47.72015900
        H  65.75912100   27.47345000   48.04036100
        C  69.85360000   34.71120000   50.33630000
        O  71.03742500   34.77297600   49.93976300
        O  69.14231600   33.68381700   50.36885900
        H  69.39562100   35.64705000   50.68906100
        C  53.78910000   33.23890000   65.89740000
        N  53.93967700   33.62412000   64.63334600
        H  53.62916000   34.28662200   65.32960000
        H  54.13584600   32.66908200   64.89701300
        N  53.38020100   34.11130400   66.81424900
        H  53.57637000   33.15626600   67.07791600
        H  53.49454900   34.40384000   65.85432800
        N  54.04742100   31.98127600   66.24460500
        H  54.16177000   32.27381100   65.28468400
        H  53.73690400   32.64377800   66.94085900
        C  49.95840000   33.58120000   62.71040000
        N  50.10897700   33.96642000   61.44634600
        H  49.79846000   34.62892200   62.14260000
        H  50.30514600   33.01138200   61.71001300
        N  49.54950100   34.45360400   63.62724900
        H  49.74567000   33.49856600   63.89091600
        H  49.66384900   34.74614000   62.66732800
        N  50.21672100   32.32357600   63.05760500
        H  50.33107000   32.61611100   62.09768400
        H  49.90620400   32.98607800   63.75385900
        C  59.78940000   24.69200000   48.16450000
        O  60.97322500   24.75377600   47.76796300
        O  59.07811600   23.66461700   48.19705900
        H  59.33142100   25.62785000   48.51726100
        C  63.46380000   32.23990000   44.33800000
        O  64.64762500   32.30167600   43.94146300
        O  62.75251600   31.21251700   44.37055900
        H  63.00582100   33.17575000   44.69076100
        C  53.41980000   28.24940000   64.13750000
        N  53.57037700   28.63462000   62.87344600
        H  53.25986000   29.29712200   63.56970000
        H  53.76654600   27.67958200   63.13711300
        N  53.01090100   29.12180400   65.05434900
        H  53.20707000   28.16676600   65.31801600
        H  53.12524900   29.41434000   64.09442800
        N  53.67812100   26.99177600   64.48470500
        H  53.79247000   27.28431100   63.52478400
        H  53.36760400   27.65427800   65.18095900
        C  56.20460000   30.65050000   45.07630000
        O  57.38842500   30.71227600   44.67976300
        O  55.49331600   29.62311700   45.10885900
        H  55.74662100   31.58635000   45.42906100

Note: printed only print_atoms_list (this is not necessarily all atoms) 
  ------------RUNNING QM/MM MODULE------------- 
QM Module: ORCATheory
MM Module: OpenMMTheory
Charge provided from QMMMTheory object:  -2
Mult provided from QMMMTheory object:  1
QM-region Charge: -2 Mult: 1
Embedding: Electrostatic
Number of pointcharges (to QM program): 58
Number of charge coordinates: 58
Running QM/MM object with 8 cores available

-------------------------------------------------------------------
Time to calculate step (before-QMstep): 0.000 seconds, 0.0 minutes.
-------------------------------------------------------------------
  ------------RUNNING ORCA INTERFACE------------- 
Object-label: ORCA
Run-label: None
Running ORCA with 8 cores available
Moreadfile option not active
A GBW-file with same basename : orca.gbw is present
Autostart is False. ORCA will ignore any file present
Creating inputfile: orca.inp
ORCA input:
! B3LYP D3BJ def2-SVP def2/J RIJCOSX CPCM TightSCF

! Noautostart

%cpcm epsilon 4.0 end
%scf MaxIter 300 Guess PModel end
Charge: -2  Mult: 1
Pointcharge embedding is on!
 ORCA Calculation starting. 
Found warning messages in ORCA outputfile:
WARNING: The chosen methods will break translational/rotational symmetry
 WARNING: The chosen methods will break translational symmetry
 WARNING: The chosen methods will break translational symmetry
 Warning: op=0 Small HOMO/LUMO gap (   0.039) - skipping pre-diagonalization

 ORCA Calculation done. 
ORCA converged in 16 iterations
ORCA energy: -836.084238513754
  ------------ENDING ORCA-INTERFACE------------- 

----------------------------------------------------------------
Time to calculate step (ORCA run): 352.726 seconds, 5.9 minutes.
----------------------------------------------------------------

---------------------------------------------------------------
Time to calculate step (QM step): 352.726 seconds, 5.9 minutes.
---------------------------------------------------------------

----------------------------------------------------------------------
Time to calculate step (QMpcgrad prepare): 0.000 seconds, 0.0 minutes.
----------------------------------------------------------------------

--------------------------------------------------------------------------
Time to calculate step (linkatomgrad prepare): 0.000 seconds, 0.0 minutes.
--------------------------------------------------------------------------

----------------------------------------------------------------------------
Time to calculate step (QM/MM gradient prepare): 0.000 seconds, 0.0 minutes.
----------------------------------------------------------------------------
Using OpenMM theory as part of QM/MM.
Using MM on full system. Charges for QM region [0, 1, 2, 3, 4, 5, 6, 7, 8, 9, 10, 11, 12, 13, 14, 15, 16, 17, 18, 19, 20, 21, 22, 23] have been set to zero 

--------------------------------------------------------------------------------
                   Creating/updating OpenMM simulation object                   
--------------------------------------------------------------------------------

Integrator name: VerletIntegrator
Timestep: 0.001
Temperature: 300
Coupling frequency: 1
Properties: {'Threads': '1'}
Topology: <Topology; 1 chains, 1 residues, 82 atoms, 0 bonds>

----------------------------------------------------------------------------------
Time to calculate step (creating/updating simulation): 0.003 seconds, 0.0 minutes.
----------------------------------------------------------------------------------

--------------------------------------------------------------------------------
                     Running Single-point OpenMM Interface                      
--------------------------------------------------------------------------------

Number of OpenMM system constraints defined: 0

-----------------------------------------------------------------------------------
Time to calculate step (OpenMMTheory.run: const-check): 0.003 seconds, 0.0 minutes.
-----------------------------------------------------------------------------------
Updating coordinates.

------------------------------------------------------------------------
Time to calculate step (Creating pos array): 0.000 seconds, 0.0 minutes.
------------------------------------------------------------------------

---------------------------------------------------------------------------
Time to calculate step (Updating MM positions): 0.000 seconds, 0.0 minutes.
---------------------------------------------------------------------------
Calling OpenMM getState.

---------------------------------------------------------------------
Time to calculate step (OpenMM getState): 0.001 seconds, 0.0 minutes.
---------------------------------------------------------------------
OpenMM Energy: -1.8046288157241532 Eh
OpenMM Energy: -1132.4216790341784 kcal/mol

-----------------------
Ending OpenMM interface
-----------------------

----------------------------------------------------------------
Time to calculate step (OpenMM run): 0.004 seconds, 0.0 minutes.
----------------------------------------------------------------

-------------------------------------------------------------
Time to calculate step (MM step): 0.005 seconds, 0.0 minutes.
-------------------------------------------------------------

Note: You are using electrostatic embedding. This means that the QM-energy is actually the polarized QM-energy
Note: MM energy also contains the QM-MM Lennard-Jones interaction

QM energy:              -836.084238513754 
MM energy:                -1.804628815724
QM/MM energy:           -837.888867329478 

  ------------ENDING QM/MM MODULE------------- 

-----------------------------------------------------------------
Time to calculate step (QM/MM run): 352.731 seconds, 5.9 minutes.
-----------------------------------------------------------------
geometric called save_guess_files option option for ASHengineclass.
This option is currently unsupported in ASH. Continuing.

Convergence criteria: {'convergence_energy': 1e-05, 'convergence_grms': 0.003, 'convergence_gmax': 0.006, 'convergence_drms': 0.01, 'convergence_dmax': 0.015, 'convergence_cmax': 0.01}

Replacing coordinates in fragment.
Creating/Updating fragment attributes...
Number of Atoms in fragment: 82
Formula: C20N9O20H33
Label: CHHCCOOOCHCHCCHCHCHOHCOOCOOHCOOHCOOHCOOHCNHHNHHNHHCNHHNHHNHHCOOHCOOHCNHHNHHNHHCOOH
Charge: -2 Mult: 1

--------------------------------------------------------------------------------
Wrote XYZ file:  Fragment-currentgeo.xyz
Current geometry (Å) in step 4 (print_atoms_list region)
---------------------------------------------------
        C  59.45971155   34.20371463   57.08996234
        H  60.16472227   33.44888906   57.45052885
        H  59.83052325   34.94900501   56.38893249
        C  58.40018307   34.62070244   57.98020637
        C  57.65253886   35.97873442   57.69371623
        O  58.29248211   36.86894552   57.09016270
        O  56.44949054   36.04044904   58.10606582
        O  58.05058646   34.00945058   59.03138232
        C  57.27030168   31.84899724   55.70738191
        H  56.64080303   31.17170517   56.30996911
        C  58.61616310   31.84228551   55.89061027
        H  59.10840675   31.00163823   56.38355213
        C  59.49769292   32.92170261   55.34704669
        C  58.90261654   33.65418781   54.22875595
        H  59.57700991   34.09263926   53.48113531
        C  57.55171551   33.74095998   54.10904815
        H  57.06680042   34.34696331   53.33797869
        C  56.65372892   33.07960542   55.10880983
        H  56.51133110   33.81026421   55.95553679
        O  55.34360092   32.84067175   54.52302326
        H  54.98941006   32.07743004   55.03345142
        C  61.02512686   32.61441147   55.37163913
        O  61.51595930   32.28314306   56.47207377
        O  61.57877042   32.69293231   54.24860354
        C  64.98840000   23.56910000   52.59720000
        O  66.17222500   23.63087600   52.20066300
        O  64.27711600   22.54171700   52.62975900
        H  64.53042100   24.50495000   52.94996100
        C  70.37930000   29.88280000   51.96570000
        O  71.56312500   29.94457600   51.56916300
        O  69.66801600   28.85541700   51.99825900
        H  69.92132100   30.81865000   52.31846100
        C  66.21710000   26.53760000   47.68760000
        O  67.40092500   26.59937600   47.29106300
        O  65.50581600   25.51021700   47.72015900
        H  65.75912100   27.47345000   48.04036100
        C  69.85360000   34.71120000   50.33630000
        O  71.03742500   34.77297600   49.93976300
        O  69.14231600   33.68381700   50.36885900
        H  69.39562100   35.64705000   50.68906100
        C  53.78910000   33.23890000   65.89740000
        N  53.93967700   33.62412000   64.63334600
        H  53.62916000   34.28662200   65.32960000
        H  54.13584600   32.66908200   64.89701300
        N  53.38020100   34.11130400   66.81424900
        H  53.57637000   33.15626600   67.07791600
        H  53.49454900   34.40384000   65.85432800
        N  54.04742100   31.98127600   66.24460500
        H  54.16177000   32.27381100   65.28468400
        H  53.73690400   32.64377800   66.94085900
        C  49.95840000   33.58120000   62.71040000
        N  50.10897700   33.96642000   61.44634600
        H  49.79846000   34.62892200   62.14260000
        H  50.30514600   33.01138200   61.71001300
        N  49.54950100   34.45360400   63.62724900
        H  49.74567000   33.49856600   63.89091600
        H  49.66384900   34.74614000   62.66732800
        N  50.21672100   32.32357600   63.05760500
        H  50.33107000   32.61611100   62.09768400
        H  49.90620400   32.98607800   63.75385900
        C  59.78940000   24.69200000   48.16450000
        O  60.97322500   24.75377600   47.76796300
        O  59.07811600   23.66461700   48.19705900
        H  59.33142100   25.62785000   48.51726100
        C  63.46380000   32.23990000   44.33800000
        O  64.64762500   32.30167600   43.94146300
        O  62.75251600   31.21251700   44.37055900
        H  63.00582100   33.17575000   44.69076100
        C  53.41980000   28.24940000   64.13750000
        N  53.57037700   28.63462000   62.87344600
        H  53.25986000   29.29712200   63.56970000
        H  53.76654600   27.67958200   63.13711300
        N  53.01090100   29.12180400   65.05434900
        H  53.20707000   28.16676600   65.31801600
        H  53.12524900   29.41434000   64.09442800
        N  53.67812100   26.99177600   64.48470500
        H  53.79247000   27.28431100   63.52478400
        H  53.36760400   27.65427800   65.18095900
        C  56.20460000   30.65050000   45.07630000
        O  57.38842500   30.71227600   44.67976300
        O  55.49331600   29.62311700   45.10885900
        H  55.74662100   31.58635000   45.42906100

Note: printed only print_atoms_list (this is not necessarily all atoms) 
  ------------RUNNING QM/MM MODULE------------- 
QM Module: ORCATheory
MM Module: OpenMMTheory
Charge provided from QMMMTheory object:  -2
Mult provided from QMMMTheory object:  1
QM-region Charge: -2 Mult: 1
Embedding: Electrostatic
Number of pointcharges (to QM program): 58
Number of charge coordinates: 58
Running QM/MM object with 8 cores available

-------------------------------------------------------------------
Time to calculate step (before-QMstep): 0.000 seconds, 0.0 minutes.
-------------------------------------------------------------------
  ------------RUNNING ORCA INTERFACE------------- 
Object-label: ORCA
Run-label: None
Running ORCA with 8 cores available
Moreadfile option not active
A GBW-file with same basename : orca.gbw is present
Autostart is False. ORCA will ignore any file present
Creating inputfile: orca.inp
ORCA input:
! B3LYP D3BJ def2-SVP def2/J RIJCOSX CPCM TightSCF

! Noautostart

%cpcm epsilon 4.0 end
%scf MaxIter 300 Guess PModel end
Charge: -2  Mult: 1
Pointcharge embedding is on!
 ORCA Calculation starting. 
Found warning messages in ORCA outputfile:
WARNING: The chosen methods will break translational/rotational symmetry
 WARNING: The chosen methods will break translational symmetry
 WARNING: The chosen methods will break translational symmetry
 Warning: op=0 Small HOMO/LUMO gap (   0.066) - skipping pre-diagonalization

 ORCA Calculation done. 
ORCA converged in 16 iterations
ORCA energy: -836.099724638062
  ------------ENDING ORCA-INTERFACE------------- 

----------------------------------------------------------------
Time to calculate step (ORCA run): 338.329 seconds, 5.6 minutes.
----------------------------------------------------------------

---------------------------------------------------------------
Time to calculate step (QM step): 338.329 seconds, 5.6 minutes.
---------------------------------------------------------------

----------------------------------------------------------------------
Time to calculate step (QMpcgrad prepare): 0.000 seconds, 0.0 minutes.
----------------------------------------------------------------------

--------------------------------------------------------------------------
Time to calculate step (linkatomgrad prepare): 0.000 seconds, 0.0 minutes.
--------------------------------------------------------------------------

----------------------------------------------------------------------------
Time to calculate step (QM/MM gradient prepare): 0.000 seconds, 0.0 minutes.
----------------------------------------------------------------------------
Using OpenMM theory as part of QM/MM.
Using MM on full system. Charges for QM region [0, 1, 2, 3, 4, 5, 6, 7, 8, 9, 10, 11, 12, 13, 14, 15, 16, 17, 18, 19, 20, 21, 22, 23] have been set to zero 

--------------------------------------------------------------------------------
                   Creating/updating OpenMM simulation object                   
--------------------------------------------------------------------------------

Integrator name: VerletIntegrator
Timestep: 0.001
Temperature: 300
Coupling frequency: 1
Properties: {'Threads': '1'}
Topology: <Topology; 1 chains, 1 residues, 82 atoms, 0 bonds>

----------------------------------------------------------------------------------
Time to calculate step (creating/updating simulation): 0.002 seconds, 0.0 minutes.
----------------------------------------------------------------------------------

--------------------------------------------------------------------------------
                     Running Single-point OpenMM Interface                      
--------------------------------------------------------------------------------

Number of OpenMM system constraints defined: 0

-----------------------------------------------------------------------------------
Time to calculate step (OpenMMTheory.run: const-check): 0.002 seconds, 0.0 minutes.
-----------------------------------------------------------------------------------
Updating coordinates.

------------------------------------------------------------------------
Time to calculate step (Creating pos array): 0.000 seconds, 0.0 minutes.
------------------------------------------------------------------------

---------------------------------------------------------------------------
Time to calculate step (Updating MM positions): 0.000 seconds, 0.0 minutes.
---------------------------------------------------------------------------
Calling OpenMM getState.

---------------------------------------------------------------------
Time to calculate step (OpenMM getState): 0.001 seconds, 0.0 minutes.
---------------------------------------------------------------------
OpenMM Energy: -1.804640717795658 Eh
OpenMM Energy: -1132.4291476968087 kcal/mol

-----------------------
Ending OpenMM interface
-----------------------

----------------------------------------------------------------
Time to calculate step (OpenMM run): 0.003 seconds, 0.0 minutes.
----------------------------------------------------------------

-------------------------------------------------------------
Time to calculate step (MM step): 0.004 seconds, 0.0 minutes.
-------------------------------------------------------------

Note: You are using electrostatic embedding. This means that the QM-energy is actually the polarized QM-energy
Note: MM energy also contains the QM-MM Lennard-Jones interaction

QM energy:              -836.099724638062 
MM energy:                -1.804640717796
QM/MM energy:           -837.904365355858 

  ------------ENDING QM/MM MODULE------------- 

-----------------------------------------------------------------
Time to calculate step (QM/MM run): 338.333 seconds, 5.6 minutes.
-----------------------------------------------------------------
geometric called save_guess_files option option for ASHengineclass.
This option is currently unsupported in ASH. Continuing.

Convergence criteria: {'convergence_energy': 1e-05, 'convergence_grms': 0.003, 'convergence_gmax': 0.006, 'convergence_drms': 0.01, 'convergence_dmax': 0.015, 'convergence_cmax': 0.01}

Replacing coordinates in fragment.
Creating/Updating fragment attributes...
Number of Atoms in fragment: 82
Formula: C20N9O20H33
Label: CHHCCOOOCHCHCCHCHCHOHCOOCOOHCOOHCOOHCOOHCNHHNHHNHHCNHHNHHNHHCOOHCOOHCNHHNHHNHHCOOH
Charge: -2 Mult: 1

--------------------------------------------------------------------------------
Wrote XYZ file:  Fragment-currentgeo.xyz
Current geometry (Å) in step 5 (print_atoms_list region)
---------------------------------------------------
        C  59.14831802   34.13312056   57.10372888
        H  60.00241714   33.63639760   57.66499231
        H  59.50310487   34.98452932   56.53592353
        C  58.21909068   34.62086733   58.13542877
        C  57.43597407   35.96113624   58.00220204
        O  57.99564812   36.89624816   57.38074698
        O  56.32240466   36.00151625   58.61823646
        O  58.12068749   34.07162277   59.25773904
        C  57.20138947   31.83089550   55.69840541
        H  56.55909052   30.99687584   56.07872096
        C  58.52870062   31.86622809   55.99147554
        H  58.99536172   31.00419853   56.46546148
        C  59.37514251   33.04707169   55.63789934
        C  58.83567975   33.71080475   54.40533028
        H  59.54704102   34.13035742   53.67576380
        C  57.49862724   33.72816008   54.15517193
        H  57.03640273   34.26408870   53.31453534
        C  56.57807835   33.08548166   55.15669395
        H  56.56280554   33.78102145   56.04984166
        O  55.24586705   32.95634952   54.65481943
        H  54.90149673   32.07220368   54.90493052
        C  60.91410329   32.77778121   55.66930516
        O  61.39374859   32.47499551   56.79564847
        O  61.55444953   32.84336235   54.58667544
        C  64.98840000   23.56910000   52.59720000
        O  66.17222500   23.63087600   52.20066300
        O  64.27711600   22.54171700   52.62975900
        H  64.53042100   24.50495000   52.94996100
        C  70.37930000   29.88280000   51.96570000
        O  71.56312500   29.94457600   51.56916300
        O  69.66801600   28.85541700   51.99825900
        H  69.92132100   30.81865000   52.31846100
        C  66.21710000   26.53760000   47.68760000
        O  67.40092500   26.59937600   47.29106300
        O  65.50581600   25.51021700   47.72015900
        H  65.75912100   27.47345000   48.04036100
        C  69.85360000   34.71120000   50.33630000
        O  71.03742500   34.77297600   49.93976300
        O  69.14231600   33.68381700   50.36885900
        H  69.39562100   35.64705000   50.68906100
        C  53.78910000   33.23890000   65.89740000
        N  53.93967700   33.62412000   64.63334600
        H  53.62916000   34.28662200   65.32960000
        H  54.13584600   32.66908200   64.89701300
        N  53.38020100   34.11130400   66.81424900
        H  53.57637000   33.15626600   67.07791600
        H  53.49454900   34.40384000   65.85432800
        N  54.04742100   31.98127600   66.24460500
        H  54.16177000   32.27381100   65.28468400
        H  53.73690400   32.64377800   66.94085900
        C  49.95840000   33.58120000   62.71040000
        N  50.10897700   33.96642000   61.44634600
        H  49.79846000   34.62892200   62.14260000
        H  50.30514600   33.01138200   61.71001300
        N  49.54950100   34.45360400   63.62724900
        H  49.74567000   33.49856600   63.89091600
        H  49.66384900   34.74614000   62.66732800
        N  50.21672100   32.32357600   63.05760500
        H  50.33107000   32.61611100   62.09768400
        H  49.90620400   32.98607800   63.75385900
        C  59.78940000   24.69200000   48.16450000
        O  60.97322500   24.75377600   47.76796300
        O  59.07811600   23.66461700   48.19705900
        H  59.33142100   25.62785000   48.51726100
        C  63.46380000   32.23990000   44.33800000
        O  64.64762500   32.30167600   43.94146300
        O  62.75251600   31.21251700   44.37055900
        H  63.00582100   33.17575000   44.69076100
        C  53.41980000   28.24940000   64.13750000
        N  53.57037700   28.63462000   62.87344600
        H  53.25986000   29.29712200   63.56970000
        H  53.76654600   27.67958200   63.13711300
        N  53.01090100   29.12180400   65.05434900
        H  53.20707000   28.16676600   65.31801600
        H  53.12524900   29.41434000   64.09442800
        N  53.67812100   26.99177600   64.48470500
        H  53.79247000   27.28431100   63.52478400
        H  53.36760400   27.65427800   65.18095900
        C  56.20460000   30.65050000   45.07630000
        O  57.38842500   30.71227600   44.67976300
        O  55.49331600   29.62311700   45.10885900
        H  55.74662100   31.58635000   45.42906100

Note: printed only print_atoms_list (this is not necessarily all atoms) 
  ------------RUNNING QM/MM MODULE------------- 
QM Module: ORCATheory
MM Module: OpenMMTheory
Charge provided from QMMMTheory object:  -2
Mult provided from QMMMTheory object:  1
QM-region Charge: -2 Mult: 1
Embedding: Electrostatic
Number of pointcharges (to QM program): 58
Number of charge coordinates: 58
Running QM/MM object with 8 cores available

-------------------------------------------------------------------
Time to calculate step (before-QMstep): 0.000 seconds, 0.0 minutes.
-------------------------------------------------------------------
  ------------RUNNING ORCA INTERFACE------------- 
Object-label: ORCA
Run-label: None
Running ORCA with 8 cores available
Moreadfile option not active
A GBW-file with same basename : orca.gbw is present
Autostart is False. ORCA will ignore any file present
Creating inputfile: orca.inp
ORCA input:
! B3LYP D3BJ def2-SVP def2/J RIJCOSX CPCM TightSCF

! Noautostart

%cpcm epsilon 4.0 end
%scf MaxIter 300 Guess PModel end
Charge: -2  Mult: 1
Pointcharge embedding is on!
 ORCA Calculation starting. 
Found warning messages in ORCA outputfile:
WARNING: The chosen methods will break translational/rotational symmetry
 WARNING: The chosen methods will break translational symmetry
 WARNING: The chosen methods will break translational symmetry
 Warning: op=0 Small HOMO/LUMO gap (   0.076) - skipping pre-diagonalization

 ORCA Calculation done. 
ORCA converged in 16 iterations
ORCA energy: -836.118820371516
  ------------ENDING ORCA-INTERFACE------------- 

----------------------------------------------------------------
Time to calculate step (ORCA run): 340.951 seconds, 5.7 minutes.
----------------------------------------------------------------

---------------------------------------------------------------
Time to calculate step (QM step): 340.951 seconds, 5.7 minutes.
---------------------------------------------------------------

----------------------------------------------------------------------
Time to calculate step (QMpcgrad prepare): 0.000 seconds, 0.0 minutes.
----------------------------------------------------------------------

--------------------------------------------------------------------------
Time to calculate step (linkatomgrad prepare): 0.000 seconds, 0.0 minutes.
--------------------------------------------------------------------------

----------------------------------------------------------------------------
Time to calculate step (QM/MM gradient prepare): 0.000 seconds, 0.0 minutes.
----------------------------------------------------------------------------
Using OpenMM theory as part of QM/MM.
Using MM on full system. Charges for QM region [0, 1, 2, 3, 4, 5, 6, 7, 8, 9, 10, 11, 12, 13, 14, 15, 16, 17, 18, 19, 20, 21, 22, 23] have been set to zero 

--------------------------------------------------------------------------------
                   Creating/updating OpenMM simulation object                   
--------------------------------------------------------------------------------

Integrator name: VerletIntegrator
Timestep: 0.001
Temperature: 300
Coupling frequency: 1
Properties: {'Threads': '1'}
Topology: <Topology; 1 chains, 1 residues, 82 atoms, 0 bonds>

----------------------------------------------------------------------------------
Time to calculate step (creating/updating simulation): 0.003 seconds, 0.0 minutes.
----------------------------------------------------------------------------------

--------------------------------------------------------------------------------
                     Running Single-point OpenMM Interface                      
--------------------------------------------------------------------------------

Number of OpenMM system constraints defined: 0

-----------------------------------------------------------------------------------
Time to calculate step (OpenMMTheory.run: const-check): 0.003 seconds, 0.0 minutes.
-----------------------------------------------------------------------------------
Updating coordinates.

------------------------------------------------------------------------
Time to calculate step (Creating pos array): 0.000 seconds, 0.0 minutes.
------------------------------------------------------------------------

---------------------------------------------------------------------------
Time to calculate step (Updating MM positions): 0.000 seconds, 0.0 minutes.
---------------------------------------------------------------------------
Calling OpenMM getState.

---------------------------------------------------------------------
Time to calculate step (OpenMM getState): 0.001 seconds, 0.0 minutes.
---------------------------------------------------------------------
OpenMM Energy: -1.8046589089448741 Eh
OpenMM Energy: -1132.4405628152858 kcal/mol

-----------------------
Ending OpenMM interface
-----------------------

----------------------------------------------------------------
Time to calculate step (OpenMM run): 0.004 seconds, 0.0 minutes.
----------------------------------------------------------------

-------------------------------------------------------------
Time to calculate step (MM step): 0.005 seconds, 0.0 minutes.
-------------------------------------------------------------

Note: You are using electrostatic embedding. This means that the QM-energy is actually the polarized QM-energy
Note: MM energy also contains the QM-MM Lennard-Jones interaction

QM energy:              -836.118820371516 
MM energy:                -1.804658908945
QM/MM energy:           -837.923479280461 

  ------------ENDING QM/MM MODULE------------- 

-----------------------------------------------------------------
Time to calculate step (QM/MM run): 340.957 seconds, 5.7 minutes.
-----------------------------------------------------------------
geometric called save_guess_files option option for ASHengineclass.
This option is currently unsupported in ASH. Continuing.

Convergence criteria: {'convergence_energy': 1e-05, 'convergence_grms': 0.003, 'convergence_gmax': 0.006, 'convergence_drms': 0.01, 'convergence_dmax': 0.015, 'convergence_cmax': 0.01}

Replacing coordinates in fragment.
Creating/Updating fragment attributes...
Number of Atoms in fragment: 82
Formula: C20N9O20H33
Label: CHHCCOOOCHCHCCHCHCHOHCOOCOOHCOOHCOOHCOOHCNHHNHHNHHCNHHNHHNHHCOOHCOOHCNHHNHHNHHCOOH
Charge: -2 Mult: 1

--------------------------------------------------------------------------------
Wrote XYZ file:  Fragment-currentgeo.xyz
Current geometry (Å) in step 6 (print_atoms_list region)
---------------------------------------------------
        C  58.95730887   34.11671026   57.04904455
        H  59.83597482   33.90319152   57.82650779
        H  59.23718130   35.15134033   56.82409207
        C  58.04437684   34.54496157   58.16362973
        C  57.21344606   35.86945644   58.27795707
        O  57.68669280   36.88937818   57.71859635
        O  56.23324875   35.86083046   59.09718949
        O  58.20422671   33.99825644   59.23363192
        C  57.12463464   31.85315375   55.79144038
        H  56.52169451   30.86010970   55.79752174
        C  58.43307148   31.89642131   56.12878230
        H  58.89169775   31.01498035   56.58039924
        C  59.17366282   33.20728748   56.06294275
        C  58.73335299   33.78645525   54.65900266
        H  59.50857278   34.17427647   53.96771463
        C  57.44284472   33.72322441   54.23906143
        H  57.02881778   34.14090274   53.29305822
        C  56.48564003   33.10542541   55.24632774
        H  56.56999278   33.77567778   56.14240846
        O  55.17519814   33.01433321   54.81576746
        H  54.80214167   32.11812728   54.73849507
        C  60.73271243   32.93963763   55.99353181
        O  61.21560797   32.63822386   57.13648388
        O  61.40218191   33.01397501   54.94125884
        C  64.98840000   23.56910000   52.59720000
        O  66.17222500   23.63087600   52.20066300
        O  64.27711600   22.54171700   52.62975900
        H  64.53042100   24.50495000   52.94996100
        C  70.37930000   29.88280000   51.96570000
        O  71.56312500   29.94457600   51.56916300
        O  69.66801600   28.85541700   51.99825900
        H  69.92132100   30.81865000   52.31846100
        C  66.21710000   26.53760000   47.68760000
        O  67.40092500   26.59937600   47.29106300
        O  65.50581600   25.51021700   47.72015900
        H  65.75912100   27.47345000   48.04036100
        C  69.85360000   34.71120000   50.33630000
        O  71.03742500   34.77297600   49.93976300
        O  69.14231600   33.68381700   50.36885900
        H  69.39562100   35.64705000   50.68906100
        C  53.78910000   33.23890000   65.89740000
        N  53.93967700   33.62412000   64.63334600
        H  53.62916000   34.28662200   65.32960000
        H  54.13584600   32.66908200   64.89701300
        N  53.38020100   34.11130400   66.81424900
        H  53.57637000   33.15626600   67.07791600
        H  53.49454900   34.40384000   65.85432800
        N  54.04742100   31.98127600   66.24460500
        H  54.16177000   32.27381100   65.28468400
        H  53.73690400   32.64377800   66.94085900
        C  49.95840000   33.58120000   62.71040000
        N  50.10897700   33.96642000   61.44634600
        H  49.79846000   34.62892200   62.14260000
        H  50.30514600   33.01138200   61.71001300
        N  49.54950100   34.45360400   63.62724900
        H  49.74567000   33.49856600   63.89091600
        H  49.66384900   34.74614000   62.66732800
        N  50.21672100   32.32357600   63.05760500
        H  50.33107000   32.61611100   62.09768400
        H  49.90620400   32.98607800   63.75385900
        C  59.78940000   24.69200000   48.16450000
        O  60.97322500   24.75377600   47.76796300
        O  59.07811600   23.66461700   48.19705900
        H  59.33142100   25.62785000   48.51726100
        C  63.46380000   32.23990000   44.33800000
        O  64.64762500   32.30167600   43.94146300
        O  62.75251600   31.21251700   44.37055900
        H  63.00582100   33.17575000   44.69076100
        C  53.41980000   28.24940000   64.13750000
        N  53.57037700   28.63462000   62.87344600
        H  53.25986000   29.29712200   63.56970000
        H  53.76654600   27.67958200   63.13711300
        N  53.01090100   29.12180400   65.05434900
        H  53.20707000   28.16676600   65.31801600
        H  53.12524900   29.41434000   64.09442800
        N  53.67812100   26.99177600   64.48470500
        H  53.79247000   27.28431100   63.52478400
        H  53.36760400   27.65427800   65.18095900
        C  56.20460000   30.65050000   45.07630000
        O  57.38842500   30.71227600   44.67976300
        O  55.49331600   29.62311700   45.10885900
        H  55.74662100   31.58635000   45.42906100

Note: printed only print_atoms_list (this is not necessarily all atoms) 
  ------------RUNNING QM/MM MODULE------------- 
QM Module: ORCATheory
MM Module: OpenMMTheory
Charge provided from QMMMTheory object:  -2
Mult provided from QMMMTheory object:  1
QM-region Charge: -2 Mult: 1
Embedding: Electrostatic
Number of pointcharges (to QM program): 58
Number of charge coordinates: 58
Running QM/MM object with 8 cores available

-------------------------------------------------------------------
Time to calculate step (before-QMstep): 0.000 seconds, 0.0 minutes.
-------------------------------------------------------------------
  ------------RUNNING ORCA INTERFACE------------- 
Object-label: ORCA
Run-label: None
Running ORCA with 8 cores available
Moreadfile option not active
A GBW-file with same basename : orca.gbw is present
Autostart is False. ORCA will ignore any file present
Creating inputfile: orca.inp
ORCA input:
! B3LYP D3BJ def2-SVP def2/J RIJCOSX CPCM TightSCF

! Noautostart

%cpcm epsilon 4.0 end
%scf MaxIter 300 Guess PModel end
Charge: -2  Mult: 1
Pointcharge embedding is on!
 ORCA Calculation starting. 
Found warning messages in ORCA outputfile:
WARNING: The chosen methods will break translational/rotational symmetry
 WARNING: The chosen methods will break translational symmetry
 WARNING: The chosen methods will break translational symmetry
 Warning: op=0 Small HOMO/LUMO gap (   0.066) - skipping pre-diagonalization

 ORCA Calculation done. 
ORCA converged in 16 iterations
ORCA energy: -836.094476993567
  ------------ENDING ORCA-INTERFACE------------- 

----------------------------------------------------------------
Time to calculate step (ORCA run): 341.527 seconds, 5.7 minutes.
----------------------------------------------------------------

---------------------------------------------------------------
Time to calculate step (QM step): 341.527 seconds, 5.7 minutes.
---------------------------------------------------------------

----------------------------------------------------------------------
Time to calculate step (QMpcgrad prepare): 0.000 seconds, 0.0 minutes.
----------------------------------------------------------------------

--------------------------------------------------------------------------
Time to calculate step (linkatomgrad prepare): 0.000 seconds, 0.0 minutes.
--------------------------------------------------------------------------

----------------------------------------------------------------------------
Time to calculate step (QM/MM gradient prepare): 0.000 seconds, 0.0 minutes.
----------------------------------------------------------------------------
Using OpenMM theory as part of QM/MM.
Using MM on full system. Charges for QM region [0, 1, 2, 3, 4, 5, 6, 7, 8, 9, 10, 11, 12, 13, 14, 15, 16, 17, 18, 19, 20, 21, 22, 23] have been set to zero 

--------------------------------------------------------------------------------
                   Creating/updating OpenMM simulation object                   
--------------------------------------------------------------------------------

Integrator name: VerletIntegrator
Timestep: 0.001
Temperature: 300
Coupling frequency: 1
Properties: {'Threads': '1'}
Topology: <Topology; 1 chains, 1 residues, 82 atoms, 0 bonds>

----------------------------------------------------------------------------------
Time to calculate step (creating/updating simulation): 0.003 seconds, 0.0 minutes.
----------------------------------------------------------------------------------

--------------------------------------------------------------------------------
                     Running Single-point OpenMM Interface                      
--------------------------------------------------------------------------------

Number of OpenMM system constraints defined: 0

-----------------------------------------------------------------------------------
Time to calculate step (OpenMMTheory.run: const-check): 0.003 seconds, 0.0 minutes.
-----------------------------------------------------------------------------------
Updating coordinates.

------------------------------------------------------------------------
Time to calculate step (Creating pos array): 0.000 seconds, 0.0 minutes.
------------------------------------------------------------------------

---------------------------------------------------------------------------
Time to calculate step (Updating MM positions): 0.000 seconds, 0.0 minutes.
---------------------------------------------------------------------------
Calling OpenMM getState.

---------------------------------------------------------------------
Time to calculate step (OpenMM getState): 0.001 seconds, 0.0 minutes.
---------------------------------------------------------------------
OpenMM Energy: -1.804681097372805 Eh
OpenMM Energy: -1132.454486264027 kcal/mol

-----------------------
Ending OpenMM interface
-----------------------

----------------------------------------------------------------
Time to calculate step (OpenMM run): 0.005 seconds, 0.0 minutes.
----------------------------------------------------------------

-------------------------------------------------------------
Time to calculate step (MM step): 0.005 seconds, 0.0 minutes.
-------------------------------------------------------------

Note: You are using electrostatic embedding. This means that the QM-energy is actually the polarized QM-energy
Note: MM energy also contains the QM-MM Lennard-Jones interaction

QM energy:              -836.094476993567 
MM energy:                -1.804681097373
QM/MM energy:           -837.899158090940 

  ------------ENDING QM/MM MODULE------------- 

-----------------------------------------------------------------
Time to calculate step (QM/MM run): 341.533 seconds, 5.7 minutes.
-----------------------------------------------------------------
geometric called load_guess_files option for ASHengineclass.
This option is currently unsupported in ASH. Continuing.

Convergence criteria: {'convergence_energy': 1e-05, 'convergence_grms': 0.003, 'convergence_gmax': 0.006, 'convergence_drms': 0.01, 'convergence_dmax': 0.015, 'convergence_cmax': 0.01}

Replacing coordinates in fragment.
Creating/Updating fragment attributes...
Number of Atoms in fragment: 82
Formula: C20N9O20H33
Label: CHHCCOOOCHCHCCHCHCHOHCOOCOOHCOOHCOOHCOOHCNHHNHHNHHCNHHNHHNHHCOOHCOOHCNHHNHHNHHCOOH
Charge: -2 Mult: 1

--------------------------------------------------------------------------------
Wrote XYZ file:  Fragment-currentgeo.xyz
Current geometry (Å) in step 7 (print_atoms_list region)
---------------------------------------------------
        C  59.12379332   34.15490862   57.05180354
        H  59.95136064   33.75635396   57.72580408
        H  59.44043033   35.12182865   56.71067541
        C  58.15381386   34.55829137   58.07093469
        C  57.34615403   35.88826949   58.08125373
        O  57.86790570   36.88464183   57.53527508
        O  56.29852166   35.89703900   58.78947998
        O  58.15183314   33.96385508   59.11970698
        C  57.17741947   31.87677250   55.78860519
        H  56.55543122   30.95274257   55.95697352
        C  58.49062700   31.87788236   56.06724320
        H  58.96299724   31.02022645   56.54046087
        C  59.26870176   33.11254146   55.85131625
        C  58.78021437   33.75169251   54.53876948
        H  59.52786042   34.15663297   53.83614964
        C  57.47526833   33.73140588   54.20380412
        H  57.04185928   34.20124499   53.30243863
        C  56.53483897   33.10219781   55.20700769
        H  56.54630697   33.79784979   56.08143656
        O  55.23757742   32.96303339   54.71941276
        H  54.85093250   32.09749237   54.83162301
        C  60.81058304   32.83646101   55.80028463
        O  61.29980235   32.51856465   56.92794615
        O  61.43881947   32.91647491   54.72721055
        C  64.98840000   23.56910000   52.59720000
        O  66.17222500   23.63087600   52.20066300
        O  64.27711600   22.54171700   52.62975900
        H  64.53042100   24.50495000   52.94996100
        C  70.37930000   29.88280000   51.96570000
        O  71.56312500   29.94457600   51.56916300
        O  69.66801600   28.85541700   51.99825900
        H  69.92132100   30.81865000   52.31846100
        C  66.21710000   26.53760000   47.68760000
        O  67.40092500   26.59937600   47.29106300
        O  65.50581600   25.51021700   47.72015900
        H  65.75912100   27.47345000   48.04036100
        C  69.85360000   34.71120000   50.33630000
        O  71.03742500   34.77297600   49.93976300
        O  69.14231600   33.68381700   50.36885900
        H  69.39562100   35.64705000   50.68906100
        C  53.78910000   33.23890000   65.89740000
        N  53.93967700   33.62412000   64.63334600
        H  53.62916000   34.28662200   65.32960000
        H  54.13584600   32.66908200   64.89701300
        N  53.38020100   34.11130400   66.81424900
        H  53.57637000   33.15626600   67.07791600
        H  53.49454900   34.40384000   65.85432800
        N  54.04742100   31.98127600   66.24460500
        H  54.16177000   32.27381100   65.28468400
        H  53.73690400   32.64377800   66.94085900
        C  49.95840000   33.58120000   62.71040000
        N  50.10897700   33.96642000   61.44634600
        H  49.79846000   34.62892200   62.14260000
        H  50.30514600   33.01138200   61.71001300
        N  49.54950100   34.45360400   63.62724900
        H  49.74567000   33.49856600   63.89091600
        H  49.66384900   34.74614000   62.66732800
        N  50.21672100   32.32357600   63.05760500
        H  50.33107000   32.61611100   62.09768400
        H  49.90620400   32.98607800   63.75385900
        C  59.78940000   24.69200000   48.16450000
        O  60.97322500   24.75377600   47.76796300
        O  59.07811600   23.66461700   48.19705900
        H  59.33142100   25.62785000   48.51726100
        C  63.46380000   32.23990000   44.33800000
        O  64.64762500   32.30167600   43.94146300
        O  62.75251600   31.21251700   44.37055900
        H  63.00582100   33.17575000   44.69076100
        C  53.41980000   28.24940000   64.13750000
        N  53.57037700   28.63462000   62.87344600
        H  53.25986000   29.29712200   63.56970000
        H  53.76654600   27.67958200   63.13711300
        N  53.01090100   29.12180400   65.05434900
        H  53.20707000   28.16676600   65.31801600
        H  53.12524900   29.41434000   64.09442800
        N  53.67812100   26.99177600   64.48470500
        H  53.79247000   27.28431100   63.52478400
        H  53.36760400   27.65427800   65.18095900
        C  56.20460000   30.65050000   45.07630000
        O  57.38842500   30.71227600   44.67976300
        O  55.49331600   29.62311700   45.10885900
        H  55.74662100   31.58635000   45.42906100

Note: printed only print_atoms_list (this is not necessarily all atoms) 
  ------------RUNNING QM/MM MODULE------------- 
QM Module: ORCATheory
MM Module: OpenMMTheory
Charge provided from QMMMTheory object:  -2
Mult provided from QMMMTheory object:  1
QM-region Charge: -2 Mult: 1
Embedding: Electrostatic
Number of pointcharges (to QM program): 58
Number of charge coordinates: 58
Running QM/MM object with 8 cores available

-------------------------------------------------------------------
Time to calculate step (before-QMstep): 0.000 seconds, 0.0 minutes.
-------------------------------------------------------------------
  ------------RUNNING ORCA INTERFACE------------- 
Object-label: ORCA
Run-label: None
Running ORCA with 8 cores available
Moreadfile option not active
A GBW-file with same basename : orca.gbw is present
Autostart is False. ORCA will ignore any file present
Creating inputfile: orca.inp
ORCA input:
! B3LYP D3BJ def2-SVP def2/J RIJCOSX CPCM TightSCF

! Noautostart

%cpcm epsilon 4.0 end
%scf MaxIter 300 Guess PModel end
Charge: -2  Mult: 1
Pointcharge embedding is on!
 ORCA Calculation starting. 
Found warning messages in ORCA outputfile:
WARNING: The chosen methods will break translational/rotational symmetry
 WARNING: The chosen methods will break translational symmetry
 WARNING: The chosen methods will break translational symmetry
Step   10 : Displace = [0m7.831e-02[0m/[0m2.146e-01[0m (rms/max) Trust = 1.078e-01 ([92m+[0m) Grad_T = [0m1.399e-02[0m/[0m6.215e-02[0m (rms/max) E (change) = -837.9498941507 ([0m-1.016e-02[0m) Quality = [0m0.545[0m
Hessian Eigenvalues: 2.87986e-03 1.59714e-02 1.94691e-02 ... 5.78010e-01 5.78014e-01 5.98303e-01
Step   11 : Displace = [0m1.050e-01[0m/[0m4.174e-01[0m (rms/max) Trust = 1.078e-01 (=) Grad_T = [0m2.627e-02[0m/[0m1.146e-01[0m (rms/max) E (change) = -837.8982927444 ([91m+5.160e-02[0m) Quality = [91m-1.182[0m
[93mRejecting step - quality is lower than -1.0[0m
Hessian Eigenvalues: 2.87986e-03 1.59714e-02 1.94691e-02 ... 5.78010e-01 5.78014e-01 5.98303e-01
Step   12 : Displace = [0m4.887e-02[0m/[0m2.482e-01[0m (rms/max) Trust = 5.249e-02 ([1;91mx[0m) Grad_T = [0m1.752e-02[0m/[0m8.395e-02[0m (rms/max) E (change) = -837.9404977822 ([91m+9.396e-03[0m) Quality = [91m-0.267[0m
Hessian Eigenvalues: 3.22816e-03 1.77493e-02 2.63687e-02 ... 5.78011e-01 5.78021e-01 5.98903e-01
Step   13 : Displace = [0m2.407e-02[0m/[0m8.965e-02[0m (rms/max) Trust = 2.444e-02 ([91m-[0m) Grad_T = [0m9.359e-03[0m/[0m3.654e-02[0m (rms/max) E (change) = -837.9652487783 ([0m-2.475e-02[0m) Quality = [0m1.042[0m
Hessian Eigenvalues: 3.21012e-03 1.72976e-02 2.63687e-02 ... 5.78010e-01 5.78032e-01 6.17534e-01
Step   14 : Displace = [0m3.343e-02[0m/[0m1.102e-01[0m (rms/max) Trust = 3.456e-02 ([92m+[0m) Grad_T = [0m9.169e-03[0m/[0m4.256e-02[0m (rms/max) E (change) = -837.9739843017 ([0m-8.736e-03[0m) Quality = [0m0.564[0m
Hessian Eigenvalues: 3.21589e-03 1.53969e-02 2.63687e-02 ... 5.78010e-01 5.78013e-01 6.03195e-01
Step   15 : Displace = [0m3.449e-02[0m/[0m1.008e-01[0m (rms/max) Trust = 3.456e-02 (=) Grad_T = [0m4.811e-03[0m/[0m1.757e-02[0m (rms/max) E (change) = -837.9835248944 ([0m-9.541e-03[0m) Quality = [0m1.163[0m
Hessian Eigenvalues: 2.31820e-03 1.25672e-02 2.63687e-02 ... 5.78011e-01 5.98800e-01 6.54707e-01
