geometric-optimize called with the following command line:
relax_barrier.py shell8p4ts run

                                        [91m())))))))))))))))/[0m                     
                                    [91m())))))))))))))))))))))))),[0m                
                                [91m*)))))))))))))))))))))))))))))))))[0m             
                        [94m#,[0m    [91m()))))))))/[0m                [91m.)))))))))),[0m          
                      [94m#%%%%,[0m  [91m())))))[0m                        [91m.))))))))*[0m        
                      [94m*%%%%%%,[0m  [91m))[0m              [93m..[0m              [91m,))))))).[0m      
                        [94m*%%%%%%,[0m         [93m***************/.[0m        [91m.)))))))[0m     
                [94m#%%/[0m      [94m(%%%%%%,[0m    [93m/*********************.[0m       [91m)))))))[0m    
              [94m.%%%%%%#[0m      [94m*%%%%%%,[0m  [93m*******/,[0m     [93m**********,[0m      [91m.))))))[0m   
                [94m.%%%%%%/[0m      [94m*%%%%%%,[0m  [93m**[0m              [93m********[0m      [91m.))))))[0m  
          [94m##[0m      [94m.%%%%%%/[0m      [94m(%%%%%%,[0m                  [93m,******[0m      [91m/)))))[0m  
        [94m%%%%%%[0m      [94m.%%%%%%#[0m      [94m*%%%%%%,[0m    [92m,/////.[0m       [93m******[0m      [91m))))))[0m 
      [94m#%[0m      [94m%%[0m      [94m.%%%%%%/[0m      [94m*%%%%%%,[0m  [92m////////,[0m      [93m*****/[0m     [91m,)))))[0m 
    [94m#%%[0m  [94m%%%[0m  [94m%%%#[0m      [94m.%%%%%%/[0m      [94m(%%%%%%,[0m  [92m///////.[0m     [93m/*****[0m      [91m))))).[0m
  [94m#%%%%.[0m      [94m%%%%%#[0m      [94m/%%%%%%*[0m      [94m#%%%%%%[0m   [92m/////)[0m     [93m******[0m      [91m))))),[0m
    [94m#%%%%##%[0m  [94m%%%#[0m      [94m.%%%%%%/[0m      [94m(%%%%%%,[0m  [92m///////.[0m     [93m/*****[0m      [91m))))).[0m
      [94m##[0m     [94m%%%[0m      [94m.%%%%%%/[0m      [94m*%%%%%%,[0m  [92m////////.[0m      [93m*****/[0m     [91m,)))))[0m 
        [94m#%%%%#[0m      [94m/%%%%%%/[0m      [94m(%%%%%%[0m      [92m/)/)//[0m       [93m******[0m      [91m))))))[0m 
          [94m##[0m      [94m.%%%%%%/[0m      [94m(%%%%%%,[0m                  [93m*******[0m      [91m))))))[0m  
                [94m.%%%%%%/[0m      [94m*%%%%%%,[0m  [93m**.[0m             [93m/*******[0m      [91m.))))))[0m  
              [94m*%%%%%%/[0m      [94m(%%%%%%[0m   [93m********/*..,*/*********[0m       [91m*))))))[0m   
                [94m#%%/[0m      [94m(%%%%%%,[0m    [93m*********************/[0m        [91m)))))))[0m    
                        [94m*%%%%%%,[0m         [93m,**************/[0m         [91m,))))))/[0m     
                      [94m(%%%%%%[0m   [91m()[0m                              [91m))))))))[0m       
                      [94m#%%%%,[0m  [91m())))))[0m                        [91m,)))))))),[0m        
                        [94m#,[0m    [91m())))))))))[0m                [91m,)))))))))).[0m          
                                 [91m()))))))))))))))))))))))))))))))/[0m             
                                    [91m())))))))))))))))))))))))).[0m                
                                         [91m())))))))))))))),[0m                     

-=# [1;94m geomeTRIC started. Version: 1.1.1 [0m #=-
Current date and time: 2026-07-29 17:08:48
#========================================================#
#| [92m    Arguments passed to driver run_optimizer():     [0m |#
#========================================================#
bothre                    0.0 
constraints               constraints.txt 
convergence_cmax          0.01 
convergence_dmax          0.015 
convergence_drms          0.01 
convergence_energy        1e-05 
convergence_gmax          0.006 
convergence_grms          0.003 
coordsys                  hdlc 
customengine              <ash.interfaces.interface_geometric_new.ASHengineclass object at 0x14d2527a4c90> 
input                     dummyinputname 
irc                       False 
logIni                    /home/18660916/envs/ash/lib/python3.11/site-packages/ash/log.ini 
maxiter                   400 
prefix                    geometric_OPTtraj 
rigid                     False 
subfrctor                 1 
transition                False 
verbose                   0 
----------------------------------------------------------
Custom engine selected.
$freeze
xyz 25
xyz 26
xyz 27
xyz 28
xyz 29
xyz 30
xyz 31
xyz 32
xyz 33
xyz 34
xyz 35
xyz 36
xyz 37
xyz 38
xyz 39
xyz 40
xyz 41
xyz 42
xyz 43
xyz 44
xyz 45
xyz 46
xyz 47
xyz 48
xyz 49
xyz 50
xyz 51
xyz 52
xyz 53
xyz 54
xyz 55
xyz 56
xyz 57
xyz 58
xyz 59
xyz 60
xyz 61
xyz 62
xyz 63
xyz 64
xyz 65
xyz 66
xyz 67
xyz 68
xyz 69
xyz 70
xyz 71
xyz 72
xyz 73
xyz 74
xyz 75
xyz 76
xyz 77
xyz 78
xyz 79
xyz 80
xyz 81
xyz 82
xyz 83
xyz 84
xyz 85
xyz 86
xyz 87
xyz 88
xyz 89
xyz 90
xyz 91
xyz 92
xyz 93
xyz 94
xyz 95
xyz 96
xyz 97
xyz 98
xyz 99
xyz 100
Bonds will be generated from interatomic distances less than 1.20 times sum of covalent radii
300 internal coordinates being used (instead of 300 Cartesians)
<class 'geometric.internal.CartesianX'> : 100
<class 'geometric.internal.CartesianY'> : 100
<class 'geometric.internal.CartesianZ'> : 100
<class 'geometric.internal.Distance'> : 143
<class 'geometric.internal.Angle'> : 171
<class 'geometric.internal.OutOfPlane'> : 571
<class 'geometric.internal.Dihedral'> : 961
Constraint                         Current      Target       Diff.
Cartesian-X 25                    54.89040    54.89040     0.00000
Cartesian-Y 25                    41.21830    41.21830     0.00000
Cartesian-Z 25                    65.11750    65.11750     0.00000
Cartesian-X 26                    55.04098    55.04098     0.00000
Cartesian-Y 26                    41.60352    41.60352     0.00000
Cartesian-Z 26                    63.85345    63.85345     0.00000
Cartesian-X 27                    54.73046    54.73046     0.00000
Cartesian-Y 27                    42.26602    42.26602     0.00000
Cartesian-Z 27                    64.54970    64.54970     0.00000
Cartesian-X 28                    55.23715    55.23715     0.00000
Cartesian-Y 28                    40.64848    40.64848     0.00000
Cartesian-Z 28                    64.11711    64.11711     0.00000
Cartesian-X 29                    54.48150    54.48150     0.00000
Cartesian-Y 29                    42.09070    42.09070     0.00000
Cartesian-Z 29                    66.03435    66.03435     0.00000
Cartesian-X 30                    54.67767    54.67767     0.00000
Cartesian-Y 30                    41.13567    41.13567     0.00000
Cartesian-Z 30                    66.29802    66.29802     0.00000
Cartesian-X 31                    54.59585    54.59585     0.00000
Cartesian-Y 31                    42.38324    42.38324     0.00000
Cartesian-Z 31                    65.07443    65.07443     0.00000
Cartesian-X 32                    55.14872    55.14872     0.00000
Cartesian-Y 32                    39.96068    39.96068     0.00000
Cartesian-Z 32                    65.46470    65.46470     0.00000
Cartesian-X 33                    55.26307    55.26307     0.00000
Cartesian-Y 33                    40.25321    40.25321     0.00000
Cartesian-Z 33                    64.50478    64.50478     0.00000
Cartesian-X 34                    54.83820    54.83820     0.00000
Cartesian-Y 34                    40.62318    40.62318     0.00000
Cartesian-Z 34                    66.16096    66.16096     0.00000
Cartesian-X 35                    59.50090    59.50090     0.00000
Cartesian-Y 35                    39.33550    39.33550     0.00000
Cartesian-Z 35                    66.26000    66.26000     0.00000
Cartesian-X 36                    59.65148    59.65148     0.00000
Cartesian-Y 36                    39.72072    39.72072     0.00000
Cartesian-Z 36                    64.99595    64.99595     0.00000
Cartesian-X 37                    59.34096    59.34096     0.00000
Cartesian-Y 37                    40.38322    40.38322     0.00000
Cartesian-Z 37                    65.69220    65.69220     0.00000
Cartesian-X 38                    59.84765    59.84765     0.00000
Cartesian-Y 38                    38.76568    38.76568     0.00000
Cartesian-Z 38                    65.25961    65.25961     0.00000
Cartesian-X 39                    59.09200    59.09200     0.00000
Cartesian-Y 39                    40.20790    40.20790     0.00000
Cartesian-Z 39                    67.17685    67.17685     0.00000
Cartesian-X 40                    59.28817    59.28817     0.00000
Cartesian-Y 40                    39.25287    39.25287     0.00000
Cartesian-Z 40                    67.44052    67.44052     0.00000
Cartesian-X 41                    59.20635    59.20635     0.00000
Cartesian-Y 41                    40.50044    40.50044     0.00000
Cartesian-Z 41                    66.21693    66.21693     0.00000
Cartesian-X 42                    59.75922    59.75922     0.00000
Cartesian-Y 42                    38.07788    38.07788     0.00000
Cartesian-Z 42                    66.60720    66.60720     0.00000
Cartesian-X 43                    59.87357    59.87357     0.00000
Cartesian-Y 43                    38.37041    38.37041     0.00000
Cartesian-Z 43                    65.64728    65.64728     0.00000
Cartesian-X 44                    59.44870    59.44870     0.00000
Cartesian-Y 44                    38.74038    38.74038     0.00000
Cartesian-Z 44                    67.30346    67.30346     0.00000
Cartesian-X 45                    69.74840    69.74840     0.00000
Cartesian-Y 45                    37.57020    37.57020     0.00000
Cartesian-Z 45                    52.11000    52.11000     0.00000
Cartesian-X 46                    70.93223    70.93223     0.00000
Cartesian-Y 46                    37.63198    37.63198     0.00000
Cartesian-Z 46                    51.71346    51.71346     0.00000
Cartesian-X 47                    69.03712    69.03712     0.00000
Cartesian-Y 47                    36.54282    36.54282     0.00000
Cartesian-Z 47                    52.14256    52.14256     0.00000
Cartesian-X 48                    69.29042    69.29042     0.00000
Cartesian-Y 48                    38.50605    38.50605     0.00000
Cartesian-Z 48                    52.46276    52.46276     0.00000
Cartesian-X 49                    49.75560    49.75560     0.00000
Cartesian-Y 49                    39.75790    39.75790     0.00000
Cartesian-Z 49                    62.74580    62.74580     0.00000
Cartesian-X 50                    49.90618    49.90618     0.00000
Cartesian-Y 50                    40.14312    40.14312     0.00000
Cartesian-Z 50                    61.48175    61.48175     0.00000
Cartesian-X 51                    49.59566    49.59566     0.00000
Cartesian-Y 51                    40.80562    40.80562     0.00000
Cartesian-Z 51                    62.17800    62.17800     0.00000
Cartesian-X 52                    50.10235    50.10235     0.00000
Cartesian-Y 52                    39.18808    39.18808     0.00000
Cartesian-Z 52                    61.74541    61.74541     0.00000
Cartesian-X 53                    49.34670    49.34670     0.00000
Cartesian-Y 53                    40.63030    40.63030     0.00000
Cartesian-Z 53                    63.66265    63.66265     0.00000
Cartesian-X 54                    49.54287    49.54287     0.00000
Cartesian-Y 54                    39.67527    39.67527     0.00000
Cartesian-Z 54                    63.92632    63.92632     0.00000
Cartesian-X 55                    49.46105    49.46105     0.00000
Cartesian-Y 55                    40.92284    40.92284     0.00000
Cartesian-Z 55                    62.70273    62.70273     0.00000
Cartesian-X 56                    50.01392    50.01392     0.00000
Cartesian-Y 56                    38.50028    38.50028     0.00000
Cartesian-Z 56                    63.09300    63.09300     0.00000
Cartesian-X 57                    50.12827    50.12827     0.00000
Cartesian-Y 57                    38.79281    38.79281     0.00000
Cartesian-Z 57                    62.13308    62.13308     0.00000
Cartesian-X 58                    49.70340    49.70340     0.00000
Cartesian-Y 58                    39.16278    39.16278     0.00000
Cartesian-Z 58                    63.78926    63.78926     0.00000
Cartesian-X 59                    54.95800    54.95800     0.00000
Cartesian-Y 59                    29.39440    29.39440     0.00000
Cartesian-Z 59                    66.15720    66.15720     0.00000
Cartesian-X 60                    55.10858    55.10858     0.00000
Cartesian-Y 60                    29.77962    29.77962     0.00000
Cartesian-Z 60                    64.89315    64.89315     0.00000
Cartesian-X 61                    54.79806    54.79806     0.00000
Cartesian-Y 61                    30.44212    30.44212     0.00000
Cartesian-Z 61                    65.58940    65.58940     0.00000
Cartesian-X 62                    55.30475    55.30475     0.00000
Cartesian-Y 62                    28.82458    28.82458     0.00000
Cartesian-Z 62                    65.15681    65.15681     0.00000
Cartesian-X 63                    54.54910    54.54910     0.00000
Cartesian-Y 63                    30.26680    30.26680     0.00000
Cartesian-Z 63                    67.07405    67.07405     0.00000
Cartesian-X 64                    54.74527    54.74527     0.00000
Cartesian-Y 64                    29.31177    29.31177     0.00000
Cartesian-Z 64                    67.33772    67.33772     0.00000
Cartesian-X 65                    54.66345    54.66345     0.00000
Cartesian-Y 65                    30.55934    30.55934     0.00000
Cartesian-Z 65                    66.11413    66.11413     0.00000
Cartesian-X 66                    55.21632    55.21632     0.00000
Cartesian-Y 66                    28.13678    28.13678     0.00000
Cartesian-Z 66                    66.50441    66.50441     0.00000
Cartesian-X 67                    55.33067    55.33067     0.00000
Cartesian-Y 67                    28.42931    28.42931     0.00000
Cartesian-Z 67                    65.54448    65.54448     0.00000
Cartesian-X 68                    54.90580    54.90580     0.00000
Cartesian-Y 68                    28.79928    28.79928     0.00000
Cartesian-Z 68                    67.20066    67.20066     0.00000
Cartesian-X 69                    69.45420    69.45420     0.00000
Cartesian-Y 69                    25.80430    25.80430     0.00000
Cartesian-Z 69                    53.35910    53.35910     0.00000
Cartesian-X 70                    70.63802    70.63802     0.00000
Cartesian-Y 70                    25.86608    25.86608     0.00000
Cartesian-Z 70                    52.96256    52.96256     0.00000
Cartesian-X 71                    68.74292    68.74292     0.00000
Cartesian-Y 71                    24.77692    24.77692     0.00000
Cartesian-Z 71                    53.39166    53.39166     0.00000
Cartesian-X 72                    68.99622    68.99622     0.00000
Cartesian-Y 72                    26.74015    26.74015     0.00000
Cartesian-Z 72                    53.71186    53.71186     0.00000
Cartesian-X 73                    65.78910    65.78910     0.00000
Cartesian-Y 73                    29.53300    29.53300     0.00000
Cartesian-Z 73                    44.76770    44.76770     0.00000
Cartesian-X 74                    66.97293    66.97293     0.00000
Cartesian-Y 74                    29.59478    29.59478     0.00000
Cartesian-Z 74                    44.37116    44.37116     0.00000
Cartesian-X 75                    65.07782    65.07782     0.00000
Cartesian-Y 75                    28.50562    28.50562     0.00000
Cartesian-Z 75                    44.80026    44.80026     0.00000
Cartesian-X 76                    65.33112    65.33112     0.00000
Cartesian-Y 76                    30.46885    30.46885     0.00000
Cartesian-Z 76                    45.12046    45.12046     0.00000
Cartesian-X 77                    47.65890    47.65890     0.00000
Cartesian-Y 77                    31.15830    31.15830     0.00000
Cartesian-Z 77                    61.15630    61.15630     0.00000
Cartesian-X 78                    47.80948    47.80948     0.00000
Cartesian-Y 78                    31.54352    31.54352     0.00000
Cartesian-Z 78                    59.89225    59.89225     0.00000
Cartesian-X 79                    47.49896    47.49896     0.00000
Cartesian-Y 79                    32.20602    32.20602     0.00000
Cartesian-Z 79                    60.58850    60.58850     0.00000
Cartesian-X 80                    48.00565    48.00565     0.00000
Cartesian-Y 80                    30.58848    30.58848     0.00000
Cartesian-Z 80                    60.15591    60.15591     0.00000
Cartesian-X 81                    47.25000    47.25000     0.00000
Cartesian-Y 81                    32.03070    32.03070     0.00000
Cartesian-Z 81                    62.07315    62.07315     0.00000
Cartesian-X 82                    47.44617    47.44617     0.00000
Cartesian-Y 82                    31.07567    31.07567     0.00000
Cartesian-Z 82                    62.33682    62.33682     0.00000
Cartesian-X 83                    47.36435    47.36435     0.00000
Cartesian-Y 83                    32.32324    32.32324     0.00000
Cartesian-Z 83                    61.11323    61.11323     0.00000
Cartesian-X 84                    47.91722    47.91722     0.00000
Cartesian-Y 84                    29.90068    29.90068     0.00000
Cartesian-Z 84                    61.50350    61.50350     0.00000
Cartesian-X 85                    48.03157    48.03157     0.00000
Cartesian-Y 85                    30.19321    30.19321     0.00000
Cartesian-Z 85                    60.54358    60.54358     0.00000
Cartesian-X 86                    47.60670    47.60670     0.00000
Cartesian-Y 86                    30.56318    30.56318     0.00000
Cartesian-Z 86                    62.19976    62.19976     0.00000
Cartesian-X 87                    51.95630    51.95630     0.00000
Cartesian-Y 87                    33.68720    33.68720     0.00000
Cartesian-Z 87                    65.49240    65.49240     0.00000
Cartesian-X 88                    52.10688    52.10688     0.00000
Cartesian-Y 88                    34.07242    34.07242     0.00000
Cartesian-Z 88                    64.22835    64.22835     0.00000
Cartesian-X 89                    51.79636    51.79636     0.00000
Cartesian-Y 89                    34.73492    34.73492     0.00000
Cartesian-Z 89                    64.92460    64.92460     0.00000
Cartesian-X 90                    52.30305    52.30305     0.00000
Cartesian-Y 90                    33.11738    33.11738     0.00000
Cartesian-Z 90                    64.49201    64.49201     0.00000
Cartesian-X 91                    51.54740    51.54740     0.00000
Cartesian-Y 91                    34.55960    34.55960     0.00000
Cartesian-Z 91                    66.40925    66.40925     0.00000
Cartesian-X 92                    51.74357    51.74357     0.00000
Cartesian-Y 92                    33.60457    33.60457     0.00000
Cartesian-Z 92                    66.67292    66.67292     0.00000
Cartesian-X 93                    51.66175    51.66175     0.00000
Cartesian-Y 93                    34.85214    34.85214     0.00000
Cartesian-Z 93                    65.44933    65.44933     0.00000
Cartesian-X 94                    52.21462    52.21462     0.00000
Cartesian-Y 94                    32.42958    32.42958     0.00000
Cartesian-Z 94                    65.83961    65.83961     0.00000
Cartesian-X 95                    52.32897    52.32897     0.00000
Cartesian-Y 95                    32.72211    32.72211     0.00000
Cartesian-Z 95                    64.87968    64.87968     0.00000
Cartesian-X 96                    51.90410    51.90410     0.00000
Cartesian-Y 96                    33.09208    33.09208     0.00000
Cartesian-Z 96                    66.53586    66.53586     0.00000
Cartesian-X 97                    71.00800    71.00800     0.00000
Cartesian-Y 97                    32.33200    32.33200     0.00000
Cartesian-Z 97                    50.39870    50.39870     0.00000
Cartesian-X 98                    72.19182    72.19182     0.00000
Cartesian-Y 98                    32.39378    32.39378     0.00000
Cartesian-Z 98                    50.00216    50.00216     0.00000
Cartesian-X 99                    70.29672    70.29672     0.00000
Cartesian-Y 99                    31.30462    31.30462     0.00000
Cartesian-Z 99                    50.43126    50.43126     0.00000
Cartesian-X 100                   70.55002    70.55002     0.00000
Cartesian-Y 100                   33.26785    33.26785     0.00000
Cartesian-Z 100                   50.75146    50.75146     0.00000
> ===== Optimization Info: ====
> Job type: Energy minimization
> Maximum number of optimization cycles: 400
> Initial / maximum trust radius (Angstrom): 0.100 / 0.300
> Convergence Criteria:
> Will converge when all 5 criteria are reached:
>  |Delta-E| < 1.00e-05
>  RMS-Ortho-Grad < 3.00e-03
>  Max-Ortho-Grad < 6.00e-03
>  RMS-Disp  < 1.00e-02
>  Max-Disp  < 1.50e-02
> 
> Constraints are requested. The following criterion is added:
>  Max Constraint Violation (in Angstroms/degrees) < 1.00e-02 
> === End Optimization Info ===
Step    0 : Gradient = 6.651e-03/3.391e-02 (rms/max) Energy = -839.6052986591
Hessian Eigenvalues: 2.63687e-02 2.63687e-02 2.63687e-02 ... 5.78010e-01 5.78010e-01 5.78010e-01
Step    1 : Displace = [0m1.944e-02[0m/[0m1.268e-01[0m (rms/max) Trust = 1.000e-01 (=) Grad_T = [0m3.391e-03[0m/[0m1.530e-02[0m (rms/max) E (change) = -839.6131701610 ([0m-7.872e-03[0m) Quality = [0m1.215[0m
Hessian Eigenvalues: 2.29579e-02 2.63687e-02 2.63687e-02 ... 5.78010e-01 5.78010e-01 5.78941e-01
Step    2 : Displace = [0m2.397e-02[0m/[0m1.274e-01[0m (rms/max) Trust = 1.414e-01 ([92m+[0m) Grad_T = [0m3.364e-03[0m/[0m1.710e-02[0m (rms/max) E (change) = -839.6189191873 ([0m-5.749e-03[0m) Quality = [0m1.516[0m
Hessian Eigenvalues: 7.61976e-03 2.63687e-02 2.63687e-02 ... 5.78010e-01 5.78010e-01 6.16407e-01
Step    3 : Displace = [0m5.816e-02[0m/[0m2.849e-01[0m (rms/max) Trust = 2.000e-01 ([92m+[0m) Grad_T = [0m6.240e-03[0m/[0m2.681e-02[0m (rms/max) E (change) = -839.6276756377 ([0m-8.756e-03[0m) Quality = [0m1.338[0m
Hessian Eigenvalues: 4.01501e-03 2.63687e-02 2.63687e-02 ... 5.78010e-01 5.78010e-01 6.34140e-01
Step    4 : Displace = [0m6.562e-02[0m/[0m2.941e-01[0m (rms/max) Trust = 2.828e-01 ([92m+[0m) Grad_T = [0m7.183e-03[0m/[0m2.803e-02[0m (rms/max) E (change) = -839.6362835569 ([0m-8.608e-03[0m) Quality = [0m1.452[0m
Hessian Eigenvalues: 2.58553e-03 2.63687e-02 2.63687e-02 ... 5.78010e-01 5.81769e-01 5.87478e-01
Step    5 : Displace = [0m9.775e-02[0m/[0m4.270e-01[0m (rms/max) Trust = 3.000e-01 ([92m+[0m) Grad_T = [0m7.420e-03[0m/[0m3.003e-02[0m (rms/max) E (change) = -839.6499837239 ([0m-1.370e-02[0m) Quality = [0m1.420[0m
Hessian Eigenvalues: 2.17904e-03 2.63685e-02 2.63687e-02 ... 5.78010e-01 5.78017e-01 5.97028e-01
Step    6 : Displace = [0m1.064e-01[0m/[0m4.578e-01[0m (rms/max) Trust = 3.000e-01 (=) Grad_T = [0m7.701e-03[0m/[0m3.287e-02[0m (rms/max) E (change) = -839.6686290242 ([0m-1.865e-02[0m) Quality = [0m1.388[0m
Hessian Eigenvalues: 1.68657e-03 1.96317e-02 2.63687e-02 ... 5.78010e-01 5.78013e-01 6.07596e-01
Step    7 : Displace = [0m1.468e-01[0m/[0m6.052e-01[0m (rms/max) Trust = 3.000e-01 (=) Grad_T = [0m1.209e-02[0m/[0m5.914e-02[0m (rms/max) E (change) = -839.6920907619 ([0m-2.346e-02[0m) Quality = [0m1.187[0m
Hessian Eigenvalues: 2.15831e-03 1.18323e-02 2.63687e-02 ... 5.78010e-01 5.78012e-01 6.00787e-01
Step    8 : Displace = [0m8.523e-02[0m/[0m3.058e-01[0m (rms/max) Trust = 3.000e-01 (=) Grad_T = [0m2.047e-02[0m/[0m1.292e-01[0m (rms/max) E (change) = -839.6943076770 ([0m-2.217e-03[0m) Quality = [0m0.082[0m
Hessian Eigenvalues: 1.89492e-03 1.97663e-02 2.63687e-02 ... 5.78010e-01 5.79022e-01 6.01267e-01
ashpath: /home/18660916/envs/ash/lib/python3.11/site-packages/ash
Sys path: ['/home/18660916/envs/ash/lib/python3.11/site-packages/ash', '/home/18660916/system_development/phase2b_charge_design/05d_shell_ladder/relax/run_barr_8p4', '/home/18660916/envs/ash/lib/python311.zip', '/home/18660916/envs/ash/lib/python3.11', '/home/18660916/envs/ash/lib/python3.11/lib-dynload', '/home/18660916/envs/ash/lib/python3.11/site-packages']
--------------------------------------------------------------------------------
--------------------------------------------------------------------------------
                                           ASH                                            
                              A MULTISCALE MODELLING PROGRAM                              
                                        Version: 0.9dev                                        
                               Git commit version: Unknown                                
--------------------------------------------------------------------------------
--------------------------------------------------------------------------------
ASH path: /home/18660916/envs/ash/lib/python3.11/site-packages/ash
Python version: 3.11.15
Python interpreter: /home/18660916/envs/ash/bin/python3

ASH Settings after reading defaults and ~/ash_user_settings.ini : 
See https://ash.readthedocs.io/en/latest/basics.html#ash-settings on how to change settings.
	 debugflag :  False
	 load_julia :  False
	 julia_library :  pythoncall
	 use_ANSI_color :  False
	 print_logo :  False
	 print_input :  True
	 scale :  1.0
	 tol :  0.1
	 conndepth :  10
	 connectivity_code :  julia
	 nonbondedMM_code :  julia
	 print_exit_footer :  True
	 print_full_timings :  True

Note: ASH can use ANSI escape sequences for displaying color. Use e.g. less -R to display
To turn on/off escape sequences, set: 'use_ANSI_color = False' in
~/ash_user_settings.ini

Input script: /home/18660916/system_development/phase2b_charge_design/05d_shell_ladder/relax/run_barr_8p4/relax_barrier.py
================================================================================
   > import sys, openmm
   > from ash import Fragment, ORCATheory, OpenMMTheory, QMMMTheory, Optimizer
   > name=sys.argv[1]; RUN=(len(sys.argv)>2 and sys.argv[2]=="run")
   > ORCADIR="/home/apps2/ORCA/6.0.1"
   > coords="\n".join(open("%s_coords.xyz"%name).read().splitlines()[2:])
   > mmcharges=[float(x) for x in open("%s_charges.txt"%name).read().split(",")]
   > frag=Fragment(coordsstring=coords, charge=-2, mult=1)
   > els=[a.split()[0] for a in coords.strip().split("\n")]
   > print(">> %s: %d atoms (24 QM + %d MM), MM net %+.2f"%(name,frag.numatoms,frag.numatoms-24,sum(mmcharges)))
   > assert len(mmcharges)==frag.numatoms
   > LJ={"C":(3.40,0.086),"N":(3.25,0.170),"O":(2.96,0.210),"H":(1.06,0.016)}
   > orca=ORCATheory(orcadir=ORCADIR,orcasimpleinput="! B3LYP D3BJ def2-SVP def2/J RIJCOSX CPCM TightSCF",
   >     orcablocks="%cpcm epsilon 4.0 end\n%scf MaxIter 300 Guess PModel end",numcores=8,autostart=False)
   > mm=OpenMMTheory(fragment=frag,dummysystem=True,platform="CPU",numcores=1,autoconstraints=None,rigidwater=False)
   > lj=openmm.CustomBondForce("4*eps*((sig/r)^12 - (sig/r)^6)")
   > lj.addPerBondParameter("sig");lj.addPerBondParameter("eps");lj.setUsesPeriodicBoundaryConditions(False)
   > ang=openmm.unit.angstrom;kcal=openmm.unit.kilocalorie_per_mole;npair=0
   > for i in range(24):
   >     si,ei=LJ[els[i]]
   >     for j in range(24,frag.numatoms):
   >         sj,ej=LJ[els[j]]
   >         sig=((si+sj)/2*ang).value_in_unit(openmm.unit.nanometer);eps=(((ei*ej)**0.5)*kcal).value_in_unit(openmm.unit.kilojoule_per_mole)
   >         lj.addBond(i,j,[sig,eps]);npair+=1
   > lj.setForceGroup(11);mm.system.addForce(lj)
   > qmmm=QMMMTheory(qm_theory=orca,mm_theory=mm,fragment=frag,qmatoms=list(range(24)),charges=mmcharges,embedding="elstat",qm_charge=-2,qm_mult=1,numcores=8)
   > FROZEN=list(range(24,frag.numatoms))
   > CONV={"convergence_energy":1e-5,"convergence_grms":3.0e-3,"convergence_gmax":6.0e-3,"convergence_drms":1.0e-2,"convergence_dmax":1.5e-2}
   > if not RUN:
   >     print("\n=== DRY RUN OK %s: %d pairs, MM %+.0f, %d frozen ==="%(name,npair,sum(mmcharges),len(FROZEN))); sys.exit(0)
   > result=Optimizer(theory=qmmm,fragment=frag,coordsystem="hdlc",frozenatoms=FROZEN,maxiter=400,conv_criteria=CONV,charge=-2,mult=1)
   > frag.write_xyzfile("%s_relaxed.xyz"%name)
   > # extract final energy
   > E=frag.energy if hasattr(frag,"energy") else None
   > print(">> DONE %s  FINAL ENERGY = %s Eh -> %s_relaxed.xyz"%(name,E,name))
   > open("%s_energy.txt"%name,"w").write(str(E))
================================================================================ 


--------------------------------------------------------------------------------
                                New ASH fragment                                
--------------------------------------------------------------------------------

ASH Fragment creation
Getting coordinates from string: C     60.14190600    34.25017500    56.86750500
H     60.65410400    33.35229400    57.20242100
H     60.73860600    35.07435300    56.47491200
C     58.80287300    34.45194900    57.16141800
C     58.13069700    35.79868100    56.84307300
O     58.86276300    36.77666300    56.53446600
O     56.87734100    35.82963400    56.93983700
O     58.04533200    33.51170800    57.60013500
C     57.53567900    32.20862600    56.01945400
H     56.92805500    31.57263500    56.66681400
C     58.86068700    31.87524000    55.78984900
H     59.36035100    31.12725100    56.40326400
C     59.64119800    32.67145500    54.96010600
C     58.97535300    33.57937300    54.02371700
H     59.61208400    34.05213900    53.27111900
C     57.64453400    33.77154800    54.05277400
H     57.14874400    34.42947900    53.33266900
C     56.77153500    33.13738000    55.09626400
H     56.36648800    33.96180100    55.70835200
O     55.70405500    32.44082700    54.44502300
H     55.04194600    32.20048300    55.11214300
C     61.07068900    32.21901900    54.67969600
O     61.72429900    31.71851300    55.62834500
O     61.44865900    32.31879300    53.48933100
C     54.890400    41.218300    65.117500
N     55.040977    41.603520    63.853446
H     54.730460    42.266022    64.549700
H     55.237146    40.648482    64.117113
N     54.481501    42.090704    66.034349
H     54.677670    41.135666    66.298016
H     54.595849    42.383240    65.074428
N     55.148721    39.960676    65.464705
H     55.263070    40.253211    64.504784
H     54.838204    40.623178    66.160959
C     59.500900    39.335500    66.260000
N     59.651477    39.720720    64.995946
H     59.340960    40.383222    65.692200
H     59.847646    38.765682    65.259613
N     59.092001    40.207904    67.176849
H     59.288170    39.252866    67.440516
H     59.206349    40.500440    66.216928
N     59.759221    38.077876    66.607205
H     59.873570    38.370411    65.647284
H     59.448704    38.740378    67.303459
C     69.748400    37.570200    52.110000
O     70.932225    37.631976    51.713463
O     69.037116    36.542817    52.142559
H     69.290421    38.506050    52.462761
C     49.755600    39.757900    62.745800
N     49.906177    40.143120    61.481746
H     49.595660    40.805622    62.178000
H     50.102346    39.188082    61.745413
N     49.346701    40.630304    63.662649
H     49.542870    39.675266    63.926316
H     49.461049    40.922840    62.702728
N     50.013921    38.500276    63.093005
H     50.128270    38.792811    62.133084
H     49.703404    39.162778    63.789259
C     54.958000    29.394400    66.157200
N     55.108577    29.779620    64.893146
H     54.798060    30.442122    65.589400
H     55.304746    28.824582    65.156813
N     54.549101    30.266804    67.074049
H     54.745270    29.311766    67.337716
H     54.663449    30.559340    66.114128
N     55.216321    28.136776    66.504405
H     55.330670    28.429311    65.544484
H     54.905804    28.799278    67.200659
C     69.454200    25.804300    53.359100
O     70.638025    25.866076    52.962563
O     68.742916    24.776917    53.391659
H     68.996221    26.740150    53.711861
C     65.789100    29.533000    44.767700
O     66.972925    29.594776    44.371163
O     65.077816    28.505617    44.800259
H     65.331121    30.468850    45.120461
C     47.658900    31.158300    61.156300
N     47.809477    31.543520    59.892246
H     47.498960    32.206022    60.588500
H     48.005646    30.588482    60.155913
N     47.250001    32.030704    62.073149
H     47.446170    31.075666    62.336816
H     47.364349    32.323240    61.113228
N     47.917221    29.900676    61.503505
H     48.031570    30.193211    60.543584
H     47.606704    30.563178    62.199759
C     51.956300    33.687200    65.492400
N     52.106877    34.072420    64.228346
H     51.796360    34.734922    64.924600
H     52.303046    33.117382    64.492013
N     51.547401    34.559604    66.409249
H     51.743570    33.604566    66.672916
H     51.661749    34.852140    65.449328
N     52.214621    32.429576    65.839605
H     52.328970    32.722111    64.879684
H     51.904104    33.092078    66.535859
C     71.008000    32.332000    50.398700
O     72.191825    32.393776    50.002163
O     70.296716    31.304617    50.431259
H     70.550021    33.267850    50.751461
Creating/Updating fragment attributes...
Number of Atoms in fragment: 100
Formula: N18C20O14H48
Label: CHHCCOOOCHCHCCHCHCHOHCOOCNHHNHHNHHCNHHNHHNHHCOOHCNHHNHHNHHCNHHNHHNHHCOOHCOOHCNHHNHHNHHCNHHNHHNHHCOOH
Charge: -2 Mult: 1

--------------------------------------------------------------------------------
>> shell8p4ts: 100 atoms (24 QM + 76 MM), MM net +2.00


                     #####################################                      
                     #                                   #                      
                     #     ORCATheory initialization     #                      
                     #                                   #                      
                     #####################################                      
Checking for ORCA location
 Using orcadir path provided: /home/apps2/ORCA/6.0.1 
Checking if ORCA binary works... yes 
ORCA parallel job requested with numcores: 8 . Make sure that the correct OpenMPI version (for the ORCA version) is available in your environment
OpenMPI binary directory found: /apps/openmpi/4.1.1/bin
Testing that mpirun is executable... yes 
OpenMPI version (mpirun -V): mpirun (Open MPI) 4.1.1

Report bugs to http://www.open-mpi.org/community/help/

bind_to_core_option: True

Creating ORCA object
ORCA dir: /home/apps2/ORCA/6.0.1
! B3LYP D3BJ def2-SVP def2/J RIJCOSX CPCM TightSCF
%cpcm epsilon 4.0 end
%scf MaxIter 300 Guess PModel end

ORCATheory object created!


                           #########################                            
                           #                       #                            
                           #     OpenMM Theory     #                            
                           #                       #                            
                           #########################                            
OpenMM CPU threads set to: 1
Imported OpenMM library version: 8.5.2

--------------------------------------------------------------------------------
                             Defining OpenMM object                             
--------------------------------------------------------------------------------

Printlevel: 2
No automatic constraints
AutoConstraint setting: None
Rigidwater constraints: False
Hydrogenmass option: 1.5 Da
Using platform: CPU

--------------------------------------------------------------------------------
                            Setting up force fields.                            
--------------------------------------------------------------------------------

Note: OpenMM will fail in this step if parameters are missing in topology and
      parameter files (e.g. nonbonded entries).

Defining new basic single-chain, multi-residue topology
Inside write_xmlfile_nonbonded
Wrote XML-file: dummy.xml
residueTemplates: {}
System is non-periodic.
nonbonded noPBC Method is: NoCutoff
Nonbonded cutoff : 20 Angstrom

----------------------
OpenMM system created.
----------------------
OpenMM Forces defined: [<openmm.openmm.NonbondedForce; proxy of <Swig Object of type 'OpenMM::NonbondedForce *' at 0x14d254b4f0b0> >, <openmm.openmm.CMMotionRemover; proxy of <Swig Object of type 'OpenMM::CMMotionRemover *' at 0x14d254b4eb70> >]

Setting charges
Number of atoms in OpenMM system: 100

System constraints defined upon system creation: 0
Use printlevel =>3 to see list of all constraints

----------------------------------------------------------------------------
Time to calculate step (OpenMM object creation): 2.988 seconds, 0.0 minutes.
----------------------------------------------------------------------------


                            ########################                            
                            #                      #                            
                            #     QM/MM Theory     #                            
                            #                      #                            
                            ########################                            
QM-theory: ORCATheory
MM-theory: OpenMMTheory
All atoms in fragment: 100
QM region (24 atoms): [0, 1, 2, 3, 4, 5, 6, 7, 8, 9, 10, 11, 12, 13, 14, 15, 16, 17, 18, 19, 20, 21, 22, 23]
MM region (76 atoms)
QM/MM object selected to use 8 cores
Embedding: elstat
Reading in charges
Updating charges in OpenMM object.
Updating simulation object for modified Nonbonded force.

--------------------------------------------------------------------
Time to calculate step (update_charges): 0.001 seconds, 0.0 minutes.
--------------------------------------------------------------------
QM-region coordinates (before linkatoms):
   0    C  60.14190600   34.25017500   56.86750500
   1    H  60.65410400   33.35229400   57.20242100
   2    H  60.73860600   35.07435300   56.47491200
   3    C  58.80287300   34.45194900   57.16141800
   4    C  58.13069700   35.79868100   56.84307300
   5    O  58.86276300   36.77666300   56.53446600
   6    O  56.87734100   35.82963400   56.93983700
   7    O  58.04533200   33.51170800   57.60013500
   8    C  57.53567900   32.20862600   56.01945400
   9    H  56.92805500   31.57263500   56.66681400
  10    C  58.86068700   31.87524000   55.78984900
  11    H  59.36035100   31.12725100   56.40326400
  12    C  59.64119800   32.67145500   54.96010600
  13    C  58.97535300   33.57937300   54.02371700
  14    H  59.61208400   34.05213900   53.27111900
  15    C  57.64453400   33.77154800   54.05277400
  16    H  57.14874400   34.42947900   53.33266900
  17    C  56.77153500   33.13738000   55.09626400
  18    H  56.36648800   33.96180100   55.70835200
  19    O  55.70405500   32.44082700   54.44502300
  20    H  55.04194600   32.20048300   55.11214300
  21    C  61.07068900   32.21901900   54.67969600
  22    O  61.72429900   31.71851300   55.62834500
  23    O  61.44865900   32.31879300   53.48933100

Determining QM-MM/HL-LL boundary
Parameters determing connectivity:
Scaling factor: 1.0
Tolerance: 0.30000000000000004
QM atoms: [0, 1, 2, 3, 4, 5, 6, 7, 8, 9, 10, 11, 12, 13, 14, 15, 16, 17, 18, 19, 20, 21, 22, 23]
QM atoms to be excluded from boundary creation (excludeboundaryatomlist):  []
QM-MM boundary dictionary: {}

------------------------------------------------------------------------
Time to calculate step (get_boundary_atoms): 0.001 seconds, 0.0 minutes.
------------------------------------------------------------------------
No covalent QM-MM boundary. Linkatoms and dipole_correction options set to False
Removing constraints in OpenMM object for atoms: [0, 1, 2, 3, 4, 5, 6, 7, 8, 9, 10, 11, 12, 13, 14, 15, 16, 17, 18, 19, 20, 21, 22, 23]
Removing bonded terms for QM-region in MMtheory
Modifying bonded forces.


Number of bonded terms removed:
Harmonic Bond terms: 0
Harmonic Angle terms: 0
Periodic Torsion terms: 0
Custom Torsion terms: 0
CMAP Torsion terms: 0
CustomBond terms 0


--------------------------------------------------------------------------
Time to calculate step (modify_bonded_forces): 0.002 seconds, 0.0 minutes.
--------------------------------------------------------------------------
Removing nonbonded terms for QM-region in MMtheory (QM-QM interactions)
Add exceptions/exclusions. Removing i-j interactions for list: 24 atoms
Case Nonbondedforce. Adding Exception for ij pair.
Number of exceptions (Nonbondedforce) added: 276
Number of exclusions (CustomNonbondedforce) added: 0

--------------------------------------------------------------------
Time to calculate step (add exceptions): 0.001 seconds, 0.0 minutes.
--------------------------------------------------------------------
Charges of QM atoms set to 0 (since Electrostatic Embedding):
Setting QM charges to Zero

-------------------------------------------------------------------
Time to calculate step (ZeroQMCharges): 0.000 seconds, 0.0 minutes.
-------------------------------------------------------------------
Updating charges in OpenMM object.
Updating simulation object for modified Nonbonded force.

--------------------------------------------------------------------
Time to calculate step (update_charges): 0.000 seconds, 0.0 minutes.
--------------------------------------------------------------------
Deleting Coulombexceptions for atomlist: [0, 1, 2, 3, 4, 5, 6, 7, 8, 9, 10, 11, 12, 13, 14, 15, 16, 17, 18, 19, 20, 21, 22, 23]

-----------------------------------------------------------------------
Time to calculate step (delete_exceptions): 0.003 seconds, 0.0 minutes.
-----------------------------------------------------------------------


---------------------------------------------------------------------------
Time to calculate step (QM/MM object creation): 0.439 seconds, 0.0 minutes.
---------------------------------------------------------------------------


                 #############################################                  
                 #                                           #                  
                 #     geomeTRICOptimizer initialization     #                  
                 #                                           #                  
                 #############################################                  
Creating optimizer object
User-defined convergence criteria:
Theory is not periodic
Printlevel: 2
Coordinate system:  hdlc
Max iterations:  400
Frozen atoms: [24, 25, 26, 27, 28, 29, 30, 31, 32, 33, 34, 35, 36, 37, 38, 39, 40, 41, 42, 43, 44, 45, 46, 47, 48, 49, 50, 51, 52, 53, 54, 55, 56, 57, 58, 59, 60, 61, 62, 63, 64, 65, 66, 67, 68, 69, 70, 71, 72, 73, 74, 75, 76, 77, 78, 79, 80, 81, 82, 83, 84, 85, 86, 87, 88, 89, 90, 91, 92, 93, 94, 95, 96, 97, 98, 99]
Active Region: False
TS Optimization: False
Hessian Option: None
Convergence criteria: {'convergence_energy': 1e-05, 'convergence_grms': 0.003, 'convergence_gmax': 0.006, 'convergence_drms': 0.01, 'convergence_dmax': 0.015, 'convergence_cmax': 0.01}


--------------------------------------------------------------------------------
                            Running geomeTRIC object                            
--------------------------------------------------------------------------------

 
Doing geometry optimization on fragment. Formula: N18C20O14H48 Label: CHHCCOOOCHCHCCHCHCHOHCOOCNHHNHHNHHCNHHNHHNHHCOOHCNHHNHHNHHCNHHNHHNHHCOOHCOOHCNHHNHHNHHCNHHNHHNHHCOOH  
No constraints provided to run method.
Testing if constraints present in optimizer object
No constraints in optimizer object.
Now testing if constraints in fragment object 
No constraints in fragment object.

Constraints:  None
constrainvalue:  False
Inside define_constraints
Constraints: None
Inside write_constraintsfile
Writing frozen atom constraints
Wrote XYZ file:  initialxyzfiletric.xyz
No Hessian option provided.
self.constraintsfile: constraints.txt
Convergence criteria: {'convergence_energy': 1e-05, 'convergence_grms': 0.003, 'convergence_gmax': 0.006, 'convergence_drms': 0.01, 'convergence_dmax': 0.015, 'convergence_cmax': 0.01}
Hessian option: None
Coordinate system: hdlc
Starting optimization

--------------------------------------------------------------------------------------
Time to calculate step (Time spent before run_optimizer): 33.254 seconds, 0.6 minutes.
--------------------------------------------------------------------------------------
geometric called detect_dft option option for ASHengineclass.

Convergence criteria: {'convergence_energy': 1e-05, 'convergence_grms': 0.003, 'convergence_gmax': 0.006, 'convergence_drms': 0.01, 'convergence_dmax': 0.015, 'convergence_cmax': 0.01}

Replacing coordinates in fragment.
Creating/Updating fragment attributes...
Number of Atoms in fragment: 100
Formula: N18C20O14H48
Label: CHHCCOOOCHCHCCHCHCHOHCOOCNHHNHHNHHCNHHNHHNHHCOOHCNHHNHHNHHCNHHNHHNHHCOOHCOOHCNHHNHHNHHCNHHNHHNHHCOOH
Charge: -2 Mult: 1

--------------------------------------------------------------------------------
Wrote XYZ file:  Fragment-currentgeo.xyz
Current geometry (Å) in step 0 (print_atoms_list region)
---------------------------------------------------
        C  60.14190600   34.25017500   56.86750500
        H  60.65410400   33.35229400   57.20242100
        H  60.73860600   35.07435300   56.47491200
        C  58.80287300   34.45194900   57.16141800
        C  58.13069700   35.79868100   56.84307300
        O  58.86276300   36.77666300   56.53446600
        O  56.87734100   35.82963400   56.93983700
        O  58.04533200   33.51170800   57.60013500
        C  57.53567900   32.20862600   56.01945400
        H  56.92805500   31.57263500   56.66681400
        C  58.86068700   31.87524000   55.78984900
        H  59.36035100   31.12725100   56.40326400
        C  59.64119800   32.67145500   54.96010600
        C  58.97535300   33.57937300   54.02371700
        H  59.61208400   34.05213900   53.27111900
        C  57.64453400   33.77154800   54.05277400
        H  57.14874400   34.42947900   53.33266900
        C  56.77153500   33.13738000   55.09626400
        H  56.36648800   33.96180100   55.70835200
        O  55.70405500   32.44082700   54.44502300
        H  55.04194600   32.20048300   55.11214300
        C  61.07068900   32.21901900   54.67969600
        O  61.72429900   31.71851300   55.62834500
        O  61.44865900   32.31879300   53.48933100
        C  54.89040000   41.21830000   65.11750000
        N  55.04097700   41.60352000   63.85344600
        H  54.73046000   42.26602200   64.54970000
        H  55.23714600   40.64848200   64.11711300
        N  54.48150100   42.09070400   66.03434900
        H  54.67767000   41.13566600   66.29801600
        H  54.59584900   42.38324000   65.07442800
        N  55.14872100   39.96067600   65.46470500
        H  55.26307000   40.25321100   64.50478400
        H  54.83820400   40.62317800   66.16095900
        C  59.50090000   39.33550000   66.26000000
        N  59.65147700   39.72072000   64.99594600
        H  59.34096000   40.38322200   65.69220000
        H  59.84764600   38.76568200   65.25961300
        N  59.09200100   40.20790400   67.17684900
        H  59.28817000   39.25286600   67.44051600
        H  59.20634900   40.50044000   66.21692800
        N  59.75922100   38.07787600   66.60720500
        H  59.87357000   38.37041100   65.64728400
        H  59.44870400   38.74037800   67.30345900
        C  69.74840000   37.57020000   52.11000000
        O  70.93222500   37.63197600   51.71346300
        O  69.03711600   36.54281700   52.14255900
        H  69.29042100   38.50605000   52.46276100
        C  49.75560000   39.75790000   62.74580000
        N  49.90617700   40.14312000   61.48174600
        H  49.59566000   40.80562200   62.17800000
        H  50.10234600   39.18808200   61.74541300
        N  49.34670100   40.63030400   63.66264900
        H  49.54287000   39.67526600   63.92631600
        H  49.46104900   40.92284000   62.70272800
        N  50.01392100   38.50027600   63.09300500
        H  50.12827000   38.79281100   62.13308400
        H  49.70340400   39.16277800   63.78925900
        C  54.95800000   29.39440000   66.15720000
        N  55.10857700   29.77962000   64.89314600
        H  54.79806000   30.44212200   65.58940000
        H  55.30474600   28.82458200   65.15681300
        N  54.54910100   30.26680400   67.07404900
        H  54.74527000   29.31176600   67.33771600
        H  54.66344900   30.55934000   66.11412800
        N  55.21632100   28.13677600   66.50440500
        H  55.33067000   28.42931100   65.54448400
        H  54.90580400   28.79927800   67.20065900
        C  69.45420000   25.80430000   53.35910000
        O  70.63802500   25.86607600   52.96256300
        O  68.74291600   24.77691700   53.39165900
        H  68.99622100   26.74015000   53.71186100
        C  65.78910000   29.53300000   44.76770000
        O  66.97292500   29.59477600   44.37116300
        O  65.07781600   28.50561700   44.80025900
        H  65.33112100   30.46885000   45.12046100
        C  47.65890000   31.15830000   61.15630000
        N  47.80947700   31.54352000   59.89224600
        H  47.49896000   32.20602200   60.58850000
        H  48.00564600   30.58848200   60.15591300
        N  47.25000100   32.03070400   62.07314900
        H  47.44617000   31.07566600   62.33681600
        H  47.36434900   32.32324000   61.11322800
        N  47.91722100   29.90067600   61.50350500
        H  48.03157000   30.19321100   60.54358400
        H  47.60670400   30.56317800   62.19975900
        C  51.95630000   33.68720000   65.49240000
        N  52.10687700   34.07242000   64.22834600
        H  51.79636000   34.73492200   64.92460000
        H  52.30304600   33.11738200   64.49201300
        N  51.54740100   34.55960400   66.40924900
        H  51.74357000   33.60456600   66.67291600
        H  51.66174900   34.85214000   65.44932800
        N  52.21462100   32.42957600   65.83960500
        H  52.32897000   32.72211100   64.87968400
        H  51.90410400   33.09207800   66.53585900
        C  71.00800000   32.33200000   50.39870000
        O  72.19182500   32.39377600   50.00216300
        O  70.29671600   31.30461700   50.43125900
        H  70.55002100   33.26785000   50.75146100

Note: printed only print_atoms_list (this is not necessarily all atoms) 
  ------------RUNNING QM/MM MODULE------------- 
QM Module: ORCATheory
MM Module: OpenMMTheory
Charge provided from QMMMTheory object:  -2
Mult provided from QMMMTheory object:  1
QM-region Charge: -2 Mult: 1
Embedding: Electrostatic
First QMMMTheory run. Running runprep
Inside QMMMTheory runprep

-------------------------------------------------------------
Time to calculate step (runprep): 0.000 seconds, 0.0 minutes.
-------------------------------------------------------------
Number of pointcharges (to QM program): 76
Number of charge coordinates: 76
Running QM/MM object with 8 cores available

-------------------------------------------------------------------
Time to calculate step (before-QMstep): 0.000 seconds, 0.0 minutes.
-------------------------------------------------------------------
  ------------RUNNING ORCA INTERFACE------------- 
Object-label: ORCA
Run-label: None
Running ORCA with 8 cores available
Moreadfile option not active
No orca.gbw file is present in dir.
Checking if a file orca.gbw exists in parentdir:
Found no file. ORCA will guess new orbitals
Creating inputfile: orca.inp
ORCA input:
! B3LYP D3BJ def2-SVP def2/J RIJCOSX CPCM TightSCF

! Noautostart


%cpcm epsilon 4.0 end
%scf MaxIter 300 Guess PModel end
Charge: -2  Mult: 1
Pointcharge embedding is on!
 ORCA Calculation starting. 
Found warning messages in ORCA outputfile:
WARNING: The chosen methods will break translational/rotational symmetry
 WARNING: The chosen methods will break translational symmetry
 WARNING: The chosen methods will break translational symmetry
 Warning: op=0 Small HOMO/LUMO gap (   0.066) - skipping pre-diagonalization

 ORCA Calculation done. 
ORCA converged in 14 iterations
ORCA energy: -836.543133200982
  ------------ENDING ORCA-INTERFACE------------- 

----------------------------------------------------------------
Time to calculate step (ORCA run): 350.949 seconds, 5.8 minutes.
----------------------------------------------------------------

---------------------------------------------------------------
Time to calculate step (QM step): 350.949 seconds, 5.8 minutes.
---------------------------------------------------------------

----------------------------------------------------------------------
Time to calculate step (QMpcgrad prepare): 0.000 seconds, 0.0 minutes.
----------------------------------------------------------------------

--------------------------------------------------------------------------
Time to calculate step (linkatomgrad prepare): 0.000 seconds, 0.0 minutes.
--------------------------------------------------------------------------

----------------------------------------------------------------------------
Time to calculate step (QM/MM gradient prepare): 0.000 seconds, 0.0 minutes.
----------------------------------------------------------------------------
Using OpenMM theory as part of QM/MM.
Using MM on full system. Charges for QM region [0, 1, 2, 3, 4, 5, 6, 7, 8, 9, 10, 11, 12, 13, 14, 15, 16, 17, 18, 19, 20, 21, 22, 23] have been set to zero 

--------------------------------------------------------------------------------
                   Creating/updating OpenMM simulation object                   
--------------------------------------------------------------------------------

Integrator name: VerletIntegrator
Timestep: 0.001
Temperature: 300
Coupling frequency: 1
Properties: {'Threads': '1'}
Topology: <Topology; 1 chains, 1 residues, 100 atoms, 0 bonds>

----------------------------------------------------------------------------------
Time to calculate step (creating/updating simulation): 0.111 seconds, 0.0 minutes.
----------------------------------------------------------------------------------

--------------------------------------------------------------------------------
                     Running Single-point OpenMM Interface                      
--------------------------------------------------------------------------------

Number of OpenMM system constraints defined: 0

-----------------------------------------------------------------------------------
Time to calculate step (OpenMMTheory.run: const-check): 0.111 seconds, 0.0 minutes.
-----------------------------------------------------------------------------------
Updating coordinates.

------------------------------------------------------------------------
Time to calculate step (Creating pos array): 0.000 seconds, 0.0 minutes.
------------------------------------------------------------------------

---------------------------------------------------------------------------
Time to calculate step (Updating MM positions): 0.000 seconds, 0.0 minutes.
---------------------------------------------------------------------------
Calling OpenMM getState.

---------------------------------------------------------------------
Time to calculate step (OpenMM getState): 0.043 seconds, 0.0 minutes.
---------------------------------------------------------------------
OpenMM Energy: -3.0621654581619024 Eh
OpenMM Energy: -1921.537836145367 kcal/mol

-----------------------
Ending OpenMM interface
-----------------------

----------------------------------------------------------------
Time to calculate step (OpenMM run): 0.155 seconds, 0.0 minutes.
----------------------------------------------------------------

-------------------------------------------------------------
Time to calculate step (MM step): 0.160 seconds, 0.0 minutes.
-------------------------------------------------------------

Note: You are using electrostatic embedding. This means that the QM-energy is actually the polarized QM-energy
Note: MM energy also contains the QM-MM Lennard-Jones interaction

QM energy:              -836.543133200982 
MM energy:                -3.062165458162
QM/MM energy:           -839.605298659144 

  ------------ENDING QM/MM MODULE------------- 

-----------------------------------------------------------------
Time to calculate step (QM/MM run): 351.110 seconds, 5.9 minutes.
-----------------------------------------------------------------

Convergence criteria: {'convergence_energy': 1e-05, 'convergence_grms': 0.003, 'convergence_gmax': 0.006, 'convergence_drms': 0.01, 'convergence_dmax': 0.015, 'convergence_cmax': 0.01}

Replacing coordinates in fragment.
Creating/Updating fragment attributes...
Number of Atoms in fragment: 100
Formula: N18C20O14H48
Label: CHHCCOOOCHCHCCHCHCHOHCOOCNHHNHHNHHCNHHNHHNHHCOOHCNHHNHHNHHCNHHNHHNHHCOOHCOOHCNHHNHHNHHCNHHNHHNHHCOOH
Charge: -2 Mult: 1

--------------------------------------------------------------------------------
Wrote XYZ file:  Fragment-currentgeo.xyz
Current geometry (Å) in step 0 (print_atoms_list region)
---------------------------------------------------
        C  60.11717708   34.25090233   56.88229117
        H  60.65275906   33.35195765   57.18933649
        H  60.72107288   35.05816183   56.45965834
        C  58.77804961   34.45872840   57.19068587
        C  58.09929280   35.80951601   56.84231682
        O  58.84921198   36.77782304   56.56990855
        O  56.84108637   35.87213648   57.00579170
        O  58.02450316   33.54912134   57.72234182
        C  57.54038177   32.19421638   56.00233869
        H  56.92225662   31.57311501   56.66230927
        C  58.85634394   31.85714478   55.77530731
        H  59.36557416   31.11161257   56.38846577
        C  59.64526811   32.66233655   54.94988718
        C  58.97938687   33.57798290   54.02085490
        H  59.61628902   34.05521310   53.27390249
        C  57.64809305   33.77053386   54.05380538
        H  57.15020890   34.42824737   53.33447780
        C  56.77394073   33.13410257   55.09399640
        H  56.36816986   33.95414804   55.71916838
        O  55.69496633   32.44333206   54.43859656
        H  55.05125733   32.19929134   55.11678693
        C  61.08639838   32.22187867   54.68345760
        O  61.67445224   31.73248443   55.67752951
        O  61.42222077   32.33700192   53.48977035
        C  54.89040000   41.21830000   65.11750000
        N  55.04097700   41.60352000   63.85344600
        H  54.73046000   42.26602200   64.54970000
        H  55.23714600   40.64848200   64.11711300
        N  54.48150100   42.09070400   66.03434900
        H  54.67767000   41.13566600   66.29801600
        H  54.59584900   42.38324000   65.07442800
        N  55.14872100   39.96067600   65.46470500
        H  55.26307000   40.25321100   64.50478400
        H  54.83820400   40.62317800   66.16095900
        C  59.50090000   39.33550000   66.26000000
        N  59.65147700   39.72072000   64.99594600
        H  59.34096000   40.38322200   65.69220000
        H  59.84764600   38.76568200   65.25961300
        N  59.09200100   40.20790400   67.17684900
        H  59.28817000   39.25286600   67.44051600
        H  59.20634900   40.50044000   66.21692800
        N  59.75922100   38.07787600   66.60720500
        H  59.87357000   38.37041100   65.64728400
        H  59.44870400   38.74037800   67.30345900
        C  69.74840000   37.57020000   52.11000000
        O  70.93222500   37.63197600   51.71346300
        O  69.03711600   36.54281700   52.14255900
        H  69.29042100   38.50605000   52.46276100
        C  49.75560000   39.75790000   62.74580000
        N  49.90617700   40.14312000   61.48174600
        H  49.59566000   40.80562200   62.17800000
        H  50.10234600   39.18808200   61.74541300
        N  49.34670100   40.63030400   63.66264900
        H  49.54287000   39.67526600   63.92631600
        H  49.46104900   40.92284000   62.70272800
        N  50.01392100   38.50027600   63.09300500
        H  50.12827000   38.79281100   62.13308400
        H  49.70340400   39.16277800   63.78925900
        C  54.95800000   29.39440000   66.15720000
        N  55.10857700   29.77962000   64.89314600
        H  54.79806000   30.44212200   65.58940000
        H  55.30474600   28.82458200   65.15681300
        N  54.54910100   30.26680400   67.07404900
        H  54.74527000   29.31176600   67.33771600
        H  54.66344900   30.55934000   66.11412800
        N  55.21632100   28.13677600   66.50440500
        H  55.33067000   28.42931100   65.54448400
        H  54.90580400   28.79927800   67.20065900
        C  69.45420000   25.80430000   53.35910000
        O  70.63802500   25.86607600   52.96256300
        O  68.74291600   24.77691700   53.39165900
        H  68.99622100   26.74015000   53.71186100
        C  65.78910000   29.53300000   44.76770000
        O  66.97292500   29.59477600   44.37116300
        O  65.07781600   28.50561700   44.80025900
        H  65.33112100   30.46885000   45.12046100
        C  47.65890000   31.15830000   61.15630000
        N  47.80947700   31.54352000   59.89224600
        H  47.49896000   32.20602200   60.58850000
        H  48.00564600   30.58848200   60.15591300
        N  47.25000100   32.03070400   62.07314900
        H  47.44617000   31.07566600   62.33681600
        H  47.36434900   32.32324000   61.11322800
        N  47.91722100   29.90067600   61.50350500
        H  48.03157000   30.19321100   60.54358400
        H  47.60670400   30.56317800   62.19975900
        C  51.95630000   33.68720000   65.49240000
        N  52.10687700   34.07242000   64.22834600
        H  51.79636000   34.73492200   64.92460000
        H  52.30304600   33.11738200   64.49201300
        N  51.54740100   34.55960400   66.40924900
        H  51.74357000   33.60456600   66.67291600
        H  51.66174900   34.85214000   65.44932800
        N  52.21462100   32.42957600   65.83960500
        H  52.32897000   32.72211100   64.87968400
        H  51.90410400   33.09207800   66.53585900
        C  71.00800000   32.33200000   50.39870000
        O  72.19182500   32.39377600   50.00216300
        O  70.29671600   31.30461700   50.43125900
        H  70.55002100   33.26785000   50.75146100

Note: printed only print_atoms_list (this is not necessarily all atoms) 
  ------------RUNNING QM/MM MODULE------------- 
QM Module: ORCATheory
MM Module: OpenMMTheory
Charge provided from QMMMTheory object:  -2
Mult provided from QMMMTheory object:  1
QM-region Charge: -2 Mult: 1
Embedding: Electrostatic
Number of pointcharges (to QM program): 76
Number of charge coordinates: 76
Running QM/MM object with 8 cores available

-------------------------------------------------------------------
Time to calculate step (before-QMstep): 0.000 seconds, 0.0 minutes.
-------------------------------------------------------------------
  ------------RUNNING ORCA INTERFACE------------- 
Object-label: ORCA
Run-label: None
Running ORCA with 8 cores available
Moreadfile option not active
A GBW-file with same basename : orca.gbw is present
Autostart is False. ORCA will ignore any file present
Creating inputfile: orca.inp
ORCA input:
! B3LYP D3BJ def2-SVP def2/J RIJCOSX CPCM TightSCF

! Noautostart

%cpcm epsilon 4.0 end
%scf MaxIter 300 Guess PModel end
Charge: -2  Mult: 1
Pointcharge embedding is on!
 ORCA Calculation starting. 
Found warning messages in ORCA outputfile:
WARNING: The chosen methods will break translational/rotational symmetry
 WARNING: The chosen methods will break translational symmetry
 WARNING: The chosen methods will break translational symmetry
 Warning: op=0 Small HOMO/LUMO gap (   0.074) - skipping pre-diagonalization

 ORCA Calculation done. 
ORCA converged in 16 iterations
ORCA energy: -836.55100241849
  ------------ENDING ORCA-INTERFACE------------- 

----------------------------------------------------------------
Time to calculate step (ORCA run): 360.777 seconds, 6.0 minutes.
----------------------------------------------------------------

---------------------------------------------------------------
Time to calculate step (QM step): 360.777 seconds, 6.0 minutes.
---------------------------------------------------------------

----------------------------------------------------------------------
Time to calculate step (QMpcgrad prepare): 0.000 seconds, 0.0 minutes.
----------------------------------------------------------------------

--------------------------------------------------------------------------
Time to calculate step (linkatomgrad prepare): 0.000 seconds, 0.0 minutes.
--------------------------------------------------------------------------

----------------------------------------------------------------------------
Time to calculate step (QM/MM gradient prepare): 0.000 seconds, 0.0 minutes.
----------------------------------------------------------------------------
Using OpenMM theory as part of QM/MM.
Using MM on full system. Charges for QM region [0, 1, 2, 3, 4, 5, 6, 7, 8, 9, 10, 11, 12, 13, 14, 15, 16, 17, 18, 19, 20, 21, 22, 23] have been set to zero 

--------------------------------------------------------------------------------
                   Creating/updating OpenMM simulation object                   
--------------------------------------------------------------------------------

Integrator name: VerletIntegrator
Timestep: 0.001
Temperature: 300
Coupling frequency: 1
Properties: {'Threads': '1'}
Topology: <Topology; 1 chains, 1 residues, 100 atoms, 0 bonds>

----------------------------------------------------------------------------------
Time to calculate step (creating/updating simulation): 0.001 seconds, 0.0 minutes.
----------------------------------------------------------------------------------

--------------------------------------------------------------------------------
                     Running Single-point OpenMM Interface                      
--------------------------------------------------------------------------------

Number of OpenMM system constraints defined: 0

-----------------------------------------------------------------------------------
Time to calculate step (OpenMMTheory.run: const-check): 0.002 seconds, 0.0 minutes.
-----------------------------------------------------------------------------------
Updating coordinates.

------------------------------------------------------------------------
Time to calculate step (Creating pos array): 0.000 seconds, 0.0 minutes.
------------------------------------------------------------------------

---------------------------------------------------------------------------
Time to calculate step (Updating MM positions): 0.000 seconds, 0.0 minutes.
---------------------------------------------------------------------------
Calling OpenMM getState.

---------------------------------------------------------------------
Time to calculate step (OpenMM getState): 0.000 seconds, 0.0 minutes.
---------------------------------------------------------------------
OpenMM Energy: -3.0621677425159475 Eh
OpenMM Energy: -1921.5392695991725 kcal/mol

-----------------------
Ending OpenMM interface
-----------------------

----------------------------------------------------------------
Time to calculate step (OpenMM run): 0.002 seconds, 0.0 minutes.
----------------------------------------------------------------

-------------------------------------------------------------
Time to calculate step (MM step): 0.002 seconds, 0.0 minutes.
-------------------------------------------------------------

Note: You are using electrostatic embedding. This means that the QM-energy is actually the polarized QM-energy
Note: MM energy also contains the QM-MM Lennard-Jones interaction

QM energy:              -836.551002418490 
MM energy:                -3.062167742516
QM/MM energy:           -839.613170161006 

  ------------ENDING QM/MM MODULE------------- 

-----------------------------------------------------------------
Time to calculate step (QM/MM run): 360.780 seconds, 6.0 minutes.
-----------------------------------------------------------------
geometric called save_guess_files option option for ASHengineclass.
This option is currently unsupported in ASH. Continuing.

Convergence criteria: {'convergence_energy': 1e-05, 'convergence_grms': 0.003, 'convergence_gmax': 0.006, 'convergence_drms': 0.01, 'convergence_dmax': 0.015, 'convergence_cmax': 0.01}

Replacing coordinates in fragment.
Creating/Updating fragment attributes...
Number of Atoms in fragment: 100
Formula: N18C20O14H48
Label: CHHCCOOOCHCHCCHCHCHOHCOOCNHHNHHNHHCNHHNHHNHHCOOHCNHHNHHNHHCNHHNHHNHHCOOHCOOHCNHHNHHNHHCNHHNHHNHHCOOH
Charge: -2 Mult: 1

--------------------------------------------------------------------------------
Wrote XYZ file:  Fragment-currentgeo.xyz
Current geometry (Å) in step 0 (print_atoms_list region)
---------------------------------------------------
        C  60.07894013   34.25227598   56.89880720
        H  60.62968314   33.34697656   57.17031705
        H  60.67774737   35.04155992   56.43287337
        C  58.74984717   34.47333612   57.25542402
        C  58.06943220   35.84311685   56.92660028
        O  58.80902453   36.79379601   56.60418034
        O  56.79986719   35.91500828   57.08252636
        O  58.00831825   33.58821364   57.84754436
        C  57.52491599   32.15810479   55.97844813
        H  56.89827937   31.56000912   56.65302506
        C  58.83428985   31.84400146   55.77538185
        H  59.36494053   31.09593670   56.37126199
        C  59.62982016   32.66669526   54.94976412
        C  58.97812993   33.58332438   54.01933928
        H  59.61761720   34.06263110   53.27713664
        C  57.64707491   33.77290644   54.05615614
        H  57.14944655   34.43023312   53.33661868
        C  56.77410020   33.12845855   55.09333703
        H  56.36906335   33.93975655   55.73663833
        O  55.67977243   32.45532354   54.43042183
        H  55.06136894   32.19464893   55.12300432
        C  61.08635130   32.22468412   54.71858994
        O  61.66911286   31.74996504   55.71602180
        O  61.39375369   32.35253099   53.52665276
        C  54.89040000   41.21830000   65.11750000
        N  55.04097700   41.60352000   63.85344600
        H  54.73046000   42.26602200   64.54970000
        H  55.23714600   40.64848200   64.11711300
        N  54.48150100   42.09070400   66.03434900
        H  54.67767000   41.13566600   66.29801600
        H  54.59584900   42.38324000   65.07442800
        N  55.14872100   39.96067600   65.46470500
        H  55.26307000   40.25321100   64.50478400
        H  54.83820400   40.62317800   66.16095900
        C  59.50090000   39.33550000   66.26000000
        N  59.65147700   39.72072000   64.99594600
        H  59.34096000   40.38322200   65.69220000
        H  59.84764600   38.76568200   65.25961300
        N  59.09200100   40.20790400   67.17684900
        H  59.28817000   39.25286600   67.44051600
        H  59.20634900   40.50044000   66.21692800
        N  59.75922100   38.07787600   66.60720500
        H  59.87357000   38.37041100   65.64728400
        H  59.44870400   38.74037800   67.30345900
        C  69.74840000   37.57020000   52.11000000
        O  70.93222500   37.63197600   51.71346300
        O  69.03711600   36.54281700   52.14255900
        H  69.29042100   38.50605000   52.46276100
        C  49.75560000   39.75790000   62.74580000
        N  49.90617700   40.14312000   61.48174600
        H  49.59566000   40.80562200   62.17800000
        H  50.10234600   39.18808200   61.74541300
        N  49.34670100   40.63030400   63.66264900
        H  49.54287000   39.67526600   63.92631600
        H  49.46104900   40.92284000   62.70272800
        N  50.01392100   38.50027600   63.09300500
        H  50.12827000   38.79281100   62.13308400
        H  49.70340400   39.16277800   63.78925900
        C  54.95800000   29.39440000   66.15720000
        N  55.10857700   29.77962000   64.89314600
        H  54.79806000   30.44212200   65.58940000
        H  55.30474600   28.82458200   65.15681300
        N  54.54910100   30.26680400   67.07404900
        H  54.74527000   29.31176600   67.33771600
        H  54.66344900   30.55934000   66.11412800
        N  55.21632100   28.13677600   66.50440500
        H  55.33067000   28.42931100   65.54448400
        H  54.90580400   28.79927800   67.20065900
        C  69.45420000   25.80430000   53.35910000
        O  70.63802500   25.86607600   52.96256300
        O  68.74291600   24.77691700   53.39165900
        H  68.99622100   26.74015000   53.71186100
        C  65.78910000   29.53300000   44.76770000
        O  66.97292500   29.59477600   44.37116300
        O  65.07781600   28.50561700   44.80025900
        H  65.33112100   30.46885000   45.12046100
        C  47.65890000   31.15830000   61.15630000
        N  47.80947700   31.54352000   59.89224600
        H  47.49896000   32.20602200   60.58850000
        H  48.00564600   30.58848200   60.15591300
        N  47.25000100   32.03070400   62.07314900
        H  47.44617000   31.07566600   62.33681600
        H  47.36434900   32.32324000   61.11322800
        N  47.91722100   29.90067600   61.50350500
        H  48.03157000   30.19321100   60.54358400
        H  47.60670400   30.56317800   62.19975900
        C  51.95630000   33.68720000   65.49240000
        N  52.10687700   34.07242000   64.22834600
        H  51.79636000   34.73492200   64.92460000
        H  52.30304600   33.11738200   64.49201300
        N  51.54740100   34.55960400   66.40924900
        H  51.74357000   33.60456600   66.67291600
        H  51.66174900   34.85214000   65.44932800
        N  52.21462100   32.42957600   65.83960500
        H  52.32897000   32.72211100   64.87968400
        H  51.90410400   33.09207800   66.53585900
        C  71.00800000   32.33200000   50.39870000
        O  72.19182500   32.39377600   50.00216300
        O  70.29671600   31.30461700   50.43125900
        H  70.55002100   33.26785000   50.75146100

Note: printed only print_atoms_list (this is not necessarily all atoms) 
  ------------RUNNING QM/MM MODULE------------- 
QM Module: ORCATheory
MM Module: OpenMMTheory
Charge provided from QMMMTheory object:  -2
Mult provided from QMMMTheory object:  1
QM-region Charge: -2 Mult: 1
Embedding: Electrostatic
Number of pointcharges (to QM program): 76
Number of charge coordinates: 76
Running QM/MM object with 8 cores available

-------------------------------------------------------------------
Time to calculate step (before-QMstep): 0.000 seconds, 0.0 minutes.
-------------------------------------------------------------------
  ------------RUNNING ORCA INTERFACE------------- 
Object-label: ORCA
Run-label: None
Running ORCA with 8 cores available
Moreadfile option not active
A GBW-file with same basename : orca.gbw is present
Autostart is False. ORCA will ignore any file present
Creating inputfile: orca.inp
ORCA input:
! B3LYP D3BJ def2-SVP def2/J RIJCOSX CPCM TightSCF

! Noautostart

%cpcm epsilon 4.0 end
%scf MaxIter 300 Guess PModel end
Charge: -2  Mult: 1
Pointcharge embedding is on!
 ORCA Calculation starting. 
Found warning messages in ORCA outputfile:
WARNING: The chosen methods will break translational/rotational symmetry
 WARNING: The chosen methods will break translational symmetry
 WARNING: The chosen methods will break translational symmetry
 Warning: op=0 Small HOMO/LUMO gap (   0.064) - skipping pre-diagonalization

 ORCA Calculation done. 
ORCA converged in 17 iterations
ORCA energy: -836.556747867752
  ------------ENDING ORCA-INTERFACE------------- 

----------------------------------------------------------------
Time to calculate step (ORCA run): 388.120 seconds, 6.5 minutes.
----------------------------------------------------------------

---------------------------------------------------------------
Time to calculate step (QM step): 388.120 seconds, 6.5 minutes.
---------------------------------------------------------------

----------------------------------------------------------------------
Time to calculate step (QMpcgrad prepare): 0.000 seconds, 0.0 minutes.
----------------------------------------------------------------------

--------------------------------------------------------------------------
Time to calculate step (linkatomgrad prepare): 0.000 seconds, 0.0 minutes.
--------------------------------------------------------------------------

----------------------------------------------------------------------------
Time to calculate step (QM/MM gradient prepare): 0.000 seconds, 0.0 minutes.
----------------------------------------------------------------------------
Using OpenMM theory as part of QM/MM.
Using MM on full system. Charges for QM region [0, 1, 2, 3, 4, 5, 6, 7, 8, 9, 10, 11, 12, 13, 14, 15, 16, 17, 18, 19, 20, 21, 22, 23] have been set to zero 

--------------------------------------------------------------------------------
                   Creating/updating OpenMM simulation object                   
--------------------------------------------------------------------------------

Integrator name: VerletIntegrator
Timestep: 0.001
Temperature: 300
Coupling frequency: 1
Properties: {'Threads': '1'}
Topology: <Topology; 1 chains, 1 residues, 100 atoms, 0 bonds>

----------------------------------------------------------------------------------
Time to calculate step (creating/updating simulation): 0.002 seconds, 0.0 minutes.
----------------------------------------------------------------------------------

--------------------------------------------------------------------------------
                     Running Single-point OpenMM Interface                      
--------------------------------------------------------------------------------

Number of OpenMM system constraints defined: 0

-----------------------------------------------------------------------------------
Time to calculate step (OpenMMTheory.run: const-check): 0.002 seconds, 0.0 minutes.
-----------------------------------------------------------------------------------
Updating coordinates.

------------------------------------------------------------------------
Time to calculate step (Creating pos array): 0.000 seconds, 0.0 minutes.
------------------------------------------------------------------------

---------------------------------------------------------------------------
Time to calculate step (Updating MM positions): 0.000 seconds, 0.0 minutes.
---------------------------------------------------------------------------
Calling OpenMM getState.

---------------------------------------------------------------------
Time to calculate step (OpenMM getState): 0.000 seconds, 0.0 minutes.
---------------------------------------------------------------------
OpenMM Energy: -3.06217131952677 Eh
OpenMM Energy: -1921.5415142073525 kcal/mol

-----------------------
Ending OpenMM interface
-----------------------

----------------------------------------------------------------
Time to calculate step (OpenMM run): 0.002 seconds, 0.0 minutes.
----------------------------------------------------------------

-------------------------------------------------------------
Time to calculate step (MM step): 0.003 seconds, 0.0 minutes.
-------------------------------------------------------------

Note: You are using electrostatic embedding. This means that the QM-energy is actually the polarized QM-energy
Note: MM energy also contains the QM-MM Lennard-Jones interaction

QM energy:              -836.556747867752 
MM energy:                -3.062171319527
QM/MM energy:           -839.618919187279 

  ------------ENDING QM/MM MODULE------------- 

-----------------------------------------------------------------
Time to calculate step (QM/MM run): 388.123 seconds, 6.5 minutes.
-----------------------------------------------------------------
geometric called save_guess_files option option for ASHengineclass.
This option is currently unsupported in ASH. Continuing.

Convergence criteria: {'convergence_energy': 1e-05, 'convergence_grms': 0.003, 'convergence_gmax': 0.006, 'convergence_drms': 0.01, 'convergence_dmax': 0.015, 'convergence_cmax': 0.01}

Replacing coordinates in fragment.
Creating/Updating fragment attributes...
Number of Atoms in fragment: 100
Formula: N18C20O14H48
Label: CHHCCOOOCHCHCCHCHCHOHCOOCNHHNHHNHHCNHHNHHNHHCOOHCNHHNHHNHHCNHHNHHNHHCOOHCOOHCNHHNHHNHHCNHHNHHNHHCOOH
Charge: -2 Mult: 1

--------------------------------------------------------------------------------
Wrote XYZ file:  Fragment-currentgeo.xyz
Current geometry (Å) in step 1 (print_atoms_list region)
---------------------------------------------------
        C  59.97920089   34.25766892   56.93345404
        H  60.54918230   33.34326536   57.14571142
        H  60.54381197   35.01052340   56.36535015
        C  58.68403024   34.51237350   57.42984533
        C  57.98933529   35.90035047   57.08936014
        O  58.71370047   36.83347128   56.71889527
        O  56.71507106   35.99483287   57.31297859
        O  57.98543538   33.67885903   58.12974217
        C  57.46948370   32.06606775   55.91631473
        H  56.83402793   31.51288379   56.62180885
        C  58.77871471   31.82895202   55.78742470
        H  59.34312824   31.07083140   56.34449262
        C  59.59929269   32.70464723   54.98251775
        C  58.96964605   33.60086334   54.03431102
        H  59.61735159   34.07907286   53.29743122
        C  57.63624924   33.77832184   54.06622392
        H  57.13957535   34.43547148   53.34610871
        C  56.76579213   33.11407129   55.09281263
        H  56.37582102   33.90522398   55.77652582
        O  55.63302026   32.49972614   54.41420826
        H  55.07398935   32.17540793   55.13125415
        C  61.08162317   32.26194560   54.81026612
        O  61.65326524   31.79854344   55.80534083
        O  61.35383105   32.35996286   53.61217284
        C  54.89040000   41.21830000   65.11750000
        N  55.04097700   41.60352000   63.85344600
        H  54.73046000   42.26602200   64.54970000
        H  55.23714600   40.64848200   64.11711300
        N  54.48150100   42.09070400   66.03434900
        H  54.67767000   41.13566600   66.29801600
        H  54.59584900   42.38324000   65.07442800
        N  55.14872100   39.96067600   65.46470500
        H  55.26307000   40.25321100   64.50478400
        H  54.83820400   40.62317800   66.16095900
        C  59.50090000   39.33550000   66.26000000
        N  59.65147700   39.72072000   64.99594600
        H  59.34096000   40.38322200   65.69220000
        H  59.84764600   38.76568200   65.25961300
        N  59.09200100   40.20790400   67.17684900
        H  59.28817000   39.25286600   67.44051600
        H  59.20634900   40.50044000   66.21692800
        N  59.75922100   38.07787600   66.60720500
        H  59.87357000   38.37041100   65.64728400
        H  59.44870400   38.74037800   67.30345900
        C  69.74840000   37.57020000   52.11000000
        O  70.93222500   37.63197600   51.71346300
        O  69.03711600   36.54281700   52.14255900
        H  69.29042100   38.50605000   52.46276100
        C  49.75560000   39.75790000   62.74580000
        N  49.90617700   40.14312000   61.48174600
        H  49.59566000   40.80562200   62.17800000
        H  50.10234600   39.18808200   61.74541300
        N  49.34670100   40.63030400   63.66264900
        H  49.54287000   39.67526600   63.92631600
        H  49.46104900   40.92284000   62.70272800
        N  50.01392100   38.50027600   63.09300500
        H  50.12827000   38.79281100   62.13308400
        H  49.70340400   39.16277800   63.78925900
        C  54.95800000   29.39440000   66.15720000
        N  55.10857700   29.77962000   64.89314600
        H  54.79806000   30.44212200   65.58940000
        H  55.30474600   28.82458200   65.15681300
        N  54.54910100   30.26680400   67.07404900
        H  54.74527000   29.31176600   67.33771600
        H  54.66344900   30.55934000   66.11412800
        N  55.21632100   28.13677600   66.50440500
        H  55.33067000   28.42931100   65.54448400
        H  54.90580400   28.79927800   67.20065900
        C  69.45420000   25.80430000   53.35910000
        O  70.63802500   25.86607600   52.96256300
        O  68.74291600   24.77691700   53.39165900
        H  68.99622100   26.74015000   53.71186100
        C  65.78910000   29.53300000   44.76770000
        O  66.97292500   29.59477600   44.37116300
        O  65.07781600   28.50561700   44.80025900
        H  65.33112100   30.46885000   45.12046100
        C  47.65890000   31.15830000   61.15630000
        N  47.80947700   31.54352000   59.89224600
        H  47.49896000   32.20602200   60.58850000
        H  48.00564600   30.58848200   60.15591300
        N  47.25000100   32.03070400   62.07314900
        H  47.44617000   31.07566600   62.33681600
        H  47.36434900   32.32324000   61.11322800
        N  47.91722100   29.90067600   61.50350500
        H  48.03157000   30.19321100   60.54358400
        H  47.60670400   30.56317800   62.19975900
        C  51.95630000   33.68720000   65.49240000
        N  52.10687700   34.07242000   64.22834600
        H  51.79636000   34.73492200   64.92460000
        H  52.30304600   33.11738200   64.49201300
        N  51.54740100   34.55960400   66.40924900
        H  51.74357000   33.60456600   66.67291600
        H  51.66174900   34.85214000   65.44932800
        N  52.21462100   32.42957600   65.83960500
        H  52.32897000   32.72211100   64.87968400
        H  51.90410400   33.09207800   66.53585900
        C  71.00800000   32.33200000   50.39870000
        O  72.19182500   32.39377600   50.00216300
        O  70.29671600   31.30461700   50.43125900
        H  70.55002100   33.26785000   50.75146100

Note: printed only print_atoms_list (this is not necessarily all atoms) 
  ------------RUNNING QM/MM MODULE------------- 
QM Module: ORCATheory
MM Module: OpenMMTheory
Charge provided from QMMMTheory object:  -2
Mult provided from QMMMTheory object:  1
QM-region Charge: -2 Mult: 1
Embedding: Electrostatic
Number of pointcharges (to QM program): 76
Number of charge coordinates: 76
Running QM/MM object with 8 cores available

-------------------------------------------------------------------
Time to calculate step (before-QMstep): 0.000 seconds, 0.0 minutes.
-------------------------------------------------------------------
  ------------RUNNING ORCA INTERFACE------------- 
Object-label: ORCA
Run-label: None
Running ORCA with 8 cores available
Moreadfile option not active
A GBW-file with same basename : orca.gbw is present
Autostart is False. ORCA will ignore any file present
Creating inputfile: orca.inp
ORCA input:
! B3LYP D3BJ def2-SVP def2/J RIJCOSX CPCM TightSCF

! Noautostart

%cpcm epsilon 4.0 end
%scf MaxIter 300 Guess PModel end
Charge: -2  Mult: 1
Pointcharge embedding is on!
 ORCA Calculation starting. 
Found warning messages in ORCA outputfile:
WARNING: The chosen methods will break translational/rotational symmetry
 WARNING: The chosen methods will break translational symmetry
 WARNING: The chosen methods will break translational symmetry
 Warning: op=0 Small HOMO/LUMO gap (   0.043) - skipping pre-diagonalization

 ORCA Calculation done. 
ORCA converged in 17 iterations
ORCA energy: -836.565494347262
  ------------ENDING ORCA-INTERFACE------------- 

----------------------------------------------------------------
Time to calculate step (ORCA run): 265.817 seconds, 4.4 minutes.
----------------------------------------------------------------

---------------------------------------------------------------
Time to calculate step (QM step): 265.817 seconds, 4.4 minutes.
---------------------------------------------------------------

----------------------------------------------------------------------
Time to calculate step (QMpcgrad prepare): 0.000 seconds, 0.0 minutes.
----------------------------------------------------------------------

--------------------------------------------------------------------------
Time to calculate step (linkatomgrad prepare): 0.000 seconds, 0.0 minutes.
--------------------------------------------------------------------------

----------------------------------------------------------------------------
Time to calculate step (QM/MM gradient prepare): 0.000 seconds, 0.0 minutes.
----------------------------------------------------------------------------
Using OpenMM theory as part of QM/MM.
Using MM on full system. Charges for QM region [0, 1, 2, 3, 4, 5, 6, 7, 8, 9, 10, 11, 12, 13, 14, 15, 16, 17, 18, 19, 20, 21, 22, 23] have been set to zero 

--------------------------------------------------------------------------------
                   Creating/updating OpenMM simulation object                   
--------------------------------------------------------------------------------

Integrator name: VerletIntegrator
Timestep: 0.001
Temperature: 300
Coupling frequency: 1
Properties: {'Threads': '1'}
Topology: <Topology; 1 chains, 1 residues, 100 atoms, 0 bonds>

----------------------------------------------------------------------------------
Time to calculate step (creating/updating simulation): 0.001 seconds, 0.0 minutes.
----------------------------------------------------------------------------------

--------------------------------------------------------------------------------
                     Running Single-point OpenMM Interface                      
--------------------------------------------------------------------------------

Number of OpenMM system constraints defined: 0

-----------------------------------------------------------------------------------
Time to calculate step (OpenMMTheory.run: const-check): 0.001 seconds, 0.0 minutes.
-----------------------------------------------------------------------------------
Updating coordinates.

------------------------------------------------------------------------
Time to calculate step (Creating pos array): 0.000 seconds, 0.0 minutes.
------------------------------------------------------------------------

---------------------------------------------------------------------------
Time to calculate step (Updating MM positions): 0.000 seconds, 0.0 minutes.
---------------------------------------------------------------------------
Calling OpenMM getState.

---------------------------------------------------------------------
Time to calculate step (OpenMM getState): 0.000 seconds, 0.0 minutes.
---------------------------------------------------------------------
OpenMM Energy: -3.06218129041041 Eh
OpenMM Energy: -1921.5477710313014 kcal/mol

-----------------------
Ending OpenMM interface
-----------------------

----------------------------------------------------------------
Time to calculate step (OpenMM run): 0.002 seconds, 0.0 minutes.
----------------------------------------------------------------

-------------------------------------------------------------
Time to calculate step (MM step): 0.002 seconds, 0.0 minutes.
-------------------------------------------------------------

Note: You are using electrostatic embedding. This means that the QM-energy is actually the polarized QM-energy
Note: MM energy also contains the QM-MM Lennard-Jones interaction

QM energy:              -836.565494347262 
MM energy:                -3.062181290410
QM/MM energy:           -839.627675637672 

  ------------ENDING QM/MM MODULE------------- 

-----------------------------------------------------------------
Time to calculate step (QM/MM run): 265.819 seconds, 4.4 minutes.
-----------------------------------------------------------------
geometric called save_guess_files option option for ASHengineclass.
This option is currently unsupported in ASH. Continuing.

Convergence criteria: {'convergence_energy': 1e-05, 'convergence_grms': 0.003, 'convergence_gmax': 0.006, 'convergence_drms': 0.01, 'convergence_dmax': 0.015, 'convergence_cmax': 0.01}

Replacing coordinates in fragment.
Creating/Updating fragment attributes...
Number of Atoms in fragment: 100
Formula: N18C20O14H48
Label: CHHCCOOOCHCHCCHCHCHOHCOOCNHHNHHNHHCNHHNHHNHHCOOHCNHHNHHNHHCNHHNHHNHHCOOHCOOHCNHHNHHNHHCNHHNHHNHHCOOH
Charge: -2 Mult: 1

--------------------------------------------------------------------------------
Wrote XYZ file:  Fragment-currentgeo.xyz
Current geometry (Å) in step 2 (print_atoms_list region)
---------------------------------------------------
        C  59.84967091   34.25253341   56.95488632
        H  60.44209083   33.35228324   57.16127258
        H  60.36403506   34.98555827   56.31341144
        C  58.60308449   34.54213303   57.59680769
        C  57.90151683   35.95571332   57.30609945
        O  58.59900537   36.87051285   56.84861216
        O  56.63263416   36.05255881   57.58784629
        O  57.98347381   33.77226557   58.42368349
        C  57.40325602   31.98845341   55.84959344
        H  56.77501753   31.44565786   56.57193452
        C  58.72640855   31.82869791   55.80787471
        H  59.29646889   31.05446092   56.33660353
        C  59.57682014   32.76570311   55.05229853
        C  58.95547880   33.62496858   54.07171929
        H  59.61012847   34.09856438   53.33548016
        C  57.61604705   33.78257532   54.07942756
        H  57.11939313   34.43704594   53.35741293
        C  56.74222712   33.10278231   55.09049986
        H  56.38416290   33.87389242   55.81585166
        O  55.56509425   32.56707654   54.40627031
        H  55.07097328   32.14476926   55.12604306
        C  61.06309846   32.30239081   54.91121430
        O  61.63152345   31.87667439   55.91779461
        O  61.32798293   32.35282856   53.70340576
        C  54.89040000   41.21830000   65.11750000
        N  55.04097700   41.60352000   63.85344600
        H  54.73046000   42.26602200   64.54970000
        H  55.23714600   40.64848200   64.11711300
        N  54.48150100   42.09070400   66.03434900
        H  54.67767000   41.13566600   66.29801600
        H  54.59584900   42.38324000   65.07442800
        N  55.14872100   39.96067600   65.46470500
        H  55.26307000   40.25321100   64.50478400
        H  54.83820400   40.62317800   66.16095900
        C  59.50090000   39.33550000   66.26000000
        N  59.65147700   39.72072000   64.99594600
        H  59.34096000   40.38322200   65.69220000
        H  59.84764600   38.76568200   65.25961300
        N  59.09200100   40.20790400   67.17684900
        H  59.28817000   39.25286600   67.44051600
        H  59.20634900   40.50044000   66.21692800
        N  59.75922100   38.07787600   66.60720500
        H  59.87357000   38.37041100   65.64728400
        H  59.44870400   38.74037800   67.30345900
        C  69.74840000   37.57020000   52.11000000
        O  70.93222500   37.63197600   51.71346300
        O  69.03711600   36.54281700   52.14255900
        H  69.29042100   38.50605000   52.46276100
        C  49.75560000   39.75790000   62.74580000
        N  49.90617700   40.14312000   61.48174600
        H  49.59566000   40.80562200   62.17800000
        H  50.10234600   39.18808200   61.74541300
        N  49.34670100   40.63030400   63.66264900
        H  49.54287000   39.67526600   63.92631600
        H  49.46104900   40.92284000   62.70272800
        N  50.01392100   38.50027600   63.09300500
        H  50.12827000   38.79281100   62.13308400
        H  49.70340400   39.16277800   63.78925900
        C  54.95800000   29.39440000   66.15720000
        N  55.10857700   29.77962000   64.89314600
        H  54.79806000   30.44212200   65.58940000
        H  55.30474600   28.82458200   65.15681300
        N  54.54910100   30.26680400   67.07404900
        H  54.74527000   29.31176600   67.33771600
        H  54.66344900   30.55934000   66.11412800
        N  55.21632100   28.13677600   66.50440500
        H  55.33067000   28.42931100   65.54448400
        H  54.90580400   28.79927800   67.20065900
        C  69.45420000   25.80430000   53.35910000
        O  70.63802500   25.86607600   52.96256300
        O  68.74291600   24.77691700   53.39165900
        H  68.99622100   26.74015000   53.71186100
        C  65.78910000   29.53300000   44.76770000
        O  66.97292500   29.59477600   44.37116300
        O  65.07781600   28.50561700   44.80025900
        H  65.33112100   30.46885000   45.12046100
        C  47.65890000   31.15830000   61.15630000
        N  47.80947700   31.54352000   59.89224600
        H  47.49896000   32.20602200   60.58850000
        H  48.00564600   30.58848200   60.15591300
        N  47.25000100   32.03070400   62.07314900
        H  47.44617000   31.07566600   62.33681600
        H  47.36434900   32.32324000   61.11322800
        N  47.91722100   29.90067600   61.50350500
        H  48.03157000   30.19321100   60.54358400
        H  47.60670400   30.56317800   62.19975900
        C  51.95630000   33.68720000   65.49240000
        N  52.10687700   34.07242000   64.22834600
        H  51.79636000   34.73492200   64.92460000
        H  52.30304600   33.11738200   64.49201300
        N  51.54740100   34.55960400   66.40924900
        H  51.74357000   33.60456600   66.67291600
        H  51.66174900   34.85214000   65.44932800
        N  52.21462100   32.42957600   65.83960500
        H  52.32897000   32.72211100   64.87968400
        H  51.90410400   33.09207800   66.53585900
        C  71.00800000   32.33200000   50.39870000
        O  72.19182500   32.39377600   50.00216300
        O  70.29671600   31.30461700   50.43125900
        H  70.55002100   33.26785000   50.75146100

Note: printed only print_atoms_list (this is not necessarily all atoms) 
  ------------RUNNING QM/MM MODULE------------- 
QM Module: ORCATheory
MM Module: OpenMMTheory
Charge provided from QMMMTheory object:  -2
Mult provided from QMMMTheory object:  1
QM-region Charge: -2 Mult: 1
Embedding: Electrostatic
Number of pointcharges (to QM program): 76
Number of charge coordinates: 76
Running QM/MM object with 8 cores available

-------------------------------------------------------------------
Time to calculate step (before-QMstep): 0.000 seconds, 0.0 minutes.
-------------------------------------------------------------------
  ------------RUNNING ORCA INTERFACE------------- 
Object-label: ORCA
Run-label: None
Running ORCA with 8 cores available
Moreadfile option not active
A GBW-file with same basename : orca.gbw is present
Autostart is False. ORCA will ignore any file present
Creating inputfile: orca.inp
ORCA input:
! B3LYP D3BJ def2-SVP def2/J RIJCOSX CPCM TightSCF

! Noautostart

%cpcm epsilon 4.0 end
%scf MaxIter 300 Guess PModel end
Charge: -2  Mult: 1
Pointcharge embedding is on!
 ORCA Calculation starting. 
Found warning messages in ORCA outputfile:
WARNING: The chosen methods will break translational/rotational symmetry
 WARNING: The chosen methods will break translational symmetry
 WARNING: The chosen methods will break translational symmetry
 Warning: op=0 Small HOMO/LUMO gap (   0.042) - skipping pre-diagonalization

 ORCA Calculation done. 
ORCA converged in 16 iterations
ORCA energy: -836.574089367194
  ------------ENDING ORCA-INTERFACE------------- 

----------------------------------------------------------------
Time to calculate step (ORCA run): 273.070 seconds, 4.6 minutes.
----------------------------------------------------------------

---------------------------------------------------------------
Time to calculate step (QM step): 273.070 seconds, 4.6 minutes.
---------------------------------------------------------------

----------------------------------------------------------------------
Time to calculate step (QMpcgrad prepare): 0.000 seconds, 0.0 minutes.
----------------------------------------------------------------------

--------------------------------------------------------------------------
Time to calculate step (linkatomgrad prepare): 0.000 seconds, 0.0 minutes.
--------------------------------------------------------------------------

----------------------------------------------------------------------------
Time to calculate step (QM/MM gradient prepare): 0.000 seconds, 0.0 minutes.
----------------------------------------------------------------------------
Using OpenMM theory as part of QM/MM.
Using MM on full system. Charges for QM region [0, 1, 2, 3, 4, 5, 6, 7, 8, 9, 10, 11, 12, 13, 14, 15, 16, 17, 18, 19, 20, 21, 22, 23] have been set to zero 

--------------------------------------------------------------------------------
                   Creating/updating OpenMM simulation object                   
--------------------------------------------------------------------------------

Integrator name: VerletIntegrator
Timestep: 0.001
Temperature: 300
Coupling frequency: 1
Properties: {'Threads': '1'}
Topology: <Topology; 1 chains, 1 residues, 100 atoms, 0 bonds>

----------------------------------------------------------------------------------
Time to calculate step (creating/updating simulation): 0.002 seconds, 0.0 minutes.
----------------------------------------------------------------------------------

--------------------------------------------------------------------------------
                     Running Single-point OpenMM Interface                      
--------------------------------------------------------------------------------

Number of OpenMM system constraints defined: 0

-----------------------------------------------------------------------------------
Time to calculate step (OpenMMTheory.run: const-check): 0.002 seconds, 0.0 minutes.
-----------------------------------------------------------------------------------
Updating coordinates.

------------------------------------------------------------------------
Time to calculate step (Creating pos array): 0.000 seconds, 0.0 minutes.
------------------------------------------------------------------------

---------------------------------------------------------------------------
Time to calculate step (Updating MM positions): 0.000 seconds, 0.0 minutes.
---------------------------------------------------------------------------
Calling OpenMM getState.

---------------------------------------------------------------------
Time to calculate step (OpenMM getState): 0.000 seconds, 0.0 minutes.
---------------------------------------------------------------------
OpenMM Energy: -3.06219418968867 Eh
OpenMM Energy: -1921.555865450618 kcal/mol

-----------------------
Ending OpenMM interface
-----------------------

----------------------------------------------------------------
Time to calculate step (OpenMM run): 0.002 seconds, 0.0 minutes.
----------------------------------------------------------------

-------------------------------------------------------------
Time to calculate step (MM step): 0.003 seconds, 0.0 minutes.
-------------------------------------------------------------

Note: You are using electrostatic embedding. This means that the QM-energy is actually the polarized QM-energy
Note: MM energy also contains the QM-MM Lennard-Jones interaction

QM energy:              -836.574089367194 
MM energy:                -3.062194189689
QM/MM energy:           -839.636283556883 

  ------------ENDING QM/MM MODULE------------- 

-----------------------------------------------------------------
Time to calculate step (QM/MM run): 273.072 seconds, 4.6 minutes.
-----------------------------------------------------------------
geometric called save_guess_files option option for ASHengineclass.
This option is currently unsupported in ASH. Continuing.
geometric called clearCalcs option for ASHengineclass.
This option is currently unsupported in ASH. Continuing.

Convergence criteria: {'convergence_energy': 1e-05, 'convergence_grms': 0.003, 'convergence_gmax': 0.006, 'convergence_drms': 0.01, 'convergence_dmax': 0.015, 'convergence_cmax': 0.01}

Replacing coordinates in fragment.
Creating/Updating fragment attributes...
Number of Atoms in fragment: 100
Formula: N18C20O14H48
Label: CHHCCOOOCHCHCCHCHCHOHCOOCNHHNHHNHHCNHHNHHNHHCOOHCNHHNHHNHHCNHHNHHNHHCOOHCOOHCNHHNHHNHHCNHHNHHNHHCOOH
Charge: -2 Mult: 1

--------------------------------------------------------------------------------
Wrote XYZ file:  Fragment-currentgeo.xyz
Current geometry (Å) in step 3 (print_atoms_list region)
---------------------------------------------------
        C  59.62805221   34.23480864   56.98529620
        H  60.27644757   33.39270859   57.24926041
        H  60.06766774   34.96477908   56.28925621
        C  58.48645608   34.58553499   57.82172201
        C  57.76334831   36.00912370   57.60672382
        O  58.41563778   36.92029720   57.07127788
        O  56.53393144   36.10549920   58.02929028
        O  58.00899372   33.88362598   58.77652140
        C  57.31461048   31.90749425   55.76489145
        H  56.69697520   31.32636221   56.46841153
        C  58.65502065   31.84477217   55.84844934
        H  59.20296876   31.04264933   56.35390676
        C  59.53387698   32.86742252   55.18996380
        C  58.92141295   33.66771006   54.14752360
        H  59.58548898   34.13667822   53.41282846
        C  57.57502024   33.78531968   54.10014531
        H  57.08175612   34.42893669   53.36714958
        C  56.69043111   33.09212466   55.09073098
        H  56.39875908   33.83677874   55.87732460
        O  55.45180001   32.68253679   54.42159195
        H  55.04385292   32.09460800   55.08987783
        C  61.01572107   32.37811774   55.07438038
        O  61.60216612   32.01184610   56.09469299
        O  61.28933190   32.32397758   53.85749474
        C  54.89040000   41.21830000   65.11750000
        N  55.04097700   41.60352000   63.85344600
        H  54.73046000   42.26602200   64.54970000
        H  55.23714600   40.64848200   64.11711300
        N  54.48150100   42.09070400   66.03434900
        H  54.67767000   41.13566600   66.29801600
        H  54.59584900   42.38324000   65.07442800
        N  55.14872100   39.96067600   65.46470500
        H  55.26307000   40.25321100   64.50478400
        H  54.83820400   40.62317800   66.16095900
        C  59.50090000   39.33550000   66.26000000
        N  59.65147700   39.72072000   64.99594600
        H  59.34096000   40.38322200   65.69220000
        H  59.84764600   38.76568200   65.25961300
        N  59.09200100   40.20790400   67.17684900
        H  59.28817000   39.25286600   67.44051600
        H  59.20634900   40.50044000   66.21692800
        N  59.75922100   38.07787600   66.60720500
        H  59.87357000   38.37041100   65.64728400
        H  59.44870400   38.74037800   67.30345900
        C  69.74840000   37.57020000   52.11000000
        O  70.93222500   37.63197600   51.71346300
        O  69.03711600   36.54281700   52.14255900
        H  69.29042100   38.50605000   52.46276100
        C  49.75560000   39.75790000   62.74580000
        N  49.90617700   40.14312000   61.48174600
        H  49.59566000   40.80562200   62.17800000
        H  50.10234600   39.18808200   61.74541300
        N  49.34670100   40.63030400   63.66264900
        H  49.54287000   39.67526600   63.92631600
        H  49.46104900   40.92284000   62.70272800
        N  50.01392100   38.50027600   63.09300500
        H  50.12827000   38.79281100   62.13308400
        H  49.70340400   39.16277800   63.78925900
        C  54.95800000   29.39440000   66.15720000
        N  55.10857700   29.77962000   64.89314600
        H  54.79806000   30.44212200   65.58940000
        H  55.30474600   28.82458200   65.15681300
        N  54.54910100   30.26680400   67.07404900
        H  54.74527000   29.31176600   67.33771600
        H  54.66344900   30.55934000   66.11412800
        N  55.21632100   28.13677600   66.50440500
        H  55.33067000   28.42931100   65.54448400
        H  54.90580400   28.79927800   67.20065900
        C  69.45420000   25.80430000   53.35910000
        O  70.63802500   25.86607600   52.96256300
        O  68.74291600   24.77691700   53.39165900
        H  68.99622100   26.74015000   53.71186100
        C  65.78910000   29.53300000   44.76770000
        O  66.97292500   29.59477600   44.37116300
        O  65.07781600   28.50561700   44.80025900
        H  65.33112100   30.46885000   45.12046100
        C  47.65890000   31.15830000   61.15630000
        N  47.80947700   31.54352000   59.89224600
        H  47.49896000   32.20602200   60.58850000
        H  48.00564600   30.58848200   60.15591300
        N  47.25000100   32.03070400   62.07314900
        H  47.44617000   31.07566600   62.33681600
        H  47.36434900   32.32324000   61.11322800
        N  47.91722100   29.90067600   61.50350500
        H  48.03157000   30.19321100   60.54358400
        H  47.60670400   30.56317800   62.19975900
        C  51.95630000   33.68720000   65.49240000
        N  52.10687700   34.07242000   64.22834600
        H  51.79636000   34.73492200   64.92460000
        H  52.30304600   33.11738200   64.49201300
        N  51.54740100   34.55960400   66.40924900
        H  51.74357000   33.60456600   66.67291600
        H  51.66174900   34.85214000   65.44932800
        N  52.21462100   32.42957600   65.83960500
        H  52.32897000   32.72211100   64.87968400
        H  51.90410400   33.09207800   66.53585900
        C  71.00800000   32.33200000   50.39870000
        O  72.19182500   32.39377600   50.00216300
        O  70.29671600   31.30461700   50.43125900
        H  70.55002100   33.26785000   50.75146100

Note: printed only print_atoms_list (this is not necessarily all atoms) 
  ------------RUNNING QM/MM MODULE------------- 
QM Module: ORCATheory
MM Module: OpenMMTheory
Charge provided from QMMMTheory object:  -2
Mult provided from QMMMTheory object:  1
QM-region Charge: -2 Mult: 1
Embedding: Electrostatic
Number of pointcharges (to QM program): 76
Number of charge coordinates: 76
Running QM/MM object with 8 cores available

-------------------------------------------------------------------
Time to calculate step (before-QMstep): 0.000 seconds, 0.0 minutes.
-------------------------------------------------------------------
  ------------RUNNING ORCA INTERFACE------------- 
Object-label: ORCA
Run-label: None
Running ORCA with 8 cores available
Moreadfile option not active
A GBW-file with same basename : orca.gbw is present
Autostart is False. ORCA will ignore any file present
Creating inputfile: orca.inp
ORCA input:
! B3LYP D3BJ def2-SVP def2/J RIJCOSX CPCM TightSCF

! Noautostart

%cpcm epsilon 4.0 end
%scf MaxIter 300 Guess PModel end
Charge: -2  Mult: 1
Pointcharge embedding is on!
 ORCA Calculation starting. 
Found warning messages in ORCA outputfile:
WARNING: The chosen methods will break translational/rotational symmetry
 WARNING: The chosen methods will break translational symmetry
 WARNING: The chosen methods will break translational symmetry
 Warning: op=0 Small HOMO/LUMO gap (   0.062) - skipping pre-diagonalization

 ORCA Calculation done. 
ORCA converged in 16 iterations
ORCA energy: -836.58776750924
  ------------ENDING ORCA-INTERFACE------------- 

----------------------------------------------------------------
Time to calculate step (ORCA run): 248.960 seconds, 4.1 minutes.
----------------------------------------------------------------

---------------------------------------------------------------
Time to calculate step (QM step): 248.960 seconds, 4.1 minutes.
---------------------------------------------------------------

----------------------------------------------------------------------
Time to calculate step (QMpcgrad prepare): 0.000 seconds, 0.0 minutes.
----------------------------------------------------------------------

--------------------------------------------------------------------------
Time to calculate step (linkatomgrad prepare): 0.000 seconds, 0.0 minutes.
--------------------------------------------------------------------------

----------------------------------------------------------------------------
Time to calculate step (QM/MM gradient prepare): 0.000 seconds, 0.0 minutes.
----------------------------------------------------------------------------
Using OpenMM theory as part of QM/MM.
Using MM on full system. Charges for QM region [0, 1, 2, 3, 4, 5, 6, 7, 8, 9, 10, 11, 12, 13, 14, 15, 16, 17, 18, 19, 20, 21, 22, 23] have been set to zero 

--------------------------------------------------------------------------------
                   Creating/updating OpenMM simulation object                   
--------------------------------------------------------------------------------

Integrator name: VerletIntegrator
Timestep: 0.001
Temperature: 300
Coupling frequency: 1
Properties: {'Threads': '1'}
Topology: <Topology; 1 chains, 1 residues, 100 atoms, 0 bonds>

----------------------------------------------------------------------------------
Time to calculate step (creating/updating simulation): 0.002 seconds, 0.0 minutes.
----------------------------------------------------------------------------------

--------------------------------------------------------------------------------
                     Running Single-point OpenMM Interface                      
--------------------------------------------------------------------------------

Number of OpenMM system constraints defined: 0

-----------------------------------------------------------------------------------
Time to calculate step (OpenMMTheory.run: const-check): 0.002 seconds, 0.0 minutes.
-----------------------------------------------------------------------------------
Updating coordinates.

------------------------------------------------------------------------
Time to calculate step (Creating pos array): 0.000 seconds, 0.0 minutes.
------------------------------------------------------------------------

---------------------------------------------------------------------------
Time to calculate step (Updating MM positions): 0.000 seconds, 0.0 minutes.
---------------------------------------------------------------------------
Calling OpenMM getState.

---------------------------------------------------------------------
Time to calculate step (OpenMM getState): 0.000 seconds, 0.0 minutes.
---------------------------------------------------------------------
OpenMM Energy: -3.0622162146784864 Eh
OpenMM Energy: -1921.569686340394 kcal/mol

-----------------------
Ending OpenMM interface
-----------------------

----------------------------------------------------------------
Time to calculate step (OpenMM run): 0.002 seconds, 0.0 minutes.
----------------------------------------------------------------

-------------------------------------------------------------
Time to calculate step (MM step): 0.003 seconds, 0.0 minutes.
-------------------------------------------------------------

Note: You are using electrostatic embedding. This means that the QM-energy is actually the polarized QM-energy
Note: MM energy also contains the QM-MM Lennard-Jones interaction

QM energy:              -836.587767509240 
MM energy:                -3.062216214678
QM/MM energy:           -839.649983723919 

  ------------ENDING QM/MM MODULE------------- 

-----------------------------------------------------------------
Time to calculate step (QM/MM run): 248.963 seconds, 4.1 minutes.
-----------------------------------------------------------------
geometric called save_guess_files option option for ASHengineclass.
This option is currently unsupported in ASH. Continuing.

Convergence criteria: {'convergence_energy': 1e-05, 'convergence_grms': 0.003, 'convergence_gmax': 0.006, 'convergence_drms': 0.01, 'convergence_dmax': 0.015, 'convergence_cmax': 0.01}

Replacing coordinates in fragment.
Creating/Updating fragment attributes...
Number of Atoms in fragment: 100
Formula: N18C20O14H48
Label: CHHCCOOOCHCHCCHCHCHOHCOOCNHHNHHNHHCNHHNHHNHHCOOHCNHHNHHNHHCNHHNHHNHHCOOHCOOHCNHHNHHNHHCNHHNHHNHHCOOH
Charge: -2 Mult: 1

--------------------------------------------------------------------------------
Wrote XYZ file:  Fragment-currentgeo.xyz
Current geometry (Å) in step 4 (print_atoms_list region)
---------------------------------------------------
        C  59.36919647   34.20319373   57.01801398
        H  60.11823854   33.50291805   57.42595925
        H  59.74938780   34.98505005   56.36249325
        C  58.35314221   34.61259549   58.00262282
        C  57.61475125   36.03272206   57.92949111
        O  58.20072634   36.96676738   57.34308946
        O  56.46415986   36.10427535   58.51358667
        O  58.06444576   33.95094148   59.02877445
        C  57.23552221   31.86988166   55.71306280
        H  56.61256316   31.18605016   56.31458324
        C  58.57520283   31.87425586   55.90909962
        H  59.08263786   31.04579319   56.40575873
        C  59.45522425   32.97448554   55.38018304
        C  58.86143966   33.71750614   54.25983475
        H  59.54133048   34.18426261   53.53309214
        C  57.51519538   33.78541246   54.12805587
        H  57.03152583   34.40149847   53.36503844
        C  56.61451736   33.09026672   55.10362998
        H  56.41240510   33.80864761   55.94713746
        O  55.33493929   32.79947195   54.47636024
        H  54.97833103   32.05321638   55.00858548
        C  60.92532678   32.46980240   55.26115384
        O  61.54124238   32.19233535   56.30651949
        O  61.23722532   32.29380385   54.05124097
        C  54.89040000   41.21830000   65.11750000
        N  55.04097700   41.60352000   63.85344600
        H  54.73046000   42.26602200   64.54970000
        H  55.23714600   40.64848200   64.11711300
        N  54.48150100   42.09070400   66.03434900
        H  54.67767000   41.13566600   66.29801600
        H  54.59584900   42.38324000   65.07442800
        N  55.14872100   39.96067600   65.46470500
        H  55.26307000   40.25321100   64.50478400
        H  54.83820400   40.62317800   66.16095900
        C  59.50090000   39.33550000   66.26000000
        N  59.65147700   39.72072000   64.99594600
        H  59.34096000   40.38322200   65.69220000
        H  59.84764600   38.76568200   65.25961300
        N  59.09200100   40.20790400   67.17684900
        H  59.28817000   39.25286600   67.44051600
        H  59.20634900   40.50044000   66.21692800
        N  59.75922100   38.07787600   66.60720500
        H  59.87357000   38.37041100   65.64728400
        H  59.44870400   38.74037800   67.30345900
        C  69.74840000   37.57020000   52.11000000
        O  70.93222500   37.63197600   51.71346300
        O  69.03711600   36.54281700   52.14255900
        H  69.29042100   38.50605000   52.46276100
        C  49.75560000   39.75790000   62.74580000
        N  49.90617700   40.14312000   61.48174600
        H  49.59566000   40.80562200   62.17800000
        H  50.10234600   39.18808200   61.74541300
        N  49.34670100   40.63030400   63.66264900
        H  49.54287000   39.67526600   63.92631600
        H  49.46104900   40.92284000   62.70272800
        N  50.01392100   38.50027600   63.09300500
        H  50.12827000   38.79281100   62.13308400
        H  49.70340400   39.16277800   63.78925900
        C  54.95800000   29.39440000   66.15720000
        N  55.10857700   29.77962000   64.89314600
        H  54.79806000   30.44212200   65.58940000
        H  55.30474600   28.82458200   65.15681300
        N  54.54910100   30.26680400   67.07404900
        H  54.74527000   29.31176600   67.33771600
        H  54.66344900   30.55934000   66.11412800
        N  55.21632100   28.13677600   66.50440500
        H  55.33067000   28.42931100   65.54448400
        H  54.90580400   28.79927800   67.20065900
        C  69.45420000   25.80430000   53.35910000
        O  70.63802500   25.86607600   52.96256300
        O  68.74291600   24.77691700   53.39165900
        H  68.99622100   26.74015000   53.71186100
        C  65.78910000   29.53300000   44.76770000
        O  66.97292500   29.59477600   44.37116300
        O  65.07781600   28.50561700   44.80025900
        H  65.33112100   30.46885000   45.12046100
        C  47.65890000   31.15830000   61.15630000
        N  47.80947700   31.54352000   59.89224600
        H  47.49896000   32.20602200   60.58850000
        H  48.00564600   30.58848200   60.15591300
        N  47.25000100   32.03070400   62.07314900
        H  47.44617000   31.07566600   62.33681600
        H  47.36434900   32.32324000   61.11322800
        N  47.91722100   29.90067600   61.50350500
        H  48.03157000   30.19321100   60.54358400
        H  47.60670400   30.56317800   62.19975900
        C  51.95630000   33.68720000   65.49240000
        N  52.10687700   34.07242000   64.22834600
        H  51.79636000   34.73492200   64.92460000
        H  52.30304600   33.11738200   64.49201300
        N  51.54740100   34.55960400   66.40924900
        H  51.74357000   33.60456600   66.67291600
        H  51.66174900   34.85214000   65.44932800
        N  52.21462100   32.42957600   65.83960500
        H  52.32897000   32.72211100   64.87968400
        H  51.90410400   33.09207800   66.53585900
        C  71.00800000   32.33200000   50.39870000
        O  72.19182500   32.39377600   50.00216300
        O  70.29671600   31.30461700   50.43125900
        H  70.55002100   33.26785000   50.75146100

Note: printed only print_atoms_list (this is not necessarily all atoms) 
  ------------RUNNING QM/MM MODULE------------- 
QM Module: ORCATheory
MM Module: OpenMMTheory
Charge provided from QMMMTheory object:  -2
Mult provided from QMMMTheory object:  1
QM-region Charge: -2 Mult: 1
Embedding: Electrostatic
Number of pointcharges (to QM program): 76
Number of charge coordinates: 76
Running QM/MM object with 8 cores available

-------------------------------------------------------------------
Time to calculate step (before-QMstep): 0.000 seconds, 0.0 minutes.
-------------------------------------------------------------------
  ------------RUNNING ORCA INTERFACE------------- 
Object-label: ORCA
Run-label: None
Running ORCA with 8 cores available
Moreadfile option not active
A GBW-file with same basename : orca.gbw is present
Autostart is False. ORCA will ignore any file present
Creating inputfile: orca.inp
ORCA input:
! B3LYP D3BJ def2-SVP def2/J RIJCOSX CPCM TightSCF

! Noautostart

%cpcm epsilon 4.0 end
%scf MaxIter 300 Guess PModel end
Charge: -2  Mult: 1
Pointcharge embedding is on!
 ORCA Calculation starting. 
Found warning messages in ORCA outputfile:
WARNING: The chosen methods will break translational/rotational symmetry
 WARNING: The chosen methods will break translational symmetry
 WARNING: The chosen methods will break translational symmetry
 Warning: op=0 Small HOMO/LUMO gap (   0.086) - skipping pre-diagonalization

 ORCA Calculation done. 
ORCA converged in 12 iterations
ORCA energy: -836.60638612199
  ------------ENDING ORCA-INTERFACE------------- 

----------------------------------------------------------------
Time to calculate step (ORCA run): 230.757 seconds, 3.8 minutes.
----------------------------------------------------------------

---------------------------------------------------------------
Time to calculate step (QM step): 230.757 seconds, 3.8 minutes.
---------------------------------------------------------------

----------------------------------------------------------------------
Time to calculate step (QMpcgrad prepare): 0.000 seconds, 0.0 minutes.
----------------------------------------------------------------------

--------------------------------------------------------------------------
Time to calculate step (linkatomgrad prepare): 0.000 seconds, 0.0 minutes.
--------------------------------------------------------------------------

----------------------------------------------------------------------------
Time to calculate step (QM/MM gradient prepare): 0.000 seconds, 0.0 minutes.
----------------------------------------------------------------------------
Using OpenMM theory as part of QM/MM.
Using MM on full system. Charges for QM region [0, 1, 2, 3, 4, 5, 6, 7, 8, 9, 10, 11, 12, 13, 14, 15, 16, 17, 18, 19, 20, 21, 22, 23] have been set to zero 

--------------------------------------------------------------------------------
                   Creating/updating OpenMM simulation object                   
--------------------------------------------------------------------------------

Integrator name: VerletIntegrator
Timestep: 0.001
Temperature: 300
Coupling frequency: 1
Properties: {'Threads': '1'}
Topology: <Topology; 1 chains, 1 residues, 100 atoms, 0 bonds>

----------------------------------------------------------------------------------
Time to calculate step (creating/updating simulation): 0.001 seconds, 0.0 minutes.
----------------------------------------------------------------------------------

--------------------------------------------------------------------------------
                     Running Single-point OpenMM Interface                      
--------------------------------------------------------------------------------

Number of OpenMM system constraints defined: 0

-----------------------------------------------------------------------------------
Time to calculate step (OpenMMTheory.run: const-check): 0.002 seconds, 0.0 minutes.
-----------------------------------------------------------------------------------
Updating coordinates.

------------------------------------------------------------------------
Time to calculate step (Creating pos array): 0.000 seconds, 0.0 minutes.
------------------------------------------------------------------------

---------------------------------------------------------------------------
Time to calculate step (Updating MM positions): 0.000 seconds, 0.0 minutes.
---------------------------------------------------------------------------
Calling OpenMM getState.

---------------------------------------------------------------------
Time to calculate step (OpenMM getState): 0.000 seconds, 0.0 minutes.
---------------------------------------------------------------------
OpenMM Energy: -3.0622429022328146 Eh
OpenMM Energy: -1921.5864330335744 kcal/mol

-----------------------
Ending OpenMM interface
-----------------------

----------------------------------------------------------------
Time to calculate step (OpenMM run): 0.002 seconds, 0.0 minutes.
----------------------------------------------------------------

-------------------------------------------------------------
Time to calculate step (MM step): 0.002 seconds, 0.0 minutes.
-------------------------------------------------------------

Note: You are using electrostatic embedding. This means that the QM-energy is actually the polarized QM-energy
Note: MM energy also contains the QM-MM Lennard-Jones interaction

QM energy:              -836.606386121990 
MM energy:                -3.062242902233
QM/MM energy:           -839.668629024223 

  ------------ENDING QM/MM MODULE------------- 

-----------------------------------------------------------------
Time to calculate step (QM/MM run): 230.759 seconds, 3.8 minutes.
-----------------------------------------------------------------
geometric called save_guess_files option option for ASHengineclass.
This option is currently unsupported in ASH. Continuing.

Convergence criteria: {'convergence_energy': 1e-05, 'convergence_grms': 0.003, 'convergence_gmax': 0.006, 'convergence_drms': 0.01, 'convergence_dmax': 0.015, 'convergence_cmax': 0.01}

Replacing coordinates in fragment.
Creating/Updating fragment attributes...
Number of Atoms in fragment: 100
Formula: N18C20O14H48
Label: CHHCCOOOCHCHCCHCHCHOHCOOCNHHNHHNHHCNHHNHHNHHCOOHCNHHNHHNHHCNHHNHHNHHCOOHCOOHCNHHNHHNHHCNHHNHHNHHCOOH
Charge: -2 Mult: 1

--------------------------------------------------------------------------------
Wrote XYZ file:  Fragment-currentgeo.xyz
Current geometry (Å) in step 5 (print_atoms_list region)
---------------------------------------------------
        C  59.05110373   34.14329419   57.01783926
        H  59.95619778   33.77465091   57.64872753
        H  59.37653085   35.08171885   56.56221245
        C  58.16955971   34.58899805   58.17098815
        C  57.41695604   36.00314135   58.31445670
        O  57.91150006   37.00322665   57.73696736
        O  56.43595145   36.03681653   59.15476254
        O  58.17423061   33.96924715   59.25005101
        C  57.12303728   31.85392650   55.70038802
        H  56.49037003   31.00663205   56.06818352
        C  58.43967059   31.90145066   56.01354406
        H  58.92214660   31.06106449   56.50755893
        C  59.27377329   33.11318057   55.69923152
        C  58.74683893   33.78723274   54.45152519
        H  59.46385832   34.24904515   53.75041947
        C  57.42033504   33.78736396   54.18056323
        H  56.96448642   34.34065756   53.34886599
        C  56.49031232   33.09850283   55.14430070
        H  56.41093702   33.78399132   56.04160512
        O  55.19529398   32.91744365   54.58216955
        H  54.86062783   32.03611404   54.86098030
        C  60.75188265   32.61893654   55.55487875
        O  61.41464848   32.45366661   56.61770535
        O  61.11378747   32.31638812   54.37765023
        C  54.89040000   41.21830000   65.11750000
        N  55.04097700   41.60352000   63.85344600
        H  54.73046000   42.26602200   64.54970000
        H  55.23714600   40.64848200   64.11711300
        N  54.48150100   42.09070400   66.03434900
        H  54.67767000   41.13566600   66.29801600
        H  54.59584900   42.38324000   65.07442800
        N  55.14872100   39.96067600   65.46470500
        H  55.26307000   40.25321100   64.50478400
        H  54.83820400   40.62317800   66.16095900
        C  59.50090000   39.33550000   66.26000000
        N  59.65147700   39.72072000   64.99594600
        H  59.34096000   40.38322200   65.69220000
        H  59.84764600   38.76568200   65.25961300
        N  59.09200100   40.20790400   67.17684900
        H  59.28817000   39.25286600   67.44051600
        H  59.20634900   40.50044000   66.21692800
        N  59.75922100   38.07787600   66.60720500
        H  59.87357000   38.37041100   65.64728400
        H  59.44870400   38.74037800   67.30345900
        C  69.74840000   37.57020000   52.11000000
        O  70.93222500   37.63197600   51.71346300
        O  69.03711600   36.54281700   52.14255900
        H  69.29042100   38.50605000   52.46276100
        C  49.75560000   39.75790000   62.74580000
        N  49.90617700   40.14312000   61.48174600
        H  49.59566000   40.80562200   62.17800000
        H  50.10234600   39.18808200   61.74541300
        N  49.34670100   40.63030400   63.66264900
        H  49.54287000   39.67526600   63.92631600
        H  49.46104900   40.92284000   62.70272800
        N  50.01392100   38.50027600   63.09300500
        H  50.12827000   38.79281100   62.13308400
        H  49.70340400   39.16277800   63.78925900
        C  54.95800000   29.39440000   66.15720000
        N  55.10857700   29.77962000   64.89314600
        H  54.79806000   30.44212200   65.58940000
        H  55.30474600   28.82458200   65.15681300
        N  54.54910100   30.26680400   67.07404900
        H  54.74527000   29.31176600   67.33771600
        H  54.66344900   30.55934000   66.11412800
        N  55.21632100   28.13677600   66.50440500
        H  55.33067000   28.42931100   65.54448400
        H  54.90580400   28.79927800   67.20065900
        C  69.45420000   25.80430000   53.35910000
        O  70.63802500   25.86607600   52.96256300
        O  68.74291600   24.77691700   53.39165900
        H  68.99622100   26.74015000   53.71186100
        C  65.78910000   29.53300000   44.76770000
        O  66.97292500   29.59477600   44.37116300
        O  65.07781600   28.50561700   44.80025900
        H  65.33112100   30.46885000   45.12046100
        C  47.65890000   31.15830000   61.15630000
        N  47.80947700   31.54352000   59.89224600
        H  47.49896000   32.20602200   60.58850000
        H  48.00564600   30.58848200   60.15591300
        N  47.25000100   32.03070400   62.07314900
        H  47.44617000   31.07566600   62.33681600
        H  47.36434900   32.32324000   61.11322800
        N  47.91722100   29.90067600   61.50350500
        H  48.03157000   30.19321100   60.54358400
        H  47.60670400   30.56317800   62.19975900
        C  51.95630000   33.68720000   65.49240000
        N  52.10687700   34.07242000   64.22834600
        H  51.79636000   34.73492200   64.92460000
        H  52.30304600   33.11738200   64.49201300
        N  51.54740100   34.55960400   66.40924900
        H  51.74357000   33.60456600   66.67291600
        H  51.66174900   34.85214000   65.44932800
        N  52.21462100   32.42957600   65.83960500
        H  52.32897000   32.72211100   64.87968400
        H  51.90410400   33.09207800   66.53585900
        C  71.00800000   32.33200000   50.39870000
        O  72.19182500   32.39377600   50.00216300
        O  70.29671600   31.30461700   50.43125900
        H  70.55002100   33.26785000   50.75146100

Note: printed only print_atoms_list (this is not necessarily all atoms) 
  ------------RUNNING QM/MM MODULE------------- 
QM Module: ORCATheory
MM Module: OpenMMTheory
Charge provided from QMMMTheory object:  -2
Mult provided from QMMMTheory object:  1
QM-region Charge: -2 Mult: 1
Embedding: Electrostatic
Number of pointcharges (to QM program): 76
Number of charge coordinates: 76
Running QM/MM object with 8 cores available

-------------------------------------------------------------------
Time to calculate step (before-QMstep): 0.000 seconds, 0.0 minutes.
-------------------------------------------------------------------
  ------------RUNNING ORCA INTERFACE------------- 
Object-label: ORCA
Run-label: None
Running ORCA with 8 cores available
Moreadfile option not active
A GBW-file with same basename : orca.gbw is present
Autostart is False. ORCA will ignore any file present
Creating inputfile: orca.inp
ORCA input:
! B3LYP D3BJ def2-SVP def2/J RIJCOSX CPCM TightSCF

! Noautostart

%cpcm epsilon 4.0 end
%scf MaxIter 300 Guess PModel end
Charge: -2  Mult: 1
Pointcharge embedding is on!
 ORCA Calculation starting. 
Found warning messages in ORCA outputfile:
WARNING: The chosen methods will break translational/rotational symmetry
 WARNING: The chosen methods will break translational symmetry
 WARNING: The chosen methods will break translational symmetry
 Warning: op=0 Small HOMO/LUMO gap (   0.056) - skipping pre-diagonalization

 ORCA Calculation done. 
ORCA converged in 14 iterations
ORCA energy: -836.629807405449
  ------------ENDING ORCA-INTERFACE------------- 

----------------------------------------------------------------
Time to calculate step (ORCA run): 235.772 seconds, 3.9 minutes.
----------------------------------------------------------------

---------------------------------------------------------------
Time to calculate step (QM step): 235.772 seconds, 3.9 minutes.
---------------------------------------------------------------

----------------------------------------------------------------------
Time to calculate step (QMpcgrad prepare): 0.000 seconds, 0.0 minutes.
----------------------------------------------------------------------

--------------------------------------------------------------------------
Time to calculate step (linkatomgrad prepare): 0.000 seconds, 0.0 minutes.
--------------------------------------------------------------------------

----------------------------------------------------------------------------
Time to calculate step (QM/MM gradient prepare): 0.000 seconds, 0.0 minutes.
----------------------------------------------------------------------------
Using OpenMM theory as part of QM/MM.
Using MM on full system. Charges for QM region [0, 1, 2, 3, 4, 5, 6, 7, 8, 9, 10, 11, 12, 13, 14, 15, 16, 17, 18, 19, 20, 21, 22, 23] have been set to zero 

--------------------------------------------------------------------------------
                   Creating/updating OpenMM simulation object                   
--------------------------------------------------------------------------------

Integrator name: VerletIntegrator
Timestep: 0.001
Temperature: 300
Coupling frequency: 1
Properties: {'Threads': '1'}
Topology: <Topology; 1 chains, 1 residues, 100 atoms, 0 bonds>

----------------------------------------------------------------------------------
Time to calculate step (creating/updating simulation): 0.002 seconds, 0.0 minutes.
----------------------------------------------------------------------------------

--------------------------------------------------------------------------------
                     Running Single-point OpenMM Interface                      
--------------------------------------------------------------------------------

Number of OpenMM system constraints defined: 0

-----------------------------------------------------------------------------------
Time to calculate step (OpenMMTheory.run: const-check): 0.002 seconds, 0.0 minutes.
-----------------------------------------------------------------------------------
Updating coordinates.

------------------------------------------------------------------------
Time to calculate step (Creating pos array): 0.000 seconds, 0.0 minutes.
------------------------------------------------------------------------

---------------------------------------------------------------------------
Time to calculate step (Updating MM positions): 0.000 seconds, 0.0 minutes.
---------------------------------------------------------------------------
Calling OpenMM getState.

---------------------------------------------------------------------
Time to calculate step (OpenMM getState): 0.000 seconds, 0.0 minutes.
---------------------------------------------------------------------
OpenMM Energy: -3.0622833564129666 Eh
OpenMM Energy: -1921.6118184148852 kcal/mol

-----------------------
Ending OpenMM interface
-----------------------

----------------------------------------------------------------
Time to calculate step (OpenMM run): 0.003 seconds, 0.0 minutes.
----------------------------------------------------------------

-------------------------------------------------------------
Time to calculate step (MM step): 0.003 seconds, 0.0 minutes.
-------------------------------------------------------------

Note: You are using electrostatic embedding. This means that the QM-energy is actually the polarized QM-energy
Note: MM energy also contains the QM-MM Lennard-Jones interaction

QM energy:              -836.629807405449 
MM energy:                -3.062283356413
QM/MM energy:           -839.692090761862 

  ------------ENDING QM/MM MODULE------------- 

-----------------------------------------------------------------
Time to calculate step (QM/MM run): 235.776 seconds, 3.9 minutes.
-----------------------------------------------------------------
geometric called save_guess_files option option for ASHengineclass.
This option is currently unsupported in ASH. Continuing.

Convergence criteria: {'convergence_energy': 1e-05, 'convergence_grms': 0.003, 'convergence_gmax': 0.006, 'convergence_drms': 0.01, 'convergence_dmax': 0.015, 'convergence_cmax': 0.01}

Replacing coordinates in fragment.
Creating/Updating fragment attributes...
Number of Atoms in fragment: 100
Formula: N18C20O14H48
Label: CHHCCOOOCHCHCCHCHCHOHCOOCNHHNHHNHHCNHHNHHNHHCOOHCNHHNHHNHHCNHHNHHNHHCOOHCOOHCNHHNHHNHHCNHHNHHNHHCOOH
Charge: -2 Mult: 1

--------------------------------------------------------------------------------
Wrote XYZ file:  Fragment-currentgeo.xyz
Current geometry (Å) in step 6 (print_atoms_list region)
---------------------------------------------------
        C  59.12627002   34.28478380   57.07447848
        H  59.91761126   33.87618067   57.71911831
        H  59.28632485   35.29802642   56.78785267
        C  58.13347158   34.51528455   58.14125546
        C  57.35987074   35.88967942   58.40445692
        O  57.82972482   36.95186844   57.92782201
        O  56.48797975   35.85879275   59.29994075
        O  58.21177025   33.81132647   59.07139778
        C  57.05565336   31.90736489   55.80052553
        H  56.45683004   30.95264452   55.91861964
        C  58.36213062   31.91205456   56.09257478
        H  58.83585355   31.07917437   56.60310230
        C  59.11169315   33.16513400   55.91870331
        C  58.64894023   33.81906450   54.58806670
        H  59.40238975   34.27794134   53.92460229
        C  57.35700715   33.78830741   54.22505859
        H  56.93557192   34.28000131   53.33077213
        C  56.40082423   33.11659225   55.18974784
        H  56.36566364   33.80803041   56.06928011
        O  55.14732388   32.93004365   54.63912731
        H  54.76182662   32.06749152   54.77048498
        C  60.60344178   32.71051081   55.71383188
        O  61.28646855   32.60219860   56.78810781
        O  61.00878003   32.39524994   54.56957540
        C  54.89040000   41.21830000   65.11750000
        N  55.04097700   41.60352000   63.85344600
        H  54.73046000   42.26602200   64.54970000
        H  55.23714600   40.64848200   64.11711300
        N  54.48150100   42.09070400   66.03434900
        H  54.67767000   41.13566600   66.29801600
        H  54.59584900   42.38324000   65.07442800
        N  55.14872100   39.96067600   65.46470500
        H  55.26307000   40.25321100   64.50478400
        H  54.83820400   40.62317800   66.16095900
        C  59.50090000   39.33550000   66.26000000
        N  59.65147700   39.72072000   64.99594600
        H  59.34096000   40.38322200   65.69220000
        H  59.84764600   38.76568200   65.25961300
        N  59.09200100   40.20790400   67.17684900
        H  59.28817000   39.25286600   67.44051600
        H  59.20634900   40.50044000   66.21692800
        N  59.75922100   38.07787600   66.60720500
        H  59.87357000   38.37041100   65.64728400
        H  59.44870400   38.74037800   67.30345900
        C  69.74840000   37.57020000   52.11000000
        O  70.93222500   37.63197600   51.71346300
        O  69.03711600   36.54281700   52.14255900
        H  69.29042100   38.50605000   52.46276100
        C  49.75560000   39.75790000   62.74580000
        N  49.90617700   40.14312000   61.48174600
        H  49.59566000   40.80562200   62.17800000
        H  50.10234600   39.18808200   61.74541300
        N  49.34670100   40.63030400   63.66264900
        H  49.54287000   39.67526600   63.92631600
        H  49.46104900   40.92284000   62.70272800
        N  50.01392100   38.50027600   63.09300500
        H  50.12827000   38.79281100   62.13308400
        H  49.70340400   39.16277800   63.78925900
        C  54.95800000   29.39440000   66.15720000
        N  55.10857700   29.77962000   64.89314600
        H  54.79806000   30.44212200   65.58940000
        H  55.30474600   28.82458200   65.15681300
        N  54.54910100   30.26680400   67.07404900
        H  54.74527000   29.31176600   67.33771600
        H  54.66344900   30.55934000   66.11412800
        N  55.21632100   28.13677600   66.50440500
        H  55.33067000   28.42931100   65.54448400
        H  54.90580400   28.79927800   67.20065900
        C  69.45420000   25.80430000   53.35910000
        O  70.63802500   25.86607600   52.96256300
        O  68.74291600   24.77691700   53.39165900
        H  68.99622100   26.74015000   53.71186100
        C  65.78910000   29.53300000   44.76770000
        O  66.97292500   29.59477600   44.37116300
        O  65.07781600   28.50561700   44.80025900
        H  65.33112100   30.46885000   45.12046100
        C  47.65890000   31.15830000   61.15630000
        N  47.80947700   31.54352000   59.89224600
        H  47.49896000   32.20602200   60.58850000
        H  48.00564600   30.58848200   60.15591300
        N  47.25000100   32.03070400   62.07314900
        H  47.44617000   31.07566600   62.33681600
        H  47.36434900   32.32324000   61.11322800
        N  47.91722100   29.90067600   61.50350500
        H  48.03157000   30.19321100   60.54358400
        H  47.60670400   30.56317800   62.19975900
        C  51.95630000   33.68720000   65.49240000
        N  52.10687700   34.07242000   64.22834600
        H  51.79636000   34.73492200   64.92460000
        H  52.30304600   33.11738200   64.49201300
        N  51.54740100   34.55960400   66.40924900
        H  51.74357000   33.60456600   66.67291600
        H  51.66174900   34.85214000   65.44932800
        N  52.21462100   32.42957600   65.83960500
        H  52.32897000   32.72211100   64.87968400
        H  51.90410400   33.09207800   66.53585900
        C  71.00800000   32.33200000   50.39870000
        O  72.19182500   32.39377600   50.00216300
        O  70.29671600   31.30461700   50.43125900
        H  70.55002100   33.26785000   50.75146100

Note: printed only print_atoms_list (this is not necessarily all atoms) 
  ------------RUNNING QM/MM MODULE------------- 
QM Module: ORCATheory
MM Module: OpenMMTheory
Charge provided from QMMMTheory object:  -2
Mult provided from QMMMTheory object:  1
QM-region Charge: -2 Mult: 1
Embedding: Electrostatic
Number of pointcharges (to QM program): 76
Number of charge coordinates: 76
Running QM/MM object with 8 cores available

-------------------------------------------------------------------
Time to calculate step (before-QMstep): 0.000 seconds, 0.0 minutes.
-------------------------------------------------------------------
  ------------RUNNING ORCA INTERFACE------------- 
Object-label: ORCA
Run-label: None
Running ORCA with 8 cores available
Moreadfile option not active
A GBW-file with same basename : orca.gbw is present
Autostart is False. ORCA will ignore any file present
Creating inputfile: orca.inp
ORCA input:
! B3LYP D3BJ def2-SVP def2/J RIJCOSX CPCM TightSCF

! Noautostart

%cpcm epsilon 4.0 end
%scf MaxIter 300 Guess PModel end
Charge: -2  Mult: 1
Pointcharge embedding is on!
 ORCA Calculation starting. 
Found warning messages in ORCA outputfile:
WARNING: The chosen methods will break translational/rotational symmetry
 WARNING: The chosen methods will break translational symmetry
 WARNING: The chosen methods will break translational symmetry
 Warning: op=0 Small HOMO/LUMO gap (   0.061) - skipping pre-diagonalization

 ORCA Calculation done. 
ORCA converged in 15 iterations
ORCA energy: -836.632018316186
  ------------ENDING ORCA-INTERFACE------------- 

----------------------------------------------------------------
Time to calculate step (ORCA run): 240.900 seconds, 4.0 minutes.
----------------------------------------------------------------

---------------------------------------------------------------
Time to calculate step (QM step): 240.900 seconds, 4.0 minutes.
---------------------------------------------------------------

----------------------------------------------------------------------
Time to calculate step (QMpcgrad prepare): 0.000 seconds, 0.0 minutes.
----------------------------------------------------------------------

--------------------------------------------------------------------------
Time to calculate step (linkatomgrad prepare): 0.000 seconds, 0.0 minutes.
--------------------------------------------------------------------------

----------------------------------------------------------------------------
Time to calculate step (QM/MM gradient prepare): 0.000 seconds, 0.0 minutes.
----------------------------------------------------------------------------
Using OpenMM theory as part of QM/MM.
Using MM on full system. Charges for QM region [0, 1, 2, 3, 4, 5, 6, 7, 8, 9, 10, 11, 12, 13, 14, 15, 16, 17, 18, 19, 20, 21, 22, 23] have been set to zero 

--------------------------------------------------------------------------------
                   Creating/updating OpenMM simulation object                   
--------------------------------------------------------------------------------

Integrator name: VerletIntegrator
Timestep: 0.001
Temperature: 300
Coupling frequency: 1
Properties: {'Threads': '1'}
Topology: <Topology; 1 chains, 1 residues, 100 atoms, 0 bonds>

----------------------------------------------------------------------------------Step    9 : Displace = [0m4.031e-02[0m/[0m2.284e-01[0m (rms/max) Trust = 4.261e-02 ([91m-[0m) Grad_T = [0m7.969e-03[0m/[0m2.987e-02[0m (rms/max) E (change) = -839.7254506852 ([0m-3.114e-02[0m) Quality = [0m0.988[0m
Hessian Eigenvalues: 1.95841e-03 1.97593e-02 2.63687e-02 ... 5.78011e-01 5.89649e-01 6.20974e-01
Step   10 : Displace = [0m3.054e-02[0m/[0m1.218e-01[0m (rms/max) Trust = 6.026e-02 ([92m+[0m) Grad_T = [0m8.594e-03[0m/[0m3.966e-02[0m (rms/max) E (change) = -839.7326135326 ([0m-7.163e-03[0m) Quality = [0m0.505[0m
Hessian Eigenvalues: 1.85219e-03 1.96706e-02 2.63687e-02 ... 5.78011e-01 5.90652e-01 6.73719e-01
Step   11 : Displace = [0m5.956e-02[0m/[0m1.985e-01[0m (rms/max) Trust = 6.026e-02 (=) Grad_T = [0m9.272e-03[0m/[0m6.330e-02[0m (rms/max) E (change) = -839.7429574752 ([0m-1.034e-02[0m) Quality = [0m0.875[0m
Hessian Eigenvalues: 2.33212e-03 1.35560e-02 2.63687e-02 ... 5.78011e-01 5.92244e-01 6.21473e-01
Step   12 : Displace = [0m8.473e-02[0m/[0m2.764e-01[0m (rms/max) Trust = 8.523e-02 ([92m+[0m) Grad_T = [0m1.364e-02[0m/[0m6.076e-02[0m (rms/max) E (change) = -839.7456378253 ([0m-2.680e-03[0m) Quality = [0m0.117[0m
Hessian Eigenvalues: 1.99149e-03 1.52184e-02 2.63687e-02 ... 5.78011e-01 5.92256e-01 6.51347e-01
Step   13 : Displace = [0m4.079e-02[0m/[0m1.725e-01[0m (rms/max) Trust = 4.236e-02 ([91m-[0m) Grad_T = [0m5.919e-03[0m/[0m2.493e-02[0m (rms/max) E (change) = -839.7679299093 ([0m-2.229e-02[0m) Quality = [0m1.241[0m
Hessian Eigenvalues: 1.81768e-03 1.55924e-02 2.60051e-02 ... 5.78011e-01 5.93484e-01 6.20073e-01
Step   14 : Displace = [0m5.865e-02[0m/[0m2.058e-01[0m (rms/max) Trust = 5.991e-02 ([92m+[0m) Grad_T = [0m7.075e-03[0m/[0m4.418e-02[0m (rms/max) E (change) = -839.7796180552 ([0m-1.169e-02[0m) Quality = [0m0.977[0m
Hessian Eigenvalues: 9.39049e-04 1.48090e-02 2.07641e-02 ... 5.78011e-01 5.93772e-01 6.86637e-01
Step   15 : Displace = [0m8.491e-02[0m/[0m2.840e-01[0m (rms/max) Trust = 8.473e-02 ([92m+[0m) Grad_T = [0m1.320e-02[0m/[0m7.854e-02[0m (rms/max) E (change) = -839.7846653728 ([0m-5.047e-03[0m) Quality = [0m0.285[0m
Hessian Eigenvalues: 1.09480e-03 1.37130e-02 2.06441e-02 ... 5.93277e-01 6.19074e-01 9.02630e-01
Step   16 : Displace = [0m8.364e-02[0m/[0m2.999e-01[0m (rms/max) Trust = 8.473e-02 (=) Grad_T = [0m6.301e-03[0m/[0m2.816e-02[0m (rms/max) E (change) = -839.8087243288 ([0m-2.406e-02[0m) Quality = [0m1.136[0m
Hessian Eigenvalues: 9.74600e-04 1.30992e-02 1.96841e-02 ... 5.93573e-01 6.36929e-01 8.39772e-01
Step   17 : Displace = [0m1.187e-01[0m/[0m4.143e-01[0m (rms/max) Trust = 1.198e-01 ([92m+[0m) Grad_T = [0m1.111e-02[0m/[0m7.271e-02[0m (rms/max) E (change) = -839.8281978097 ([0m-1.947e-02[0m) Quality = [0m1.115[0m
Hessian Eigenvalues: 7.89641e-04 1.07339e-02 1.62220e-02 ... 5.93599e-01 6.32247e-01 1.77845e+00
Step   18 : Displace = [0m1.685e-01[0m/[0m5.718e-01[0m (rms/max) Trust = 1.695e-01 ([92m+[0m) Grad_T = [0m9.585e-03[0m/[0m4.420e-02[0m (rms/max) E (change) = -839.8596078574 ([0m-3.141e-02[0m) Quality = [0m1.287[0m
Hessian Eigenvalues: 2.90450e-04 1.41801e-02 1.55314e-02 ... 6.02373e-01 6.28839e-01 1.43098e+00

Time to calculate step (creating/updating simulation): 0.002 seconds, 0.0 minutes.
----------------------------------------------------------------------------------

--------------------------------------------------------------------------------
                     Running Single-point OpenMM Interface                      
--------------------------------------------------------------------------------

Number of OpenMM system constraints defined: 0

-----------------------------------------------------------------------------------
Time to calculate step (OpenMMTheory.run: const-check): 0.002 seconds, 0.0 minutes.
-----------------------------------------------------------------------------------
Updating coordinates.

------------------------------------------------------------------------
Time to calculate step (Creating pos array): 0.000 seconds, 0.0 minutes.
------------------------------------------------------------------------

---------------------------------------------------------------------------
Time to calculate step (Updating MM positions): 0.000 seconds, 0.0 minutes.
---------------------------------------------------------------------------
Calling OpenMM getState.

---------------------------------------------------------------------
Time to calculate step (OpenMM getState): 0.000 seconds, 0.0 minutes.
---------------------------------------------------------------------
OpenMM Energy: -3.062289360822153 Eh
OpenMM Energy: -1921.6155862385358 kcal/mol

-----------------------
Ending OpenMM interface
-----------------------

----------------------------------------------------------------
Time to calculate step (OpenMM run): 0.002 seconds, 0.0 minutes.
----------------------------------------------------------------

-------------------------------------------------------------
Time to calculate step (MM step): 0.003 seconds, 0.0 minutes.
-------------------------------------------------------------

Note: You are using electrostatic embedding. This means that the QM-energy is actually the polarized QM-energy
Note: MM energy also contains the QM-MM Lennard-Jones interaction

QM energy:              -836.632018316186 
MM energy:                -3.062289360822
QM/MM energy:           -839.694307677008 

  ------------ENDING QM/MM MODULE------------- 

-----------------------------------------------------------------
Time to calculate step (QM/MM run): 240.903 seconds, 4.0 minutes.
-----------------------------------------------------------------
geometric called save_guess_files option option for ASHengineclass.
This option is currently unsupported in ASH. Continuing.

Convergence criteria: {'convergence_energy': 1e-05, 'convergence_grms': 0.003, 'convergence_gmax': 0.006, 'convergence_drms': 0.01, 'convergence_dmax': 0.015, 'convergence_cmax': 0.01}

Replacing coordinates in fragment.
Creating/Updating fragment attributes...
Number of Atoms in fragment: 100
Formula: N18C20O14H48
Label: CHHCCOOOCHCHCCHCHCHOHCOOCNHHNHHNHHCNHHNHHNHHCOOHCNHHNHHNHHCNHHNHHNHHCOOHCOOHCNHHNHHNHHCNHHNHHNHHCOOH
Charge: -2 Mult: 1

--------------------------------------------------------------------------------
Wrote XYZ file:  Fragment-currentgeo.xyz
Current geometry (Å) in step 7 (print_atoms_list region)
---------------------------------------------------
        C  59.07720418   34.29435792   57.09679664
        H  59.92341911   33.88018035   57.63527247
        H  59.22520858   35.28801167   56.67375171
        C  58.09409587   34.49329310   58.25214922
        C  57.31562410   35.88834074   58.49454668
        O  57.77821847   36.91654907   57.95446149
        O  56.43911054   35.86429879   59.41418454
        O  58.22174036   33.83768874   59.30457200
        C  57.02949825   31.86543222   55.77483235
        H  56.41279614   30.94337795   55.89157414
        C  58.32123817   31.93334796   56.12346623
        H  58.82745747   31.08780827   56.60177754
        C  59.08994265   33.21772817   55.93591393
        C  58.63750604   33.83839706   54.59764413
        H  59.40324057   34.28575112   53.95143357
        C  57.34953903   33.79943555   54.24727601
        H  56.94102025   34.27713083   53.34378165
        C  56.38753845   33.11710810   55.20261260
        H  56.33344418   33.80018144   56.09088124
        O  55.09879376   32.96924904   54.65611674
        H  54.80530458   32.03527070   54.76257726
        C  60.60543275   32.74644969   55.77253957
        O  61.24301918   32.63454382   56.85936624
        O  60.94911291   32.42986226   54.62511590
        C  54.89040000   41.21830000   65.11750000
        N  55.04097700   41.60352000   63.85344600
        H  54.73046000   42.26602200   64.54970000
        H  55.23714600   40.64848200   64.11711300
        N  54.48150100   42.09070400   66.03434900
        H  54.67767000   41.13566600   66.29801600
        H  54.59584900   42.38324000   65.07442800
        N  55.14872100   39.96067600   65.46470500
        H  55.26307000   40.25321100   64.50478400
        H  54.83820400   40.62317800   66.16095900
        C  59.50090000   39.33550000   66.26000000
        N  59.65147700   39.72072000   64.99594600
        H  59.34096000   40.38322200   65.69220000
        H  59.84764600   38.76568200   65.25961300
        N  59.09200100   40.20790400   67.17684900
        H  59.28817000   39.25286600   67.44051600
        H  59.20634900   40.50044000   66.21692800
        N  59.75922100   38.07787600   66.60720500
        H  59.87357000   38.37041100   65.64728400
        H  59.44870400   38.74037800   67.30345900
        C  69.74840000   37.57020000   52.11000000
        O  70.93222500   37.63197600   51.71346300
        O  69.03711600   36.54281700   52.14255900
        H  69.29042100   38.50605000   52.46276100
        C  49.75560000   39.75790000   62.74580000
        N  49.90617700   40.14312000   61.48174600
        H  49.59566000   40.80562200   62.17800000
        H  50.10234600   39.18808200   61.74541300
        N  49.34670100   40.63030400   63.66264900
        H  49.54287000   39.67526600   63.92631600
        H  49.46104900   40.92284000   62.70272800
        N  50.01392100   38.50027600   63.09300500
        H  50.12827000   38.79281100   62.13308400
        H  49.70340400   39.16277800   63.78925900
        C  54.95800000   29.39440000   66.15720000
        N  55.10857700   29.77962000   64.89314600
        H  54.79806000   30.44212200   65.58940000
        H  55.30474600   28.82458200   65.15681300
        N  54.54910100   30.26680400   67.07404900
        H  54.74527000   29.31176600   67.33771600
        H  54.66344900   30.55934000   66.11412800
        N  55.21632100   28.13677600   66.50440500
        H  55.33067000   28.42931100   65.54448400
        H  54.90580400   28.79927800   67.20065900
        C  69.45420000   25.80430000   53.35910000
        O  70.63802500   25.86607600   52.96256300
        O  68.74291600   24.77691700   53.39165900
        H  68.99622100   26.74015000   53.71186100
        C  65.78910000   29.53300000   44.76770000
        O  66.97292500   29.59477600   44.37116300
        O  65.07781600   28.50561700   44.80025900
        H  65.33112100   30.46885000   45.12046100
        C  47.65890000   31.15830000   61.15630000
        N  47.80947700   31.54352000   59.89224600
        H  47.49896000   32.20602200   60.58850000
        H  48.00564600   30.58848200   60.15591300
        N  47.25000100   32.03070400   62.07314900
        H  47.44617000   31.07566600   62.33681600
        H  47.36434900   32.32324000   61.11322800
        N  47.91722100   29.90067600   61.50350500
        H  48.03157000   30.19321100   60.54358400
        H  47.60670400   30.56317800   62.19975900
        C  51.95630000   33.68720000   65.49240000
        N  52.10687700   34.07242000   64.22834600
        H  51.79636000   34.73492200   64.92460000
        H  52.30304600   33.11738200   64.49201300
        N  51.54740100   34.55960400   66.40924900
        H  51.74357000   33.60456600   66.67291600
        H  51.66174900   34.85214000   65.44932800
        N  52.21462100   32.42957600   65.83960500
        H  52.32897000   32.72211100   64.87968400
        H  51.90410400   33.09207800   66.53585900
        C  71.00800000   32.33200000   50.39870000
        O  72.19182500   32.39377600   50.00216300
        O  70.29671600   31.30461700   50.43125900
        H  70.55002100   33.26785000   50.75146100

Note: printed only print_atoms_list (this is not necessarily all atoms) 
  ------------RUNNING QM/MM MODULE------------- 
QM Module: ORCATheory
MM Module: OpenMMTheory
Charge provided from QMMMTheory object:  -2
Mult provided from QMMMTheory object:  1
QM-region Charge: -2 Mult: 1
Embedding: Electrostatic
Number of pointcharges (to QM program): 76
Number of charge coordinates: 76
Running QM/MM object with 8 cores available

-------------------------------------------------------------------
Time to calculate step (before-QMstep): 0.000 seconds, 0.0 minutes.
-------------------------------------------------------------------
  ------------RUNNING ORCA INTERFACE------------- 
Object-label: ORCA
Run-label: None
Running ORCA with 8 cores available
Moreadfile option not active
A GBW-file with same basename : orca.gbw is present
Autostart is False. ORCA will ignore any file present
Creating inputfile: orca.inp
ORCA input:
! B3LYP D3BJ def2-SVP def2/J RIJCOSX CPCM TightSCF

! Noautostart

%cpcm epsilon 4.0 end
%scf MaxIter 300 Guess PModel end
Charge: -2  Mult: 1
Pointcharge embedding is on!
 ORCA Calculation starting. 
Found warning messages in ORCA outputfile:
WARNING: The chosen methods will break translational/rotational symmetry
 WARNING: The chosen methods will break translational symmetry
 WARNING: The chosen methods will break translational symmetry
 Warning: op=0 Small HOMO/LUMO gap (   0.054) - skipping pre-diagonalization

 ORCA Calculation done. 
ORCA converged in 15 iterations
ORCA energy: -836.663147520605
  ------------ENDING ORCA-INTERFACE------------- 

----------------------------------------------------------------
Time to calculate step (ORCA run): 212.367 seconds, 3.5 minutes.
----------------------------------------------------------------

---------------------------------------------------------------
Time to calculate step (QM step): 212.367 seconds, 3.5 minutes.
---------------------------------------------------------------

----------------------------------------------------------------------
Time to calculate step (QMpcgrad prepare): 0.000 seconds, 0.0 minutes.
----------------------------------------------------------------------

--------------------------------------------------------------------------
Time to calculate step (linkatomgrad prepare): 0.000 seconds, 0.0 minutes.
--------------------------------------------------------------------------

----------------------------------------------------------------------------
Time to calculate step (QM/MM gradient prepare): 0.000 seconds, 0.0 minutes.
----------------------------------------------------------------------------
Using OpenMM theory as part of QM/MM.
Using MM on full system. Charges for QM region [0, 1, 2, 3, 4, 5, 6, 7, 8, 9, 10, 11, 12, 13, 14, 15, 16, 17, 18, 19, 20, 21, 22, 23] have been set to zero 

--------------------------------------------------------------------------------
                   Creating/updating OpenMM simulation object                   
--------------------------------------------------------------------------------

Integrator name: VerletIntegrator
Timestep: 0.001
Temperature: 300
Coupling frequency: 1
Properties: {'Threads': '1'}
Topology: <Topology; 1 chains, 1 residues, 100 atoms, 0 bonds>

----------------------------------------------------------------------------------
Time to calculate step (creating/updating simulation): 0.002 seconds, 0.0 minutes.
----------------------------------------------------------------------------------

--------------------------------------------------------------------------------
                     Running Single-point OpenMM Interface                      
--------------------------------------------------------------------------------

Number of OpenMM system constraints defined: 0

-----------------------------------------------------------------------------------
Time to calculate step (OpenMMTheory.run: const-check): 0.002 seconds, 0.0 minutes.
-----------------------------------------------------------------------------------
Updating coordinates.

------------------------------------------------------------------------
Time to calculate step (Creating pos array): 0.000 seconds, 0.0 minutes.
------------------------------------------------------------------------

---------------------------------------------------------------------------
Time to calculate step (Updating MM positions): 0.000 seconds, 0.0 minutes.
---------------------------------------------------------------------------
Calling OpenMM getState.

---------------------------------------------------------------------
Time to calculate step (OpenMM getState): 0.000 seconds, 0.0 minutes.
---------------------------------------------------------------------
OpenMM Energy: -3.0623031645600736 Eh
OpenMM Energy: -1921.6242482148587 kcal/mol

-----------------------
Ending OpenMM interface
-----------------------

----------------------------------------------------------------
Time to calculate step (OpenMM run): 0.004 seconds, 0.0 minutes.
----------------------------------------------------------------

-------------------------------------------------------------
Time to calculate step (MM step): 0.004 seconds, 0.0 minutes.
-------------------------------------------------------------

Note: You are using electrostatic embedding. This means that the QM-energy is actually the polarized QM-energy
Note: MM energy also contains the QM-MM Lennard-Jones interaction

QM energy:              -836.663147520605 
MM energy:                -3.062303164560
QM/MM energy:           -839.725450685165 

  ------------ENDING QM/MM MODULE------------- 

-----------------------------------------------------------------
Time to calculate step (QM/MM run): 212.371 seconds, 3.5 minutes.
-----------------------------------------------------------------
geometric called save_guess_files option option for ASHengineclass.
This option is currently unsupported in ASH. Continuing.
geometric called clearCalcs option for ASHengineclass.
This option is currently unsupported in ASH. Continuing.

Convergence criteria: {'convergence_energy': 1e-05, 'convergence_grms': 0.003, 'convergence_gmax': 0.006, 'convergence_drms': 0.01, 'convergence_dmax': 0.015, 'convergence_cmax': 0.01}

Replacing coordinates in fragment.
Creating/Updating fragment attributes...
Number of Atoms in fragment: 100
Formula: N18C20O14H48
Label: CHHCCOOOCHCHCCHCHCHOHCOOCNHHNHHNHHCNHHNHHNHHCOOHCNHHNHHNHHCNHHNHHNHHCOOHCOOHCNHHNHHNHHCNHHNHHNHHCOOH
Charge: -2 Mult: 1

--------------------------------------------------------------------------------
Wrote XYZ file:  Fragment-currentgeo.xyz
Current geometry (Å) in step 8 (print_atoms_list region)
---------------------------------------------------
        C  59.04261919   34.28237813   57.14722310
        H  60.00162125   33.94862815   57.62302352
        H  59.24411093   35.25123744   56.63475835
        C  58.12466525   34.51226018   58.36411776
        C  57.30291736   35.87235676   58.57921583
        O  57.76031463   36.84391998   57.94921581
        O  56.37272981   35.84695639   59.43296686
        O  58.11362921   33.77797074   59.32545245
        C  57.00709854   31.87151370   55.79041722
        H  56.40284093   30.96963607   55.90191219
        C  58.28679427   31.97088266   56.18668638
        H  58.83141515   31.12314345   56.62487777
        C  59.07319486   33.21881608   55.88363601
        C  58.62271265   33.86279318   54.60037250
        H  59.40543260   34.30042905   53.98396346
        C  57.33674785   33.81796594   54.26800050
        H  56.93932314   34.26912890   53.35523377
        C  56.37558263   33.12706005   55.21689322
        H  56.27166917   33.81539989   56.09237131
        O  55.07688146   32.95988776   54.65270282
        H  54.82889514   32.03171592   54.77028365
        C  60.60009143   32.74121413   55.79362989
        O  61.18406699   32.66337265   56.90539071
        O  60.92591420   32.46462900   54.64756672
        C  54.89040000   41.21830000   65.11750000
        N  55.04097700   41.60352000   63.85344600
        H  54.73046000   42.26602200   64.54970000
        H  55.23714600   40.64848200   64.11711300
        N  54.48150100   42.09070400   66.03434900
        H  54.67767000   41.13566600   66.29801600
        H  54.59584900   42.38324000   65.07442800
        N  55.14872100   39.96067600   65.46470500
        H  55.26307000   40.25321100   64.50478400
        H  54.83820400   40.62317800   66.16095900
        C  59.50090000   39.33550000   66.26000000
        N  59.65147700   39.72072000   64.99594600
        H  59.34096000   40.38322200   65.69220000
        H  59.84764600   38.76568200   65.25961300
        N  59.09200100   40.20790400   67.17684900
        H  59.28817000   39.25286600   67.44051600
        H  59.20634900   40.50044000   66.21692800
        N  59.75922100   38.07787600   66.60720500
        H  59.87357000   38.37041100   65.64728400
        H  59.44870400   38.74037800   67.30345900
        C  69.74840000   37.57020000   52.11000000
        O  70.93222500   37.63197600   51.71346300
        O  69.03711600   36.54281700   52.14255900
        H  69.29042100   38.50605000   52.46276100
        C  49.75560000   39.75790000   62.74580000
        N  49.90617700   40.14312000   61.48174600
        H  49.59566000   40.80562200   62.17800000
        H  50.10234600   39.18808200   61.74541300
        N  49.34670100   40.63030400   63.66264900
        H  49.54287000   39.67526600   63.92631600
        H  49.46104900   40.92284000   62.70272800
        N  50.01392100   38.50027600   63.09300500
        H  50.12827000   38.79281100   62.13308400
        H  49.70340400   39.16277800   63.78925900
        C  54.95800000   29.39440000   66.15720000
        N  55.10857700   29.77962000   64.89314600
        H  54.79806000   30.44212200   65.58940000
        H  55.30474600   28.82458200   65.15681300
        N  54.54910100   30.26680400   67.07404900
        H  54.74527000   29.31176600   67.33771600
        H  54.66344900   30.55934000   66.11412800
        N  55.21632100   28.13677600   66.50440500
        H  55.33067000   28.42931100   65.54448400
        H  54.90580400   28.79927800   67.20065900
        C  69.45420000   25.80430000   53.35910000
        O  70.63802500   25.86607600   52.96256300
        O  68.74291600   24.77691700   53.39165900
        H  68.99622100   26.74015000   53.71186100
        C  65.78910000   29.53300000   44.76770000
        O  66.97292500   29.59477600   44.37116300
        O  65.07781600   28.50561700   44.80025900
        H  65.33112100   30.46885000   45.12046100
        C  47.65890000   31.15830000   61.15630000
        N  47.80947700   31.54352000   59.89224600
        H  47.49896000   32.20602200   60.58850000
        H  48.00564600   30.58848200   60.15591300
        N  47.25000100   32.03070400   62.07314900
        H  47.44617000   31.07566600   62.33681600
        H  47.36434900   32.32324000   61.11322800
        N  47.91722100   29.90067600   61.50350500
        H  48.03157000   30.19321100   60.54358400
        H  47.60670400   30.56317800   62.19975900
        C  51.95630000   33.68720000   65.49240000
        N  52.10687700   34.07242000   64.22834600
        H  51.79636000   34.73492200   64.92460000
        H  52.30304600   33.11738200   64.49201300
        N  51.54740100   34.55960400   66.40924900
        H  51.74357000   33.60456600   66.67291600
        H  51.66174900   34.85214000   65.44932800
        N  52.21462100   32.42957600   65.83960500
        H  52.32897000   32.72211100   64.87968400
        H  51.90410400   33.09207800   66.53585900
        C  71.00800000   32.33200000   50.39870000
        O  72.19182500   32.39377600   50.00216300
        O  70.29671600   31.30461700   50.43125900
        H  70.55002100   33.26785000   50.75146100

Note: printed only print_atoms_list (this is not necessarily all atoms) 
  ------------RUNNING QM/MM MODULE------------- 
QM Module: ORCATheory
MM Module: OpenMMTheory
Charge provided from QMMMTheory object:  -2
Mult provided from QMMMTheory object:  1
QM-region Charge: -2 Mult: 1
Embedding: Electrostatic
Number of pointcharges (to QM program): 76
Number of charge coordinates: 76
Running QM/MM object with 8 cores available

-------------------------------------------------------------------
Time to calculate step (before-QMstep): 0.000 seconds, 0.0 minutes.
-------------------------------------------------------------------
  ------------RUNNING ORCA INTERFACE------------- 
Object-label: ORCA
Run-label: None
Running ORCA with 8 cores available
Moreadfile option not active
A GBW-file with same basename : orca.gbw is present
Autostart is False. ORCA will ignore any file present
Creating inputfile: orca.inp
ORCA input:
! B3LYP D3BJ def2-SVP def2/J RIJCOSX CPCM TightSCF

! Noautostart

%cpcm epsilon 4.0 end
%scf MaxIter 300 Guess PModel end
Charge: -2  Mult: 1
Pointcharge embedding is on!
 ORCA Calculation starting. 
Found warning messages in ORCA outputfile:
WARNING: The chosen methods will break translational/rotational symmetry
 WARNING: The chosen methods will break translational symmetry
 WARNING: The chosen methods will break translational symmetry
 Warning: op=0 Small HOMO/LUMO gap (   0.079) - skipping pre-diagonalization

 ORCA Calculation done. 
ORCA converged in 15 iterations
ORCA energy: -836.670303752128
  ------------ENDING ORCA-INTERFACE------------- 

----------------------------------------------------------------
Time to calculate step (ORCA run): 213.376 seconds, 3.6 minutes.
----------------------------------------------------------------

---------------------------------------------------------------
Time to calculate step (QM step): 213.376 seconds, 3.6 minutes.
---------------------------------------------------------------

----------------------------------------------------------------------
Time to calculate step (QMpcgrad prepare): 0.000 seconds, 0.0 minutes.
----------------------------------------------------------------------

--------------------------------------------------------------------------
Time to calculate step (linkatomgrad prepare): 0.000 seconds, 0.0 minutes.
--------------------------------------------------------------------------

----------------------------------------------------------------------------
Time to calculate step (QM/MM gradient prepare): 0.000 seconds, 0.0 minutes.
----------------------------------------------------------------------------
Using OpenMM theory as part of QM/MM.
Using MM on full system. Charges for QM region [0, 1, 2, 3, 4, 5, 6, 7, 8, 9, 10, 11, 12, 13, 14, 15, 16, 17, 18, 19, 20, 21, 22, 23] have been set to zero 

--------------------------------------------------------------------------------
                   Creating/updating OpenMM simulation object                   
--------------------------------------------------------------------------------

Integrator name: VerletIntegrator
Timestep: 0.001
Temperature: 300
Coupling frequency: 1
Properties: {'Threads': '1'}
Topology: <Topology; 1 chains, 1 residues, 100 atoms, 0 bonds>

----------------------------------------------------------------------------------
Time to calculate step (creating/updating simulation): 0.002 seconds, 0.0 minutes.
----------------------------------------------------------------------------------

--------------------------------------------------------------------------------
                     Running Single-point OpenMM Interface                      
--------------------------------------------------------------------------------

Number of OpenMM system constraints defined: 0

-----------------------------------------------------------------------------------
Time to calculate step (OpenMMTheory.run: const-check): 0.002 seconds, 0.0 minutes.
-----------------------------------------------------------------------------------
Updating coordinates.

------------------------------------------------------------------------
Time to calculate step (Creating pos array): 0.000 seconds, 0.0 minutes.
------------------------------------------------------------------------

---------------------------------------------------------------------------
Time to calculate step (Updating MM positions): 0.000 seconds, 0.0 minutes.
---------------------------------------------------------------------------
Calling OpenMM getState.

---------------------------------------------------------------------
Time to calculate step (OpenMM getState): 0.000 seconds, 0.0 minutes.
---------------------------------------------------------------------
OpenMM Energy: -3.0623097804764634 Eh
OpenMM Energy: -1921.6283997650728 kcal/mol

-----------------------
Ending OpenMM interface
-----------------------

----------------------------------------------------------------
Time to calculate step (OpenMM run): 0.003 seconds, 0.0 minutes.
----------------------------------------------------------------

-------------------------------------------------------------
Time to calculate step (MM step): 0.004 seconds, 0.0 minutes.
-------------------------------------------------------------

Note: You are using electrostatic embedding. This means that the QM-energy is actually the polarized QM-energy
Note: MM energy also contains the QM-MM Lennard-Jones interaction

QM energy:              -836.670303752128 
MM energy:                -3.062309780476
QM/MM energy:           -839.732613532604 

  ------------ENDING QM/MM MODULE------------- 

-----------------------------------------------------------------
Time to calculate step (QM/MM run): 213.380 seconds, 3.6 minutes.
-----------------------------------------------------------------
geometric called save_guess_files option option for ASHengineclass.
This option is currently unsupported in ASH. Continuing.

Convergence criteria: {'convergence_energy': 1e-05, 'convergence_grms': 0.003, 'convergence_gmax': 0.006, 'convergence_drms': 0.01, 'convergence_dmax': 0.015, 'convergence_cmax': 0.01}

Replacing coordinates in fragment.
Creating/Updating fragment attributes...
Number of Atoms in fragment: 100
Formula: N18C20O14H48
Label: CHHCCOOOCHCHCCHCHCHOHCOOCNHHNHHNHHCNHHNHHNHHCOOHCNHHNHHNHHCNHHNHHNHHCOOHCOOHCNHHNHHNHHCNHHNHHNHHCOOH
Charge: -2 Mult: 1

--------------------------------------------------------------------------------
Wrote XYZ file:  Fragment-currentgeo.xyz
Current geometry (Å) in step 9 (print_atoms_list region)
---------------------------------------------------
        C  58.97040317   34.31292370   57.17127601
        H  59.97120512   34.06305433   57.65912076
        H  59.12445658   35.31927890   56.72184371
        C  58.06751786   34.47337657   58.42350735
        C  57.23897562   35.82191627   58.71517955
        O  57.62193148   36.83626895   58.09829959
        O  56.35765795   35.77213421   59.63280632
        O  58.11147856   33.70256606   59.36133738
        C  56.94583719   31.88927844   55.81675331
        H  56.37496064   30.93973808   55.81473306
        C  58.21298896   32.01514876   56.26617258
        H  58.75308565   31.14308220   56.67222098
        C  58.99460037   33.31289918   56.05989677
        C  58.56448153   33.90353256   54.71534167
        H  59.36510581   34.32644382   54.10362743
        C  57.28870274   33.82833107   54.31102828
        H  56.91297651   34.22515748   53.35705869
        C  56.31051069   33.14522037   55.25195328
        H  56.21045318   33.82848443   56.12905956
        O  55.01367961   32.97299590   54.69915666
        H  54.80315618   32.02516924   54.69886439
        C  60.52508425   32.79924841   55.93045957
        O  61.12212121   32.74742109   57.03624473
        O  60.86179305   32.49551646   54.79366010
        C  54.89040000   41.21830000   65.11750000
        N  55.04097700   41.60352000   63.85344600
        H  54.73046000   42.26602200   64.54970000
        H  55.23714600   40.64848200   64.11711300
        N  54.48150100   42.09070400   66.03434900
        H  54.67767000   41.13566600   66.29801600
        H  54.59584900   42.38324000   65.07442800
        N  55.14872100   39.96067600   65.46470500
        H  55.26307000   40.25321100   64.50478400
        H  54.83820400   40.62317800   66.16095900
        C  59.50090000   39.33550000   66.26000000
        N  59.65147700   39.72072000   64.99594600
        H  59.34096000   40.38322200   65.69220000
        H  59.84764600   38.76568200   65.25961300
        N  59.09200100   40.20790400   67.17684900
        H  59.28817000   39.25286600   67.44051600
        H  59.20634900   40.50044000   66.21692800
        N  59.75922100   38.07787600   66.60720500
        H  59.87357000   38.37041100   65.64728400
        H  59.44870400   38.74037800   67.30345900
        C  69.74840000   37.57020000   52.11000000
        O  70.93222500   37.63197600   51.71346300
        O  69.03711600   36.54281700   52.14255900
        H  69.29042100   38.50605000   52.46276100
        C  49.75560000   39.75790000   62.74580000
        N  49.90617700   40.14312000   61.48174600
        H  49.59566000   40.80562200   62.17800000
        H  50.10234600   39.18808200   61.74541300
        N  49.34670100   40.63030400   63.66264900
        H  49.54287000   39.67526600   63.92631600
        H  49.46104900   40.92284000   62.70272800
        N  50.01392100   38.50027600   63.09300500
        H  50.12827000   38.79281100   62.13308400
        H  49.70340400   39.16277800   63.78925900
        C  54.95800000   29.39440000   66.15720000
        N  55.10857700   29.77962000   64.89314600
        H  54.79806000   30.44212200   65.58940000
        H  55.30474600   28.82458200   65.15681300
        N  54.54910100   30.26680400   67.07404900
        H  54.74527000   29.31176600   67.33771600
        H  54.66344900   30.55934000   66.11412800
        N  55.21632100   28.13677600   66.50440500
        H  55.33067000   28.42931100   65.54448400
        H  54.90580400   28.79927800   67.20065900
        C  69.45420000   25.80430000   53.35910000
        O  70.63802500   25.86607600   52.96256300
        O  68.74291600   24.77691700   53.39165900
        H  68.99622100   26.74015000   53.71186100
        C  65.78910000   29.53300000   44.76770000
        O  66.97292500   29.59477600   44.37116300
        O  65.07781600   28.50561700   44.80025900
        H  65.33112100   30.46885000   45.12046100
        C  47.65890000   31.15830000   61.15630000
        N  47.80947700   31.54352000   59.89224600
        H  47.49896000   32.20602200   60.58850000
        H  48.00564600   30.58848200   60.15591300
        N  47.25000100   32.03070400   62.07314900
        H  47.44617000   31.07566600   62.33681600
        H  47.36434900   32.32324000   61.11322800
        N  47.91722100   29.90067600   61.50350500
        H  48.03157000   30.19321100   60.54358400
        H  47.60670400   30.56317800   62.19975900
        C  51.95630000   33.68720000   65.49240000
        N  52.10687700   34.07242000   64.22834600
        H  51.79636000   34.73492200   64.92460000
        H  52.30304600   33.11738200   64.49201300
        N  51.54740100   34.55960400   66.40924900
        H  51.74357000   33.60456600   66.67291600
        H  51.66174900   34.85214000   65.44932800
        N  52.21462100   32.42957600   65.83960500
        H  52.32897000   32.72211100   64.87968400
        H  51.90410400   33.09207800   66.53585900
        C  71.00800000   32.33200000   50.39870000
        O  72.19182500   32.39377600   50.00216300
        O  70.29671600   31.30461700   50.43125900
        H  70.55002100   33.26785000   50.75146100

Note: printed only print_atoms_list (this is not necessarily all atoms) 
  ------------RUNNING QM/MM MODULE------------- 
QM Module: ORCATheory
MM Module: OpenMMTheory
Charge provided from QMMMTheory object:  -2
Mult provided from QMMMTheory object:  1
QM-region Charge: -2 Mult: 1
Embedding: Electrostatic
Number of pointcharges (to QM program): 76
Number of charge coordinates: 76
Running QM/MM object with 8 cores available

-------------------------------------------------------------------
Time to calculate step (before-QMstep): 0.000 seconds, 0.0 minutes.
-------------------------------------------------------------------
  ------------RUNNING ORCA INTERFACE------------- 
Object-label: ORCA
Run-label: None
Running ORCA with 8 cores available
Moreadfile option not active
A GBW-file with same basename : orca.gbw is present
Autostart is False. ORCA will ignore any file present
Creating inputfile: orca.inp
ORCA input:
! B3LYP D3BJ def2-SVP def2/J RIJCOSX CPCM TightSCF

! Noautostart

%cpcm epsilon 4.0 end
%scf MaxIter 300 Guess PModel end
Charge: -2  Mult: 1
Pointcharge embedding is on!
 ORCA Calculation starting. 
Found warning messages in ORCA outputfile:
WARNING: The chosen methods will break translational/rotational symmetry
 WARNING: The chosen methods will break translational symmetry
 WARNING: The chosen methods will break translational symmetry
 Warning: op=0 Small HOMO/LUMO gap (   0.068) - skipping pre-diagonalization

 ORCA Calculation done. 
ORCA converged in 15 iterations
ORCA energy: -836.680628881397
  ------------ENDING ORCA-INTERFACE------------- 

----------------------------------------------------------------
Time to calculate step (ORCA run): 193.697 seconds, 3.2 minutes.
----------------------------------------------------------------

---------------------------------------------------------------
Time to calculate step (QM step): 193.697 seconds, 3.2 minutes.
---------------------------------------------------------------

----------------------------------------------------------------------
Time to calculate step (QMpcgrad prepare): 0.000 seconds, 0.0 minutes.
----------------------------------------------------------------------

--------------------------------------------------------------------------
Time to calculate step (linkatomgrad prepare): 0.000 seconds, 0.0 minutes.
--------------------------------------------------------------------------

----------------------------------------------------------------------------
Time to calculate step (QM/MM gradient prepare): 0.000 seconds, 0.0 minutes.
----------------------------------------------------------------------------
Using OpenMM theory as part of QM/MM.
Using MM on full system. Charges for QM region [0, 1, 2, 3, 4, 5, 6, 7, 8, 9, 10, 11, 12, 13, 14, 15, 16, 17, 18, 19, 20, 21, 22, 23] have been set to zero 

--------------------------------------------------------------------------------
                   Creating/updating OpenMM simulation object                   
--------------------------------------------------------------------------------

Integrator name: VerletIntegrator
Timestep: 0.001
Temperature: 300
Coupling frequency: 1
Properties: {'Threads': '1'}
Topology: <Topology; 1 chains, 1 residues, 100 atoms, 0 bonds>

----------------------------------------------------------------------------------
Time to calculate step (creating/updating simulation): 0.001 seconds, 0.0 minutes.
----------------------------------------------------------------------------------

--------------------------------------------------------------------------------
                     Running Single-point OpenMM Interface                      
--------------------------------------------------------------------------------

Number of OpenMM system constraints defined: 0

-----------------------------------------------------------------------------------
Time to calculate step (OpenMMTheory.run: const-check): 0.002 seconds, 0.0 minutes.
-----------------------------------------------------------------------------------
Updating coordinates.

------------------------------------------------------------------------
Time to calculate step (Creating pos array): 0.000 seconds, 0.0 minutes.
------------------------------------------------------------------------

---------------------------------------------------------------------------
Time to calculate step (Updating MM positions): 0.000 seconds, 0.0 minutes.
---------------------------------------------------------------------------
Calling OpenMM getState.

---------------------------------------------------------------------
Time to calculate step (OpenMM getState): 0.000 seconds, 0.0 minutes.
---------------------------------------------------------------------
OpenMM Energy: -3.0623285938337497 Eh
OpenMM Energy: -1921.6402053250088 kcal/mol

-----------------------
Ending OpenMM interface
-----------------------

----------------------------------------------------------------
Time to calculate step (OpenMM run): 0.002 seconds, 0.0 minutes.
----------------------------------------------------------------

-------------------------------------------------------------
Time to calculate step (MM step): 0.002 seconds, 0.0 minutes.
-------------------------------------------------------------

Note: You are using electrostatic embedding. This means that the QM-energy is actually the polarized QM-energy
Note: MM energy also contains the QM-MM Lennard-Jones interaction

QM energy:              -836.680628881397 
MM energy:                -3.062328593834
QM/MM energy:           -839.742957475231 

  ------------ENDING QM/MM MODULE------------- 

-----------------------------------------------------------------
Time to calculate step (QM/MM run): 193.700 seconds, 3.2 minutes.
-----------------------------------------------------------------
geometric called save_guess_files option option for ASHengineclass.
This option is currently unsupported in ASH. Continuing.

Convergence criteria: {'convergence_energy': 1e-05, 'convergence_grms': 0.003, 'convergence_gmax': 0.006, 'convergence_drms': 0.01, 'convergence_dmax': 0.015, 'convergence_cmax': 0.01}

Replacing coordinates in fragment.
Creating/Updating fragment attributes...
Number of Atoms in fragment: 100
Formula: N18C20O14H48
Label: CHHCCOOOCHCHCCHCHCHOHCOOCNHHNHHNHHCNHHNHHNHHCOOHCNHHNHHNHHCNHHNHHNHHCOOHCOOHCNHHNHHNHHCNHHNHHNHHCOOH
Charge: -2 Mult: 1

--------------------------------------------------------------------------------
Wrote XYZ file:  Fragment-currentgeo.xyz
Current geometry (Å) in step 10 (print_atoms_list region)
---------------------------------------------------
        C  58.96755591   34.52826162   57.32316489
        H  59.94851226   34.21018243   57.72834518
        H  58.99905993   35.51420498   56.88850858
        C  57.98010215   34.39016000   58.45964748
        C  57.16308843   35.71934261   58.80762330
        O  57.38762479   36.84515194   58.29565346
        O  56.34769630   35.61074227   59.82520932
        O  58.07621749   33.49028120   59.35518764
        C  56.85253653   31.96933144   55.91381562
        H  56.36990505   30.96993675   55.76752099
        C  58.09077211   32.05080967   56.39731806
        H  58.64691263   31.19191994   56.77984538
        C  58.87262302   33.33645166   56.21325117
        C  58.46940415   33.95293821   54.87368784
        H  59.29238773   34.37636974   54.28105427
        C  57.21137573   33.85736874   54.38406231
        H  56.87663753   34.16957366   53.37876584
        C  56.20763967   33.19119462   55.31452919
        H  56.06607972   33.88366174   56.17067382
        O  54.92592608   32.95887921   54.76136801
        H  54.80726999   31.99225357   54.58459637
        C  60.42575500   32.84887524   56.09568799
        O  61.05767420   32.80345481   57.17217840
        O  60.81433634   32.52069288   54.97590435
        C  54.89040000   41.21830000   65.11750000
        N  55.04097700   41.60352000   63.85344600
        H  54.73046000   42.26602200   64.54970000
        H  55.23714600   40.64848200   64.11711300
        N  54.48150100   42.09070400   66.03434900
        H  54.67767000   41.13566600   66.29801600
        H  54.59584900   42.38324000   65.07442800
        N  55.14872100   39.96067600   65.46470500
        H  55.26307000   40.25321100   64.50478400
        H  54.83820400   40.62317800   66.16095900
        C  59.50090000   39.33550000   66.26000000
        N  59.65147700   39.72072000   64.99594600
        H  59.34096000   40.38322200   65.69220000
        H  59.84764600   38.76568200   65.25961300
        N  59.09200100   40.20790400   67.17684900
        H  59.28817000   39.25286600   67.44051600
        H  59.20634900   40.50044000   66.21692800
        N  59.75922100   38.07787600   66.60720500
        H  59.87357000   38.37041100   65.64728400
        H  59.44870400   38.74037800   67.30345900
        C  69.74840000   37.57020000   52.11000000
        O  70.93222500   37.63197600   51.71346300
        O  69.03711600   36.54281700   52.14255900
        H  69.29042100   38.50605000   52.46276100
        C  49.75560000   39.75790000   62.74580000
        N  49.90617700   40.14312000   61.48174600
        H  49.59566000   40.80562200   62.17800000
        H  50.10234600   39.18808200   61.74541300
        N  49.34670100   40.63030400   63.66264900
        H  49.54287000   39.67526600   63.92631600
        H  49.46104900   40.92284000   62.70272800
        N  50.01392100   38.50027600   63.09300500
        H  50.12827000   38.79281100   62.13308400
        H  49.70340400   39.16277800   63.78925900
        C  54.95800000   29.39440000   66.15720000
        N  55.10857700   29.77962000   64.89314600
        H  54.79806000   30.44212200   65.58940000
        H  55.30474600   28.82458200   65.15681300
        N  54.54910100   30.26680400   67.07404900
        H  54.74527000   29.31176600   67.33771600
        H  54.66344900   30.55934000   66.11412800
        N  55.21632100   28.13677600   66.50440500
        H  55.33067000   28.42931100   65.54448400
        H  54.90580400   28.79927800   67.20065900
        C  69.45420000   25.80430000   53.35910000
        O  70.63802500   25.86607600   52.96256300
        O  68.74291600   24.77691700   53.39165900
        H  68.99622100   26.74015000   53.71186100
        C  65.78910000   29.53300000   44.76770000
        O  66.97292500   29.59477600   44.37116300
        O  65.07781600   28.50561700   44.80025900
        H  65.33112100   30.46885000   45.12046100
        C  47.65890000   31.15830000   61.15630000
        N  47.80947700   31.54352000   59.89224600
        H  47.49896000   32.20602200   60.58850000
        H  48.00564600   30.58848200   60.15591300
        N  47.25000100   32.03070400   62.07314900
        H  47.44617000   31.07566600   62.33681600
        H  47.36434900   32.32324000   61.11322800
        N  47.91722100   29.90067600   61.50350500
        H  48.03157000   30.19321100   60.54358400
        H  47.60670400   30.56317800   62.19975900
        C  51.95630000   33.68720000   65.49240000
        N  52.10687700   34.07242000   64.22834600
        H  51.79636000   34.73492200   64.92460000
        H  52.30304600   33.11738200   64.49201300
        N  51.54740100   34.55960400   66.40924900
        H  51.74357000   33.60456600   66.67291600
        H  51.66174900   34.85214000   65.44932800
        N  52.21462100   32.42957600   65.83960500
        H  52.32897000   32.72211100   64.87968400
        H  51.90410400   33.09207800   66.53585900
        C  71.00800000   32.33200000   50.39870000
        O  72.19182500   32.39377600   50.00216300
        O  70.29671600   31.30461700   50.43125900
        H  70.55002100   33.26785000   50.75146100

Note: printed only print_atoms_list (this is not necessarily all atoms) 
  ------------RUNNING QM/MM MODULE------------- 
QM Module: ORCATheory
MM Module: OpenMMTheory
Charge provided from QMMMTheory object:  -2
Mult provided from QMMMTheory object:  1
QM-region Charge: -2 Mult: 1
Embedding: Electrostatic
Number of pointcharges (to QM program): 76
Number of charge coordinates: 76
Running QM/MM object with 8 cores available

-------------------------------------------------------------------
Time to calculate step (before-QMstep): 0.000 seconds, 0.0 minutes.
-------------------------------------------------------------------
  ------------RUNNING ORCA INTERFACE------------- 
Object-label: ORCA
Run-label: None
Running ORCA with 8 cores available
Moreadfile option not active
A GBW-file with same basename : orca.gbw is present
Autostart is False. ORCA will ignore any file present
Creating inputfile: orca.inp
ORCA input:
! B3LYP D3BJ def2-SVP def2/J RIJCOSX CPCM TightSCF

! Noautostart

%cpcm epsilon 4.0 end
%scf MaxIter 300 Guess PModel end
Charge: -2  Mult: 1
Pointcharge embedding is on!
 ORCA Calculation starting. 
Found warning messages in ORCA outputfile:
WARNING: The chosen methods will break translational/rotational symmetry
 WARNING: The chosen methods will break translational symmetry
 WARNING: The chosen methods will break translational symmetry
 Warning: op=0 Small HOMO/LUMO gap (   0.050) - skipping pre-diagonalization

 ORCA Calculation done. 
ORCA converged in 15 iterations
ORCA energy: -836.683287918113
  ------------ENDING ORCA-INTERFACE------------- 

----------------------------------------------------------------
Time to calculate step (ORCA run): 201.561 seconds, 3.4 minutes.
----------------------------------------------------------------

---------------------------------------------------------------
Time to calculate step (QM step): 201.561 seconds, 3.4 minutes.
---------------------------------------------------------------

----------------------------------------------------------------------
Time to calculate step (QMpcgrad prepare): 0.000 seconds, 0.0 minutes.
----------------------------------------------------------------------

--------------------------------------------------------------------------
Time to calculate step (linkatomgrad prepare): 0.000 seconds, 0.0 minutes.
--------------------------------------------------------------------------

----------------------------------------------------------------------------
Time to calculate step (QM/MM gradient prepare): 0.000 seconds, 0.0 minutes.
----------------------------------------------------------------------------
Using OpenMM theory as part of QM/MM.
Using MM on full system. Charges for QM region [0, 1, 2, 3, 4, 5, 6, 7, 8, 9, 10, 11, 12, 13, 14, 15, 16, 17, 18, 19, 20, 21, 22, 23] have been set to zero 

--------------------------------------------------------------------------------
                   Creating/updating OpenMM simulation object                   
--------------------------------------------------------------------------------

Integrator name: VerletIntegrator
Timestep: 0.001
Temperature: 300
Coupling frequency: 1
Properties: {'Threads': '1'}
Topology: <Topology; 1 chains, 1 residues, 100 atoms, 0 bonds>

----------------------------------------------------------------------------------
Time to calculate step (creating/updating simulation): 0.002 seconds, 0.0 minutes.
----------------------------------------------------------------------------------

--------------------------------------------------------------------------------
                     Running Single-point OpenMM Interface                      
--------------------------------------------------------------------------------

Number of OpenMM system constraints defined: 0

-----------------------------------------------------------------------------------
Time to calculate step (OpenMMTheory.run: const-check): 0.002 seconds, 0.0 minutes.
-----------------------------------------------------------------------------------
Updating coordinates.

------------------------------------------------------------------------
Time to calculate step (Creating pos array): 0.000 seconds, 0.0 minutes.
------------------------------------------------------------------------

---------------------------------------------------------------------------
Time to calculate step (Updating MM positions): 0.000 seconds, 0.0 minutes.
---------------------------------------------------------------------------
Calling OpenMM getState.

---------------------------------------------------------------------
Time to calculate step (OpenMM getState): 0.000 seconds, 0.0 minutes.
---------------------------------------------------------------------
OpenMM Energy: -3.0623499071380955 Eh
OpenMM Energy: -1921.6535796254095 kcal/mol

-----------------------
Ending OpenMM interface
-----------------------

----------------------------------------------------------------
Time to calculate step (OpenMM run): 0.003 seconds, 0.0 minutes.
----------------------------------------------------------------

-------------------------------------------------------------
Time to calculate step (MM step): 0.004 seconds, 0.0 minutes.
-------------------------------------------------------------

Note: You are using electrostatic embedding. This means that the QM-energy is actually the polarized QM-energy
Note: MM energy also contains the QM-MM Lennard-Jones interaction

QM energy:              -836.683287918113 
MM energy:                -3.062349907138
QM/MM energy:           -839.745637825251 

  ------------ENDING QM/MM MODULE------------- 

-----------------------------------------------------------------
Time to calculate step (QM/MM run): 201.565 seconds, 3.4 minutes.
-----------------------------------------------------------------
geometric called save_guess_files option option for ASHengineclass.
This option is currently unsupported in ASH. Continuing.

Convergence criteria: {'convergence_energy': 1e-05, 'convergence_grms': 0.003, 'convergence_gmax': 0.006, 'convergence_drms': 0.01, 'convergence_dmax': 0.015, 'convergence_cmax': 0.01}

Replacing coordinates in fragment.
Creating/Updating fragment attributes...
Number of Atoms in fragment: 100
Formula: N18C20O14H48
Label: CHHCCOOOCHCHCCHCHCHOHCOOCNHHNHHNHHCNHHNHHNHHCOOHCNHHNHHNHHCNHHNHHNHHCOOHCOOHCNHHNHHNHHCNHHNHHNHHCOOH
Charge: -2 Mult: 1

--------------------------------------------------------------------------------
Wrote XYZ file:  Fragment-currentgeo.xyz
Current geometry (Å) in step 11 (print_atoms_list region)
---------------------------------------------------
        C  58.89053443   34.51855574   57.39559807
        H  59.89252560   34.23332994   57.77448204
        H  58.89094940   35.49998543   56.90337159
        C  57.95857244   34.44066991   58.58386984
        C  57.09316476   35.72777787   58.98127940
        O  57.33823856   36.79420064   58.37694500
        O  56.27362626   35.60230521   59.97563080
        O  58.00441620   33.51410865   59.41189832
        C  56.82875684   31.94563202   55.91129877
        H  56.33528866   30.96045878   55.74253748
        C  58.05670929   32.08853992   56.44054629
        H  58.60195844   31.21049948   56.80895748
        C  58.84531691   33.38971928   56.25833222
        C  58.44336268   33.96967084   54.90099018
        H  59.26651317   34.39634747   54.31805431
        C  57.19179062   33.86110806   54.41577349
        H  56.87784269   34.16872584   53.40667993
        C  56.18100525   33.18461070   55.33311326
        H  56.04129046   33.87809873   56.19639438
        O  54.88678604   32.96505597   54.78750902
        H  54.80752361   32.00667784   54.54821948
        C  60.40093941   32.87914381   56.15846345
        O  60.99751281   32.88369736   57.26715964
        O  60.76949327   32.51307812   55.03998952
        C  54.89040000   41.21830000   65.11750000
        N  55.04097700   41.60352000   63.85344600
        H  54.73046000   42.26602200   64.54970000
        H  55.23714600   40.64848200   64.11711300
        N  54.48150100   42.09070400   66.03434900
        H  54.67767000   41.13566600   66.29801600
        H  54.59584900   42.38324000   65.07442800
        N  55.14872100   39.96067600   65.46470500
        H  55.26307000   40.25321100   64.50478400
        H  54.83820400   40.62317800   66.16095900
        C  59.50090000   39.33550000   66.26000000
        N  59.65147700   39.72072000   64.99594600
        H  59.34096000   40.38322200   65.69220000
        H  59.84764600   38.76568200   65.25961300
        N  59.09200100   40.20790400   67.17684900
        H  59.28817000   39.25286600   67.44051600
        H  59.20634900   40.50044000   66.21692800
        N  59.75922100   38.07787600   66.60720500
        H  59.87357000   38.37041100   65.64728400
        H  59.44870400   38.74037800   67.30345900
        C  69.74840000   37.57020000   52.11000000
        O  70.93222500   37.63197600   51.71346300
        O  69.03711600   36.54281700   52.14255900
        H  69.29042100   38.50605000   52.46276100
        C  49.75560000   39.75790000   62.74580000
        N  49.90617700   40.14312000   61.48174600
        H  49.59566000   40.80562200   62.17800000
        H  50.10234600   39.18808200   61.74541300
        N  49.34670100   40.63030400   63.66264900
        H  49.54287000   39.67526600   63.92631600
        H  49.46104900   40.92284000   62.70272800
        N  50.01392100   38.50027600   63.09300500
        H  50.12827000   38.79281100   62.13308400
        H  49.70340400   39.16277800   63.78925900
        C  54.95800000   29.39440000   66.15720000
        N  55.10857700   29.77962000   64.89314600
        H  54.79806000   30.44212200   65.58940000
        H  55.30474600   28.82458200   65.15681300
        N  54.54910100   30.26680400   67.07404900
        H  54.74527000   29.31176600   67.33771600
        H  54.66344900   30.55934000   66.11412800
        N  55.21632100   28.13677600   66.50440500
        H  55.33067000   28.42931100   65.54448400
        H  54.90580400   28.79927800   67.20065900
        C  69.45420000   25.80430000   53.35910000
        O  70.63802500   25.86607600   52.96256300
        O  68.74291600   24.77691700   53.39165900
        H  68.99622100   26.74015000   53.71186100
        C  65.78910000   29.53300000   44.76770000
        O  66.97292500   29.59477600   44.37116300
        O  65.07781600   28.50561700   44.80025900
        H  65.33112100   30.46885000   45.12046100
        C  47.65890000   31.15830000   61.15630000
        N  47.80947700   31.54352000   59.89224600
        H  47.49896000   32.20602200   60.58850000
        H  48.00564600   30.58848200   60.15591300
        N  47.25000100   32.03070400   62.07314900
        H  47.44617000   31.07566600   62.33681600
        H  47.36434900   32.32324000   61.11322800
        N  47.91722100   29.90067600   61.50350500
        H  48.03157000   30.19321100   60.54358400
        H  47.60670400   30.56317800   62.19975900
        C  51.95630000   33.68720000   65.49240000
        N  52.10687700   34.07242000   64.22834600
        H  51.79636000   34.73492200   64.92460000
        H  52.30304600   33.11738200   64.49201300
        N  51.54740100   34.55960400   66.40924900
        H  51.74357000   33.60456600   66.67291600
        H  51.66174900   34.85214000   65.44932800
        N  52.21462100   32.42957600   65.83960500
        H  52.32897000   32.72211100   64.87968400
        H  51.90410400   33.09207800   66.53585900
        C  71.00800000   32.33200000   50.39870000
        O  72.19182500   32.39377600   50.00216300
        O  70.29671600   31.30461700   50.43125900
        H  70.55002100   33.26785000   50.75146100

Note: printed only print_atoms_list (this is not necessarily all atoms) 
  ------------RUNNING QM/MM MODULE------------- 
QM Module: ORCATheory
MM Module: OpenMMTheory
Charge provided from QMMMTheory object:  -2
Mult provided from QMMMTheory object:  1
QM-region Charge: -2 Mult: 1
Embedding: Electrostatic
Number of pointcharges (to QM program): 76
Number of charge coordinates: 76
Running QM/MM object with 8 cores available

-------------------------------------------------------------------
Time to calculate step (before-QMstep): 0.000 seconds, 0.0 minutes.
-------------------------------------------------------------------
  ------------RUNNING ORCA INTERFACE------------- 
Object-label: ORCA
Run-label: None
Running ORCA with 8 cores available
Moreadfile option not active
A GBW-file with same basename : orca.gbw is present
Autostart is False. ORCA will ignore any file present
Creating inputfile: orca.inp
ORCA input:
! B3LYP D3BJ def2-SVP def2/J RIJCOSX CPCM TightSCF

! Noautostart

%cpcm epsilon 4.0 end
%scf MaxIter 300 Guess PModel end
Charge: -2  Mult: 1
Pointcharge embedding is on!
 ORCA Calculation starting. 
Found warning messages in ORCA outputfile:
WARNING: The chosen methods will break translational/rotational symmetry
 WARNING: The chosen methods will break translational symmetry
 WARNING: The chosen methods will break translational symmetry
 Warning: op=0 Small HOMO/LUMO gap (   0.066) - skipping pre-diagonalization

 ORCA Calculation done. 
ORCA converged in 15 iterations
ORCA energy: -836.705557675185
  ------------ENDING ORCA-INTERFACE------------- 

----------------------------------------------------------------
Time to calculate step (ORCA run): 196.915 seconds, 3.3 minutes.
----------------------------------------------------------------

---------------------------------------------------------------
Time to calculate step (QM step): 196.915 seconds, 3.3 minutes.
---------------------------------------------------------------

----------------------------------------------------------------------
Time to calculate step (QMpcgrad prepare): 0.000 seconds, 0.0 minutes.
----------------------------------------------------------------------

--------------------------------------------------------------------------
Time to calculate step (linkatomgrad prepare): 0.000 seconds, 0.0 minutes.
--------------------------------------------------------------------------

----------------------------------------------------------------------------
Time to calculate step (QM/MM gradient prepare): 0.000 seconds, 0.0 minutes.
----------------------------------------------------------------------------
Using OpenMM theory as part of QM/MM.
Using MM on full system. Charges for QM region [0, 1, 2, 3, 4, 5, 6, 7, 8, 9, 10, 11, 12, 13, 14, 15, 16, 17, 18, 19, 20, 21, 22, 23] have been set to zero 

--------------------------------------------------------------------------------
                   Creating/updating OpenMM simulation object                   
--------------------------------------------------------------------------------

Integrator name: VerletIntegrator
Timestep: 0.001
Temperature: 300
Coupling frequency: 1
Properties: {'Threads': '1'}
Topology: <Topology; 1 chains, 1 residues, 100 atoms, 0 bonds>

----------------------------------------------------------------------------------
Time to calculate step (creating/updating simulation): 0.002 seconds, 0.0 minutes.
----------------------------------------------------------------------------------

--------------------------------------------------------------------------------
                     Running Single-point OpenMM Interface                      
--------------------------------------------------------------------------------

Number of OpenMM system constraints defined: 0

-----------------------------------------------------------------------------------
Time to calculate step (OpenMMTheory.run: const-check): 0.002 seconds, 0.0 minutes.
-----------------------------------------------------------------------------------
Updating coordinates.

------------------------------------------------------------------------
Time to calculate step (Creating pos array): 0.000 seconds, 0.0 minutes.
------------------------------------------------------------------------

---------------------------------------------------------------------------
Time to calculate step (Updating MM positions): 0.000 seconds, 0.0 minutes.
---------------------------------------------------------------------------
Calling OpenMM getState.

---------------------------------------------------------------------
Time to calculate step (OpenMM getState): 0.000 seconds, 0.0 minutes.
---------------------------------------------------------------------
OpenMM Energy: -3.0623722341094584 Eh
OpenMM Energy: -1921.6675900114667 kcal/mol

-----------------------
Ending OpenMM interface
-----------------------

----------------------------------------------------------------
Time to calculate step (OpenMM run): 0.002 seconds, 0.0 minutes.
----------------------------------------------------------------

-------------------------------------------------------------
Time to calculate step (MM step): 0.002 seconds, 0.0 minutes.
-------------------------------------------------------------

Note: You are using electrostatic embedding. This means that the QM-energy is actually the polarized QM-energy
Note: MM energy also contains the QM-MM Lennard-Jones interaction

QM energy:              -836.705557675185 
MM energy:                -3.062372234109
QM/MM energy:           -839.767929909294 

  ------------ENDING QM/MM MODULE------------- 

-----------------------------------------------------------------
Time to calculate step (QM/MM run): 196.917 seconds, 3.3 minutes.
-----------------------------------------------------------------
geometric called save_guess_files option option for ASHengineclass.
This option is currently unsupported in ASH. Continuing.

Convergence criteria: {'convergence_energy': 1e-05, 'convergence_grms': 0.003, 'convergence_gmax': 0.006, 'convergence_drms': 0.01, 'convergence_dmax': 0.015, 'convergence_cmax': 0.01}

Replacing coordinates in fragment.
Creating/Updating fragment attributes...
Number of Atoms in fragment: 100
Formula: N18C20O14H48
Label: CHHCCOOOCHCHCCHCHCHOHCOOCNHHNHHNHHCNHHNHHNHHCOOHCNHHNHHNHHCNHHNHHNHHCOOHCOOHCNHHNHHNHHCNHHNHHNHHCOOH
Charge: -2 Mult: 1

--------------------------------------------------------------------------------
Wrote XYZ file:  Fragment-currentgeo.xyz
Current geometry (Å) in step 12 (print_atoms_list region)
---------------------------------------------------
        C  58.76269110   34.50816123   57.46799439
        H  59.82347579   34.33776128   57.85710347
        H  58.74407009   35.51189138   56.99365370
        C  57.89476302   34.44324399   58.70491107
        C  57.01970605   35.69753957   59.17046126
        O  57.20713337   36.76315875   58.56442342
        O  56.20219448   35.53043085   60.13269063
        O  57.87753150   33.47382232   59.46330416
        C  56.78656745   31.97188748   55.97476056
        H  56.32741854   31.00515882   55.78509756
        C  57.99075386   32.13585438   56.53849114
        H  58.53809976   31.26112545   56.90100966
        C  58.77763010   33.42993272   56.32996469
        C  58.38862999   34.01060164   54.97960182
        H  59.20670246   34.44403702   54.40385377
        C  57.15485672   33.87779888   54.48302423
        H  56.87803365   34.16713147   53.46558118
        C  56.13297758   33.18695879   55.37229506
        H  55.95352466   33.89347433   56.21690593
        O  54.85859504   32.93902359   54.79086252
        H  54.78432834   32.05595432   54.50617818
        C  60.33342225   32.91856705   56.26972623
        O  60.92145293   32.95610948   57.38190032
        O  60.70074956   32.53102573   55.16410588
        C  54.89040000   41.21830000   65.11750000
        N  55.04097700   41.60352000   63.85344600
        H  54.73046000   42.26602200   64.54970000
        H  55.23714600   40.64848200   64.11711300
        N  54.48150100   42.09070400   66.03434900
        H  54.67767000   41.13566600   66.29801600
        H  54.59584900   42.38324000   65.07442800
        N  55.14872100   39.96067600   65.46470500
        H  55.26307000   40.25321100   64.50478400
        H  54.83820400   40.62317800   66.16095900
        C  59.50090000   39.33550000   66.26000000
        N  59.65147700   39.72072000   64.99594600
        H  59.34096000   40.38322200   65.69220000
        H  59.84764600   38.76568200   65.25961300
        N  59.09200100   40.20790400   67.17684900
        H  59.28817000   39.25286600   67.44051600
        H  59.20634900   40.50044000   66.21692800
        N  59.75922100   38.07787600   66.60720500
        H  59.87357000   38.37041100   65.64728400
        H  59.44870400   38.74037800   67.30345900
        C  69.74840000   37.57020000   52.11000000
        O  70.93222500   37.63197600   51.71346300
        O  69.03711600   36.54281700   52.14255900
        H  69.29042100   38.50605000   52.46276100
        C  49.75560000   39.75790000   62.74580000
        N  49.90617700   40.14312000   61.48174600
        H  49.59566000   40.80562200   62.17800000
        H  50.10234600   39.18808200   61.74541300
        N  49.34670100   40.63030400   63.66264900
        H  49.54287000   39.67526600   63.92631600
        H  49.46104900   40.92284000   62.70272800
        N  50.01392100   38.50027600   63.09300500
        H  50.12827000   38.79281100   62.13308400
        H  49.70340400   39.16277800   63.78925900
        C  54.95800000   29.39440000   66.15720000
        N  55.10857700   29.77962000   64.89314600
        H  54.79806000   30.44212200   65.58940000
        H  55.30474600   28.82458200   65.15681300
        N  54.54910100   30.26680400   67.07404900
        H  54.74527000   29.31176600   67.33771600
        H  54.66344900   30.55934000   66.11412800
        N  55.21632100   28.13677600   66.50440500
        H  55.33067000   28.42931100   65.54448400
        H  54.90580400   28.79927800   67.20065900
        C  69.45420000   25.80430000   53.35910000
        O  70.63802500   25.86607600   52.96256300
        O  68.74291600   24.77691700   53.39165900
        H  68.99622100   26.74015000   53.71186100
        C  65.78910000   29.53300000   44.76770000
        O  66.97292500   29.59477600   44.37116300
        O  65.07781600   28.50561700   44.80025900
        H  65.33112100   30.46885000   45.12046100
        C  47.65890000   31.15830000   61.15630000
        N  47.80947700   31.54352000   59.89224600
        H  47.49896000   32.20602200   60.58850000
        H  48.00564600   30.58848200   60.15591300
        N  47.25000100   32.03070400   62.07314900
        H  47.44617000   31.07566600   62.33681600
        H  47.36434900   32.32324000   61.11322800
        N  47.91722100   29.90067600   61.50350500
        H  48.03157000   30.19321100   60.54358400
        H  47.60670400   30.56317800   62.19975900
        C  51.95630000   33.68720000   65.49240000
        N  52.10687700   34.07242000   64.22834600
        H  51.79636000   34.73492200   64.92460000
        H  52.30304600   33.11738200   64.49201300
        N  51.54740100   34.55960400   66.40924900
        H  51.74357000   33.60456600   66.67291600
        H  51.66174900   34.85214000   65.44932800
        N  52.21462100   32.42957600   65.83960500
        H  52.32897000   32.72211100   64.87968400
        H  51.90410400   33.09207800   66.53585900
        C  71.00800000   32.33200000   50.39870000
        O  72.19182500   32.39377600   50.00216300
        O  70.29671600   31.30461700   50.43125900
        H  70.55002100   33.26785000   50.75146100

Note: printed only print_atoms_list (this is not necessarily all atoms) 
  ------------RUNNING QM/MM MODULE------------- 
QM Module: ORCATheory
MM Module: OpenMMTheory
Charge provided from QMMMTheory object:  -2
Mult provided from QMMMTheory object:  1
QM-region Charge: -2 Mult: 1
Embedding: Electrostatic
Number of pointcharges (to QM program): 76
Number of charge coordinates: 76
Running QM/MM object with 8 cores available

-------------------------------------------------------------------
Time to calculate step (before-QMstep): 0.000 seconds, 0.0 minutes.
-------------------------------------------------------------------
  ------------RUNNING ORCA INTERFACE------------- 
Object-label: ORCA
Run-label: None
Running ORCA with 8 cores available
Moreadfile option not active
A GBW-file with same basename : orca.gbw is present
Autostart is False. ORCA will ignore any file present
Creating inputfile: orca.inp
ORCA input:
! B3LYP D3BJ def2-SVP def2/J RIJCOSX CPCM TightSCF

! Noautostart

%cpcm epsilon 4.0 end
%scf MaxIter 300 Guess PModel end
Charge: -2  Mult: 1
Pointcharge embedding is on!
 ORCA Calculation starting. 
Found warning messages in ORCA outputfile:
WARNING: The chosen methods will break translational/rotational symmetry
 WARNING: The chosen methods will break translational symmetry
 WARNING: The chosen methods will break translational symmetry
 Warning: op=0 Small HOMO/LUMO gap (   0.069) - skipping pre-diagonalization

 ORCA Calculation done. 
ORCA converged in 13 iterations
ORCA energy: -836.717215886389
  ------------ENDING ORCA-INTERFACE------------- 

----------------------------------------------------------------
Time to calculate step (ORCA run): 191.099 seconds, 3.2 minutes.
----------------------------------------------------------------

---------------------------------------------------------------
Time to calculate step (QM step): 191.099 seconds, 3.2 minutes.
---------------------------------------------------------------

----------------------------------------------------------------------
Time to calculate step (QMpcgrad prepare): 0.000 seconds, 0.0 minutes.
----------------------------------------------------------------------

--------------------------------------------------------------------------
Time to calculate step (linkatomgrad prepare): 0.000 seconds, 0.0 minutes.
--------------------------------------------------------------------------

----------------------------------------------------------------------------
Time to calculate step (QM/MM gradient prepare): 0.000 seconds, 0.0 minutes.
----------------------------------------------------------------------------
Using OpenMM theory as part of QM/MM.
Using MM on full system. Charges for QM region [0, 1, 2, 3, 4, 5, 6, 7, 8, 9, 10, 11, 12, 13, 14, 15, 16, 17, 18, 19, 20, 21, 22, 23] have been set to zero 

--------------------------------------------------------------------------------
                   Creating/updating OpenMM simulation object                   
--------------------------------------------------------------------------------

Integrator name: VerletIntegrator
Timestep: 0.001
Temperature: 300
Coupling frequency: 1
Properties: {'Threads': '1'}
Topology: <Topology; 1 chains, 1 residues, 100 atoms, 0 bonds>

----------------------------------------------------------------------------------
Time to calculate step (creating/updating simulation): 0.002 seconds, 0.0 minutes.
----------------------------------------------------------------------------------

--------------------------------------------------------------------------------
                     Running Single-point OpenMM Interface                      
--------------------------------------------------------------------------------

Number of OpenMM system constraints defined: 0

-----------------------------------------------------------------------------------
Time to calculate step (OpenMMTheory.run: const-check): 0.002 seconds, 0.0 minutes.
-----------------------------------------------------------------------------------
Updating coordinates.

------------------------------------------------------------------------
Time to calculate step (Creating pos array): 0.000 seconds, 0.0 minutes.
------------------------------------------------------------------------

---------------------------------------------------------------------------
Time to calculate step (Updating MM positions): 0.000 seconds, 0.0 minutes.
---------------------------------------------------------------------------
Calling OpenMM getState.

---------------------------------------------------------------------
Time to calculate step (OpenMM getState): 0.000 seconds, 0.0 minutes.
---------------------------------------------------------------------
OpenMM Energy: -3.0624021688358143 Eh
OpenMM Energy: -1921.6863743358585 kcal/mol

-----------------------
Ending OpenMM interface
-----------------------

----------------------------------------------------------------
Time to calculate step (OpenMM run): 0.002 seconds, 0.0 minutes.
----------------------------------------------------------------

-------------------------------------------------------------
Time to calculate step (MM step): 0.003 seconds, 0.0 minutes.
-------------------------------------------------------------

Note: You are using electrostatic embedding. This means that the QM-energy is actually the polarized QM-energy
Note: MM energy also contains the QM-MM Lennard-Jones interaction

QM energy:              -836.717215886389 
MM energy:                -3.062402168836
QM/MM energy:           -839.779618055225 

  ------------ENDING QM/MM MODULE------------- 

-----------------------------------------------------------------
Time to calculate step (QM/MM run): 191.102 seconds, 3.2 minutes.
-----------------------------------------------------------------
geometric called save_guess_files option option for ASHengineclass.
This option is currently unsupported in ASH. Continuing.
geometric called clearCalcs option for ASHengineclass.
This option is currently unsupported in ASH. Continuing.

Convergence criteria: {'convergence_energy': 1e-05, 'convergence_grms': 0.003, 'convergence_gmax': 0.006, 'convergence_drms': 0.01, 'convergence_dmax': 0.015, 'convergence_cmax': 0.01}

Replacing coordinates in fragment.
Creating/Updating fragment attributes...
Number of Atoms in fragment: 100
Formula: N18C20O14H48
Label: CHHCCOOOCHCHCCHCHCHOHCOOCNHHNHHNHHCNHHNHHNHHCOOHCNHHNHHNHHCNHHNHHNHHCOOHCOOHCNHHNHHNHHCNHHNHHNHHCOOH
Charge: -2 Mult: 1

--------------------------------------------------------------------------------
Wrote XYZ file:  Fragment-currentgeo.xyz
Current geometry (Å) in step 13 (print_atoms_list region)
---------------------------------------------------
        C  58.59577658   34.52593568   57.58106721
        H  59.69296462   34.46292372   57.98648314
        H  58.53785875   35.54872565   57.14952735
        C  57.79218127   34.44328131   58.84955676
        C  56.91157666   35.66244524   59.41068294
        O  57.01269856   36.74589959   58.81740673
        O  56.13101089   35.43619046   60.38652769
        O  57.71740895   33.42662054   59.50492722
        C  56.72956933   32.01175261   56.04276637
        H  56.30993725   31.04909748   55.82796893
        C  57.89999011   32.17555679   56.64816460
        H  58.45307182   31.31679469   57.02249142
        C  58.68057823   33.47494464   56.44776996
        C  58.31453115   34.06077793   55.09583595
        H  59.12784283   34.50613496   54.52403183
        C  57.09521458   33.91164229   54.57531258
        H  56.86924872   34.18217435   53.54720443
        C  56.04567692   33.20818870   55.43775154
        H  55.83963579   33.90935917   56.27339206
        O  54.74064614   32.93702673   54.91432077
        H  54.88916761   32.06269782   54.30864274
        C  60.23343705   32.96300837   56.42305203
        O  60.81984891   33.05818245   57.53699865
        O  60.60821708   32.54907349   55.33688105
        C  54.89040000   41.21830000   65.11750000
        N  55.04097700   41.60352000   63.85344600
        H  54.73046000   42.26602200   64.54970000
        H  55.23714600   40.64848200   64.11711300
        N  54.48150100   42.09070400   66.03434900
        H  54.67767000   41.13566600   66.29801600
        H  54.59584900   42.38324000   65.07442800
        N  55.14872100   39.96067600   65.46470500
        H  55.26307000   40.25321100   64.50478400
        H  54.83820400   40.62317800   66.16095900
        C  59.50090000   39.33550000   66.26000000
        N  59.65147700   39.72072000   64.99594600
        H  59.34096000   40.38322200   65.69220000
        H  59.84764600   38.76568200   65.25961300
        N  59.09200100   40.20790400   67.17684900
        H  59.28817000   39.25286600   67.44051600
        H  59.20634900   40.50044000   66.21692800
        N  59.75922100   38.07787600   66.60720500
        H  59.87357000   38.37041100   65.64728400
        H  59.44870400   38.74037800   67.30345900
        C  69.74840000   37.57020000   52.11000000
        O  70.93222500   37.63197600   51.71346300
        O  69.03711600   36.54281700   52.14255900
        H  69.29042100   38.50605000   52.46276100
        C  49.75560000   39.75790000   62.74580000
        N  49.90617700   40.14312000   61.48174600
        H  49.59566000   40.80562200   62.17800000
        H  50.10234600   39.18808200   61.74541300
        N  49.34670100   40.63030400   63.66264900
        H  49.54287000   39.67526600   63.92631600
        H  49.46104900   40.92284000   62.70272800
        N  50.01392100   38.50027600   63.09300500
        H  50.12827000   38.79281100   62.13308400
        H  49.70340400   39.16277800   63.78925900
        C  54.95800000   29.39440000   66.15720000
        N  55.10857700   29.77962000   64.89314600
        H  54.79806000   30.44212200   65.58940000
        H  55.30474600   28.82458200   65.15681300
        N  54.54910100   30.26680400   67.07404900
        H  54.74527000   29.31176600   67.33771600
        H  54.66344900   30.55934000   66.11412800
        N  55.21632100   28.13677600   66.50440500
        H  55.33067000   28.42931100   65.54448400
        H  54.90580400   28.79927800   67.20065900
        C  69.45420000   25.80430000   53.35910000
        O  70.63802500   25.86607600   52.96256300
        O  68.74291600   24.77691700   53.39165900
        H  68.99622100   26.74015000   53.71186100
        C  65.78910000   29.53300000   44.76770000
        O  66.97292500   29.59477600   44.37116300
        O  65.07781600   28.50561700   44.80025900
        H  65.33112100   30.46885000   45.12046100
        C  47.65890000   31.15830000   61.15630000
        N  47.80947700   31.54352000   59.89224600
        H  47.49896000   32.20602200   60.58850000
        H  48.00564600   30.58848200   60.15591300
        N  47.25000100   32.03070400   62.07314900
        H  47.44617000   31.07566600   62.33681600
        H  47.36434900   32.32324000   61.11322800
        N  47.91722100   29.90067600   61.50350500
        H  48.03157000   30.19321100   60.54358400
        H  47.60670400   30.56317800   62.19975900
        C  51.95630000   33.68720000   65.49240000
        N  52.10687700   34.07242000   64.22834600
        H  51.79636000   34.73492200   64.92460000
        H  52.30304600   33.11738200   64.49201300
        N  51.54740100   34.55960400   66.40924900
        H  51.74357000   33.60456600   66.67291600
        H  51.66174900   34.85214000   65.44932800
        N  52.21462100   32.42957600   65.83960500
        H  52.32897000   32.72211100   64.87968400
        H  51.90410400   33.09207800   66.53585900
        C  71.00800000   32.33200000   50.39870000
        O  72.19182500   32.39377600   50.00216300
        O  70.29671600   31.30461700   50.43125900
        H  70.55002100   33.26785000   50.75146100

Note: printed only print_atoms_list (this is not necessarily all atoms) 
  ------------RUNNING QM/MM MODULE------------- 
QM Module: ORCATheory
MM Module: OpenMMTheory
Charge provided from QMMMTheory object:  -2
Mult provided from QMMMTheory object:  1
QM-region Charge: -2 Mult: 1
Embedding: Electrostatic
Number of pointcharges (to QM program): 76
Number of charge coordinates: 76
Running QM/MM object with 8 cores available

-------------------------------------------------------------------
Time to calculate step (before-QMstep): 0.000 seconds, 0.0 minutes.
-------------------------------------------------------------------
  ------------RUNNING ORCA INTERFACE------------- 
Object-label: ORCA
Run-label: None
Running ORCA with 8 cores available
Moreadfile option not active
A GBW-file with same basename : orca.gbw is present
Autostart is False. ORCA will ignore any file present
Creating inputfile: orca.inp
ORCA input:
! B3LYP D3BJ def2-SVP def2/J RIJCOSX CPCM TightSCF

! Noautostart

%cpcm epsilon 4.0 end
%scf MaxIter 300 Guess PModel end
Charge: -2  Mult: 1
Pointcharge embedding is on!
 ORCA Calculation starting. 
Found warning messages in ORCA outputfile:
WARNING: The chosen methods will break translational/rotational symmetry
 WARNING: The chosen methods will break translational symmetry
 WARNING: The chosen methods will break translational symmetry
 Warning: op=0 Small HOMO/LUMO gap (   0.073) - skipping pre-diagonalization

 ORCA Calculation done. 
ORCA converged in 13 iterations
ORCA energy: -836.722214946548
  ------------ENDING ORCA-INTERFACE------------- 

----------------------------------------------------------------
Time to calculate step (ORCA run): 192.586 seconds, 3.2 minutes.
----------------------------------------------------------------

---------------------------------------------------------------
Time to calculate step (QM step): 192.586 seconds, 3.2 minutes.
---------------------------------------------------------------

----------------------------------------------------------------------
Time to calculate step (QMpcgrad prepare): 0.000 seconds, 0.0 minutes.
----------------------------------------------------------------------

--------------------------------------------------------------------------
Time to calculate step (linkatomgrad prepare): 0.000 seconds, 0.0 minutes.
--------------------------------------------------------------------------

----------------------------------------------------------------------------
Time to calculate step (QM/MM gradient prepare): 0.000 seconds, 0.0 minutes.
----------------------------------------------------------------------------
Using OpenMM theory as part of QM/MM.
Using MM on full system. Charges for QM region [0, 1, 2, 3, 4, 5, 6, 7, 8, 9, 10, 11, 12, 13, 14, 15, 16, 17, 18, 19, 20, 21, 22, 23] have been set to zero 

--------------------------------------------------------------------------------
                   Creating/updating OpenMM simulation object                   
--------------------------------------------------------------------------------

Integrator name: VerletIntegrator
Timestep: 0.001
Temperature: 300
Coupling frequency: 1
Properties: {'Threads': '1'}
Topology: <Topology; 1 chains, 1 residues, 100 atoms, 0 bonds>

----------------------------------------------------------------------------------
Time to calculate step (creating/updating simulation): 0.001 seconds, 0.0 minutes.
----------------------------------------------------------------------------------

--------------------------------------------------------------------------------
                     Running Single-point OpenMM Interface                      
--------------------------------------------------------------------------------

Number of OpenMM system constraints defined: 0

-----------------------------------------------------------------------------------
Time to calculate step (OpenMMTheory.run: const-check): 0.001 seconds, 0.0 minutes.
-----------------------------------------------------------------------------------
Updating coordinates.

------------------------------------------------------------------------
Time to calculate step (Creating pos array): 0.000 seconds, 0.0 minutes.
------------------------------------------------------------------------

---------------------------------------------------------------------------
Time to calculate step (Updating MM positions): 0.000 seconds, 0.0 minutes.
---------------------------------------------------------------------------
Calling OpenMM getState.

---------------------------------------------------------------------
Time to calculate step (OpenMM getState): 0.000 seconds, 0.0 minutes.
---------------------------------------------------------------------
OpenMM Energy: -3.0624504262169383 Eh
OpenMM Energy: -1921.7166562997074 kcal/mol

-----------------------
Ending OpenMM interface
-----------------------

----------------------------------------------------------------
Time to calculate step (OpenMM run): 0.002 seconds, 0.0 minutes.
----------------------------------------------------------------

-------------------------------------------------------------
Time to calculate step (MM step): 0.002 seconds, 0.0 minutes.
-------------------------------------------------------------

Note: You are using electrostatic embedding. This means that the QM-energy is actually the polarized QM-energy
Note: MM energy also contains the QM-MM Lennard-Jones interaction

QM energy:              -836.722214946548 
MM energy:                -3.062450426217
QM/MM energy:           -839.784665372765 

  ------------ENDING QM/MM MODULE------------- 

-----------------------------------------------------------------
Time to calculate step (QM/MM run): 192.588 seconds, 3.2 minutes.
-----------------------------------------------------------------
geometric called save_guess_files option option for ASHengineclass.
This option is currently unsupported in ASH. Continuing.

Convergence criteria: {'convergence_energy': 1e-05, 'convergence_grms': 0.003, 'convergence_gmax': 0.006, 'convergence_drms': 0.01, 'convergence_dmax': 0.015, 'convergence_cmax': 0.01}

Replacing coordinates in fragment.
Creating/Updating fragment attributes...
Number of Atoms in fragment: 100
Formula: N18C20O14H48
Label: CHHCCOOOCHCHCCHCHCHOHCOOCNHHNHHNHHCNHHNHHNHHCOOHCNHHNHHNHHCNHHNHHNHHCOOHCOOHCNHHNHHNHHCNHHNHHNHHCOOH
Charge: -2 Mult: 1

--------------------------------------------------------------------------------
Wrote XYZ file:  Fragment-currentgeo.xyz
Current geometry (Å) in step 14 (print_atoms_list region)
---------------------------------------------------
        C  58.47371174   34.64140677   57.73738717
        H  59.54620215   34.54226690   58.10384052
        H  58.32562307   35.63765473   57.29174542
        C  57.67639842   34.43288007   58.97856292
        C  56.78725041   35.62002897   59.62751783
        O  56.80028296   36.72968424   59.03458260
        O  56.08901640   35.32880441   60.69141249
        O  57.60735826   33.34883791   59.54900898
        C  56.65713107   32.02285740   56.11852930
        H  56.27498237   31.03683249   55.81059207
        C  57.81297335   32.24080751   56.77833465
        H  58.36250416   31.37082527   57.14225426
        C  58.59103274   33.55981023   56.61383622
        C  58.23822604   34.10905241   55.22688351
        H  59.05747729   34.56395298   54.66401974
        C  57.03663254   33.92848772   54.65243952
        H  56.84686396   34.16449723   53.60245673
        C  55.98098813   33.21637850   55.49709354
        H  55.72400636   33.92786692   56.31765333
        O  54.73233749   32.88622225   54.89899609
        H  54.82339680   32.14922354   54.24377737
        C  60.14152292   33.02794460   56.58442652
        O  60.72278463   33.17364487   57.70281395
        O  60.52013158   32.54656594   55.51661150
        C  54.89040000   41.21830000   65.11750000
        N  55.04097700   41.60352000   63.85344600
        H  54.73046000   42.26602200   64.54970000
        H  55.23714600   40.64848200   64.11711300
        N  54.48150100   42.09070400   66.03434900
        H  54.67767000   41.13566600   66.29801600
        H  54.59584900   42.38324000   65.07442800
        N  55.14872100   39.96067600   65.46470500
        H  55.26307000   40.25321100   64.50478400
        H  54.83820400   40.62317800   66.16095900
        C  59.50090000   39.33550000   66.26000000
        N  59.65147700   39.72072000   64.99594600
        H  59.34096000   40.38322200   65.69220000
        H  59.84764600   38.76568200   65.25961300
        N  59.09200100   40.20790400   67.17684900
        H  59.28817000   39.25286600   67.44051600
        H  59.20634900   40.50044000   66.21692800
        N  59.75922100   38.07787600   66.60720500
        H  59.87357000   38.37041100   65.64728400
        H  59.44870400   38.74037800   67.30345900
        C  69.74840000   37.57020000   52.11000000
        O  70.93222500   37.63197600   51.71346300
        O  69.03711600   36.54281700   52.14255900
        H  69.29042100   38.50605000   52.46276100
        C  49.75560000   39.75790000   62.74580000
        N  49.90617700   40.14312000   61.48174600
        H  49.59566000   40.80562200   62.17800000
        H  50.10234600   39.18808200   61.74541300
        N  49.34670100   40.63030400   63.66264900
        H  49.54287000   39.67526600   63.92631600
        H  49.46104900   40.92284000   62.70272800
        N  50.01392100   38.50027600   63.09300500
        H  50.12827000   38.79281100   62.13308400
        H  49.70340400   39.16277800   63.78925900
        C  54.95800000   29.39440000   66.15720000
        N  55.10857700   29.77962000   64.89314600
        H  54.79806000   30.44212200   65.58940000
        H  55.30474600   28.82458200   65.15681300
        N  54.54910100   30.26680400   67.07404900
        H  54.74527000   29.31176600   67.33771600
        H  54.66344900   30.55934000   66.11412800
        N  55.21632100   28.13677600   66.50440500
        H  55.33067000   28.42931100   65.54448400
        H  54.90580400   28.79927800   67.20065900
        C  69.45420000   25.80430000   53.35910000
        O  70.63802500   25.86607600   52.96256300
        O  68.74291600   24.77691700   53.39165900
        H  68.99622100   26.74015000   53.71186100
        C  65.78910000   29.53300000   44.76770000
        O  66.97292500   29.59477600   44.37116300
        O  65.07781600   28.50561700   44.80025900
        H  65.33112100   30.46885000   45.12046100
        C  47.65890000   31.15830000   61.15630000
        N  47.80947700   31.54352000   59.89224600
        H  47.49896000   32.20602200   60.58850000
        H  48.00564600   30.58848200   60.15591300
        N  47.25000100   32.03070400   62.07314900
        H  47.44617000   31.07566600   62.33681600
        H  47.36434900   32.32324000   61.11322800
        N  47.91722100   29.90067600   61.50350500
        H  48.03157000   30.19321100   60.54358400
        H  47.60670400   30.56317800   62.19975900
        C  51.95630000   33.68720000   65.49240000
        N  52.10687700   34.07242000   64.22834600
        H  51.79636000   34.73492200   64.92460000
        H  52.30304600   33.11738200   64.49201300
        N  51.54740100   34.55960400   66.40924900
        H  51.74357000   33.60456600   66.67291600
        H  51.66174900   34.85214000   65.44932800
        N  52.21462100   32.42957600   65.83960500
        H  52.32897000   32.72211100   64.87968400
        H  51.90410400   33.09207800   66.53585900
        C  71.00800000   32.33200000   50.39870000
        O  72.19182500   32.39377600   50.00216300
        O  70.29671600   31.30461700   50.43125900
        H  70.55002100   33.26785000   50.75146100

Note: printed only print_atoms_list (this is not necessarily all atoms) 
  ------------RUNNING QM/MM MODULE------------- 
QM Module: ORCATheory
MM Module: OpenMMTheory
Charge provided from QMMMTheory object:  -2
Mult provided from QMMMTheory object:  1
QM-region Charge: -2 Mult: 1
Embedding: Electrostatic
Number of pointcharges (to QM program): 76
Number of charge coordinates: 76
Running QM/MM object with 8 cores available

-------------------------------------------------------------------
Time to calculate step (before-QMstep): 0.000 seconds, 0.0 minutes.
-------------------------------------------------------------------
  ------------RUNNING ORCA INTERFACE------------- 
Object-label: ORCA
Run-label: None
Running ORCA with 8 cores available
Moreadfile option not active
A GBW-file with same basename : orca.gbw is present
Autostart is False. ORCA will ignore any file present
Creating inputfile: orca.inp
ORCA input:
! B3LYP D3BJ def2-SVP def2/J RIJCOSX CPCM TightSCF

! Noautostart

%cpcm epsilon 4.0 end
%scf MaxIter 300 Guess PModel end
Charge: -2  Mult: 1
Pointcharge embedding is on!
 ORCA Calculation starting. 
Found warning messages in ORCA outputfile:
WARNING: The chosen methods will break translational/rotational symmetry
 WARNING: The chosen methods will break translational symmetry
 WARNING: The chosen methods will break translational symmetry
 Warning: op=0 Small HOMO/LUMO gap (   0.068) - skipping pre-diagonalization

 ORCA Calculation done. 
ORCA converged in 16 iterations
ORCA energy: -836.746217862328
  ------------ENDING ORCA-INTERFACE------------- 

----------------------------------------------------------------
Time to calculate step (ORCA run): 212.883 seconds, 3.5 minutes.
----------------------------------------------------------------

---------------------------------------------------------------
Time to calculate step (QM step): 212.883 seconds, 3.5 minutes.
---------------------------------------------------------------

----------------------------------------------------------------------
Time to calculate step (QMpcgrad prepare): 0.000 seconds, 0.0 minutes.
----------------------------------------------------------------------

--------------------------------------------------------------------------
Time to calculate step (linkatomgrad prepare): 0.000 seconds, 0.0 minutes.
--------------------------------------------------------------------------

----------------------------------------------------------------------------
Time to calculate step (QM/MM gradient prepare): 0.000 seconds, 0.0 minutes.
----------------------------------------------------------------------------
Using OpenMM theory as part of QM/MM.
Using MM on full system. Charges for QM region [0, 1, 2, 3, 4, 5, 6, 7, 8, 9, 10, 11, 12, 13, 14, 15, 16, 17, 18, 19, 20, 21, 22, 23] have been set to zero 

--------------------------------------------------------------------------------
                   Creating/updating OpenMM simulation object                   
--------------------------------------------------------------------------------

Integrator name: VerletIntegrator
Timestep: 0.001
Temperature: 300
Coupling frequency: 1
Properties: {'Threads': '1'}
Topology: <Topology; 1 chains, 1 residues, 100 atoms, 0 bonds>

----------------------------------------------------------------------------------
Time to calculate step (creating/updating simulation): 0.002 seconds, 0.0 minutes.
----------------------------------------------------------------------------------

--------------------------------------------------------------------------------
                     Running Single-point OpenMM Interface                      
--------------------------------------------------------------------------------

Number of OpenMM system constraints defined: 0

-----------------------------------------------------------------------------------
Time to calculate step (OpenMMTheory.run: const-check): 0.002 seconds, 0.0 minutes.
-----------------------------------------------------------------------------------
Updating coordinates.

------------------------------------------------------------------------
Time to calculate step (Creating pos array): 0.000 seconds, 0.0 minutes.
------------------------------------------------------------------------

---------------------------------------------------------------------------
Time to calculate step (Updating MM positions): 0.000 seconds, 0.0 minutes.
---------------------------------------------------------------------------
Calling OpenMM getState.

---------------------------------------------------------------------
Time to calculate step (OpenMM getState): 0.000 seconds, 0.0 minutes.
---------------------------------------------------------------------
OpenMM Energy: -3.062506466467922 Eh
OpenMM Energy: -1921.7518220881286 kcal/mol

-----------------------
Ending OpenMM interface
-----------------------

----------------------------------------------------------------
Time to calculate step (OpenMM run): 0.003 seconds, 0.0 minutes.
----------------------------------------------------------------

-------------------------------------------------------------
Time to calculate step (MM step): 0.004 seconds, 0.0 minutes.
-------------------------------------------------------------

Note: You are using electrostatic embedding. This means that the QM-energy is actually the polarized QM-energy
Note: MM energy also contains the QM-MM Lennard-Jones interaction

QM energy:              -836.746217862328 
MM energy:                -3.062506466468
QM/MM energy:           -839.808724328796 

  ------------ENDING QM/MM MODULE------------- 

-----------------------------------------------------------------
Time to calculate step (QM/MM run): 212.887 seconds, 3.5 minutes.
-----------------------------------------------------------------
geometric called save_guess_files option option for ASHengineclass.
This option is currently unsupported in ASH. Continuing.

Convergence criteria: {'convergence_energy': 1e-05, 'convergence_grms': 0.003, 'convergence_gmax': 0.006, 'convergence_drms': 0.01, 'convergence_dmax': 0.015, 'convergence_cmax': 0.01}

Replacing coordinates in fragment.
Creating/Updating fragment attributes...
Number of Atoms in fragment: 100
Formula: N18C20O14H48
Label: CHHCCOOOCHCHCCHCHCHOHCOOCNHHNHHNHHCNHHNHHNHHCOOHCNHHNHHNHHCNHHNHHNHHCOOHCOOHCNHHNHHNHHCNHHNHHNHHCOOH
Charge: -2 Mult: 1

--------------------------------------------------------------------------------
Wrote XYZ file:  Fragment-currentgeo.xyz
Current geometry (Å) in step 15 (print_atoms_list region)
---------------------------------------------------
        C  58.26006763   34.73122186   57.94847074
        H  59.32439549   34.67795352   58.30508409
        H  58.01072708   35.71564184   57.52433137
        C  57.47397633   34.40370307   59.16124289
        C  56.61844905   35.55458280   59.93854304
        O  56.56417904   36.68889026   59.43449727
        O  55.99293991   35.20838156   61.01473472
        O  57.38781592   33.27067653   59.64723939
        C  56.56108687   32.05341649   56.23744142
        H  56.23002668   31.06263235   55.91188513
        C  57.68806177   32.29272895   56.93271311
        H  58.25412095   31.45959975   57.34804287
        C  58.43645152   33.63481669   56.80143567
        C  58.12558786   34.17248480   55.39746994
        H  58.95033575   34.66196463   54.86143924
        C  56.95378639   33.95697056   54.76973533
        H  56.80803737   34.18503698   53.71181393
        C  55.88354053   33.22135465   55.56741772
        H  55.55054827   33.94018174   56.36135371
        O  54.69282590   32.84415355   54.88549017
        H  54.81153708   32.29138608   54.16527194
        C  59.99526699   33.15471402   56.82233570
        O  60.57197625   33.32474008   57.93607444
        O  60.37942827   32.57052206   55.79558048
        C  54.89040000   41.21830000   65.11750000
        N  55.04097700   41.60352000   63.85344600
        H  54.73046000   42.26602200   64.54970000
        H  55.23714600   40.64848200   64.11711300
        N  54.48150100   42.09070400   66.03434900
        H  54.67767000   41.13566600   66.29801600
        H  54.59584900   42.38324000   65.07442800
        N  55.14872100   39.96067600   65.46470500
        H  55.26307000   40.25321100   64.50478400
        H  54.83820400   40.62317800   66.16095900
        C  59.50090000   39.33550000   66.26000000
        N  59.65147700   39.72072000   64.99594600
        H  59.34096000   40.38322200   65.69220000
        H  59.84764600   38.76568200   65.25961300
        N  59.09200100   40.20790400   67.17684900
        H  59.28817000   39.25286600   67.44051600
        H  59.20634900   40.50044000   66.21692800
        N  59.75922100   38.07787600   66.60720500
        H  59.87357000   38.37041100   65.64728400
        H  59.44870400   38.74037800   67.30345900
        C  69.74840000   37.57020000   52.11000000
        O  70.93222500   37.63197600   51.71346300
        O  69.03711600   36.54281700   52.14255900
        H  69.29042100   38.50605000   52.46276100
        C  49.75560000   39.75790000   62.74580000
        N  49.90617700   40.14312000   61.48174600
        H  49.59566000   40.80562200   62.17800000
        H  50.10234600   39.18808200   61.74541300
        N  49.34670100   40.63030400   63.66264900
        H  49.54287000   39.67526600   63.92631600
        H  49.46104900   40.92284000   62.70272800
        N  50.01392100   38.50027600   63.09300500
        H  50.12827000   38.79281100   62.13308400
        H  49.70340400   39.16277800   63.78925900
        C  54.95800000   29.39440000   66.15720000
        N  55.10857700   29.77962000   64.89314600
        H  54.79806000   30.44212200   65.58940000
        H  55.30474600   28.82458200   65.15681300
        N  54.54910100   30.26680400   67.07404900
        H  54.74527000   29.31176600   67.33771600
        H  54.66344900   30.55934000   66.11412800
        N  55.21632100   28.13677600   66.50440500
        H  55.33067000   28.42931100   65.54448400
        H  54.90580400   28.79927800   67.20065900
        C  69.45420000   25.80430000   53.35910000
        O  70.63802500   25.86607600   52.96256300
        O  68.74291600   24.77691700   53.39165900
        H  68.99622100   26.74015000   53.71186100
        C  65.78910000   29.53300000   44.76770000
        O  66.97292500   29.59477600   44.37116300
        O  65.07781600   28.50561700   44.80025900
        H  65.33112100   30.46885000   45.12046100
        C  47.65890000   31.15830000   61.15630000
        N  47.80947700   31.54352000   59.89224600
        H  47.49896000   32.20602200   60.58850000
        H  48.00564600   30.58848200   60.15591300
        N  47.25000100   32.03070400   62.07314900
        H  47.44617000   31.07566600   62.33681600
        H  47.36434900   32.32324000   61.11322800
        N  47.91722100   29.90067600   61.50350500
        H  48.03157000   30.19321100   60.54358400
        H  47.60670400   30.56317800   62.19975900
        C  51.95630000   33.68720000   65.49240000
        N  52.10687700   34.07242000   64.22834600
        H  51.79636000   34.73492200   64.92460000
        H  52.30304600   33.11738200   64.49201300
        N  51.54740100   34.55960400   66.40924900
        H  51.74357000   33.60456600   66.67291600
        H  51.66174900   34.85214000   65.44932800
        N  52.21462100   32.42957600   65.83960500
        H  52.32897000   32.72211100   64.87968400
        H  51.90410400   33.09207800   66.53585900
        C  71.00800000   32.33200000   50.39870000
        O  72.19182500   32.39377600   50.00216300
        O  70.29671600   31.30461700   50.43125900
        H  70.55002100   33.26785000   50.75146100

Note: printed only print_atoms_list (this is not necessarily all atoms) 
  ------------RUNNING QM/MM MODULE------------- 
QM Module: ORCATheory
MM Module: OpenMMTheory
Charge provided from QMMMTheory object:  -2
Mult provided from QMMMTheory object:  1
QM-region Charge: -2 Mult: 1
Embedding: Electrostatic
Number of pointcharges (to QM program): 76
Number of charge coordinates: 76
Running QM/MM object with 8 cores available

-------------------------------------------------------------------
Time to calculate step (before-QMstep): 0.000 seconds, 0.0 minutes.
-------------------------------------------------------------------
  ------------RUNNING ORCA INTERFACE------------- 
Object-label: ORCA
Run-label: None
Running ORCA with 8 cores available
Moreadfile option not active
A GBW-file with same basename : orca.gbw is present
Autostart is False. ORCA will ignore any file present
Creating inputfile: orca.inp
ORCA input:
! B3LYP D3BJ def2-SVP def2/J RIJCOSX CPCM TightSCF

! Noautostart

%cpcm epsilon 4.0 end
%scf MaxIter 300 Guess PModel end
Charge: -2  Mult: 1
Pointcharge embedding is on!
 ORCA Calculation starting. 
Found warning messages in ORCA outputfile:
WARNING: The chosen methods will break translational/rotational symmetry
 WARNING: The chosen methods will break translational symmetry
 WARNING: The chosen methods will break translational symmetry
 Warning: op=0 Small HOMO/LUMO gap (   0.063) - skipping pre-diagonalization

 ORCA Calculation done. 
ORCA converged in 15 iterations
ORCA energy: -836.765597148291
  ------------ENDING ORCA-INTERFACE------------- 

----------------------------------------------------------------
Time to calculate step (ORCA run): 203.861 seconds, 3.4 minutes.
----------------------------------------------------------------

---------------------------------------------------------------
Time to calculate step (QM step): 203.861 seconds, 3.4 minutes.
---------------------------------------------------------------

----------------------------------------------------------------------
Time to calculate step (QMpcgrad prepare): 0.000 seconds, 0.0 minutes.
----------------------------------------------------------------------

--------------------------------------------------------------------------
Time to calculate step (linkatomgrad prepare): 0.000 seconds, 0.0 minutes.
--------------------------------------------------------------------------

----------------------------------------------------------------------------
Time to calculate step (QM/MM gradient prepare): 0.000 seconds, 0.0 minutes.
----------------------------------------------------------------------------
Using OpenMM theory as part of QM/MM.
Using MM on full system. Charges for QM region [0, 1, 2, 3, 4, 5, 6, 7, 8, 9, 10, 11, 12, 13, 14, 15, 16, 17, 18, 19, 20, 21, 22, 23] have been set to zero 

--------------------------------------------------------------------------------
                   Creating/updating OpenMM simulation object                   
--------------------------------------------------------------------------------

Integrator name: VerletIntegrator
Timestep: 0.001
Temperature: 300
Coupling frequency: 1
Properties: {'Threads': '1'}
Topology: <Topology; 1 chains, 1 residues, 100 atoms, 0 bonds>

----------------------------------------------------------------------------------
Time to calculate step (creating/updating simulation): 0.001 seconds, 0.0 minutes.
----------------------------------------------------------------------------------

--------------------------------------------------------------------------------
                     Running Single-point OpenMM Interface                      
--------------------------------------------------------------------------------

Number of OpenMM system constraints defined: 0

-----------------------------------------------------------------------------------
Time to calculate step (OpenMMTheory.run: const-check): 0.001 seconds, 0.0 minutes.
-----------------------------------------------------------------------------------
Updating coordinates.

------------------------------------------------------------------------
Time to calculate step (Creating pos array): 0.000 seconds, 0.0 minutes.
------------------------------------------------------------------------

---------------------------------------------------------------------------
Time to calculate step (Updating MM positions): 0.000 seconds, 0.0 minutes.
---------------------------------------------------------------------------
Calling OpenMM getState.

---------------------------------------------------------------------
Time to calculate step (OpenMM getState): 0.000 seconds, 0.0 minutes.
---------------------------------------------------------------------
OpenMM Energy: -3.0626006614213646 Eh
OpenMM Energy: -1921.8109303138226 kcal/mol

-----------------------
Ending OpenMM interface
-----------------------

----------------------------------------------------------------
Time to calculate step (OpenMM run): 0.002 seconds, 0.0 minutes.
----------------------------------------------------------------

-------------------------------------------------------------
Time to calculate step (MM step): 0.002 seconds, 0.0 minutes.
-------------------------------------------------------------

Note: You are using electrostatic embedding. This means that the QM-energy is actually the polarized QM-energy
Note: MM energy also contains the QM-MM Lennard-Jones interaction

QM energy:              -836.765597148291 
MM energy:                -3.062600661421
QM/MM energy:           -839.828197809712 

  ------------ENDING QM/MM MODULE------------- 

-----------------------------------------------------------------
Time to calculate step (QM/MM run): 203.863 seconds, 3.4 minutes.
-----------------------------------------------------------------
geometric called save_guess_files option option for ASHengineclass.
This option is currently unsupported in ASH. Continuing.

Convergence criteria: {'convergence_energy': 1e-05, 'convergence_grms': 0.003, 'convergence_gmax': 0.006, 'convergence_drms': 0.01, 'convergence_dmax': 0.015, 'convergence_cmax': 0.01}

Replacing coordinates in fragment.
Creating/Updating fragment attributes...
Number of Atoms in fragment: 100
Formula: N18C20O14H48
Label: CHHCCOOOCHCHCCHCHCHOHCOOCNHHNHHNHHCNHHNHHNHHCOOHCNHHNHHNHHCNHHNHHNHHCOOHCOOHCNHHNHHNHHCNHHNHHNHHCOOH
Charge: -2 Mult: 1

--------------------------------------------------------------------------------
Wrote XYZ file:  Fragment-currentgeo.xyz
Current geometry (Å) in step 16 (print_atoms_list region)
---------------------------------------------------
        C  57.93013257   34.82692970   58.24596637
        H  58.98092214   34.84742122   58.60302299
        H  57.58127849   35.78711693   57.87293321
        C  57.15292541   34.36406534   59.40673343
        C  56.37168054   35.47236746   60.35062079
        O  56.22327646   36.65022277   59.98205094
        O  55.88995234   35.03117669   61.47158229
        O  57.04538311   33.19351737   59.79179128
        C  56.42399057   32.10230936   56.42171146
        H  56.15440965   31.09965452   56.13362391
        C  57.52404283   32.36137966   57.14882109
        H  58.09744534   31.57506173   57.64840428
        C  58.22503448   33.72082327   57.05204380
        C  57.97382456   34.26120185   55.63930751
        H  58.79228388   34.79701117   55.12772803
        C  56.84515574   34.00272757   54.95899189
        H  56.74768133   34.25326771   53.89562416
        C  55.73960660   33.22646435   55.66569902
        H  55.29958568   33.95240694   56.40011883
        O  54.62069684   32.86029728   54.84022855
        H  54.94144004   32.45325850   54.06281115
        C  59.76649518   33.28521374   57.14769351
        O  60.34828005   33.55637314   58.24410919
        O  60.18422508   32.64072438   56.17746855
        C  54.89040000   41.21830000   65.11750000
        N  55.04097700   41.60352000   63.85344600
        H  54.73046000   42.26602200   64.54970000
        H  55.23714600   40.64848200   64.11711300
        N  54.48150100   42.09070400   66.03434900
        H  54.67767000   41.13566600   66.29801600
        H  54.59584900   42.38324000   65.07442800
        N  55.14872100   39.96067600   65.46470500
        H  55.26307000   40.25321100   64.50478400
        H  54.83820400   40.62317800   66.16095900
        C  59.50090000   39.33550000   66.26000000
        N  59.65147700   39.72072000   64.99594600
        H  59.34096000   40.38322200   65.69220000
        H  59.84764600   38.76568200   65.25961300
        N  59.09200100   40.20790400   67.17684900
        H  59.28817000   39.25286600   67.44051600
        H  59.20634900   40.50044000   66.21692800
        N  59.75922100   38.07787600   66.60720500
        H  59.87357000   38.37041100   65.64728400
        H  59.44870400   38.74037800   67.30345900
        C  69.74840000   37.57020000   52.11000000
        O  70.93222500   37.63197600   51.71346300
        O  69.03711600   36.54281700   52.14255900
        H  69.29042100   38.50605000   52.46276100
        C  49.75560000   39.75790000   62.74580000
        N  49.90617700   40.14312000   61.48174600
        H  49.59566000   40.80562200   62.17800000
        H  50.10234600   39.18808200   61.74541300
        N  49.34670100   40.63030400   63.66264900
        H  49.54287000   39.67526600   63.92631600
        H  49.46104900   40.92284000   62.70272800
        N  50.01392100   38.50027600   63.09300500
        H  50.12827000   38.79281100   62.13308400
        H  49.70340400   39.16277800   63.78925900
        C  54.95800000   29.39440000   66.15720000
        N  55.10857700   29.77962000   64.89314600
        H  54.79806000   30.44212200   65.58940000
        H  55.30474600   28.82458200   65.15681300
        N  54.54910100   30.26680400   67.07404900
        H  54.74527000   29.31176600   67.33771600
        H  54.66344900   30.55934000   66.11412800
        N  55.21632100   28.13677600   66.50440500
        H  55.33067000   28.42931100   65.54448400
        H  54.90580400   28.79927800   67.20065900
        C  69.45420000   25.80430000   53.35910000
        O  70.63802500   25.86607600   52.96256300
        O  68.74291600   24.77691700   53.39165900
        H  68.99622100   26.74015000   53.71186100
        C  65.78910000   29.53300000   44.76770000
        O  66.97292500   29.59477600   44.37116300
        O  65.07781600   28.50561700   44.80025900
        H  65.33112100   30.46885000   45.12046100
        C  47.65890000   31.15830000   61.15630000
        N  47.80947700   31.54352000   59.89224600
        H  47.49896000   32.20602200   60.58850000
        H  48.00564600   30.58848200   60.15591300
        N  47.25000100   32.03070400   62.07314900
        H  47.44617000   31.07566600   62.33681600
        H  47.36434900   32.32324000   61.11322800
        N  47.91722100   29.90067600   61.50350500
        H  48.03157000   30.19321100   60.54358400
        H  47.60670400   30.56317800   62.19975900
        C  51.95630000   33.68720000   65.49240000
        N  52.10687700   34.07242000   64.22834600
        H  51.79636000   34.73492200   64.92460000
        H  52.30304600   33.11738200   64.49201300
        N  51.54740100   34.55960400   66.40924900
        H  51.74357000   33.60456600   66.67291600
        H  51.66174900   34.85214000   65.44932800
        N  52.21462100   32.42957600   65.83960500
        H  52.32897000   32.72211100   64.87968400
        H  51.90410400   33.09207800   66.53585900
        C  71.00800000   32.33200000   50.39870000
        O  72.19182500   32.39377600   50.00216300
        O  70.29671600   31.30461700   50.43125900
        H  70.55002100   33.26785000   50.75146100

Note: printed only print_atoms_list (this is not necessarily all atoms) 
  ------------RUNNING QM/MM MODULE------------- 
QM Module: ORCATheory
MM Module: OpenMMTheory
Charge provided from QMMMTheory object:  -2
Mult provided from QMMMTheory object:  1
QM-region Charge: -2 Mult: 1
Embedding: Electrostatic
Number of pointcharges (to QM program): 76
Number of charge coordinates: 76
Running QM/MM object with 8 cores available

-------------------------------------------------------------------
Time to calculate step (before-QMstep): 0.000 seconds, 0.0 minutes.
-------------------------------------------------------------------
  ------------RUNNING ORCA INTERFACE------------- 
Object-label: ORCA
Run-label: None
Running ORCA with 8 cores available
Moreadfile option not active
A GBW-file with same basename : orca.gbw is present
Autostart is False. ORCA will ignore any file present
Creating inputfile: orca.inp
ORCA input:
! B3LYP D3BJ def2-SVP def2/J RIJCOSX CPCM TightSCF

! Noautostart

%cpcm epsilon 4.0 end
%scf MaxIter 300 Guess PModel end
Charge: -2  Mult: 1
Pointcharge embedding is on!
 ORCA Calculation starting. 
Found warning messages in ORCA outputfile:
WARNING: The chosen methods will break translational/rotational symmetry
 WARNING: The chosen methods will break translational symmetry
 WARNING: The chosen methods will break translational symmetry
 Warning: op=0 Small HOMO/LUMO gap (   0.057) - skipping pre-diagonalization

 ORCA Calculation done. 
ORCA converged in 15 iterations
ORCA energy: -836.796833596023
  ------------ENDING ORCA-INTERFACE------------- 

----------------------------------------------------------------
Time to calculate step (ORCA run): 205.623 seconds, 3.4 minutes.
----------------------------------------------------------------

---------------------------------------------------------------
Time to calculate step (QM step): 205.623 seconds, 3.4 minutes.
---------------------------------------------------------------

----------------------------------------------------------------------
Time to calculate step (QMpcgrad prepare): 0.000 seconds, 0.0 minutes.
----------------------------------------------------------------------

--------------------------------------------------------------------------
Time to calculate step (linkatomgrad prepare): 0.000 seconds, 0.0 minutes.
--------------------------------------------------------------------------

----------------------------------------------------------------------------
Time to calculate step (QM/MM gradient prepare): 0.000 seconds, 0.0 minutes.
----------------------------------------------------------------------------
Using OpenMM theory as part of QM/MM.
Using MM on full system. Charges for QM region [0, 1, 2, 3, 4, 5, 6, 7, 8, 9, 10, 11, 12, 13, 14, 15, 16, 17, 18, 19, 20, 21, 22, 23] have been set to zero 

--------------------------------------------------------------------------------
                   Creating/updating OpenMM simulation object                   
--------------------------------------------------------------------------------

Integrator name: VerletIntegrator
Timestep: 0.001
Temperature: 300
Coupling frequency: 1
Properties: {'Threads': '1'}
Topology: <Topology; 1 chains, 1 residues, 100 atoms, 0 bonds>

----------------------------------------------------------------------------------
Time to calculate step (creating/updating simulation): 0.001 seconds, 0.0 minutes.
----------------------------------------------------------------------------------

--------------------------------------------------------------------------------
                     Running Single-point OpenMM Interface                      
--------------------------------------------------------------------------------

Number of OpenMM system constraints defined: 0

-----------------------------------------------------------------------------------
Time to calculate step (OpenMMTheory.run: const-check): 0.002 seconds, 0.0 minutes.
-----------------------------------------------------------------------------------
Updating coordinates.

------------------------------------------------------------------------
Time to calculate step (Creating pos array): 0.000 seconds, 0.0 minutes.
------------------------------------------------------------------------

---------------------------------------------------------------------------
Time to calculate step (Updating MM positions): 0.000 seconds, 0.0 minutes.
---------------------------------------------------------------------------
Calling OpenMM getState.

---------------------------------------------------------------------
Time to calculate step (OpenMM getState): 0.000 seconds, 0.0 minutes.
---------------------------------------------------------------------
OpenMM Energy: -3.0627742614233653 Eh
OpenMM Energy: -1921.9198659597755 kcal/mol

-----------------------
Ending OpenMM interface
-----------------------

----------------------------------------------------------------
Time to calculate step (OpenMM run): 0.002 seconds, 0.0 minutes.
----------------------------------------------------------------

-------------------------------------------------------------
Time to calculate step (MM step): 0.002 seconds, 0.0 minutes.
-------------------------------------------------------------

Note: You are using electrostatic embedding. This means that the QM-energy is actually the polarized QM-energy
Note: MM energy also contains the QM-MM Lennard-Jones interaction

QM energy:              -836.796833596023 
MM energy:                -3.062774261423
QM/MM energy:           -839.859607857446 

  ------------ENDING QM/MM MODULE------------- 

-----------------------------------------------------------------
Time to calculate step (QM/MM run): 205.625 seconds, 3.4 minutes.
-----------------------------------------------------------------
geometric called save_guess_files option option for ASHengineclass.
This option is currently unsupported in ASH. Continuing.

Convergence criteria: {'convergence_energy': 1e-05, 'convergence_grms': 0.003, 'convergence_gmax': 0.006, 'convergence_drms': 0.01, 'convergence_dmax': 0.015, 'convergence_cmax': 0.01}

Replacing coordinates in fragment.
Creating/Updating fragment attributes...
Number of Atoms in fragment: 100
Formula: N18C20O14H48
Label: CHHCCOOOCHCHCCHCHCHOHCOOCNHHNHHNHHCNHHNHHNHHCOOHCNHHNHHNHHCNHHNHHNHHCOOHCOOHCNHHNHHNHHCNHHNHHNHHCOOH
Charge: -2 Mult: 1

--------------------------------------------------------------------------------
Wrote XYZ file:  Fragment-currentgeo.xyz
Current geometry (Å) in step 17 (print_atoms_list region)
---------------------------------------------------
        C  57.45871214   34.89600178   58.61360076
        H  58.54200679   35.17752946   58.98174626
        H  56.96001749   35.84462553   58.29572945
        C  56.72664206   34.33698248   59.83155364
        C  56.02869133   35.35492345   61.01086764
        O  55.74110832   36.55875232   60.71818157
        O  55.75739559   34.80579942   62.16588088
        O  56.67723029   33.15453332   60.13530626
        C  56.22961451   32.11549729   56.61470878
        H  56.02941189   31.06589721   56.26189507
        C  57.25576437   32.45697902   57.43408244
        H  57.82766577   31.70320950   57.99640567
        C  57.87972013   33.86142269   57.41020954
        C  57.73720665   34.42480423   55.98107188
        H  58.58588446   34.99267148   55.54759018
        C  56.67852997   34.09042824   55.18422840
        H  56.63362238   34.32224386   54.11096249
        C  55.58100297   33.22426217   55.79894534
        H  55.00299163   33.89625324   56.51522571
        O  54.66839509   32.74546668   54.77632962
        H  54.89419532   32.80797440   53.97559826
        C  59.43291807   33.51871767   57.64586147
        O  59.99398126   33.94401334   58.72326228
        O  59.90516759   32.77460458   56.76830087
        C  54.89040000   41.21830000   65.11750000
        N  55.04097700   41.60352000   63.85344600
        H  54.73046000   42.26602200   64.54970000
        H  55.23714600   40.64848200   64.11711300
        N  54.48150100   42.09070400   66.03434900
        H  54.67767000   41.13566600   66.29801600
        H  54.59584900   42.38324000   65.07442800
        N  55.14872100   39.96067600   65.46470500
        H  55.26307000   40.25321100   64.50478400
        H  54.83820400   40.62317800   66.16095900
        C  59.50090000   39.33550000   66.26000000
        N  59.65147700   39.72072000   64.99594600
        H  59.34096000   40.38322200   65.69220000
        H  59.84764600   38.76568200   65.25961300
        N  59.09200100   40.20790400   67.17684900
        H  59.28817000   39.25286600   67.44051600Step   19 : Displace = [0m2.400e-01[0m/[0m7.804e-01[0m (rms/max) Trust = 2.396e-01 ([92m+[0m) Grad_T = [0m3.399e-02[0m/[0m2.457e-01[0m (rms/max) E (change) = -839.8675355020 ([0m-7.928e-03[0m) Quality = [0m0.201[0m
Hessian Eigenvalues: 5.94319e-04 1.30473e-02 1.59735e-02 ... 5.96702e-01 6.21681e-01 3.03466e+00
Step   20 : Displace = [0m1.165e-01[0m/[0m4.481e-01[0m (rms/max) Trust = 1.198e-01 ([91m-[0m) Grad_T = [0m4.389e-02[0m/[0m2.227e-01[0m (rms/max) E (change) = -839.7881806777 ([91m+7.935e-02[0m) Quality = [91m-0.632[0m
Hessian Eigenvalues: 6.94794e-04 1.44368e-02 1.69951e-02 ... 5.99073e-01 6.78872e-01 2.78768e+00
Step   21 : Displace = [0m5.848e-02[0m/[0m2.859e-01[0m (rms/max) Trust = 5.826e-02 ([91m-[0m) Grad_T = [0m1.151e-02[0m/[0m7.147e-02[0m (rms/max) E (change) = -839.9115481099 ([0m-1.234e-01[0m) Quality = [0m0.886[0m
Hessian Eigenvalues: 6.94689e-04 1.45060e-02 1.70019e-02 ... 5.99249e-01 7.28385e-01 2.44211e+00
Step   22 : Displace = [0m8.067e-02[0m/[0m2.242e-01[0m (rms/max) Trust = 8.239e-02 ([92m+[0m) Grad_T = [0m1.631e-02[0m/[0m8.762e-02[0m (rms/max) E (change) = -839.9212745540 ([0m-9.726e-03[0m) Quality = [0m0.348[0m
Hessian Eigenvalues: 5.86661e-04 1.39007e-02 1.69792e-02 ... 6.05306e-01 7.54613e-01 2.57206e+00
