geometric-optimize called with the following command line:
relax_barrier.py shell2p0ts run

                                        [91m())))))))))))))))/[0m                     
                                    [91m())))))))))))))))))))))))),[0m                
                                [91m*)))))))))))))))))))))))))))))))))[0m             
                        [94m#,[0m    [91m()))))))))/[0m                [91m.)))))))))),[0m          
                      [94m#%%%%,[0m  [91m())))))[0m                        [91m.))))))))*[0m        
                      [94m*%%%%%%,[0m  [91m))[0m              [93m..[0m              [91m,))))))).[0m      
                        [94m*%%%%%%,[0m         [93m***************/.[0m        [91m.)))))))[0m     
                [94m#%%/[0m      [94m(%%%%%%,[0m    [93m/*********************.[0m       [91m)))))))[0m    
              [94m.%%%%%%#[0m      [94m*%%%%%%,[0m  [93m*******/,[0m     [93m**********,[0m      [91m.))))))[0m   
                [94m.%%%%%%/[0m      [94m*%%%%%%,[0m  [93m**[0m              [93m********[0m      [91m.))))))[0m  
          [94m##[0m      [94m.%%%%%%/[0m      [94m(%%%%%%,[0m                  [93m,******[0m      [91m/)))))[0m  
        [94m%%%%%%[0m      [94m.%%%%%%#[0m      [94m*%%%%%%,[0m    [92m,/////.[0m       [93m******[0m      [91m))))))[0m 
      [94m#%[0m      [94m%%[0m      [94m.%%%%%%/[0m      [94m*%%%%%%,[0m  [92m////////,[0m      [93m*****/[0m     [91m,)))))[0m 
    [94m#%%[0m  [94m%%%[0m  [94m%%%#[0m      [94m.%%%%%%/[0m      [94m(%%%%%%,[0m  [92m///////.[0m     [93m/*****[0m      [91m))))).[0m
  [94m#%%%%.[0m      [94m%%%%%#[0m      [94m/%%%%%%*[0m      [94m#%%%%%%[0m   [92m/////)[0m     [93m******[0m      [91m))))),[0m
    [94m#%%%%##%[0m  [94m%%%#[0m      [94m.%%%%%%/[0m      [94m(%%%%%%,[0m  [92m///////.[0m     [93m/*****[0m      [91m))))).[0m
      [94m##[0m     [94m%%%[0m      [94m.%%%%%%/[0m      [94m*%%%%%%,[0m  [92m////////.[0m      [93m*****/[0m     [91m,)))))[0m 
        [94m#%%%%#[0m      [94m/%%%%%%/[0m      [94m(%%%%%%[0m      [92m/)/)//[0m       [93m******[0m      [91m))))))[0m 
          [94m##[0m      [94m.%%%%%%/[0m      [94m(%%%%%%,[0m                  [93m*******[0m      [91m))))))[0m  
                [94m.%%%%%%/[0m      [94m*%%%%%%,[0m  [93m**.[0m             [93m/*******[0m      [91m.))))))[0m  
              [94m*%%%%%%/[0m      [94m(%%%%%%[0m   [93m********/*..,*/*********[0m       [91m*))))))[0m   
                [94m#%%/[0m      [94m(%%%%%%,[0m    [93m*********************/[0m        [91m)))))))[0m    
                        [94m*%%%%%%,[0m         [93m,**************/[0m         [91m,))))))/[0m     
                      [94m(%%%%%%[0m   [91m()[0m                              [91m))))))))[0m       
                      [94m#%%%%,[0m  [91m())))))[0m                        [91m,)))))))),[0m        
                        [94m#,[0m    [91m())))))))))[0m                [91m,)))))))))).[0m          
                                 [91m()))))))))))))))))))))))))))))))/[0m             
                                    [91m())))))))))))))))))))))))).[0m                
                                         [91m())))))))))))))),[0m                     

-=# [1;94m geomeTRIC started. Version: 1.1.1 [0m #=-
Current date and time: 2026-07-29 17:06:06
#========================================================#
#| [92m    Arguments passed to driver run_optimizer():     [0m |#
#========================================================#
bothre                    0.0 
constraints               constraints.txt 
convergence_cmax          0.01 
convergence_dmax          0.015 
convergence_drms          0.01 
convergence_energy        1e-05 
convergence_gmax          0.006 
convergence_grms          0.003 
coordsys                  hdlc 
customengine              <ash.interfaces.interface_geometric_new.ASHengineclass object at 0x154f7be14c90> 
input                     dummyinputname 
irc                       False 
logIni                    /home/18660916/envs/ash/lib/python3.11/site-packages/ash/log.ini 
maxiter                   400 
prefix                    geometric_OPTtraj 
rigid                     False 
subfrctor                 1 
transition                False 
verbose                   0 
----------------------------------------------------------
Custom engine selected.
$freeze
xyz 25
xyz 26
xyz 27
xyz 28
xyz 29
xyz 30
xyz 31
xyz 32
xyz 33
xyz 34
xyz 35
xyz 36
xyz 37
xyz 38
xyz 39
xyz 40
xyz 41
xyz 42
xyz 43
xyz 44
xyz 45
xyz 46
xyz 47
xyz 48
xyz 49
xyz 50
xyz 51
xyz 52
xyz 53
xyz 54
xyz 55
xyz 56
xyz 57
xyz 58
xyz 59
xyz 60
xyz 61
xyz 62
xyz 63
xyz 64
xyz 65
xyz 66
xyz 67
xyz 68
xyz 69
xyz 70
xyz 71
xyz 72
xyz 73
xyz 74
xyz 75
xyz 76
xyz 77
xyz 78
xyz 79
xyz 80
xyz 81
xyz 82
xyz 83
xyz 84
xyz 85
xyz 86
xyz 87
xyz 88
xyz 89
xyz 90
xyz 91
xyz 92
xyz 93
xyz 94
xyz 95
xyz 96
xyz 97
xyz 98
xyz 99
xyz 100
Bonds will be generated from interatomic distances less than 1.20 times sum of covalent radii
300 internal coordinates being used (instead of 300 Cartesians)
<class 'geometric.internal.CartesianX'> : 100
<class 'geometric.internal.CartesianY'> : 100
<class 'geometric.internal.CartesianZ'> : 100
<class 'geometric.internal.Distance'> : 143
<class 'geometric.internal.Angle'> : 171
<class 'geometric.internal.OutOfPlane'> : 571
<class 'geometric.internal.Dihedral'> : 961
Constraint                         Current      Target       Diff.
Cartesian-X 25                    61.34690    61.34690     0.00000
Cartesian-Y 25                    37.08200    37.08200     0.00000
Cartesian-Z 25                    59.61740    59.61740     0.00000
Cartesian-X 26                    61.49748    61.49748     0.00000
Cartesian-Y 26                    37.46722    37.46722     0.00000
Cartesian-Z 26                    58.35335    58.35335     0.00000
Cartesian-X 27                    61.18696    61.18696     0.00000
Cartesian-Y 27                    38.12972    38.12972     0.00000
Cartesian-Z 27                    59.04960    59.04960     0.00000
Cartesian-X 28                    61.69365    61.69365     0.00000
Cartesian-Y 28                    36.51218    36.51218     0.00000
Cartesian-Z 28                    58.61701    58.61701     0.00000
Cartesian-X 29                    60.93800    60.93800     0.00000
Cartesian-Y 29                    37.95440    37.95440     0.00000
Cartesian-Z 29                    60.53425    60.53425     0.00000
Cartesian-X 30                    61.13417    61.13417     0.00000
Cartesian-Y 30                    36.99937    36.99937     0.00000
Cartesian-Z 30                    60.79792    60.79792     0.00000
Cartesian-X 31                    61.05235    61.05235     0.00000
Cartesian-Y 31                    38.24694    38.24694     0.00000
Cartesian-Z 31                    59.57433    59.57433     0.00000
Cartesian-X 32                    61.60522    61.60522     0.00000
Cartesian-Y 32                    35.82438    35.82438     0.00000
Cartesian-Z 32                    59.96460    59.96460     0.00000
Cartesian-X 33                    61.71957    61.71957     0.00000
Cartesian-Y 33                    36.11691    36.11691     0.00000
Cartesian-Z 33                    59.00468    59.00468     0.00000
Cartesian-X 34                    61.29470    61.29470     0.00000
Cartesian-Y 34                    36.48688    36.48688     0.00000
Cartesian-Z 34                    60.66086    60.66086     0.00000
Cartesian-X 35                    58.88720    58.88720     0.00000
Cartesian-Y 35                    30.25530    30.25530     0.00000
Cartesian-Z 35                    51.89210    51.89210     0.00000
Cartesian-X 36                    60.07102    60.07102     0.00000
Cartesian-Y 36                    30.31708    30.31708     0.00000
Cartesian-Z 36                    51.49556    51.49556     0.00000
Cartesian-X 37                    58.17592    58.17592     0.00000
Cartesian-Y 37                    29.22792    29.22792     0.00000
Cartesian-Z 37                    51.92466    51.92466     0.00000
Cartesian-X 38                    58.42922    58.42922     0.00000
Cartesian-Y 38                    31.19115    31.19115     0.00000
Cartesian-Z 38                    52.24486    52.24486     0.00000
Cartesian-X 39                    63.81050    63.81050     0.00000
Cartesian-Y 39                    29.09560    29.09560     0.00000
Cartesian-Z 39                    54.34790    54.34790     0.00000
Cartesian-X 40                    64.99433    64.99433     0.00000
Cartesian-Y 40                    29.15738    29.15738     0.00000
Cartesian-Z 40                    53.95136    53.95136     0.00000
Cartesian-X 41                    63.09922    63.09922     0.00000
Cartesian-Y 41                    28.06822    28.06822     0.00000
Cartesian-Z 41                    54.38046    54.38046     0.00000
Cartesian-X 42                    63.35252    63.35252     0.00000
Cartesian-Y 42                    30.03145    30.03145     0.00000
Cartesian-Z 42                    54.70066    54.70066     0.00000
Cartesian-X 43                    53.21740    53.21740     0.00000
Cartesian-Y 43                    31.67870    31.67870     0.00000
Cartesian-Z 43                    51.94570    51.94570     0.00000
Cartesian-X 44                    53.36798    53.36798     0.00000
Cartesian-Y 44                    32.06392    32.06392     0.00000
Cartesian-Z 44                    50.68165    50.68165     0.00000
Cartesian-X 45                    53.05746    53.05746     0.00000
Cartesian-Y 45                    32.72642    32.72642     0.00000
Cartesian-Z 45                    51.37790    51.37790     0.00000
Cartesian-X 46                    53.56415    53.56415     0.00000
Cartesian-Y 46                    31.10888    31.10888     0.00000
Cartesian-Z 46                    50.94531    50.94531     0.00000
Cartesian-X 47                    52.80850    52.80850     0.00000
Cartesian-Y 47                    32.55110    32.55110     0.00000
Cartesian-Z 47                    52.86255    52.86255     0.00000
Cartesian-X 48                    53.00467    53.00467     0.00000
Cartesian-Y 48                    31.59607    31.59607     0.00000
Cartesian-Z 48                    53.12622    53.12622     0.00000
Cartesian-X 49                    52.92285    52.92285     0.00000
Cartesian-Y 49                    32.84364    32.84364     0.00000
Cartesian-Z 49                    51.90263    51.90263     0.00000
Cartesian-X 50                    53.47572    53.47572     0.00000
Cartesian-Y 50                    30.42108    30.42108     0.00000
Cartesian-Z 50                    52.29290    52.29290     0.00000
Cartesian-X 51                    53.59007    53.59007     0.00000
Cartesian-Y 51                    30.71361    30.71361     0.00000
Cartesian-Z 51                    51.33298    51.33298     0.00000
Cartesian-X 52                    53.16520    53.16520     0.00000
Cartesian-Y 52                    31.08358    31.08358     0.00000
Cartesian-Z 52                    52.98916    52.98916     0.00000
Cartesian-X 53                    53.85940    53.85940     0.00000
Cartesian-Y 53                    36.72330    36.72330     0.00000
Cartesian-Z 53                    55.35930    55.35930     0.00000
Cartesian-X 54                    54.00998    54.00998     0.00000
Cartesian-Y 54                    37.10852    37.10852     0.00000
Cartesian-Z 54                    54.09525    54.09525     0.00000
Cartesian-X 55                    53.69946    53.69946     0.00000
Cartesian-Y 55                    37.77102    37.77102     0.00000
Cartesian-Z 55                    54.79150    54.79150     0.00000
Cartesian-X 56                    54.20615    54.20615     0.00000
Cartesian-Y 56                    36.15348    36.15348     0.00000
Cartesian-Z 56                    54.35891    54.35891     0.00000
Cartesian-X 57                    53.45050    53.45050     0.00000
Cartesian-Y 57                    37.59570    37.59570     0.00000
Cartesian-Z 57                    56.27615    56.27615     0.00000
Cartesian-X 58                    53.64667    53.64667     0.00000
Cartesian-Y 58                    36.64067    36.64067     0.00000
Cartesian-Z 58                    56.53982    56.53982     0.00000
Cartesian-X 59                    53.56485    53.56485     0.00000
Cartesian-Y 59                    37.88824    37.88824     0.00000
Cartesian-Z 59                    55.31623    55.31623     0.00000
Cartesian-X 60                    54.11772    54.11772     0.00000
Cartesian-Y 60                    35.46568    35.46568     0.00000
Cartesian-Z 60                    55.70650    55.70650     0.00000
Cartesian-X 61                    54.23207    54.23207     0.00000
Cartesian-Y 61                    35.75821    35.75821     0.00000
Cartesian-Z 61                    54.74658    54.74658     0.00000
Cartesian-X 62                    53.80720    53.80720     0.00000
Cartesian-Y 62                    36.12818    36.12818     0.00000
Cartesian-Z 62                    56.40276    56.40276     0.00000
Cartesian-X 63                    54.66340    54.66340     0.00000
Cartesian-Y 63                    29.53370    29.53370     0.00000
Cartesian-Z 63                    57.72430    57.72430     0.00000
Cartesian-X 64                    54.81398    54.81398     0.00000
Cartesian-Y 64                    29.91892    29.91892     0.00000
Cartesian-Z 64                    56.46025    56.46025     0.00000
Cartesian-X 65                    54.50346    54.50346     0.00000
Cartesian-Y 65                    30.58142    30.58142     0.00000
Cartesian-Z 65                    57.15650    57.15650     0.00000
Cartesian-X 66                    55.01015    55.01015     0.00000
Cartesian-Y 66                    28.96388    28.96388     0.00000
Cartesian-Z 66                    56.72391    56.72391     0.00000
Cartesian-X 67                    54.25450    54.25450     0.00000
Cartesian-Y 67                    30.40610    30.40610     0.00000
Cartesian-Z 67                    58.64115    58.64115     0.00000
Cartesian-X 68                    54.45067    54.45067     0.00000
Cartesian-Y 68                    29.45107    29.45107     0.00000
Cartesian-Z 68                    58.90482    58.90482     0.00000
Cartesian-X 69                    54.36885    54.36885     0.00000
Cartesian-Y 69                    30.69864    30.69864     0.00000
Cartesian-Z 69                    57.68123    57.68123     0.00000
Cartesian-X 70                    54.92172    54.92172     0.00000
Cartesian-Y 70                    28.27608    28.27608     0.00000
Cartesian-Z 70                    58.07150    58.07150     0.00000
Cartesian-X 71                    55.03607    55.03607     0.00000
Cartesian-Y 71                    28.56861    28.56861     0.00000
Cartesian-Z 71                    57.11158    57.11158     0.00000
Cartesian-X 72                    54.61120    54.61120     0.00000
Cartesian-Y 72                    28.93858    28.93858     0.00000
Cartesian-Z 72                    58.76776    58.76776     0.00000
Cartesian-X 73                    64.47490    64.47490     0.00000
Cartesian-Y 73                    32.89690    32.89690     0.00000
Cartesian-Z 73                    51.58640    51.58640     0.00000
Cartesian-X 74                    65.65873    65.65873     0.00000
Cartesian-Y 74                    32.95868    32.95868     0.00000
Cartesian-Z 74                    51.18986    51.18986     0.00000
Cartesian-X 75                    63.76362    63.76362     0.00000
Cartesian-Y 75                    31.86952    31.86952     0.00000
Cartesian-Z 75                    51.61896    51.61896     0.00000
Cartesian-X 76                    64.01692    64.01692     0.00000
Cartesian-Y 76                    33.83275    33.83275     0.00000
Cartesian-Z 76                    51.93916    51.93916     0.00000
Cartesian-X 77                    55.33790    55.33790     0.00000
Cartesian-Y 77                    33.73470    33.73470     0.00000
Cartesian-Z 77                    59.83180    59.83180     0.00000
Cartesian-X 78                    55.48848    55.48848     0.00000
Cartesian-Y 78                    34.11992    34.11992     0.00000
Cartesian-Z 78                    58.56775    58.56775     0.00000
Cartesian-X 79                    55.17796    55.17796     0.00000
Cartesian-Y 79                    34.78242    34.78242     0.00000
Cartesian-Z 79                    59.26400    59.26400     0.00000
Cartesian-X 80                    55.68465    55.68465     0.00000
Cartesian-Y 80                    33.16488    33.16488     0.00000
Cartesian-Z 80                    58.83141    58.83141     0.00000
Cartesian-X 81                    54.92900    54.92900     0.00000
Cartesian-Y 81                    34.60710    34.60710     0.00000
Cartesian-Z 81                    60.74865    60.74865     0.00000
Cartesian-X 82                    55.12517    55.12517     0.00000
Cartesian-Y 82                    33.65207    33.65207     0.00000
Cartesian-Z 82                    61.01232    61.01232     0.00000
Cartesian-X 83                    55.04335    55.04335     0.00000
Cartesian-Y 83                    34.89964    34.89964     0.00000
Cartesian-Z 83                    59.78873    59.78873     0.00000
Cartesian-X 84                    55.59622    55.59622     0.00000
Cartesian-Y 84                    32.47708    32.47708     0.00000
Cartesian-Z 84                    60.17900    60.17900     0.00000
Cartesian-X 85                    55.71057    55.71057     0.00000
Cartesian-Y 85                    32.76961    32.76961     0.00000
Cartesian-Z 85                    59.21908    59.21908     0.00000
Cartesian-X 86                    55.28570    55.28570     0.00000
Cartesian-Y 86                    33.13958    33.13958     0.00000
Cartesian-Z 86                    60.87526    60.87526     0.00000
Cartesian-X 87                    59.64430    59.64430     0.00000
Cartesian-Y 87                    31.49730    31.49730     0.00000
Cartesian-Z 87                    60.26190    60.26190     0.00000
Cartesian-X 88                    59.79488    59.79488     0.00000
Cartesian-Y 88                    31.88252    31.88252     0.00000
Cartesian-Z 88                    58.99785    58.99785     0.00000
Cartesian-X 89                    59.48436    59.48436     0.00000
Cartesian-Y 89                    32.54502    32.54502     0.00000
Cartesian-Z 89                    59.69410    59.69410     0.00000
Cartesian-X 90                    59.99105    59.99105     0.00000
Cartesian-Y 90                    30.92748    30.92748     0.00000
Cartesian-Z 90                    59.26151    59.26151     0.00000
Cartesian-X 91                    59.23540    59.23540     0.00000
Cartesian-Y 91                    32.36970    32.36970     0.00000
Cartesian-Z 91                    61.17875    61.17875     0.00000
Cartesian-X 92                    59.43157    59.43157     0.00000
Cartesian-Y 92                    31.41467    31.41467     0.00000
Cartesian-Z 92                    61.44242    61.44242     0.00000
Cartesian-X 93                    59.34975    59.34975     0.00000
Cartesian-Y 93                    32.66224    32.66224     0.00000
Cartesian-Z 93                    60.21883    60.21883     0.00000
Cartesian-X 94                    59.90262    59.90262     0.00000
Cartesian-Y 94                    30.23968    30.23968     0.00000
Cartesian-Z 94                    60.60910    60.60910     0.00000
Cartesian-X 95                    60.01697    60.01697     0.00000
Cartesian-Y 95                    30.53221    30.53221     0.00000
Cartesian-Z 95                    59.64918    59.64918     0.00000
Cartesian-X 96                    59.59210    59.59210     0.00000
Cartesian-Y 96                    30.90218    30.90218     0.00000
Cartesian-Z 96                    61.30536    61.30536     0.00000
Cartesian-X 97                    58.91760    58.91760     0.00000
Cartesian-Y 97                    34.60790    34.60790     0.00000
Cartesian-Z 97                    50.09390    50.09390     0.00000
Cartesian-X 98                    60.10142    60.10142     0.00000
Cartesian-Y 98                    34.66968    34.66968     0.00000
Cartesian-Z 98                    49.69736    49.69736     0.00000
Cartesian-X 99                    58.20632    58.20632     0.00000
Cartesian-Y 99                    33.58052    33.58052     0.00000
Cartesian-Z 99                    50.12646    50.12646     0.00000
Cartesian-X 100                   58.45962    58.45962     0.00000
Cartesian-Y 100                   35.54375    35.54375     0.00000
Cartesian-Z 100                   50.44666    50.44666     0.00000
> ===== Optimization Info: ====
> Job type: Energy minimization
> Maximum number of optimization cycles: 400
> Initial / maximum trust radius (Angstrom): 0.100 / 0.300
> Convergence Criteria:
> Will converge when all 5 criteria are reached:
>  |Delta-E| < 1.00e-05
>  RMS-Ortho-Grad < 3.00e-03
>  Max-Ortho-Grad < 6.00e-03
>  RMS-Disp  < 1.00e-02
>  Max-Disp  < 1.50e-02
> 
> Constraints are requested. The following criterion is added:
>  Max Constraint Violation (in Angstroms/degrees) < 1.00e-02 
> === End Optimization Info ===
Step    0 : Gradient = 1.538e-02/7.458e-02 (rms/max) Energy = -840.3704567896
Hessian Eigenvalues: 2.63687e-02 2.63687e-02 2.63687e-02 ... 5.78010e-01 5.78010e-01 5.78010e-01
Step    1 : Displace = [0m6.742e-02[0m/[0m5.190e-01[0m (rms/max) Trust = 1.000e-01 (=) Grad_T = [0m8.928e-03[0m/[0m3.969e-02[0m (rms/max) E (change) = -840.4534890379 ([0m-8.303e-02[0m) Quality = [0m1.469[0m
Hessian Eigenvalues: 1.53019e-02 2.63687e-02 2.63687e-02 ... 5.78010e-01 5.78010e-01 5.79618e-01
Step    2 : Displace = [0m1.232e-01[0m/[0m8.623e-01[0m (rms/max) Trust = 1.414e-01 ([92m+[0m) Grad_T = [0m1.059e-02[0m/[0m3.945e-02[0m (rms/max) E (change) = -840.5197996128 ([0m-6.631e-02[0m) Quality = [0m1.084[0m
Hessian Eigenvalues: 1.18106e-02 2.63648e-02 2.63687e-02 ... 5.78010e-01 5.78010e-01 5.82158e-01
Step    3 : Displace = [0m5.315e-02[0m/[0m2.090e-01[0m (rms/max) Trust = 2.000e-01 ([92m+[0m) Grad_T = [0m8.233e-03[0m/[0m2.849e-02[0m (rms/max) E (change) = -840.5478715624 ([0m-2.807e-02[0m) Quality = [0m1.389[0m
Hessian Eigenvalues: 8.55226e-03 2.60300e-02 2.63680e-02 ... 5.78010e-01 5.78011e-01 5.78273e-01
Step    4 : Displace = [0m8.234e-02[0m/[0m2.828e-01[0m (rms/max) Trust = 2.828e-01 ([92m+[0m) Grad_T = [0m8.267e-03[0m/[0m3.227e-02[0m (rms/max) E (change) = -840.5767605103 ([0m-2.889e-02[0m) Quality = [0m1.236[0m
Hessian Eigenvalues: 5.15224e-03 2.34509e-02 2.63686e-02 ... 5.78010e-01 5.78012e-01 5.78512e-01
Step    5 : Displace = [0m8.885e-02[0m/[0m2.783e-01[0m (rms/max) Trust = 3.000e-01 ([92m+[0m) Grad_T = [0m8.251e-03[0m/[0m3.805e-02[0m (rms/max) E (change) = -840.6007795848 ([0m-2.402e-02[0m) Quality = [0m1.556[0m
Hessian Eigenvalues: 2.24670e-03 2.04987e-02 2.63601e-02 ... 5.78010e-01 5.78079e-01 5.82540e-01
Step    6 : Displace = [0m2.405e-01[0m/[0m8.977e-01[0m (rms/max) Trust = 3.000e-01 (=) Grad_T = [0m1.843e-02[0m/[0m9.397e-02[0m (rms/max) E (change) = -840.6326777545 ([0m-3.190e-02[0m) Quality = [0m0.828[0m
Hessian Eigenvalues: 2.60313e-03 1.99313e-02 2.63606e-02 ... 5.78013e-01 5.78080e-01 6.22553e-01
Step    7 : Displace = [0m3.297e-02[0m/[0m1.980e-01[0m (rms/max) Trust = 3.000e-01 (=) Grad_T = [0m1.216e-02[0m/[0m6.703e-02[0m (rms/max) E (change) = -840.6654152713 ([0m-3.274e-02[0m) Quality = [0m1.182[0m
Hessian Eigenvalues: 2.47083e-03 2.04288e-02 2.35275e-02 ... 5.78048e-01 5.78103e-01 6.09302e-01
Step    8 : Displace = [0m1.305e-01[0m/[0m5.842e-01[0m (rms/max) Trust = 3.000e-01 (=) Grad_T = [0m5.431e-02[0m/[0m3.644e-01[0m (rms/max) E (change) = -840.5622961832 ([91m+1.031e-01[0m) Quality = [91m-2.027[0m
[93mRejecting step - quality is lower than -1.0[0m
Hessian Eigenvalues: 2.47083e-03 2.04288e-02 2.35275e-02 ... 5.78048e-01 5.78103e-01 6.09302e-01
ashpath: /home/18660916/envs/ash/lib/python3.11/site-packages/ash
Sys path: ['/home/18660916/envs/ash/lib/python3.11/site-packages/ash', '/home/18660916/system_development/phase2b_charge_design/05d_shell_ladder/relax/run_barr_2p0', '/home/18660916/envs/ash/lib/python311.zip', '/home/18660916/envs/ash/lib/python3.11', '/home/18660916/envs/ash/lib/python3.11/lib-dynload', '/home/18660916/envs/ash/lib/python3.11/site-packages']
--------------------------------------------------------------------------------
--------------------------------------------------------------------------------
                                           ASH                                            
                              A MULTISCALE MODELLING PROGRAM                              
                                        Version: 0.9dev                                        
                               Git commit version: Unknown                                
--------------------------------------------------------------------------------
--------------------------------------------------------------------------------
ASH path: /home/18660916/envs/ash/lib/python3.11/site-packages/ash
Python version: 3.11.15
Python interpreter: /home/18660916/envs/ash/bin/python3

ASH Settings after reading defaults and ~/ash_user_settings.ini : 
See https://ash.readthedocs.io/en/latest/basics.html#ash-settings on how to change settings.
	 debugflag :  False
	 load_julia :  False
	 julia_library :  pythoncall
	 use_ANSI_color :  False
	 print_logo :  False
	 print_input :  True
	 scale :  1.0
	 tol :  0.1
	 conndepth :  10
	 connectivity_code :  julia
	 nonbondedMM_code :  julia
	 print_exit_footer :  True
	 print_full_timings :  True

Note: ASH can use ANSI escape sequences for displaying color. Use e.g. less -R to display
To turn on/off escape sequences, set: 'use_ANSI_color = False' in
~/ash_user_settings.ini

Input script: /home/18660916/system_development/phase2b_charge_design/05d_shell_ladder/relax/run_barr_2p0/relax_barrier.py
================================================================================
   > import sys, openmm
   > from ash import Fragment, ORCATheory, OpenMMTheory, QMMMTheory, Optimizer
   > name=sys.argv[1]; RUN=(len(sys.argv)>2 and sys.argv[2]=="run")
   > ORCADIR="/home/apps2/ORCA/6.0.1"
   > coords="\n".join(open("%s_coords.xyz"%name).read().splitlines()[2:])
   > mmcharges=[float(x) for x in open("%s_charges.txt"%name).read().split(",")]
   > frag=Fragment(coordsstring=coords, charge=-2, mult=1)
   > els=[a.split()[0] for a in coords.strip().split("\n")]
   > print(">> %s: %d atoms (24 QM + %d MM), MM net %+.2f"%(name,frag.numatoms,frag.numatoms-24,sum(mmcharges)))
   > assert len(mmcharges)==frag.numatoms
   > LJ={"C":(3.40,0.086),"N":(3.25,0.170),"O":(2.96,0.210),"H":(1.06,0.016)}
   > orca=ORCATheory(orcadir=ORCADIR,orcasimpleinput="! B3LYP D3BJ def2-SVP def2/J RIJCOSX CPCM TightSCF",
   >     orcablocks="%cpcm epsilon 4.0 end\n%scf MaxIter 300 Guess PModel end",numcores=8,autostart=False)
   > mm=OpenMMTheory(fragment=frag,dummysystem=True,platform="CPU",numcores=1,autoconstraints=None,rigidwater=False)
   > lj=openmm.CustomBondForce("4*eps*((sig/r)^12 - (sig/r)^6)")
   > lj.addPerBondParameter("sig");lj.addPerBondParameter("eps");lj.setUsesPeriodicBoundaryConditions(False)
   > ang=openmm.unit.angstrom;kcal=openmm.unit.kilocalorie_per_mole;npair=0
   > for i in range(24):
   >     si,ei=LJ[els[i]]
   >     for j in range(24,frag.numatoms):
   >         sj,ej=LJ[els[j]]
   >         sig=((si+sj)/2*ang).value_in_unit(openmm.unit.nanometer);eps=(((ei*ej)**0.5)*kcal).value_in_unit(openmm.unit.kilojoule_per_mole)
   >         lj.addBond(i,j,[sig,eps]);npair+=1
   > lj.setForceGroup(11);mm.system.addForce(lj)
   > qmmm=QMMMTheory(qm_theory=orca,mm_theory=mm,fragment=frag,qmatoms=list(range(24)),charges=mmcharges,embedding="elstat",qm_charge=-2,qm_mult=1,numcores=8)
   > FROZEN=list(range(24,frag.numatoms))
   > CONV={"convergence_energy":1e-5,"convergence_grms":3.0e-3,"convergence_gmax":6.0e-3,"convergence_drms":1.0e-2,"convergence_dmax":1.5e-2}
   > if not RUN:
   >     print("\n=== DRY RUN OK %s: %d pairs, MM %+.0f, %d frozen ==="%(name,npair,sum(mmcharges),len(FROZEN))); sys.exit(0)
   > result=Optimizer(theory=qmmm,fragment=frag,coordsystem="hdlc",frozenatoms=FROZEN,maxiter=400,conv_criteria=CONV,charge=-2,mult=1)
   > frag.write_xyzfile("%s_relaxed.xyz"%name)
   > # extract final energy
   > E=frag.energy if hasattr(frag,"energy") else None
   > print(">> DONE %s  FINAL ENERGY = %s Eh -> %s_relaxed.xyz"%(name,E,name))
   > open("%s_energy.txt"%name,"w").write(str(E))
================================================================================ 


--------------------------------------------------------------------------------
                                New ASH fragment                                
--------------------------------------------------------------------------------

ASH Fragment creation
Getting coordinates from string: C     60.14190600    34.25017500    56.86750500
H     60.65410400    33.35229400    57.20242100
H     60.73860600    35.07435300    56.47491200
C     58.80287300    34.45194900    57.16141800
C     58.13069700    35.79868100    56.84307300
O     58.86276300    36.77666300    56.53446600
O     56.87734100    35.82963400    56.93983700
O     58.04533200    33.51170800    57.60013500
C     57.53567900    32.20862600    56.01945400
H     56.92805500    31.57263500    56.66681400
C     58.86068700    31.87524000    55.78984900
H     59.36035100    31.12725100    56.40326400
C     59.64119800    32.67145500    54.96010600
C     58.97535300    33.57937300    54.02371700
H     59.61208400    34.05213900    53.27111900
C     57.64453400    33.77154800    54.05277400
H     57.14874400    34.42947900    53.33266900
C     56.77153500    33.13738000    55.09626400
H     56.36648800    33.96180100    55.70835200
O     55.70405500    32.44082700    54.44502300
H     55.04194600    32.20048300    55.11214300
C     61.07068900    32.21901900    54.67969600
O     61.72429900    31.71851300    55.62834500
O     61.44865900    32.31879300    53.48933100
C     61.346900    37.082000    59.617400
N     61.497477    37.467220    58.353346
H     61.186960    38.129722    59.049600
H     61.693646    36.512182    58.617013
N     60.938001    37.954404    60.534249
H     61.134170    36.999366    60.797916
H     61.052349    38.246940    59.574328
N     61.605221    35.824376    59.964605
H     61.719570    36.116911    59.004684
H     61.294704    36.486878    60.660859
C     58.887200    30.255300    51.892100
O     60.071025    30.317076    51.495563
O     58.175916    29.227917    51.924659
H     58.429221    31.191150    52.244861
C     63.810500    29.095600    54.347900
O     64.994325    29.157376    53.951363
O     63.099216    28.068217    54.380459
H     63.352521    30.031450    54.700661
C     53.217400    31.678700    51.945700
N     53.367977    32.063920    50.681646
H     53.057460    32.726422    51.377900
H     53.564146    31.108882    50.945313
N     52.808501    32.551104    52.862549
H     53.004670    31.596066    53.126216
H     52.922849    32.843640    51.902628
N     53.475721    30.421076    52.292905
H     53.590070    30.713611    51.332984
H     53.165204    31.083578    52.989159
C     53.859400    36.723300    55.359300
N     54.009977    37.108520    54.095246
H     53.699460    37.771022    54.791500
H     54.206146    36.153482    54.358913
N     53.450501    37.595704    56.276149
H     53.646670    36.640666    56.539816
H     53.564849    37.888240    55.316228
N     54.117721    35.465676    55.706505
H     54.232070    35.758211    54.746584
H     53.807204    36.128178    56.402759
C     54.663400    29.533700    57.724300
N     54.813977    29.918920    56.460246
H     54.503460    30.581422    57.156500
H     55.010146    28.963882    56.723913
N     54.254501    30.406104    58.641149
H     54.450670    29.451066    58.904816
H     54.368849    30.698640    57.681228
N     54.921721    28.276076    58.071505
H     55.036070    28.568611    57.111584
H     54.611204    28.938578    58.767759
C     64.474900    32.896900    51.586400
O     65.658725    32.958676    51.189863
O     63.763616    31.869517    51.618959
H     64.016921    33.832750    51.939161
C     55.337900    33.734700    59.831800
N     55.488477    34.119920    58.567746
H     55.177960    34.782422    59.264000
H     55.684646    33.164882    58.831413
N     54.929001    34.607104    60.748649
H     55.125170    33.652066    61.012316
H     55.043349    34.899640    59.788728
N     55.596221    32.477076    60.179005
H     55.710570    32.769611    59.219084
H     55.285704    33.139578    60.875259
C     59.644300    31.497300    60.261900
N     59.794877    31.882520    58.997846
H     59.484360    32.545022    59.694100
H     59.991046    30.927482    59.261513
N     59.235401    32.369704    61.178749
H     59.431570    31.414666    61.442416
H     59.349749    32.662240    60.218828
N     59.902621    30.239676    60.609105
H     60.016970    30.532211    59.649184
H     59.592104    30.902178    61.305359
C     58.917600    34.607900    50.093900
O     60.101425    34.669676    49.697363
O     58.206316    33.580517    50.126459
H     58.459621    35.543750    50.446661
Creating/Updating fragment attributes...
Number of Atoms in fragment: 100
Formula: O14N18C20H48
Label: CHHCCOOOCHCHCCHCHCHOHCOOCNHHNHHNHHCOOHCOOHCNHHNHHNHHCNHHNHHNHHCNHHNHHNHHCOOHCNHHNHHNHHCNHHNHHNHHCOOH
Charge: -2 Mult: 1

--------------------------------------------------------------------------------
>> shell2p0ts: 100 atoms (24 QM + 76 MM), MM net +2.00


                     #####################################                      
                     #                                   #                      
                     #     ORCATheory initialization     #                      
                     #                                   #                      
                     #####################################                      
Checking for ORCA location
 Using orcadir path provided: /home/apps2/ORCA/6.0.1 
Checking if ORCA binary works... yes 
ORCA parallel job requested with numcores: 8 . Make sure that the correct OpenMPI version (for the ORCA version) is available in your environment
OpenMPI binary directory found: /apps/openmpi/4.1.1/bin
Testing that mpirun is executable... yes 
OpenMPI version (mpirun -V): mpirun (Open MPI) 4.1.1

Report bugs to http://www.open-mpi.org/community/help/

bind_to_core_option: True

Creating ORCA object
ORCA dir: /home/apps2/ORCA/6.0.1
! B3LYP D3BJ def2-SVP def2/J RIJCOSX CPCM TightSCF
%cpcm epsilon 4.0 end
%scf MaxIter 300 Guess PModel end

ORCATheory object created!


                           #########################                            
                           #                       #                            
                           #     OpenMM Theory     #                            
                           #                       #                            
                           #########################                            
OpenMM CPU threads set to: 1
Imported OpenMM library version: 8.5.2

--------------------------------------------------------------------------------
                             Defining OpenMM object                             
--------------------------------------------------------------------------------

Printlevel: 2
No automatic constraints
AutoConstraint setting: None
Rigidwater constraints: False
Hydrogenmass option: 1.5 Da
Using platform: CPU

--------------------------------------------------------------------------------
                            Setting up force fields.                            
--------------------------------------------------------------------------------

Note: OpenMM will fail in this step if parameters are missing in topology and
      parameter files (e.g. nonbonded entries).

Defining new basic single-chain, multi-residue topology
Inside write_xmlfile_nonbonded
Wrote XML-file: dummy.xml
residueTemplates: {}
System is non-periodic.
nonbonded noPBC Method is: NoCutoff
Nonbonded cutoff : 20 Angstrom

----------------------
OpenMM system created.
----------------------
OpenMM Forces defined: [<openmm.openmm.NonbondedForce; proxy of <Swig Object of type 'OpenMM::NonbondedForce *' at 0x154f7e26ec30> >, <openmm.openmm.CMMotionRemover; proxy of <Swig Object of type 'OpenMM::CMMotionRemover *' at 0x154f7e26edf0> >]

Setting charges
Number of atoms in OpenMM system: 100

System constraints defined upon system creation: 0
Use printlevel =>3 to see list of all constraints

----------------------------------------------------------------------------
Time to calculate step (OpenMM object creation): 0.883 seconds, 0.0 minutes.
----------------------------------------------------------------------------


                            ########################                            
                            #                      #                            
                            #     QM/MM Theory     #                            
                            #                      #                            
                            ########################                            
QM-theory: ORCATheory
MM-theory: OpenMMTheory
All atoms in fragment: 100
QM region (24 atoms): [0, 1, 2, 3, 4, 5, 6, 7, 8, 9, 10, 11, 12, 13, 14, 15, 16, 17, 18, 19, 20, 21, 22, 23]
MM region (76 atoms)
QM/MM object selected to use 8 cores
Embedding: elstat
Reading in charges
Updating charges in OpenMM object.
Updating simulation object for modified Nonbonded force.

--------------------------------------------------------------------
Time to calculate step (update_charges): 0.001 seconds, 0.0 minutes.
--------------------------------------------------------------------
QM-region coordinates (before linkatoms):
   0    C  60.14190600   34.25017500   56.86750500
   1    H  60.65410400   33.35229400   57.20242100
   2    H  60.73860600   35.07435300   56.47491200
   3    C  58.80287300   34.45194900   57.16141800
   4    C  58.13069700   35.79868100   56.84307300
   5    O  58.86276300   36.77666300   56.53446600
   6    O  56.87734100   35.82963400   56.93983700
   7    O  58.04533200   33.51170800   57.60013500
   8    C  57.53567900   32.20862600   56.01945400
   9    H  56.92805500   31.57263500   56.66681400
  10    C  58.86068700   31.87524000   55.78984900
  11    H  59.36035100   31.12725100   56.40326400
  12    C  59.64119800   32.67145500   54.96010600
  13    C  58.97535300   33.57937300   54.02371700
  14    H  59.61208400   34.05213900   53.27111900
  15    C  57.64453400   33.77154800   54.05277400
  16    H  57.14874400   34.42947900   53.33266900
  17    C  56.77153500   33.13738000   55.09626400
  18    H  56.36648800   33.96180100   55.70835200
  19    O  55.70405500   32.44082700   54.44502300
  20    H  55.04194600   32.20048300   55.11214300
  21    C  61.07068900   32.21901900   54.67969600
  22    O  61.72429900   31.71851300   55.62834500
  23    O  61.44865900   32.31879300   53.48933100

Determining QM-MM/HL-LL boundary
Parameters determing connectivity:
Scaling factor: 1.0
Tolerance: 0.30000000000000004
QM atoms: [0, 1, 2, 3, 4, 5, 6, 7, 8, 9, 10, 11, 12, 13, 14, 15, 16, 17, 18, 19, 20, 21, 22, 23]
QM atoms to be excluded from boundary creation (excludeboundaryatomlist):  []
QM-MM boundary dictionary: {}

------------------------------------------------------------------------
Time to calculate step (get_boundary_atoms): 0.001 seconds, 0.0 minutes.
------------------------------------------------------------------------
No covalent QM-MM boundary. Linkatoms and dipole_correction options set to False
Removing constraints in OpenMM object for atoms: [0, 1, 2, 3, 4, 5, 6, 7, 8, 9, 10, 11, 12, 13, 14, 15, 16, 17, 18, 19, 20, 21, 22, 23]
Removing bonded terms for QM-region in MMtheory
Modifying bonded forces.


Number of bonded terms removed:
Harmonic Bond terms: 0
Harmonic Angle terms: 0
Periodic Torsion terms: 0
Custom Torsion terms: 0
CMAP Torsion terms: 0
CustomBond terms 0


--------------------------------------------------------------------------
Time to calculate step (modify_bonded_forces): 0.002 seconds, 0.0 minutes.
--------------------------------------------------------------------------
Removing nonbonded terms for QM-region in MMtheory (QM-QM interactions)
Add exceptions/exclusions. Removing i-j interactions for list: 24 atoms
Case Nonbondedforce. Adding Exception for ij pair.
Number of exceptions (Nonbondedforce) added: 276
Number of exclusions (CustomNonbondedforce) added: 0

--------------------------------------------------------------------
Time to calculate step (add exceptions): 0.001 seconds, 0.0 minutes.
--------------------------------------------------------------------
Charges of QM atoms set to 0 (since Electrostatic Embedding):
Setting QM charges to Zero

-------------------------------------------------------------------
Time to calculate step (ZeroQMCharges): 0.000 seconds, 0.0 minutes.
-------------------------------------------------------------------
Updating charges in OpenMM object.
Updating simulation object for modified Nonbonded force.

--------------------------------------------------------------------
Time to calculate step (update_charges): 0.000 seconds, 0.0 minutes.
--------------------------------------------------------------------
Deleting Coulombexceptions for atomlist: [0, 1, 2, 3, 4, 5, 6, 7, 8, 9, 10, 11, 12, 13, 14, 15, 16, 17, 18, 19, 20, 21, 22, 23]

-----------------------------------------------------------------------
Time to calculate step (delete_exceptions): 0.003 seconds, 0.0 minutes.
-----------------------------------------------------------------------


---------------------------------------------------------------------------
Time to calculate step (QM/MM object creation): 0.063 seconds, 0.0 minutes.
---------------------------------------------------------------------------


                 #############################################                  
                 #                                           #                  
                 #     geomeTRICOptimizer initialization     #                  
                 #                                           #                  
                 #############################################                  
Creating optimizer object
User-defined convergence criteria:
Theory is not periodic
Printlevel: 2
Coordinate system:  hdlc
Max iterations:  400
Frozen atoms: [24, 25, 26, 27, 28, 29, 30, 31, 32, 33, 34, 35, 36, 37, 38, 39, 40, 41, 42, 43, 44, 45, 46, 47, 48, 49, 50, 51, 52, 53, 54, 55, 56, 57, 58, 59, 60, 61, 62, 63, 64, 65, 66, 67, 68, 69, 70, 71, 72, 73, 74, 75, 76, 77, 78, 79, 80, 81, 82, 83, 84, 85, 86, 87, 88, 89, 90, 91, 92, 93, 94, 95, 96, 97, 98, 99]
Active Region: False
TS Optimization: False
Hessian Option: None
Convergence criteria: {'convergence_energy': 1e-05, 'convergence_grms': 0.003, 'convergence_gmax': 0.006, 'convergence_drms': 0.01, 'convergence_dmax': 0.015, 'convergence_cmax': 0.01}


--------------------------------------------------------------------------------
                            Running geomeTRIC object                            
--------------------------------------------------------------------------------

 
Doing geometry optimization on fragment. Formula: O14N18C20H48 Label: CHHCCOOOCHCHCCHCHCHOHCOOCNHHNHHNHHCOOHCOOHCNHHNHHNHHCNHHNHHNHHCNHHNHHNHHCOOHCNHHNHHNHHCNHHNHHNHHCOOH  
No constraints provided to run method.
Testing if constraints present in optimizer object
No constraints in optimizer object.
Now testing if constraints in fragment object 
No constraints in fragment object.

Constraints:  None
constrainvalue:  False
Inside define_constraints
Constraints: None
Inside write_constraintsfile
Writing frozen atom constraints
Wrote XYZ file:  initialxyzfiletric.xyz
No Hessian option provided.
self.constraintsfile: constraints.txt
Convergence criteria: {'convergence_energy': 1e-05, 'convergence_grms': 0.003, 'convergence_gmax': 0.006, 'convergence_drms': 0.01, 'convergence_dmax': 0.015, 'convergence_cmax': 0.01}
Hessian option: None
Coordinate system: hdlc
Starting optimization

--------------------------------------------------------------------------------------
Time to calculate step (Time spent before run_optimizer): 11.416 seconds, 0.2 minutes.
--------------------------------------------------------------------------------------
geometric called detect_dft option option for ASHengineclass.

Convergence criteria: {'convergence_energy': 1e-05, 'convergence_grms': 0.003, 'convergence_gmax': 0.006, 'convergence_drms': 0.01, 'convergence_dmax': 0.015, 'convergence_cmax': 0.01}

Replacing coordinates in fragment.
Creating/Updating fragment attributes...
Number of Atoms in fragment: 100
Formula: O14N18C20H48
Label: CHHCCOOOCHCHCCHCHCHOHCOOCNHHNHHNHHCOOHCOOHCNHHNHHNHHCNHHNHHNHHCNHHNHHNHHCOOHCNHHNHHNHHCNHHNHHNHHCOOH
Charge: -2 Mult: 1

--------------------------------------------------------------------------------
Wrote XYZ file:  Fragment-currentgeo.xyz
Current geometry (Å) in step 0 (print_atoms_list region)
---------------------------------------------------
        C  60.14190600   34.25017500   56.86750500
        H  60.65410400   33.35229400   57.20242100
        H  60.73860600   35.07435300   56.47491200
        C  58.80287300   34.45194900   57.16141800
        C  58.13069700   35.79868100   56.84307300
        O  58.86276300   36.77666300   56.53446600
        O  56.87734100   35.82963400   56.93983700
        O  58.04533200   33.51170800   57.60013500
        C  57.53567900   32.20862600   56.01945400
        H  56.92805500   31.57263500   56.66681400
        C  58.86068700   31.87524000   55.78984900
        H  59.36035100   31.12725100   56.40326400
        C  59.64119800   32.67145500   54.96010600
        C  58.97535300   33.57937300   54.02371700
        H  59.61208400   34.05213900   53.27111900
        C  57.64453400   33.77154800   54.05277400
        H  57.14874400   34.42947900   53.33266900
        C  56.77153500   33.13738000   55.09626400
        H  56.36648800   33.96180100   55.70835200
        O  55.70405500   32.44082700   54.44502300
        H  55.04194600   32.20048300   55.11214300
        C  61.07068900   32.21901900   54.67969600
        O  61.72429900   31.71851300   55.62834500
        O  61.44865900   32.31879300   53.48933100
        C  61.34690000   37.08200000   59.61740000
        N  61.49747700   37.46722000   58.35334600
        H  61.18696000   38.12972200   59.04960000
        H  61.69364600   36.51218200   58.61701300
        N  60.93800100   37.95440400   60.53424900
        H  61.13417000   36.99936600   60.79791600
        H  61.05234900   38.24694000   59.57432800
        N  61.60522100   35.82437600   59.96460500
        H  61.71957000   36.11691100   59.00468400
        H  61.29470400   36.48687800   60.66085900
        C  58.88720000   30.25530000   51.89210000
        O  60.07102500   30.31707600   51.49556300
        O  58.17591600   29.22791700   51.92465900
        H  58.42922100   31.19115000   52.24486100
        C  63.81050000   29.09560000   54.34790000
        O  64.99432500   29.15737600   53.95136300
        O  63.09921600   28.06821700   54.38045900
        H  63.35252100   30.03145000   54.70066100
        C  53.21740000   31.67870000   51.94570000
        N  53.36797700   32.06392000   50.68164600
        H  53.05746000   32.72642200   51.37790000
        H  53.56414600   31.10888200   50.94531300
        N  52.80850100   32.55110400   52.86254900
        H  53.00467000   31.59606600   53.12621600
        H  52.92284900   32.84364000   51.90262800
        N  53.47572100   30.42107600   52.29290500
        H  53.59007000   30.71361100   51.33298400
        H  53.16520400   31.08357800   52.98915900
        C  53.85940000   36.72330000   55.35930000
        N  54.00997700   37.10852000   54.09524600
        H  53.69946000   37.77102200   54.79150000
        H  54.20614600   36.15348200   54.35891300
        N  53.45050100   37.59570400   56.27614900
        H  53.64667000   36.64066600   56.53981600
        H  53.56484900   37.88824000   55.31622800
        N  54.11772100   35.46567600   55.70650500
        H  54.23207000   35.75821100   54.74658400
        H  53.80720400   36.12817800   56.40275900
        C  54.66340000   29.53370000   57.72430000
        N  54.81397700   29.91892000   56.46024600
        H  54.50346000   30.58142200   57.15650000
        H  55.01014600   28.96388200   56.72391300
        N  54.25450100   30.40610400   58.64114900
        H  54.45067000   29.45106600   58.90481600
        H  54.36884900   30.69864000   57.68122800
        N  54.92172100   28.27607600   58.07150500
        H  55.03607000   28.56861100   57.11158400
        H  54.61120400   28.93857800   58.76775900
        C  64.47490000   32.89690000   51.58640000
        O  65.65872500   32.95867600   51.18986300
        O  63.76361600   31.86951700   51.61895900
        H  64.01692100   33.83275000   51.93916100
        C  55.33790000   33.73470000   59.83180000
        N  55.48847700   34.11992000   58.56774600
        H  55.17796000   34.78242200   59.26400000
        H  55.68464600   33.16488200   58.83141300
        N  54.92900100   34.60710400   60.74864900
        H  55.12517000   33.65206600   61.01231600
        H  55.04334900   34.89964000   59.78872800
        N  55.59622100   32.47707600   60.17900500
        H  55.71057000   32.76961100   59.21908400
        H  55.28570400   33.13957800   60.87525900
        C  59.64430000   31.49730000   60.26190000
        N  59.79487700   31.88252000   58.99784600
        H  59.48436000   32.54502200   59.69410000
        H  59.99104600   30.92748200   59.26151300
        N  59.23540100   32.36970400   61.17874900
        H  59.43157000   31.41466600   61.44241600
        H  59.34974900   32.66224000   60.21882800
        N  59.90262100   30.23967600   60.60910500
        H  60.01697000   30.53221100   59.64918400
        H  59.59210400   30.90217800   61.30535900
        C  58.91760000   34.60790000   50.09390000
        O  60.10142500   34.66967600   49.69736300
        O  58.20631600   33.58051700   50.12645900
        H  58.45962100   35.54375000   50.44666100

Note: printed only print_atoms_list (this is not necessarily all atoms) 
  ------------RUNNING QM/MM MODULE------------- 
QM Module: ORCATheory
MM Module: OpenMMTheory
Charge provided from QMMMTheory object:  -2
Mult provided from QMMMTheory object:  1
QM-region Charge: -2 Mult: 1
Embedding: Electrostatic
First QMMMTheory run. Running runprep
Inside QMMMTheory runprep

-------------------------------------------------------------
Time to calculate step (runprep): 0.000 seconds, 0.0 minutes.
-------------------------------------------------------------
Number of pointcharges (to QM program): 76
Number of charge coordinates: 76
Running QM/MM object with 8 cores available

-------------------------------------------------------------------
Time to calculate step (before-QMstep): 0.000 seconds, 0.0 minutes.
-------------------------------------------------------------------
  ------------RUNNING ORCA INTERFACE------------- 
Object-label: ORCA
Run-label: None
Running ORCA with 8 cores available
Moreadfile option not active
No orca.gbw file is present in dir.
Checking if a file orca.gbw exists in parentdir:
Found no file. ORCA will guess new orbitals
Creating inputfile: orca.inp
ORCA input:
! B3LYP D3BJ def2-SVP def2/J RIJCOSX CPCM TightSCF

! Noautostart


%cpcm epsilon 4.0 end
%scf MaxIter 300 Guess PModel end
Charge: -2  Mult: 1
Pointcharge embedding is on!
 ORCA Calculation starting. 
Found warning messages in ORCA outputfile:
WARNING: The chosen methods will break translational/rotational symmetry
 WARNING: The chosen methods will break translational symmetry
 WARNING: The chosen methods will break translational symmetry
 Warning: op=0 Small HOMO/LUMO gap (  -1.617) - skipping pre-diagonalization
 Warning: op=0 Small HOMO/LUMO gap (   0.014) - skipping pre-diagonalization

 ORCA Calculation done. 
ORCA converged in 45 iterations
ORCA energy: -836.944742724322
  ------------ENDING ORCA-INTERFACE------------- 

----------------------------------------------------------------
Time to calculate step (ORCA run): 326.375 seconds, 5.4 minutes.
----------------------------------------------------------------

---------------------------------------------------------------
Time to calculate step (QM step): 326.375 seconds, 5.4 minutes.
---------------------------------------------------------------

----------------------------------------------------------------------
Time to calculate step (QMpcgrad prepare): 0.000 seconds, 0.0 minutes.
----------------------------------------------------------------------

--------------------------------------------------------------------------
Time to calculate step (linkatomgrad prepare): 0.000 seconds, 0.0 minutes.
--------------------------------------------------------------------------

----------------------------------------------------------------------------
Time to calculate step (QM/MM gradient prepare): 0.000 seconds, 0.0 minutes.
----------------------------------------------------------------------------
Using OpenMM theory as part of QM/MM.
Using MM on full system. Charges for QM region [0, 1, 2, 3, 4, 5, 6, 7, 8, 9, 10, 11, 12, 13, 14, 15, 16, 17, 18, 19, 20, 21, 22, 23] have been set to zero 

--------------------------------------------------------------------------------
                   Creating/updating OpenMM simulation object                   
--------------------------------------------------------------------------------

Integrator name: VerletIntegrator
Timestep: 0.001
Temperature: 300
Coupling frequency: 1
Properties: {'Threads': '1'}
Topology: <Topology; 1 chains, 1 residues, 100 atoms, 0 bonds>

----------------------------------------------------------------------------------
Time to calculate step (creating/updating simulation): 0.001 seconds, 0.0 minutes.
----------------------------------------------------------------------------------

--------------------------------------------------------------------------------
                     Running Single-point OpenMM Interface                      
--------------------------------------------------------------------------------

Number of OpenMM system constraints defined: 0

-----------------------------------------------------------------------------------
Time to calculate step (OpenMMTheory.run: const-check): 0.001 seconds, 0.0 minutes.
-----------------------------------------------------------------------------------
Updating coordinates.

------------------------------------------------------------------------
Time to calculate step (Creating pos array): 0.000 seconds, 0.0 minutes.
------------------------------------------------------------------------

---------------------------------------------------------------------------
Time to calculate step (Updating MM positions): 0.000 seconds, 0.0 minutes.
---------------------------------------------------------------------------
Calling OpenMM getState.

---------------------------------------------------------------------
Time to calculate step (OpenMM getState): 0.000 seconds, 0.0 minutes.
---------------------------------------------------------------------
OpenMM Energy: -3.4257140652923805 Eh
OpenMM Energy: -2149.668031402186 kcal/mol

-----------------------
Ending OpenMM interface
-----------------------

----------------------------------------------------------------
Time to calculate step (OpenMM run): 0.002 seconds, 0.0 minutes.
----------------------------------------------------------------

-------------------------------------------------------------
Time to calculate step (MM step): 0.002 seconds, 0.0 minutes.
-------------------------------------------------------------

Note: You are using electrostatic embedding. This means that the QM-energy is actually the polarized QM-energy
Note: MM energy also contains the QM-MM Lennard-Jones interaction

QM energy:              -836.944742724322 
MM energy:                -3.425714065292
QM/MM energy:           -840.370456789614 

  ------------ENDING QM/MM MODULE------------- 

-----------------------------------------------------------------
Time to calculate step (QM/MM run): 326.377 seconds, 5.4 minutes.
-----------------------------------------------------------------

Convergence criteria: {'convergence_energy': 1e-05, 'convergence_grms': 0.003, 'convergence_gmax': 0.006, 'convergence_drms': 0.01, 'convergence_dmax': 0.015, 'convergence_cmax': 0.01}

Replacing coordinates in fragment.
Creating/Updating fragment attributes...
Number of Atoms in fragment: 100
Formula: O14N18C20H48
Label: CHHCCOOOCHCHCCHCHCHOHCOOCNHHNHHNHHCOOHCOOHCNHHNHHNHHCNHHNHHNHHCNHHNHHNHHCOOHCNHHNHHNHHCNHHNHHNHHCOOH
Charge: -2 Mult: 1

--------------------------------------------------------------------------------
Wrote XYZ file:  Fragment-currentgeo.xyz
Current geometry (Å) in step 0 (print_atoms_list region)
---------------------------------------------------
        C  60.09867763   34.29971613   56.99355740
        H  60.64129370   33.37311759   57.21716157
        H  60.68602138   35.04485192   56.43032385
        C  58.76964947   34.51361094   57.35157005
        C  58.10211036   35.82625545   56.85880375
        O  58.85587644   36.78518886   56.58319925
        O  56.83238474   35.93526611   57.00341147
        O  58.02002149   33.69975478   58.08800899
        C  57.52680242   32.11119134   55.91662434
        H  56.88014730   31.57227228   56.66965099
        C  58.83573766   31.78815066   55.70197121
        H  59.36704582   31.07983242   56.34574184
        C  59.62503194   32.59881346   54.85475445
        C  58.98679712   33.54273843   53.95781618
        H  59.61141602   34.04546744   53.21054896
        C  57.64852980   33.75324018   54.03888142
        H  57.16615805   34.43040220   53.32547963
        C  56.77015080   33.10237949   55.06367796
        H  56.35516084   33.91354212   55.72509345
        O  55.62766883   32.46351768   54.42659394
        H  55.02128752   32.20178167   55.15281888
        C  61.07335509   32.18620347   54.67295067
        O  61.70333851   31.78330554   55.67815587
        O  61.45060729   32.27208095   53.49523120
        C  61.34690000   37.08200000   59.61740000
        N  61.49747700   37.46722000   58.35334600
        H  61.18696000   38.12972200   59.04960000
        H  61.69364600   36.51218200   58.61701300
        N  60.93800100   37.95440400   60.53424900
        H  61.13417000   36.99936600   60.79791600
        H  61.05234900   38.24694000   59.57432800
        N  61.60522100   35.82437600   59.96460500
        H  61.71957000   36.11691100   59.00468400
        H  61.29470400   36.48687800   60.66085900
        C  58.88720000   30.25530000   51.89210000
        O  60.07102500   30.31707600   51.49556300
        O  58.17591600   29.22791700   51.92465900
        H  58.42922100   31.19115000   52.24486100
        C  63.81050000   29.09560000   54.34790000
        O  64.99432500   29.15737600   53.95136300
        O  63.09921600   28.06821700   54.38045900
        H  63.35252100   30.03145000   54.70066100
        C  53.21740000   31.67870000   51.94570000
        N  53.36797700   32.06392000   50.68164600
        H  53.05746000   32.72642200   51.37790000
        H  53.56414600   31.10888200   50.94531300
        N  52.80850100   32.55110400   52.86254900
        H  53.00467000   31.59606600   53.12621600
        H  52.92284900   32.84364000   51.90262800
        N  53.47572100   30.42107600   52.29290500
        H  53.59007000   30.71361100   51.33298400
        H  53.16520400   31.08357800   52.98915900
        C  53.85940000   36.72330000   55.35930000
        N  54.00997700   37.10852000   54.09524600
        H  53.69946000   37.77102200   54.79150000
        H  54.20614600   36.15348200   54.35891300
        N  53.45050100   37.59570400   56.27614900
        H  53.64667000   36.64066600   56.53981600
        H  53.56484900   37.88824000   55.31622800
        N  54.11772100   35.46567600   55.70650500
        H  54.23207000   35.75821100   54.74658400
        H  53.80720400   36.12817800   56.40275900
        C  54.66340000   29.53370000   57.72430000
        N  54.81397700   29.91892000   56.46024600
        H  54.50346000   30.58142200   57.15650000
        H  55.01014600   28.96388200   56.72391300
        N  54.25450100   30.40610400   58.64114900
        H  54.45067000   29.45106600   58.90481600
        H  54.36884900   30.69864000   57.68122800
        N  54.92172100   28.27607600   58.07150500
        H  55.03607000   28.56861100   57.11158400
        H  54.61120400   28.93857800   58.76775900
        C  64.47490000   32.89690000   51.58640000
        O  65.65872500   32.95867600   51.18986300
        O  63.76361600   31.86951700   51.61895900
        H  64.01692100   33.83275000   51.93916100
        C  55.33790000   33.73470000   59.83180000
        N  55.48847700   34.11992000   58.56774600
        H  55.17796000   34.78242200   59.26400000
        H  55.68464600   33.16488200   58.83141300
        N  54.92900100   34.60710400   60.74864900
        H  55.12517000   33.65206600   61.01231600
        H  55.04334900   34.89964000   59.78872800
        N  55.59622100   32.47707600   60.17900500
        H  55.71057000   32.76961100   59.21908400
        H  55.28570400   33.13957800   60.87525900
        C  59.64430000   31.49730000   60.26190000
        N  59.79487700   31.88252000   58.99784600
        H  59.48436000   32.54502200   59.69410000
        H  59.99104600   30.92748200   59.26151300
        N  59.23540100   32.36970400   61.17874900
        H  59.43157000   31.41466600   61.44241600
        H  59.34974900   32.66224000   60.21882800
        N  59.90262100   30.23967600   60.60910500
        H  60.01697000   30.53221100   59.64918400
        H  59.59210400   30.90217800   61.30535900
        C  58.91760000   34.60790000   50.09390000
        O  60.10142500   34.66967600   49.69736300
        O  58.20631600   33.58051700   50.12645900
        H  58.45962100   35.54375000   50.44666100

Note: printed only print_atoms_list (this is not necessarily all atoms) 
  ------------RUNNING QM/MM MODULE------------- 
QM Module: ORCATheory
MM Module: OpenMMTheory
Charge provided from QMMMTheory object:  -2
Mult provided from QMMMTheory object:  1
QM-region Charge: -2 Mult: 1
Embedding: Electrostatic
Number of pointcharges (to QM program): 76
Number of charge coordinates: 76
Running QM/MM object with 8 cores available

-------------------------------------------------------------------
Time to calculate step (before-QMstep): 0.000 seconds, 0.0 minutes.
-------------------------------------------------------------------
  ------------RUNNING ORCA INTERFACE------------- 
Object-label: ORCA
Run-label: None
Running ORCA with 8 cores available
Moreadfile option not active
A GBW-file with same basename : orca.gbw is present
Autostart is False. ORCA will ignore any file present
Creating inputfile: orca.inp
ORCA input:
! B3LYP D3BJ def2-SVP def2/J RIJCOSX CPCM TightSCF

! Noautostart

%cpcm epsilon 4.0 end
%scf MaxIter 300 Guess PModel end
Charge: -2  Mult: 1
Pointcharge embedding is on!
 ORCA Calculation starting. 
Found warning messages in ORCA outputfile:
WARNING: The chosen methods will break translational/rotational symmetry
 WARNING: The chosen methods will break translational symmetry
 WARNING: The chosen methods will break translational symmetry
 Warning: op=0 Small HOMO/LUMO gap (  -1.501) - skipping pre-diagonalization
 Warning: op=0 Small HOMO/LUMO gap (   0.039) - skipping pre-diagonalization

 ORCA Calculation done. 
ORCA converged in 39 iterations
ORCA energy: -837.033184188391
  ------------ENDING ORCA-INTERFACE------------- 

----------------------------------------------------------------
Time to calculate step (ORCA run): 292.589 seconds, 4.9 minutes.
----------------------------------------------------------------

---------------------------------------------------------------
Time to calculate step (QM step): 292.589 seconds, 4.9 minutes.
---------------------------------------------------------------

----------------------------------------------------------------------
Time to calculate step (QMpcgrad prepare): 0.000 seconds, 0.0 minutes.
----------------------------------------------------------------------

--------------------------------------------------------------------------
Time to calculate step (linkatomgrad prepare): 0.000 seconds, 0.0 minutes.
--------------------------------------------------------------------------

----------------------------------------------------------------------------
Time to calculate step (QM/MM gradient prepare): 0.000 seconds, 0.0 minutes.
----------------------------------------------------------------------------
Using OpenMM theory as part of QM/MM.
Using MM on full system. Charges for QM region [0, 1, 2, 3, 4, 5, 6, 7, 8, 9, 10, 11, 12, 13, 14, 15, 16, 17, 18, 19, 20, 21, 22, 23] have been set to zero 

--------------------------------------------------------------------------------
                   Creating/updating OpenMM simulation object                   
--------------------------------------------------------------------------------

Integrator name: VerletIntegrator
Timestep: 0.001
Temperature: 300
Coupling frequency: 1
Properties: {'Threads': '1'}
Topology: <Topology; 1 chains, 1 residues, 100 atoms, 0 bonds>

----------------------------------------------------------------------------------
Time to calculate step (creating/updating simulation): 0.001 seconds, 0.0 minutes.
----------------------------------------------------------------------------------

--------------------------------------------------------------------------------
                     Running Single-point OpenMM Interface                      
--------------------------------------------------------------------------------

Number of OpenMM system constraints defined: 0

-----------------------------------------------------------------------------------
Time to calculate step (OpenMMTheory.run: const-check): 0.001 seconds, 0.0 minutes.
-----------------------------------------------------------------------------------
Updating coordinates.

------------------------------------------------------------------------
Time to calculate step (Creating pos array): 0.000 seconds, 0.0 minutes.
------------------------------------------------------------------------

---------------------------------------------------------------------------
Time to calculate step (Updating MM positions): 0.000 seconds, 0.0 minutes.
---------------------------------------------------------------------------
Calling OpenMM getState.

---------------------------------------------------------------------
Time to calculate step (OpenMM getState): 0.000 seconds, 0.0 minutes.
---------------------------------------------------------------------
OpenMM Energy: -3.4203048495179638 Eh
OpenMM Energy: -2146.273697256488 kcal/mol

-----------------------
Ending OpenMM interface
-----------------------

----------------------------------------------------------------
Time to calculate step (OpenMM run): 0.002 seconds, 0.0 minutes.
----------------------------------------------------------------

-------------------------------------------------------------
Time to calculate step (MM step): 0.002 seconds, 0.0 minutes.
-------------------------------------------------------------

Note: You are using electrostatic embedding. This means that the QM-energy is actually the polarized QM-energy
Note: MM energy also contains the QM-MM Lennard-Jones interaction

QM energy:              -837.033184188391 
MM energy:                -3.420304849518
QM/MM energy:           -840.453489037909 

  ------------ENDING QM/MM MODULE------------- 

-----------------------------------------------------------------
Time to calculate step (QM/MM run): 292.591 seconds, 4.9 minutes.
-----------------------------------------------------------------
geometric called save_guess_files option option for ASHengineclass.
This option is currently unsupported in ASH. Continuing.

Convergence criteria: {'convergence_energy': 1e-05, 'convergence_grms': 0.003, 'convergence_gmax': 0.006, 'convergence_drms': 0.01, 'convergence_dmax': 0.015, 'convergence_cmax': 0.01}

Replacing coordinates in fragment.
Creating/Updating fragment attributes...
Number of Atoms in fragment: 100
Formula: O14N18C20H48
Label: CHHCCOOOCHCHCCHCHCHOHCOOCNHHNHHNHHCOOHCOOHCNHHNHHNHHCNHHNHHNHHCNHHNHHNHHCOOHCNHHNHHNHHCNHHNHHNHHCOOH
Charge: -2 Mult: 1

--------------------------------------------------------------------------------
Wrote XYZ file:  Fragment-currentgeo.xyz
Current geometry (Å) in step 0 (print_atoms_list region)
---------------------------------------------------
        C  60.02036261   34.40754758   57.26183348
        H  60.56814706   33.42221197   57.27341041
        H  60.48663943   34.98449021   56.38539253
        C  58.73253005   34.59647122   57.76991257
        C  58.04489623   35.90849665   57.15456155
        O  58.78717606   36.76954630   56.65053366
        O  56.73246388   36.02456679   57.04650479
        O  58.14196998   33.95871510   58.91115141
        C  57.48359522   31.99401586   55.78482781
        H  56.83551354   31.60535711   56.69123564
        C  58.77386106   31.67958916   55.60171730
        H  59.36780429   30.98067683   56.21034511
        C  59.59400883   32.45432503   54.64488331
        C  58.98193436   33.45338302   53.83012306
        H  59.59016354   33.99359400   53.08215668
        C  57.64407376   33.71772313   54.00561426
        H  57.18237760   34.42948828   53.30895368
        C  56.76395695   33.05806056   55.02069932
        H  56.35062241   33.83476810   55.75243388
        O  55.48001358   32.54466193   54.41242094
        H  55.01073020   32.19904249   55.21051313
        C  61.06791175   32.14529323   54.66751381
        O  61.67082088   31.93820009   55.75461849
        O  61.46385734   32.06170916   53.49647704
        C  61.34690000   37.08200000   59.61740000
        N  61.49747700   37.46722000   58.35334600
        H  61.18696000   38.12972200   59.04960000
        H  61.69364600   36.51218200   58.61701300
        N  60.93800100   37.95440400   60.53424900
        H  61.13417000   36.99936600   60.79791600
        H  61.05234900   38.24694000   59.57432800
        N  61.60522100   35.82437600   59.96460500
        H  61.71957000   36.11691100   59.00468400
        H  61.29470400   36.48687800   60.66085900
        C  58.88720000   30.25530000   51.89210000
        O  60.07102500   30.31707600   51.49556300
        O  58.17591600   29.22791700   51.92465900
        H  58.42922100   31.19115000   52.24486100
        C  63.81050000   29.09560000   54.34790000
        O  64.99432500   29.15737600   53.95136300
        O  63.09921600   28.06821700   54.38045900
        H  63.35252100   30.03145000   54.70066100
        C  53.21740000   31.67870000   51.94570000
        N  53.36797700   32.06392000   50.68164600
        H  53.05746000   32.72642200   51.37790000
        H  53.56414600   31.10888200   50.94531300
        N  52.80850100   32.55110400   52.86254900
        H  53.00467000   31.59606600   53.12621600
        H  52.92284900   32.84364000   51.90262800
        N  53.47572100   30.42107600   52.29290500
        H  53.59007000   30.71361100   51.33298400
        H  53.16520400   31.08357800   52.98915900
        C  53.85940000   36.72330000   55.35930000
        N  54.00997700   37.10852000   54.09524600
        H  53.69946000   37.77102200   54.79150000
        H  54.20614600   36.15348200   54.35891300
        N  53.45050100   37.59570400   56.27614900
        H  53.64667000   36.64066600   56.53981600
        H  53.56484900   37.88824000   55.31622800
        N  54.11772100   35.46567600   55.70650500
        H  54.23207000   35.75821100   54.74658400
        H  53.80720400   36.12817800   56.40275900
        C  54.66340000   29.53370000   57.72430000
        N  54.81397700   29.91892000   56.46024600
        H  54.50346000   30.58142200   57.15650000
        H  55.01014600   28.96388200   56.72391300
        N  54.25450100   30.40610400   58.64114900
        H  54.45067000   29.45106600   58.90481600
        H  54.36884900   30.69864000   57.68122800
        N  54.92172100   28.27607600   58.07150500
        H  55.03607000   28.56861100   57.11158400
        H  54.61120400   28.93857800   58.76775900
        C  64.47490000   32.89690000   51.58640000
        O  65.65872500   32.95867600   51.18986300
        O  63.76361600   31.86951700   51.61895900
        H  64.01692100   33.83275000   51.93916100
        C  55.33790000   33.73470000   59.83180000
        N  55.48847700   34.11992000   58.56774600
        H  55.17796000   34.78242200   59.26400000
        H  55.68464600   33.16488200   58.83141300
        N  54.92900100   34.60710400   60.74864900
        H  55.12517000   33.65206600   61.01231600
        H  55.04334900   34.89964000   59.78872800
        N  55.59622100   32.47707600   60.17900500
        H  55.71057000   32.76961100   59.21908400
        H  55.28570400   33.13957800   60.87525900
        C  59.64430000   31.49730000   60.26190000
        N  59.79487700   31.88252000   58.99784600
        H  59.48436000   32.54502200   59.69410000
        H  59.99104600   30.92748200   59.26151300
        N  59.23540100   32.36970400   61.17874900
        H  59.43157000   31.41466600   61.44241600
        H  59.34974900   32.66224000   60.21882800
        N  59.90262100   30.23967600   60.60910500
        H  60.01697000   30.53221100   59.64918400
        H  59.59210400   30.90217800   61.30535900
        C  58.91760000   34.60790000   50.09390000
        O  60.10142500   34.66967600   49.69736300
        O  58.20631600   33.58051700   50.12645900
        H  58.45962100   35.54375000   50.44666100

Note: printed only print_atoms_list (this is not necessarily all atoms) 
  ------------RUNNING QM/MM MODULE------------- 
QM Module: ORCATheory
MM Module: OpenMMTheory
Charge provided from QMMMTheory object:  -2
Mult provided from QMMMTheory object:  1
QM-region Charge: -2 Mult: 1
Embedding: Electrostatic
Number of pointcharges (to QM program): 76
Number of charge coordinates: 76
Running QM/MM object with 8 cores available

-------------------------------------------------------------------
Time to calculate step (before-QMstep): 0.000 seconds, 0.0 minutes.
-------------------------------------------------------------------
  ------------RUNNING ORCA INTERFACE------------- 
Object-label: ORCA
Run-label: None
Running ORCA with 8 cores available
Moreadfile option not active
A GBW-file with same basename : orca.gbw is present
Autostart is False. ORCA will ignore any file present
Creating inputfile: orca.inp
ORCA input:
! B3LYP D3BJ def2-SVP def2/J RIJCOSX CPCM TightSCF

! Noautostart

%cpcm epsilon 4.0 end
%scf MaxIter 300 Guess PModel end
Charge: -2  Mult: 1
Pointcharge embedding is on!
 ORCA Calculation starting. 
Found warning messages in ORCA outputfile:
WARNING: The chosen methods will break translational/rotational symmetry
 WARNING: The chosen methods will break translational symmetry
 WARNING: The chosen methods will break translational symmetry
 Warning: op=0 Small HOMO/LUMO gap (  -2.149) - skipping pre-diagonalization
 Warning: op=0 Small HOMO/LUMO gap (   0.034) - skipping pre-diagonalization

 ORCA Calculation done. 
ORCA converged in 40 iterations
ORCA energy: -837.101134124247
  ------------ENDING ORCA-INTERFACE------------- 

----------------------------------------------------------------
Time to calculate step (ORCA run): 303.409 seconds, 5.1 minutes.
----------------------------------------------------------------

---------------------------------------------------------------
Time to calculate step (QM step): 303.409 seconds, 5.1 minutes.
---------------------------------------------------------------

----------------------------------------------------------------------
Time to calculate step (QMpcgrad prepare): 0.000 seconds, 0.0 minutes.
----------------------------------------------------------------------

--------------------------------------------------------------------------
Time to calculate step (linkatomgrad prepare): 0.000 seconds, 0.0 minutes.
--------------------------------------------------------------------------

----------------------------------------------------------------------------
Time to calculate step (QM/MM gradient prepare): 0.000 seconds, 0.0 minutes.
----------------------------------------------------------------------------
Using OpenMM theory as part of QM/MM.
Using MM on full system. Charges for QM region [0, 1, 2, 3, 4, 5, 6, 7, 8, 9, 10, 11, 12, 13, 14, 15, 16, 17, 18, 19, 20, 21, 22, 23] have been set to zero 

--------------------------------------------------------------------------------
                   Creating/updating OpenMM simulation object                   
--------------------------------------------------------------------------------

Integrator name: VerletIntegrator
Timestep: 0.001
Temperature: 300
Coupling frequency: 1
Properties: {'Threads': '1'}
Topology: <Topology; 1 chains, 1 residues, 100 atoms, 0 bonds>

----------------------------------------------------------------------------------
Time to calculate step (creating/updating simulation): 0.002 seconds, 0.0 minutes.
----------------------------------------------------------------------------------

--------------------------------------------------------------------------------
                     Running Single-point OpenMM Interface                      
--------------------------------------------------------------------------------

Number of OpenMM system constraints defined: 0

-----------------------------------------------------------------------------------
Time to calculate step (OpenMMTheory.run: const-check): 0.002 seconds, 0.0 minutes.
-----------------------------------------------------------------------------------
Updating coordinates.

------------------------------------------------------------------------
Time to calculate step (Creating pos array): 0.000 seconds, 0.0 minutes.
------------------------------------------------------------------------

---------------------------------------------------------------------------
Time to calculate step (Updating MM positions): 0.000 seconds, 0.0 minutes.
---------------------------------------------------------------------------
Calling OpenMM getState.

---------------------------------------------------------------------
Time to calculate step (OpenMM getState): 0.001 seconds, 0.0 minutes.
---------------------------------------------------------------------
OpenMM Energy: -3.4186654885766634 Eh
OpenMM Energy: -2145.244982734413 kcal/mol

-----------------------
Ending OpenMM interface
-----------------------

----------------------------------------------------------------
Time to calculate step (OpenMM run): 0.003 seconds, 0.0 minutes.
----------------------------------------------------------------

-------------------------------------------------------------
Time to calculate step (MM step): 0.004 seconds, 0.0 minutes.
-------------------------------------------------------------

Note: You are using electrostatic embedding. This means that the QM-energy is actually the polarized QM-energy
Note: MM energy also contains the QM-MM Lennard-Jones interaction

QM energy:              -837.101134124247 
MM energy:                -3.418665488577
QM/MM energy:           -840.519799612824 

  ------------ENDING QM/MM MODULE------------- 

-----------------------------------------------------------------
Time to calculate step (QM/MM run): 303.413 seconds, 5.1 minutes.
-----------------------------------------------------------------
geometric called save_guess_files option option for ASHengineclass.
This option is currently unsupported in ASH. Continuing.

Convergence criteria: {'convergence_energy': 1e-05, 'convergence_grms': 0.003, 'convergence_gmax': 0.006, 'convergence_drms': 0.01, 'convergence_dmax': 0.015, 'convergence_cmax': 0.01}

Replacing coordinates in fragment.
Creating/Updating fragment attributes...
Number of Atoms in fragment: 100
Formula: O14N18C20H48
Label: CHHCCOOOCHCHCCHCHCHOHCOOCNHHNHHNHHCOOHCOOHCNHHNHHNHHCNHHNHHNHHCNHHNHHNHHCOOHCNHHNHHNHHCNHHNHHNHHCOOH
Charge: -2 Mult: 1

--------------------------------------------------------------------------------
Wrote XYZ file:  Fragment-currentgeo.xyz
Current geometry (Å) in step 1 (print_atoms_list region)
---------------------------------------------------
        C  59.98254150   34.42346417   57.36946913
        H  60.50214133   33.43773451   57.38657098
        H  60.34591319   34.98173020   56.45894826
        C  58.75920161   34.69489129   57.95791919
        C  57.98289635   35.91260204   57.24168095
        O  58.74841513   36.76991424   56.80351071
        O  56.67122614   35.99955600   57.20265347
        O  58.19656122   34.02521239   59.09328050
        C  57.46466238   31.97276085   55.75299997
        H  56.85151075   31.61884882   56.70124558
        C  58.75911655   31.63611182   55.54606636
        H  59.34442299   30.92298198   56.13892809
        C  59.58636110   32.39043783   54.56899403
        C  58.96304706   33.39487532   53.76842993
        H  59.56631860   33.92947453   53.00974071
        C  57.63460688   33.69642825   53.97701573
        H  57.17521191   34.42827936   53.30266252
        C  56.76224348   33.05519107   55.00852408
        H  56.37444213   33.82139782   55.75568597
        O  55.42870189   32.58415449   54.42518377
        H  55.00635976   32.19684106   55.22134125
        C  61.05970766   32.12173092   54.65818227
        O  61.62422236   32.03328937   55.78697217
        O  61.46488925   31.92016447   53.49406769
        C  61.34690000   37.08200000   59.61740000
        N  61.49747700   37.46722000   58.35334600
        H  61.18696000   38.12972200   59.04960000
        H  61.69364600   36.51218200   58.61701300
        N  60.93800100   37.95440400   60.53424900
        H  61.13417000   36.99936600   60.79791600
        H  61.05234900   38.24694000   59.57432800
        N  61.60522100   35.82437600   59.96460500
        H  61.71957000   36.11691100   59.00468400
        H  61.29470400   36.48687800   60.66085900
        C  58.88720000   30.25530000   51.89210000
        O  60.07102500   30.31707600   51.49556300
        O  58.17591600   29.22791700   51.92465900
        H  58.42922100   31.19115000   52.24486100
        C  63.81050000   29.09560000   54.34790000
        O  64.99432500   29.15737600   53.95136300
        O  63.09921600   28.06821700   54.38045900
        H  63.35252100   30.03145000   54.70066100
        C  53.21740000   31.67870000   51.94570000
        N  53.36797700   32.06392000   50.68164600
        H  53.05746000   32.72642200   51.37790000
        H  53.56414600   31.10888200   50.94531300
        N  52.80850100   32.55110400   52.86254900
        H  53.00467000   31.59606600   53.12621600
        H  52.92284900   32.84364000   51.90262800
        N  53.47572100   30.42107600   52.29290500
        H  53.59007000   30.71361100   51.33298400
        H  53.16520400   31.08357800   52.98915900
        C  53.85940000   36.72330000   55.35930000
        N  54.00997700   37.10852000   54.09524600
        H  53.69946000   37.77102200   54.79150000
        H  54.20614600   36.15348200   54.35891300
        N  53.45050100   37.59570400   56.27614900
        H  53.64667000   36.64066600   56.53981600
        H  53.56484900   37.88824000   55.31622800
        N  54.11772100   35.46567600   55.70650500
        H  54.23207000   35.75821100   54.74658400
        H  53.80720400   36.12817800   56.40275900
        C  54.66340000   29.53370000   57.72430000
        N  54.81397700   29.91892000   56.46024600
        H  54.50346000   30.58142200   57.15650000
        H  55.01014600   28.96388200   56.72391300
        N  54.25450100   30.40610400   58.64114900
        H  54.45067000   29.45106600   58.90481600
        H  54.36884900   30.69864000   57.68122800
        N  54.92172100   28.27607600   58.07150500
        H  55.03607000   28.56861100   57.11158400
        H  54.61120400   28.93857800   58.76775900
        C  64.47490000   32.89690000   51.58640000
        O  65.65872500   32.95867600   51.18986300
        O  63.76361600   31.86951700   51.61895900
        H  64.01692100   33.83275000   51.93916100
        C  55.33790000   33.73470000   59.83180000
        N  55.48847700   34.11992000   58.56774600
        H  55.17796000   34.78242200   59.26400000
        H  55.68464600   33.16488200   58.83141300
        N  54.92900100   34.60710400   60.74864900
        H  55.12517000   33.65206600   61.01231600
        H  55.04334900   34.89964000   59.78872800
        N  55.59622100   32.47707600   60.17900500
        H  55.71057000   32.76961100   59.21908400
        H  55.28570400   33.13957800   60.87525900
        C  59.64430000   31.49730000   60.26190000
        N  59.79487700   31.88252000   58.99784600
        H  59.48436000   32.54502200   59.69410000
        H  59.99104600   30.92748200   59.26151300
        N  59.23540100   32.36970400   61.17874900
        H  59.43157000   31.41466600   61.44241600
        H  59.34974900   32.66224000   60.21882800
        N  59.90262100   30.23967600   60.60910500
        H  60.01697000   30.53221100   59.64918400
        H  59.59210400   30.90217800   61.30535900
        C  58.91760000   34.60790000   50.09390000
        O  60.10142500   34.66967600   49.69736300
        O  58.20631600   33.58051700   50.12645900
        H  58.45962100   35.54375000   50.44666100

Note: printed only print_atoms_list (this is not necessarily all atoms) 
  ------------RUNNING QM/MM MODULE------------- 
QM Module: ORCATheory
MM Module: OpenMMTheory
Charge provided from QMMMTheory object:  -2
Mult provided from QMMMTheory object:  1
QM-region Charge: -2 Mult: 1
Embedding: Electrostatic
Number of pointcharges (to QM program): 76
Number of charge coordinates: 76
Running QM/MM object with 8 cores available

-------------------------------------------------------------------
Time to calculate step (before-QMstep): 0.000 seconds, 0.0 minutes.
-------------------------------------------------------------------
  ------------RUNNING ORCA INTERFACE------------- 
Object-label: ORCA
Run-label: None
Running ORCA with 8 cores available
Moreadfile option not active
A GBW-file with same basename : orca.gbw is present
Autostart is False. ORCA will ignore any file present
Creating inputfile: orca.inp
ORCA input:
! B3LYP D3BJ def2-SVP def2/J RIJCOSX CPCM TightSCF

! Noautostart

%cpcm epsilon 4.0 end
%scf MaxIter 300 Guess PModel end
Charge: -2  Mult: 1
Pointcharge embedding is on!
 ORCA Calculation starting. 
Found warning messages in ORCA outputfile:
WARNING: The chosen methods will break translational/rotational symmetry
 WARNING: The chosen methods will break translational symmetry
 WARNING: The chosen methods will break translational symmetry
 Warning: op=0 Small HOMO/LUMO gap (  -2.146) - skipping pre-diagonalization
 Warning: op=0 Small HOMO/LUMO gap (   0.020) - skipping pre-diagonalization

 ORCA Calculation done. 
ORCA converged in 39 iterations
ORCA energy: -837.131798013304
  ------------ENDING ORCA-INTERFACE------------- 

----------------------------------------------------------------
Time to calculate step (ORCA run): 322.101 seconds, 5.4 minutes.
----------------------------------------------------------------

---------------------------------------------------------------
Time to calculate step (QM step): 322.101 seconds, 5.4 minutes.
---------------------------------------------------------------

----------------------------------------------------------------------
Time to calculate step (QMpcgrad prepare): 0.000 seconds, 0.0 minutes.
----------------------------------------------------------------------

--------------------------------------------------------------------------
Time to calculate step (linkatomgrad prepare): 0.000 seconds, 0.0 minutes.
--------------------------------------------------------------------------

----------------------------------------------------------------------------
Time to calculate step (QM/MM gradient prepare): 0.000 seconds, 0.0 minutes.
----------------------------------------------------------------------------
Using OpenMM theory as part of QM/MM.
Using MM on full system. Charges for QM region [0, 1, 2, 3, 4, 5, 6, 7, 8, 9, 10, 11, 12, 13, 14, 15, 16, 17, 18, 19, 20, 21, 22, 23] have been set to zero 

--------------------------------------------------------------------------------
                   Creating/updating OpenMM simulation object                   
--------------------------------------------------------------------------------

Integrator name: VerletIntegrator
Timestep: 0.001
Temperature: 300
Coupling frequency: 1
Properties: {'Threads': '1'}
Topology: <Topology; 1 chains, 1 residues, 100 atoms, 0 bonds>

----------------------------------------------------------------------------------
Time to calculate step (creating/updating simulation): 0.001 seconds, 0.0 minutes.
----------------------------------------------------------------------------------

--------------------------------------------------------------------------------
                     Running Single-point OpenMM Interface                      
--------------------------------------------------------------------------------

Number of OpenMM system constraints defined: 0

-----------------------------------------------------------------------------------
Time to calculate step (OpenMMTheory.run: const-check): 0.001 seconds, 0.0 minutes.
-----------------------------------------------------------------------------------
Updating coordinates.

------------------------------------------------------------------------
Time to calculate step (Creating pos array): 0.000 seconds, 0.0 minutes.
------------------------------------------------------------------------

---------------------------------------------------------------------------
Time to calculate step (Updating MM positions): 0.000 seconds, 0.0 minutes.
---------------------------------------------------------------------------
Calling OpenMM getState.

---------------------------------------------------------------------
Time to calculate step (OpenMM getState): 0.000 seconds, 0.0 minutes.
---------------------------------------------------------------------
OpenMM Energy: -3.4160735491435528 Eh
OpenMM Energy: -2143.618516183938 kcal/mol

-----------------------
Ending OpenMM interface
-----------------------

----------------------------------------------------------------
Time to calculate step (OpenMM run): 0.002 seconds, 0.0 minutes.
----------------------------------------------------------------

-------------------------------------------------------------
Time to calculate step (MM step): 0.002 seconds, 0.0 minutes.
-------------------------------------------------------------

Note: You are using electrostatic embedding. This means that the QM-energy is actually the polarized QM-energy
Note: MM energy also contains the QM-MM Lennard-Jones interaction

QM energy:              -837.131798013304 
MM energy:                -3.416073549144
QM/MM energy:           -840.547871562448 

  ------------ENDING QM/MM MODULE------------- 

-----------------------------------------------------------------
Time to calculate step (QM/MM run): 322.103 seconds, 5.4 minutes.
-----------------------------------------------------------------
geometric called save_guess_files option option for ASHengineclass.
This option is currently unsupported in ASH. Continuing.

Convergence criteria: {'convergence_energy': 1e-05, 'convergence_grms': 0.003, 'convergence_gmax': 0.006, 'convergence_drms': 0.01, 'convergence_dmax': 0.015, 'convergence_cmax': 0.01}

Replacing coordinates in fragment.
Creating/Updating fragment attributes...
Number of Atoms in fragment: 100
Formula: O14N18C20H48
Label: CHHCCOOOCHCHCCHCHCHOHCOOCNHHNHHNHHCOOHCOOHCNHHNHHNHHCNHHNHHNHHCNHHNHHNHHCOOHCNHHNHHNHHCNHHNHHNHHCOOH
Charge: -2 Mult: 1

--------------------------------------------------------------------------------
Wrote XYZ file:  Fragment-currentgeo.xyz
Current geometry (Å) in step 2 (print_atoms_list region)
---------------------------------------------------
        C  59.88100550   34.41869036   57.53115417
        H  60.40347198   33.47022690   57.61887413
        H  60.13427435   34.99961960   56.66892167
        C  58.74845019   34.78312743   58.18789016
        C  57.95307593   35.98269994   57.50084884
        O  58.64634834   36.85500956   57.01407900
        O  56.65962233   35.98799591   57.47581399
        O  58.19550965   34.04728090   59.22714566
        C  57.45375341   31.95736172   55.72434723
        H  56.90184719   31.62246745   56.69720184
        C  58.74204393   31.56143848   55.44486517
        H  59.28537533   30.81640224   56.02563735
        C  59.56167402   32.29792804   54.47364583
        C  58.92351300   33.29290121   53.65959233
        H  59.51451147   33.79209489   52.86854412
        C  57.61980046   33.65832516   53.92179204
        H  57.16275163   34.42495682   53.28958726
        C  56.76842657   33.06415358   54.99821307
        H  56.42974155   33.82695020   55.75103378
        O  55.37506067   32.63884819   54.45915642
        H  55.00055805   32.18819663   55.22997901
        C  61.03163952   32.08087839   54.65044427
        O  61.54014550   32.16754491   55.80288766
        O  61.43509660   31.70535263   53.51539458
        C  61.34690000   37.08200000   59.61740000
        N  61.49747700   37.46722000   58.35334600
        H  61.18696000   38.12972200   59.04960000
        H  61.69364600   36.51218200   58.61701300
        N  60.93800100   37.95440400   60.53424900
        H  61.13417000   36.99936600   60.79791600
        H  61.05234900   38.24694000   59.57432800
        N  61.60522100   35.82437600   59.96460500
        H  61.71957000   36.11691100   59.00468400
        H  61.29470400   36.48687800   60.66085900
        C  58.88720000   30.25530000   51.89210000
        O  60.07102500   30.31707600   51.49556300
        O  58.17591600   29.22791700   51.92465900
        H  58.42922100   31.19115000   52.24486100
        C  63.81050000   29.09560000   54.34790000
        O  64.99432500   29.15737600   53.95136300
        O  63.09921600   28.06821700   54.38045900
        H  63.35252100   30.03145000   54.70066100
        C  53.21740000   31.67870000   51.94570000
        N  53.36797700   32.06392000   50.68164600
        H  53.05746000   32.72642200   51.37790000
        H  53.56414600   31.10888200   50.94531300
        N  52.80850100   32.55110400   52.86254900
        H  53.00467000   31.59606600   53.12621600
        H  52.92284900   32.84364000   51.90262800
        N  53.47572100   30.42107600   52.29290500
        H  53.59007000   30.71361100   51.33298400
        H  53.16520400   31.08357800   52.98915900
        C  53.85940000   36.72330000   55.35930000
        N  54.00997700   37.10852000   54.09524600
        H  53.69946000   37.77102200   54.79150000
        H  54.20614600   36.15348200   54.35891300
        N  53.45050100   37.59570400   56.27614900
        H  53.64667000   36.64066600   56.53981600
        H  53.56484900   37.88824000   55.31622800
        N  54.11772100   35.46567600   55.70650500
        H  54.23207000   35.75821100   54.74658400
        H  53.80720400   36.12817800   56.40275900
        C  54.66340000   29.53370000   57.72430000
        N  54.81397700   29.91892000   56.46024600
        H  54.50346000   30.58142200   57.15650000
        H  55.01014600   28.96388200   56.72391300
        N  54.25450100   30.40610400   58.64114900
        H  54.45067000   29.45106600   58.90481600
        H  54.36884900   30.69864000   57.68122800
        N  54.92172100   28.27607600   58.07150500
        H  55.03607000   28.56861100   57.11158400
        H  54.61120400   28.93857800   58.76775900
        C  64.47490000   32.89690000   51.58640000
        O  65.65872500   32.95867600   51.18986300
        O  63.76361600   31.86951700   51.61895900
        H  64.01692100   33.83275000   51.93916100
        C  55.33790000   33.73470000   59.83180000
        N  55.48847700   34.11992000   58.56774600
        H  55.17796000   34.78242200   59.26400000
        H  55.68464600   33.16488200   58.83141300
        N  54.92900100   34.60710400   60.74864900
        H  55.12517000   33.65206600   61.01231600
        H  55.04334900   34.89964000   59.78872800
        N  55.59622100   32.47707600   60.17900500
        H  55.71057000   32.76961100   59.21908400
        H  55.28570400   33.13957800   60.87525900
        C  59.64430000   31.49730000   60.26190000
        N  59.79487700   31.88252000   58.99784600
        H  59.48436000   32.54502200   59.69410000
        H  59.99104600   30.92748200   59.26151300
        N  59.23540100   32.36970400   61.17874900
        H  59.43157000   31.41466600   61.44241600
        H  59.34974900   32.66224000   60.21882800
        N  59.90262100   30.23967600   60.60910500
        H  60.01697000   30.53221100   59.64918400
        H  59.59210400   30.90217800   61.30535900
        C  58.91760000   34.60790000   50.09390000
        O  60.10142500   34.66967600   49.69736300
        O  58.20631600   33.58051700   50.12645900
        H  58.45962100   35.54375000   50.44666100

Note: printed only print_atoms_list (this is not necessarily all atoms) 
  ------------RUNNING QM/MM MODULE------------- 
QM Module: ORCATheory
MM Module: OpenMMTheory
Charge provided from QMMMTheory object:  -2
Mult provided from QMMMTheory object:  1
QM-region Charge: -2 Mult: 1
Embedding: Electrostatic
Number of pointcharges (to QM program): 76
Number of charge coordinates: 76
Running QM/MM object with 8 cores available

-------------------------------------------------------------------
Time to calculate step (before-QMstep): 0.000 seconds, 0.0 minutes.
-------------------------------------------------------------------
  ------------RUNNING ORCA INTERFACE------------- 
Object-label: ORCA
Run-label: None
Running ORCA with 8 cores available
Moreadfile option not active
A GBW-file with same basename : orca.gbw is present
Autostart is False. ORCA will ignore any file present
Creating inputfile: orca.inp
ORCA input:
! B3LYP D3BJ def2-SVP def2/J RIJCOSX CPCM TightSCF

! Noautostart

%cpcm epsilon 4.0 end
%scf MaxIter 300 Guess PModel end
Charge: -2  Mult: 1
Pointcharge embedding is on!
 ORCA Calculation starting. 
Found warning messages in ORCA outputfile:
WARNING: The chosen methods will break translational/rotational symmetry
 WARNING: The chosen methods will break translational symmetry
 WARNING: The chosen methods will break translational symmetry
 Warning: op=0 Small HOMO/LUMO gap (  -2.341) - skipping pre-diagonalization
 Warning: op=0 Small HOMO/LUMO gap (  -0.014) - skipping pre-diagonalization

 ORCA Calculation done. 
ORCA converged in 43 iterations
ORCA energy: -837.170282646924
  ------------ENDING ORCA-INTERFACE------------- 

----------------------------------------------------------------
Time to calculate step (ORCA run): 340.411 seconds, 5.7 minutes.
----------------------------------------------------------------

---------------------------------------------------------------
Time to calculate step (QM step): 340.411 seconds, 5.7 minutes.
---------------------------------------------------------------

----------------------------------------------------------------------
Time to calculate step (QMpcgrad prepare): 0.000 seconds, 0.0 minutes.
----------------------------------------------------------------------

--------------------------------------------------------------------------
Time to calculate step (linkatomgrad prepare): 0.000 seconds, 0.0 minutes.
--------------------------------------------------------------------------

----------------------------------------------------------------------------
Time to calculate step (QM/MM gradient prepare): 0.000 seconds, 0.0 minutes.
----------------------------------------------------------------------------
Using OpenMM theory as part of QM/MM.
Using MM on full system. Charges for QM region [0, 1, 2, 3, 4, 5, 6, 7, 8, 9, 10, 11, 12, 13, 14, 15, 16, 17, 18, 19, 20, 21, 22, 23] have been set to zero 

--------------------------------------------------------------------------------
                   Creating/updating OpenMM simulation object                   
--------------------------------------------------------------------------------

Integrator name: VerletIntegrator
Timestep: 0.001
Temperature: 300
Coupling frequency: 1
Properties: {'Threads': '1'}
Topology: <Topology; 1 chains, 1 residues, 100 atoms, 0 bonds>

----------------------------------------------------------------------------------
Time to calculate step (creating/updating simulation): 0.001 seconds, 0.0 minutes.
----------------------------------------------------------------------------------

--------------------------------------------------------------------------------
                     Running Single-point OpenMM Interface                      
--------------------------------------------------------------------------------

Number of OpenMM system constraints defined: 0

-----------------------------------------------------------------------------------
Time to calculate step (OpenMMTheory.run: const-check): 0.001 seconds, 0.0 minutes.
-----------------------------------------------------------------------------------
Updating coordinates.

------------------------------------------------------------------------
Time to calculate step (Creating pos array): 0.000 seconds, 0.0 minutes.
------------------------------------------------------------------------

---------------------------------------------------------------------------
Time to calculate step (Updating MM positions): 0.000 seconds, 0.0 minutes.
---------------------------------------------------------------------------
Calling OpenMM getState.

---------------------------------------------------------------------
Time to calculate step (OpenMM getState): 0.000 seconds, 0.0 minutes.
---------------------------------------------------------------------
OpenMM Energy: -3.406477863406115 Eh
OpenMM Energy: -2137.5971324735638 kcal/mol

-----------------------
Ending OpenMM interface
-----------------------

----------------------------------------------------------------
Time to calculate step (OpenMM run): 0.002 seconds, 0.0 minutes.
----------------------------------------------------------------

-------------------------------------------------------------
Time to calculate step (MM step): 0.002 seconds, 0.0 minutes.
-------------------------------------------------------------

Note: You are using electrostatic embedding. This means that the QM-energy is actually the polarized QM-energy
Note: MM energy also contains the QM-MM Lennard-Jones interaction

QM energy:              -837.170282646924 
MM energy:                -3.406477863406
QM/MM energy:           -840.576760510330 

  ------------ENDING QM/MM MODULE------------- 

-----------------------------------------------------------------
Time to calculate step (QM/MM run): 340.414 seconds, 5.7 minutes.
-----------------------------------------------------------------
geometric called save_guess_files option option for ASHengineclass.
This option is currently unsupported in ASH. Continuing.
geometric called clearCalcs option for ASHengineclass.
This option is currently unsupported in ASH. Continuing.

Convergence criteria: {'convergence_energy': 1e-05, 'convergence_grms': 0.003, 'convergence_gmax': 0.006, 'convergence_drms': 0.01, 'convergence_dmax': 0.015, 'convergence_cmax': 0.01}

Replacing coordinates in fragment.
Creating/Updating fragment attributes...
Number of Atoms in fragment: 100
Formula: O14N18C20H48
Label: CHHCCOOOCHCHCCHCHCHOHCOOCNHHNHHNHHCOOHCOOHCNHHNHHNHHCNHHNHHNHHCNHHNHHNHHCOOHCNHHNHHNHHCNHHNHHNHHCOOH
Charge: -2 Mult: 1

--------------------------------------------------------------------------------
Wrote XYZ file:  Fragment-currentgeo.xyz
Current geometry (Å) in step 3 (print_atoms_list region)
---------------------------------------------------
        C  59.75395654   34.46214465   57.72110147
        H  60.30098874   33.52392180   57.81871310
        H  59.92877592   35.00841413   56.80772972
        C  58.68683300   34.85505603   58.46320677
        C  57.94117964   36.08193423   57.76430805
        O  58.66638655   36.93286862   57.27828783
        O  56.66931312   36.14210163   57.71345127
        O  58.16074287   34.09210484   59.46494194
        C  57.45255736   31.94629945   55.69697215
        H  56.96058840   31.61793720   56.67583999
        C  58.71327095   31.47822388   55.34386856
        H  59.22101425   30.68684842   55.89397202
        C  59.51831770   32.19396716   54.36794230
        C  58.87539181   33.17640827   53.53057554
        H  59.44821960   33.62315905   52.69100225
        C  57.60648917   33.61217402   53.85893932
        H  57.15972486   34.41567938   53.26556423
        C  56.78457553   33.07601586   54.98973166
        H  56.49395777   33.84652776   55.74203904
        O  55.32856235   32.70369476   54.50207042
        H  55.01290016   32.16557768   55.24222386
        C  60.99290076   32.05389368   54.65610600
        O  61.47396995   32.26715353   55.78314543
        O  61.37024797   31.51937810   53.56840307
        C  61.34690000   37.08200000   59.61740000
        N  61.49747700   37.46722000   58.35334600
        H  61.18696000   38.12972200   59.04960000
        H  61.69364600   36.51218200   58.61701300
        N  60.93800100   37.95440400   60.53424900
        H  61.13417000   36.99936600   60.79791600
        H  61.05234900   38.24694000   59.57432800
        N  61.60522100   35.82437600   59.96460500
        H  61.71957000   36.11691100   59.00468400
        H  61.29470400   36.48687800   60.66085900
        C  58.88720000   30.25530000   51.89210000
        O  60.07102500   30.31707600   51.49556300
        O  58.17591600   29.22791700   51.92465900
        H  58.42922100   31.19115000   52.24486100
        C  63.81050000   29.09560000   54.34790000
        O  64.99432500   29.15737600   53.95136300
        O  63.09921600   28.06821700   54.38045900
        H  63.35252100   30.03145000   54.70066100
        C  53.21740000   31.67870000   51.94570000
        N  53.36797700   32.06392000   50.68164600
        H  53.05746000   32.72642200   51.37790000
        H  53.56414600   31.10888200   50.94531300
        N  52.80850100   32.55110400   52.86254900
        H  53.00467000   31.59606600   53.12621600
        H  52.92284900   32.84364000   51.90262800
        N  53.47572100   30.42107600   52.29290500
        H  53.59007000   30.71361100   51.33298400
        H  53.16520400   31.08357800   52.98915900
        C  53.85940000   36.72330000   55.35930000
        N  54.00997700   37.10852000   54.09524600
        H  53.69946000   37.77102200   54.79150000
        H  54.20614600   36.15348200   54.35891300
        N  53.45050100   37.59570400   56.27614900
        H  53.64667000   36.64066600   56.53981600
        H  53.56484900   37.88824000   55.31622800
        N  54.11772100   35.46567600   55.70650500
        H  54.23207000   35.75821100   54.74658400
        H  53.80720400   36.12817800   56.40275900
        C  54.66340000   29.53370000   57.72430000
        N  54.81397700   29.91892000   56.46024600
        H  54.50346000   30.58142200   57.15650000
        H  55.01014600   28.96388200   56.72391300
        N  54.25450100   30.40610400   58.64114900
        H  54.45067000   29.45106600   58.90481600
        H  54.36884900   30.69864000   57.68122800
        N  54.92172100   28.27607600   58.07150500
        H  55.03607000   28.56861100   57.11158400
        H  54.61120400   28.93857800   58.76775900
        C  64.47490000   32.89690000   51.58640000
        O  65.65872500   32.95867600   51.18986300
        O  63.76361600   31.86951700   51.61895900
        H  64.01692100   33.83275000   51.93916100
        C  55.33790000   33.73470000   59.83180000
        N  55.48847700   34.11992000   58.56774600
        H  55.17796000   34.78242200   59.26400000
        H  55.68464600   33.16488200   58.83141300
        N  54.92900100   34.60710400   60.74864900
        H  55.12517000   33.65206600   61.01231600
        H  55.04334900   34.89964000   59.78872800
        N  55.59622100   32.47707600   60.17900500
        H  55.71057000   32.76961100   59.21908400
        H  55.28570400   33.13957800   60.87525900
        C  59.64430000   31.49730000   60.26190000
        N  59.79487700   31.88252000   58.99784600
        H  59.48436000   32.54502200   59.69410000
        H  59.99104600   30.92748200   59.26151300
        N  59.23540100   32.36970400   61.17874900
        H  59.43157000   31.41466600   61.44241600
        H  59.34974900   32.66224000   60.21882800
        N  59.90262100   30.23967600   60.60910500
        H  60.01697000   30.53221100   59.64918400
        H  59.59210400   30.90217800   61.30535900
        C  58.91760000   34.60790000   50.09390000
        O  60.10142500   34.66967600   49.69736300
        O  58.20631600   33.58051700   50.12645900
        H  58.45962100   35.54375000   50.44666100

Note: printed only print_atoms_list (this is not necessarily all atoms) 
  ------------RUNNING QM/MM MODULE------------- 
QM Module: ORCATheory
MM Module: OpenMMTheory
Charge provided from QMMMTheory object:  -2
Mult provided from QMMMTheory object:  1
QM-region Charge: -2 Mult: 1
Embedding: Electrostatic
Number of pointcharges (to QM program): 76
Number of charge coordinates: 76
Running QM/MM object with 8 cores available

-------------------------------------------------------------------
Time to calculate step (before-QMstep): 0.000 seconds, 0.0 minutes.
-------------------------------------------------------------------
  ------------RUNNING ORCA INTERFACE------------- 
Object-label: ORCA
Run-label: None
Running ORCA with 8 cores available
Moreadfile option not active
A GBW-file with same basename : orca.gbw is present
Autostart is False. ORCA will ignore any file present
Creating inputfile: orca.inp
ORCA input:
! B3LYP D3BJ def2-SVP def2/J RIJCOSX CPCM TightSCF

! Noautostart

%cpcm epsilon 4.0 end
%scf MaxIter 300 Guess PModel end
Charge: -2  Mult: 1
Pointcharge embedding is on!
 ORCA Calculation starting. 
Found warning messages in ORCA outputfile:
WARNING: The chosen methods will break translational/rotational symmetry
 WARNING: The chosen methods will break translational symmetry
 WARNING: The chosen methods will break translational symmetry
 Warning: op=0 Small HOMO/LUMO gap (  -2.361) - skipping pre-diagonalization
 Warning: op=0 Small HOMO/LUMO gap (  -0.034) - skipping pre-diagonalization

 ORCA Calculation done. 
ORCA converged in 43 iterations
ORCA energy: -837.19492500963
  ------------ENDING ORCA-INTERFACE------------- 

----------------------------------------------------------------
Time to calculate step (ORCA run): 328.057 seconds, 5.5 minutes.
----------------------------------------------------------------

---------------------------------------------------------------
Time to calculate step (QM step): 328.058 seconds, 5.5 minutes.
---------------------------------------------------------------

----------------------------------------------------------------------
Time to calculate step (QMpcgrad prepare): 0.000 seconds, 0.0 minutes.
----------------------------------------------------------------------

--------------------------------------------------------------------------
Time to calculate step (linkatomgrad prepare): 0.000 seconds, 0.0 minutes.
--------------------------------------------------------------------------

----------------------------------------------------------------------------
Time to calculate step (QM/MM gradient prepare): 0.000 seconds, 0.0 minutes.
----------------------------------------------------------------------------
Using OpenMM theory as part of QM/MM.
Using MM on full system. Charges for QM region [0, 1, 2, 3, 4, 5, 6, 7, 8, 9, 10, 11, 12, 13, 14, 15, 16, 17, 18, 19, 20, 21, 22, 23] have been set to zero 

--------------------------------------------------------------------------------
                   Creating/updating OpenMM simulation object                   
--------------------------------------------------------------------------------

Integrator name: VerletIntegrator
Timestep: 0.001
Temperature: 300
Coupling frequency: 1
Properties: {'Threads': '1'}
Topology: <Topology; 1 chains, 1 residues, 100 atoms, 0 bonds>

----------------------------------------------------------------------------------
Time to calculate step (creating/updating simulation): 0.001 seconds, 0.0 minutes.
----------------------------------------------------------------------------------

--------------------------------------------------------------------------------
                     Running Single-point OpenMM Interface                      
--------------------------------------------------------------------------------

Number of OpenMM system constraints defined: 0

-----------------------------------------------------------------------------------
Time to calculate step (OpenMMTheory.run: const-check): 0.001 seconds, 0.0 minutes.
-----------------------------------------------------------------------------------
Updating coordinates.

------------------------------------------------------------------------
Time to calculate step (Creating pos array): 0.000 seconds, 0.0 minutes.
------------------------------------------------------------------------

---------------------------------------------------------------------------
Time to calculate step (Updating MM positions): 0.000 seconds, 0.0 minutes.
---------------------------------------------------------------------------
Calling OpenMM getState.

---------------------------------------------------------------------
Time to calculate step (OpenMM getState): 0.000 seconds, 0.0 minutes.
---------------------------------------------------------------------
OpenMM Energy: -3.4058545751401947 Eh
OpenMM Energy: -2137.2060131816265 kcal/mol

-----------------------
Ending OpenMM interface
-----------------------

----------------------------------------------------------------
Time to calculate step (OpenMM run): 0.002 seconds, 0.0 minutes.
----------------------------------------------------------------

-------------------------------------------------------------
Time to calculate step (MM step): 0.002 seconds, 0.0 minutes.
-------------------------------------------------------------

Note: You are using electrostatic embedding. This means that the QM-energy is actually the polarized QM-energy
Note: MM energy also contains the QM-MM Lennard-Jones interaction

QM energy:              -837.194925009630 
MM energy:                -3.405854575140
QM/MM energy:           -840.600779584770 

  ------------ENDING QM/MM MODULE------------- 

-----------------------------------------------------------------
Time to calculate step (QM/MM run): 328.060 seconds, 5.5 minutes.
-----------------------------------------------------------------
geometric called save_guess_files option option for ASHengineclass.
This option is currently unsupported in ASH. Continuing.

Convergence criteria: {'convergence_energy': 1e-05, 'convergence_grms': 0.003, 'convergence_gmax': 0.006, 'convergence_drms': 0.01, 'convergence_dmax': 0.015, 'convergence_cmax': 0.01}

Replacing coordinates in fragment.
Creating/Updating fragment attributes...
Number of Atoms in fragment: 100
Formula: O14N18C20H48
Label: CHHCCOOOCHCHCCHCHCHOHCOOCNHHNHHNHHCOOHCOOHCNHHNHHNHHCNHHNHHNHHCNHHNHHNHHCOOHCNHHNHHNHHCNHHNHHNHHCOOH
Charge: -2 Mult: 1

--------------------------------------------------------------------------------
Wrote XYZ file:  Fragment-currentgeo.xyz
Current geometry (Å) in step 4 (print_atoms_list region)
---------------------------------------------------
        C  59.43156499   34.57049518   58.16955929
        H  60.00999320   33.66056125   58.36427087
        H  59.50151770   35.05625083   57.20827370
        C  58.46057004   34.99822766   58.98088461
        C  57.86846315   36.40388803   58.54176291
        O  58.76977200   37.15185306   58.09883408
        O  56.64383182   36.59795140   58.51740576
        O  57.98897002   34.18312316   59.86171118
        C  57.49823369   31.92897177   55.63333855
        H  57.12332266   31.59126593   56.58769545
        C  58.63238998   31.24679016   55.07194968
        H  59.03219836   30.32445038   55.52546748
        C  59.40854009   31.92065888   54.10050745
        C  58.74365473   32.85230842   53.18067400
        H  59.23899491   33.11223090   52.18335856
        C  57.58555445   33.47690720   53.68785728
        H  57.18288359   34.36499827   53.17962383
        C  56.86951871   33.11403837   54.97103777
        H  56.69214652   33.93213122   55.70719013
        O  55.25462658   32.86798391   54.66333218
        H  55.08647076   32.08234382   55.24893495
        C  60.88838957   32.02669425   54.68281970
        O  61.31135641   32.50508608   55.68709064
        O  61.05147129   31.12258315   53.75751846
        C  61.34690000   37.08200000   59.61740000
        N  61.49747700   37.46722000   58.35334600
        H  61.18696000   38.12972200   59.04960000
        H  61.69364600   36.51218200   58.61701300
        N  60.93800100   37.95440400   60.53424900
        H  61.13417000   36.99936600   60.79791600
        H  61.05234900   38.24694000   59.57432800
        N  61.60522100   35.82437600   59.96460500
        H  61.71957000   36.11691100   59.00468400
        H  61.29470400   36.48687800   60.66085900
        C  58.88720000   30.25530000   51.89210000
        O  60.07102500   30.31707600   51.49556300
        O  58.17591600   29.22791700   51.92465900
        H  58.42922100   31.19115000   52.24486100
        C  63.81050000   29.09560000   54.34790000
        O  64.99432500   29.15737600   53.95136300
        O  63.09921600   28.06821700   54.38045900
        H  63.35252100   30.03145000   54.70066100
        C  53.21740000   31.67870000   51.94570000
        N  53.36797700   32.06392000   50.68164600
        H  53.05746000   32.72642200   51.37790000
        H  53.56414600   31.10888200   50.94531300
        N  52.80850100   32.55110400   52.86254900
        H  53.00467000   31.59606600   53.12621600
        H  52.92284900   32.84364000   51.90262800
        N  53.47572100   30.42107600   52.29290500
        H  53.59007000   30.71361100   51.33298400
        H  53.16520400   31.08357800   52.98915900
        C  53.85940000   36.72330000   55.35930000
        N  54.00997700   37.10852000   54.09524600
        H  53.69946000   37.77102200   54.79150000
        H  54.20614600   36.15348200   54.35891300
        N  53.45050100   37.59570400   56.27614900
        H  53.64667000   36.64066600   56.53981600
        H  53.56484900   37.88824000   55.31622800
        N  54.11772100   35.46567600   55.70650500
        H  54.23207000   35.75821100   54.74658400
        H  53.80720400   36.12817800   56.40275900
        C  54.66340000   29.53370000   57.72430000
        N  54.81397700   29.91892000   56.46024600
        H  54.50346000   30.58142200   57.15650000
        H  55.01014600   28.96388200   56.72391300
        N  54.25450100   30.40610400   58.64114900
        H  54.45067000   29.45106600   58.90481600
        H  54.36884900   30.69864000   57.68122800
        N  54.92172100   28.27607600   58.07150500
        H  55.03607000   28.56861100   57.11158400
        H  54.61120400   28.93857800   58.76775900
        C  64.47490000   32.89690000   51.58640000
        O  65.65872500   32.95867600   51.18986300
        O  63.76361600   31.86951700   51.61895900
        H  64.01692100   33.83275000   51.93916100
        C  55.33790000   33.73470000   59.83180000
        N  55.48847700   34.11992000   58.56774600
        H  55.17796000   34.78242200   59.26400000
        H  55.68464600   33.16488200   58.83141300
        N  54.92900100   34.60710400   60.74864900
        H  55.12517000   33.65206600   61.01231600
        H  55.04334900   34.89964000   59.78872800
        N  55.59622100   32.47707600   60.17900500
        H  55.71057000   32.76961100   59.21908400
        H  55.28570400   33.13957800   60.87525900
        C  59.64430000   31.49730000   60.26190000
        N  59.79487700   31.88252000   58.99784600
        H  59.48436000   32.54502200   59.69410000
        H  59.99104600   30.92748200   59.26151300
        N  59.23540100   32.36970400   61.17874900
        H  59.43157000   31.41466600   61.44241600
        H  59.34974900   32.66224000   60.21882800
        N  59.90262100   30.23967600   60.60910500
        H  60.01697000   30.53221100   59.64918400
        H  59.59210400   30.90217800   61.30535900
        C  58.91760000   34.60790000   50.09390000
        O  60.10142500   34.66967600   49.69736300
        O  58.20631600   33.58051700   50.12645900
        H  58.45962100   35.54375000   50.44666100

Note: printed only print_atoms_list (this is not necessarily all atoms) 
  ------------RUNNING QM/MM MODULE------------- 
QM Module: ORCATheory
MM Module: OpenMMTheory
Charge provided from QMMMTheory object:  -2
Mult provided from QMMMTheory object:  1
QM-region Charge: -2 Mult: 1
Embedding: Electrostatic
Number of pointcharges (to QM program): 76
Number of charge coordinates: 76
Running QM/MM object with 8 cores available

-------------------------------------------------------------------
Time to calculate step (before-QMstep): 0.000 seconds, 0.0 minutes.
-------------------------------------------------------------------
  ------------RUNNING ORCA INTERFACE------------- 
Object-label: ORCA
Run-label: None
Running ORCA with 8 cores available
Moreadfile option not active
A GBW-file with same basename : orca.gbw is present
Autostart is False. ORCA will ignore any file present
Creating inputfile: orca.inp
ORCA input:
! B3LYP D3BJ def2-SVP def2/J RIJCOSX CPCM TightSCF

! Noautostart

%cpcm epsilon 4.0 end
%scf MaxIter 300 Guess PModel end
Charge: -2  Mult: 1
Pointcharge embedding is on!
 ORCA Calculation starting. 
Found warning messages in ORCA outputfile:
WARNING: The chosen methods will break translational/rotational symmetry
 WARNING: The chosen methods will break translational symmetry
 WARNING: The chosen methods will break translational symmetry
 Warning: op=0 Small HOMO/LUMO gap (  -2.580) - skipping pre-diagonalization
 Warning: op=0 Small HOMO/LUMO gap (   0.094) - skipping pre-diagonalization

 ORCA Calculation done. 
ORCA converged in 34 iterations
ORCA energy: -837.236766825444
  ------------ENDING ORCA-INTERFACE------------- 

----------------------------------------------------------------
Time to calculate step (ORCA run): 269.964 seconds, 4.5 minutes.
----------------------------------------------------------------

---------------------------------------------------------------
Time to calculate step (QM step): 269.964 seconds, 4.5 minutes.
---------------------------------------------------------------

----------------------------------------------------------------------
Time to calculate step (QMpcgrad prepare): 0.000 seconds, 0.0 minutes.
----------------------------------------------------------------------

--------------------------------------------------------------------------
Time to calculate step (linkatomgrad prepare): 0.000 seconds, 0.0 minutes.
--------------------------------------------------------------------------

----------------------------------------------------------------------------
Time to calculate step (QM/MM gradient prepare): 0.000 seconds, 0.0 minutes.
----------------------------------------------------------------------------
Using OpenMM theory as part of QM/MM.
Using MM on full system. Charges for QM region [0, 1, 2, 3, 4, 5, 6, 7, 8, 9, 10, 11, 12, 13, 14, 15, 16, 17, 18, 19, 20, 21, 22, 23] have been set to zero 

--------------------------------------------------------------------------------
                   Creating/updating OpenMM simulation object                   
--------------------------------------------------------------------------------

Integrator name: VerletIntegrator
Timestep: 0.001
Temperature: 300
Coupling frequency: 1
Properties: {'Threads': '1'}
Topology: <Topology; 1 chains, 1 residues, 100 atoms, 0 bonds>

----------------------------------------------------------------------------------
Time to calculate step (creating/updating simulation): 0.001 seconds, 0.0 minutes.
----------------------------------------------------------------------------------

--------------------------------------------------------------------------------
                     Running Single-point OpenMM Interface                      
--------------------------------------------------------------------------------

Number of OpenMM system constraints defined: 0

-----------------------------------------------------------------------------------
Time to calculate step (OpenMMTheory.run: const-check): 0.001 seconds, 0.0 minutes.
-----------------------------------------------------------------------------------
Updating coordinates.

------------------------------------------------------------------------
Time to calculate step (Creating pos array): 0.000 seconds, 0.0 minutes.
------------------------------------------------------------------------

---------------------------------------------------------------------------
Time to calculate step (Updating MM positions): 0.000 seconds, 0.0 minutes.
---------------------------------------------------------------------------
Calling OpenMM getState.

---------------------------------------------------------------------
Time to calculate step (OpenMM getState): 0.000 seconds, 0.0 minutes.
---------------------------------------------------------------------
OpenMM Energy: -3.3959109290374854 Eh
OpenMM Energy: -2130.9662810454456 kcal/mol

-----------------------
Ending OpenMM interface
-----------------------

----------------------------------------------------------------
Time to calculate step (OpenMM run): 0.002 seconds, 0.0 minutes.
----------------------------------------------------------------

-------------------------------------------------------------
Time to calculate step (MM step): 0.002 seconds, 0.0 minutes.
-------------------------------------------------------------

Note: You are using electrostatic embedding. This means that the QM-energy is actually the polarized QM-energy
Note: MM energy also contains the QM-MM Lennard-Jones interaction

QM energy:              -837.236766825444 
MM energy:                -3.395910929037
QM/MM energy:           -840.632677754482 

  ------------ENDING QM/MM MODULE------------- 

-----------------------------------------------------------------
Time to calculate step (QM/MM run): 269.967 seconds, 4.5 minutes.
-----------------------------------------------------------------
geometric called save_guess_files option option for ASHengineclass.
This option is currently unsupported in ASH. Continuing.

Convergence criteria: {'convergence_energy': 1e-05, 'convergence_grms': 0.003, 'convergence_gmax': 0.006, 'convergence_drms': 0.01, 'convergence_dmax': 0.015, 'convergence_cmax': 0.01}

Replacing coordinates in fragment.
Creating/Updating fragment attributes...
Number of Atoms in fragment: 100
Formula: O14N18C20H48
Label: CHHCCOOOCHCHCCHCHCHOHCOOCNHHNHHNHHCOOHCOOHCNHHNHHNHHCNHHNHHNHHCNHHNHHNHHCOOHCNHHNHHNHHCNHHNHHNHHCOOH
Charge: -2 Mult: 1

--------------------------------------------------------------------------------
Wrote XYZ file:  Fragment-currentgeo.xyz
Current geometry (Å) in step 5 (print_atoms_list region)
---------------------------------------------------
        C  59.41730841   34.59209225   58.15345636
        H  59.98226613   33.65944926   58.32611576
        H  59.54326141   35.06830979   57.18465181
        C  58.40554498   34.96719218   58.98231669
        C  57.85984051   36.40092658   58.59133912
        O  58.72804581   37.21782450   58.21557218
        O  56.62717072   36.60098804   58.61033761
        O  57.92527843   34.18877712   59.92024984
        C  57.51939339   31.92888889   55.63403948
        H  57.11645701   31.58603240   56.59113898
        C  58.63395978   31.24995305   55.09676647
        H  59.02527094   30.30854648   55.51118817
        C  59.40273358   31.90886186   54.11229123
        C  58.75957374   32.86919453   53.20852297
        H  59.21381446   33.08498608   52.17827283
        C  57.60329819   33.45949450   53.68808443
        H  57.20406896   34.31659392   53.13891390
        C  56.90659422   33.09878144   54.96212709
        H  56.72145439   33.93900909   55.67831512
        O  55.28611633   32.84721942   54.67371584
        H  55.10575085   32.06975581   55.23438600
        C  60.85001145   32.00347144   54.70887691
        O  61.33948313   32.47194758   55.64966274
        O  60.94222638   31.28863614   53.73261808
        C  61.34690000   37.08200000   59.61740000
        N  61.49747700   37.46722000   58.35334600
        H  61.18696000   38.12972200   59.04960000
        H  61.69364600   36.51218200   58.61701300
        N  60.93800100   37.95440400   60.53424900
        H  61.13417000   36.99936600   60.79791600
        H  61.05234900   38.24694000   59.57432800
        N  61.60522100   35.82437600   59.96460500
        H  61.71957000   36.11691100   59.00468400
        H  61.29470400   36.48687800   60.66085900
        C  58.88720000   30.25530000   51.89210000
        O  60.07102500   30.31707600   51.49556300
        O  58.17591600   29.22791700   51.92465900
        H  58.42922100   31.19115000   52.24486100
        C  63.81050000   29.09560000   54.34790000
        O  64.99432500   29.15737600   53.95136300
        O  63.09921600   28.06821700   54.38045900
        H  63.35252100   30.03145000   54.70066100
        C  53.21740000   31.67870000   51.94570000
        N  53.36797700   32.06392000   50.68164600
        H  53.05746000   32.72642200   51.37790000
        H  53.56414600   31.10888200   50.94531300
        N  52.80850100   32.55110400   52.86254900
        H  53.00467000   31.59606600   53.12621600
        H  52.92284900   32.84364000   51.90262800
        N  53.47572100   30.42107600   52.29290500
        H  53.59007000   30.71361100   51.33298400
        H  53.16520400   31.08357800   52.98915900
        C  53.85940000   36.72330000   55.35930000
        N  54.00997700   37.10852000   54.09524600
        H  53.69946000   37.77102200   54.79150000
        H  54.20614600   36.15348200   54.35891300
        N  53.45050100   37.59570400   56.27614900
        H  53.64667000   36.64066600   56.53981600
        H  53.56484900   37.88824000   55.31622800
        N  54.11772100   35.46567600   55.70650500
        H  54.23207000   35.75821100   54.74658400
        H  53.80720400   36.12817800   56.40275900
        C  54.66340000   29.53370000   57.72430000
        N  54.81397700   29.91892000   56.46024600
        H  54.50346000   30.58142200   57.15650000
        H  55.01014600   28.96388200   56.72391300
        N  54.25450100   30.40610400   58.64114900
        H  54.45067000   29.45106600   58.90481600
        H  54.36884900   30.69864000   57.68122800
        N  54.92172100   28.27607600   58.07150500
        H  55.03607000   28.56861100   57.11158400
        H  54.61120400   28.93857800   58.76775900
        C  64.47490000   32.89690000   51.58640000
        O  65.65872500   32.95867600   51.18986300
        O  63.76361600   31.86951700   51.61895900
        H  64.01692100   33.83275000   51.93916100
        C  55.33790000   33.73470000   59.83180000
        N  55.48847700   34.11992000   58.56774600
        H  55.17796000   34.78242200   59.26400000
        H  55.68464600   33.16488200   58.83141300
        N  54.92900100   34.60710400   60.74864900
        H  55.12517000   33.65206600   61.01231600
        H  55.04334900   34.89964000   59.78872800
        N  55.59622100   32.47707600   60.17900500
        H  55.71057000   32.76961100   59.21908400
        H  55.28570400   33.13957800   60.87525900
        C  59.64430000   31.49730000   60.26190000
        N  59.79487700   31.88252000   58.99784600
        H  59.48436000   32.54502200   59.69410000
        H  59.99104600   30.92748200   59.26151300
        N  59.23540100   32.36970400   61.17874900
        H  59.43157000   31.41466600   61.44241600
        H  59.34974900   32.66224000   60.21882800
        N  59.90262100   30.23967600   60.60910500
        H  60.01697000   30.53221100   59.64918400
        H  59.59210400   30.90217800   61.30535900
        C  58.91760000   34.60790000   50.09390000
        O  60.10142500   34.66967600   49.69736300
        O  58.20631600   33.58051700   50.12645900
        H  58.45962100   35.54375000   50.44666100

Note: printed only print_atoms_list (this is not necessarily all atoms) 
  ------------RUNNING QM/MM MODULE------------- 
QM Module: ORCATheory
MM Module: OpenMMTheory
Charge provided from QMMMTheory object:  -2
Mult provided from QMMMTheory object:  1
QM-region Charge: -2 Mult: 1
Embedding: Electrostatic
Number of pointcharges (to QM program): 76
Number of charge coordinates: 76
Running QM/MM object with 8 cores available

-------------------------------------------------------------------
Time to calculate step (before-QMstep): 0.000 seconds, 0.0 minutes.
-------------------------------------------------------------------
  ------------RUNNING ORCA INTERFACE------------- 
Object-label: ORCA
Run-label: None
Running ORCA with 8 cores available
Moreadfile option not active
A GBW-file with same basename : orca.gbw is present
Autostart is False. ORCA will ignore any file present
Creating inputfile: orca.inp
ORCA input:
! B3LYP D3BJ def2-SVP def2/J RIJCOSX CPCM TightSCF

! Noautostart

%cpcm epsilon 4.0 end
%scf MaxIter 300 Guess PModel end
Charge: -2  Mult: 1
Pointcharge embedding is on!
 ORCA Calculation starting. 
Found warning messages in ORCA outputfile:
WARNING: The chosen methods will break translational/rotational symmetry
 WARNING: The chosen methods will break translational symmetry
 WARNING: The chosen methods will break translational symmetry
 Warning: op=0 Small HOMO/LUMO gap (  -2.159) - skipping pre-diagonalization

 ORCA Calculation done. 
ORCA converged in 32 iterations
ORCA energy: -837.27067463775
  ------------ENDING ORCA-INTERFACE------------- 

----------------------------------------------------------------
Time to calculate step (ORCA run): 266.020 seconds, 4.4 minutes.
----------------------------------------------------------------

---------------------------------------------------------------
Time to calculate step (QM step): 266.020 seconds, 4.4 minutes.
---------------------------------------------------------------

----------------------------------------------------------------------
Time to calculate step (QMpcgrad prepare): 0.000 seconds, 0.0 minutes.
----------------------------------------------------------------------

--------------------------------------------------------------------------
Time to calculate step (linkatomgrad prepare): 0.000 seconds, 0.0 minutes.
--------------------------------------------------------------------------

----------------------------------------------------------------------------
Time to calculate step (QM/MM gradient prepare): 0.000 seconds, 0.0 minutes.
----------------------------------------------------------------------------
Using OpenMM theory as part of QM/MM.
Using MM on full system. Charges for QM region [0, 1, 2, 3, 4, 5, 6, 7, 8, 9, 10, 11, 12, 13, 14, 15, 16, 17, 18, 19, 20, 21, 22, 23] have been set to zero 

--------------------------------------------------------------------------------
                   Creating/updating OpenMM simulation object                   
--------------------------------------------------------------------------------

Integrator name: VerletIntegrator
Timestep: 0.001
Temperature: 300
Coupling frequency: 1
Properties: {'Threads': '1'}
Topology: <Topology; 1 chains, 1 residues, 100 atoms, 0 bonds>

----------------------------------------------------------------------------------
Time to calculate step (creating/updating simulation): 0.001 seconds, 0.0 minutes.
----------------------------------------------------------------------------------

--------------------------------------------------------------------------------
                     Running Single-point OpenMM Interface                      
--------------------------------------------------------------------------------

Number of OpenMM system constraints defined: 0

-----------------------------------------------------------------------------------
Time to calculate step (OpenMMTheory.run: const-check): 0.001 seconds, 0.0 minutes.
-----------------------------------------------------------------------------------
Updating coordinates.

------------------------------------------------------------------------
Time to calculate step (Creating pos array): 0.000 seconds, 0.0 minutes.
------------------------------------------------------------------------

---------------------------------------------------------------------------
Time to calculate step (Updating MM positions): 0.000 seconds, 0.0 minutes.
---------------------------------------------------------------------------
Calling OpenMM getState.

---------------------------------------------------------------------
Time to calculate step (OpenMM getState): 0.000 seconds, 0.0 minutes.
---------------------------------------------------------------------
OpenMM Energy: -3.3947406335593078 Eh
OpenMM Energy: -2130.2319095454363 kcal/mol

-----------------------
Ending OpenMM interface
-----------------------

----------------------------------------------------------------
Time to calculate step (OpenMM run): 0.002 seconds, 0.0 minutes.
----------------------------------------------------------------

-------------------------------------------------------------
Time to calculate step (MM step): 0.002 seconds, 0.0 minutes.
-------------------------------------------------------------

Note: You are using electrostatic embedding. This means that the QM-energy is actually the polarized QM-energy
Note: MM energy also contains the QM-MM Lennard-Jones interaction

QM energy:              -837.270674637750 
MM energy:                -3.394740633559
QM/MM energy:           -840.665415271309 

  ------------ENDING QM/MM MODULE------------- 

-----------------------------------------------------------------
Time to calculate step (QM/MM run): 266.022 seconds, 4.4 minutes.
-----------------------------------------------------------------
geometric called save_guess_files option option for ASHengineclass.
This option is currently unsupported in ASH. Continuing.

Convergence criteria: {'convergence_energy': 1e-05, 'convergence_grms': 0.003, 'convergence_gmax': 0.006, 'convergence_drms': 0.01, 'convergence_dmax': 0.015, 'convergence_cmax': 0.01}

Replacing coordinates in fragment.
Creating/Updating fragment attributes...
Number of Atoms in fragment: 100
Formula: O14N18C20H48
Label: CHHCCOOOCHCHCCHCHCHOHCOOCNHHNHHNHHCOOHCOOHCNHHNHHNHHCNHHNHHNHHCNHHNHHNHHCOOHCNHHNHHNHHCNHHNHHNHHCOOH
Charge: -2 Mult: 1

--------------------------------------------------------------------------------
Wrote XYZ file:  Fragment-currentgeo.xyz
Current geometry (Å) in step 6 (print_atoms_list region)
---------------------------------------------------
        C  59.31049203   34.68731684   58.27261929
        H  59.81783226   33.67812876   58.33437698
        H  59.53079338   35.09924537   57.25493560
        C  58.25312755   34.97808881   59.17807022
        C  57.77360913   36.46456988   58.95793650
        O  58.55097206   37.42217631   58.75902665
        O  56.50773152   36.63425600   59.04278518
        O  57.79182981   34.30087600   60.27636308
        C  57.56710032   31.87200400   55.57542282
        H  57.10762469   31.58973772   56.59981343
        C  58.61680646   31.15736155   55.04961280
        H  58.97308409   30.17291222   55.37480155
        C  59.39495371   31.73508307   53.99395406
        C  58.79230930   32.80677970   53.16154228
        H  59.11462711   32.90397960   52.04962265
        C  57.65945388   33.38138681   53.64606951
        H  57.26304316   34.18327746   53.02129126
        C  57.02384284   33.05202995   54.91771273
        H  56.84685284   33.94613874   55.59905928
        O  55.30133841   32.87472981   54.77905006
        H  55.20808186   31.99078676   55.18743298
        C  60.82828257   32.07539758   54.70400343
        O  61.36823330   32.87172489   55.57525128
        O  60.43307252   31.19300724   53.83657064
        C  61.34690000   37.08200000   59.61740000
        N  61.49747700   37.46722000   58.35334600
        H  61.18696000   38.12972200   59.04960000
        H  61.69364600   36.51218200   58.61701300
        N  60.93800100   37.95440400   60.53424900
        H  61.13417000   36.99936600   60.79791600
        H  61.05234900   38.24694000   59.57432800
        N  61.60522100   35.82437600   59.96460500
        H  61.71957000   36.11691100   59.00468400
        H  61.29470400   36.48687800   60.66085900
        C  58.88720000   30.25530000   51.89210000
        O  60.07102500   30.31707600   51.49556300
        O  58.17591600   29.22791700   51.92465900
        H  58.42922100   31.19115000   52.24486100
        C  63.81050000   29.09560000   54.34790000
        O  64.99432500   29.15737600   53.95136300
        O  63.09921600   28.06821700   54.38045900
        H  63.35252100   30.03145000   54.70066100
        C  53.21740000   31.67870000   51.94570000
        N  53.36797700   32.06392000   50.68164600
        H  53.05746000   32.72642200   51.37790000
        H  53.56414600   31.10888200   50.94531300
        N  52.80850100   32.55110400   52.86254900
        H  53.00467000   31.59606600   53.12621600
        H  52.92284900   32.84364000   51.90262800
        N  53.47572100   30.42107600   52.29290500
        H  53.59007000   30.71361100   51.33298400
        H  53.16520400   31.08357800   52.98915900
        C  53.85940000   36.72330000   55.35930000
        N  54.00997700   37.10852000   54.09524600
        H  53.69946000   37.77102200   54.79150000
        H  54.20614600   36.15348200   54.35891300
        N  53.45050100   37.59570400   56.27614900
        H  53.64667000   36.64066600   56.53981600
        H  53.56484900   37.88824000   55.31622800
        N  54.11772100   35.46567600   55.70650500
        H  54.23207000   35.75821100   54.74658400
        H  53.80720400   36.12817800   56.40275900
        C  54.66340000   29.53370000   57.72430000
        N  54.81397700   29.91892000   56.46024600
        H  54.50346000   30.58142200   57.15650000
        H  55.01014600   28.96388200   56.72391300
        N  54.25450100   30.40610400   58.64114900
        H  54.45067000   29.45106600   58.90481600
        H  54.36884900   30.69864000   57.68122800
        N  54.92172100   28.27607600   58.07150500
        H  55.03607000   28.56861100   57.11158400
        H  54.61120400   28.93857800   58.76775900
        C  64.47490000   32.89690000   51.58640000
        O  65.65872500   32.95867600   51.18986300
        O  63.76361600   31.86951700   51.61895900
        H  64.01692100   33.83275000   51.93916100
        C  55.33790000   33.73470000   59.83180000
        N  55.48847700   34.11992000   58.56774600
        H  55.17796000   34.78242200   59.26400000
        H  55.68464600   33.16488200   58.83141300
        N  54.92900100   34.60710400   60.74864900
        H  55.12517000   33.65206600   61.01231600
        H  55.04334900   34.89964000   59.78872800
        N  55.59622100   32.47707600   60.17900500
        H  55.71057000   32.76961100   59.21908400
        H  55.28570400   33.13957800   60.87525900
        C  59.64430000   31.49730000   60.26190000
        N  59.79487700   31.88252000   58.99784600
        H  59.48436000   32.54502200   59.69410000
        H  59.99104600   30.92748200   59.26151300
        N  59.23540100   32.36970400   61.17874900
        H  59.43157000   31.41466600   61.44241600
        H  59.34974900   32.66224000   60.21882800
        N  59.90262100   30.23967600   60.60910500
        H  60.01697000   30.53221100   59.64918400
        H  59.59210400   30.90217800   61.30535900
        C  58.91760000   34.60790000   50.09390000
        O  60.10142500   34.66967600   49.69736300
        O  58.20631600   33.58051700   50.12645900
        H  58.45962100   35.54375000   50.44666100

Note: printed only print_atoms_list (this is not necessarily all atoms) 
  ------------RUNNING QM/MM MODULE------------- 
QM Module: ORCATheory
MM Module: OpenMMTheory
Charge provided from QMMMTheory object:  -2
Mult provided from QMMMTheory object:  1
QM-region Charge: -2 Mult: 1
Embedding: Electrostatic
Number of pointcharges (to QM program): 76
Number of charge coordinates: 76
Running QM/MM object with 8 cores available

-------------------------------------------------------------------
Time to calculate step (before-QMstep): 0.000 seconds, 0.0 minutes.
-------------------------------------------------------------------
  ------------RUNNING ORCA INTERFACE------------- 
Object-label: ORCA
Run-label: None
Running ORCA with 8 cores available
Moreadfile option not active
A GBW-file with same basename : orca.gbw is present
Autostart is False. ORCA will ignore any file present
Creating inputfile: orca.inp
ORCA input:
! B3LYP D3BJ def2-SVP def2/J RIJCOSX CPCM TightSCF

! Noautostart

%cpcm epsilon 4.0 end
%scf MaxIter 300 Guess PModel end
Charge: -2  Mult: 1
Pointcharge embedding is on!
 ORCA Calculation starting. 
Found warning messages in ORCA outputfile:
WARNING: The chosen methods will break translational/rotational symmetry
 WARNING: The chosen methods will break translational symmetry
 WARNING: The chosen methods will break translational symmetry
 Warning: op=0 Small HOMO/LUMO gap (  -2.296) - skipping pre-diagonalization

 ORCA Calculation done. 
ORCA converged in 33 iterations
ORCA energy: -837.184509639484
  ------------ENDING ORCA-INTERFACE------------- 

----------------------------------------------------------------
Time to calculate step (ORCA run): 268.342 seconds, 4.5 minutes.
----------------------------------------------------------------

---------------------------------------------------------------
Time to calculate step (QM step): 268.342 seconds, 4.5 minutes.
---------------------------------------------------------------

----------------------------------------------------------------------
Time to calculate step (QMpcgrad prepare): 0.000 seconds, 0.0 minutes.
----------------------------------------------------------------------

--------------------------------------------------------------------------
Time to calculate step (linkatomgrad prepare): 0.000 seconds, 0.0 minutes.
--------------------------------------------------------------------------

----------------------------------------------------------------------------
Time to calculate step (QM/MM gradient prepare): 0.000 seconds, 0.0 minutes.
----------------------------------------------------------------------------
Using OpenMM theory as part of QM/MM.
Using MM on full system. Charges for QM region [0, 1, 2, 3, 4, 5, 6, 7, 8, 9, 10, 11, 12, 13, 14, 15, 16, 17, 18, 19, 20, 21, 22, 23] have been set to zero 

--------------------------------------------------------------------------------
                   Creating/updating OpenMM simulation object                   Step    9 : Displace = [0m6.167e-02[0m/[0m3.174e-01[0m (rms/max) Trust = 6.526e-02 ([1;91mx[0m) Grad_T = [0m2.047e-02[0m/[0m1.254e-01[0m (rms/max) E (change) = -840.6682919978 ([0m-2.877e-03[0m) Quality = [0m0.063[0m
Hessian Eigenvalues: 2.72962e-03 2.13696e-02 2.58032e-02 ... 5.78098e-01 6.03514e-01 6.25838e-01
Step   10 : Displace = [0m2.920e-02[0m/[0m1.694e-01[0m (rms/max) Trust = 3.084e-02 ([91m-[0m) Grad_T = [0m6.316e-03[0m/[0m3.069e-02[0m (rms/max) E (change) = -840.7034297098 ([0m-3.514e-02[0m) Quality = [0m0.953[0m
Hessian Eigenvalues: 2.82380e-03 2.10554e-02 2.56386e-02 ... 5.78064e-01 5.91764e-01 6.09250e-01
Step   11 : Displace = [0m4.310e-02[0m/[0m2.293e-01[0m (rms/max) Trust = 4.361e-02 ([92m+[0m) Grad_T = [0m1.261e-02[0m/[0m8.564e-02[0m (rms/max) E (change) = -840.7089504912 ([0m-5.521e-03[0m) Quality = [0m0.520[0m
Hessian Eigenvalues: 4.04603e-03 1.50450e-02 2.32817e-02 ... 5.78186e-01 6.06830e-01 8.26563e-01
Step   12 : Displace = [0m4.294e-02[0m/[0m1.778e-01[0m (rms/max) Trust = 4.361e-02 (=) Grad_T = [0m7.034e-03[0m/[0m3.142e-02[0m (rms/max) E (change) = -840.7265700773 ([0m-1.762e-02[0m) Quality = [0m1.199[0m
Hessian Eigenvalues: 5.27703e-03 8.38723e-03 2.30415e-02 ... 5.78198e-01 6.08640e-01 8.80129e-01
Step   13 : Displace = [0m6.096e-02[0m/[0m2.507e-01[0m (rms/max) Trust = 6.167e-02 ([92m+[0m) Grad_T = [0m1.203e-02[0m/[0m5.899e-02[0m (rms/max) E (change) = -840.7476842111 ([0m-2.111e-02[0m) Quality = [0m1.120[0m
Hessian Eigenvalues: 4.20180e-03 5.78071e-03 2.39363e-02 ... 5.78215e-01 6.44847e-01 1.00778e+00
Step   14 : Displace = [0m8.748e-02[0m/[0m4.962e-01[0m (rms/max) Trust = 8.722e-02 ([92m+[0m) Grad_T = [0m3.492e-02[0m/[0m1.876e-01[0m (rms/max) E (change) = -840.6538575535 ([91m+9.383e-02[0m) Quality = [91m-3.748[0m
[93mRejecting step - quality is lower than -1.0[0m
Hessian Eigenvalues: 4.20180e-03 5.78071e-03 2.39363e-02 ... 5.78215e-01 6.44847e-01 1.00778e+00
Step   15 : Displace = [0m4.657e-02[0m/[0m2.290e-01[0m (rms/max) Trust = 4.361e-02 ([1;91mx[0m) Grad_T = [0m1.805e-02[0m/[0m1.177e-01[0m (rms/max) E (change) = -840.7572280828 ([0m-9.544e-03[0m) Quality = [0m0.492[0m
Hessian Eigenvalues: 5.41823e-03 7.19694e-03 2.21716e-02 ... 6.11405e-01 8.50599e-01 1.72098e+00
Step   16 : Displace = [0m4.475e-02[0m/[0m3.035e-01[0m (rms/max) Trust = 4.361e-02 (=) Grad_T = [0m4.858e-02[0m/[0m3.243e-01[0m (rms/max) E (change) = -840.7326347716 ([91m+2.459e-02[0m) Quality = [91m-0.417[0m
Hessian Eigenvalues: 5.38870e-03 7.11595e-03 2.38022e-02 ... 6.51603e-01 8.60824e-01 1.56171e+00
Step   17 : Displace = [0m2.157e-02[0m/[0m1.536e-01[0m (rms/max) Trust = 2.181e-02 ([91m-[0m) Grad_T = [0m1.500e-02[0m/[0m6.841e-02[0m (rms/max) E (change) = -840.7802980458 ([0m-4.766e-02[0m) Quality = [0m0.467[0m
Hessian Eigenvalues: 5.39181e-03 7.12238e-03 2.38163e-02 ... 8.45655e-01 9.47993e-01 1.40507e+00
Step   18 : Displace = [0m2.008e-02[0m/[0m1.047e-01[0m (rms/max) Trust = 2.181e-02 (=) Grad_T = [0m1.188e-02[0m/[0m6.328e-02[0m (rms/max) E (change) = -840.8022283979 ([0m-2.193e-02[0m) Quality = [0m1.398[0m
Hessian Eigenvalues: 4.28989e-03 5.63486e-03 1.56772e-02 ... 6.86054e-01 1.22843e+00 1.40297e+00
