geometric-optimize called with the following command line:
relax_shell.py shell8p4 run

                                        [91m())))))))))))))))/[0m                     
                                    [91m())))))))))))))))))))))))),[0m                
                                [91m*)))))))))))))))))))))))))))))))))[0m             
                        [94m#,[0m    [91m()))))))))/[0m                [91m.)))))))))),[0m          
                      [94m#%%%%,[0m  [91m())))))[0m                        [91m.))))))))*[0m        
                      [94m*%%%%%%,[0m  [91m))[0m              [93m..[0m              [91m,))))))).[0m      
                        [94m*%%%%%%,[0m         [93m***************/.[0m        [91m.)))))))[0m     
                [94m#%%/[0m      [94m(%%%%%%,[0m    [93m/*********************.[0m       [91m)))))))[0m    
              [94m.%%%%%%#[0m      [94m*%%%%%%,[0m  [93m*******/,[0m     [93m**********,[0m      [91m.))))))[0m   
                [94m.%%%%%%/[0m      [94m*%%%%%%,[0m  [93m**[0m              [93m********[0m      [91m.))))))[0m  
          [94m##[0m      [94m.%%%%%%/[0m      [94m(%%%%%%,[0m                  [93m,******[0m      [91m/)))))[0m  
        [94m%%%%%%[0m      [94m.%%%%%%#[0m      [94m*%%%%%%,[0m    [92m,/////.[0m       [93m******[0m      [91m))))))[0m 
      [94m#%[0m      [94m%%[0m      [94m.%%%%%%/[0m      [94m*%%%%%%,[0m  [92m////////,[0m      [93m*****/[0m     [91m,)))))[0m 
    [94m#%%[0m  [94m%%%[0m  [94m%%%#[0m      [94m.%%%%%%/[0m      [94m(%%%%%%,[0m  [92m///////.[0m     [93m/*****[0m      [91m))))).[0m
  [94m#%%%%.[0m      [94m%%%%%#[0m      [94m/%%%%%%*[0m      [94m#%%%%%%[0m   [92m/////)[0m     [93m******[0m      [91m))))),[0m
    [94m#%%%%##%[0m  [94m%%%#[0m      [94m.%%%%%%/[0m      [94m(%%%%%%,[0m  [92m///////.[0m     [93m/*****[0m      [91m))))).[0m
      [94m##[0m     [94m%%%[0m      [94m.%%%%%%/[0m      [94m*%%%%%%,[0m  [92m////////.[0m      [93m*****/[0m     [91m,)))))[0m 
        [94m#%%%%#[0m      [94m/%%%%%%/[0m      [94m(%%%%%%[0m      [92m/)/)//[0m       [93m******[0m      [91m))))))[0m 
          [94m##[0m      [94m.%%%%%%/[0m      [94m(%%%%%%,[0m                  [93m*******[0m      [91m))))))[0m  
                [94m.%%%%%%/[0m      [94m*%%%%%%,[0m  [93m**.[0m             [93m/*******[0m      [91m.))))))[0m  
              [94m*%%%%%%/[0m      [94m(%%%%%%[0m   [93m********/*..,*/*********[0m       [91m*))))))[0m   
                [94m#%%/[0m      [94m(%%%%%%,[0m    [93m*********************/[0m        [91m)))))))[0m    
                        [94m*%%%%%%,[0m         [93m,**************/[0m         [91m,))))))/[0m     
                      [94m(%%%%%%[0m   [91m()[0m                              [91m))))))))[0m       
                      [94m#%%%%,[0m  [91m())))))[0m                        [91m,)))))))),[0m        
                        [94m#,[0m    [91m())))))))))[0m                [91m,)))))))))).[0m          
                                 [91m()))))))))))))))))))))))))))))))/[0m             
                                    [91m())))))))))))))))))))))))).[0m                
                                         [91m())))))))))))))),[0m                     

-=# [1;94m geomeTRIC started. Version: 1.1.1 [0m #=-
Current date and time: 2026-07-29 17:23:27
#========================================================#
#| [92m    Arguments passed to driver run_optimizer():     [0m |#
#========================================================#
bothre                    0.0 
constraints               constraints.txt 
convergence_cmax          0.01 
convergence_dmax          0.015 
convergence_drms          0.01 
convergence_energy        1e-05 
convergence_gmax          0.006 
convergence_grms          0.003 
coordsys                  hdlc 
customengine              <ash.interfaces.interface_geometric_new.ASHengineclass object at 0x1464bc79dc10> 
input                     dummyinputname 
irc                       False 
logIni                    /home/18660916/envs/ash/lib/python3.11/site-packages/ash/log.ini 
maxiter                   400 
prefix                    geometric_OPTtraj 
rigid                     False 
subfrctor                 1 
transition                False 
verbose                   0 
----------------------------------------------------------
Custom engine selected.
$freeze
xyz 25
xyz 26
xyz 27
xyz 28
xyz 29
xyz 30
xyz 31
xyz 32
xyz 33
xyz 34
xyz 35
xyz 36
xyz 37
xyz 38
xyz 39
xyz 40
xyz 41
xyz 42
xyz 43
xyz 44
xyz 45
xyz 46
xyz 47
xyz 48
xyz 49
xyz 50
xyz 51
xyz 52
xyz 53
xyz 54
xyz 55
xyz 56
xyz 57
xyz 58
xyz 59
xyz 60
xyz 61
xyz 62
xyz 63
xyz 64
xyz 65
xyz 66
xyz 67
xyz 68
xyz 69
xyz 70
xyz 71
xyz 72
xyz 73
xyz 74
xyz 75
xyz 76
xyz 77
xyz 78
xyz 79
xyz 80
xyz 81
xyz 82
xyz 83
xyz 84
xyz 85
xyz 86
xyz 87
xyz 88
xyz 89
xyz 90
xyz 91
xyz 92
xyz 93
xyz 94
xyz 95
xyz 96
xyz 97
xyz 98
xyz 99
xyz 100
Bonds will be generated from interatomic distances less than 1.20 times sum of covalent radii
300 internal coordinates being used (instead of 300 Cartesians)
<class 'geometric.internal.CartesianX'> : 100
<class 'geometric.internal.CartesianY'> : 100
<class 'geometric.internal.CartesianZ'> : 100
<class 'geometric.internal.Distance'> : 144
<class 'geometric.internal.Angle'> : 176
<class 'geometric.internal.OutOfPlane'> : 570
<class 'geometric.internal.Dihedral'> : 971
Constraint                         Current      Target       Diff.
Cartesian-X 25                    54.89040    54.89040     0.00000
Cartesian-Y 25                    41.21830    41.21830     0.00000
Cartesian-Z 25                    65.11750    65.11750     0.00000
Cartesian-X 26                    55.04098    55.04098     0.00000
Cartesian-Y 26                    41.60352    41.60352     0.00000
Cartesian-Z 26                    63.85345    63.85345     0.00000
Cartesian-X 27                    54.73046    54.73046     0.00000
Cartesian-Y 27                    42.26602    42.26602     0.00000
Cartesian-Z 27                    64.54970    64.54970     0.00000
Cartesian-X 28                    55.23715    55.23715     0.00000
Cartesian-Y 28                    40.64848    40.64848     0.00000
Cartesian-Z 28                    64.11711    64.11711     0.00000
Cartesian-X 29                    54.48150    54.48150     0.00000
Cartesian-Y 29                    42.09070    42.09070     0.00000
Cartesian-Z 29                    66.03435    66.03435     0.00000
Cartesian-X 30                    54.67767    54.67767     0.00000
Cartesian-Y 30                    41.13567    41.13567     0.00000
Cartesian-Z 30                    66.29802    66.29802     0.00000
Cartesian-X 31                    54.59585    54.59585     0.00000
Cartesian-Y 31                    42.38324    42.38324     0.00000
Cartesian-Z 31                    65.07443    65.07443     0.00000
Cartesian-X 32                    55.14872    55.14872     0.00000
Cartesian-Y 32                    39.96068    39.96068     0.00000
Cartesian-Z 32                    65.46470    65.46470     0.00000
Cartesian-X 33                    55.26307    55.26307     0.00000
Cartesian-Y 33                    40.25321    40.25321     0.00000
Cartesian-Z 33                    64.50478    64.50478     0.00000
Cartesian-X 34                    54.83820    54.83820     0.00000
Cartesian-Y 34                    40.62318    40.62318     0.00000
Cartesian-Z 34                    66.16096    66.16096     0.00000
Cartesian-X 35                    59.50090    59.50090     0.00000
Cartesian-Y 35                    39.33550    39.33550     0.00000
Cartesian-Z 35                    66.26000    66.26000     0.00000
Cartesian-X 36                    59.65148    59.65148     0.00000
Cartesian-Y 36                    39.72072    39.72072     0.00000
Cartesian-Z 36                    64.99595    64.99595     0.00000
Cartesian-X 37                    59.34096    59.34096     0.00000
Cartesian-Y 37                    40.38322    40.38322     0.00000
Cartesian-Z 37                    65.69220    65.69220     0.00000
Cartesian-X 38                    59.84765    59.84765     0.00000
Cartesian-Y 38                    38.76568    38.76568     0.00000
Cartesian-Z 38                    65.25961    65.25961     0.00000
Cartesian-X 39                    59.09200    59.09200     0.00000
Cartesian-Y 39                    40.20790    40.20790     0.00000
Cartesian-Z 39                    67.17685    67.17685     0.00000
Cartesian-X 40                    59.28817    59.28817     0.00000
Cartesian-Y 40                    39.25287    39.25287     0.00000
Cartesian-Z 40                    67.44052    67.44052     0.00000
Cartesian-X 41                    59.20635    59.20635     0.00000
Cartesian-Y 41                    40.50044    40.50044     0.00000
Cartesian-Z 41                    66.21693    66.21693     0.00000
Cartesian-X 42                    59.75922    59.75922     0.00000
Cartesian-Y 42                    38.07788    38.07788     0.00000
Cartesian-Z 42                    66.60720    66.60720     0.00000
Cartesian-X 43                    59.87357    59.87357     0.00000
Cartesian-Y 43                    38.37041    38.37041     0.00000
Cartesian-Z 43                    65.64728    65.64728     0.00000
Cartesian-X 44                    59.44870    59.44870     0.00000
Cartesian-Y 44                    38.74038    38.74038     0.00000
Cartesian-Z 44                    67.30346    67.30346     0.00000
Cartesian-X 45                    69.74840    69.74840     0.00000
Cartesian-Y 45                    37.57020    37.57020     0.00000
Cartesian-Z 45                    52.11000    52.11000     0.00000
Cartesian-X 46                    70.93223    70.93223     0.00000
Cartesian-Y 46                    37.63198    37.63198     0.00000
Cartesian-Z 46                    51.71346    51.71346     0.00000
Cartesian-X 47                    69.03712    69.03712     0.00000
Cartesian-Y 47                    36.54282    36.54282     0.00000
Cartesian-Z 47                    52.14256    52.14256     0.00000
Cartesian-X 48                    69.29042    69.29042     0.00000
Cartesian-Y 48                    38.50605    38.50605     0.00000
Cartesian-Z 48                    52.46276    52.46276     0.00000
Cartesian-X 49                    49.75560    49.75560     0.00000
Cartesian-Y 49                    39.75790    39.75790     0.00000
Cartesian-Z 49                    62.74580    62.74580     0.00000
Cartesian-X 50                    49.90618    49.90618     0.00000
Cartesian-Y 50                    40.14312    40.14312     0.00000
Cartesian-Z 50                    61.48175    61.48175     0.00000
Cartesian-X 51                    49.59566    49.59566     0.00000
Cartesian-Y 51                    40.80562    40.80562     0.00000
Cartesian-Z 51                    62.17800    62.17800     0.00000
Cartesian-X 52                    50.10235    50.10235     0.00000
Cartesian-Y 52                    39.18808    39.18808     0.00000
Cartesian-Z 52                    61.74541    61.74541     0.00000
Cartesian-X 53                    49.34670    49.34670     0.00000
Cartesian-Y 53                    40.63030    40.63030     0.00000
Cartesian-Z 53                    63.66265    63.66265     0.00000
Cartesian-X 54                    49.54287    49.54287     0.00000
Cartesian-Y 54                    39.67527    39.67527     0.00000
Cartesian-Z 54                    63.92632    63.92632     0.00000
Cartesian-X 55                    49.46105    49.46105     0.00000
Cartesian-Y 55                    40.92284    40.92284     0.00000
Cartesian-Z 55                    62.70273    62.70273     0.00000
Cartesian-X 56                    50.01392    50.01392     0.00000
Cartesian-Y 56                    38.50028    38.50028     0.00000
Cartesian-Z 56                    63.09300    63.09300     0.00000
Cartesian-X 57                    50.12827    50.12827     0.00000
Cartesian-Y 57                    38.79281    38.79281     0.00000
Cartesian-Z 57                    62.13308    62.13308     0.00000
Cartesian-X 58                    49.70340    49.70340     0.00000
Cartesian-Y 58                    39.16278    39.16278     0.00000
Cartesian-Z 58                    63.78926    63.78926     0.00000
Cartesian-X 59                    54.95800    54.95800     0.00000
Cartesian-Y 59                    29.39440    29.39440     0.00000
Cartesian-Z 59                    66.15720    66.15720     0.00000
Cartesian-X 60                    55.10858    55.10858     0.00000
Cartesian-Y 60                    29.77962    29.77962     0.00000
Cartesian-Z 60                    64.89315    64.89315     0.00000
Cartesian-X 61                    54.79806    54.79806     0.00000
Cartesian-Y 61                    30.44212    30.44212     0.00000
Cartesian-Z 61                    65.58940    65.58940     0.00000
Cartesian-X 62                    55.30475    55.30475     0.00000
Cartesian-Y 62                    28.82458    28.82458     0.00000
Cartesian-Z 62                    65.15681    65.15681     0.00000
Cartesian-X 63                    54.54910    54.54910     0.00000
Cartesian-Y 63                    30.26680    30.26680     0.00000
Cartesian-Z 63                    67.07405    67.07405     0.00000
Cartesian-X 64                    54.74527    54.74527     0.00000
Cartesian-Y 64                    29.31177    29.31177     0.00000
Cartesian-Z 64                    67.33772    67.33772     0.00000
Cartesian-X 65                    54.66345    54.66345     0.00000
Cartesian-Y 65                    30.55934    30.55934     0.00000
Cartesian-Z 65                    66.11413    66.11413     0.00000
Cartesian-X 66                    55.21632    55.21632     0.00000
Cartesian-Y 66                    28.13678    28.13678     0.00000
Cartesian-Z 66                    66.50441    66.50441     0.00000
Cartesian-X 67                    55.33067    55.33067     0.00000
Cartesian-Y 67                    28.42931    28.42931     0.00000
Cartesian-Z 67                    65.54448    65.54448     0.00000
Cartesian-X 68                    54.90580    54.90580     0.00000
Cartesian-Y 68                    28.79928    28.79928     0.00000
Cartesian-Z 68                    67.20066    67.20066     0.00000
Cartesian-X 69                    69.45420    69.45420     0.00000
Cartesian-Y 69                    25.80430    25.80430     0.00000
Cartesian-Z 69                    53.35910    53.35910     0.00000
Cartesian-X 70                    70.63802    70.63802     0.00000
Cartesian-Y 70                    25.86608    25.86608     0.00000
Cartesian-Z 70                    52.96256    52.96256     0.00000
Cartesian-X 71                    68.74292    68.74292     0.00000
Cartesian-Y 71                    24.77692    24.77692     0.00000
Cartesian-Z 71                    53.39166    53.39166     0.00000
Cartesian-X 72                    68.99622    68.99622     0.00000
Cartesian-Y 72                    26.74015    26.74015     0.00000
Cartesian-Z 72                    53.71186    53.71186     0.00000
Cartesian-X 73                    65.78910    65.78910     0.00000
Cartesian-Y 73                    29.53300    29.53300     0.00000
Cartesian-Z 73                    44.76770    44.76770     0.00000
Cartesian-X 74                    66.97293    66.97293     0.00000
Cartesian-Y 74                    29.59478    29.59478     0.00000
Cartesian-Z 74                    44.37116    44.37116     0.00000
Cartesian-X 75                    65.07782    65.07782     0.00000
Cartesian-Y 75                    28.50562    28.50562     0.00000
Cartesian-Z 75                    44.80026    44.80026     0.00000
Cartesian-X 76                    65.33112    65.33112     0.00000
Cartesian-Y 76                    30.46885    30.46885     0.00000
Cartesian-Z 76                    45.12046    45.12046     0.00000
Cartesian-X 77                    47.65890    47.65890     0.00000
Cartesian-Y 77                    31.15830    31.15830     0.00000
Cartesian-Z 77                    61.15630    61.15630     0.00000
Cartesian-X 78                    47.80948    47.80948     0.00000
Cartesian-Y 78                    31.54352    31.54352     0.00000
Cartesian-Z 78                    59.89225    59.89225     0.00000
Cartesian-X 79                    47.49896    47.49896     0.00000
Cartesian-Y 79                    32.20602    32.20602     0.00000
Cartesian-Z 79                    60.58850    60.58850     0.00000
Cartesian-X 80                    48.00565    48.00565     0.00000
Cartesian-Y 80                    30.58848    30.58848     0.00000
Cartesian-Z 80                    60.15591    60.15591     0.00000
Cartesian-X 81                    47.25000    47.25000     0.00000
Cartesian-Y 81                    32.03070    32.03070     0.00000
Cartesian-Z 81                    62.07315    62.07315     0.00000
Cartesian-X 82                    47.44617    47.44617     0.00000
Cartesian-Y 82                    31.07567    31.07567     0.00000
Cartesian-Z 82                    62.33682    62.33682     0.00000
Cartesian-X 83                    47.36435    47.36435     0.00000
Cartesian-Y 83                    32.32324    32.32324     0.00000
Cartesian-Z 83                    61.11323    61.11323     0.00000
Cartesian-X 84                    47.91722    47.91722     0.00000
Cartesian-Y 84                    29.90068    29.90068     0.00000
Cartesian-Z 84                    61.50350    61.50350     0.00000
Cartesian-X 85                    48.03157    48.03157     0.00000
Cartesian-Y 85                    30.19321    30.19321     0.00000
Cartesian-Z 85                    60.54358    60.54358     0.00000
Cartesian-X 86                    47.60670    47.60670     0.00000
Cartesian-Y 86                    30.56318    30.56318     0.00000
Cartesian-Z 86                    62.19976    62.19976     0.00000
Cartesian-X 87                    51.95630    51.95630     0.00000
Cartesian-Y 87                    33.68720    33.68720     0.00000
Cartesian-Z 87                    65.49240    65.49240     0.00000
Cartesian-X 88                    52.10688    52.10688     0.00000
Cartesian-Y 88                    34.07242    34.07242     0.00000
Cartesian-Z 88                    64.22835    64.22835     0.00000
Cartesian-X 89                    51.79636    51.79636     0.00000
Cartesian-Y 89                    34.73492    34.73492     0.00000
Cartesian-Z 89                    64.92460    64.92460     0.00000
Cartesian-X 90                    52.30305    52.30305     0.00000
Cartesian-Y 90                    33.11738    33.11738     0.00000
Cartesian-Z 90                    64.49201    64.49201     0.00000
Cartesian-X 91                    51.54740    51.54740     0.00000
Cartesian-Y 91                    34.55960    34.55960     0.00000
Cartesian-Z 91                    66.40925    66.40925     0.00000
Cartesian-X 92                    51.74357    51.74357     0.00000
Cartesian-Y 92                    33.60457    33.60457     0.00000
Cartesian-Z 92                    66.67292    66.67292     0.00000
Cartesian-X 93                    51.66175    51.66175     0.00000
Cartesian-Y 93                    34.85214    34.85214     0.00000
Cartesian-Z 93                    65.44933    65.44933     0.00000
Cartesian-X 94                    52.21462    52.21462     0.00000
Cartesian-Y 94                    32.42958    32.42958     0.00000
Cartesian-Z 94                    65.83961    65.83961     0.00000
Cartesian-X 95                    52.32897    52.32897     0.00000
Cartesian-Y 95                    32.72211    32.72211     0.00000
Cartesian-Z 95                    64.87968    64.87968     0.00000
Cartesian-X 96                    51.90410    51.90410     0.00000
Cartesian-Y 96                    33.09208    33.09208     0.00000
Cartesian-Z 96                    66.53586    66.53586     0.00000
Cartesian-X 97                    71.00800    71.00800     0.00000
Cartesian-Y 97                    32.33200    32.33200     0.00000
Cartesian-Z 97                    50.39870    50.39870     0.00000
Cartesian-X 98                    72.19182    72.19182     0.00000
Cartesian-Y 98                    32.39378    32.39378     0.00000
Cartesian-Z 98                    50.00216    50.00216     0.00000
Cartesian-X 99                    70.29672    70.29672     0.00000
Cartesian-Y 99                    31.30462    31.30462     0.00000
Cartesian-Z 99                    50.43126    50.43126     0.00000
Cartesian-X 100                   70.55002    70.55002     0.00000
Cartesian-Y 100                   33.26785    33.26785     0.00000
Cartesian-Z 100                   50.75146    50.75146     0.00000
> ===== Optimization Info: ====
> Job type: Energy minimization
> Maximum number of optimization cycles: 400
> Initial / maximum trust radius (Angstrom): 0.100 / 0.300
> Convergence Criteria:
> Will converge when all 5 criteria are reached:
>  |Delta-E| < 1.00e-05
>  RMS-Ortho-Grad < 3.00e-03
>  Max-Ortho-Grad < 6.00e-03
>  RMS-Disp  < 1.00e-02
>  Max-Disp  < 1.50e-02
> 
> Constraints are requested. The following criterion is added:
>  Max Constraint Violation (in Angstroms/degrees) < 1.00e-02 
> === End Optimization Info ===
Step    0 : Gradient = 6.095e-03/3.540e-02 (rms/max) Energy = -839.6200019463
Hessian Eigenvalues: 2.63687e-02 2.63687e-02 2.63687e-02 ... 5.78010e-01 5.78010e-01 5.78010e-01
Step    1 : Displace = [0m1.501e-02[0m/[0m8.658e-02[0m (rms/max) Trust = 1.000e-01 (=) Grad_T = [92m2.673e-03[0m/[0m1.675e-02[0m (rms/max) E (change) = -839.6253940550 ([0m-5.392e-03[0m) Quality = [0m1.161[0m
Hessian Eigenvalues: 2.41740e-02 2.63687e-02 2.63687e-02 ... 5.78010e-01 5.78010e-01 5.78011e-01
Step    2 : Displace = [0m2.064e-02[0m/[0m1.034e-01[0m (rms/max) Trust = 1.414e-01 ([92m+[0m) Grad_T = [92m2.471e-03[0m/[0m1.436e-02[0m (rms/max) E (change) = -839.6296943968 ([0m-4.300e-03[0m) Quality = [0m1.467[0m
Hessian Eigenvalues: 8.73119e-03 2.63687e-02 2.63687e-02 ... 5.78010e-01 5.78010e-01 6.15029e-01
Step    3 : Displace = [0m4.611e-02[0m/[0m2.476e-01[0m (rms/max) Trust = 2.000e-01 ([92m+[0m) Grad_T = [0m5.255e-03[0m/[0m2.713e-02[0m (rms/max) E (change) = -839.6363134769 ([0m-6.619e-03[0m) Quality = [0m1.539[0m
Hessian Eigenvalues: 2.93908e-03 2.63687e-02 2.63687e-02 ... 5.78010e-01 5.78010e-01 6.60209e-01
Step    4 : Displace = [0m1.110e-01[0m/[0m5.723e-01[0m (rms/max) Trust = 2.828e-01 ([92m+[0m) Grad_T = [0m8.398e-03[0m/[0m4.390e-02[0m (rms/max) E (change) = -839.6477651769 ([0m-1.145e-02[0m) Quality = [0m1.325[0m
Hessian Eigenvalues: 2.04484e-03 2.63687e-02 2.63687e-02 ... 5.78010e-01 5.78010e-01 6.39366e-01
Step    5 : Displace = [0m8.921e-02[0m/[0m4.406e-01[0m (rms/max) Trust = 3.000e-01 ([92m+[0m) Grad_T = [0m7.869e-03[0m/[0m3.872e-02[0m (rms/max) E (change) = -839.6593321123 ([0m-1.157e-02[0m) Quality = [0m1.605[0m
Hessian Eigenvalues: 1.50029e-03 2.63686e-02 2.63687e-02 ... 5.78010e-01 5.78013e-01 5.84701e-01
Step    6 : Displace = [0m1.898e-01[0m/[0m8.973e-01[0m (rms/max) Trust = 3.000e-01 (=) Grad_T = [0m6.561e-03[0m/[0m3.118e-02[0m (rms/max) E (change) = -839.6873617676 ([0m-2.803e-02[0m) Quality = [0m1.374[0m
Hessian Eigenvalues: 1.42486e-03 2.50461e-02 2.63687e-02 ... 5.78010e-01 5.78013e-01 6.01662e-01
Step    7 : Displace = [0m1.298e-01[0m/[0m5.169e-01[0m (rms/max) Trust = 3.000e-01 (=) Grad_T = [0m7.834e-03[0m/[0m3.752e-02[0m (rms/max) E (change) = -839.7138563242 ([0m-2.649e-02[0m) Quality = [0m1.453[0m
Hessian Eigenvalues: 8.79230e-04 2.24890e-02 2.63687e-02 ... 5.78010e-01 5.78012e-01 6.11953e-01
Step    8 : Displace = [0m2.669e-01[0m/[0m1.088e+00[0m (rms/max) Trust = 3.000e-01 (=) Grad_T = [0m1.334e-02[0m/[0m5.658e-02[0m (rms/max) E (change) = -839.7315138793 ([0m-1.766e-02[0m) Quality = [0m0.773[0m
Hessian Eigenvalues: 1.52018e-03 1.76359e-02 2.63687e-02 ... 5.78010e-01 5.78013e-01 5.97762e-01
ashpath: /home/18660916/envs/ash/lib/python3.11/site-packages/ash
Sys path: ['/home/18660916/envs/ash/lib/python3.11/site-packages/ash', '/home/18660916/system_development/phase2b_charge_design/05d_shell_ladder/relax/run_shell8p4', '/home/18660916/envs/ash/lib/python311.zip', '/home/18660916/envs/ash/lib/python3.11', '/home/18660916/envs/ash/lib/python3.11/lib-dynload', '/home/18660916/envs/ash/lib/python3.11/site-packages']
--------------------------------------------------------------------------------
--------------------------------------------------------------------------------
                                           ASH                                            
                              A MULTISCALE MODELLING PROGRAM                              
                                        Version: 0.9dev                                        
                               Git commit version: Unknown                                
--------------------------------------------------------------------------------
--------------------------------------------------------------------------------
ASH path: /home/18660916/envs/ash/lib/python3.11/site-packages/ash
Python version: 3.11.15
Python interpreter: /home/18660916/envs/ash/bin/python3

ASH Settings after reading defaults and ~/ash_user_settings.ini : 
See https://ash.readthedocs.io/en/latest/basics.html#ash-settings on how to change settings.
	 debugflag :  False
	 load_julia :  False
	 julia_library :  pythoncall
	 use_ANSI_color :  False
	 print_logo :  False
	 print_input :  True
	 scale :  1.0
	 tol :  0.1
	 conndepth :  10
	 connectivity_code :  julia
	 nonbondedMM_code :  julia
	 print_exit_footer :  True
	 print_full_timings :  True

Note: ASH can use ANSI escape sequences for displaying color. Use e.g. less -R to display
To turn on/off escape sequences, set: 'use_ANSI_color = False' in
~/ash_user_settings.ini

Input script: /home/18660916/system_development/phase2b_charge_design/05d_shell_ladder/relax/run_shell8p4/relax_shell.py
================================================================================
   > import sys, openmm
   > from ash import Fragment, ORCATheory, OpenMMTheory, QMMMTheory, Optimizer
   > name=sys.argv[1]; RUN=(len(sys.argv)>2 and sys.argv[2]=="run")
   > ORCADIR="/home/apps2/ORCA/6.0.1"
   > coords="\n".join(open("%s_coords.xyz"%name).read().splitlines()[2:])
   > mmcharges=[float(x) for x in open("%s_charges.txt"%name).read().split(",")]
   > frag=Fragment(coordsstring=coords, charge=-2, mult=1)
   > els=[a.split()[0] for a in coords.strip().split("\n")]
   > print(">> %s: %d atoms (24 QM + %d MM), MM net %+.2f"%(name,frag.numatoms,frag.numatoms-24,sum(mmcharges)))
   > assert len(mmcharges)==frag.numatoms
   > LJ={"C":(3.40,0.086),"N":(3.25,0.170),"O":(2.96,0.210),"H":(1.06,0.016)}
   > orca=ORCATheory(orcadir=ORCADIR,orcasimpleinput="! B3LYP D3BJ def2-SVP def2/J RIJCOSX CPCM TightSCF",
   >     orcablocks="%cpcm epsilon 4.0 end\n%scf MaxIter 300 Guess PModel end",numcores=8,autostart=False)
   > mm=OpenMMTheory(fragment=frag,dummysystem=True,platform="CPU",numcores=1,autoconstraints=None,rigidwater=False)
   > lj=openmm.CustomBondForce("4*eps*((sig/r)^12 - (sig/r)^6)")
   > lj.addPerBondParameter("sig");lj.addPerBondParameter("eps");lj.setUsesPeriodicBoundaryConditions(False)
   > ang=openmm.unit.angstrom;kcal=openmm.unit.kilocalorie_per_mole;npair=0
   > for i in range(24):
   >     si,ei=LJ[els[i]]
   >     for j in range(24,frag.numatoms):
   >         sj,ej=LJ[els[j]]
   >         sig=((si+sj)/2*ang).value_in_unit(openmm.unit.nanometer)
   >         eps=(((ei*ej)**0.5)*kcal).value_in_unit(openmm.unit.kilojoule_per_mole)
   >         lj.addBond(i,j,[sig,eps]);npair+=1
   > lj.setForceGroup(11);mm.system.addForce(lj)
   > print(">> LJ pairs: %d"%npair)
   > qmmm=QMMMTheory(qm_theory=orca,mm_theory=mm,fragment=frag,qmatoms=list(range(24)),charges=mmcharges,
   >     embedding="elstat",qm_charge=-2,qm_mult=1,numcores=8)
   > FROZEN=list(range(24,frag.numatoms))
   > CONV={"convergence_energy":1e-5,"convergence_grms":3.0e-3,"convergence_gmax":6.0e-3,"convergence_drms":1.0e-2,"convergence_dmax":1.5e-2}
   > if not RUN:
   >     print("\n=== DRY RUN OK %s: %d pairs, MM %+.0f, %d frozen ==="%(name,npair,sum(mmcharges),len(FROZEN))); sys.exit(0)
   > Optimizer(theory=qmmm,fragment=frag,coordsystem="hdlc",frozenatoms=FROZEN,maxiter=400,conv_criteria=CONV,charge=-2,mult=1)
   > frag.write_xyzfile("%s_relaxed.xyz"%name); print(">> DONE -> %s_relaxed.xyz"%name)
================================================================================ 


--------------------------------------------------------------------------------
                                New ASH fragment                                
--------------------------------------------------------------------------------

ASH Fragment creation
Getting coordinates from string: C     60.11193800    34.38396900    57.21013200
H     60.60719900    33.42993900    57.38460900
H     60.72469300    35.27181800    57.05919300
C     58.78057700    34.50353200    57.15195800
C     58.09218200    35.83426100    56.89335400
O     58.81246700    36.81821800    56.57878900
O     56.83954900    35.84891700    57.00961700
O     57.93461500    33.42640300    57.34599800
C     57.67693600    32.53773200    56.20080600
H     57.01901700    31.76376900    56.62407200
C     58.98648700    31.96184000    55.79317200
H     59.46393000    31.24298300    56.46049600
C     59.68310500    32.48267100    54.76815100
C     59.06432100    33.48370900    53.89317900
H     59.70236100    33.90454400    53.11096900
C     57.78125300    33.86565900    54.03153300
H     57.33218100    34.60235400    53.35662900
C     56.88979900    33.27109300    55.08618200
H     56.34719000    34.09064800    55.58588000
O     55.96286300    32.39770700    54.43466800
H     55.31084500    32.10952700    55.09277000
C     61.12320000    32.06212600    54.53420800
O     61.78496200    31.70232800    55.54338100
O     61.54107100    32.10651300    53.35273800
C     54.890400    41.218300    65.117500
N     55.040977    41.603520    63.853446
H     54.730460    42.266022    64.549700
H     55.237146    40.648482    64.117113
N     54.481501    42.090704    66.034349
H     54.677670    41.135666    66.298016
H     54.595849    42.383240    65.074428
N     55.148721    39.960676    65.464705
H     55.263070    40.253211    64.504784
H     54.838204    40.623178    66.160959
C     59.500900    39.335500    66.260000
N     59.651477    39.720720    64.995946
H     59.340960    40.383222    65.692200
H     59.847646    38.765682    65.259613
N     59.092001    40.207904    67.176849
H     59.288170    39.252866    67.440516
H     59.206349    40.500440    66.216928
N     59.759221    38.077876    66.607205
H     59.873570    38.370411    65.647284
H     59.448704    38.740378    67.303459
C     69.748400    37.570200    52.110000
O     70.932225    37.631976    51.713463
O     69.037116    36.542817    52.142559
H     69.290421    38.506050    52.462761
C     49.755600    39.757900    62.745800
N     49.906177    40.143120    61.481746
H     49.595660    40.805622    62.178000
H     50.102346    39.188082    61.745413
N     49.346701    40.630304    63.662649
H     49.542870    39.675266    63.926316
H     49.461049    40.922840    62.702728
N     50.013921    38.500276    63.093005
H     50.128270    38.792811    62.133084
H     49.703404    39.162778    63.789259
C     54.958000    29.394400    66.157200
N     55.108577    29.779620    64.893146
H     54.798060    30.442122    65.589400
H     55.304746    28.824582    65.156813
N     54.549101    30.266804    67.074049
H     54.745270    29.311766    67.337716
H     54.663449    30.559340    66.114128
N     55.216321    28.136776    66.504405
H     55.330670    28.429311    65.544484
H     54.905804    28.799278    67.200659
C     69.454200    25.804300    53.359100
O     70.638025    25.866076    52.962563
O     68.742916    24.776917    53.391659
H     68.996221    26.740150    53.711861
C     65.789100    29.533000    44.767700
O     66.972925    29.594776    44.371163
O     65.077816    28.505617    44.800259
H     65.331121    30.468850    45.120461
C     47.658900    31.158300    61.156300
N     47.809477    31.543520    59.892246
H     47.498960    32.206022    60.588500
H     48.005646    30.588482    60.155913
N     47.250001    32.030704    62.073149
H     47.446170    31.075666    62.336816
H     47.364349    32.323240    61.113228
N     47.917221    29.900676    61.503505
H     48.031570    30.193211    60.543584
H     47.606704    30.563178    62.199759
C     51.956300    33.687200    65.492400
N     52.106877    34.072420    64.228346
H     51.796360    34.734922    64.924600
H     52.303046    33.117382    64.492013
N     51.547401    34.559604    66.409249
H     51.743570    33.604566    66.672916
H     51.661749    34.852140    65.449328
N     52.214621    32.429576    65.839605
H     52.328970    32.722111    64.879684
H     51.904104    33.092078    66.535859
C     71.008000    32.332000    50.398700
O     72.191825    32.393776    50.002163
O     70.296716    31.304617    50.431259
H     70.550021    33.267850    50.751461
Creating/Updating fragment attributes...
Number of Atoms in fragment: 100
Formula: N18H48O14C20
Label: CHHCCOOOCHCHCCHCHCHOHCOOCNHHNHHNHHCNHHNHHNHHCOOHCNHHNHHNHHCNHHNHHNHHCOOHCOOHCNHHNHHNHHCNHHNHHNHHCOOH
Charge: -2 Mult: 1

--------------------------------------------------------------------------------
>> shell8p4: 100 atoms (24 QM + 76 MM), MM net +2.00


                     #####################################                      
                     #                                   #                      
                     #     ORCATheory initialization     #                      
                     #                                   #                      
                     #####################################                      
Checking for ORCA location
 Using orcadir path provided: /home/apps2/ORCA/6.0.1 
Checking if ORCA binary works... yes 
ORCA parallel job requested with numcores: 8 . Make sure that the correct OpenMPI version (for the ORCA version) is available in your environment
OpenMPI binary directory found: /apps/openmpi/4.1.1/bin
Testing that mpirun is executable... yes 
OpenMPI version (mpirun -V): mpirun (Open MPI) 4.1.1

Report bugs to http://www.open-mpi.org/community/help/

bind_to_core_option: True

Creating ORCA object
ORCA dir: /home/apps2/ORCA/6.0.1
! B3LYP D3BJ def2-SVP def2/J RIJCOSX CPCM TightSCF
%cpcm epsilon 4.0 end
%scf MaxIter 300 Guess PModel end

ORCATheory object created!


                           #########################                            
                           #                       #                            
                           #     OpenMM Theory     #                            
                           #                       #                            
                           #########################                            
OpenMM CPU threads set to: 1
Imported OpenMM library version: 8.5.2

--------------------------------------------------------------------------------
                             Defining OpenMM object                             
--------------------------------------------------------------------------------

Printlevel: 2
No automatic constraints
AutoConstraint setting: None
Rigidwater constraints: False
Hydrogenmass option: 1.5 Da
Using platform: CPU

--------------------------------------------------------------------------------
                            Setting up force fields.                            
--------------------------------------------------------------------------------

Note: OpenMM will fail in this step if parameters are missing in topology and
      parameter files (e.g. nonbonded entries).

Defining new basic single-chain, multi-residue topology
Inside write_xmlfile_nonbonded
Wrote XML-file: dummy.xml
residueTemplates: {}
System is non-periodic.
nonbonded noPBC Method is: NoCutoff
Nonbonded cutoff : 20 Angstrom

----------------------
OpenMM system created.
----------------------
OpenMM Forces defined: [<openmm.openmm.NonbondedForce; proxy of <Swig Object of type 'OpenMM::NonbondedForce *' at 0x1464bbdd3fb0> >, <openmm.openmm.CMMotionRemover; proxy of <Swig Object of type 'OpenMM::CMMotionRemover *' at 0x1464bbdc9af0> >]

Setting charges
Number of atoms in OpenMM system: 100

System constraints defined upon system creation: 0
Use printlevel =>3 to see list of all constraints

----------------------------------------------------------------------------
Time to calculate step (OpenMM object creation): 0.450 seconds, 0.0 minutes.
----------------------------------------------------------------------------
>> LJ pairs: 1824


                            ########################                            
                            #                      #                            
                            #     QM/MM Theory     #                            
                            #                      #                            
                            ########################                            
QM-theory: ORCATheory
MM-theory: OpenMMTheory
All atoms in fragment: 100
QM region (24 atoms): [0, 1, 2, 3, 4, 5, 6, 7, 8, 9, 10, 11, 12, 13, 14, 15, 16, 17, 18, 19, 20, 21, 22, 23]
MM region (76 atoms)
QM/MM object selected to use 8 cores
Embedding: elstat
Reading in charges
Updating charges in OpenMM object.
Updating simulation object for modified Nonbonded force.

--------------------------------------------------------------------
Time to calculate step (update_charges): 0.001 seconds, 0.0 minutes.
--------------------------------------------------------------------
QM-region coordinates (before linkatoms):
   0    C  60.11193800   34.38396900   57.21013200
   1    H  60.60719900   33.42993900   57.38460900
   2    H  60.72469300   35.27181800   57.05919300
   3    C  58.78057700   34.50353200   57.15195800
   4    C  58.09218200   35.83426100   56.89335400
   5    O  58.81246700   36.81821800   56.57878900
   6    O  56.83954900   35.84891700   57.00961700
   7    O  57.93461500   33.42640300   57.34599800
   8    C  57.67693600   32.53773200   56.20080600
   9    H  57.01901700   31.76376900   56.62407200
  10    C  58.98648700   31.96184000   55.79317200
  11    H  59.46393000   31.24298300   56.46049600
  12    C  59.68310500   32.48267100   54.76815100
  13    C  59.06432100   33.48370900   53.89317900
  14    H  59.70236100   33.90454400   53.11096900
  15    C  57.78125300   33.86565900   54.03153300
  16    H  57.33218100   34.60235400   53.35662900
  17    C  56.88979900   33.27109300   55.08618200
  18    H  56.34719000   34.09064800   55.58588000
  19    O  55.96286300   32.39770700   54.43466800
  20    H  55.31084500   32.10952700   55.09277000
  21    C  61.12320000   32.06212600   54.53420800
  22    O  61.78496200   31.70232800   55.54338100
  23    O  61.54107100   32.10651300   53.35273800

Determining QM-MM/HL-LL boundary
Parameters determing connectivity:
Scaling factor: 1.0
Tolerance: 0.30000000000000004
QM atoms: [0, 1, 2, 3, 4, 5, 6, 7, 8, 9, 10, 11, 12, 13, 14, 15, 16, 17, 18, 19, 20, 21, 22, 23]
QM atoms to be excluded from boundary creation (excludeboundaryatomlist):  []
QM-MM boundary dictionary: {}

------------------------------------------------------------------------
Time to calculate step (get_boundary_atoms): 0.001 seconds, 0.0 minutes.
------------------------------------------------------------------------
No covalent QM-MM boundary. Linkatoms and dipole_correction options set to False
Removing constraints in OpenMM object for atoms: [0, 1, 2, 3, 4, 5, 6, 7, 8, 9, 10, 11, 12, 13, 14, 15, 16, 17, 18, 19, 20, 21, 22, 23]
Removing bonded terms for QM-region in MMtheory
Modifying bonded forces.


Number of bonded terms removed:
Harmonic Bond terms: 0
Harmonic Angle terms: 0
Periodic Torsion terms: 0
Custom Torsion terms: 0
CMAP Torsion terms: 0
CustomBond terms 0


--------------------------------------------------------------------------
Time to calculate step (modify_bonded_forces): 0.002 seconds, 0.0 minutes.
--------------------------------------------------------------------------
Removing nonbonded terms for QM-region in MMtheory (QM-QM interactions)
Add exceptions/exclusions. Removing i-j interactions for list: 24 atoms
Case Nonbondedforce. Adding Exception for ij pair.
Number of exceptions (Nonbondedforce) added: 276
Number of exclusions (CustomNonbondedforce) added: 0

--------------------------------------------------------------------
Time to calculate step (add exceptions): 0.001 seconds, 0.0 minutes.
--------------------------------------------------------------------
Charges of QM atoms set to 0 (since Electrostatic Embedding):
Setting QM charges to Zero

-------------------------------------------------------------------
Time to calculate step (ZeroQMCharges): 0.000 seconds, 0.0 minutes.
-------------------------------------------------------------------
Updating charges in OpenMM object.
Updating simulation object for modified Nonbonded force.

--------------------------------------------------------------------
Time to calculate step (update_charges): 0.000 seconds, 0.0 minutes.
--------------------------------------------------------------------
Deleting Coulombexceptions for atomlist: [0, 1, 2, 3, 4, 5, 6, 7, 8, 9, 10, 11, 12, 13, 14, 15, 16, 17, 18, 19, 20, 21, 22, 23]

-----------------------------------------------------------------------
Time to calculate step (delete_exceptions): 0.003 seconds, 0.0 minutes.
-----------------------------------------------------------------------


---------------------------------------------------------------------------
Time to calculate step (QM/MM object creation): 0.134 seconds, 0.0 minutes.
---------------------------------------------------------------------------


                 #############################################                  
                 #                                           #                  
                 #     geomeTRICOptimizer initialization     #                  
                 #                                           #                  
                 #############################################                  
Creating optimizer object
User-defined convergence criteria:
Theory is not periodic
Printlevel: 2
Coordinate system:  hdlc
Max iterations:  400
Frozen atoms: [24, 25, 26, 27, 28, 29, 30, 31, 32, 33, 34, 35, 36, 37, 38, 39, 40, 41, 42, 43, 44, 45, 46, 47, 48, 49, 50, 51, 52, 53, 54, 55, 56, 57, 58, 59, 60, 61, 62, 63, 64, 65, 66, 67, 68, 69, 70, 71, 72, 73, 74, 75, 76, 77, 78, 79, 80, 81, 82, 83, 84, 85, 86, 87, 88, 89, 90, 91, 92, 93, 94, 95, 96, 97, 98, 99]
Active Region: False
TS Optimization: False
Hessian Option: None
Convergence criteria: {'convergence_energy': 1e-05, 'convergence_grms': 0.003, 'convergence_gmax': 0.006, 'convergence_drms': 0.01, 'convergence_dmax': 0.015, 'convergence_cmax': 0.01}


--------------------------------------------------------------------------------
                            Running geomeTRIC object                            
--------------------------------------------------------------------------------

 
Doing geometry optimization on fragment. Formula: N18H48O14C20 Label: CHHCCOOOCHCHCCHCHCHOHCOOCNHHNHHNHHCNHHNHHNHHCOOHCNHHNHHNHHCNHHNHHNHHCOOHCOOHCNHHNHHNHHCNHHNHHNHHCOOH  
No constraints provided to run method.
Testing if constraints present in optimizer object
No constraints in optimizer object.
Now testing if constraints in fragment object 
No constraints in fragment object.

Constraints:  None
constrainvalue:  False
Inside define_constraints
Constraints: None
Inside write_constraintsfile
Writing frozen atom constraints
Wrote XYZ file:  initialxyzfiletric.xyz
No Hessian option provided.
self.constraintsfile: constraints.txt
Convergence criteria: {'convergence_energy': 1e-05, 'convergence_grms': 0.003, 'convergence_gmax': 0.006, 'convergence_drms': 0.01, 'convergence_dmax': 0.015, 'convergence_cmax': 0.01}
Hessian option: None
Coordinate system: hdlc
Starting optimization

-------------------------------------------------------------------------------------
Time to calculate step (Time spent before run_optimizer): 6.424 seconds, 0.1 minutes.
-------------------------------------------------------------------------------------
geometric called detect_dft option option for ASHengineclass.

Convergence criteria: {'convergence_energy': 1e-05, 'convergence_grms': 0.003, 'convergence_gmax': 0.006, 'convergence_drms': 0.01, 'convergence_dmax': 0.015, 'convergence_cmax': 0.01}

Replacing coordinates in fragment.
Creating/Updating fragment attributes...
Number of Atoms in fragment: 100
Formula: N18H48O14C20
Label: CHHCCOOOCHCHCCHCHCHOHCOOCNHHNHHNHHCNHHNHHNHHCOOHCNHHNHHNHHCNHHNHHNHHCOOHCOOHCNHHNHHNHHCNHHNHHNHHCOOH
Charge: -2 Mult: 1

--------------------------------------------------------------------------------
Wrote XYZ file:  Fragment-currentgeo.xyz
Current geometry (Å) in step 0 (print_atoms_list region)
---------------------------------------------------
        C  60.11193800   34.38396900   57.21013200
        H  60.60719900   33.42993900   57.38460900
        H  60.72469300   35.27181800   57.05919300
        C  58.78057700   34.50353200   57.15195800
        C  58.09218200   35.83426100   56.89335400
        O  58.81246700   36.81821800   56.57878900
        O  56.83954900   35.84891700   57.00961700
        O  57.93461500   33.42640300   57.34599800
        C  57.67693600   32.53773200   56.20080600
        H  57.01901700   31.76376900   56.62407200
        C  58.98648700   31.96184000   55.79317200
        H  59.46393000   31.24298300   56.46049600
        C  59.68310500   32.48267100   54.76815100
        C  59.06432100   33.48370900   53.89317900
        H  59.70236100   33.90454400   53.11096900
        C  57.78125300   33.86565900   54.03153300
        H  57.33218100   34.60235400   53.35662900
        C  56.88979900   33.27109300   55.08618200
        H  56.34719000   34.09064800   55.58588000
        O  55.96286300   32.39770700   54.43466800
        H  55.31084500   32.10952700   55.09277000
        C  61.12320000   32.06212600   54.53420800
        O  61.78496200   31.70232800   55.54338100
        O  61.54107100   32.10651300   53.35273800
        C  54.89040000   41.21830000   65.11750000
        N  55.04097700   41.60352000   63.85344600
        H  54.73046000   42.26602200   64.54970000
        H  55.23714600   40.64848200   64.11711300
        N  54.48150100   42.09070400   66.03434900
        H  54.67767000   41.13566600   66.29801600
        H  54.59584900   42.38324000   65.07442800
        N  55.14872100   39.96067600   65.46470500
        H  55.26307000   40.25321100   64.50478400
        H  54.83820400   40.62317800   66.16095900
        C  59.50090000   39.33550000   66.26000000
        N  59.65147700   39.72072000   64.99594600
        H  59.34096000   40.38322200   65.69220000
        H  59.84764600   38.76568200   65.25961300
        N  59.09200100   40.20790400   67.17684900
        H  59.28817000   39.25286600   67.44051600
        H  59.20634900   40.50044000   66.21692800
        N  59.75922100   38.07787600   66.60720500
        H  59.87357000   38.37041100   65.64728400
        H  59.44870400   38.74037800   67.30345900
        C  69.74840000   37.57020000   52.11000000
        O  70.93222500   37.63197600   51.71346300
        O  69.03711600   36.54281700   52.14255900
        H  69.29042100   38.50605000   52.46276100
        C  49.75560000   39.75790000   62.74580000
        N  49.90617700   40.14312000   61.48174600
        H  49.59566000   40.80562200   62.17800000
        H  50.10234600   39.18808200   61.74541300
        N  49.34670100   40.63030400   63.66264900
        H  49.54287000   39.67526600   63.92631600
        H  49.46104900   40.92284000   62.70272800
        N  50.01392100   38.50027600   63.09300500
        H  50.12827000   38.79281100   62.13308400
        H  49.70340400   39.16277800   63.78925900
        C  54.95800000   29.39440000   66.15720000
        N  55.10857700   29.77962000   64.89314600
        H  54.79806000   30.44212200   65.58940000
        H  55.30474600   28.82458200   65.15681300
        N  54.54910100   30.26680400   67.07404900
        H  54.74527000   29.31176600   67.33771600
        H  54.66344900   30.55934000   66.11412800
        N  55.21632100   28.13677600   66.50440500
        H  55.33067000   28.42931100   65.54448400
        H  54.90580400   28.79927800   67.20065900
        C  69.45420000   25.80430000   53.35910000
        O  70.63802500   25.86607600   52.96256300
        O  68.74291600   24.77691700   53.39165900
        H  68.99622100   26.74015000   53.71186100
        C  65.78910000   29.53300000   44.76770000
        O  66.97292500   29.59477600   44.37116300
        O  65.07781600   28.50561700   44.80025900
        H  65.33112100   30.46885000   45.12046100
        C  47.65890000   31.15830000   61.15630000
        N  47.80947700   31.54352000   59.89224600
        H  47.49896000   32.20602200   60.58850000
        H  48.00564600   30.58848200   60.15591300
        N  47.25000100   32.03070400   62.07314900
        H  47.44617000   31.07566600   62.33681600
        H  47.36434900   32.32324000   61.11322800
        N  47.91722100   29.90067600   61.50350500
        H  48.03157000   30.19321100   60.54358400
        H  47.60670400   30.56317800   62.19975900
        C  51.95630000   33.68720000   65.49240000
        N  52.10687700   34.07242000   64.22834600
        H  51.79636000   34.73492200   64.92460000
        H  52.30304600   33.11738200   64.49201300
        N  51.54740100   34.55960400   66.40924900
        H  51.74357000   33.60456600   66.67291600
        H  51.66174900   34.85214000   65.44932800
        N  52.21462100   32.42957600   65.83960500
        H  52.32897000   32.72211100   64.87968400
        H  51.90410400   33.09207800   66.53585900
        C  71.00800000   32.33200000   50.39870000
        O  72.19182500   32.39377600   50.00216300
        O  70.29671600   31.30461700   50.43125900
        H  70.55002100   33.26785000   50.75146100

Note: printed only print_atoms_list (this is not necessarily all atoms) 
  ------------RUNNING QM/MM MODULE------------- 
QM Module: ORCATheory
MM Module: OpenMMTheory
Charge provided from QMMMTheory object:  -2
Mult provided from QMMMTheory object:  1
QM-region Charge: -2 Mult: 1
Embedding: Electrostatic
First QMMMTheory run. Running runprep
Inside QMMMTheory runprep

-------------------------------------------------------------
Time to calculate step (runprep): 0.000 seconds, 0.0 minutes.
-------------------------------------------------------------
Number of pointcharges (to QM program): 76
Number of charge coordinates: 76
Running QM/MM object with 8 cores available

-------------------------------------------------------------------
Time to calculate step (before-QMstep): 0.000 seconds, 0.0 minutes.
-------------------------------------------------------------------
  ------------RUNNING ORCA INTERFACE------------- 
Object-label: ORCA
Run-label: None
Running ORCA with 8 cores available
Moreadfile option not active
No orca.gbw file is present in dir.
Checking if a file orca.gbw exists in parentdir:
Found no file. ORCA will guess new orbitals
Creating inputfile: orca.inp
ORCA input:
! B3LYP D3BJ def2-SVP def2/J RIJCOSX CPCM TightSCF

! Noautostart


%cpcm epsilon 4.0 end
%scf MaxIter 300 Guess PModel end
Charge: -2  Mult: 1
Pointcharge embedding is on!
 ORCA Calculation starting. 
Found warning messages in ORCA outputfile:
WARNING: The chosen methods will break translational/rotational symmetry
 WARNING: The chosen methods will break translational symmetry
 WARNING: The chosen methods will break translational symmetry
 Warning: op=0 Small HOMO/LUMO gap (   0.072) - skipping pre-diagonalization

 ORCA Calculation done. 
ORCA converged in 14 iterations
ORCA energy: -836.557834285978
  ------------ENDING ORCA-INTERFACE------------- 

----------------------------------------------------------------
Time to calculate step (ORCA run): 145.297 seconds, 2.4 minutes.
----------------------------------------------------------------

---------------------------------------------------------------
Time to calculate step (QM step): 145.297 seconds, 2.4 minutes.
---------------------------------------------------------------

----------------------------------------------------------------------
Time to calculate step (QMpcgrad prepare): 0.000 seconds, 0.0 minutes.
----------------------------------------------------------------------

--------------------------------------------------------------------------
Time to calculate step (linkatomgrad prepare): 0.000 seconds, 0.0 minutes.
--------------------------------------------------------------------------

----------------------------------------------------------------------------
Time to calculate step (QM/MM gradient prepare): 0.000 seconds, 0.0 minutes.
----------------------------------------------------------------------------
Using OpenMM theory as part of QM/MM.
Using MM on full system. Charges for QM region [0, 1, 2, 3, 4, 5, 6, 7, 8, 9, 10, 11, 12, 13, 14, 15, 16, 17, 18, 19, 20, 21, 22, 23] have been set to zero 

--------------------------------------------------------------------------------
                   Creating/updating OpenMM simulation object                   
--------------------------------------------------------------------------------

Integrator name: VerletIntegrator
Timestep: 0.001
Temperature: 300
Coupling frequency: 1
Properties: {'Threads': '1'}
Topology: <Topology; 1 chains, 1 residues, 100 atoms, 0 bonds>

----------------------------------------------------------------------------------
Time to calculate step (creating/updating simulation): 0.002 seconds, 0.0 minutes.
----------------------------------------------------------------------------------

--------------------------------------------------------------------------------
                     Running Single-point OpenMM Interface                      
--------------------------------------------------------------------------------

Number of OpenMM system constraints defined: 0

-----------------------------------------------------------------------------------
Time to calculate step (OpenMMTheory.run: const-check): 0.002 seconds, 0.0 minutes.
-----------------------------------------------------------------------------------
Updating coordinates.

------------------------------------------------------------------------
Time to calculate step (Creating pos array): 0.000 seconds, 0.0 minutes.
------------------------------------------------------------------------

---------------------------------------------------------------------------
Time to calculate step (Updating MM positions): 0.000 seconds, 0.0 minutes.
---------------------------------------------------------------------------
Calling OpenMM getState.

---------------------------------------------------------------------
Time to calculate step (OpenMM getState): 0.000 seconds, 0.0 minutes.
---------------------------------------------------------------------
OpenMM Energy: -3.0621676602979044 Eh
OpenMM Energy: -1921.5392180065714 kcal/mol

-----------------------
Ending OpenMM interface
-----------------------

----------------------------------------------------------------
Time to calculate step (OpenMM run): 0.003 seconds, 0.0 minutes.
----------------------------------------------------------------

-------------------------------------------------------------
Time to calculate step (MM step): 0.003 seconds, 0.0 minutes.
-------------------------------------------------------------

Note: You are using electrostatic embedding. This means that the QM-energy is actually the polarized QM-energy
Note: MM energy also contains the QM-MM Lennard-Jones interaction

QM energy:              -836.557834285978 
MM energy:                -3.062167660298
QM/MM energy:           -839.620001946276 

  ------------ENDING QM/MM MODULE------------- 

-----------------------------------------------------------------
Time to calculate step (QM/MM run): 145.300 seconds, 2.4 minutes.
-----------------------------------------------------------------

Convergence criteria: {'convergence_energy': 1e-05, 'convergence_grms': 0.003, 'convergence_gmax': 0.006, 'convergence_drms': 0.01, 'convergence_dmax': 0.015, 'convergence_cmax': 0.01}

Replacing coordinates in fragment.
Creating/Updating fragment attributes...
Number of Atoms in fragment: 100
Formula: N18H48O14C20
Label: CHHCCOOOCHCHCCHCHCHOHCOOCNHHNHHNHHCNHHNHHNHHCOOHCNHHNHHNHHCNHHNHHNHHCOOHCOOHCNHHNHHNHHCNHHNHHNHHCOOH
Charge: -2 Mult: 1

--------------------------------------------------------------------------------
Wrote XYZ file:  Fragment-currentgeo.xyz
Current geometry (Å) in step 0 (print_atoms_list region)
---------------------------------------------------
        C  60.09766003   34.38869921   57.22602370
        H  60.60663776   33.43171749   57.36405094
        H  60.71809290   35.27048868   57.05512092
        C  58.76104345   34.51120244   57.16315617
        C  58.05367265   35.84725587   56.89931339
        O  58.78997955   36.82900005   56.64488055
        O  56.79760624   35.88206247   57.08176060
        O  57.91800346   33.42841486   57.36248933
        C  57.67860994   32.53916177   56.20529202
        H  57.00693310   31.76968466   56.63058273
        C  58.97838747   31.95375277   55.79169156
        H  59.46655640   31.23757699   56.45717243
        C  59.68604303   32.47999770   54.77353088
        C  59.06760078   33.47821268   53.89309772
        H  59.70541508   33.89422341   53.10893658
        C  57.78576641   33.86487661   54.03604457
        H  57.33697397   34.60032553   53.35986583
        C  56.89339389   33.27258275   55.08952308
        H  56.34719481   34.09095208   55.59384529
        O  55.96498863   32.39241347   54.43767094
        H  55.31976805   32.10663336   55.09921098
        C  61.13531199   32.05653534   54.53220653
        O  61.73059261   31.70351461   55.58530995
        O  61.51635886   32.12255237   53.34811668
        C  54.89040000   41.21830000   65.11750000
        N  55.04097700   41.60352000   63.85344600
        H  54.73046000   42.26602200   64.54970000
        H  55.23714600   40.64848200   64.11711300
        N  54.48150100   42.09070400   66.03434900
        H  54.67767000   41.13566600   66.29801600
        H  54.59584900   42.38324000   65.07442800
        N  55.14872100   39.96067600   65.46470500
        H  55.26307000   40.25321100   64.50478400
        H  54.83820400   40.62317800   66.16095900
        C  59.50090000   39.33550000   66.26000000
        N  59.65147700   39.72072000   64.99594600
        H  59.34096000   40.38322200   65.69220000
        H  59.84764600   38.76568200   65.25961300
        N  59.09200100   40.20790400   67.17684900
        H  59.28817000   39.25286600   67.44051600
        H  59.20634900   40.50044000   66.21692800
        N  59.75922100   38.07787600   66.60720500
        H  59.87357000   38.37041100   65.64728400
        H  59.44870400   38.74037800   67.30345900
        C  69.74840000   37.57020000   52.11000000
        O  70.93222500   37.63197600   51.71346300
        O  69.03711600   36.54281700   52.14255900
        H  69.29042100   38.50605000   52.46276100
        C  49.75560000   39.75790000   62.74580000
        N  49.90617700   40.14312000   61.48174600
        H  49.59566000   40.80562200   62.17800000
        H  50.10234600   39.18808200   61.74541300
        N  49.34670100   40.63030400   63.66264900
        H  49.54287000   39.67526600   63.92631600
        H  49.46104900   40.92284000   62.70272800
        N  50.01392100   38.50027600   63.09300500
        H  50.12827000   38.79281100   62.13308400
        H  49.70340400   39.16277800   63.78925900
        C  54.95800000   29.39440000   66.15720000
        N  55.10857700   29.77962000   64.89314600
        H  54.79806000   30.44212200   65.58940000
        H  55.30474600   28.82458200   65.15681300
        N  54.54910100   30.26680400   67.07404900
        H  54.74527000   29.31176600   67.33771600
        H  54.66344900   30.55934000   66.11412800
        N  55.21632100   28.13677600   66.50440500
        H  55.33067000   28.42931100   65.54448400
        H  54.90580400   28.79927800   67.20065900
        C  69.45420000   25.80430000   53.35910000
        O  70.63802500   25.86607600   52.96256300
        O  68.74291600   24.77691700   53.39165900
        H  68.99622100   26.74015000   53.71186100
        C  65.78910000   29.53300000   44.76770000
        O  66.97292500   29.59477600   44.37116300
        O  65.07781600   28.50561700   44.80025900
        H  65.33112100   30.46885000   45.12046100
        C  47.65890000   31.15830000   61.15630000
        N  47.80947700   31.54352000   59.89224600
        H  47.49896000   32.20602200   60.58850000
        H  48.00564600   30.58848200   60.15591300
        N  47.25000100   32.03070400   62.07314900
        H  47.44617000   31.07566600   62.33681600
        H  47.36434900   32.32324000   61.11322800
        N  47.91722100   29.90067600   61.50350500
        H  48.03157000   30.19321100   60.54358400
        H  47.60670400   30.56317800   62.19975900
        C  51.95630000   33.68720000   65.49240000
        N  52.10687700   34.07242000   64.22834600
        H  51.79636000   34.73492200   64.92460000
        H  52.30304600   33.11738200   64.49201300
        N  51.54740100   34.55960400   66.40924900
        H  51.74357000   33.60456600   66.67291600
        H  51.66174900   34.85214000   65.44932800
        N  52.21462100   32.42957600   65.83960500
        H  52.32897000   32.72211100   64.87968400
        H  51.90410400   33.09207800   66.53585900
        C  71.00800000   32.33200000   50.39870000
        O  72.19182500   32.39377600   50.00216300
        O  70.29671600   31.30461700   50.43125900
        H  70.55002100   33.26785000   50.75146100

Note: printed only print_atoms_list (this is not necessarily all atoms) 
  ------------RUNNING QM/MM MODULE------------- 
QM Module: ORCATheory
MM Module: OpenMMTheory
Charge provided from QMMMTheory object:  -2
Mult provided from QMMMTheory object:  1
QM-region Charge: -2 Mult: 1
Embedding: Electrostatic
Number of pointcharges (to QM program): 76
Number of charge coordinates: 76
Running QM/MM object with 8 cores available

-------------------------------------------------------------------
Time to calculate step (before-QMstep): 0.000 seconds, 0.0 minutes.
-------------------------------------------------------------------
  ------------RUNNING ORCA INTERFACE------------- 
Object-label: ORCA
Run-label: None
Running ORCA with 8 cores available
Moreadfile option not active
A GBW-file with same basename : orca.gbw is present
Autostart is False. ORCA will ignore any file present
Creating inputfile: orca.inp
ORCA input:
! B3LYP D3BJ def2-SVP def2/J RIJCOSX CPCM TightSCF

! Noautostart

%cpcm epsilon 4.0 end
%scf MaxIter 300 Guess PModel end
Charge: -2  Mult: 1
Pointcharge embedding is on!
 ORCA Calculation starting. 
Found warning messages in ORCA outputfile:
WARNING: The chosen methods will break translational/rotational symmetry
 WARNING: The chosen methods will break translational symmetry
 WARNING: The chosen methods will break translational symmetry
 Warning: op=0 Small HOMO/LUMO gap (   0.083) - skipping pre-diagonalization

 ORCA Calculation done. 
ORCA converged in 14 iterations
ORCA energy: -836.563224560275
  ------------ENDING ORCA-INTERFACE------------- 

----------------------------------------------------------------
Time to calculate step (ORCA run): 137.254 seconds, 2.3 minutes.
----------------------------------------------------------------

---------------------------------------------------------------
Time to calculate step (QM step): 137.254 seconds, 2.3 minutes.
---------------------------------------------------------------

----------------------------------------------------------------------
Time to calculate step (QMpcgrad prepare): 0.000 seconds, 0.0 minutes.
----------------------------------------------------------------------

--------------------------------------------------------------------------
Time to calculate step (linkatomgrad prepare): 0.000 seconds, 0.0 minutes.
--------------------------------------------------------------------------

----------------------------------------------------------------------------
Time to calculate step (QM/MM gradient prepare): 0.000 seconds, 0.0 minutes.
----------------------------------------------------------------------------
Using OpenMM theory as part of QM/MM.
Using MM on full system. Charges for QM region [0, 1, 2, 3, 4, 5, 6, 7, 8, 9, 10, 11, 12, 13, 14, 15, 16, 17, 18, 19, 20, 21, 22, 23] have been set to zero 

--------------------------------------------------------------------------------
                   Creating/updating OpenMM simulation object                   
--------------------------------------------------------------------------------

Integrator name: VerletIntegrator
Timestep: 0.001
Temperature: 300
Coupling frequency: 1
Properties: {'Threads': '1'}
Topology: <Topology; 1 chains, 1 residues, 100 atoms, 0 bonds>

----------------------------------------------------------------------------------
Time to calculate step (creating/updating simulation): 0.001 seconds, 0.0 minutes.
----------------------------------------------------------------------------------

--------------------------------------------------------------------------------
                     Running Single-point OpenMM Interface                      
--------------------------------------------------------------------------------

Number of OpenMM system constraints defined: 0

-----------------------------------------------------------------------------------
Time to calculate step (OpenMMTheory.run: const-check): 0.001 seconds, 0.0 minutes.
-----------------------------------------------------------------------------------
Updating coordinates.

------------------------------------------------------------------------
Time to calculate step (Creating pos array): 0.000 seconds, 0.0 minutes.
------------------------------------------------------------------------

---------------------------------------------------------------------------
Time to calculate step (Updating MM positions): 0.000 seconds, 0.0 minutes.
---------------------------------------------------------------------------
Calling OpenMM getState.

---------------------------------------------------------------------
Time to calculate step (OpenMM getState): 0.000 seconds, 0.0 minutes.
---------------------------------------------------------------------
OpenMM Energy: -3.0621694947268283 Eh
OpenMM Energy: -1921.5403691281008 kcal/mol

-----------------------
Ending OpenMM interface
-----------------------

----------------------------------------------------------------
Time to calculate step (OpenMM run): 0.002 seconds, 0.0 minutes.
----------------------------------------------------------------

-------------------------------------------------------------
Time to calculate step (MM step): 0.002 seconds, 0.0 minutes.
-------------------------------------------------------------

Note: You are using electrostatic embedding. This means that the QM-energy is actually the polarized QM-energy
Note: MM energy also contains the QM-MM Lennard-Jones interaction

QM energy:              -836.563224560275 
MM energy:                -3.062169494727
QM/MM energy:           -839.625394055002 

  ------------ENDING QM/MM MODULE------------- 

-----------------------------------------------------------------
Time to calculate step (QM/MM run): 137.256 seconds, 2.3 minutes.
-----------------------------------------------------------------
geometric called save_guess_files option option for ASHengineclass.
This option is currently unsupported in ASH. Continuing.

Convergence criteria: {'convergence_energy': 1e-05, 'convergence_grms': 0.003, 'convergence_gmax': 0.006, 'convergence_drms': 0.01, 'convergence_dmax': 0.015, 'convergence_cmax': 0.01}

Replacing coordinates in fragment.
Creating/Updating fragment attributes...
Number of Atoms in fragment: 100
Formula: N18H48O14C20
Label: CHHCCOOOCHCHCCHCHCHOHCOOCNHHNHHNHHCNHHNHHNHHCOOHCNHHNHHNHHCNHHNHHNHHCOOHCOOHCNHHNHHNHHCNHHNHHNHHCOOH
Charge: -2 Mult: 1

--------------------------------------------------------------------------------
Wrote XYZ file:  Fragment-currentgeo.xyz
Current geometry (Å) in step 0 (print_atoms_list region)
---------------------------------------------------
        C  60.06826050   34.39716239   57.23700402
        H  60.59079774   33.43710744   57.32866912
        H  60.69359572   35.27552068   57.05238759
        C  58.72617661   34.51788022   57.18791937
        C  58.01705825   35.88023101   56.99129786
        O  58.73386851   36.86158063   56.72372470
        O  56.75079590   35.91091317   57.17611429
        O  57.88843197   33.42674857   57.38502052
        C  57.67004871   32.53931586   56.21295356
        H  56.98299126   31.77786752   56.63898297
        C  58.95575491   31.94470480   55.79358517
        H  59.46262002   31.23286525   56.45321393
        C  59.66978887   32.47790633   54.78206972
        C  59.06454810   33.47279060   53.89237644
        H  59.70611248   33.87870273   53.10598631
        C  57.78656497   33.86849378   54.04164613
        H  57.33949840   34.60142164   53.36289008
        C  56.89429519   33.27792002   55.09533423
        H  56.34215439   34.09211745   55.60479837
        O  55.96711160   32.38982724   54.44251177
        H  55.33267866   32.10138653   55.11042063
        C  61.13475987   32.04976093   54.55735104
        O  61.71920799   31.69042158   55.61209355
        O  61.48910731   32.13829293   53.37691720
        C  54.89040000   41.21830000   65.11750000
        N  55.04097700   41.60352000   63.85344600
        H  54.73046000   42.26602200   64.54970000
        H  55.23714600   40.64848200   64.11711300
        N  54.48150100   42.09070400   66.03434900
        H  54.67767000   41.13566600   66.29801600
        H  54.59584900   42.38324000   65.07442800
        N  55.14872100   39.96067600   65.46470500
        H  55.26307000   40.25321100   64.50478400
        H  54.83820400   40.62317800   66.16095900
        C  59.50090000   39.33550000   66.26000000
        N  59.65147700   39.72072000   64.99594600
        H  59.34096000   40.38322200   65.69220000
        H  59.84764600   38.76568200   65.25961300
        N  59.09200100   40.20790400   67.17684900
        H  59.28817000   39.25286600   67.44051600
        H  59.20634900   40.50044000   66.21692800
        N  59.75922100   38.07787600   66.60720500
        H  59.87357000   38.37041100   65.64728400
        H  59.44870400   38.74037800   67.30345900
        C  69.74840000   37.57020000   52.11000000
        O  70.93222500   37.63197600   51.71346300
        O  69.03711600   36.54281700   52.14255900
        H  69.29042100   38.50605000   52.46276100
        C  49.75560000   39.75790000   62.74580000
        N  49.90617700   40.14312000   61.48174600
        H  49.59566000   40.80562200   62.17800000
        H  50.10234600   39.18808200   61.74541300
        N  49.34670100   40.63030400   63.66264900
        H  49.54287000   39.67526600   63.92631600
        H  49.46104900   40.92284000   62.70272800
        N  50.01392100   38.50027600   63.09300500
        H  50.12827000   38.79281100   62.13308400
        H  49.70340400   39.16277800   63.78925900
        C  54.95800000   29.39440000   66.15720000
        N  55.10857700   29.77962000   64.89314600
        H  54.79806000   30.44212200   65.58940000
        H  55.30474600   28.82458200   65.15681300
        N  54.54910100   30.26680400   67.07404900
        H  54.74527000   29.31176600   67.33771600
        H  54.66344900   30.55934000   66.11412800
        N  55.21632100   28.13677600   66.50440500
        H  55.33067000   28.42931100   65.54448400
        H  54.90580400   28.79927800   67.20065900
        C  69.45420000   25.80430000   53.35910000
        O  70.63802500   25.86607600   52.96256300
        O  68.74291600   24.77691700   53.39165900
        H  68.99622100   26.74015000   53.71186100
        C  65.78910000   29.53300000   44.76770000
        O  66.97292500   29.59477600   44.37116300
        O  65.07781600   28.50561700   44.80025900
        H  65.33112100   30.46885000   45.12046100
        C  47.65890000   31.15830000   61.15630000
        N  47.80947700   31.54352000   59.89224600
        H  47.49896000   32.20602200   60.58850000
        H  48.00564600   30.58848200   60.15591300
        N  47.25000100   32.03070400   62.07314900
        H  47.44617000   31.07566600   62.33681600
        H  47.36434900   32.32324000   61.11322800
        N  47.91722100   29.90067600   61.50350500
        H  48.03157000   30.19321100   60.54358400
        H  47.60670400   30.56317800   62.19975900
        C  51.95630000   33.68720000   65.49240000
        N  52.10687700   34.07242000   64.22834600
        H  51.79636000   34.73492200   64.92460000
        H  52.30304600   33.11738200   64.49201300
        N  51.54740100   34.55960400   66.40924900
        H  51.74357000   33.60456600   66.67291600
        H  51.66174900   34.85214000   65.44932800
        N  52.21462100   32.42957600   65.83960500
        H  52.32897000   32.72211100   64.87968400
        H  51.90410400   33.09207800   66.53585900
        C  71.00800000   32.33200000   50.39870000
        O  72.19182500   32.39377600   50.00216300
        O  70.29671600   31.30461700   50.43125900
        H  70.55002100   33.26785000   50.75146100

Note: printed only print_atoms_list (this is not necessarily all atoms) 
  ------------RUNNING QM/MM MODULE------------- 
QM Module: ORCATheory
MM Module: OpenMMTheory
Charge provided from QMMMTheory object:  -2
Mult provided from QMMMTheory object:  1
QM-region Charge: -2 Mult: 1
Embedding: Electrostatic
Number of pointcharges (to QM program): 76
Number of charge coordinates: 76
Running QM/MM object with 8 cores available

-------------------------------------------------------------------
Time to calculate step (before-QMstep): 0.000 seconds, 0.0 minutes.
-------------------------------------------------------------------
  ------------RUNNING ORCA INTERFACE------------- 
Object-label: ORCA
Run-label: None
Running ORCA with 8 cores available
Moreadfile option not active
A GBW-file with same basename : orca.gbw is present
Autostart is False. ORCA will ignore any file present
Creating inputfile: orca.inp
ORCA input:
! B3LYP D3BJ def2-SVP def2/J RIJCOSX CPCM TightSCF

! Noautostart

%cpcm epsilon 4.0 end
%scf MaxIter 300 Guess PModel end
Charge: -2  Mult: 1
Pointcharge embedding is on!
 ORCA Calculation starting. 
Found warning messages in ORCA outputfile:
WARNING: The chosen methods will break translational/rotational symmetry
 WARNING: The chosen methods will break translational symmetry
 WARNING: The chosen methods will break translational symmetry
 Warning: op=0 Small HOMO/LUMO gap (   0.087) - skipping pre-diagonalization

 ORCA Calculation done. 
ORCA converged in 14 iterations
ORCA energy: -836.567521581871
  ------------ENDING ORCA-INTERFACE------------- 

----------------------------------------------------------------
Time to calculate step (ORCA run): 141.864 seconds, 2.4 minutes.
----------------------------------------------------------------

---------------------------------------------------------------
Time to calculate step (QM step): 141.864 seconds, 2.4 minutes.
---------------------------------------------------------------

----------------------------------------------------------------------
Time to calculate step (QMpcgrad prepare): 0.000 seconds, 0.0 minutes.
----------------------------------------------------------------------

--------------------------------------------------------------------------
Time to calculate step (linkatomgrad prepare): 0.000 seconds, 0.0 minutes.
--------------------------------------------------------------------------

----------------------------------------------------------------------------
Time to calculate step (QM/MM gradient prepare): 0.000 seconds, 0.0 minutes.
----------------------------------------------------------------------------
Using OpenMM theory as part of QM/MM.
Using MM on full system. Charges for QM region [0, 1, 2, 3, 4, 5, 6, 7, 8, 9, 10, 11, 12, 13, 14, 15, 16, 17, 18, 19, 20, 21, 22, 23] have been set to zero 

--------------------------------------------------------------------------------
                   Creating/updating OpenMM simulation object                   
--------------------------------------------------------------------------------

Integrator name: VerletIntegrator
Timestep: 0.001
Temperature: 300
Coupling frequency: 1
Properties: {'Threads': '1'}
Topology: <Topology; 1 chains, 1 residues, 100 atoms, 0 bonds>

----------------------------------------------------------------------------------
Time to calculate step (creating/updating simulation): 0.001 seconds, 0.0 minutes.
----------------------------------------------------------------------------------

--------------------------------------------------------------------------------
                     Running Single-point OpenMM Interface                      
--------------------------------------------------------------------------------

Number of OpenMM system constraints defined: 0

-----------------------------------------------------------------------------------
Time to calculate step (OpenMMTheory.run: const-check): 0.001 seconds, 0.0 minutes.
-----------------------------------------------------------------------------------
Updating coordinates.

------------------------------------------------------------------------
Time to calculate step (Creating pos array): 0.000 seconds, 0.0 minutes.
------------------------------------------------------------------------

---------------------------------------------------------------------------
Time to calculate step (Updating MM positions): 0.000 seconds, 0.0 minutes.
---------------------------------------------------------------------------
Calling OpenMM getState.

---------------------------------------------------------------------
Time to calculate step (OpenMM getState): 0.000 seconds, 0.0 minutes.
---------------------------------------------------------------------
OpenMM Energy: -3.0621728149182466 Eh
OpenMM Energy: -1921.5424525796714 kcal/mol

-----------------------
Ending OpenMM interface
-----------------------

----------------------------------------------------------------
Time to calculate step (OpenMM run): 0.002 seconds, 0.0 minutes.
----------------------------------------------------------------

-------------------------------------------------------------
Time to calculate step (MM step): 0.002 seconds, 0.0 minutes.
-------------------------------------------------------------

Note: You are using electrostatic embedding. This means that the QM-energy is actually the polarized QM-energy
Note: MM energy also contains the QM-MM Lennard-Jones interaction

QM energy:              -836.567521581871 
MM energy:                -3.062172814918
QM/MM energy:           -839.629694396789 

  ------------ENDING QM/MM MODULE------------- 

-----------------------------------------------------------------
Time to calculate step (QM/MM run): 141.867 seconds, 2.4 minutes.
-----------------------------------------------------------------
geometric called save_guess_files option option for ASHengineclass.
This option is currently unsupported in ASH. Continuing.

Convergence criteria: {'convergence_energy': 1e-05, 'convergence_grms': 0.003, 'convergence_gmax': 0.006, 'convergence_drms': 0.01, 'convergence_dmax': 0.015, 'convergence_cmax': 0.01}

Replacing coordinates in fragment.
Creating/Updating fragment attributes...
Number of Atoms in fragment: 100
Formula: N18H48O14C20
Label: CHHCCOOOCHCHCCHCHCHOHCOOCNHHNHHNHHCNHHNHHNHHCOOHCNHHNHHNHHCNHHNHHNHHCOOHCOOHCNHHNHHNHHCNHHNHHNHHCOOH
Charge: -2 Mult: 1

--------------------------------------------------------------------------------
Wrote XYZ file:  Fragment-currentgeo.xyz
Current geometry (Å) in step 1 (print_atoms_list region)
---------------------------------------------------
        C  59.99881681   34.41918935   57.24728877
        H  60.53173027   33.45397569   57.25425956
        H  60.62236572   35.29848455   57.05287278
        C  58.65093968   34.54180773   57.24804261
        C  57.92399480   35.92899950   57.16419536
        O  58.62054944   36.92353683   56.93143812
        O  56.65640862   35.94700060   57.41689268
        O  57.82531979   33.43431619   57.42766160
        C  57.64009339   32.54194570   56.23579756
        H  56.92703232   31.79809029   56.65758282
        C  58.90884918   31.93642214   55.81273481
        H  59.44298838   31.23112078   56.46100032
        C  59.63172637   32.47665565   54.81021159
        C  59.05169754   33.46361184   53.90128490
        H  59.70276156   33.84117625   53.10696109
        C  57.78154525   33.87995238   54.05732347
        H  57.33794489   34.60683166   53.37091935
        C  56.88856014   33.29350578   55.11236736
        H  56.32419409   34.09887181   55.62618969
        O  55.96887397   32.39435210   54.45450323
        H  55.35692666   32.08748643   55.13456433
        C  61.11971271   32.04095765   54.61310928
        O  61.70012085   31.66169113   55.65725148
        O  61.46772585   32.15545985   53.44191010
        C  54.89040000   41.21830000   65.11750000
        N  55.04097700   41.60352000   63.85344600
        H  54.73046000   42.26602200   64.54970000
        H  55.23714600   40.64848200   64.11711300
        N  54.48150100   42.09070400   66.03434900
        H  54.67767000   41.13566600   66.29801600
        H  54.59584900   42.38324000   65.07442800
        N  55.14872100   39.96067600   65.46470500
        H  55.26307000   40.25321100   64.50478400
        H  54.83820400   40.62317800   66.16095900
        C  59.50090000   39.33550000   66.26000000
        N  59.65147700   39.72072000   64.99594600
        H  59.34096000   40.38322200   65.69220000
        H  59.84764600   38.76568200   65.25961300
        N  59.09200100   40.20790400   67.17684900
        H  59.28817000   39.25286600   67.44051600
        H  59.20634900   40.50044000   66.21692800
        N  59.75922100   38.07787600   66.60720500
        H  59.87357000   38.37041100   65.64728400
        H  59.44870400   38.74037800   67.30345900
        C  69.74840000   37.57020000   52.11000000
        O  70.93222500   37.63197600   51.71346300
        O  69.03711600   36.54281700   52.14255900
        H  69.29042100   38.50605000   52.46276100
        C  49.75560000   39.75790000   62.74580000
        N  49.90617700   40.14312000   61.48174600
        H  49.59566000   40.80562200   62.17800000
        H  50.10234600   39.18808200   61.74541300
        N  49.34670100   40.63030400   63.66264900
        H  49.54287000   39.67526600   63.92631600
        H  49.46104900   40.92284000   62.70272800
        N  50.01392100   38.50027600   63.09300500
        H  50.12827000   38.79281100   62.13308400
        H  49.70340400   39.16277800   63.78925900
        C  54.95800000   29.39440000   66.15720000
        N  55.10857700   29.77962000   64.89314600
        H  54.79806000   30.44212200   65.58940000
        H  55.30474600   28.82458200   65.15681300
        N  54.54910100   30.26680400   67.07404900
        H  54.74527000   29.31176600   67.33771600
        H  54.66344900   30.55934000   66.11412800
        N  55.21632100   28.13677600   66.50440500
        H  55.33067000   28.42931100   65.54448400
        H  54.90580400   28.79927800   67.20065900
        C  69.45420000   25.80430000   53.35910000
        O  70.63802500   25.86607600   52.96256300
        O  68.74291600   24.77691700   53.39165900
        H  68.99622100   26.74015000   53.71186100
        C  65.78910000   29.53300000   44.76770000
        O  66.97292500   29.59477600   44.37116300
        O  65.07781600   28.50561700   44.80025900
        H  65.33112100   30.46885000   45.12046100
        C  47.65890000   31.15830000   61.15630000
        N  47.80947700   31.54352000   59.89224600
        H  47.49896000   32.20602200   60.58850000
        H  48.00564600   30.58848200   60.15591300
        N  47.25000100   32.03070400   62.07314900
        H  47.44617000   31.07566600   62.33681600
        H  47.36434900   32.32324000   61.11322800
        N  47.91722100   29.90067600   61.50350500
        H  48.03157000   30.19321100   60.54358400
        H  47.60670400   30.56317800   62.19975900
        C  51.95630000   33.68720000   65.49240000
        N  52.10687700   34.07242000   64.22834600
        H  51.79636000   34.73492200   64.92460000
        H  52.30304600   33.11738200   64.49201300
        N  51.54740100   34.55960400   66.40924900
        H  51.74357000   33.60456600   66.67291600
        H  51.66174900   34.85214000   65.44932800
        N  52.21462100   32.42957600   65.83960500
        H  52.32897000   32.72211100   64.87968400
        H  51.90410400   33.09207800   66.53585900
        C  71.00800000   32.33200000   50.39870000
        O  72.19182500   32.39377600   50.00216300
        O  70.29671600   31.30461700   50.43125900
        H  70.55002100   33.26785000   50.75146100

Note: printed only print_atoms_list (this is not necessarily all atoms) 
  ------------RUNNING QM/MM MODULE------------- 
QM Module: ORCATheory
MM Module: OpenMMTheory
Charge provided from QMMMTheory object:  -2
Mult provided from QMMMTheory object:  1
QM-region Charge: -2 Mult: 1
Embedding: Electrostatic
Number of pointcharges (to QM program): 76
Number of charge coordinates: 76
Running QM/MM object with 8 cores available

-------------------------------------------------------------------
Time to calculate step (before-QMstep): 0.000 seconds, 0.0 minutes.
-------------------------------------------------------------------
  ------------RUNNING ORCA INTERFACE------------- 
Object-label: ORCA
Run-label: None
Running ORCA with 8 cores available
Moreadfile option not active
A GBW-file with same basename : orca.gbw is present
Autostart is False. ORCA will ignore any file present
Creating inputfile: orca.inp
ORCA input:
! B3LYP D3BJ def2-SVP def2/J RIJCOSX CPCM TightSCF

! Noautostart

%cpcm epsilon 4.0 end
%scf MaxIter 300 Guess PModel end
Charge: -2  Mult: 1
Pointcharge embedding is on!
 ORCA Calculation starting. 
Found warning messages in ORCA outputfile:
WARNING: The chosen methods will break translational/rotational symmetry
 WARNING: The chosen methods will break translational symmetry
 WARNING: The chosen methods will break translational symmetry
 Warning: op=0 Small HOMO/LUMO gap (   0.089) - skipping pre-diagonalization

 ORCA Calculation done. 
ORCA converged in 14 iterations
ORCA energy: -836.574132071443
  ------------ENDING ORCA-INTERFACE------------- 

----------------------------------------------------------------
Time to calculate step (ORCA run): 131.779 seconds, 2.2 minutes.
----------------------------------------------------------------

---------------------------------------------------------------
Time to calculate step (QM step): 131.779 seconds, 2.2 minutes.
---------------------------------------------------------------

----------------------------------------------------------------------
Time to calculate step (QMpcgrad prepare): 0.000 seconds, 0.0 minutes.
----------------------------------------------------------------------

--------------------------------------------------------------------------
Time to calculate step (linkatomgrad prepare): 0.000 seconds, 0.0 minutes.
--------------------------------------------------------------------------

----------------------------------------------------------------------------
Time to calculate step (QM/MM gradient prepare): 0.000 seconds, 0.0 minutes.
----------------------------------------------------------------------------
Using OpenMM theory as part of QM/MM.
Using MM on full system. Charges for QM region [0, 1, 2, 3, 4, 5, 6, 7, 8, 9, 10, 11, 12, 13, 14, 15, 16, 17, 18, 19, 20, 21, 22, 23] have been set to zero 

--------------------------------------------------------------------------------
                   Creating/updating OpenMM simulation object                   
--------------------------------------------------------------------------------

Integrator name: VerletIntegrator
Timestep: 0.001
Temperature: 300
Coupling frequency: 1
Properties: {'Threads': '1'}
Topology: <Topology; 1 chains, 1 residues, 100 atoms, 0 bonds>

----------------------------------------------------------------------------------
Time to calculate step (creating/updating simulation): 0.002 seconds, 0.0 minutes.
----------------------------------------------------------------------------------

--------------------------------------------------------------------------------
                     Running Single-point OpenMM Interface                      
--------------------------------------------------------------------------------

Number of OpenMM system constraints defined: 0

-----------------------------------------------------------------------------------
Time to calculate step (OpenMMTheory.run: const-check): 0.002 seconds, 0.0 minutes.
-----------------------------------------------------------------------------------
Updating coordinates.

------------------------------------------------------------------------
Time to calculate step (Creating pos array): 0.000 seconds, 0.0 minutes.
------------------------------------------------------------------------

---------------------------------------------------------------------------
Time to calculate step (Updating MM positions): 0.000 seconds, 0.0 minutes.
---------------------------------------------------------------------------
Calling OpenMM getState.

---------------------------------------------------------------------
Time to calculate step (OpenMM getState): 0.000 seconds, 0.0 minutes.
---------------------------------------------------------------------
OpenMM Energy: -3.0621814054197607 Eh
OpenMM Energy: -1921.5478432007585 kcal/mol

-----------------------
Ending OpenMM interface
-----------------------

----------------------------------------------------------------
Time to calculate step (OpenMM run): 0.003 seconds, 0.0 minutes.
----------------------------------------------------------------

-------------------------------------------------------------
Time to calculate step (MM step): 0.003 seconds, 0.0 minutes.
-------------------------------------------------------------

Note: You are using electrostatic embedding. This means that the QM-energy is actually the polarized QM-energy
Note: MM energy also contains the QM-MM Lennard-Jones interaction

QM energy:              -836.574132071443 
MM energy:                -3.062181405420
QM/MM energy:           -839.636313476863 

  ------------ENDING QM/MM MODULE------------- 

-----------------------------------------------------------------
Time to calculate step (QM/MM run): 131.782 seconds, 2.2 minutes.
-----------------------------------------------------------------
geometric called save_guess_files option option for ASHengineclass.
This option is currently unsupported in ASH. Continuing.

Convergence criteria: {'convergence_energy': 1e-05, 'convergence_grms': 0.003, 'convergence_gmax': 0.006, 'convergence_drms': 0.01, 'convergence_dmax': 0.015, 'convergence_cmax': 0.01}

Replacing coordinates in fragment.
Creating/Updating fragment attributes...
Number of Atoms in fragment: 100
Formula: N18H48O14C20
Label: CHHCCOOOCHCHCCHCHCHOHCOOCNHHNHHNHHCNHHNHHNHHCOOHCNHHNHHNHHCNHHNHHNHHCOOHCOOHCNHHNHHNHHCNHHNHHNHHCOOH
Charge: -2 Mult: 1

--------------------------------------------------------------------------------
Wrote XYZ file:  Fragment-currentgeo.xyz
Current geometry (Å) in step 2 (print_atoms_list region)
---------------------------------------------------
        C  59.82267828   34.48191517   57.25033909
        H  60.36032562   33.51697566   57.09298301
        H  60.43193223   35.37402640   57.06895738
        C  58.46831175   34.60113794   57.39864180
        C  57.71639238   36.01501659   57.62157504
        O  58.35402910   37.05367339   57.43847622
        O  56.45758516   35.98331146   57.98758388
        O  57.67451390   33.45748477   57.52137496
        C  57.55840665   32.55601572   56.29477282
        H  56.79772032   31.84735248   56.69963705
        C  58.81256555   31.93510685   55.87852815
        H  59.37764482   31.23927659   56.51349473
        C  59.55661470   32.47236862   54.88600191
        C  59.01688896   33.44313037   53.93993616
        H  59.68568388   33.75090420   53.12584826
        C  57.76308270   33.90740705   54.10120253
        H  57.32685270   34.62042740   53.39547508
        C  56.86104753   33.33273311   55.15601960
        H  56.26995255   34.12189640   55.66735582
        O  55.96063836   32.41875009   54.48223684
        H  55.40520570   32.04896440   55.18323561
        C  61.07485654   32.01959898   54.72568362
        O  61.60328894   31.60940632   55.77984691
        O  61.46040573   32.18494027   53.57632374
        C  54.89040000   41.21830000   65.11750000
        N  55.04097700   41.60352000   63.85344600
        H  54.73046000   42.26602200   64.54970000
        H  55.23714600   40.64848200   64.11711300
        N  54.48150100   42.09070400   66.03434900
        H  54.67767000   41.13566600   66.29801600
        H  54.59584900   42.38324000   65.07442800
        N  55.14872100   39.96067600   65.46470500
        H  55.26307000   40.25321100   64.50478400
        H  54.83820400   40.62317800   66.16095900
        C  59.50090000   39.33550000   66.26000000
        N  59.65147700   39.72072000   64.99594600
        H  59.34096000   40.38322200   65.69220000
        H  59.84764600   38.76568200   65.25961300
        N  59.09200100   40.20790400   67.17684900
        H  59.28817000   39.25286600   67.44051600
        H  59.20634900   40.50044000   66.21692800
        N  59.75922100   38.07787600   66.60720500
        H  59.87357000   38.37041100   65.64728400
        H  59.44870400   38.74037800   67.30345900
        C  69.74840000   37.57020000   52.11000000
        O  70.93222500   37.63197600   51.71346300
        O  69.03711600   36.54281700   52.14255900
        H  69.29042100   38.50605000   52.46276100
        C  49.75560000   39.75790000   62.74580000
        N  49.90617700   40.14312000   61.48174600
        H  49.59566000   40.80562200   62.17800000
        H  50.10234600   39.18808200   61.74541300
        N  49.34670100   40.63030400   63.66264900
        H  49.54287000   39.67526600   63.92631600
        H  49.46104900   40.92284000   62.70272800
        N  50.01392100   38.50027600   63.09300500
        H  50.12827000   38.79281100   62.13308400
        H  49.70340400   39.16277800   63.78925900
        C  54.95800000   29.39440000   66.15720000
        N  55.10857700   29.77962000   64.89314600
        H  54.79806000   30.44212200   65.58940000
        H  55.30474600   28.82458200   65.15681300
        N  54.54910100   30.26680400   67.07404900
        H  54.74527000   29.31176600   67.33771600
        H  54.66344900   30.55934000   66.11412800
        N  55.21632100   28.13677600   66.50440500
        H  55.33067000   28.42931100   65.54448400
        H  54.90580400   28.79927800   67.20065900
        C  69.45420000   25.80430000   53.35910000
        O  70.63802500   25.86607600   52.96256300
        O  68.74291600   24.77691700   53.39165900
        H  68.99622100   26.74015000   53.71186100
        C  65.78910000   29.53300000   44.76770000
        O  66.97292500   29.59477600   44.37116300
        O  65.07781600   28.50561700   44.80025900
        H  65.33112100   30.46885000   45.12046100
        C  47.65890000   31.15830000   61.15630000
        N  47.80947700   31.54352000   59.89224600
        H  47.49896000   32.20602200   60.58850000
        H  48.00564600   30.58848200   60.15591300
        N  47.25000100   32.03070400   62.07314900
        H  47.44617000   31.07566600   62.33681600
        H  47.36434900   32.32324000   61.11322800
        N  47.91722100   29.90067600   61.50350500
        H  48.03157000   30.19321100   60.54358400
        H  47.60670400   30.56317800   62.19975900
        C  51.95630000   33.68720000   65.49240000
        N  52.10687700   34.07242000   64.22834600
        H  51.79636000   34.73492200   64.92460000
        H  52.30304600   33.11738200   64.49201300
        N  51.54740100   34.55960400   66.40924900
        H  51.74357000   33.60456600   66.67291600
        H  51.66174900   34.85214000   65.44932800
        N  52.21462100   32.42957600   65.83960500
        H  52.32897000   32.72211100   64.87968400
        H  51.90410400   33.09207800   66.53585900
        C  71.00800000   32.33200000   50.39870000
        O  72.19182500   32.39377600   50.00216300
        O  70.29671600   31.30461700   50.43125900
        H  70.55002100   33.26785000   50.75146100

Note: printed only print_atoms_list (this is not necessarily all atoms) 
  ------------RUNNING QM/MM MODULE------------- 
QM Module: ORCATheory
MM Module: OpenMMTheory
Charge provided from QMMMTheory object:  -2
Mult provided from QMMMTheory object:  1
QM-region Charge: -2 Mult: 1
Embedding: Electrostatic
Number of pointcharges (to QM program): 76
Number of charge coordinates: 76
Running QM/MM object with 8 cores available

-------------------------------------------------------------------
Time to calculate step (before-QMstep): 0.000 seconds, 0.0 minutes.
-------------------------------------------------------------------
  ------------RUNNING ORCA INTERFACE------------- 
Object-label: ORCA
Run-label: None
Running ORCA with 8 cores available
Moreadfile option not active
A GBW-file with same basename : orca.gbw is present
Autostart is False. ORCA will ignore any file present
Creating inputfile: orca.inp
ORCA input:
! B3LYP D3BJ def2-SVP def2/J RIJCOSX CPCM TightSCF

! Noautostart

%cpcm epsilon 4.0 end
%scf MaxIter 300 Guess PModel end
Charge: -2  Mult: 1
Pointcharge embedding is on!
 ORCA Calculation starting. 
Found warning messages in ORCA outputfile:
WARNING: The chosen methods will break translational/rotational symmetry
 WARNING: The chosen methods will break translational symmetry
 WARNING: The chosen methods will break translational symmetry
 Warning: op=0 Small HOMO/LUMO gap (   0.090) - skipping pre-diagonalization

 ORCA Calculation done. 
ORCA converged in 12 iterations
ORCA energy: -836.585557826317
  ------------ENDING ORCA-INTERFACE------------- 

----------------------------------------------------------------
Time to calculate step (ORCA run): 120.326 seconds, 2.0 minutes.
----------------------------------------------------------------

---------------------------------------------------------------
Time to calculate step (QM step): 120.326 seconds, 2.0 minutes.
---------------------------------------------------------------

----------------------------------------------------------------------
Time to calculate step (QMpcgrad prepare): 0.000 seconds, 0.0 minutes.
----------------------------------------------------------------------

--------------------------------------------------------------------------
Time to calculate step (linkatomgrad prepare): 0.000 seconds, 0.0 minutes.
--------------------------------------------------------------------------

----------------------------------------------------------------------------
Time to calculate step (QM/MM gradient prepare): 0.000 seconds, 0.0 minutes.
----------------------------------------------------------------------------
Using OpenMM theory as part of QM/MM.
Using MM on full system. Charges for QM region [0, 1, 2, 3, 4, 5, 6, 7, 8, 9, 10, 11, 12, 13, 14, 15, 16, 17, 18, 19, 20, 21, 22, 23] have been set to zero 

--------------------------------------------------------------------------------
                   Creating/updating OpenMM simulation object                   
--------------------------------------------------------------------------------

Integrator name: VerletIntegrator
Timestep: 0.001
Temperature: 300
Coupling frequency: 1
Properties: {'Threads': '1'}
Topology: <Topology; 1 chains, 1 residues, 100 atoms, 0 bonds>

----------------------------------------------------------------------------------
Time to calculate step (creating/updating simulation): 0.002 seconds, 0.0 minutes.
----------------------------------------------------------------------------------

--------------------------------------------------------------------------------
                     Running Single-point OpenMM Interface                      
--------------------------------------------------------------------------------

Number of OpenMM system constraints defined: 0

-----------------------------------------------------------------------------------
Time to calculate step (OpenMMTheory.run: const-check): 0.002 seconds, 0.0 minutes.
-----------------------------------------------------------------------------------
Updating coordinates.

------------------------------------------------------------------------
Time to calculate step (Creating pos array): 0.000 seconds, 0.0 minutes.
------------------------------------------------------------------------

---------------------------------------------------------------------------
Time to calculate step (Updating MM positions): 0.000 seconds, 0.0 minutes.
---------------------------------------------------------------------------
Calling OpenMM getState.

---------------------------------------------------------------------
Time to calculate step (OpenMM getState): 0.000 seconds, 0.0 minutes.
---------------------------------------------------------------------
OpenMM Energy: -3.0622073506317697 Eh
OpenMM Energy: -1921.5641240671007 kcal/mol

-----------------------
Ending OpenMM interface
-----------------------

----------------------------------------------------------------
Time to calculate step (OpenMM run): 0.003 seconds, 0.0 minutes.
----------------------------------------------------------------

-------------------------------------------------------------
Time to calculate step (MM step): 0.004 seconds, 0.0 minutes.
-------------------------------------------------------------

Note: You are using electrostatic embedding. This means that the QM-energy is actually the polarized QM-energy
Note: MM energy also contains the QM-MM Lennard-Jones interaction

QM energy:              -836.585557826317 
MM energy:                -3.062207350632
QM/MM energy:           -839.647765176949 

  ------------ENDING QM/MM MODULE------------- 

-----------------------------------------------------------------
Time to calculate step (QM/MM run): 120.330 seconds, 2.0 minutes.
-----------------------------------------------------------------
geometric called save_guess_files option option for ASHengineclass.
This option is currently unsupported in ASH. Continuing.
geometric called clearCalcs option for ASHengineclass.
This option is currently unsupported in ASH. Continuing.

Convergence criteria: {'convergence_energy': 1e-05, 'convergence_grms': 0.003, 'convergence_gmax': 0.006, 'convergence_drms': 0.01, 'convergence_dmax': 0.015, 'convergence_cmax': 0.01}

Replacing coordinates in fragment.
Creating/Updating fragment attributes...
Number of Atoms in fragment: 100
Formula: N18H48O14C20
Label: CHHCCOOOCHCHCCHCHCHOHCOOCNHHNHHNHHCNHHNHHNHHCOOHCNHHNHHNHHCNHHNHHNHHCOOHCOOHCNHHNHHNHHCNHHNHHNHHCOOH
Charge: -2 Mult: 1

--------------------------------------------------------------------------------
Wrote XYZ file:  Fragment-currentgeo.xyz
Current geometry (Å) in step 3 (print_atoms_list region)
---------------------------------------------------
        C  59.66235712   34.56174790   57.26225188
        H  60.18874380   33.61002667   57.01151331
        H  60.25889212   35.46490448   57.10384997
        C  58.31998417   34.65194865   57.53392167
        C  57.55449129   36.03943628   57.97074665
        O  58.16579765   37.11148803   57.86511723
        O  56.32692337   35.95332990   58.43514399
        O  57.55161588   33.48720814   57.59559081
        C  57.48463706   32.58454508   56.34719417
        H  56.70487690   31.88913752   56.73231828
        C  58.74193909   31.95073808   55.94750746
        H  59.30259335   31.25786571   56.58846812
        C  59.49323260   32.45942533   54.94348617
        C  58.97851910   33.42496659   53.97974450
        H  59.65783192   33.68723794   53.15751734
        C  57.73885720   33.92620225   54.13873336
        H  57.31164686   34.63158758   53.41950857
        C  56.82242163   33.36776827   55.19266623
        H  56.21641031   34.15389178   55.69015603
        O  55.93790663   32.44992075   54.50431858
        H  55.43274388   32.01273050   55.20906860
        C  61.02222161   32.00675421   54.82214728
        O  61.52482749   31.57049205   55.87824791
        O  61.47040370   32.19977226   53.69696010
        C  54.89040000   41.21830000   65.11750000
        N  55.04097700   41.60352000   63.85344600
        H  54.73046000   42.26602200   64.54970000
        H  55.23714600   40.64848200   64.11711300
        N  54.48150100   42.09070400   66.03434900
        H  54.67767000   41.13566600   66.29801600
        H  54.59584900   42.38324000   65.07442800
        N  55.14872100   39.96067600   65.46470500
        H  55.26307000   40.25321100   64.50478400
        H  54.83820400   40.62317800   66.16095900
        C  59.50090000   39.33550000   66.26000000
        N  59.65147700   39.72072000   64.99594600
        H  59.34096000   40.38322200   65.69220000
        H  59.84764600   38.76568200   65.25961300
        N  59.09200100   40.20790400   67.17684900
        H  59.28817000   39.25286600   67.44051600
        H  59.20634900   40.50044000   66.21692800
        N  59.75922100   38.07787600   66.60720500
        H  59.87357000   38.37041100   65.64728400
        H  59.44870400   38.74037800   67.30345900
        C  69.74840000   37.57020000   52.11000000
        O  70.93222500   37.63197600   51.71346300
        O  69.03711600   36.54281700   52.14255900
        H  69.29042100   38.50605000   52.46276100
        C  49.75560000   39.75790000   62.74580000
        N  49.90617700   40.14312000   61.48174600
        H  49.59566000   40.80562200   62.17800000
        H  50.10234600   39.18808200   61.74541300
        N  49.34670100   40.63030400   63.66264900
        H  49.54287000   39.67526600   63.92631600
        H  49.46104900   40.92284000   62.70272800
        N  50.01392100   38.50027600   63.09300500
        H  50.12827000   38.79281100   62.13308400
        H  49.70340400   39.16277800   63.78925900
        C  54.95800000   29.39440000   66.15720000
        N  55.10857700   29.77962000   64.89314600
        H  54.79806000   30.44212200   65.58940000
        H  55.30474600   28.82458200   65.15681300
        N  54.54910100   30.26680400   67.07404900
        H  54.74527000   29.31176600   67.33771600
        H  54.66344900   30.55934000   66.11412800
        N  55.21632100   28.13677600   66.50440500
        H  55.33067000   28.42931100   65.54448400
        H  54.90580400   28.79927800   67.20065900
        C  69.45420000   25.80430000   53.35910000
        O  70.63802500   25.86607600   52.96256300
        O  68.74291600   24.77691700   53.39165900
        H  68.99622100   26.74015000   53.71186100
        C  65.78910000   29.53300000   44.76770000
        O  66.97292500   29.59477600   44.37116300
        O  65.07781600   28.50561700   44.80025900
        H  65.33112100   30.46885000   45.12046100
        C  47.65890000   31.15830000   61.15630000
        N  47.80947700   31.54352000   59.89224600
        H  47.49896000   32.20602200   60.58850000
        H  48.00564600   30.58848200   60.15591300
        N  47.25000100   32.03070400   62.07314900
        H  47.44617000   31.07566600   62.33681600
        H  47.36434900   32.32324000   61.11322800
        N  47.91722100   29.90067600   61.50350500
        H  48.03157000   30.19321100   60.54358400
        H  47.60670400   30.56317800   62.19975900
        C  51.95630000   33.68720000   65.49240000
        N  52.10687700   34.07242000   64.22834600
        H  51.79636000   34.73492200   64.92460000
        H  52.30304600   33.11738200   64.49201300
        N  51.54740100   34.55960400   66.40924900
        H  51.74357000   33.60456600   66.67291600
        H  51.66174900   34.85214000   65.44932800
        N  52.21462100   32.42957600   65.83960500
        H  52.32897000   32.72211100   64.87968400
        H  51.90410400   33.09207800   66.53585900
        C  71.00800000   32.33200000   50.39870000
        O  72.19182500   32.39377600   50.00216300
        O  70.29671600   31.30461700   50.43125900
        H  70.55002100   33.26785000   50.75146100

Note: printed only print_atoms_list (this is not necessarily all atoms) 
  ------------RUNNING QM/MM MODULE------------- 
QM Module: ORCATheory
MM Module: OpenMMTheory
Charge provided from QMMMTheory object:  -2
Mult provided from QMMMTheory object:  1
QM-region Charge: -2 Mult: 1
Embedding: Electrostatic
Number of pointcharges (to QM program): 76
Number of charge coordinates: 76
Running QM/MM object with 8 cores available

-------------------------------------------------------------------
Time to calculate step (before-QMstep): 0.000 seconds, 0.0 minutes.
-------------------------------------------------------------------
  ------------RUNNING ORCA INTERFACE------------- 
Object-label: ORCA
Run-label: None
Running ORCA with 8 cores available
Moreadfile option not active
A GBW-file with same basename : orca.gbw is present
Autostart is False. ORCA will ignore any file present
Creating inputfile: orca.inp
ORCA input:
! B3LYP D3BJ def2-SVP def2/J RIJCOSX CPCM TightSCF

! Noautostart

%cpcm epsilon 4.0 end
%scf MaxIter 300 Guess PModel end
Charge: -2  Mult: 1
Pointcharge embedding is on!
 ORCA Calculation starting. 
Found warning messages in ORCA outputfile:
WARNING: The chosen methods will break translational/rotational symmetry
 WARNING: The chosen methods will break translational symmetry
 WARNING: The chosen methods will break translational symmetry
 Warning: op=0 Small HOMO/LUMO gap (   0.084) - skipping pre-diagonalization

 ORCA Calculation done. 
ORCA converged in 12 iterations
ORCA energy: -836.597097958845
  ------------ENDING ORCA-INTERFACE------------- 

----------------------------------------------------------------
Time to calculate step (ORCA run): 122.612 seconds, 2.0 minutes.
----------------------------------------------------------------

---------------------------------------------------------------
Time to calculate step (QM step): 122.612 seconds, 2.0 minutes.
---------------------------------------------------------------

----------------------------------------------------------------------
Time to calculate step (QMpcgrad prepare): 0.000 seconds, 0.0 minutes.
----------------------------------------------------------------------

--------------------------------------------------------------------------
Time to calculate step (linkatomgrad prepare): 0.000 seconds, 0.0 minutes.
--------------------------------------------------------------------------

----------------------------------------------------------------------------
Time to calculate step (QM/MM gradient prepare): 0.000 seconds, 0.0 minutes.
----------------------------------------------------------------------------
Using OpenMM theory as part of QM/MM.
Using MM on full system. Charges for QM region [0, 1, 2, 3, 4, 5, 6, 7, 8, 9, 10, 11, 12, 13, 14, 15, 16, 17, 18, 19, 20, 21, 22, 23] have been set to zero 

--------------------------------------------------------------------------------
                   Creating/updating OpenMM simulation object                   
--------------------------------------------------------------------------------

Integrator name: VerletIntegrator
Timestep: 0.001
Temperature: 300
Coupling frequency: 1
Properties: {'Threads': '1'}
Topology: <Topology; 1 chains, 1 residues, 100 atoms, 0 bonds>

----------------------------------------------------------------------------------
Time to calculate step (creating/updating simulation): 0.001 seconds, 0.0 minutes.
----------------------------------------------------------------------------------

--------------------------------------------------------------------------------
                     Running Single-point OpenMM Interface                      
--------------------------------------------------------------------------------

Number of OpenMM system constraints defined: 0

-----------------------------------------------------------------------------------
Time to calculate step (OpenMMTheory.run: const-check): 0.001 seconds, 0.0 minutes.
-----------------------------------------------------------------------------------
Updating coordinates.

------------------------------------------------------------------------
Time to calculate step (Creating pos array): 0.000 seconds, 0.0 minutes.
------------------------------------------------------------------------

---------------------------------------------------------------------------
Time to calculate step (Updating MM positions): 0.000 seconds, 0.0 minutes.
---------------------------------------------------------------------------
Calling OpenMM getState.

---------------------------------------------------------------------
Time to calculate step (OpenMM getState): 0.000 seconds, 0.0 minutes.
---------------------------------------------------------------------
OpenMM Energy: -3.062234153477279 Eh
OpenMM Energy: -1921.5809431065895 kcal/mol

-----------------------
Ending OpenMM interface
-----------------------

----------------------------------------------------------------
Time to calculate step (OpenMM run): 0.002 seconds, 0.0 minutes.
----------------------------------------------------------------

-------------------------------------------------------------
Time to calculate step (MM step): 0.002 seconds, 0.0 minutes.
-------------------------------------------------------------

Note: You are using electrostatic embedding. This means that the QM-energy is actually the polarized QM-energy
Note: MM energy also contains the QM-MM Lennard-Jones interaction

QM energy:              -836.597097958845 
MM energy:                -3.062234153477
QM/MM energy:           -839.659332112322 

  ------------ENDING QM/MM MODULE------------- 

-----------------------------------------------------------------
Time to calculate step (QM/MM run): 122.615 seconds, 2.0 minutes.
-----------------------------------------------------------------
geometric called save_guess_files option option for ASHengineclass.
This option is currently unsupported in ASH. Continuing.

Convergence criteria: {'convergence_energy': 1e-05, 'convergence_grms': 0.003, 'convergence_gmax': 0.006, 'convergence_drms': 0.01, 'convergence_dmax': 0.015, 'convergence_cmax': 0.01}

Replacing coordinates in fragment.
Creating/Updating fragment attributes...
Number of Atoms in fragment: 100
Formula: N18H48O14C20
Label: CHHCCOOOCHCHCCHCHCHOHCOOCNHHNHHNHHCNHHNHHNHHCOOHCNHHNHHNHHCNHHNHHNHHCOOHCOOHCNHHNHHNHHCNHHNHHNHHCOOH
Charge: -2 Mult: 1

--------------------------------------------------------------------------------
Wrote XYZ file:  Fragment-currentgeo.xyz
Current geometry (Å) in step 4 (print_atoms_list region)
---------------------------------------------------
        C  59.27849971   34.79855401   57.33801131
        H  59.76651898   33.88958138   56.94560930
        H  59.85244458   35.71945475   57.24228935
        C  58.00129464   34.76343587   57.84619979
        C  57.24179673   36.00390993   58.69690677
        O  57.81230865   37.12886547   58.75930058
        O  56.10961851   35.76235038   59.29016730
        O  57.28264249   33.57270895   57.75544194
        C  57.31299142   32.67999665   56.47135542
        H  56.52668799   31.98092885   56.80515112
        C  58.60224298   32.02105846   56.13244482
        H  59.10542014   31.32538747   56.81203151
        C  59.35978483   32.41691964   55.07713251
        C  58.88283833   33.37993653   54.08666821
        H  59.57465582   33.57063484   53.25589460
        C  57.67283405   33.95603675   54.22589501
        H  57.27375875   34.65333770   53.48031344
        C  56.71107799   33.44920276   55.27541952
        H  56.08795547   34.25081011   55.71909312
        O  55.86106535   32.52973945   54.55997974
        H  55.46949599   31.93420736   55.23556325
        C  60.88142914   31.97740786   55.02284330
        O  61.31384741   31.50194435   56.10293464
        O  61.50213560   32.22758531   53.96954755
        C  54.89040000   41.21830000   65.11750000
        N  55.04097700   41.60352000   63.85344600
        H  54.73046000   42.26602200   64.54970000
        H  55.23714600   40.64848200   64.11711300
        N  54.48150100   42.09070400   66.03434900
        H  54.67767000   41.13566600   66.29801600
        H  54.59584900   42.38324000   65.07442800
        N  55.14872100   39.96067600   65.46470500
        H  55.26307000   40.25321100   64.50478400
        H  54.83820400   40.62317800   66.16095900
        C  59.50090000   39.33550000   66.26000000
        N  59.65147700   39.72072000   64.99594600
        H  59.34096000   40.38322200   65.69220000
        H  59.84764600   38.76568200   65.25961300
        N  59.09200100   40.20790400   67.17684900
        H  59.28817000   39.25286600   67.44051600
        H  59.20634900   40.50044000   66.21692800
        N  59.75922100   38.07787600   66.60720500
        H  59.87357000   38.37041100   65.64728400
        H  59.44870400   38.74037800   67.30345900
        C  69.74840000   37.57020000   52.11000000
        O  70.93222500   37.63197600   51.71346300
        O  69.03711600   36.54281700   52.14255900
        H  69.29042100   38.50605000   52.46276100
        C  49.75560000   39.75790000   62.74580000
        N  49.90617700   40.14312000   61.48174600
        H  49.59566000   40.80562200   62.17800000
        H  50.10234600   39.18808200   61.74541300
        N  49.34670100   40.63030400   63.66264900
        H  49.54287000   39.67526600   63.92631600
        H  49.46104900   40.92284000   62.70272800
        N  50.01392100   38.50027600   63.09300500
        H  50.12827000   38.79281100   62.13308400
        H  49.70340400   39.16277800   63.78925900
        C  54.95800000   29.39440000   66.15720000
        N  55.10857700   29.77962000   64.89314600
        H  54.79806000   30.44212200   65.58940000
        H  55.30474600   28.82458200   65.15681300
        N  54.54910100   30.26680400   67.07404900
        H  54.74527000   29.31176600   67.33771600
        H  54.66344900   30.55934000   66.11412800
        N  55.21632100   28.13677600   66.50440500
        H  55.33067000   28.42931100   65.54448400
        H  54.90580400   28.79927800   67.20065900
        C  69.45420000   25.80430000   53.35910000
        O  70.63802500   25.86607600   52.96256300
        O  68.74291600   24.77691700   53.39165900
        H  68.99622100   26.74015000   53.71186100
        C  65.78910000   29.53300000   44.76770000
        O  66.97292500   29.59477600   44.37116300
        O  65.07781600   28.50561700   44.80025900
        H  65.33112100   30.46885000   45.12046100
        C  47.65890000   31.15830000   61.15630000
        N  47.80947700   31.54352000   59.89224600
        H  47.49896000   32.20602200   60.58850000
        H  48.00564600   30.58848200   60.15591300
        N  47.25000100   32.03070400   62.07314900
        H  47.44617000   31.07566600   62.33681600
        H  47.36434900   32.32324000   61.11322800
        N  47.91722100   29.90067600   61.50350500
        H  48.03157000   30.19321100   60.54358400
        H  47.60670400   30.56317800   62.19975900
        C  51.95630000   33.68720000   65.49240000
        N  52.10687700   34.07242000   64.22834600
        H  51.79636000   34.73492200   64.92460000
        H  52.30304600   33.11738200   64.49201300
        N  51.54740100   34.55960400   66.40924900
        H  51.74357000   33.60456600   66.67291600
        H  51.66174900   34.85214000   65.44932800
        N  52.21462100   32.42957600   65.83960500
        H  52.32897000   32.72211100   64.87968400
        H  51.90410400   33.09207800   66.53585900
        C  71.00800000   32.33200000   50.39870000
        O  72.19182500   32.39377600   50.00216300
        O  70.29671600   31.30461700   50.43125900
        H  70.55002100   33.26785000   50.75146100

Note: printed only print_atoms_list (this is not necessarily all atoms) 
  ------------RUNNING QM/MM MODULE------------- 
QM Module: ORCATheory
MM Module: OpenMMTheory
Charge provided from QMMMTheory object:  -2
Mult provided from QMMMTheory object:  1
QM-region Charge: -2 Mult: 1
Embedding: Electrostatic
Number of pointcharges (to QM program): 76
Number of charge coordinates: 76
Running QM/MM object with 8 cores available

-------------------------------------------------------------------
Time to calculate step (before-QMstep): 0.000 seconds, 0.0 minutes.
-------------------------------------------------------------------
  ------------RUNNING ORCA INTERFACE------------- 
Object-label: ORCA
Run-label: None
Running ORCA with 8 cores available
Moreadfile option not active
A GBW-file with same basename : orca.gbw is present
Autostart is False. ORCA will ignore any file present
Creating inputfile: orca.inp
ORCA input:
! B3LYP D3BJ def2-SVP def2/J RIJCOSX CPCM TightSCF

! Noautostart

%cpcm epsilon 4.0 end
%scf MaxIter 300 Guess PModel end
Charge: -2  Mult: 1
Pointcharge embedding is on!
 ORCA Calculation starting. 
Found warning messages in ORCA outputfile:
WARNING: The chosen methods will break translational/rotational symmetry
 WARNING: The chosen methods will break translational symmetry
 WARNING: The chosen methods will break translational symmetry
 Warning: op=0 Small HOMO/LUMO gap (   0.066) - skipping pre-diagonalization

 ORCA Calculation done. 
ORCA converged in 15 iterations
ORCA energy: -836.625050598958
  ------------ENDING ORCA-INTERFACE------------- 

----------------------------------------------------------------
Time to calculate step (ORCA run): 128.224 seconds, 2.1 minutes.
----------------------------------------------------------------

---------------------------------------------------------------
Time to calculate step (QM step): 128.224 seconds, 2.1 minutes.
---------------------------------------------------------------

----------------------------------------------------------------------
Time to calculate step (QMpcgrad prepare): 0.000 seconds, 0.0 minutes.
----------------------------------------------------------------------

--------------------------------------------------------------------------
Time to calculate step (linkatomgrad prepare): 0.000 seconds, 0.0 minutes.
--------------------------------------------------------------------------

----------------------------------------------------------------------------
Time to calculate step (QM/MM gradient prepare): 0.000 seconds, 0.0 minutes.
----------------------------------------------------------------------------
Using OpenMM theory as part of QM/MM.
Using MM on full system. Charges for QM region [0, 1, 2, 3, 4, 5, 6, 7, 8, 9, 10, 11, 12, 13, 14, 15, 16, 17, 18, 19, 20, 21, 22, 23] have been set to zero 

--------------------------------------------------------------------------------
                   Creating/updating OpenMM simulation object                   
--------------------------------------------------------------------------------

Integrator name: VerletIntegrator
Timestep: 0.001
Temperature: 300
Coupling frequency: 1
Properties: {'Threads': '1'}
Topology: <Topology; 1 chains, 1 residues, 100 atoms, 0 bonds>

----------------------------------------------------------------------------------
Time to calculate step (creating/updating simulation): 0.002 seconds, 0.0 minutes.
----------------------------------------------------------------------------------

--------------------------------------------------------------------------------
                     Running Single-point OpenMM Interface                      
--------------------------------------------------------------------------------

Number of OpenMM system constraints defined: 0

-----------------------------------------------------------------------------------
Time to calculate step (OpenMMTheory.run: const-check): 0.002 seconds, 0.0 minutes.
-----------------------------------------------------------------------------------
Updating coordinates.

------------------------------------------------------------------------
Time to calculate step (Creating pos array): 0.000 seconds, 0.0 minutes.
------------------------------------------------------------------------

---------------------------------------------------------------------------
Time to calculate step (Updating MM positions): 0.000 seconds, 0.0 minutes.
---------------------------------------------------------------------------
Calling OpenMM getState.

---------------------------------------------------------------------
Time to calculate step (OpenMM getState): 0.000 seconds, 0.0 minutes.
---------------------------------------------------------------------
OpenMM Energy: -3.062311168617547 Eh
OpenMM Energy: -1921.629270836754 kcal/mol

-----------------------
Ending OpenMM interface
-----------------------

----------------------------------------------------------------
Time to calculate step (OpenMM run): 0.002 seconds, 0.0 minutes.
----------------------------------------------------------------

-------------------------------------------------------------
Time to calculate step (MM step): 0.003 seconds, 0.0 minutes.
-------------------------------------------------------------

Note: You are using electrostatic embedding. This means that the QM-energy is actually the polarized QM-energy
Note: MM energy also contains the QM-MM Lennard-Jones interaction

QM energy:              -836.625050598958 
MM energy:                -3.062311168618
QM/MM energy:           -839.687361767575 

  ------------ENDING QM/MM MODULE------------- 

-----------------------------------------------------------------
Time to calculate step (QM/MM run): 128.227 seconds, 2.1 minutes.
-----------------------------------------------------------------
geometric called save_guess_files option option for ASHengineclass.
This option is currently unsupported in ASH. Continuing.

Convergence criteria: {'convergence_energy': 1e-05, 'convergence_grms': 0.003, 'convergence_gmax': 0.006, 'convergence_drms': 0.01, 'convergence_dmax': 0.015, 'convergence_cmax': 0.01}

Replacing coordinates in fragment.
Creating/Updating fragment attributes...
Number of Atoms in fragment: 100
Formula: N18H48O14C20
Label: CHHCCOOOCHCHCCHCHCHOHCOOCNHHNHHNHHCNHHNHHNHHCOOHCNHHNHHNHHCNHHNHHNHHCOOHCOOHCNHHNHHNHHCNHHNHHNHHCOOH
Charge: -2 Mult: 1

--------------------------------------------------------------------------------
Wrote XYZ file:  Fragment-currentgeo.xyz
Current geometry (Å) in step 5 (print_atoms_list region)
---------------------------------------------------
        C  58.97606939   35.01896400   57.46720193
        H  59.43420306   34.15577757   56.97884237
        H  59.53205672   35.95599126   57.44128713
        C  57.78145738   34.82345156   58.07440490
        C  57.05617886   35.88805332   59.11184173
        O  57.64242243   37.00391345   59.27724718
        O  56.02583268   35.52821943   59.75334379
        O  57.09362292   33.64247464   57.87258402
        C  57.18688748   32.77932749   56.57207809
        H  56.42840996   32.04451838   56.86545791
        C  58.51967932   32.11854809   56.30278290
        H  58.94107494   31.41440294   57.02766763
        C  59.27249689   32.39831152   55.20263344
        C  58.80905609   33.35093872   54.18826849
        H  59.49941456   33.52218481   53.35684658
        C  57.61616597   33.96625961   54.29623033
        H  57.24777649   34.66314557   53.53284480
        C  56.61245186   33.50802262   55.33627757
        H  55.99080127   34.34231968   55.71358411
        O  55.78458523   32.58664726   54.61393230
        H  55.46353874   31.89686546   55.23066695
        C  60.75827404   31.97171968   55.18224318
        O  61.16262171   31.45085545   56.25870999
        O  61.46587803   32.22277282   54.17253219
        C  54.89040000   41.21830000   65.11750000
        N  55.04097700   41.60352000   63.85344600
        H  54.73046000   42.26602200   64.54970000
        H  55.23714600   40.64848200   64.11711300
        N  54.48150100   42.09070400   66.03434900
        H  54.67767000   41.13566600   66.29801600
        H  54.59584900   42.38324000   65.07442800
        N  55.14872100   39.96067600   65.46470500
        H  55.26307000   40.25321100   64.50478400
        H  54.83820400   40.62317800   66.16095900
        C  59.50090000   39.33550000   66.26000000
        N  59.65147700   39.72072000   64.99594600
        H  59.34096000   40.38322200   65.69220000
        H  59.84764600   38.76568200   65.25961300
        N  59.09200100   40.20790400   67.17684900
        H  59.28817000   39.25286600   67.44051600
        H  59.20634900   40.50044000   66.21692800
        N  59.75922100   38.07787600   66.60720500
        H  59.87357000   38.37041100   65.64728400
        H  59.44870400   38.74037800   67.30345900
        C  69.74840000   37.57020000   52.11000000
        O  70.93222500   37.63197600   51.71346300
        O  69.03711600   36.54281700   52.14255900
        H  69.29042100   38.50605000   52.46276100
        C  49.75560000   39.75790000   62.74580000
        N  49.90617700   40.14312000   61.48174600
        H  49.59566000   40.80562200   62.17800000
        H  50.10234600   39.18808200   61.74541300
        N  49.34670100   40.63030400   63.66264900
        H  49.54287000   39.67526600   63.92631600
        H  49.46104900   40.92284000   62.70272800
        N  50.01392100   38.50027600   63.09300500
        H  50.12827000   38.79281100   62.13308400
        H  49.70340400   39.16277800   63.78925900
        C  54.95800000   29.39440000   66.15720000
        N  55.10857700   29.77962000   64.89314600
        H  54.79806000   30.44212200   65.58940000
        H  55.30474600   28.82458200   65.15681300
        N  54.54910100   30.26680400   67.07404900
        H  54.74527000   29.31176600   67.33771600
        H  54.66344900   30.55934000   66.11412800
        N  55.21632100   28.13677600   66.50440500
        H  55.33067000   28.42931100   65.54448400
        H  54.90580400   28.79927800   67.20065900
        C  69.45420000   25.80430000   53.35910000
        O  70.63802500   25.86607600   52.96256300
        O  68.74291600   24.77691700   53.39165900
        H  68.99622100   26.74015000   53.71186100
        C  65.78910000   29.53300000   44.76770000
        O  66.97292500   29.59477600   44.37116300
        O  65.07781600   28.50561700   44.80025900
        H  65.33112100   30.46885000   45.12046100
        C  47.65890000   31.15830000   61.15630000
        N  47.80947700   31.54352000   59.89224600
        H  47.49896000   32.20602200   60.58850000
        H  48.00564600   30.58848200   60.15591300
        N  47.25000100   32.03070400   62.07314900
        H  47.44617000   31.07566600   62.33681600
        H  47.36434900   32.32324000   61.11322800
        N  47.91722100   29.90067600   61.50350500
        H  48.03157000   30.19321100   60.54358400
        H  47.60670400   30.56317800   62.19975900
        C  51.95630000   33.68720000   65.49240000
        N  52.10687700   34.07242000   64.22834600
        H  51.79636000   34.73492200   64.92460000
        H  52.30304600   33.11738200   64.49201300
        N  51.54740100   34.55960400   66.40924900
        H  51.74357000   33.60456600   66.67291600
        H  51.66174900   34.85214000   65.44932800
        N  52.21462100   32.42957600   65.83960500
        H  52.32897000   32.72211100   64.87968400
        H  51.90410400   33.09207800   66.53585900
        C  71.00800000   32.33200000   50.39870000
        O  72.19182500   32.39377600   50.00216300
        O  70.29671600   31.30461700   50.43125900
        H  70.55002100   33.26785000   50.75146100

Note: printed only print_atoms_list (this is not necessarily all atoms) 
  ------------RUNNING QM/MM MODULE------------- 
QM Module: ORCATheory
MM Module: OpenMMTheory
Charge provided from QMMMTheory object:  -2
Mult provided from QMMMTheory object:  1
QM-region Charge: -2 Mult: 1
Embedding: Electrostatic
Number of pointcharges (to QM program): 76
Number of charge coordinates: 76
Running QM/MM object with 8 cores available

-------------------------------------------------------------------
Time to calculate step (before-QMstep): 0.000 seconds, 0.0 minutes.
-------------------------------------------------------------------
  ------------RUNNING ORCA INTERFACE------------- 
Object-label: ORCA
Run-label: None
Running ORCA with 8 cores available
Moreadfile option not active
A GBW-file with same basename : orca.gbw is present
Autostart is False. ORCA will ignore any file present
Creating inputfile: orca.inp
ORCA input:
! B3LYP D3BJ def2-SVP def2/J RIJCOSX CPCM TightSCF

! Noautostart

%cpcm epsilon 4.0 end
%scf MaxIter 300 Guess PModel end
Charge: -2  Mult: 1
Pointcharge embedding is on!
 ORCA Calculation starting. 
Found warning messages in ORCA outputfile:
WARNING: The chosen methods will break translational/rotational symmetry
 WARNING: The chosen methods will break translational symmetry
 WARNING: The chosen methods will break translational symmetry
 Warning: op=0 Small HOMO/LUMO gap (   0.053) - skipping pre-diagonalization

 ORCA Calculation done. 
ORCA converged in 14 iterations
ORCA energy: -836.651483818516
  ------------ENDING ORCA-INTERFACE------------- 

----------------------------------------------------------------
Time to calculate step (ORCA run): 126.032 seconds, 2.1 minutes.
----------------------------------------------------------------

---------------------------------------------------------------
Time to calculate step (QM step): 126.032 seconds, 2.1 minutes.
---------------------------------------------------------------

----------------------------------------------------------------------
Time to calculate step (QMpcgrad prepare): 0.000 seconds, 0.0 minutes.
----------------------------------------------------------------------

--------------------------------------------------------------------------
Time to calculate step (linkatomgrad prepare): 0.000 seconds, 0.0 minutes.
--------------------------------------------------------------------------

----------------------------------------------------------------------------
Time to calculate step (QM/MM gradient prepare): 0.000 seconds, 0.0 minutes.
----------------------------------------------------------------------------
Using OpenMM theory as part of QM/MM.
Using MM on full system. Charges for QM region [0, 1, 2, 3, 4, 5, 6, 7, 8, 9, 10, 11, 12, 13, 14, 15, 16, 17, 18, 19, 20, 21, 22, 23] have been set to zero 

--------------------------------------------------------------------------------
                   Creating/updating OpenMM simulation object                   
--------------------------------------------------------------------------------

Integrator name: VerletIntegrator
Timestep: 0.001
Temperature: 300
Coupling frequency: 1
Properties: {'Threads': '1'}
Topology: <Topology; 1 chains, 1 residues, 100 atoms, 0 bonds>

----------------------------------------------------------------------------------
Time to calculate step (creating/updating simulation): 0.002 seconds, 0.0 minutes.
----------------------------------------------------------------------------------

--------------------------------------------------------------------------------
                     Running Single-point OpenMM Interface                      
--------------------------------------------------------------------------------

Number of OpenMM system constraints defined: 0

-----------------------------------------------------------------------------------
Time to calculate step (OpenMMTheory.run: const-check): 0.002 seconds, 0.0 minutes.
-----------------------------------------------------------------------------------
Updating coordinates.

------------------------------------------------------------------------
Time to calculate step (Creating pos array): 0.000 seconds, 0.0 minutes.
------------------------------------------------------------------------

---------------------------------------------------------------------------
Time to calculate step (Updating MM positions): 0.000 seconds, 0.0 minutes.
---------------------------------------------------------------------------
Calling OpenMM getState.

---------------------------------------------------------------------
Time to calculate step (OpenMM getState): 0.000 seconds, 0.0 minutes.
---------------------------------------------------------------------
OpenMM Energy: -3.062372505731669 Eh
OpenMM Energy: -1921.6677604569772 kcal/mol

-----------------------
Ending OpenMM interface
-----------------------

----------------------------------------------------------------
Time to calculate step (OpenMM run): 0.002 seconds, 0.0 minutes.
----------------------------------------------------------------

-------------------------------------------------------------
Time to calculate step (MM step): 0.003 seconds, 0.0 minutes.
-------------------------------------------------------------

Note: You are using electrostatic embedding. This means that the QM-energy is actually the polarized QM-energy
Note: MM energy also contains the QM-MM Lennard-Jones interaction

QM energy:              -836.651483818516 
MM energy:                -3.062372505732
QM/MM energy:           -839.713856324248 

  ------------ENDING QM/MM MODULE------------- 

-----------------------------------------------------------------
Time to calculate step (QM/MM run): 126.035 seconds, 2.1 minutes.
-----------------------------------------------------------------
geometric called save_guess_files option option for ASHengineclass.
This option is currently unsupported in ASH. Continuing.

Convergence criteria: {'convergence_energy': 1e-05, 'convergence_grms': 0.003, 'convergence_gmax': 0.006, 'convergence_drms': 0.01, 'convergence_dmax': 0.015, 'convergence_cmax': 0.01}

Replacing coordinates in fragment.
Creating/Updating fragment attributes...
Number of Atoms in fragment: 100
Formula: N18H48O14C20
Label: CHHCCOOOCHCHCCHCHCHOHCOOCNHHNHHNHHCNHHNHHNHHCOOHCNHHNHHNHHCNHHNHHNHHCOOHCOOHCNHHNHHNHHCNHHNHHNHHCOOH
Charge: -2 Mult: 1

--------------------------------------------------------------------------------
Wrote XYZ file:  Fragment-currentgeo.xyz
Current geometry (Å) in step 6 (print_atoms_list region)
---------------------------------------------------
        C  58.35630936   35.43582905   57.71316503
        H  58.77499420   34.71614744   56.88431363
        H  58.88935140   36.38678880   57.85461842
        C  57.30196110   34.95868826   58.51464664
        C  56.69449170   35.65388722   59.96831087
        O  57.21523831   36.78923343   60.35457478
        O  55.85431283   35.06988975   60.75715887
        O  56.68589569   33.77711418   58.10429599
        C  56.94020113   32.96010045   56.77980876
        H  56.20696785   32.16909187   57.00064456
        C  58.32647552   32.31307157   56.64510164
        H  58.64278426   31.60956838   57.42861724
        C  59.09138390   32.41635490   55.50866818
        C  58.67521210   33.30875509   54.40436476
        H  59.37040561   33.41272412   53.56004217
        C  57.51391771   33.99729125   54.45116895
        H  57.21079236   34.68054739   53.64408466
        C  56.43550465   33.62563356   55.46646324
        H  55.81114308   34.51030081   55.72787250
        O  55.62808446   32.68399327   54.74812405
        H  55.47649419   31.84841333   55.25055089
        C  60.52813104   31.92926510   55.52971735
        O  60.84279013   31.32487832   56.60405384
        O  61.29256590   32.24319694   54.57724847
        C  54.89040000   41.21830000   65.11750000
        N  55.04097700   41.60352000   63.85344600
        H  54.73046000   42.26602200   64.54970000
        H  55.23714600   40.64848200   64.11711300
        N  54.48150100   42.09070400   66.03434900
        H  54.67767000   41.13566600   66.29801600
        H  54.59584900   42.38324000   65.07442800
        N  55.14872100   39.96067600   65.46470500
        H  55.26307000   40.25321100   64.50478400
        H  54.83820400   40.62317800   66.16095900
        C  59.50090000   39.33550000   66.26000000
        N  59.65147700   39.72072000   64.99594600
        H  59.34096000   40.38322200   65.69220000
        H  59.84764600   38.76568200   65.25961300
        N  59.09200100   40.20790400   67.17684900
        H  59.28817000   39.25286600   67.44051600
        H  59.20634900   40.50044000   66.21692800
        N  59.75922100   38.07787600   66.60720500
        H  59.87357000   38.37041100   65.64728400
        H  59.44870400   38.74037800   67.30345900
        C  69.74840000   37.57020000   52.11000000
        O  70.93222500   37.63197600   51.71346300
        O  69.03711600   36.54281700   52.14255900
        H  69.29042100   38.50605000   52.46276100
        C  49.75560000   39.75790000   62.74580000
        N  49.90617700   40.14312000   61.48174600
        H  49.59566000   40.80562200   62.17800000
        H  50.10234600   39.18808200   61.74541300
        N  49.34670100   40.63030400   63.66264900
        H  49.54287000   39.67526600   63.92631600
        H  49.46104900   40.92284000   62.70272800
        N  50.01392100   38.50027600   63.09300500
        H  50.12827000   38.79281100   62.13308400
        H  49.70340400   39.16277800   63.78925900
        C  54.95800000   29.39440000   66.15720000
        N  55.10857700   29.77962000   64.89314600
        H  54.79806000   30.44212200   65.58940000
        H  55.30474600   28.82458200   65.15681300
        N  54.54910100   30.26680400   67.07404900
        H  54.74527000   29.31176600   67.33771600
        H  54.66344900   30.55934000   66.11412800
        N  55.21632100   28.13677600   66.50440500
        H  55.33067000   28.42931100   65.54448400
        H  54.90580400   28.79927800   67.20065900
        C  69.45420000   25.80430000   53.35910000
        O  70.63802500   25.86607600   52.96256300
        O  68.74291600   24.77691700   53.39165900
        H  68.99622100   26.74015000   53.71186100
        C  65.78910000   29.53300000   44.76770000
        O  66.97292500   29.59477600   44.37116300
        O  65.07781600   28.50561700   44.80025900
        H  65.33112100   30.46885000   45.12046100
        C  47.65890000   31.15830000   61.15630000
        N  47.80947700   31.54352000   59.89224600
        H  47.49896000   32.20602200   60.58850000
        H  48.00564600   30.58848200   60.15591300
        N  47.25000100   32.03070400   62.07314900
        H  47.44617000   31.07566600   62.33681600
        H  47.36434900   32.32324000   61.11322800
        N  47.91722100   29.90067600   61.50350500
        H  48.03157000   30.19321100   60.54358400
        H  47.60670400   30.56317800   62.19975900
        C  51.95630000   33.68720000   65.49240000
        N  52.10687700   34.07242000   64.22834600
        H  51.79636000   34.73492200   64.92460000
        H  52.30304600   33.11738200   64.49201300
        N  51.54740100   34.55960400   66.40924900
        H  51.74357000   33.60456600   66.67291600
        H  51.66174900   34.85214000   65.44932800
        N  52.21462100   32.42957600   65.83960500
        H  52.32897000   32.72211100   64.87968400
        H  51.90410400   33.09207800   66.53585900
        C  71.00800000   32.33200000   50.39870000
        O  72.19182500   32.39377600   50.00216300
        O  70.29671600   31.30461700   50.43125900
        H  70.55002100   33.26785000   50.75146100

Note: printed only print_atoms_list (this is not necessarily all atoms) 
  ------------RUNNING QM/MM MODULE------------- 
QM Module: ORCATheory
MM Module: OpenMMTheory
Charge provided from QMMMTheory object:  -2
Mult provided from QMMMTheory object:  1
QM-region Charge: -2 Mult: 1
Embedding: Electrostatic
Number of pointcharges (to QM program): 76
Number of charge coordinates: 76
Running QM/MM object with 8 cores available

-------------------------------------------------------------------
Time to calculate step (before-QMstep): 0.000 seconds, 0.0 minutes.
-------------------------------------------------------------------
  ------------RUNNING ORCA INTERFACE------------- 
Object-label: ORCA
Run-label: None
Running ORCA with 8 cores available
Moreadfile option not active
A GBW-file with same basename : orca.gbw is present
Autostart is False. ORCA will ignore any file present
Creating inputfile: orca.inp
ORCA input:
! B3LYP D3BJ def2-SVP def2/J RIJCOSX CPCM TightSCF

! Noautostart

%cpcm epsilon 4.0 end
%scf MaxIter 300 Guess PModel end
Charge: -2  Mult: 1
Pointcharge embedding is on!
 ORCA Calculation starting. 
Found warning messages in ORCA outputfile:
WARNING: The chosen methods will break translational/rotational symmetry
 WARNING: The chosen methods will break translational symmetry
 WARNING: The chosen methods will break translational symmetry
 Warning: op=0 Small HOMO/LUMO gap (   0.027) - skipping pre-diagonalization

 ORCA Calculation done. 
ORCA converged in 15 iterations
ORCA energy: -836.668937756334
  ------------ENDING ORCA-INTERFACE------------- 

----------------------------------------------------------------
Time to calculate step (ORCA run): 124.030 seconds, 2.1 minutes.
----------------------------------------------------------------

---------------------------------------------------------------
Time to calculate step (QM step): 124.030 seconds, 2.1 minutes.
---------------------------------------------------------------

----------------------------------------------------------------------
Time to calculate step (QMpcgrad prepare): 0.000 seconds, 0.0 minutes.
----------------------------------------------------------------------

--------------------------------------------------------------------------
Time to calculate step (linkatomgrad prepare): 0.000 seconds, 0.0 minutes.
--------------------------------------------------------------------------

----------------------------------------------------------------------------
Time to calculate step (QM/MM gradient prepare): 0.000 seconds, 0.0 minutes.
----------------------------------------------------------------------------
Using OpenMM theory as part of QM/MM.
Using MM on full system. Charges for QM region [0, 1, 2, 3, 4, 5, 6, 7, 8, 9, 10, 11, 12, 13, 14, 15, 16, 17, 18, 19, 20, 21, 22, 23] have been set to zero 

--------------------------------------------------------------------------------
                   Creating/updating OpenMM simulation object                   
--------------------------------------------------------------------------------

Integrator name: VerletIntegrator
Timestep: 0.001
Temperature: 300
Coupling frequency: 1
Properties: {'Threads': '1'}
Topology: <Topology; 1 chains, 1 residues, 100 atoms, 0 bonds>

----------------------------------------------------------------------------------Step    9 : Displace = [0m1.171e-01[0m/[0m5.197e-01[0m (rms/max) Trust = 3.000e-01 (=) Grad_T = [0m1.250e-02[0m/[0m4.590e-02[0m (rms/max) E (change) = -839.7646273474 ([0m-3.311e-02[0m) Quality = [0m0.762[0m
Hessian Eigenvalues: 1.25171e-03 2.35674e-02 2.63687e-02 ... 5.78010e-01 5.80071e-01 5.92650e-01
Step   10 : Displace = [0m1.901e-01[0m/[0m8.048e-01[0m (rms/max) Trust = 3.000e-01 (=) Grad_T = [0m1.238e-02[0m/[0m6.236e-02[0m (rms/max) E (change) = -839.7896601234 ([0m-2.503e-02[0m) Quality = [0m0.835[0m
Hessian Eigenvalues: 1.37934e-03 2.31925e-02 2.62483e-02 ... 5.78010e-01 5.87234e-01 6.07469e-01
Step   11 : Displace = [0m4.340e-02[0m/[0m1.738e-01[0m (rms/max) Trust = 3.000e-01 (=) Grad_T = [0m1.492e-02[0m/[0m6.604e-02[0m (rms/max) E (change) = -839.7906580425 ([0m-9.979e-04[0m) Quality = [0m0.044[0m
Hessian Eigenvalues: 1.39099e-03 2.06400e-02 2.57114e-02 ... 5.78010e-01 5.86478e-01 6.84658e-01
Step   12 : Displace = [0m2.205e-02[0m/[0m1.153e-01[0m (rms/max) Trust = 2.170e-02 ([91m-[0m) Grad_T = [0m4.434e-03[0m/[0m1.435e-02[0m (rms/max) E (change) = -839.8152645618 ([0m-2.461e-02[0m) Quality = [0m0.907[0m
Hessian Eigenvalues: 1.38970e-03 2.13654e-02 2.56733e-02 ... 5.78010e-01 5.87817e-01 6.66984e-01
Step   13 : Displace = [0m3.062e-02[0m/[0m1.775e-01[0m (rms/max) Trust = 3.069e-02 ([92m+[0m) Grad_T = [0m6.244e-03[0m/[0m2.878e-02[0m (rms/max) E (change) = -839.8212667898 ([0m-6.002e-03[0m) Quality = [0m0.573[0m
Hessian Eigenvalues: 1.62403e-03 1.54589e-02 2.57039e-02 ... 5.78010e-01 5.88303e-01 6.66517e-01
Step   14 : Displace = [0m2.934e-02[0m/[0m9.981e-02[0m (rms/max) Trust = 3.069e-02 (=) Grad_T = [0m4.665e-03[0m/[0m2.768e-02[0m (rms/max) E (change) = -839.8305980874 ([0m-9.331e-03[0m) Quality = [0m1.058[0m
Hessian Eigenvalues: 1.30991e-03 1.56315e-02 2.63686e-02 ... 5.78010e-01 5.87444e-01 7.15208e-01
Step   15 : Displace = [0m4.153e-02[0m/[0m1.401e-01[0m (rms/max) Trust = 4.340e-02 ([92m+[0m) Grad_T = [0m7.191e-03[0m/[0m5.085e-02[0m (rms/max) E (change) = -839.8381751650 ([0m-7.577e-03[0m) Quality = [0m0.865[0m
Hessian Eigenvalues: 1.12076e-03 9.55411e-03 2.63685e-02 ... 5.86833e-01 6.66567e-01 7.79284e-01
Step   16 : Displace = [0m6.116e-02[0m/[0m2.170e-01[0m (rms/max) Trust = 6.137e-02 ([92m+[0m) Grad_T = [0m1.049e-02[0m/[0m5.300e-02[0m (rms/max) E (change) = -839.8437380470 ([0m-5.563e-03[0m) Quality = [0m0.396[0m
Hessian Eigenvalues: 1.27349e-03 1.20943e-02 2.63686e-02 ... 5.87720e-01 6.77882e-01 9.00216e-01
Step   17 : Displace = [0m5.984e-02[0m/[0m2.029e-01[0m (rms/max) Trust = 6.137e-02 (=) Grad_T = [0m4.228e-03[0m/[0m2.037e-02[0m (rms/max) E (change) = -839.8586613781 ([0m-1.492e-02[0m) Quality = [0m1.039[0m
Hessian Eigenvalues: 1.27388e-03 1.19714e-02 2.62012e-02 ... 5.86802e-01 6.90318e-01 9.29240e-01
Step   18 : Displace = [0m8.611e-02[0m/[0m2.396e-01[0m (rms/max) Trust = 8.679e-02 ([92m+[0m) Grad_T = [0m1.253e-02[0m/[0m6.847e-02[0m (rms/max) E (change) = -839.8672533723 ([0m-8.592e-03[0m) Quality = [0m0.732[0m
Hessian Eigenvalues: 7.58525e-04 1.13078e-02 2.40358e-02 ... 5.87288e-01 7.11902e-01 1.44041e+00

Time to calculate step (creating/updating simulation): 0.002 seconds, 0.0 minutes.
----------------------------------------------------------------------------------

--------------------------------------------------------------------------------
                     Running Single-point OpenMM Interface                      
--------------------------------------------------------------------------------

Number of OpenMM system constraints defined: 0

-----------------------------------------------------------------------------------
Time to calculate step (OpenMMTheory.run: const-check): 0.002 seconds, 0.0 minutes.
-----------------------------------------------------------------------------------
Updating coordinates.

------------------------------------------------------------------------
Time to calculate step (Creating pos array): 0.000 seconds, 0.0 minutes.
------------------------------------------------------------------------

---------------------------------------------------------------------------
Time to calculate step (Updating MM positions): 0.000 seconds, 0.0 minutes.
---------------------------------------------------------------------------
Calling OpenMM getState.

---------------------------------------------------------------------
Time to calculate step (OpenMM getState): 0.000 seconds, 0.0 minutes.
---------------------------------------------------------------------
OpenMM Energy: -3.062576122922699 Eh
OpenMM Energy: -1921.795532173431 kcal/mol

-----------------------
Ending OpenMM interface
-----------------------

----------------------------------------------------------------
Time to calculate step (OpenMM run): 0.003 seconds, 0.0 minutes.
----------------------------------------------------------------

-------------------------------------------------------------
Time to calculate step (MM step): 0.003 seconds, 0.0 minutes.
-------------------------------------------------------------

Note: You are using electrostatic embedding. This means that the QM-energy is actually the polarized QM-energy
Note: MM energy also contains the QM-MM Lennard-Jones interaction

QM energy:              -836.668937756334 
MM energy:                -3.062576122923
QM/MM energy:           -839.731513879257 

  ------------ENDING QM/MM MODULE------------- 

-----------------------------------------------------------------
Time to calculate step (QM/MM run): 124.033 seconds, 2.1 minutes.
-----------------------------------------------------------------
geometric called save_guess_files option option for ASHengineclass.
This option is currently unsupported in ASH. Continuing.

Convergence criteria: {'convergence_energy': 1e-05, 'convergence_grms': 0.003, 'convergence_gmax': 0.006, 'convergence_drms': 0.01, 'convergence_dmax': 0.015, 'convergence_cmax': 0.01}

Replacing coordinates in fragment.
Creating/Updating fragment attributes...
Number of Atoms in fragment: 100
Formula: N18H48O14C20
Label: CHHCCOOOCHCHCCHCHCHOHCOOCNHHNHHNHHCNHHNHHNHHCOOHCNHHNHHNHHCNHHNHHNHHCOOHCOOHCNHHNHHNHHCNHHNHHNHHCOOH
Charge: -2 Mult: 1

--------------------------------------------------------------------------------
Wrote XYZ file:  Fragment-currentgeo.xyz
Current geometry (Å) in step 7 (print_atoms_list region)
---------------------------------------------------
        C  58.13980261   35.60507159   57.94300741
        H  58.54700062   35.03561797   57.01423292
        H  58.60257025   36.57544498   58.28920129
        C  57.18748109   34.92301805   58.60348655
        C  56.69503687   35.39955448   59.94155130
        O  57.23241184   36.48514907   60.29661736
        O  55.92826851   34.71974905   60.64388461
        O  56.56218108   33.80416007   58.20584419
        C  56.84876442   33.06094781   56.88821421
        H  56.19631208   32.19166836   57.08207694
        C  58.27934990   32.49535227   56.84567331
        H  58.52270633   31.79302603   57.65633536
        C  59.04999623   32.52817825   55.72148929
        C  58.62730561   33.34290507   54.55853563
        H  59.31886013   33.45661663   53.71684960
        C  57.45556803   33.99823657   54.53804548
        H  57.19972820   34.67192674   53.70974908
        C  56.34490841   33.66226712   55.52605508
        H  55.74848141   34.59046689   55.70592839
        O  55.51403949   32.73602384   54.83036881
        H  55.40814190   31.89223204   55.26041511
        C  60.40648728   31.91289212   55.69466379
        O  60.73742760   31.26466913   56.72820660
        O  61.06886946   32.21259930   54.69172082
        C  54.89040000   41.21830000   65.11750000
        N  55.04097700   41.60352000   63.85344600
        H  54.73046000   42.26602200   64.54970000
        H  55.23714600   40.64848200   64.11711300
        N  54.48150100   42.09070400   66.03434900
        H  54.67767000   41.13566600   66.29801600
        H  54.59584900   42.38324000   65.07442800
        N  55.14872100   39.96067600   65.46470500
        H  55.26307000   40.25321100   64.50478400
        H  54.83820400   40.62317800   66.16095900
        C  59.50090000   39.33550000   66.26000000
        N  59.65147700   39.72072000   64.99594600
        H  59.34096000   40.38322200   65.69220000
        H  59.84764600   38.76568200   65.25961300
        N  59.09200100   40.20790400   67.17684900
        H  59.28817000   39.25286600   67.44051600
        H  59.20634900   40.50044000   66.21692800
        N  59.75922100   38.07787600   66.60720500
        H  59.87357000   38.37041100   65.64728400
        H  59.44870400   38.74037800   67.30345900
        C  69.74840000   37.57020000   52.11000000
        O  70.93222500   37.63197600   51.71346300
        O  69.03711600   36.54281700   52.14255900
        H  69.29042100   38.50605000   52.46276100
        C  49.75560000   39.75790000   62.74580000
        N  49.90617700   40.14312000   61.48174600
        H  49.59566000   40.80562200   62.17800000
        H  50.10234600   39.18808200   61.74541300
        N  49.34670100   40.63030400   63.66264900
        H  49.54287000   39.67526600   63.92631600
        H  49.46104900   40.92284000   62.70272800
        N  50.01392100   38.50027600   63.09300500
        H  50.12827000   38.79281100   62.13308400
        H  49.70340400   39.16277800   63.78925900
        C  54.95800000   29.39440000   66.15720000
        N  55.10857700   29.77962000   64.89314600
        H  54.79806000   30.44212200   65.58940000
        H  55.30474600   28.82458200   65.15681300
        N  54.54910100   30.26680400   67.07404900
        H  54.74527000   29.31176600   67.33771600
        H  54.66344900   30.55934000   66.11412800
        N  55.21632100   28.13677600   66.50440500
        H  55.33067000   28.42931100   65.54448400
        H  54.90580400   28.79927800   67.20065900
        C  69.45420000   25.80430000   53.35910000
        O  70.63802500   25.86607600   52.96256300
        O  68.74291600   24.77691700   53.39165900
        H  68.99622100   26.74015000   53.71186100
        C  65.78910000   29.53300000   44.76770000
        O  66.97292500   29.59477600   44.37116300
        O  65.07781600   28.50561700   44.80025900
        H  65.33112100   30.46885000   45.12046100
        C  47.65890000   31.15830000   61.15630000
        N  47.80947700   31.54352000   59.89224600
        H  47.49896000   32.20602200   60.58850000
        H  48.00564600   30.58848200   60.15591300
        N  47.25000100   32.03070400   62.07314900
        H  47.44617000   31.07566600   62.33681600
        H  47.36434900   32.32324000   61.11322800
        N  47.91722100   29.90067600   61.50350500
        H  48.03157000   30.19321100   60.54358400
        H  47.60670400   30.56317800   62.19975900
        C  51.95630000   33.68720000   65.49240000
        N  52.10687700   34.07242000   64.22834600
        H  51.79636000   34.73492200   64.92460000
        H  52.30304600   33.11738200   64.49201300
        N  51.54740100   34.55960400   66.40924900
        H  51.74357000   33.60456600   66.67291600
        H  51.66174900   34.85214000   65.44932800
        N  52.21462100   32.42957600   65.83960500
        H  52.32897000   32.72211100   64.87968400
        H  51.90410400   33.09207800   66.53585900
        C  71.00800000   32.33200000   50.39870000
        O  72.19182500   32.39377600   50.00216300
        O  70.29671600   31.30461700   50.43125900
        H  70.55002100   33.26785000   50.75146100

Note: printed only print_atoms_list (this is not necessarily all atoms) 
  ------------RUNNING QM/MM MODULE------------- 
QM Module: ORCATheory
MM Module: OpenMMTheory
Charge provided from QMMMTheory object:  -2
Mult provided from QMMMTheory object:  1
QM-region Charge: -2 Mult: 1
Embedding: Electrostatic
Number of pointcharges (to QM program): 76
Number of charge coordinates: 76
Running QM/MM object with 8 cores available

-------------------------------------------------------------------
Time to calculate step (before-QMstep): 0.000 seconds, 0.0 minutes.
-------------------------------------------------------------------
  ------------RUNNING ORCA INTERFACE------------- 
Object-label: ORCA
Run-label: None
Running ORCA with 8 cores available
Moreadfile option not active
A GBW-file with same basename : orca.gbw is present
Autostart is False. ORCA will ignore any file present
Creating inputfile: orca.inp
ORCA input:
! B3LYP D3BJ def2-SVP def2/J RIJCOSX CPCM TightSCF

! Noautostart

%cpcm epsilon 4.0 end
%scf MaxIter 300 Guess PModel end
Charge: -2  Mult: 1
Pointcharge embedding is on!
 ORCA Calculation starting. 
Found warning messages in ORCA outputfile:
WARNING: The chosen methods will break translational/rotational symmetry
 WARNING: The chosen methods will break translational symmetry
 WARNING: The chosen methods will break translational symmetry
 Warning: op=0 Small HOMO/LUMO gap (   0.059) - skipping pre-diagonalization

 ORCA Calculation done. 
ORCA converged in 14 iterations
ORCA energy: -836.702071738164
  ------------ENDING ORCA-INTERFACE------------- 

----------------------------------------------------------------
Time to calculate step (ORCA run): 114.178 seconds, 1.9 minutes.
----------------------------------------------------------------

---------------------------------------------------------------
Time to calculate step (QM step): 114.178 seconds, 1.9 minutes.
---------------------------------------------------------------

----------------------------------------------------------------------
Time to calculate step (QMpcgrad prepare): 0.000 seconds, 0.0 minutes.
----------------------------------------------------------------------

--------------------------------------------------------------------------
Time to calculate step (linkatomgrad prepare): 0.000 seconds, 0.0 minutes.
--------------------------------------------------------------------------

----------------------------------------------------------------------------
Time to calculate step (QM/MM gradient prepare): 0.000 seconds, 0.0 minutes.
----------------------------------------------------------------------------
Using OpenMM theory as part of QM/MM.
Using MM on full system. Charges for QM region [0, 1, 2, 3, 4, 5, 6, 7, 8, 9, 10, 11, 12, 13, 14, 15, 16, 17, 18, 19, 20, 21, 22, 23] have been set to zero 

--------------------------------------------------------------------------------
                   Creating/updating OpenMM simulation object                   
--------------------------------------------------------------------------------

Integrator name: VerletIntegrator
Timestep: 0.001
Temperature: 300
Coupling frequency: 1
Properties: {'Threads': '1'}
Topology: <Topology; 1 chains, 1 residues, 100 atoms, 0 bonds>

----------------------------------------------------------------------------------
Time to calculate step (creating/updating simulation): 0.002 seconds, 0.0 minutes.
----------------------------------------------------------------------------------

--------------------------------------------------------------------------------
                     Running Single-point OpenMM Interface                      
--------------------------------------------------------------------------------

Number of OpenMM system constraints defined: 0

-----------------------------------------------------------------------------------
Time to calculate step (OpenMMTheory.run: const-check): 0.002 seconds, 0.0 minutes.
-----------------------------------------------------------------------------------
Updating coordinates.

------------------------------------------------------------------------
Time to calculate step (Creating pos array): 0.000 seconds, 0.0 minutes.
------------------------------------------------------------------------

---------------------------------------------------------------------------
Time to calculate step (Updating MM positions): 0.000 seconds, 0.0 minutes.
---------------------------------------------------------------------------
Calling OpenMM getState.

---------------------------------------------------------------------
Time to calculate step (OpenMM getState): 0.000 seconds, 0.0 minutes.
---------------------------------------------------------------------
OpenMM Energy: -3.06255560926975 Eh
OpenMM Energy: -1921.7826596618577 kcal/mol

-----------------------
Ending OpenMM interface
-----------------------

----------------------------------------------------------------
Time to calculate step (OpenMM run): 0.003 seconds, 0.0 minutes.
----------------------------------------------------------------

-------------------------------------------------------------
Time to calculate step (MM step): 0.004 seconds, 0.0 minutes.
-------------------------------------------------------------

Note: You are using electrostatic embedding. This means that the QM-energy is actually the polarized QM-energy
Note: MM energy also contains the QM-MM Lennard-Jones interaction

QM energy:              -836.702071738164 
MM energy:                -3.062555609270
QM/MM energy:           -839.764627347434 

  ------------ENDING QM/MM MODULE------------- 

-----------------------------------------------------------------
Time to calculate step (QM/MM run): 114.182 seconds, 1.9 minutes.
-----------------------------------------------------------------
geometric called save_guess_files option option for ASHengineclass.
This option is currently unsupported in ASH. Continuing.
geometric called clearCalcs option for ASHengineclass.
This option is currently unsupported in ASH. Continuing.

Convergence criteria: {'convergence_energy': 1e-05, 'convergence_grms': 0.003, 'convergence_gmax': 0.006, 'convergence_drms': 0.01, 'convergence_dmax': 0.015, 'convergence_cmax': 0.01}

Replacing coordinates in fragment.
Creating/Updating fragment attributes...
Number of Atoms in fragment: 100
Formula: N18H48O14C20
Label: CHHCCOOOCHCHCCHCHCHOHCOOCNHHNHHNHHCNHHNHHNHHCOOHCNHHNHHNHHCNHHNHHNHHCOOHCOOHCNHHNHHNHHCNHHNHHNHHCOOH
Charge: -2 Mult: 1

--------------------------------------------------------------------------------
Wrote XYZ file:  Fragment-currentgeo.xyz
Current geometry (Å) in step 8 (print_atoms_list region)
---------------------------------------------------
        C  57.64968337   35.88878815   58.13667322
        H  58.03497062   35.49626799   57.17559263
        H  58.14595492   36.78730729   58.54348412
        C  56.82924098   35.05109140   58.84402914
        C  56.50061816   35.19924076   60.45324122
        O  56.89550647   36.30265266   61.08023370
        O  55.86432140   34.28487361   61.13459554
        O  56.26582545   33.91433511   58.33660631
        C  56.67088987   33.18473906   57.04283047
        H  56.04307538   32.28493276   57.20390545
        C  58.09938769   32.66152914   57.09439146
        H  58.33995373   31.99672233   57.93512277
        C  58.89463040   32.61397198   55.98800425
        C  58.52013186   33.35760579   54.76053561
        H  59.24465756   33.40274007   53.93500624
        C  57.35781072   34.02933338   54.67562922
        H  57.15577826   34.67349180   53.80941437
        C  56.20915452   33.75375948   55.64454478
        H  55.63063683   34.69803326   55.76297314
        O  55.32711216   32.83841882   54.99073460
        H  55.45552511   31.88842389   55.29421235
        C  60.23832453   31.89591916   55.99543231
        O  60.49186279   31.14911926   56.98895260
        O  60.90264157   32.19127080   54.99719197
        C  54.89040000   41.21830000   65.11750000
        N  55.04097700   41.60352000   63.85344600
        H  54.73046000   42.26602200   64.54970000
        H  55.23714600   40.64848200   64.11711300
        N  54.48150100   42.09070400   66.03434900
        H  54.67767000   41.13566600   66.29801600
        H  54.59584900   42.38324000   65.07442800
        N  55.14872100   39.96067600   65.46470500
        H  55.26307000   40.25321100   64.50478400
        H  54.83820400   40.62317800   66.16095900
        C  59.50090000   39.33550000   66.26000000
        N  59.65147700   39.72072000   64.99594600
        H  59.34096000   40.38322200   65.69220000
        H  59.84764600   38.76568200   65.25961300
        N  59.09200100   40.20790400   67.17684900
        H  59.28817000   39.25286600   67.44051600
        H  59.20634900   40.50044000   66.21692800
        N  59.75922100   38.07787600   66.60720500
        H  59.87357000   38.37041100   65.64728400
        H  59.44870400   38.74037800   67.30345900
        C  69.74840000   37.57020000   52.11000000
        O  70.93222500   37.63197600   51.71346300
        O  69.03711600   36.54281700   52.14255900
        H  69.29042100   38.50605000   52.46276100
        C  49.75560000   39.75790000   62.74580000
        N  49.90617700   40.14312000   61.48174600
        H  49.59566000   40.80562200   62.17800000
        H  50.10234600   39.18808200   61.74541300
        N  49.34670100   40.63030400   63.66264900
        H  49.54287000   39.67526600   63.92631600
        H  49.46104900   40.92284000   62.70272800
        N  50.01392100   38.50027600   63.09300500
        H  50.12827000   38.79281100   62.13308400
        H  49.70340400   39.16277800   63.78925900
        C  54.95800000   29.39440000   66.15720000
        N  55.10857700   29.77962000   64.89314600
        H  54.79806000   30.44212200   65.58940000
        H  55.30474600   28.82458200   65.15681300
        N  54.54910100   30.26680400   67.07404900
        H  54.74527000   29.31176600   67.33771600
        H  54.66344900   30.55934000   66.11412800
        N  55.21632100   28.13677600   66.50440500
        H  55.33067000   28.42931100   65.54448400
        H  54.90580400   28.79927800   67.20065900
        C  69.45420000   25.80430000   53.35910000
        O  70.63802500   25.86607600   52.96256300
        O  68.74291600   24.77691700   53.39165900
        H  68.99622100   26.74015000   53.71186100
        C  65.78910000   29.53300000   44.76770000
        O  66.97292500   29.59477600   44.37116300
        O  65.07781600   28.50561700   44.80025900
        H  65.33112100   30.46885000   45.12046100
        C  47.65890000   31.15830000   61.15630000
        N  47.80947700   31.54352000   59.89224600
        H  47.49896000   32.20602200   60.58850000
        H  48.00564600   30.58848200   60.15591300
        N  47.25000100   32.03070400   62.07314900
        H  47.44617000   31.07566600   62.33681600
        H  47.36434900   32.32324000   61.11322800
        N  47.91722100   29.90067600   61.50350500
        H  48.03157000   30.19321100   60.54358400
        H  47.60670400   30.56317800   62.19975900
        C  51.95630000   33.68720000   65.49240000
        N  52.10687700   34.07242000   64.22834600
        H  51.79636000   34.73492200   64.92460000
        H  52.30304600   33.11738200   64.49201300
        N  51.54740100   34.55960400   66.40924900
        H  51.74357000   33.60456600   66.67291600
        H  51.66174900   34.85214000   65.44932800
        N  52.21462100   32.42957600   65.83960500
        H  52.32897000   32.72211100   64.87968400
        H  51.90410400   33.09207800   66.53585900
        C  71.00800000   32.33200000   50.39870000
        O  72.19182500   32.39377600   50.00216300
        O  70.29671600   31.30461700   50.43125900
        H  70.55002100   33.26785000   50.75146100

Note: printed only print_atoms_list (this is not necessarily all atoms) 
  ------------RUNNING QM/MM MODULE------------- 
QM Module: ORCATheory
MM Module: OpenMMTheory
Charge provided from QMMMTheory object:  -2
Mult provided from QMMMTheory object:  1
QM-region Charge: -2 Mult: 1
Embedding: Electrostatic
Number of pointcharges (to QM program): 76
Number of charge coordinates: 76
Running QM/MM object with 8 cores available

-------------------------------------------------------------------
Time to calculate step (before-QMstep): 0.000 seconds, 0.0 minutes.
-------------------------------------------------------------------
  ------------RUNNING ORCA INTERFACE------------- 
Object-label: ORCA
Run-label: None
Running ORCA with 8 cores available
Moreadfile option not active
A GBW-file with same basename : orca.gbw is present
Autostart is False. ORCA will ignore any file present
Creating inputfile: orca.inp
ORCA input:
! B3LYP D3BJ def2-SVP def2/J RIJCOSX CPCM TightSCF

! Noautostart

%cpcm epsilon 4.0 end
%scf MaxIter 300 Guess PModel end
Charge: -2  Mult: 1
Pointcharge embedding is on!
 ORCA Calculation starting. 
Found warning messages in ORCA outputfile:
WARNING: The chosen methods will break translational/rotational symmetry
 WARNING: The chosen methods will break translational symmetry
 WARNING: The chosen methods will break translational symmetry
 Warning: op=0 Small HOMO/LUMO gap (   0.031) - skipping pre-diagonalization

 ORCA Calculation done. 
ORCA converged in 14 iterations
ORCA energy: -836.72691487421
  ------------ENDING ORCA-INTERFACE------------- 

----------------------------------------------------------------
Time to calculate step (ORCA run): 119.606 seconds, 2.0 minutes.
----------------------------------------------------------------

---------------------------------------------------------------
Time to calculate step (QM step): 119.606 seconds, 2.0 minutes.
---------------------------------------------------------------

----------------------------------------------------------------------
Time to calculate step (QMpcgrad prepare): 0.000 seconds, 0.0 minutes.
----------------------------------------------------------------------

--------------------------------------------------------------------------
Time to calculate step (linkatomgrad prepare): 0.000 seconds, 0.0 minutes.
--------------------------------------------------------------------------

----------------------------------------------------------------------------
Time to calculate step (QM/MM gradient prepare): 0.000 seconds, 0.0 minutes.
----------------------------------------------------------------------------
Using OpenMM theory as part of QM/MM.
Using MM on full system. Charges for QM region [0, 1, 2, 3, 4, 5, 6, 7, 8, 9, 10, 11, 12, 13, 14, 15, 16, 17, 18, 19, 20, 21, 22, 23] have been set to zero 

--------------------------------------------------------------------------------
                   Creating/updating OpenMM simulation object                   
--------------------------------------------------------------------------------

Integrator name: VerletIntegrator
Timestep: 0.001
Temperature: 300
Coupling frequency: 1
Properties: {'Threads': '1'}
Topology: <Topology; 1 chains, 1 residues, 100 atoms, 0 bonds>

----------------------------------------------------------------------------------
Time to calculate step (creating/updating simulation): 0.002 seconds, 0.0 minutes.
----------------------------------------------------------------------------------

--------------------------------------------------------------------------------
                     Running Single-point OpenMM Interface                      
--------------------------------------------------------------------------------

Number of OpenMM system constraints defined: 0

-----------------------------------------------------------------------------------
Time to calculate step (OpenMMTheory.run: const-check): 0.002 seconds, 0.0 minutes.
-----------------------------------------------------------------------------------
Updating coordinates.

------------------------------------------------------------------------
Time to calculate step (Creating pos array): 0.000 seconds, 0.0 minutes.
------------------------------------------------------------------------

---------------------------------------------------------------------------
Time to calculate step (Updating MM positions): 0.000 seconds, 0.0 minutes.
---------------------------------------------------------------------------
Calling OpenMM getState.

---------------------------------------------------------------------
Time to calculate step (OpenMM getState): 0.000 seconds, 0.0 minutes.
---------------------------------------------------------------------
OpenMM Energy: -3.062745249221594 Eh
OpenMM Energy: -1921.9016605283007 kcal/mol

-----------------------
Ending OpenMM interface
-----------------------

----------------------------------------------------------------
Time to calculate step (OpenMM run): 0.003 seconds, 0.0 minutes.
----------------------------------------------------------------

-------------------------------------------------------------
Time to calculate step (MM step): 0.003 seconds, 0.0 minutes.
-------------------------------------------------------------

Note: You are using electrostatic embedding. This means that the QM-energy is actually the polarized QM-energy
Note: MM energy also contains the QM-MM Lennard-Jones interaction

QM energy:              -836.726914874210 
MM energy:                -3.062745249222
QM/MM energy:           -839.789660123432 

  ------------ENDING QM/MM MODULE------------- 

-----------------------------------------------------------------
Time to calculate step (QM/MM run): 119.610 seconds, 2.0 minutes.
-----------------------------------------------------------------
geometric called save_guess_files option option for ASHengineclass.
This option is currently unsupported in ASH. Continuing.

Convergence criteria: {'convergence_energy': 1e-05, 'convergence_grms': 0.003, 'convergence_gmax': 0.006, 'convergence_drms': 0.01, 'convergence_dmax': 0.015, 'convergence_cmax': 0.01}

Replacing coordinates in fragment.
Creating/Updating fragment attributes...
Number of Atoms in fragment: 100
Formula: N18H48O14C20
Label: CHHCCOOOCHCHCCHCHCHOHCOOCNHHNHHNHHCNHHNHHNHHCOOHCNHHNHHNHHCNHHNHHNHHCOOHCOOHCNHHNHHNHHCNHHNHHNHHCOOH
Charge: -2 Mult: 1

--------------------------------------------------------------------------------
Wrote XYZ file:  Fragment-currentgeo.xyz
Current geometry (Å) in step 9 (print_atoms_list region)
---------------------------------------------------
        C  57.61431893   35.80271069   58.24333705
        H  57.96928747   35.54052427   57.25076559
        H  58.13131357   36.69212957   58.43369502
        C  56.80165508   35.00378481   59.00837927
        C  56.45928565   35.22941986   60.54235266
        O  56.84888452   36.33910315   61.01834838
        O  55.73418777   34.39435830   61.08696109
        O  56.28814380   33.89320813   58.28813602
        C  56.67474541   33.17538120   57.03421645
        H  55.99523058   32.31204079   57.19719583
        C  58.04392499   32.64344030   57.08797970
        H  58.37620072   32.03010654   57.92100631
        C  58.85129030   32.64232054   56.00672789
        C  58.50608701   33.39173103   54.79539993
        H  59.26801360   33.41185478   54.00633837
        C  57.33523869   34.03957569   54.69819169
        H  57.11903957   34.66336550   53.82815579
        C  56.21409330   33.77399080   55.67336256
        H  55.64287274   34.69723842   55.83608556
        O  55.26439966   32.87879315   55.06726310
        H  55.50238597   31.91966886   55.33100670
        C  60.24190236   31.90112071   56.02927303
        O  60.42274607   31.16099123   57.03901883
        O  60.94662683   32.15638263   55.03711155
        C  54.89040000   41.21830000   65.11750000
        N  55.04097700   41.60352000   63.85344600
        H  54.73046000   42.26602200   64.54970000
        H  55.23714600   40.64848200   64.11711300
        N  54.48150100   42.09070400   66.03434900
        H  54.67767000   41.13566600   66.29801600
        H  54.59584900   42.38324000   65.07442800
        N  55.14872100   39.96067600   65.46470500
        H  55.26307000   40.25321100   64.50478400
        H  54.83820400   40.62317800   66.16095900
        C  59.50090000   39.33550000   66.26000000
        N  59.65147700   39.72072000   64.99594600
        H  59.34096000   40.38322200   65.69220000
        H  59.84764600   38.76568200   65.25961300
        N  59.09200100   40.20790400   67.17684900
        H  59.28817000   39.25286600   67.44051600
        H  59.20634900   40.50044000   66.21692800
        N  59.75922100   38.07787600   66.60720500
        H  59.87357000   38.37041100   65.64728400
        H  59.44870400   38.74037800   67.30345900
        C  69.74840000   37.57020000   52.11000000
        O  70.93222500   37.63197600   51.71346300
        O  69.03711600   36.54281700   52.14255900
        H  69.29042100   38.50605000   52.46276100
        C  49.75560000   39.75790000   62.74580000
        N  49.90617700   40.14312000   61.48174600
        H  49.59566000   40.80562200   62.17800000
        H  50.10234600   39.18808200   61.74541300
        N  49.34670100   40.63030400   63.66264900
        H  49.54287000   39.67526600   63.92631600
        H  49.46104900   40.92284000   62.70272800
        N  50.01392100   38.50027600   63.09300500
        H  50.12827000   38.79281100   62.13308400
        H  49.70340400   39.16277800   63.78925900
        C  54.95800000   29.39440000   66.15720000
        N  55.10857700   29.77962000   64.89314600
        H  54.79806000   30.44212200   65.58940000
        H  55.30474600   28.82458200   65.15681300
        N  54.54910100   30.26680400   67.07404900
        H  54.74527000   29.31176600   67.33771600
        H  54.66344900   30.55934000   66.11412800
        N  55.21632100   28.13677600   66.50440500
        H  55.33067000   28.42931100   65.54448400
        H  54.90580400   28.79927800   67.20065900
        C  69.45420000   25.80430000   53.35910000
        O  70.63802500   25.86607600   52.96256300
        O  68.74291600   24.77691700   53.39165900
        H  68.99622100   26.74015000   53.71186100
        C  65.78910000   29.53300000   44.76770000
        O  66.97292500   29.59477600   44.37116300
        O  65.07781600   28.50561700   44.80025900
        H  65.33112100   30.46885000   45.12046100
        C  47.65890000   31.15830000   61.15630000
        N  47.80947700   31.54352000   59.89224600
        H  47.49896000   32.20602200   60.58850000
        H  48.00564600   30.58848200   60.15591300
        N  47.25000100   32.03070400   62.07314900
        H  47.44617000   31.07566600   62.33681600
        H  47.36434900   32.32324000   61.11322800
        N  47.91722100   29.90067600   61.50350500
        H  48.03157000   30.19321100   60.54358400
        H  47.60670400   30.56317800   62.19975900
        C  51.95630000   33.68720000   65.49240000
        N  52.10687700   34.07242000   64.22834600
        H  51.79636000   34.73492200   64.92460000
        H  52.30304600   33.11738200   64.49201300
        N  51.54740100   34.55960400   66.40924900
        H  51.74357000   33.60456600   66.67291600
        H  51.66174900   34.85214000   65.44932800
        N  52.21462100   32.42957600   65.83960500
        H  52.32897000   32.72211100   64.87968400
        H  51.90410400   33.09207800   66.53585900
        C  71.00800000   32.33200000   50.39870000
        O  72.19182500   32.39377600   50.00216300
        O  70.29671600   31.30461700   50.43125900
        H  70.55002100   33.26785000   50.75146100

Note: printed only print_atoms_list (this is not necessarily all atoms) 
  ------------RUNNING QM/MM MODULE------------- 
QM Module: ORCATheory
MM Module: OpenMMTheory
Charge provided from QMMMTheory object:  -2
Mult provided from QMMMTheory object:  1
QM-region Charge: -2 Mult: 1
Embedding: Electrostatic
Number of pointcharges (to QM program): 76
Number of charge coordinates: 76
Running QM/MM object with 8 cores available

-------------------------------------------------------------------
Time to calculate step (before-QMstep): 0.000 seconds, 0.0 minutes.
-------------------------------------------------------------------
  ------------RUNNING ORCA INTERFACE------------- 
Object-label: ORCA
Run-label: None
Running ORCA with 8 cores available
Moreadfile option not active
A GBW-file with same basename : orca.gbw is present
Autostart is False. ORCA will ignore any file present
Creating inputfile: orca.inp
ORCA input:
! B3LYP D3BJ def2-SVP def2/J RIJCOSX CPCM TightSCF

! Noautostart

%cpcm epsilon 4.0 end
%scf MaxIter 300 Guess PModel end
Charge: -2  Mult: 1
Pointcharge embedding is on!
 ORCA Calculation starting. 
Found warning messages in ORCA outputfile:
WARNING: The chosen methods will break translational/rotational symmetry
 WARNING: The chosen methods will break translational symmetry
 WARNING: The chosen methods will break translational symmetry
 Warning: op=0 Small HOMO/LUMO gap (   0.045) - skipping pre-diagonalization

 ORCA Calculation done. 
ORCA converged in 16 iterations
ORCA energy: -836.727896315222
  ------------ENDING ORCA-INTERFACE------------- 

----------------------------------------------------------------
Time to calculate step (ORCA run): 122.366 seconds, 2.0 minutes.
----------------------------------------------------------------

---------------------------------------------------------------
Time to calculate step (QM step): 122.366 seconds, 2.0 minutes.
---------------------------------------------------------------

----------------------------------------------------------------------
Time to calculate step (QMpcgrad prepare): 0.000 seconds, 0.0 minutes.
----------------------------------------------------------------------

--------------------------------------------------------------------------
Time to calculate step (linkatomgrad prepare): 0.000 seconds, 0.0 minutes.
--------------------------------------------------------------------------

----------------------------------------------------------------------------
Time to calculate step (QM/MM gradient prepare): 0.000 seconds, 0.0 minutes.
----------------------------------------------------------------------------
Using OpenMM theory as part of QM/MM.
Using MM on full system. Charges for QM region [0, 1, 2, 3, 4, 5, 6, 7, 8, 9, 10, 11, 12, 13, 14, 15, 16, 17, 18, 19, 20, 21, 22, 23] have been set to zero 

--------------------------------------------------------------------------------
                   Creating/updating OpenMM simulation object                   
--------------------------------------------------------------------------------

Integrator name: VerletIntegrator
Timestep: 0.001
Temperature: 300
Coupling frequency: 1
Properties: {'Threads': '1'}
Topology: <Topology; 1 chains, 1 residues, 100 atoms, 0 bonds>

----------------------------------------------------------------------------------
Time to calculate step (creating/updating simulation): 0.001 seconds, 0.0 minutes.
----------------------------------------------------------------------------------

--------------------------------------------------------------------------------
                     Running Single-point OpenMM Interface                      
--------------------------------------------------------------------------------

Number of OpenMM system constraints defined: 0

-----------------------------------------------------------------------------------
Time to calculate step (OpenMMTheory.run: const-check): 0.001 seconds, 0.0 minutes.
-----------------------------------------------------------------------------------
Updating coordinates.

------------------------------------------------------------------------
Time to calculate step (Creating pos array): 0.000 seconds, 0.0 minutes.
------------------------------------------------------------------------

---------------------------------------------------------------------------
Time to calculate step (Updating MM positions): 0.000 seconds, 0.0 minutes.
---------------------------------------------------------------------------
Calling OpenMM getState.

---------------------------------------------------------------------
Time to calculate step (OpenMM getState): 0.000 seconds, 0.0 minutes.
---------------------------------------------------------------------
OpenMM Energy: -3.0627617272923175 Eh
OpenMM Energy: -1921.912000673794 kcal/mol

-----------------------
Ending OpenMM interface
-----------------------

----------------------------------------------------------------
Time to calculate step (OpenMM run): 0.002 seconds, 0.0 minutes.
----------------------------------------------------------------

-------------------------------------------------------------
Time to calculate step (MM step): 0.002 seconds, 0.0 minutes.
-------------------------------------------------------------

Note: You are using electrostatic embedding. This means that the QM-energy is actually the polarized QM-energy
Note: MM energy also contains the QM-MM Lennard-Jones interaction

QM energy:              -836.727896315222 
MM energy:                -3.062761727292
QM/MM energy:           -839.790658042514 

  ------------ENDING QM/MM MODULE------------- 

-----------------------------------------------------------------
Time to calculate step (QM/MM run): 122.368 seconds, 2.0 minutes.
-----------------------------------------------------------------
geometric called save_guess_files option option for ASHengineclass.
This option is currently unsupported in ASH. Continuing.

Convergence criteria: {'convergence_energy': 1e-05, 'convergence_grms': 0.003, 'convergence_gmax': 0.006, 'convergence_drms': 0.01, 'convergence_dmax': 0.015, 'convergence_cmax': 0.01}

Replacing coordinates in fragment.
Creating/Updating fragment attributes...
Number of Atoms in fragment: 100
Formula: N18H48O14C20
Label: CHHCCOOOCHCHCCHCHCHOHCOOCNHHNHHNHHCNHHNHHNHHCOOHCNHHNHHNHHCNHHNHHNHHCOOHCOOHCNHHNHHNHHCNHHNHHNHHCOOH
Charge: -2 Mult: 1

--------------------------------------------------------------------------------
Wrote XYZ file:  Fragment-currentgeo.xyz
Current geometry (Å) in step 10 (print_atoms_list region)
---------------------------------------------------
        C  57.64090949   35.78142027   58.21567368
        H  57.98287273   35.50870880   57.22327747
        H  58.09401828   36.70855855   58.54271417
        C  56.81874940   34.99814176   58.92500183
        C  56.46348518   35.25473042   60.45696040
        O  56.83023621   36.33121606   61.02537593
        O  55.75962672   34.38841833   61.04507362
        O  56.23192188   33.89894679   58.35624469
        C  56.66470412   33.17452981   57.07262017
        H  55.99077842   32.31288136   57.21355962
        C  58.03873611   32.64948867   57.08890937
        H  58.37372324   32.03279836   57.92242042
        C  58.84573241   32.65120397   56.01109444
        C  58.50574271   33.39886341   54.80478335
        H  59.27006867   33.41684722   54.02094181
        C  57.33147045   34.04019706   54.70780350
        H  57.10966456   34.65852363   53.83366345
        C  56.21607759   33.77576241   55.69052833
        H  55.64032353   34.69580634   55.85080083
        O  55.27225410   32.86857226   55.08325265
        H  55.49220957   31.95015598   55.33284580
        C  60.23591559   31.90225760   56.03592453
        O  60.41643920   31.17391439   57.04321246
        O  60.95662141   32.14497739   55.04994766
        C  54.89040000   41.21830000   65.11750000
        N  55.04097700   41.60352000   63.85344600
        H  54.73046000   42.26602200   64.54970000
        H  55.23714600   40.64848200   64.11711300
        N  54.48150100   42.09070400   66.03434900
        H  54.67767000   41.13566600   66.29801600
        H  54.59584900   42.38324000   65.07442800
        N  55.14872100   39.96067600   65.46470500
        H  55.26307000   40.25321100   64.50478400
        H  54.83820400   40.62317800   66.16095900
        C  59.50090000   39.33550000   66.26000000
        N  59.65147700   39.72072000   64.99594600
        H  59.34096000   40.38322200   65.69220000
        H  59.84764600   38.76568200   65.25961300
        N  59.09200100   40.20790400   67.17684900
        H  59.28817000   39.25286600   67.44051600
        H  59.20634900   40.50044000   66.21692800
        N  59.75922100   38.07787600   66.60720500
        H  59.87357000   38.37041100   65.64728400
        H  59.44870400   38.74037800   67.30345900
        C  69.74840000   37.57020000   52.11000000
        O  70.93222500   37.63197600   51.71346300
        O  69.03711600   36.54281700   52.14255900
        H  69.29042100   38.50605000   52.46276100
        C  49.75560000   39.75790000   62.74580000
        N  49.90617700   40.14312000   61.48174600
        H  49.59566000   40.80562200   62.17800000
        H  50.10234600   39.18808200   61.74541300
        N  49.34670100   40.63030400   63.66264900
        H  49.54287000   39.67526600   63.92631600
        H  49.46104900   40.92284000   62.70272800
        N  50.01392100   38.50027600   63.09300500
        H  50.12827000   38.79281100   62.13308400
        H  49.70340400   39.16277800   63.78925900
        C  54.95800000   29.39440000   66.15720000
        N  55.10857700   29.77962000   64.89314600
        H  54.79806000   30.44212200   65.58940000
        H  55.30474600   28.82458200   65.15681300
        N  54.54910100   30.26680400   67.07404900
        H  54.74527000   29.31176600   67.33771600
        H  54.66344900   30.55934000   66.11412800
        N  55.21632100   28.13677600   66.50440500
        H  55.33067000   28.42931100   65.54448400
        H  54.90580400   28.79927800   67.20065900
        C  69.45420000   25.80430000   53.35910000
        O  70.63802500   25.86607600   52.96256300
        O  68.74291600   24.77691700   53.39165900
        H  68.99622100   26.74015000   53.71186100
        C  65.78910000   29.53300000   44.76770000
        O  66.97292500   29.59477600   44.37116300
        O  65.07781600   28.50561700   44.80025900
        H  65.33112100   30.46885000   45.12046100
        C  47.65890000   31.15830000   61.15630000
        N  47.80947700   31.54352000   59.89224600
        H  47.49896000   32.20602200   60.58850000
        H  48.00564600   30.58848200   60.15591300
        N  47.25000100   32.03070400   62.07314900
        H  47.44617000   31.07566600   62.33681600
        H  47.36434900   32.32324000   61.11322800
        N  47.91722100   29.90067600   61.50350500
        H  48.03157000   30.19321100   60.54358400
        H  47.60670400   30.56317800   62.19975900
        C  51.95630000   33.68720000   65.49240000
        N  52.10687700   34.07242000   64.22834600
        H  51.79636000   34.73492200   64.92460000
        H  52.30304600   33.11738200   64.49201300
        N  51.54740100   34.55960400   66.40924900
        H  51.74357000   33.60456600   66.67291600
        H  51.66174900   34.85214000   65.44932800
        N  52.21462100   32.42957600   65.83960500
        H  52.32897000   32.72211100   64.87968400
        H  51.90410400   33.09207800   66.53585900
        C  71.00800000   32.33200000   50.39870000
        O  72.19182500   32.39377600   50.00216300
        O  70.29671600   31.30461700   50.43125900
        H  70.55002100   33.26785000   50.75146100

Note: printed only print_atoms_list (this is not necessarily all atoms) 
  ------------RUNNING QM/MM MODULE------------- 
QM Module: ORCATheory
MM Module: OpenMMTheory
Charge provided from QMMMTheory object:  -2
Mult provided from QMMMTheory object:  1
QM-region Charge: -2 Mult: 1
Embedding: Electrostatic
Number of pointcharges (to QM program): 76
Number of charge coordinates: 76
Running QM/MM object with 8 cores available

-------------------------------------------------------------------
Time to calculate step (before-QMstep): 0.000 seconds, 0.0 minutes.
-------------------------------------------------------------------
  ------------RUNNING ORCA INTERFACE------------- 
Object-label: ORCA
Run-label: None
Running ORCA with 8 cores available
Moreadfile option not active
A GBW-file with same basename : orca.gbw is present
Autostart is False. ORCA will ignore any file present
Creating inputfile: orca.inp
ORCA input:
! B3LYP D3BJ def2-SVP def2/J RIJCOSX CPCM TightSCF

! Noautostart

%cpcm epsilon 4.0 end
%scf MaxIter 300 Guess PModel end
Charge: -2  Mult: 1
Pointcharge embedding is on!
 ORCA Calculation starting. 
Found warning messages in ORCA outputfile:
WARNING: The chosen methods will break translational/rotational symmetry
 WARNING: The chosen methods will break translational symmetry
 WARNING: The chosen methods will break translational symmetry
 Warning: op=0 Small HOMO/LUMO gap (   0.053) - skipping pre-diagonalization

 ORCA Calculation done. 
ORCA converged in 14 iterations
ORCA energy: -836.752515985614
  ------------ENDING ORCA-INTERFACE------------- 

----------------------------------------------------------------
Time to calculate step (ORCA run): 126.056 seconds, 2.1 minutes.
----------------------------------------------------------------

---------------------------------------------------------------
Time to calculate step (QM step): 126.056 seconds, 2.1 minutes.
---------------------------------------------------------------

----------------------------------------------------------------------
Time to calculate step (QMpcgrad prepare): 0.000 seconds, 0.0 minutes.
----------------------------------------------------------------------

--------------------------------------------------------------------------
Time to calculate step (linkatomgrad prepare): 0.000 seconds, 0.0 minutes.
--------------------------------------------------------------------------

----------------------------------------------------------------------------
Time to calculate step (QM/MM gradient prepare): 0.000 seconds, 0.0 minutes.
----------------------------------------------------------------------------
Using OpenMM theory as part of QM/MM.
Using MM on full system. Charges for QM region [0, 1, 2, 3, 4, 5, 6, 7, 8, 9, 10, 11, 12, 13, 14, 15, 16, 17, 18, 19, 20, 21, 22, 23] have been set to zero 

--------------------------------------------------------------------------------
                   Creating/updating OpenMM simulation object                   
--------------------------------------------------------------------------------

Integrator name: VerletIntegrator
Timestep: 0.001
Temperature: 300
Coupling frequency: 1
Properties: {'Threads': '1'}
Topology: <Topology; 1 chains, 1 residues, 100 atoms, 0 bonds>

----------------------------------------------------------------------------------
Time to calculate step (creating/updating simulation): 0.002 seconds, 0.0 minutes.
----------------------------------------------------------------------------------

--------------------------------------------------------------------------------
                     Running Single-point OpenMM Interface                      
--------------------------------------------------------------------------------

Number of OpenMM system constraints defined: 0

-----------------------------------------------------------------------------------
Time to calculate step (OpenMMTheory.run: const-check): 0.002 seconds, 0.0 minutes.
-----------------------------------------------------------------------------------
Updating coordinates.

------------------------------------------------------------------------
Time to calculate step (Creating pos array): 0.000 seconds, 0.0 minutes.
------------------------------------------------------------------------

---------------------------------------------------------------------------
Time to calculate step (Updating MM positions): 0.000 seconds, 0.0 minutes.
---------------------------------------------------------------------------
Calling OpenMM getState.

---------------------------------------------------------------------
Time to calculate step (OpenMM getState): 0.000 seconds, 0.0 minutes.
---------------------------------------------------------------------
OpenMM Energy: -3.062748576208826 Eh
OpenMM Energy: -1921.9037482443089 kcal/mol

-----------------------
Ending OpenMM interface
-----------------------

----------------------------------------------------------------
Time to calculate step (OpenMM run): 0.002 seconds, 0.0 minutes.
----------------------------------------------------------------

-------------------------------------------------------------
Time to calculate step (MM step): 0.003 seconds, 0.0 minutes.
-------------------------------------------------------------

Note: You are using electrostatic embedding. This means that the QM-energy is actually the polarized QM-energy
Note: MM energy also contains the QM-MM Lennard-Jones interaction

QM energy:              -836.752515985614 
MM energy:                -3.062748576209
QM/MM energy:           -839.815264561823 

  ------------ENDING QM/MM MODULE------------- 

-----------------------------------------------------------------
Time to calculate step (QM/MM run): 126.059 seconds, 2.1 minutes.
-----------------------------------------------------------------
geometric called save_guess_files option option for ASHengineclass.
This option is currently unsupported in ASH. Continuing.

Convergence criteria: {'convergence_energy': 1e-05, 'convergence_grms': 0.003, 'convergence_gmax': 0.006, 'convergence_drms': 0.01, 'convergence_dmax': 0.015, 'convergence_cmax': 0.01}

Replacing coordinates in fragment.
Creating/Updating fragment attributes...
Number of Atoms in fragment: 100
Formula: N18H48O14C20
Label: CHHCCOOOCHCHCCHCHCHOHCOOCNHHNHHNHHCNHHNHHNHHCOOHCNHHNHHNHHCNHHNHHNHHCOOHCOOHCNHHNHHNHHCNHHNHHNHHCOOH
Charge: -2 Mult: 1

--------------------------------------------------------------------------------
Wrote XYZ file:  Fragment-currentgeo.xyz
Current geometry (Å) in step 11 (print_atoms_list region)
---------------------------------------------------
        C  57.62145840   35.81928588   58.21443522
        H  57.92278882   35.56544841   57.15239873
        H  58.02337613   36.73701447   58.71234795
        C  56.80562277   34.98731304   58.92978610
        C  56.42674496   35.21628230   60.45242543
        O  56.80295436   36.29000473   60.96910888
        O  55.74694619   34.33306603   61.07666454
        O  56.19749022   33.90230662   58.40370460
        C  56.64182004   33.18446946   57.11202081
        H  55.96338988   32.32548875   57.23786656
        C  58.02799171   32.66554392   57.13051063
        H  58.35667441   32.05137219   57.97380715
        C  58.83527016   32.66427071   56.04555468
        C  58.49560536   33.40937837   54.83715434
        H  59.26313497   33.43072642   54.05843744
        C  57.31262246   34.04481275   54.73348676
        H  57.08480535   34.65542678   53.85355800
        C  56.19484289   33.79311378   55.72781003
        H  55.62519238   34.71855360   55.89049416
        O  55.22497099   32.89714095   55.13988175
        H  55.53329164   31.96088492   55.31115525
        C  60.20692501   31.90243884   56.07926698
        O  60.39280491   31.18373852   57.08343963
        O  60.93050471   32.12984840   55.10026862
        C  54.89040000   41.21830000   65.11750000
        N  55.04097700   41.60352000   63.85344600
        H  54.73046000   42.26602200   64.54970000
        H  55.23714600   40.64848200   64.11711300
        N  54.48150100   42.09070400   66.03434900
        H  54.67767000   41.13566600   66.29801600
        H  54.59584900   42.38324000   65.07442800
        N  55.14872100   39.96067600   65.46470500
        H  55.26307000   40.25321100   64.50478400
        H  54.83820400   40.62317800   66.16095900
        C  59.50090000   39.33550000   66.26000000
        N  59.65147700   39.72072000   64.99594600
        H  59.34096000   40.38322200   65.69220000
        H  59.84764600   38.76568200   65.25961300
        N  59.09200100   40.20790400   67.17684900
        H  59.28817000   39.25286600   67.44051600
        H  59.20634900   40.50044000   66.21692800
        N  59.75922100   38.07787600   66.60720500
        H  59.87357000   38.37041100   65.64728400
        H  59.44870400   38.74037800   67.30345900
        C  69.74840000   37.57020000   52.11000000
        O  70.93222500   37.63197600   51.71346300
        O  69.03711600   36.54281700   52.14255900
        H  69.29042100   38.50605000   52.46276100
        C  49.75560000   39.75790000   62.74580000
        N  49.90617700   40.14312000   61.48174600
        H  49.59566000   40.80562200   62.17800000
        H  50.10234600   39.18808200   61.74541300
        N  49.34670100   40.63030400   63.66264900
        H  49.54287000   39.67526600   63.92631600
        H  49.46104900   40.92284000   62.70272800
        N  50.01392100   38.50027600   63.09300500
        H  50.12827000   38.79281100   62.13308400
        H  49.70340400   39.16277800   63.78925900
        C  54.95800000   29.39440000   66.15720000
        N  55.10857700   29.77962000   64.89314600
        H  54.79806000   30.44212200   65.58940000
        H  55.30474600   28.82458200   65.15681300
        N  54.54910100   30.26680400   67.07404900
        H  54.74527000   29.31176600   67.33771600
        H  54.66344900   30.55934000   66.11412800
        N  55.21632100   28.13677600   66.50440500
        H  55.33067000   28.42931100   65.54448400
        H  54.90580400   28.79927800   67.20065900
        C  69.45420000   25.80430000   53.35910000
        O  70.63802500   25.86607600   52.96256300
        O  68.74291600   24.77691700   53.39165900
        H  68.99622100   26.74015000   53.71186100
        C  65.78910000   29.53300000   44.76770000
        O  66.97292500   29.59477600   44.37116300
        O  65.07781600   28.50561700   44.80025900
        H  65.33112100   30.46885000   45.12046100
        C  47.65890000   31.15830000   61.15630000
        N  47.80947700   31.54352000   59.89224600
        H  47.49896000   32.20602200   60.58850000
        H  48.00564600   30.58848200   60.15591300
        N  47.25000100   32.03070400   62.07314900
        H  47.44617000   31.07566600   62.33681600
        H  47.36434900   32.32324000   61.11322800
        N  47.91722100   29.90067600   61.50350500
        H  48.03157000   30.19321100   60.54358400
        H  47.60670400   30.56317800   62.19975900
        C  51.95630000   33.68720000   65.49240000
        N  52.10687700   34.07242000   64.22834600
        H  51.79636000   34.73492200   64.92460000
        H  52.30304600   33.11738200   64.49201300
        N  51.54740100   34.55960400   66.40924900
        H  51.74357000   33.60456600   66.67291600
        H  51.66174900   34.85214000   65.44932800
        N  52.21462100   32.42957600   65.83960500
        H  52.32897000   32.72211100   64.87968400
        H  51.90410400   33.09207800   66.53585900
        C  71.00800000   32.33200000   50.39870000
        O  72.19182500   32.39377600   50.00216300
        O  70.29671600   31.30461700   50.43125900
        H  70.55002100   33.26785000   50.75146100

Note: printed only print_atoms_list (this is not necessarily all atoms) 
  ------------RUNNING QM/MM MODULE------------- 
QM Module: ORCATheory
MM Module: OpenMMTheory
Charge provided from QMMMTheory object:  -2
Mult provided from QMMMTheory object:  1
QM-region Charge: -2 Mult: 1
Embedding: Electrostatic
Number of pointcharges (to QM program): 76
Number of charge coordinates: 76
Running QM/MM object with 8 cores available

-------------------------------------------------------------------
Time to calculate step (before-QMstep): 0.000 seconds, 0.0 minutes.
-------------------------------------------------------------------
  ------------RUNNING ORCA INTERFACE------------- 
Object-label: ORCA
Run-label: None
Running ORCA with 8 cores available
Moreadfile option not active
A GBW-file with same basename : orca.gbw is present
Autostart is False. ORCA will ignore any file present
Creating inputfile: orca.inp
ORCA input:
! B3LYP D3BJ def2-SVP def2/J RIJCOSX CPCM TightSCF

! Noautostart

%cpcm epsilon 4.0 end
%scf MaxIter 300 Guess PModel end
Charge: -2  Mult: 1
Pointcharge embedding is on!
 ORCA Calculation starting. 
Found warning messages in ORCA outputfile:
WARNING: The chosen methods will break translational/rotational symmetry
 WARNING: The chosen methods will break translational symmetry
 WARNING: The chosen methods will break translational symmetry
 Warning: op=0 Small HOMO/LUMO gap (   0.051) - skipping pre-diagonalization

 ORCA Calculation done. 
ORCA converged in 16 iterations
ORCA energy: -836.758513209826
  ------------ENDING ORCA-INTERFACE------------- 

----------------------------------------------------------------
Time to calculate step (ORCA run): 230.415 seconds, 3.8 minutes.
----------------------------------------------------------------

---------------------------------------------------------------
Time to calculate step (QM step): 230.415 seconds, 3.8 minutes.
---------------------------------------------------------------

----------------------------------------------------------------------
Time to calculate step (QMpcgrad prepare): 0.000 seconds, 0.0 minutes.
----------------------------------------------------------------------

--------------------------------------------------------------------------
Time to calculate step (linkatomgrad prepare): 0.000 seconds, 0.0 minutes.
--------------------------------------------------------------------------

----------------------------------------------------------------------------
Time to calculate step (QM/MM gradient prepare): 0.000 seconds, 0.0 minutes.
----------------------------------------------------------------------------
Using OpenMM theory as part of QM/MM.
Using MM on full system. Charges for QM region [0, 1, 2, 3, 4, 5, 6, 7, 8, 9, 10, 11, 12, 13, 14, 15, 16, 17, 18, 19, 20, 21, 22, 23] have been set to zero 

--------------------------------------------------------------------------------
                   Creating/updating OpenMM simulation object                   
--------------------------------------------------------------------------------

Integrator name: VerletIntegrator
Timestep: 0.001
Temperature: 300
Coupling frequency: 1
Properties: {'Threads': '1'}
Topology: <Topology; 1 chains, 1 residues, 100 atoms, 0 bonds>

----------------------------------------------------------------------------------
Time to calculate step (creating/updating simulation): 0.002 seconds, 0.0 minutes.
----------------------------------------------------------------------------------

--------------------------------------------------------------------------------
                     Running Single-point OpenMM Interface                      
--------------------------------------------------------------------------------

Number of OpenMM system constraints defined: 0

-----------------------------------------------------------------------------------
Time to calculate step (OpenMMTheory.run: const-check): 0.002 seconds, 0.0 minutes.
-----------------------------------------------------------------------------------
Updating coordinates.

------------------------------------------------------------------------
Time to calculate step (Creating pos array): 0.000 seconds, 0.0 minutes.
------------------------------------------------------------------------

---------------------------------------------------------------------------
Time to calculate step (Updating MM positions): 0.000 seconds, 0.0 minutes.
---------------------------------------------------------------------------
Calling OpenMM getState.

---------------------------------------------------------------------
Time to calculate step (OpenMM getState): 0.000 seconds, 0.0 minutes.
---------------------------------------------------------------------
OpenMM Energy: -3.0627535800005496 Eh
OpenMM Energy: -1921.9068881710216 kcal/mol

-----------------------
Ending OpenMM interface
-----------------------

----------------------------------------------------------------
Time to calculate step (OpenMM run): 0.002 seconds, 0.0 minutes.
----------------------------------------------------------------

-------------------------------------------------------------
Time to calculate step (MM step): 0.003 seconds, 0.0 minutes.
-------------------------------------------------------------

Note: You are using electrostatic embedding. This means that the QM-energy is actually the polarized QM-energy
Note: MM energy also contains the QM-MM Lennard-Jones interaction

QM energy:              -836.758513209826 
MM energy:                -3.062753580001
QM/MM energy:           -839.821266789826 

  ------------ENDING QM/MM MODULE------------- 

-----------------------------------------------------------------
Time to calculate step (QM/MM run): 230.418 seconds, 3.8 minutes.
-----------------------------------------------------------------
geometric called save_guess_files option option for ASHengineclass.
This option is currently unsupported in ASH. Continuing.

Convergence criteria: {'convergence_energy': 1e-05, 'convergence_grms': 0.003, 'convergence_gmax': 0.006, 'convergence_drms': 0.01, 'convergence_dmax': 0.015, 'convergence_cmax': 0.01}

Replacing coordinates in fragment.
Creating/Updating fragment attributes...
Number of Atoms in fragment: 100
Formula: N18H48O14C20
Label: CHHCCOOOCHCHCCHCHCHOHCOOCNHHNHHNHHCNHHNHHNHHCOOHCNHHNHHNHHCNHHNHHNHHCOOHCOOHCNHHNHHNHHCNHHNHHNHHCOOH
Charge: -2 Mult: 1

--------------------------------------------------------------------------------
Wrote XYZ file:  Fragment-currentgeo.xyz
Current geometry (Å) in step 12 (print_atoms_list region)
---------------------------------------------------
        C  57.58390885   35.81828664   58.26970920
        H  57.86154989   35.60172095   57.23773049
        H  57.98393944   36.71246814   58.76622062
        C  56.76875517   34.98392898   58.93762326
        C  56.38203410   35.22316467   60.40719344
        O  56.73681033   36.28220935   60.99884273
        O  55.72639277   34.29792782   61.01176846
        O  56.16370435   33.90067295   58.41718921
        C  56.62002946   33.18690826   57.14813748
        H  55.92957615   32.33465092   57.26076524
        C  58.00627194   32.68190037   57.17847370
        H  58.34729306   32.08351201   58.02976657
        C  58.81719027   32.69038154   56.09612101
        C  58.48077360   33.43234209   54.88728016
        H  59.25839178   33.45907166   54.12039240
        C  57.28561049   34.04663183   54.76915917
        H  57.04580862   34.64441518   53.88411841
        C  56.17683579   33.80901398   55.77330894
        H  55.61491129   34.74065646   55.94585444
        O  55.18427312   32.92035267   55.21285988
        H  55.54062243   32.00823935   55.29793518
        C  60.17639002   31.90556663   56.13899280
        O  60.34509152   31.19297513   57.14726336
        O  60.90390965   32.11129060   55.16332765
        C  54.89040000   41.21830000   65.11750000
        N  55.04097700   41.60352000   63.85344600
        H  54.73046000   42.26602200   64.54970000
        H  55.23714600   40.64848200   64.11711300
        N  54.48150100   42.09070400   66.03434900
        H  54.67767000   41.13566600   66.29801600
        H  54.59584900   42.38324000   65.07442800
        N  55.14872100   39.96067600   65.46470500
        H  55.26307000   40.25321100   64.50478400
        H  54.83820400   40.62317800   66.16095900
        C  59.50090000   39.33550000   66.26000000
        N  59.65147700   39.72072000   64.99594600
        H  59.34096000   40.38322200   65.69220000
        H  59.84764600   38.76568200   65.25961300
        N  59.09200100   40.20790400   67.17684900
        H  59.28817000   39.25286600   67.44051600
        H  59.20634900   40.50044000   66.21692800
        N  59.75922100   38.07787600   66.60720500
        H  59.87357000   38.37041100   65.64728400
        H  59.44870400   38.74037800   67.30345900
        C  69.74840000   37.57020000   52.11000000
        O  70.93222500   37.63197600   51.71346300
        O  69.03711600   36.54281700   52.14255900
        H  69.29042100   38.50605000   52.46276100
        C  49.75560000   39.75790000   62.74580000
        N  49.90617700   40.14312000   61.48174600
        H  49.59566000   40.80562200   62.17800000
        H  50.10234600   39.18808200   61.74541300
        N  49.34670100   40.63030400   63.66264900
        H  49.54287000   39.67526600   63.92631600
        H  49.46104900   40.92284000   62.70272800
        N  50.01392100   38.50027600   63.09300500
        H  50.12827000   38.79281100   62.13308400
        H  49.70340400   39.16277800   63.78925900
        C  54.95800000   29.39440000   66.15720000
        N  55.10857700   29.77962000   64.89314600
        H  54.79806000   30.44212200   65.58940000
        H  55.30474600   28.82458200   65.15681300
        N  54.54910100   30.26680400   67.07404900
        H  54.74527000   29.31176600   67.33771600
        H  54.66344900   30.55934000   66.11412800
        N  55.21632100   28.13677600   66.50440500
        H  55.33067000   28.42931100   65.54448400
        H  54.90580400   28.79927800   67.20065900
        C  69.45420000   25.80430000   53.35910000
        O  70.63802500   25.86607600   52.96256300
        O  68.74291600   24.77691700   53.39165900
        H  68.99622100   26.74015000   53.71186100
        C  65.78910000   29.53300000   44.76770000
        O  66.97292500   29.59477600   44.37116300
        O  65.07781600   28.50561700   44.80025900
        H  65.33112100   30.46885000   45.12046100
        C  47.65890000   31.15830000   61.15630000
        N  47.80947700   31.54352000   59.89224600
        H  47.49896000   32.20602200   60.58850000
        H  48.00564600   30.58848200   60.15591300
        N  47.25000100   32.03070400   62.07314900
        H  47.44617000   31.07566600   62.33681600
        H  47.36434900   32.32324000   61.11322800
        N  47.91722100   29.90067600   61.50350500
        H  48.03157000   30.19321100   60.54358400
        H  47.60670400   30.56317800   62.19975900
        C  51.95630000   33.68720000   65.49240000
        N  52.10687700   34.07242000   64.22834600
        H  51.79636000   34.73492200   64.92460000
        H  52.30304600   33.11738200   64.49201300
        N  51.54740100   34.55960400   66.40924900
        H  51.74357000   33.60456600   66.67291600
        H  51.66174900   34.85214000   65.44932800
        N  52.21462100   32.42957600   65.83960500
        H  52.32897000   32.72211100   64.87968400
        H  51.90410400   33.09207800   66.53585900
        C  71.00800000   32.33200000   50.39870000
        O  72.19182500   32.39377600   50.00216300
        O  70.29671600   31.30461700   50.43125900
        H  70.55002100   33.26785000   50.75146100

Note: printed only print_atoms_list (this is not necessarily all atoms) 
  ------------RUNNING QM/MM MODULE------------- 
QM Module: ORCATheory
MM Module: OpenMMTheory
Charge provided from QMMMTheory object:  -2
Mult provided from QMMMTheory object:  1
QM-region Charge: -2 Mult: 1
Embedding: Electrostatic
Number of pointcharges (to QM program): 76
Number of charge coordinates: 76
Running QM/MM object with 8 cores available

-------------------------------------------------------------------
Time to calculate step (before-QMstep): 0.000 seconds, 0.0 minutes.
-------------------------------------------------------------------
  ------------RUNNING ORCA INTERFACE------------- 
Object-label: ORCA
Run-label: None
Running ORCA with 8 cores available
Moreadfile option not active
A GBW-file with same basename : orca.gbw is present
Autostart is False. ORCA will ignore any file present
Creating inputfile: orca.inp
ORCA input:
! B3LYP D3BJ def2-SVP def2/J RIJCOSX CPCM TightSCF

! Noautostart

%cpcm epsilon 4.0 end
%scf MaxIter 300 Guess PModel end
Charge: -2  Mult: 1
Pointcharge embedding is on!
 ORCA Calculation starting. 
Found warning messages in ORCA outputfile:
WARNING: The chosen methods will break translational/rotational symmetry
 WARNING: The chosen methods will break translational symmetry
 WARNING: The chosen methods will break translational symmetry
 Warning: op=0 Small HOMO/LUMO gap (   0.052) - skipping pre-diagonalization

 ORCA Calculation done. 
ORCA converged in 11 iterations
ORCA energy: -836.767842256516
  ------------ENDING ORCA-INTERFACE------------- 

----------------------------------------------------------------
Time to calculate step (ORCA run): 437.631 seconds, 7.3 minutes.
----------------------------------------------------------------

---------------------------------------------------------------
Time to calculate step (QM step): 437.631 seconds, 7.3 minutes.
---------------------------------------------------------------

----------------------------------------------------------------------
Time to calculate step (QMpcgrad prepare): 0.000 seconds, 0.0 minutes.
----------------------------------------------------------------------

--------------------------------------------------------------------------
Time to calculate step (linkatomgrad prepare): 0.000 seconds, 0.0 minutes.
--------------------------------------------------------------------------

----------------------------------------------------------------------------
Time to calculate step (QM/MM gradient prepare): 0.000 seconds, 0.0 minutes.
----------------------------------------------------------------------------
Using OpenMM theory as part of QM/MM.
Using MM on full system. Charges for QM region [0, 1, 2, 3, 4, 5, 6, 7, 8, 9, 10, 11, 12, 13, 14, 15, 16, 17, 18, 19, 20, 21, 22, 23] have been set to zero 

--------------------------------------------------------------------------------
                   Creating/updating OpenMM simulation object                   
--------------------------------------------------------------------------------

Integrator name: VerletIntegrator
Timestep: 0.001
Temperature: 300
Coupling frequency: 1
Properties: {'Threads': '1'}
Topology: <Topology; 1 chains, 1 residues, 100 atoms, 0 bonds>

----------------------------------------------------------------------------------
Time to calculate step (creating/updating simulation): 0.002 seconds, 0.0 minutes.
----------------------------------------------------------------------------------

--------------------------------------------------------------------------------
                     Running Single-point OpenMM Interface                      
--------------------------------------------------------------------------------

Number of OpenMM system constraints defined: 0

-----------------------------------------------------------------------------------
Time to calculate step (OpenMMTheory.run: const-check): 0.002 seconds, 0.0 minutes.
-----------------------------------------------------------------------------------
Updating coordinates.

------------------------------------------------------------------------
Time to calculate step (Creating pos array): 0.000 seconds, 0.0 minutes.
------------------------------------------------------------------------

---------------------------------------------------------------------------
Time to calculate step (Updating MM positions): 0.000 seconds, 0.0 minutes.
---------------------------------------------------------------------------
Calling OpenMM getState.

---------------------------------------------------------------------
Time to calculate step (OpenMM getState): 0.000 seconds, 0.0 minutes.
---------------------------------------------------------------------
OpenMM Energy: -3.062755830918037 Eh
OpenMM Energy: -1921.9083006430703 kcal/mol

-----------------------
Ending OpenMM interface
-----------------------

----------------------------------------------------------------
Time to calculate step (OpenMM run): 0.003 seconds, 0.0 minutes.
----------------------------------------------------------------

-------------------------------------------------------------
Time to calculate step (MM step): 0.003 seconds, 0.0 minutes.
-------------------------------------------------------------

Note: You are using electrostatic embedding. This means that the QM-energy is actually the polarized QM-energy
Note: MM energy also contains the QM-MM Lennard-Jones interaction

QM energy:              -836.767842256516 
MM energy:                -3.062755830918
QM/MM energy:           -839.830598087434 

  ------------ENDING QM/MM MODULE------------- 

-----------------------------------------------------------------
Time to calculate step (QM/MM run): 437.634 seconds, 7.3 minutes.
-----------------------------------------------------------------
geometric called save_guess_files option option for ASHengineclass.
This option is currently unsupported in ASH. Continuing.
geometric called clearCalcs option for ASHengineclass.
This option is currently unsupported in ASH. Continuing.

Convergence criteria: {'convergence_energy': 1e-05, 'convergence_grms': 0.003, 'convergence_gmax': 0.006, 'convergence_drms': 0.01, 'convergence_dmax': 0.015, 'convergence_cmax': 0.01}

Replacing coordinates in fragment.
Creating/Updating fragment attributes...
Number of Atoms in fragment: 100
Formula: N18H48O14C20
Label: CHHCCOOOCHCHCCHCHCHOHCOOCNHHNHHNHHCNHHNHHNHHCOOHCNHHNHHNHHCNHHNHHNHHCOOHCOOHCNHHNHHNHHCNHHNHHNHHCOOH
Charge: -2 Mult: 1

--------------------------------------------------------------------------------
Wrote XYZ file:  Fragment-currentgeo.xyz
Current geometry (Å) in step 13 (print_atoms_list region)
---------------------------------------------------
        C  57.50356797   35.84295872   58.33892905
        H  57.75250763   35.70158715   57.28492022
        H  57.91487676   36.71013787   58.84283239
        C  56.69051549   34.99996393   58.98663498
        C  56.31183758   35.18606755   60.48925195
        O  56.63722333   36.25926545   61.08774778
        O  55.64459691   34.27399669   61.06623087
        O  56.09980132   33.90987916   58.44478714
        C  56.57883328   33.20107018   57.20245977
        H  55.88297207   32.34672095   57.28916198
        C  57.97034895   32.70688332   57.24921432
        H  58.31191639   32.11801600   58.10712339
        C  58.78774538   32.71527645   56.17280735
        C  58.45280451   33.45227866   54.95717308
        H  59.23577705   33.48347284   54.19343479
        C  57.25055106   34.04782185   54.82160965
        H  57.00173726   34.63000592   53.92745589
        C  56.14990699   33.82893182   55.83145609
        H  55.59593815   34.77113981   56.00677988
        O  55.15993805   32.93374847   55.28277543
        H  55.51719482   32.07456628   55.27012729
        C  60.13438950   31.91348701   56.22823416
        O  60.26076960   31.19143544   57.24769833
        O  60.88087127   32.10213623   55.25904270
        C  54.89040000   41.21830000   65.11750000
        N  55.04097700   41.60352000   63.85344600
        H  54.73046000   42.26602200   64.54970000
        H  55.23714600   40.64848200   64.11711300
        N  54.48150100   42.09070400   66.03434900
        H  54.67767000   41.13566600   66.29801600
        H  54.59584900   42.38324000   65.07442800
        N  55.14872100   39.96067600   65.46470500
        H  55.26307000   40.25321100   64.50478400
        H  54.83820400   40.62317800   66.16095900
        C  59.50090000   39.33550000   66.26000000
        N  59.65147700   39.72072000   64.99594600
        H  59.34096000   40.38322200   65.69220000
        H  59.84764600   38.76568200   65.25961300
        N  59.09200100   40.20790400   67.17684900
        H  59.28817000   39.25286600   67.44051600
        H  59.20634900   40.50044000   66.21692800
        N  59.75922100   38.07787600   66.60720500
        H  59.87357000   38.37041100   65.64728400
        H  59.44870400   38.74037800   67.30345900
        C  69.74840000   37.57020000   52.11000000
        O  70.93222500   37.63197600   51.71346300
        O  69.03711600   36.54281700   52.14255900
        H  69.29042100   38.50605000   52.46276100
        C  49.75560000   39.75790000   62.74580000
        N  49.90617700   40.14312000   61.48174600
        H  49.59566000   40.80562200   62.17800000
        H  50.10234600   39.18808200   61.74541300
        N  49.34670100   40.63030400   63.66264900
        H  49.54287000   39.67526600   63.92631600
        H  49.46104900   40.92284000   62.70272800
        N  50.01392100   38.50027600   63.09300500
        H  50.12827000   38.79281100   62.13308400
        H  49.70340400   39.16277800   63.78925900
        C  54.95800000   29.39440000   66.15720000
        N  55.10857700   29.77962000   64.89314600
        H  54.79806000   30.44212200   65.58940000
        H  55.30474600   28.82458200   65.15681300
        N  54.54910100   30.26680400   67.07404900
        H  54.74527000   29.31176600   67.33771600
        H  54.66344900   30.55934000   66.11412800
        N  55.21632100   28.13677600   66.50440500
        H  55.33067000   28.42931100   65.54448400
        H  54.90580400   28.79927800   67.20065900
        C  69.45420000   25.80430000   53.35910000
        O  70.63802500   25.86607600   52.96256300
        O  68.74291600   24.77691700   53.39165900
        H  68.99622100   26.74015000   53.71186100
        C  65.78910000   29.53300000   44.76770000
        O  66.97292500   29.59477600   44.37116300
        O  65.07781600   28.50561700   44.80025900
        H  65.33112100   30.46885000   45.12046100
        C  47.65890000   31.15830000   61.15630000
        N  47.80947700   31.54352000   59.89224600
        H  47.49896000   32.20602200   60.58850000
        H  48.00564600   30.58848200   60.15591300
        N  47.25000100   32.03070400   62.07314900
        H  47.44617000   31.07566600   62.33681600
        H  47.36434900   32.32324000   61.11322800
        N  47.91722100   29.90067600   61.50350500
        H  48.03157000   30.19321100   60.54358400
        H  47.60670400   30.56317800   62.19975900
        C  51.95630000   33.68720000   65.49240000
        N  52.10687700   34.07242000   64.22834600
        H  51.79636000   34.73492200   64.92460000
        H  52.30304600   33.11738200   64.49201300
        N  51.54740100   34.55960400   66.40924900
        H  51.74357000   33.60456600   66.67291600
        H  51.66174900   34.85214000   65.44932800
        N  52.21462100   32.42957600   65.83960500
        H  52.32897000   32.72211100   64.87968400
        H  51.90410400   33.09207800   66.53585900
        C  71.00800000   32.33200000   50.39870000
        O  72.19182500   32.39377600   50.00216300
        O  70.29671600   31.30461700   50.43125900
        H  70.55002100   33.26785000   50.75146100

Note: printed only print_atoms_list (this is not necessarily all atoms) 
  ------------RUNNING QM/MM MODULE------------- 
QM Module: ORCATheory
MM Module: OpenMMTheory
Charge provided from QMMMTheory object:  -2
Mult provided from QMMMTheory object:  1
QM-region Charge: -2 Mult: 1
Embedding: Electrostatic
Number of pointcharges (to QM program): 76
Number of charge coordinates: 76
Running QM/MM object with 8 cores available

-------------------------------------------------------------------
Time to calculate step (before-QMstep): 0.000 seconds, 0.0 minutes.
-------------------------------------------------------------------
  ------------RUNNING ORCA INTERFACE------------- 
Object-label: ORCA
Run-label: None
Running ORCA with 8 cores available
Moreadfile option not active
A GBW-file with same basename : orca.gbw is present
Autostart is False. ORCA will ignore any file present
Creating inputfile: orca.inp
ORCA input:
! B3LYP D3BJ def2-SVP def2/J RIJCOSX CPCM TightSCF

! Noautostart

%cpcm epsilon 4.0 end
%scf MaxIter 300 Guess PModel end
Charge: -2  Mult: 1
Pointcharge embedding is on!
 ORCA Calculation starting. 
Found warning messages in ORCA outputfile:
WARNING: The chosen methods will break translational/rotational symmetry
 WARNING: The chosen methods will break translational symmetry
 WARNING: The chosen methods will break translational symmetry
 Warning: op=0 Small HOMO/LUMO gap (   0.053) - skipping pre-diagonalization

 ORCA Calculation done. 
ORCA converged in 13 iterations
ORCA energy: -836.775373256784
  ------------ENDING ORCA-INTERFACE------------- 

----------------------------------------------------------------
Time to calculate step (ORCA run): 439.403 seconds, 7.3 minutes.
----------------------------------------------------------------

---------------------------------------------------------------
Time to calculate step (QM step): 439.403 seconds, 7.3 minutes.
---------------------------------------------------------------

----------------------------------------------------------------------
Time to calculate step (QMpcgrad prepare): 0.000 seconds, 0.0 minutes.
----------------------------------------------------------------------

--------------------------------------------------------------------------
Time to calculate step (linkatomgrad prepare): 0.000 seconds, 0.0 minutes.
--------------------------------------------------------------------------

----------------------------------------------------------------------------
Time to calculate step (QM/MM gradient prepare): 0.000 seconds, 0.0 minutes.
----------------------------------------------------------------------------
Using OpenMM theory as part of QM/MM.
Using MM on full system. Charges for QM region [0, 1, 2, 3, 4, 5, 6, 7, 8, 9, 10, 11, 12, 13, 14, 15, 16, 17, 18, 19, 20, 21, 22, 23] have been set to zero 

--------------------------------------------------------------------------------
                   Creating/updating OpenMM simulation object                   
--------------------------------------------------------------------------------

Integrator name: VerletIntegrator
Timestep: 0.001
Temperature: 300
Coupling frequency: 1
Properties: {'Threads': '1'}
Topology: <Topology; 1 chains, 1 residues, 100 atoms, 0 bonds>

----------------------------------------------------------------------------------
Time to calculate step (creating/updating simulation): 0.002 seconds, 0.0 minutes.
----------------------------------------------------------------------------------

--------------------------------------------------------------------------------
                     Running Single-point OpenMM Interface                      
--------------------------------------------------------------------------------

Number of OpenMM system constraints defined: 0

-----------------------------------------------------------------------------------
Time to calculate step (OpenMMTheory.run: const-check): 0.002 seconds, 0.0 minutes.
-----------------------------------------------------------------------------------
Updating coordinates.

------------------------------------------------------------------------
Time to calculate step (Creating pos array): 0.000 seconds, 0.0 minutes.
------------------------------------------------------------------------

---------------------------------------------------------------------------
Time to calculate step (Updating MM positions): 0.000 seconds, 0.0 minutes.
---------------------------------------------------------------------------
Calling OpenMM getState.

---------------------------------------------------------------------
Time to calculate step (OpenMM getState): 0.000 seconds, 0.0 minutes.
---------------------------------------------------------------------
OpenMM Energy: -3.062801908219671 Eh
OpenMM Energy: -1921.937214586385 kcal/mol

-----------------------
Ending OpenMM interface
-----------------------

----------------------------------------------------------------
Time to calculate step (OpenMM run): 0.003 seconds, 0.0 minutes.
----------------------------------------------------------------

-------------------------------------------------------------
Time to calculate step (MM step): 0.004 seconds, 0.0 minutes.
-------------------------------------------------------------

Note: You are using electrostatic embedding. This means that the QM-energy is actually the polarized QM-energy
Note: MM energy also contains the QM-MM Lennard-Jones interaction

QM energy:              -836.775373256784 
MM energy:                -3.062801908220
QM/MM energy:           -839.838175165004 

  ------------ENDING QM/MM MODULE------------- 

-----------------------------------------------------------------
Time to calculate step (QM/MM run): 439.407 seconds, 7.3 minutes.
-----------------------------------------------------------------
geometric called save_guess_files option option for ASHengineclass.
This option is currently unsupported in ASH. Continuing.

Convergence criteria: {'convergence_energy': 1e-05, 'convergence_grms': 0.003, 'convergence_gmax': 0.006, 'convergence_drms': 0.01, 'convergence_dmax': 0.015, 'convergence_cmax': 0.01}

Replacing coordinates in fragment.
Creating/Updating fragment attributes...
Number of Atoms in fragment: 100
Formula: N18H48O14C20
Label: CHHCCOOOCHCHCCHCHCHOHCOOCNHHNHHNHHCNHHNHHNHHCOOHCNHHNHHNHHCNHHNHHNHHCOOHCOOHCNHHNHHNHHCNHHNHHNHHCOOH
Charge: -2 Mult: 1

--------------------------------------------------------------------------------
Wrote XYZ file:  Fragment-currentgeo.xyz
Current geometry (Å) in step 14 (print_atoms_list region)
---------------------------------------------------
        C  57.41128043   35.85144864   58.43486522
        H  57.62987736   35.81288161   57.37506154
        H  57.83705007   36.68762177   58.94605274
        C  56.59120203   35.01292551   59.04074578
        C  56.20543741   35.15782332   60.56764284
        O  56.49604806   36.24574853   61.17511660
        O  55.51922252   34.27089878   61.10294399
        O  56.02377237   33.91405761   58.47981209
        C  56.52560803   33.21074117   57.27811150
        H  55.82362098   32.35672225   57.33357040
        C  57.91851757   32.73018313   57.34289464
        H  58.26658541   32.15508272   58.20432284
        C  58.74536416   32.75059197   56.27953859
        C  58.40650362   33.48728283   55.05893941
        H  59.19835310   33.53014270   54.29849614
        C  57.18930873   34.05676907   54.90380092
        H  56.93353066   34.61206980   53.99429773
        C  56.09510182   33.85611893   55.92967404
        H  55.56864618   34.80650473   56.13276094
        O  55.04786133   32.96958038   55.46018377
        H  55.59948145   32.16385099   55.11678191
        C  60.07598452   31.92946609   56.35518312
        O  60.15128068   31.20470425   57.39315554
        O  60.84941360   32.08820843   55.39498081
        C  54.89040000   41.21830000   65.11750000
        N  55.04097700   41.60352000   63.85344600
        H  54.73046000   42.26602200   64.54970000
        H  55.23714600   40.64848200   64.11711300
        N  54.48150100   42.09070400   66.03434900
        H  54.67767000   41.13566600   66.29801600
        H  54.59584900   42.38324000   65.07442800
        N  55.14872100   39.96067600   65.46470500
        H  55.26307000   40.25321100   64.50478400
        H  54.83820400   40.62317800   66.16095900
        C  59.50090000   39.33550000   66.26000000
        N  59.65147700   39.72072000   64.99594600
        H  59.34096000   40.38322200   65.69220000
        H  59.84764600   38.76568200   65.25961300
        N  59.09200100   40.20790400   67.17684900
        H  59.28817000   39.25286600   67.44051600
        H  59.20634900   40.50044000   66.21692800
        N  59.75922100   38.07787600   66.60720500
        H  59.87357000   38.37041100   65.64728400
        H  59.44870400   38.74037800   67.30345900
        C  69.74840000   37.57020000   52.11000000
        O  70.93222500   37.63197600   51.71346300
        O  69.03711600   36.54281700   52.14255900
        H  69.29042100   38.50605000   52.46276100
        C  49.75560000   39.75790000   62.74580000
        N  49.90617700   40.14312000   61.48174600
        H  49.59566000   40.80562200   62.17800000
        H  50.10234600   39.18808200   61.74541300
        N  49.34670100   40.63030400   63.66264900
        H  49.54287000   39.67526600   63.92631600
        H  49.46104900   40.92284000   62.70272800
        N  50.01392100   38.50027600   63.09300500
        H  50.12827000   38.79281100   62.13308400
        H  49.70340400   39.16277800   63.78925900
        C  54.95800000   29.39440000   66.15720000
        N  55.10857700   29.77962000   64.89314600
        H  54.79806000   30.44212200   65.58940000
        H  55.30474600   28.82458200   65.15681300
        N  54.54910100   30.26680400   67.07404900
        H  54.74527000   29.31176600   67.33771600
        H  54.66344900   30.55934000   66.11412800
        N  55.21632100   28.13677600   66.50440500
        H  55.33067000   28.42931100   65.54448400
        H  54.90580400   28.79927800   67.20065900
        C  69.45420000   25.80430000   53.35910000
        O  70.63802500   25.86607600   52.96256300
        O  68.74291600   24.77691700   53.39165900
        H  68.99622100   26.74015000   53.71186100
        C  65.78910000   29.53300000   44.76770000
        O  66.97292500   29.59477600   44.37116300
        O  65.07781600   28.50561700   44.80025900
        H  65.33112100   30.46885000   45.12046100
        C  47.65890000   31.15830000   61.15630000
        N  47.80947700   31.54352000   59.89224600
        H  47.49896000   32.20602200   60.58850000
        H  48.00564600   30.58848200   60.15591300
        N  47.25000100   32.03070400   62.07314900
        H  47.44617000   31.07566600   62.33681600
        H  47.36434900   32.32324000   61.11322800
        N  47.91722100   29.90067600   61.50350500
        H  48.03157000   30.19321100   60.54358400
        H  47.60670400   30.56317800   62.19975900
        C  51.95630000   33.68720000   65.49240000
        N  52.10687700   34.07242000   64.22834600
        H  51.79636000   34.73492200   64.92460000
        H  52.30304600   33.11738200   64.49201300
        N  51.54740100   34.55960400   66.40924900
        H  51.74357000   33.60456600   66.67291600
        H  51.66174900   34.85214000   65.44932800
        N  52.21462100   32.42957600   65.83960500
        H  52.32897000   32.72211100   64.87968400
        H  51.90410400   33.09207800   66.53585900
        C  71.00800000   32.33200000   50.39870000
        O  72.19182500   32.39377600   50.00216300
        O  70.29671600   31.30461700   50.43125900
        H  70.55002100   33.26785000   50.75146100

Note: printed only print_atoms_list (this is not necessarily all atoms) 
  ------------RUNNING QM/MM MODULE------------- 
QM Module: ORCATheory
MM Module: OpenMMTheory
Charge provided from QMMMTheory object:  -2
Mult provided from QMMMTheory object:  1
QM-region Charge: -2 Mult: 1
Embedding: Electrostatic
Number of pointcharges (to QM program): 76
Number of charge coordinates: 76
Running QM/MM object with 8 cores available

-------------------------------------------------------------------
Time to calculate step (before-QMstep): 0.000 seconds, 0.0 minutes.
-------------------------------------------------------------------
  ------------RUNNING ORCA INTERFACE------------- 
Object-label: ORCA
Run-label: None
Running ORCA with 8 cores available
Moreadfile option not active
A GBW-file with same basename : orca.gbw is present
Autostart is False. ORCA will ignore any file present
Creating inputfile: orca.inp
ORCA input:
! B3LYP D3BJ def2-SVP def2/J RIJCOSX CPCM TightSCF

! Noautostart

%cpcm epsilon 4.0 end
%scf MaxIter 300 Guess PModel end
Charge: -2  Mult: 1
Pointcharge embedding is on!
 ORCA Calculation starting. 
Found warning messages in ORCA outputfile:
WARNING: The chosen methods will break translational/rotational symmetry
 WARNING: The chosen methods will break translational symmetry
 WARNING: The chosen methods will break translational symmetry
 Warning: op=0 Small HOMO/LUMO gap (   0.058) - skipping pre-diagonalization

 ORCA Calculation done. 
ORCA converged in 11 iterations
ORCA energy: -836.780876025247
  ------------ENDING ORCA-INTERFACE------------- 

----------------------------------------------------------------
Time to calculate step (ORCA run): 401.160 seconds, 6.7 minutes.
----------------------------------------------------------------

---------------------------------------------------------------
Time to calculate step (QM step): 401.160 seconds, 6.7 minutes.
---------------------------------------------------------------

----------------------------------------------------------------------
Time to calculate step (QMpcgrad prepare): 0.000 seconds, 0.0 minutes.
----------------------------------------------------------------------

--------------------------------------------------------------------------
Time to calculate step (linkatomgrad prepare): 0.000 seconds, 0.0 minutes.
--------------------------------------------------------------------------

----------------------------------------------------------------------------
Time to calculate step (QM/MM gradient prepare): 0.000 seconds, 0.0 minutes.
----------------------------------------------------------------------------
Using OpenMM theory as part of QM/MM.
Using MM on full system. Charges for QM region [0, 1, 2, 3, 4, 5, 6, 7, 8, 9, 10, 11, 12, 13, 14, 15, 16, 17, 18, 19, 20, 21, 22, 23] have been set to zero 

--------------------------------------------------------------------------------
                   Creating/updating OpenMM simulation object                   
--------------------------------------------------------------------------------

Integrator name: VerletIntegrator
Timestep: 0.001
Temperature: 300
Coupling frequency: 1
Properties: {'Threads': '1'}
Topology: <Topology; 1 chains, 1 residues, 100 atoms, 0 bonds>

----------------------------------------------------------------------------------
Time to calculate step (creating/updating simulation): 0.002 seconds, 0.0 minutes.
----------------------------------------------------------------------------------

--------------------------------------------------------------------------------
                     Running Single-point OpenMM Interface                      
--------------------------------------------------------------------------------

Number of OpenMM system constraints defined: 0

-----------------------------------------------------------------------------------
Time to calculate step (OpenMMTheory.run: const-check): 0.002 seconds, 0.0 minutes.
-----------------------------------------------------------------------------------
Updating coordinates.

------------------------------------------------------------------------
Time to calculate step (Creating pos array): 0.000 seconds, 0.0 minutes.
------------------------------------------------------------------------

---------------------------------------------------------------------------
Time to calculate step (Updating MM positions): 0.000 seconds, 0.0 minutes.
---------------------------------------------------------------------------
Calling OpenMM getState.

---------------------------------------------------------------------
Time to calculate step (OpenMM getState): 0.000 seconds, 0.0 minutes.
---------------------------------------------------------------------
OpenMM Energy: -3.0628620217920726 Eh
OpenMM Energy: -1921.9749364225866 kcal/mol

-----------------------
Ending OpenMM interface
-----------------------

----------------------------------------------------------------
Time to calculate step (OpenMM run): 0.002 seconds, 0.0 minutes.
----------------------------------------------------------------

-------------------------------------------------------------
Time to calculate step (MM step): 0.002 seconds, 0.0 minutes.
-------------------------------------------------------------

Note: You are using electrostatic embedding. This means that the QM-energy is actually the polarized QM-energy
Note: MM energy also contains the QM-MM Lennard-Jones interaction

QM energy:              -836.780876025247 
MM energy:                -3.062862021792
QM/MM energy:           -839.843738047039 

  ------------ENDING QM/MM MODULE------------- 

-----------------------------------------------------------------
Time to calculate step (QM/MM run): 401.163 seconds, 6.7 minutes.
-----------------------------------------------------------------
geometric called save_guess_files option option for ASHengineclass.
This option is currently unsupported in ASH. Continuing.

Convergence criteria: {'convergence_energy': 1e-05, 'convergence_grms': 0.003, 'convergence_gmax': 0.006, 'convergence_drms': 0.01, 'convergence_dmax': 0.015, 'convergence_cmax': 0.01}

Replacing coordinates in fragment.
Creating/Updating fragment attributes...
Number of Atoms in fragment: 100
Formula: N18H48O14C20
Label: CHHCCOOOCHCHCCHCHCHOHCOOCNHHNHHNHHCNHHNHHNHHCOOHCNHHNHHNHHCNHHNHHNHHCOOHCOOHCNHHNHHNHHCNHHNHHNHHCOOH
Charge: -2 Mult: 1

--------------------------------------------------------------------------------
Wrote XYZ file:  Fragment-currentgeo.xyz
Current geometry (Å) in step 15 (print_atoms_list region)
---------------------------------------------------
        C  57.26136989   35.93851147   58.51570994
        H  57.46382287   35.95083703   57.43196058
        H  57.69677143   36.75423733   59.08098457
        C  56.49549646   35.01459651   59.16371237
        C  56.10117186   35.12463254   60.66760728
        O  56.37936796   36.19772459   61.32601864
        O  55.49497327   34.14115837   61.21133082
        O  55.93596296   33.93299336   58.56516168
        C  56.46340963   33.25392666   57.35699099
        H  55.79122681   32.37439607   57.38395549
        C  57.86958081   32.79064678   57.45303461
        H  58.19828719   32.20762371   58.31739958
        C  58.70170778   32.77912830   56.38683142
        C  58.36858940   33.49627029   55.14830039
        H  59.15506101   33.53944793   54.38306541
        C  57.15294437   34.05946007   54.97413769
        H  56.90382549   34.60110594   54.05209285
        C  56.04800375   33.87860779   55.98797748
        H  55.52505788   34.83911858   56.16362947
        O  55.03935940   32.98385955   55.46587260
        H  55.52637170   32.22742013   55.08796002
        C  60.00371969   31.92843569   56.47122401
        O  60.09933846   31.20697309   57.49643732
        O  60.77811234   32.07635464   55.51628265
        C  54.89040000   41.21830000   65.11750000
        N  55.04097700   41.60352000   63.85344600
        H  54.73046000   42.26602200   64.54970000
        H  55.23714600   40.64848200   64.11711300
        N  54.48150100   42.09070400   66.03434900
        H  54.67767000   41.13566600   66.29801600
        H  54.59584900   42.38324000   65.07442800
        N  55.14872100   39.96067600   65.46470500
        H  55.26307000   40.25321100   64.50478400
        H  54.83820400   40.62317800   66.16095900
        C  59.50090000   39.33550000   66.26000000
        N  59.65147700   39.72072000   64.99594600
        H  59.34096000   40.38322200   65.69220000
        H  59.84764600   38.76568200   65.25961300
        N  59.09200100   40.20790400   67.17684900
        H  59.28817000   39.25286600   67.44051600
        H  59.20634900   40.50044000   66.21692800
        N  59.75922100   38.07787600   66.60720500
        H  59.87357000   38.37041100   65.64728400
        H  59.44870400   38.74037800   67.30345900
        C  69.74840000   37.57020000   52.11000000
        O  70.93222500   37.63197600   51.71346300
        O  69.03711600   36.54281700   52.14255900
        H  69.29042100   38.50605000   52.46276100
        C  49.75560000   39.75790000   62.74580000
        N  49.90617700   40.14312000   61.48174600
        H  49.59566000   40.80562200   62.17800000
        H  50.10234600   39.18808200   61.74541300
        N  49.34670100   40.63030400   63.66264900
        H  49.54287000   39.67526600   63.92631600
        H  49.46104900   40.92284000   62.70272800
        N  50.01392100   38.50027600   63.09300500
        H  50.12827000   38.79281100   62.13308400
        H  49.70340400   39.16277800   63.78925900
        C  54.95800000   29.39440000   66.15720000
        N  55.10857700   29.77962000   64.89314600
        H  54.79806000   30.44212200   65.58940000
        H  55.30474600   28.82458200   65.15681300
        N  54.54910100   30.26680400   67.07404900
        H  54.74527000   29.31176600   67.33771600
        H  54.66344900   30.55934000   66.11412800
        N  55.21632100   28.13677600   66.50440500
        H  55.33067000   28.42931100   65.54448400
        H  54.90580400   28.79927800   67.20065900
        C  69.45420000   25.80430000   53.35910000
        O  70.63802500   25.86607600   52.96256300
        O  68.74291600   24.77691700   53.39165900
        H  68.99622100   26.74015000   53.71186100
        C  65.78910000   29.53300000   44.76770000
        O  66.97292500   29.59477600   44.37116300
        O  65.07781600   28.50561700   44.80025900
        H  65.33112100   30.46885000   45.12046100
        C  47.65890000   31.15830000   61.15630000
        N  47.80947700   31.54352000   59.89224600
        H  47.49896000   32.20602200   60.58850000
        H  48.00564600   30.58848200   60.15591300
        N  47.25000100   32.03070400   62.07314900
        H  47.44617000   31.07566600   62.33681600
        H  47.36434900   32.32324000   61.11322800
        N  47.91722100   29.90067600   61.50350500
        H  48.03157000   30.19321100   60.54358400
        H  47.60670400   30.56317800   62.19975900
        C  51.95630000   33.68720000   65.49240000
        N  52.10687700   34.07242000   64.22834600
        H  51.79636000   34.73492200   64.92460000
        H  52.30304600   33.11738200   64.49201300
        N  51.54740100   34.55960400   66.40924900
        H  51.74357000   33.60456600   66.67291600
        H  51.66174900   34.85214000   65.44932800
        N  52.21462100   32.42957600   65.83960500
        H  52.32897000   32.72211100   64.87968400
        H  51.90410400   33.09207800   66.53585900
        C  71.00800000   32.33200000   50.39870000
        O  72.19182500   32.39377600   50.00216300
        O  70.29671600   31.30461700   50.43125900
        H  70.55002100   33.26785000   50.75146100

Note: printed only print_atoms_list (this is not necessarily all atoms) 
  ------------RUNNING QM/MM MODULE------------- 
QM Module: ORCATheory
MM Module: OpenMMTheory
Charge provided from QMMMTheory object:  -2
Mult provided from QMMMTheory object:  1
QM-region Charge: -2 Mult: 1
Embedding: Electrostatic
Number of pointcharges (to QM program): 76
Number of charge coordinates: 76
Running QM/MM object with 8 cores available

-------------------------------------------------------------------
Time to calculate step (before-QMstep): 0.000 seconds, 0.0 minutes.
-------------------------------------------------------------------
  ------------RUNNING ORCA INTERFACE------------- 
Object-label: ORCA
Run-label: None
Running ORCA with 8 cores available
Moreadfile option not active
A GBW-file with same basename : orca.gbw is present
Autostart is False. ORCA will ignore any file present
Creating inputfile: orca.inp
ORCA input:
! B3LYP D3BJ def2-SVP def2/J RIJCOSX CPCM TightSCF

! Noautostart

%cpcm epsilon 4.0 end
%scf MaxIter 300 Guess PModel end
Charge: -2  Mult: 1
Pointcharge embedding is on!
 ORCA Calculation starting. 
Found warning messages in ORCA outputfile:
WARNING: The chosen methods will break translational/rotational symmetry
 WARNING: The chosen methods will break translational symmetry
 WARNING: The chosen methods will break translational symmetry
 Warning: op=0 Small HOMO/LUMO gap (   0.042) - skipping pre-diagonalization

 ORCA Calculation done. 
ORCA converged in 15 iterations
ORCA energy: -836.795723742674
  ------------ENDING ORCA-INTERFACE------------- 

----------------------------------------------------------------
Time to calculate step (ORCA run): 459.781 seconds, 7.7 minutes.
----------------------------------------------------------------

---------------------------------------------------------------
Time to calculate step (QM step): 459.781 seconds, 7.7 minutes.
---------------------------------------------------------------

----------------------------------------------------------------------
Time to calculate step (QMpcgrad prepare): 0.000 seconds, 0.0 minutes.
----------------------------------------------------------------------

--------------------------------------------------------------------------
Time to calculate step (linkatomgrad prepare): 0.000 seconds, 0.0 minutes.
--------------------------------------------------------------------------

----------------------------------------------------------------------------
Time to calculate step (QM/MM gradient prepare): 0.000 seconds, 0.0 minutes.
----------------------------------------------------------------------------
Using OpenMM theory as part of QM/MM.
Using MM on full system. Charges for QM region [0, 1, 2, 3, 4, 5, 6, 7, 8, 9, 10, 11, 12, 13, 14, 15, 16, 17, 18, 19, 20, 21, 22, 23] have been set to zero 

--------------------------------------------------------------------------------
                   Creating/updating OpenMM simulation object                   
--------------------------------------------------------------------------------

Integrator name: VerletIntegrator
Timestep: 0.001
Temperature: 300
Coupling frequency: 1
Properties: {'Threads': '1'}
Topology: <Topology; 1 chains, 1 residues, 100 atoms, 0 bonds>

----------------------------------------------------------------------------------
Time to calculate step (creating/updating simulation): 0.002 seconds, 0.0 minutes.
----------------------------------------------------------------------------------

--------------------------------------------------------------------------------
                     Running Single-point OpenMM Interface                      
--------------------------------------------------------------------------------

Number of OpenMM system constraints defined: 0

-----------------------------------------------------------------------------------
Time to calculate step (OpenMMTheory.run: const-check): 0.002 seconds, 0.0 minutes.
-----------------------------------------------------------------------------------
Updating coordinates.

------------------------------------------------------------------------
Time to calculate step (Creating pos array): 0.000 seconds, 0.0 minutes.
------------------------------------------------------------------------

---------------------------------------------------------------------------
Time to calculate step (Updating MM positions): 0.000 seconds, 0.0 minutes.
---------------------------------------------------------------------------
Calling OpenMM getState.

---------------------------------------------------------------------
Time to calculate step (OpenMM getState): 0.000 seconds, 0.0 minutes.
---------------------------------------------------------------------
OpenMM Energy: -3.0629376353992597 Eh
OpenMM Energy: -1922.0223846774645 kcal/mol

-----------------------
Ending OpenMM interface
-----------------------

----------------------------------------------------------------
Time to calculate step (OpenMM run): 0.002 seconds, 0.0 minutes.
----------------------------------------------------------------

-------------------------------------------------------------
Time to calculate step (MM step): 0.003 seconds, 0.0 minutes.
-------------------------------------------------------------

Note: You are using electrostatic embedding. This means that the QM-energy is actually the polarized QM-energy
Note: MM energy also contains the QM-MM Lennard-Jones interaction

QM energy:              -836.795723742674 
MM energy:                -3.062937635399
QM/MM energy:           -839.858661378073 

  ------------ENDING QM/MM MODULE------------- 

-----------------------------------------------------------------
Time to calculate step (QM/MM run): 459.784 seconds, 7.7 minutes.
-----------------------------------------------------------------
geometric called save_guess_files option option for ASHengineclass.
This option is currently unsupported in ASH. Continuing.

Convergence criteria: {'convergence_energy': 1e-05, 'convergence_grms': 0.003, 'convergence_gmax': 0.006, 'convergence_drms': 0.01, 'convergence_dmax': 0.015, 'convergence_cmax': 0.01}

Replacing coordinates in fragment.
Creating/Updating fragment attributes...
Number of Atoms in fragment: 100
Formula: N18H48O14C20
Label: CHHCCOOOCHCHCCHCHCHOHCOOCNHHNHHNHHCNHHNHHNHHCOOHCNHHNHHNHHCNHHNHHNHHCOOHCOOHCNHHNHHNHHCNHHNHHNHHCOOH
Charge: -2 Mult: 1

--------------------------------------------------------------------------------
Wrote XYZ file:  Fragment-currentgeo.xyz
Current geometry (Å) in step 16 (print_atoms_list region)
---------------------------------------------------
        C  57.07737797   36.01140882   58.64769217
        H  57.27976018   36.00704329   57.62803676
        H  57.52863307   36.77275336   59.29641509
        C  56.34271349   35.04293788   59.27919092
        C  55.92429708   35.10063492   60.78177415
        O  56.19735084   36.17745976   61.36339791
        O  55.33999881   34.11532320   61.34123661
        O  55.80507989   33.95788791   58.66819927
        C  56.37696761   33.28448759   57.49148072
        H  55.74280524   32.38059415   57.47882446
        C  57.79122089   32.84943363   57.61536176
        H  58.11395442   32.26528313   58.48227108
        C  58.63418643   32.83000024   56.55811931
        C  58.30519538   33.53238771   55.30905842
        H  59.08960290   33.58984042   54.54365916
        C  57.08113433   34.06782355   55.11238506
        H  56.82333803   34.57726012   54.17446761
        C  55.97122373   33.90204684   56.11542562
        H  55.46055094   34.86987020   56.29220193
        O  55.00242174   33.00801260   55.52502110
        H  55.43891217   32.41335619   54.97122187
        C  59.91202920   31.95793099   56.66832354
        O  59.98566845   31.25274035   57.70122625
        O  60.69528932   32.05263548   55.71883805
        C  54.89040000   41.21830000   65.11750000
        N  55.04097700   41.60352000   63.85344600
        H  54.73046000   42.26602200   64.54970000
        H  55.23714600   40.64848200   64.11711300
        N  54.48150100   42.09070400   66.03434900
        H  54.67767000   41.13566600   66.29801600
        H  54.59584900   42.38324000   65.07442800
        N  55.14872100   39.96067600   65.46470500
        H  55.26307000   40.25321100   64.50478400
        H  54.83820400   40.62317800   66.16095900
        C  59.50090000   39.33550000   66.26000000
        N  59.65147700   39.72072000   64.99594600
        H  59.34096000   40.38322200   65.69220000
        H  59.84764600   38.76568200   65.25961300
        N  59.09200100   40.20790400   67.17684900
        H  59.28817000   39.25286600   67.44051600
        H  59.20634900   40.50044000   66.21692800
        N  59.75922100   38.07787600   66.60720500
        H  59.87357000   38.37041100   65.64728400
        H  59.44870400   38.74037800   67.30345900
        C  69.74840000   37.57020000   52.11000000
        O  70.93222500   37.63197600   51.71346300
        O  69.03711600   36.54281700   52.14255900
        H  69.29042100   38.50605000   52.46276100
        C  49.75560000   39.75790000   62.74580000
        N  49.90617700   40.14312000   61.48174600
        H  49.59566000   40.80562200   62.17800000
        H  50.10234600   39.18808200   61.74541300
        N  49.34670100   40.63030400   63.66264900
        H  49.54287000   39.67526600   63.92631600
        H  49.46104900   40.92284000   62.70272800
        N  50.01392100   38.50027600   63.09300500
        H  50.12827000   38.79281100   62.13308400
        H  49.70340400   39.16277800   63.78925900
        C  54.95800000   29.39440000   66.15720000
        N  55.10857700   29.77962000   64.89314600
        H  54.79806000   30.44212200   65.58940000
        H  55.30474600   28.82458200   65.15681300
        N  54.54910100   30.26680400   67.07404900
        H  54.74527000   29.31176600   67.33771600
        H  54.66344900   30.55934000   66.11412800
        N  55.21632100   28.13677600   66.50440500
        H  55.33067000   28.42931100   65.54448400
        H  54.90580400   28.79927800   67.20065900
        C  69.45420000   25.80430000   53.35910000
        O  70.63802500   25.86607600   52.96256300
        O  68.74291600   24.77691700   53.39165900
        H  68.99622100   26.74015000   53.71186100
        C  65.78910000   29.53300000   44.76770000
        O  66.97292500   29.59477600   44.37116300
        O  65.07781600   28.50561700   44.80025900
        H  65.33112100   30.46885000   45.12046100
        C  47.65890000   31.15830000   61.15630000
        N  47.80947700   31.54352000   59.89224600
        H  47.49896000   32.20602200   60.58850000
        H  48.00564600   30.58848200   60.15591300
        N  47.25000100   32.03070400   62.07314900
        H  47.44617000   31.07566600   62.33681600
        H  47.36434900   32.32324000   61.11322800
        N  47.91722100   29.90067600   61.50350500
        H  48.03157000   30.19321100   60.54358400
        H  47.60670400   30.56317800   62.19975900
        C  51.95630000   33.68720000   65.49240000
        N  52.10687700   34.07242000   64.22834600
        H  51.79636000   34.73492200   64.92460000
        H  52.30304600   33.11738200   64.49201300
        N  51.54740100   34.55960400   66.40924900
        H  51.74357000   33.60456600   66.67291600
        H  51.66174900   34.85214000   65.44932800
        N  52.21462100   32.42957600   65.83960500
        H  52.32897000   32.72211100   64.87968400
        H  51.90410400   33.09207800   66.53585900
        C  71.00800000   32.33200000   50.39870000
        O  72.19182500   32.39377600   50.00216300
        O  70.29671600   31.30461700   50.43125900
        H  70.55002100   33.26785000   50.75146100

Note: printed only print_atoms_list (this is not necessarily all atoms) 
  ------------RUNNING QM/MM MODULE------------- 
QM Module: ORCATheory
MM Module: OpenMMTheory
Charge provided from QMMMTheory object:  -2
Mult provided from QMMMTheory object:  1
QM-region Charge: -2 Mult: 1
Embedding: Electrostatic
Number of pointcharges (to QM program): 76
Number of charge coordinates: 76
Running QM/MM object with 8 cores available

-------------------------------------------------------------------
Time to calculate step (before-QMstep): 0.000 seconds, 0.0 minutes.
-------------------------------------------------------------------
  ------------RUNNING ORCA INTERFACE------------- 
Object-label: ORCA
Run-label: None
Running ORCA with 8 cores available
Moreadfile option not active
A GBW-file with same basename : orca.gbw is present
Autostart is False. ORCA will ignore any file present
Creating inputfile: orca.inp
ORCA input:
! B3LYP D3BJ def2-SVP def2/J RIJCOSX CPCM TightSCF

! Noautostart

%cpcm epsilon 4.0 end
%scf MaxIter 300 Guess PModel end
Charge: -2  Mult: 1
Pointcharge embedding is on!
 ORCA Calculation starting. 
Found warning messages in ORCA outputfile:
WARNING: The chosen methods will break translational/rotational symmetry
 WARNING: The chosen methods will break translational symmetry
 WARNING: The chosen methods will break translational symmetry
 Warning: op=0 Small HOMO/LUMO gap (   0.043) - skipping pre-diagonalization

 ORCA Calculation done. 
ORCA converged in 15 iterations
ORCA energy: -836.804200055807
  ------------ENDING ORCA-INTERFACE------------- 

----------------------------------------------------------------
Time to calculate step (ORCA run): 410.439 seconds, 6.8 minutes.
----------------------------------------------------------------

---------------------------------------------------------------
Time to calculate step (QM step): 410.439 seconds, 6.8 minutes.
---------------------------------------------------------------

----------------------------------------------------------------------
Time to calculate step (QMpcgrad prepare): 0.000 seconds, 0.0 minutes.
----------------------------------------------------------------------

--------------------------------------------------------------------------
Time to calculate step (linkatomgrad prepare): 0.000 seconds, 0.0 minutes.
--------------------------------------------------------------------------

----------------------------------------------------------------------------
Time to calculate step (QM/MM gradient prepare): 0.000 seconds, 0.0 minutes.
----------------------------------------------------------------------------
Using OpenMM theory as part of QM/MM.
Using MM on full system. Charges for QM region [0, 1, 2, 3, 4, 5, 6, 7, 8, 9, 10, 11, 12, 13, 14, 15, 16, 17, 18, 19, 20, 21, 22, 23] have been set to zero 

--------------------------------------------------------------------------------
                   Creating/updating OpenMM simulation object                   
--------------------------------------------------------------------------------

Integrator name: VerletIntegrator
Timestep: 0.001
Temperature: 300
Coupling frequency: 1
Properties: {'Threads': '1'}
Topology: <Topology; 1 chains, 1 residues, 100 atoms, 0 bonds>

----------------------------------------------------------------------------------
Time to calculate step (creating/updating simulation): 0.002 seconds, 0.0 minutes.
----------------------------------------------------------------------------------

--------------------------------------------------------------------------------
                     Running Single-point OpenMM Interface                      
--------------------------------------------------------------------------------

Number of OpenMM system constraints defined: 0

-----------------------------------------------------------------------------------
Time to calculate step (OpenMMTheory.run: const-check): 0.002 seconds, 0.0 minutes.
-----------------------------------------------------------------------------------
Updating coordinates.

------------------------------------------------------------------------
Time to calculate step (Creating pos array): 0.000 seconds, 0.0 minutes.
------------------------------------------------------------------------

---------------------------------------------------------------------------
Time to calculate step (Updating MM positions): 0.000 seconds, 0.0 minutes.
---------------------------------------------------------------------------
Calling OpenMM getState.

---------------------------------------------------------------------
Time to calculate step (OpenMM getState): 0.000 seconds, 0.0 minutes.
---------------------------------------------------------------------
OpenMM Energy: -3.0630533164877662 Eh
OpenMM Energy: -1922.0949756564723 kcal/mol

-----------------------
Ending OpenMM interface
-----------------------

----------------------------------------------------------------
Time to calculate step (OpenMM run): 0.003 seconds, 0.0 minutes.
----------------------------------------------------------------

-------------------------------------------------------------
Time to calculate step (MM step): 0.003 seconds, 0.0 minutes.
-------------------------------------------------------------

Note: You are using electrostatic embedding. This means that the QM-energy is actually the polarized QM-energy
Note: MM energy also contains the QM-MM Lennard-Jones interaction

QM energy:              -836.804200055807 
MM energy:                -3.063053316488
QM/MM energy:           -839.867253372295 

  ------------ENDING QM/MM MODULE------------- 

-----------------------------------------------------------------
Time to calculate step (QM/MM run): 410.443 seconds, 6.8 minutes.
-----------------------------------------------------------------
geometric called save_guess_files option option for ASHengineclass.
This option is currently unsupported in ASH. Continuing.

Convergence criteria: {'convergence_energy': 1e-05, 'convergence_grms': 0.003, 'convergence_gmax': 0.006, 'convergence_drms': 0.01, 'convergence_dmax': 0.015, 'convergence_cmax': 0.01}

Replacing coordinates in fragment.
Creating/Updating fragment attributes...
Number of Atoms in fragment: 100
Formula: N18H48O14C20
Label: CHHCCOOOCHCHCCHCHCHOHCOOCNHHNHHNHHCNHHNHHNHHCOOHCNHHNHHNHHCNHHNHHNHHCOOHCOOHCNHHNHHNHHCNHHNHHNHHCOOH
Charge: -2 Mult: 1

--------------------------------------------------------------------------------
Wrote XYZ file:  Fragment-currentgeo.xyz
Current geometry (Å) in step 17 (print_atoms_list region)
---------------------------------------------------
        C  56.89609884   36.03576559   58.83370290
        H  57.07174524   36.14527347   57.73259079
        H  57.35793335   36.78913995   59.49369093
        C  56.18745451   35.03668739   59.43166248
        C  55.77546828   35.09779155   60.92763274
        O  55.99935354   36.16622689   61.57283265
        O  55.19908890   34.09746220   61.43219072
        O  55.64393577   33.97920495   58.78749907
        C  56.27884295   33.31657628   57.61519629
        H  55.69391373   32.38699043   57.57556485
        C  57.70448855   32.91289620   57.77219109
        H  58.01369844   32.32310888   58.64142276
        C  58.56043423   32.87393354   56.72369680
        C  58.24249315   33.55600811   55.46018135
        H  59.02483402   33.61330469   54.69348536
        C  57.01957844   34.08013548   55.24279475
        H  56.76556045   34.56657966   54.29238385
        C  55.89008499   33.91714666   56.22178704
        H  55.38725490   34.88909762   56.38974409
        O  54.94146036   33.03644924   55.57000223
        H  55.38530942   32.59657593   54.86568077
        C  59.82744131   31.98685593   56.85393075
        O  59.86741518   31.28735525   57.89605204
        O  60.62127769   32.04301354   55.90812028
        C  54.89040000   41.21830000   65.11750000
        N  55.04097700   41.60352000   63.85344600
        H  54.73046000   42.26602200   64.54970000
        H  55.23714600   40.64848200   64.11711300
        N  54.48150100   42.09070400   66.03434900
        H  54.67767000   41.13566600   66.29801600
        H  54.59584900   42.38324000   65.07442800
        N  55.14872100   39.96067600   65.46470500
        H  55.26307000   40.25321100   64.50478400
        H  54.83820400   40.62317800   66.16095900
        C  59.50090000   39.33550000   66.26000000
        N  59.65147700   39.72072000   64.99594600
        H  59.34096000   40.38322200   65.69220000
        H  59.84764600   38.76568200   65.25961300
        N  59.09200100   40.20790400   67.17684900
        H  59.28817000   39.25286600   67.44051600Step   19 : Displace = [0m8.631e-02[0m/[0m2.483e-01[0m (rms/max) Trust = 8.679e-02 (=) Grad_T = [0m6.759e-03[0m/[0m4.684e-02[0m (rms/max) E (change) = -839.8846702894 ([0m-1.742e-02[0m) Quality = [0m1.070[0m
Hessian Eigenvalues: 8.40561e-04 1.16570e-02 1.99286e-02 ... 5.88391e-01 7.06637e-01 8.47247e-01
Step   20 : Displace = [0m1.225e-01[0m/[0m3.503e-01[0m (rms/max) Trust = 1.227e-01 ([92m+[0m) Grad_T = [0m1.210e-02[0m/[0m7.559e-02[0m (rms/max) E (change) = -839.8893085487 ([0m-4.638e-03[0m) Quality = [0m0.225[0m
Hessian Eigenvalues: 5.63515e-04 1.11938e-02 2.33223e-02 ... 5.88806e-01 7.09915e-01 1.76494e+00
