grid_idx	min_dist	dV	q
52	8.796	+0.000872	-1.0000
62	8.788	+0.000984	-1.0000
63	8.562	+0.000873	-1.0000
72	8.835	+0.001084	-1.0000
73	8.610	+0.000974	-1.0000
74	8.438	+0.000843	-1.0000
82	8.937	+0.001169	-1.0000
83	8.715	+0.001061	-1.0000
84	8.545	+0.000932	-1.0000
92	8.943	+0.001234	-1.0000
93	8.794	+0.001130	-1.0000
94	8.699	+0.001003	-1.0000
95	8.594	+0.000860	-1.0000
101	8.972	+0.001277	-1.0000
102	8.824	+0.001178	-1.0000
103	8.729	+0.001056	-1.0000
104	8.691	+0.000917	-1.0000
109	8.909	+0.001204	-1.0000
110	8.815	+0.001089	-1.0000
111	8.777	+0.000956	-1.0000
112	8.794	+0.000813	-1.0000
115	8.955	+0.001102	-1.0000
116	8.917	+0.000977	-1.0000
117	8.935	+0.000841	-1.0000
194	8.966	+0.000908	-1.0000
195	8.631	+0.000826	-1.0000
208	8.847	+0.001057	-1.0000
209	8.509	+0.000977	-1.0000
210	8.216	+0.000869	-1.0000
222	8.997	+0.001247	-1.0000
223	8.784	+0.001201	-1.0000
224	8.442	+0.001125	-1.0000
225	8.147	+0.001018	-1.0000
226	7.903	+0.000883	-1.0000
237	8.825	+0.001373	-1.0000
238	8.682	+0.001335	-1.0000
239	8.434	+0.001263	-1.0000
240	8.138	+0.001158	-1.0000
241	7.894	+0.001023	-1.0000
242	7.705	+0.000862	-1.0000
252	8.905	+0.001484	-1.0000
253	8.707	+0.001483	-1.0000
254	8.562	+0.001451	-1.0000
255	8.472	+0.001385	-1.0000
256	8.189	+0.001284	-1.0000
257	7.946	+0.001150	-1.0000
258	7.759	+0.000988	-1.0000
259	7.632	+0.000806	-1.0000
268	8.844	+0.001564	-1.0000
269	8.644	+0.001571	-1.0000
270	8.498	+0.001545	-1.0000
271	8.407	+0.001485	-1.0000
272	8.294	+0.001388	-1.0000
273	8.060	+0.001257	-1.0000
274	7.875	+0.001097	-1.0000
275	7.750	+0.000915	-1.0000
284	8.837	+0.001620	-1.0000
285	8.638	+0.001632	-1.0000
286	8.491	+0.001612	-1.0000
287	8.401	+0.001557	-1.0000
288	8.267	+0.001466	-1.0000
289	8.106	+0.001340	-1.0000
290	8.003	+0.001183	-1.0000
291	7.928	+0.001005	-1.0000
292	7.866	+0.000813	-1.0000
299	8.886	+0.001648	-1.0000
300	8.688	+0.001664	-1.0000
301	8.542	+0.001649	-1.0000
302	8.452	+0.001600	-1.0000
303	8.298	+0.001515	-1.0000
304	8.138	+0.001395	-1.0000
305	8.036	+0.001245	-1.0000
306	7.993	+0.001073	-1.0000
307	8.013	+0.000886	-1.0000
314	8.990	+0.001650	-1.0000
315	8.793	+0.001668	-1.0000
316	8.650	+0.001657	-1.0000
317	8.561	+0.001613	-1.0000
318	8.389	+0.001534	-1.0000
319	8.230	+0.001421	-1.0000
320	8.129	+0.001280	-1.0000
321	8.087	+0.001116	-1.0000
322	8.106	+0.000938	-1.0000
328	8.953	+0.001646	-1.0000
329	8.812	+0.001637	-1.0000
330	8.724	+0.001597	-1.0000
331	8.535	+0.001524	-1.0000
332	8.380	+0.001420	-1.0000
333	8.280	+0.001289	-1.0000
334	8.239	+0.001136	-1.0000
335	8.258	+0.000969	-1.0000
340	8.940	+0.001556	-1.0000
341	8.736	+0.001490	-1.0000
342	8.584	+0.001395	-1.0000
343	8.487	+0.001275	-1.0000
344	8.447	+0.001134	-1.0000
345	8.465	+0.000979	-1.0000
346	8.541	+0.000818	-1.0000
349	8.987	+0.001436	-1.0000
350	8.839	+0.001350	-1.0000
351	8.745	+0.001241	-1.0000
352	8.706	+0.001113	-1.0000
353	8.724	+0.000972	-1.0000
354	8.797	+0.000824	-1.0000
447	8.873	+0.000817	-1.0000
464	8.920	+0.000977	-1.0000
465	8.635	+0.000933	-1.0000
466	8.399	+0.000863	-1.0000
481	8.740	+0.001109	-1.0000
482	8.389	+0.001046	-1.0000
483	8.031	+0.000950	-1.0000
484	7.720	+0.000822	-1.0000
497	8.789	+0.001309	-1.0000
498	8.588	+0.001288	-1.0000
499	8.262	+0.001232	-1.0000
500	7.899	+0.001140	-1.0000
501	7.582	+0.001012	-1.0000
502	7.319	+0.000850	-1.0000
514	8.813	+0.001449	-1.0000
515	8.556	+0.001470	-1.0000
516	8.350	+0.001460	-1.0000
517	8.194	+0.001414	-1.0000
518	7.827	+0.001328	-1.0000
519	7.508	+0.001201	-1.0000
520	7.242	+0.001035	-1.0000
521	7.036	+0.000839	-1.0000
532	8.948	+0.001524	-1.0000
533	8.638	+0.001582	-1.0000
534	8.376	+0.001617	-1.0000
535	8.165	+0.001619	-1.0000
536	8.010	+0.001583	-1.0000
537	7.818	+0.001504	-1.0000
538	7.498	+0.001379	-1.0000
539	7.232	+0.001213	-1.0000
540	7.026	+0.001011	-1.0000
551	8.832	+0.001625	-1.0000
552	8.518	+0.001695	-1.0000
553	8.251	+0.001742	-1.0000
554	8.037	+0.001756	-1.0000
555	7.879	+0.001730	-1.0000
556	7.782	+0.001658	-1.0000
557	7.554	+0.001538	-1.0000
558	7.290	+0.001373	-1.0000
559	7.085	+0.001170	-1.0000
560	6.945	+0.000939	-1.0000
570	8.770	+0.001703	-1.0000
571	8.453	+0.001783	-1.0000
572	8.185	+0.001840	-1.0000
573	7.969	+0.001864	-1.0000
574	7.810	+0.001847	-1.0000
575	7.711	+0.001783	-1.0000
576	7.625	+0.001668	-1.0000
577	7.413	+0.001507	-1.0000
578	7.212	+0.001306	-1.0000
579	7.075	+0.001075	-1.0000
580	7.005	+0.000829	-1.0000
589	8.763	+0.001754	-1.0000
590	8.447	+0.001841	-1.0000
591	8.178	+0.001904	-1.0000
592	7.962	+0.001936	-1.0000
593	7.803	+0.001927	-1.0000
594	7.704	+0.001870	-1.0000
595	7.595	+0.001763	-1.0000
596	7.419	+0.001608	-1.0000
597	7.307	+0.001412	-1.0000
598	7.261	+0.001186	-1.0000
599	7.202	+0.000942	-1.0000
608	8.813	+0.001777	-1.0000
609	8.498	+0.001866	-1.0000
610	8.231	+0.001934	-1.0000
611	8.016	+0.001970	-1.0000
612	7.858	+0.001966	-1.0000
613	7.760	+0.001916	-1.0000
614	7.629	+0.001818	-1.0000
615	7.455	+0.001671	-1.0000
616	7.343	+0.001484	-1.0000
617	7.297	+0.001267	-1.0000
618	7.318	+0.001031	-1.0000
626	8.917	+0.001772	-1.0000
627	8.606	+0.001860	-1.0000
628	8.342	+0.001928	-1.0000
629	8.130	+0.001966	-1.0000
630	7.975	+0.001966	-1.0000
631	7.878	+0.001922	-1.0000
632	7.728	+0.001831	-1.0000
633	7.555	+0.001696	-1.0000
634	7.445	+0.001521	-1.0000
635	7.399	+0.001315	-1.0000
636	7.420	+0.001092	-1.0000
637	7.506	+0.000862	-1.0000
644	8.769	+0.001826	-1.0000
645	8.510	+0.001890	-1.0000
646	8.303	+0.001927	-1.0000
647	8.150	+0.001929	-1.0000
648	8.056	+0.001890	-1.0000
649	7.887	+0.001807	-1.0000
650	7.718	+0.001683	-1.0000
651	7.610	+0.001522	-1.0000
652	7.565	+0.001332	-1.0000
653	7.585	+0.001124	-1.0000
654	7.670	+0.000909	-1.0000
660	8.983	+0.001767	-1.0000
661	8.731	+0.001826	-1.0000
662	8.529	+0.001859	-1.0000
663	8.380	+0.001861	-1.0000
664	8.289	+0.001826	-1.0000
665	8.104	+0.001752	-1.0000
666	7.939	+0.001639	-1.0000
667	7.834	+0.001493	-1.0000
668	7.791	+0.001320	-1.0000
669	7.811	+0.001130	-1.0000
670	7.892	+0.000931	-1.0000
675	8.805	+0.001770	-1.0000
676	8.661	+0.001771	-1.0000
677	8.573	+0.001738	-1.0000
678	8.373	+0.001671	-1.0000
679	8.215	+0.001571	-1.0000
680	8.113	+0.001440	-1.0000
681	8.071	+0.001284	-1.0000
682	8.090	+0.001113	-1.0000
683	8.169	+0.000933	-1.0000
687	8.988	+0.001665	-1.0000
688	8.897	+0.001635	-1.0000
689	8.691	+0.001575	-1.0000
690	8.538	+0.001485	-1.0000
691	8.441	+0.001369	-1.0000
692	8.401	+0.001231	-1.0000
693	8.419	+0.001078	-1.0000
694	8.495	+0.000917	-1.0000
697	8.906	+0.001389	-1.0000
698	8.812	+0.001287	-1.0000
699	8.774	+0.001165	-1.0000
700	8.791	+0.001030	-1.0000
701	8.864	+0.000887	-1.0000
793	8.458	-0.000935	+1.0000
794	8.841	-0.000941	+1.0000
810	7.893	-0.000949	+1.0000
811	8.244	-0.000974	+1.0000
812	8.636	-0.000980	+1.0000
828	7.727	-0.000974	+1.0000
829	8.084	-0.001002	+1.0000
830	8.484	-0.001010	+1.0000
831	8.922	-0.001000	+1.0000
832	8.606	+0.000940	-1.0000
833	8.252	+0.000911	-1.0000
834	7.943	+0.000854	-1.0000
847	7.621	-0.000982	+1.0000
848	7.983	-0.001016	+1.0000
849	8.388	-0.001026	+1.0000
850	8.830	-0.001017	+1.0000
851	8.655	+0.001120	-1.0000
852	8.302	+0.001106	-1.0000
853	7.995	+0.001061	-1.0000
854	7.739	+0.000982	-1.0000
855	7.540	+0.000866	-1.0000
866	7.579	-0.000972	+1.0000
867	7.943	-0.001012	+1.0000
868	8.350	-0.001026	+1.0000
869	8.794	-0.001019	+1.0000
870	8.745	+0.001308	-1.0000
871	8.411	+0.001311	-1.0000
872	8.108	+0.001281	-1.0000
873	7.832	+0.001212	-1.0000
874	7.447	+0.001100	-1.0000
875	7.111	+0.000945	-1.0000
885	7.448	-0.000940	+1.0000
886	7.833	-0.000988	+1.0000
887	8.259	-0.001008	+1.0000
888	8.721	-0.001005	+1.0000
889	8.770	+0.001448	-1.0000
890	8.454	+0.001496	-1.0000
891	8.185	+0.001519	-1.0000
892	7.969	+0.001506	-1.0000
893	7.697	+0.001449	-1.0000
894	7.305	+0.001344	-1.0000
895	6.961	+0.001188	-1.0000
896	6.674	+0.000988	-1.0000
906	7.697	-0.000943	+1.0000
907	8.131	-0.000970	+1.0000
908	8.599	-0.000973	+1.0000
909	8.906	+0.001521	-1.0000
910	8.537	+0.001608	-1.0000
911	8.212	+0.001677	-1.0000
912	7.935	+0.001720	-1.0000
913	7.712	+0.001724	-1.0000
914	7.548	+0.001682	-1.0000
915	7.227	+0.001585	-1.0000
916	6.880	+0.001432	-1.0000
917	6.589	+0.001226	-1.0000
918	6.362	+0.000978	-1.0000
930	8.733	+0.001648	-1.0000
931	8.357	+0.001753	-1.0000
932	8.024	+0.001842	-1.0000
933	7.741	+0.001904	-1.0000
934	7.512	+0.001927	-1.0000
935	7.343	+0.001899	-1.0000
936	7.217	+0.001812	-1.0000
937	6.870	+0.001663	-1.0000
938	6.578	+0.001455	-1.0000
939	6.351	+0.001199	-1.0000
940	6.195	+0.000910	-1.0000
951	8.613	+0.001754	-1.0000
952	8.232	+0.001875	-1.0000
953	7.894	+0.001982	-1.0000
954	7.606	+0.002061	-1.0000
955	7.373	+0.002101	-1.0000
956	7.200	+0.002087	-1.0000
957	7.094	+0.002011	-1.0000
958	6.930	+0.001868	-1.0000
959	6.641	+0.001661	-1.0000
960	6.416	+0.001401	-1.0000
961	6.262	+0.001105	-1.0000
972	8.972	+0.001696	-1.0000
973	8.550	+0.001835	-1.0000
974	8.165	+0.001968	-1.0000
975	7.824	+0.002088	-1.0000
976	7.533	+0.002181	-1.0000
977	7.298	+0.002235	-1.0000
978	7.124	+0.002234	-1.0000
979	7.016	+0.002169	-1.0000
980	6.962	+0.002034	-1.0000
981	6.770	+0.001832	-1.0000
982	6.556	+0.001574	-1.0000
983	6.405	+0.001276	-1.0000
984	6.328	+0.000959	-1.0000
994	8.966	+0.001741	-1.0000
995	8.543	+0.001886	-1.0000
996	8.158	+0.002027	-1.0000
997	7.817	+0.002155	-1.0000
998	7.526	+0.002258	-1.0000
999	7.290	+0.002321	-1.0000
1000	7.116	+0.002330	-1.0000
1001	7.008	+0.002275	-1.0000
1002	6.929	+0.002150	-1.0000
1003	6.736	+0.001957	-1.0000
1004	6.612	+0.001706	-1.0000
1005	6.561	+0.001414	-1.0000
1006	6.545	+0.001100	-1.0000
1016	8.594	+0.001906	-1.0000
1017	8.211	+0.002049	-1.0000
1018	7.872	+0.002180	-1.0000
1019	7.583	+0.002286	-1.0000
1020	7.350	+0.002354	-1.0000
1021	7.177	+0.002371	-1.0000
1022	7.070	+0.002324	-1.0000
1023	6.967	+0.002210	-1.0000
1024	6.775	+0.002029	-1.0000
1025	6.652	+0.001791	-1.0000
1026	6.601	+0.001512	-1.0000
1027	6.624	+0.001209	-1.0000
1028	6.720	+0.000902	-1.0000
1036	8.701	+0.001896	-1.0000
1037	8.323	+0.002035	-1.0000
1038	7.989	+0.002163	-1.0000
1039	7.704	+0.002267	-1.0000
1040	7.474	+0.002336	-1.0000
1041	7.305	+0.002356	-1.0000
1042	7.199	+0.002317	-1.0000
1043	7.074	+0.002214	-1.0000
1044	6.885	+0.002047	-1.0000
1045	6.764	+0.001827	-1.0000
1046	6.714	+0.001565	-1.0000
1047	6.736	+0.001280	-1.0000
1048	6.831	+0.000989	-1.0000
1056	8.862	+0.001857	-1.0000
1057	8.491	+0.001989	-1.0000
1058	8.164	+0.002109	-1.0000
1059	7.886	+0.002207	-1.0000
1060	7.661	+0.002272	-1.0000
1061	7.496	+0.002292	-1.0000
1062	7.393	+0.002258	-1.0000
1063	7.248	+0.002166	-1.0000
1064	7.063	+0.002016	-1.0000
1065	6.945	+0.001815	-1.0000
1066	6.897	+0.001576	-1.0000
1067	6.919	+0.001313	-1.0000
1068	7.011	+0.001042	-1.0000
1075	8.712	+0.001917	-1.0000
1076	8.394	+0.002026	-1.0000
1077	8.123	+0.002114	-1.0000
1078	7.906	+0.002172	-1.0000
1079	7.746	+0.002189	-1.0000
1080	7.646	+0.002159	-1.0000
1081	7.483	+0.002076	-1.0000
1082	7.305	+0.001942	-1.0000
1083	7.191	+0.001763	-1.0000
1084	7.143	+0.001548	-1.0000
1085	7.165	+0.001311	-1.0000
1086	7.254	+0.001065	-1.0000
1087	7.408	+0.000823	-1.0000
1093	8.983	+0.001824	-1.0000
1094	8.674	+0.001920	-1.0000
1095	8.413	+0.001997	-1.0000
1096	8.203	+0.002046	-1.0000
1097	8.049	+0.002059	-1.0000
1098	7.953	+0.002031	-1.0000
1099	7.774	+0.001957	-1.0000
1100	7.603	+0.001839	-1.0000
1101	7.493	+0.001680	-1.0000
1102	7.448	+0.001491	-1.0000
1103	7.469	+0.001280	-1.0000
1104	7.554	+0.001059	-1.0000
1105	7.702	+0.000841	-1.0000
1110	8.749	+0.001865	-1.0000
1111	8.547	+0.001905	-1.0000
1112	8.399	+0.001914	-1.0000
1113	8.308	+0.001886	-1.0000
1114	8.116	+0.001820	-1.0000
1115	7.952	+0.001716	-1.0000
1116	7.847	+0.001578	-1.0000
1117	7.804	+0.001412	-1.0000
1118	7.823	+0.001227	-1.0000
1119	7.905	+0.001033	-1.0000
1120	8.047	+0.000838	-1.0000
1124	8.933	+0.001758	-1.0000
1125	8.792	+0.001762	-1.0000
1126	8.704	+0.001736	-1.0000
1127	8.501	+0.001676	-1.0000
1128	8.345	+0.001585	-1.0000
1129	8.245	+0.001465	-1.0000
1130	8.204	+0.001321	-1.0000
1131	8.223	+0.001160	-1.0000
1132	8.300	+0.000991	-1.0000
1133	8.436	+0.000819	-1.0000
1136	8.925	+0.001533	-1.0000
1137	8.776	+0.001453	-1.0000
1138	8.682	+0.001349	-1.0000
1139	8.643	+0.001225	-1.0000
1140	8.660	+0.001086	-1.0000
1141	8.734	+0.000938	-1.0000
1217	8.198	-0.000945	+1.0000
1218	8.536	-0.000961	+1.0000
1219	8.916	-0.000962	+1.0000
1234	7.301	-0.000932	+1.0000
1235	7.550	-0.000983	+1.0000
1236	7.853	-0.001016	+1.0000
1237	8.205	-0.001031	+1.0000
1238	8.599	-0.001030	+1.0000
1253	6.982	-0.000988	+1.0000
1254	7.241	-0.001046	+1.0000
1255	7.557	-0.001083	+1.0000
1256	7.922	-0.001098	+1.0000
1257	8.330	-0.001095	+1.0000
1258	8.775	-0.001076	+1.0000
1273	6.515	-0.000941	+1.0000
1274	6.720	-0.001033	+1.0000
1275	6.990	-0.001100	+1.0000
1276	7.316	-0.001142	+1.0000
1277	7.693	-0.001159	+1.0000
1278	8.112	-0.001154	+1.0000
1279	8.569	-0.001131	+1.0000
1280	8.914	+0.000863	-1.0000
1281	8.456	+0.000862	-1.0000
1282	8.034	+0.000842	-1.0000
1294	6.313	-0.000952	+1.0000
1295	6.524	-0.001060	+1.0000
1296	6.801	-0.001139	+1.0000
1297	7.136	-0.001188	+1.0000
1298	7.522	-0.001207	+1.0000
1299	7.950	-0.001201	+1.0000
1300	8.415	-0.001175	+1.0000
1301	8.911	-0.001134	+1.0000
1302	8.906	+0.001025	-1.0000
1303	8.448	+0.001044	-1.0000
1304	8.025	+0.001043	-1.0000
1305	7.643	+0.001015	-1.0000
1306	7.309	+0.000953	-1.0000
1307	7.028	+0.000853	-1.0000
1316	6.183	-0.000936	+1.0000
1317	6.398	-0.001065	+1.0000
1318	6.681	-0.001158	+1.0000
1319	7.022	-0.001215	+1.0000
1320	7.413	-0.001238	+1.0000
1321	7.848	-0.001233	+1.0000
1322	8.318	-0.001205	+1.0000
1323	8.820	-0.001161	+1.0000
1324	8.953	+0.001198	-1.0000
1325	8.497	+0.001240	-1.0000
1326	8.077	+0.001262	-1.0000
1327	7.698	+0.001255	-1.0000
1328	7.366	+0.001211	-1.0000
1329	7.087	+0.001123	-1.0000
1330	6.869	+0.000985	-1.0000
1339	6.348	-0.001041	+1.0000
1340	6.632	-0.001151	+1.0000
1341	6.976	-0.001219	+1.0000
1342	7.370	-0.001248	+1.0000
1343	7.807	-0.001245	+1.0000
1344	8.280	-0.001218	+1.0000
1345	8.783	-0.001173	+1.0000
1346	8.894	+0.001376	-1.0000
1347	8.525	+0.001443	-1.0000
1348	8.189	+0.001491	-1.0000
1349	7.815	+0.001510	-1.0000
1350	7.488	+0.001488	-1.0000
1351	7.215	+0.001415	-1.0000
1352	6.886	+0.001285	-1.0000
1353	6.520	+0.001095	-1.0000
1354	6.212	+0.000853	-1.0000
1361	6.213	-0.000985	+1.0000
1362	6.521	-0.001114	+1.0000
1363	6.886	-0.001194	+1.0000
1364	7.301	-0.001232	+1.0000
1365	7.756	-0.001234	+1.0000
1366	8.246	-0.001209	+1.0000
1367	8.765	-0.001166	+1.0000
1368	8.607	+0.001553	-1.0000
1369	8.225	+0.001647	-1.0000
1370	7.887	+0.001723	-1.0000
1371	7.599	+0.001770	-1.0000
1372	7.366	+0.001773	-1.0000
1373	7.155	+0.001719	-1.0000
1374	6.731	+0.001600	-1.0000
1375	6.357	+0.001411	-1.0000
1376	6.041	+0.001159	-1.0000
1377	5.792	+0.000856	-1.0000
1384	6.357	-0.001044	+1.0000
1385	6.732	-0.001139	+1.0000
1386	7.155	-0.001187	+1.0000
1387	7.620	-0.001197	+1.0000
1388	8.118	-0.001178	+1.0000
1389	8.644	-0.001139	+1.0000
1390	8.801	+0.001592	-1.0000
1391	8.370	+0.001721	-1.0000
1392	7.977	+0.001843	-1.0000
1393	7.627	+0.001948	-1.0000
1394	7.329	+0.002024	-1.0000
1395	7.087	+0.002053	-1.0000
1396	6.907	+0.002021	-1.0000
1397	6.647	+0.001915	-1.0000
1398	6.268	+0.001730	-1.0000
1399	5.947	+0.001470	-1.0000
1400	5.694	+0.001151	-1.0000
1407	6.268	-0.000943	+1.0000
1408	6.648	-0.001054	+1.0000
1409	7.076	-0.001115	+1.0000
1410	7.545	-0.001135	+1.0000
1411	8.048	-0.001125	+1.0000
1412	8.579	-0.001093	+1.0000
1413	8.626	+0.001721	-1.0000
1414	8.186	+0.001873	-1.0000
1415	7.783	+0.002021	-1.0000
1416	7.425	+0.002154	-1.0000
1417	7.117	+0.002258	-1.0000
1418	6.868	+0.002314	-1.0000
1419	6.683	+0.002304	-1.0000
1420	6.567	+0.002212	-1.0000
1421	6.256	+0.002033	-1.0000
1422	5.935	+0.001770	-1.0000
1423	5.682	+0.001438	-1.0000
1424	5.507	+0.001062	-1.0000
1431	6.637	-0.000942	+1.0000
1432	7.066	-0.001016	+1.0000
1433	7.536	-0.001049	+1.0000
1434	8.039	-0.001050	+1.0000
1435	8.570	-0.001028	+1.0000
1436	8.985	+0.001665	-1.0000
1437	8.505	+0.001829	-1.0000
1438	8.058	+0.002000	-1.0000
1439	7.649	+0.002170	-1.0000
1440	7.284	+0.002328	-1.0000
1441	6.970	+0.002458	-1.0000
1442	6.715	+0.002538	-1.0000
1443	6.526	+0.002549	-1.0000
1444	6.408	+0.002473	-1.0000
1445	6.323	+0.002302	-1.0000
1446	6.005	+0.002039	-1.0000
1447	5.755	+0.001701	-1.0000
1448	5.582	+0.001313	-1.0000
1449	5.494	+0.000902	-1.0000
1457	7.591	-0.000944	+1.0000
1458	8.091	-0.000958	+1.0000
1459	8.619	-0.000948	+1.0000
1460	8.924	+0.001733	-1.0000
1461	8.441	+0.001910	-1.0000
1462	7.990	+0.002095	-1.0000
1463	7.577	+0.002282	-1.0000
1464	7.208	+0.002459	-1.0000
1465	6.891	+0.002608	-1.0000
1466	6.634	+0.002709	-1.0000
1467	6.442	+0.002739	-1.0000
1468	6.322	+0.002678	-1.0000
1469	6.278	+0.002518	-1.0000
1470	6.094	+0.002261	-1.0000
1471	5.910	+0.001923	-1.0000
1472	5.742	+0.001532	-1.0000
1473	5.656	+0.001115	-1.0000
1484	8.918	+0.001777	-1.0000
1485	8.434	+0.001960	-1.0000
1486	7.983	+0.002154	-1.0000
1487	7.569	+0.002350	-1.0000
1488	7.201	+0.002537	-1.0000
1489	6.883	+0.002699	-1.0000
1490	6.625	+0.002813	-1.0000
1491	6.433	+0.002857	-1.0000
1492	6.313	+0.002810	-1.0000
1493	6.269	+0.002663	-1.0000
1494	6.056	+0.002418	-1.0000
1495	5.918	+0.002091	-1.0000
1496	5.861	+0.001706	-1.0000
1497	5.887	+0.001294	-1.0000
1498	5.898	+0.000884	-1.0000
1508	8.966	+0.001794	-1.0000
1509	8.485	+0.001978	-1.0000
1510	8.037	+0.002172	-1.0000
1511	7.627	+0.002370	-1.0000
1512	7.261	+0.002559	-1.0000
1513	6.946	+0.002724	-1.0000
1514	6.690	+0.002843	-1.0000
1515	6.500	+0.002895	-1.0000
1516	6.381	+0.002860	-1.0000
1517	6.312	+0.002728	-1.0000
1518	6.100	+0.002501	-1.0000
1519	5.963	+0.002192	-1.0000
1520	5.906	+0.001825	-1.0000
1521	5.931	+0.001429	-1.0000
1522	6.039	+0.001032	-1.0000
1531	8.594	+0.001964	-1.0000
1532	8.151	+0.002152	-1.0000
1533	7.747	+0.002343	-1.0000
1534	7.387	+0.002526	-1.0000
1535	7.078	+0.002685	-1.0000
1536	6.827	+0.002802	-1.0000
1537	6.641	+0.002856	-1.0000
1538	6.525	+0.002829	-1.0000
1539	6.430	+0.002712	-1.0000
1540	6.222	+0.002506	-1.0000
1541	6.088	+0.002223	-1.0000
1542	6.032	+0.001883	-1.0000
1543	6.057	+0.001513	-1.0000
1544	6.162	+0.001139	-1.0000
1553	8.757	+0.001921	-1.0000
1554	8.323	+0.002098	-1.0000
1555	7.927	+0.002276	-1.0000
1556	7.576	+0.002445	-1.0000
1557	7.275	+0.002592	-1.0000
1558	7.031	+0.002699	-1.0000
1559	6.850	+0.002749	-1.0000
1560	6.738	+0.002727	-1.0000
1561	6.621	+0.002625	-1.0000
1562	6.419	+0.002441	-1.0000
1563	6.288	+0.002188	-1.0000
1564	6.234	+0.001881	-1.0000
1565	6.259	+0.001545	-1.0000
1566	6.361	+0.001201	-1.0000
1567	6.536	+0.000871	-1.0000
1574	8.971	+0.001854	-1.0000
1575	8.548	+0.002015	-1.0000
1576	8.164	+0.002176	-1.0000
1577	7.823	+0.002327	-1.0000
1578	7.532	+0.002457	-1.0000
1579	7.297	+0.002550	-1.0000
1580	7.123	+0.002593	-1.0000
1581	7.015	+0.002573	-1.0000
1582	6.878	+0.002482	-1.0000
1583	6.683	+0.002322	-1.0000
1584	6.558	+0.002099	-1.0000
1585	6.507	+0.001829	-1.0000
1586	6.530	+0.001530	-1.0000
1587	6.628	+0.001221	-1.0000
1588	6.796	+0.000921	-1.0000
1595	8.824	+0.001912	-1.0000
1596	8.452	+0.002053	-1.0000
1597	8.123	+0.002184	-1.0000
1598	7.843	+0.002294	-1.0000
1599	7.618	+0.002372	-1.0000
1600	7.451	+0.002406	-1.0000
1601	7.348	+0.002385	-1.0000
1602	7.194	+0.002305	-1.0000
1603	7.008	+0.002166	-1.0000
1604	6.889	+0.001973	-1.0000
1605	6.840	+0.001739	-1.0000
1606	6.862	+0.001477	-1.0000
1607	6.955	+0.001206	-1.0000
1608	7.116	+0.000939	-1.0000
1614	8.787	+0.001917	-1.0000
1615	8.471	+0.002027	-1.0000
1616	8.203	+0.002118	-1.0000
1617	7.987	+0.002180	-1.0000
1618	7.829	+0.002204	-1.0000
1619	7.731	+0.002183	-1.0000
1620	7.561	+0.002112	-1.0000
1621	7.385	+0.001991	-1.0000
1622	7.272	+0.001826	-1.0000
1623	7.225	+0.001625	-1.0000
1624	7.247	+0.001400	-1.0000
1625	7.335	+0.001164	-1.0000
1626	7.487	+0.000930	-1.0000
1631	8.860	+0.001866	-1.0000
1632	8.604	+0.001938	-1.0000
1633	8.399	+0.001986	-1.0000
1634	8.248	+0.002001	-1.0000
1635	8.155	+0.001979	-1.0000
1636	7.974	+0.001916	-1.0000
1637	7.807	+0.001811	-1.0000
1638	7.700	+0.001670	-1.0000
1639	7.656	+0.001499	-1.0000
1640	7.676	+0.001307	-1.0000
1641	7.759	+0.001105	-1.0000
1642	7.904	+0.000902	-1.0000
1646	8.847	+0.001799	-1.0000
1647	8.704	+0.001807	-1.0000
1648	8.616	+0.001783	-1.0000
1649	8.424	+0.001727	-1.0000
1650	8.266	+0.001637	-1.0000
1651	8.166	+0.001516	-1.0000
1652	8.124	+0.001371	-1.0000
1653	8.143	+0.001208	-1.0000
1654	8.221	+0.001036	-1.0000
1655	8.358	+0.000861	-1.0000
1658	8.907	+0.001551	-1.0000
1659	8.758	+0.001473	-1.0000
1660	8.663	+0.001370	-1.0000
1661	8.624	+0.001247	-1.0000
1662	8.641	+0.001109	-1.0000
1663	8.715	+0.000963	-1.0000
1664	8.844	+0.000813	-1.0000
1742	7.827	-0.000965	+1.0000
1743	8.120	-0.000993	+1.0000
1744	8.461	-0.001006	+1.0000
1745	8.844	-0.001005	+1.0000
1759	6.890	-0.000948	+1.0000
1760	7.145	-0.001011	+1.0000
1761	7.399	-0.001058	+1.0000
1762	7.708	-0.001087	+1.0000
1763	8.066	-0.001098	+1.0000
1764	8.467	-0.001093	+1.0000
1765	8.905	-0.001073	+1.0000
1779	6.360	-0.000944	+1.0000
1780	6.542	-0.001031	+1.0000
1781	6.746	-0.001102	+1.0000
1782	7.014	-0.001154	+1.0000
1783	7.340	-0.001184	+1.0000
1784	7.715	-0.001193	+1.0000
1785	8.133	-0.001183	+1.0000
1786	8.589	-0.001156	+1.0000
1800	6.042	-0.001006	+1.0000
1801	6.183	-0.001108	+1.0000
1802	6.399	-0.001190	+1.0000
1803	6.681	-0.001248	+1.0000
1804	7.022	-0.001281	+1.0000
1805	7.413	-0.001288	+1.0000
1806	7.848	-0.001272	+1.0000
1807	8.319	-0.001238	+1.0000
1808	8.820	-0.001190	+1.0000
1823	5.738	-0.001049	+1.0000
1824	5.886	-0.001171	+1.0000
1825	6.112	-0.001268	+1.0000
1826	6.407	-0.001336	+1.0000
1827	6.762	-0.001372	+1.0000
1828	7.168	-0.001377	+1.0000
1829	7.616	-0.001356	+1.0000
1830	8.101	-0.001314	+1.0000
1831	8.615	-0.001257	+1.0000
1832	8.927	+0.000908	-1.0000
1833	8.412	+0.000929	-1.0000
1834	7.926	+0.000933	-1.0000
1835	7.474	+0.000914	-1.0000
1836	7.062	+0.000865	-1.0000
1846	5.506	-0.001062	+1.0000
1847	5.661	-0.001211	+1.0000
1848	5.896	-0.001328	+1.0000
1849	6.201	-0.001408	+1.0000
1850	6.567	-0.001450	+1.0000
1851	6.984	-0.001454	+1.0000
1852	7.444	-0.001428	+1.0000
1853	7.938	-0.001379	+1.0000
1854	8.462	-0.001314	+1.0000
1855	8.919	+0.001073	-1.0000
1856	8.404	+0.001118	-1.0000
1857	7.917	+0.001148	-1.0000
1858	7.464	+0.001155	-1.0000
1859	7.052	+0.001130	-1.0000
1860	6.688	+0.001064	-1.0000
1861	6.380	+0.000947	-1.0000
1869	5.357	-0.001036	+1.0000
1870	5.516	-0.001219	+1.0000
1871	5.757	-0.001361	+1.0000
1872	6.069	-0.001457	+1.0000
1873	6.442	-0.001506	+1.0000
1874	6.867	-0.001512	+1.0000
1875	7.334	-0.001483	+1.0000
1876	7.836	-0.001428	+1.0000
1877	8.366	-0.001356	+1.0000
1878	8.920	-0.001275	+1.0000
1879	8.966	+0.001247	-1.0000
1880	8.453	+0.001320	-1.0000
1881	7.970	+0.001381	-1.0000
1882	7.520	+0.001420	-1.0000
1883	7.111	+0.001426	-1.0000
1884	6.750	+0.001387	-1.0000
1885	6.446	+0.001290	-1.0000
1886	6.205	+0.001126	-1.0000
1887	6.036	+0.000893	-1.0000
1893	5.297	-0.000963	+1.0000
1894	5.458	-0.001186	+1.0000
1895	5.701	-0.001359	+1.0000
1896	6.016	-0.001474	+1.0000
1897	6.392	-0.001533	+1.0000
1898	6.820	-0.001543	+1.0000
1899	7.290	-0.001513	+1.0000
1900	7.795	-0.001455	+1.0000
1901	8.328	-0.001379	+1.0000
1902	8.884	-0.001294	+1.0000
1903	8.845	+0.001426	-1.0000
1904	8.415	+0.001530	-1.0000
1905	8.024	+0.001625	-1.0000
1906	7.640	+0.001701	-1.0000
1907	7.238	+0.001743	-1.0000
1908	6.884	+0.001737	-1.0000
1909	6.585	+0.001665	-1.0000
1910	6.350	+0.001515	-1.0000
1911	5.953	+0.001281	-1.0000
1912	5.615	+0.000972	-1.0000
1918	5.347	-0.001109	+1.0000
1919	5.615	-0.001314	+1.0000
1920	5.954	-0.001451	+1.0000
1921	6.352	-0.001523	+1.0000
1922	6.799	-0.001540	+1.0000
1923	7.286	-0.001512	+1.0000
1924	7.806	-0.001455	+1.0000
1925	8.348	-0.001379	+1.0000
1926	8.903	-0.001293	+1.0000
1927	8.557	+0.001604	-1.0000
1928	8.112	+0.001741	-1.0000
1929	7.706	+0.001873	-1.0000
1930	7.344	+0.001988	-1.0000
1931	7.033	+0.002070	-1.0000
1932	6.780	+0.002101	-1.0000
1933	6.593	+0.002059	-1.0000
1934	6.184	+0.001927	-1.0000
1935	5.774	+0.001696	-1.0000
1936	5.424	+0.001374	-1.0000
1937	5.146	+0.000981	-1.0000
1942	5.146	-0.000984	+1.0000
1943	5.424	-0.001222	+1.0000
1944	5.775	-0.001383	+1.0000
1945	6.184	-0.001472	+1.0000
1946	6.643	-0.001498	+1.0000
1947	7.141	-0.001479	+1.0000
1948	7.670	-0.001426	+1.0000
1949	8.225	-0.001354	+1.0000
1950	8.801	-0.001271	+1.0000
1951	8.808	+0.001610	-1.0000
1952	8.318	+0.001773	-1.0000
1953	7.860	+0.001943	-1.0000
1954	7.440	+0.002112	-1.0000
1955	7.064	+0.002268	-1.0000
1956	6.740	+0.002393	-1.0000
1957	6.476	+0.002463	-1.0000
1958	6.280	+0.002454	-1.0000
1959	6.092	+0.002342	-1.0000
1960	5.676	+0.002118	-1.0000
1961	5.319	+0.001786	-1.0000
1962	5.035	+0.001370	-1.0000
1963	4.837	+0.000902	-1.0000
1968	5.320	-0.001086	+1.0000
1969	5.676	-0.001271	+1.0000
1970	6.093	-0.001377	+1.0000
1971	6.558	-0.001418	+1.0000
1972	7.061	-0.001410	+1.0000
1973	7.596	-0.001368	+1.0000
1974	8.156	-0.001303	+1.0000
1975	8.736	-0.001227	+1.0000
1976	8.633	+0.001736	-1.0000
1977	8.132	+0.001925	-1.0000
1978	7.663	+0.002125	-1.0000
1979	7.232	+0.002331	-1.0000
1980	6.844	+0.002527	-1.0000
1981	6.510	+0.002694	-1.0000
1982	6.236	+0.002805	-1.0000
1983	6.032	+0.002829	-1.0000
1984	5.904	+0.002740	-1.0000
1985	5.663	+0.002523	-1.0000
1986	5.306	+0.002185	-1.0000
1987	5.021	+0.001748	-1.0000
1988	4.822	+0.001250	-1.0000
1994	5.664	-0.001118	+1.0000
1995	6.081	-0.001244	+1.0000
1996	6.547	-0.001302	+1.0000
1997	7.051	-0.001309	+1.0000
1998	7.587	-0.001281	+1.0000
1999	8.147	-0.001229	+1.0000
2000	8.728	-0.001164	+1.0000
2001	8.512	+0.001841	-1.0000
2002	8.004	+0.002051	-1.0000
2003	7.527	+0.002278	-1.0000
2004	7.087	+0.002515	-1.0000
2005	6.691	+0.002747	-1.0000
2006	6.349	+0.002952	-1.0000
2007	6.068	+0.003100	-1.0000
2008	5.857	+0.003157	-1.0000
2009	5.725	+0.003090	-1.0000
2010	5.677	+0.002884	-1.0000
2011	5.384	+0.002543	-1.0000
2012	5.104	+0.002093	-1.0000
2013	4.908	+0.001574	-1.0000
2014	4.807	+0.001028	-1.0000
2019	5.737	-0.000934	+1.0000
2020	6.149	-0.001079	+1.0000
2021	6.610	-0.001157	+1.0000
2022	7.110	-0.001182	+1.0000
2023	7.642	-0.001171	+1.0000
2024	8.199	-0.001135	+1.0000
2025	8.776	-0.001083	+1.0000
2026	8.985	+0.001717	-1.0000
2027	8.447	+0.001920	-1.0000
2028	7.935	+0.002145	-1.0000
2029	7.454	+0.002392	-1.0000
2030	7.009	+0.002651	-1.0000
2031	6.609	+0.002910	-1.0000
2032	6.262	+0.003145	-1.0000
2033	5.977	+0.003324	-1.0000
2034	5.763	+0.003408	-1.0000
2035	5.629	+0.003364	-1.0000
2036	5.580	+0.003172	-1.0000
2037	5.424	+0.002836	-1.0000
2038	5.269	+0.002384	-1.0000
2039	5.090	+0.001857	-1.0000
2040	4.992	+0.001299	-1.0000
2047	6.746	-0.000991	+1.0000
2048	7.237	-0.001036	+1.0000
2049	7.760	-0.001044	+1.0000
2050	8.308	-0.001025	+1.0000
2051	8.879	-0.000989	+1.0000
2052	8.978	+0.001758	-1.0000
2053	8.441	+0.001967	-1.0000
2054	7.928	+0.002202	-1.0000
2055	7.446	+0.002458	-1.0000
2056	7.001	+0.002729	-1.0000
2057	6.601	+0.003003	-1.0000
2058	6.253	+0.003254	-1.0000
2059	5.968	+0.003452	-1.0000
2060	5.754	+0.003557	-1.0000
2061	5.619	+0.003533	-1.0000
2062	5.570	+0.003359	-1.0000
2063	5.382	+0.003040	-1.0000
2064	5.226	+0.002600	-1.0000
2065	5.161	+0.002082	-1.0000
2066	5.191	+0.001530	-1.0000
2067	5.265	+0.000988	-1.0000
2077	8.492	+0.001983	-1.0000
2078	7.983	+0.002217	-1.0000
2079	7.504	+0.002474	-1.0000
2080	7.063	+0.002745	-1.0000
2081	6.666	+0.003018	-1.0000
2082	6.322	+0.003272	-1.0000
2083	6.040	+0.003474	-1.0000
2084	5.829	+0.003588	-1.0000
2085	5.696	+0.003579	-1.0000
2086	5.648	+0.003428	-1.0000
2087	5.431	+0.003134	-1.0000
2088	5.276	+0.002723	-1.0000
2089	5.212	+0.002231	-1.0000
2090	5.241	+0.001702	-1.0000
2091	5.362	+0.001179	-1.0000
2101	8.600	+0.001968	-1.0000
2102	8.098	+0.002194	-1.0000
2103	7.626	+0.002441	-1.0000
2104	7.193	+0.002700	-1.0000
2105	6.803	+0.002961	-1.0000
2106	6.467	+0.003201	-1.0000
2107	6.191	+0.003394	-1.0000
2108	5.985	+0.003505	-1.0000
2109	5.856	+0.003506	-1.0000
2110	5.800	+0.003375	-1.0000
2111	5.568	+0.003115	-1.0000
2112	5.417	+0.002743	-1.0000
2113	5.354	+0.002293	-1.0000
2114	5.383	+0.001804	-1.0000
2115	5.501	+0.001315	-1.0000
2116	5.703	+0.000859	-1.0000
2125	8.763	+0.001924	-1.0000
2126	8.270	+0.002136	-1.0000
2127	7.810	+0.002365	-1.0000
2128	7.387	+0.002604	-1.0000
2129	7.008	+0.002841	-1.0000
2130	6.682	+0.003058	-1.0000
2131	6.415	+0.003230	-1.0000
2132	6.217	+0.003330	-1.0000
2133	6.093	+0.003333	-1.0000
2134	6.010	+0.003221	-1.0000
2135	5.787	+0.002995	-1.0000
2136	5.642	+0.002669	-1.0000
2137	5.582	+0.002270	-1.0000
2138	5.609	+0.001831	-1.0000
2139	5.722	+0.001388	-1.0000
2140	5.917	+0.000970	-1.0000
2148	8.977	+0.001856	-1.0000
2149	8.497	+0.002050	-1.0000
2150	8.050	+0.002256	-1.0000
2151	7.640	+0.002468	-1.0000
2152	7.275	+0.002675	-1.0000
2153	6.961	+0.002862	-1.0000
2154	6.705	+0.003009	-1.0000
2155	6.516	+0.003092	-1.0000
2156	6.397	+0.003091	-1.0000
2157	6.292	+0.002995	-1.0000
2158	6.079	+0.002801	-1.0000
2159	5.941	+0.002521	-1.0000
2160	5.884	+0.002177	-1.0000
2161	5.910	+0.001795	-1.0000
2162	6.018	+0.001404	-1.0000
2163	6.203	+0.001030	-1.0000
2170	8.775	+0.001943	-1.0000
2171	8.342	+0.002124	-1.0000
2172	7.947	+0.002307	-1.0000
2173	7.597	+0.002482	-1.0000
2174	7.297	+0.002638	-1.0000
2175	7.053	+0.002756	-1.0000
2176	6.873	+0.002820	-1.0000
2177	6.761	+0.002815	-1.0000
2178	6.636	+0.002730	-1.0000
2179	6.434	+0.002565	-1.0000
2180	6.304	+0.002329	-1.0000
2181	6.250	+0.002037	-1.0000
2182	6.275	+0.001711	-1.0000
2183	6.376	+0.001374	-1.0000
2184	6.551	+0.001046	-1.0000
2191	8.681	+0.001978	-1.0000
2192	8.302	+0.002132	-1.0000
2193	7.967	+0.002277	-1.0000
2194	7.682	+0.002402	-1.0000
2195	7.451	+0.002494	-1.0000
2196	7.281	+0.002541	-1.0000
2197	7.175	+0.002530	-1.0000
2198	7.033	+0.002455	-1.0000
2199	6.843	+0.002315	-1.0000
2200	6.721	+0.002117	-1.0000
2201	6.670	+0.001872	-1.0000
2202	6.693	+0.001598	-1.0000
2203	6.788	+0.001311	-1.0000
2204	6.953	+0.001029	-1.0000
2210	8.699	+0.001955	-1.0000
2211	8.380	+0.002072	-1.0000
2212	8.109	+0.002170	-1.0000
2213	7.891	+0.002240	-1.0000
2214	7.730	+0.002270	-1.0000
2215	7.631	+0.002255	-1.0000
2216	7.474	+0.002188	-1.0000
2217	7.296	+0.002069	-1.0000
2218	7.182	+0.001903	-1.0000
2219	7.134	+0.001700	-1.0000
2220	7.156	+0.001471	-1.0000
2221	7.245	+0.001230	-1.0000
2222	7.400	+0.000990	-1.0000
2228	8.829	+0.001875	-1.0000
2229	8.572	+0.001950	-1.0000
2230	8.366	+0.002001	-1.0000
2231	8.215	+0.002020	-1.0000
2232	8.121	+0.002001	-1.0000
2233	7.953	+0.001940	-1.0000
2234	7.786	+0.001839	-1.0000
2235	7.679	+0.001700	-1.0000
2236	7.635	+0.001531	-1.0000
2237	7.655	+0.001341	-1.0000
2238	7.738	+0.001139	-1.0000
2239	7.883	+0.000936	-1.0000
2244	8.871	+0.001784	-1.0000
2245	8.729	+0.001793	-1.0000
2246	8.641	+0.001772	-1.0000
2247	8.463	+0.001718	-1.0000
2248	8.306	+0.001631	-1.0000
2249	8.205	+0.001515	-1.0000
2250	8.164	+0.001374	-1.0000
2251	8.183	+0.001215	-1.0000
2252	8.261	+0.001047	-1.0000
2253	8.397	+0.000876	-1.0000
2256	8.998	+0.001521	-1.0000
2257	8.850	+0.001446	-1.0000
2258	8.756	+0.001348	-1.0000
2259	8.718	+0.001231	-1.0000
2260	8.735	+0.001098	-1.0000
2261	8.808	+0.000957	-1.0000
2262	8.936	+0.000813	-1.0000
2335	7.366	-0.000940	+1.0000
2336	7.752	-0.000982	+1.0000
2337	8.162	-0.001009	+1.0000
2338	8.501	-0.001021	+1.0000
2339	8.882	-0.001019	+1.0000
2354	6.656	-0.000985	+1.0000
2355	7.011	-0.001046	+1.0000
2356	7.378	-0.001092	+1.0000
2357	7.688	-0.001120	+1.0000
2358	8.048	-0.001130	+1.0000
2359	8.450	-0.001123	+1.0000
2360	8.889	-0.001101	+1.0000
2374	6.024	-0.001015	+1.0000
2375	6.338	-0.001097	+1.0000
2376	6.650	-0.001165	+1.0000
2377	6.922	-0.001215	+1.0000
2378	7.252	-0.001243	+1.0000
2379	7.632	-0.001249	+1.0000
2380	8.054	-0.001235	+1.0000
2381	8.514	-0.001204	+1.0000
2395	5.500	-0.001024	+1.0000
2396	5.757	-0.001125	+1.0000
2397	5.998	-0.001217	+1.0000
2398	6.220	-0.001293	+1.0000
2399	6.510	-0.001347	+1.0000
2400	6.859	-0.001375	+1.0000
2401	7.260	-0.001376	+1.0000
2402	7.703	-0.001353	+1.0000
2403	8.182	-0.001311	+1.0000
2404	8.691	-0.001256	+1.0000
2417	5.115	-0.000984	+1.0000
2418	5.299	-0.001114	+1.0000
2419	5.448	-0.001232	+1.0000
2420	5.605	-0.001338	+1.0000
2421	5.842	-0.001425	+1.0000
2422	6.150	-0.001484	+1.0000
2423	6.518	-0.001511	+1.0000
2424	6.938	-0.001506	+1.0000
2425	7.401	-0.001473	+1.0000
2426	7.898	-0.001419	+1.0000
2427	8.425	-0.001350	+1.0000
2428	8.975	-0.001273	+1.0000
2441	4.997	-0.001014	+1.0000
2442	5.035	-0.001176	+1.0000
2443	5.109	-0.001321	+1.0000
2444	5.276	-0.001448	+1.0000
2445	5.527	-0.001551	+1.0000
2446	5.851	-0.001619	+1.0000
2447	6.238	-0.001646	+1.0000
2448	6.675	-0.001635	+1.0000
2449	7.155	-0.001590	+1.0000
2450	7.668	-0.001523	+1.0000
2451	8.209	-0.001439	+1.0000
2452	8.773	-0.001348	+1.0000
2453	8.484	+0.000965	-1.0000
2454	7.941	+0.000993	-1.0000
2455	7.424	+0.001003	-1.0000
2456	6.939	+0.000986	-1.0000
2457	6.494	+0.000933	-1.0000
2458	6.097	+0.000832	-1.0000
2465	4.793	-0.000977	+1.0000
2466	4.769	-0.001188	+1.0000
2467	4.848	-0.001373	+1.0000
2468	5.023	-0.001534	+1.0000
2469	5.286	-0.001660	+1.0000
2470	5.624	-0.001740	+1.0000
2471	6.025	-0.001770	+1.0000
2472	6.477	-0.001752	+1.0000
2473	6.971	-0.001696	+1.0000
2474	7.497	-0.001615	+1.0000
2475	8.049	-0.001518	+1.0000
2476	8.623	-0.001414	+1.0000
2477	8.476	+0.001152	-1.0000
2478	7.932	+0.001211	-1.0000
2479	7.414	+0.001255	-1.0000
2480	6.929	+0.001274	-1.0000
2481	6.483	+0.001256	-1.0000
2482	6.085	+0.001187	-1.0000
2483	5.745	+0.001052	-1.0000
2484	5.473	+0.000840	-1.0000
2490	4.596	-0.001136	+1.0000
2491	4.677	-0.001377	+1.0000
2492	4.859	-0.001582	+1.0000
2493	5.130	-0.001740	+1.0000
2494	5.478	-0.001837	+1.0000
2495	5.889	-0.001870	+1.0000
2496	6.351	-0.001848	+1.0000
2497	6.853	-0.001782	+1.0000
2498	7.388	-0.001689	+1.0000
2499	7.948	-0.001579	+1.0000
2500	8.529	-0.001464	+1.0000
2501	8.525	+0.001352	-1.0000
2502	7.985	+0.001447	-1.0000
2503	7.471	+0.001531	-1.0000
2504	6.989	+0.001594	-1.0000
2505	6.547	+0.001621	-1.0000
2506	6.153	+0.001593	-1.0000
2507	5.817	+0.001492	-1.0000
2508	5.549	+0.001298	-1.0000
2509	5.360	+0.001004	-1.0000
2514	4.526	-0.001011	+1.0000
2515	4.608	-0.001322	+1.0000
2516	4.792	-0.001582	+1.0000
2517	5.067	-0.001777	+1.0000
2518	5.419	-0.001895	+1.0000
2519	5.835	-0.001935	+1.0000
2520	6.300	-0.001911	+1.0000
2521	6.806	-0.001838	+1.0000
2522	7.344	-0.001736	+1.0000
2523	7.908	-0.001617	+1.0000
2524	8.491	-0.001494	+1.0000
2525	8.906	+0.001427	-1.0000
2526	8.422	+0.001559	-1.0000
2527	7.970	+0.001694	-1.0000
2528	7.556	+0.001823	-1.0000
2529	7.118	+0.001936	-1.0000
2530	6.684	+0.002015	-1.0000
2531	6.299	+0.002037	-1.0000
2532	5.971	+0.001975	-1.0000
2533	5.711	+0.001807	-1.0000
2534	5.418	+0.001517	-1.0000
2535	5.043	+0.001113	-1.0000
2540	4.532	-0.001199	+1.0000
2541	4.743	-0.001522	+1.0000
2542	5.044	-0.001759	+1.0000
2543	5.418	-0.001900	+1.0000
2544	5.853	-0.001952	+1.0000
2545	6.327	-0.001929	+1.0000
2546	6.831	-0.001855	+1.0000
2547	7.367	-0.001749	+1.0000
2548	7.929	-0.001627	+1.0000
2549	8.511	-0.001500	+1.0000
2550	8.620	+0.001597	-1.0000
2551	8.119	+0.001765	-1.0000
2552	7.649	+0.001942	-1.0000
2553	7.217	+0.002122	-1.0000
2554	6.829	+0.002290	-1.0000
2555	6.493	+0.002426	-1.0000
2556	6.219	+0.002503	-1.0000
2557	6.014	+0.002487	-1.0000
2558	5.670	+0.002349	-1.0000
2559	5.220	+0.002069	-1.0000
2560	4.830	+0.001651	-1.0000
2561	4.516	+0.001129	-1.0000
2565	4.293	-0.001007	+1.0000
2566	4.516	-0.001393	+1.0000
2567	4.831	-0.001674	+1.0000
2568	5.221	-0.001843	+1.0000
2569	5.671	-0.001910	+1.0000
2570	6.167	-0.001896	+1.0000
2571	6.701	-0.001827	+1.0000
2572	7.262	-0.001724	+1.0000
2573	7.846	-0.001605	+1.0000
2574	8.447	-0.001480	+1.0000
2575	8.924	+0.001576	-1.0000
2576	8.383	+0.001759	-1.0000
2577	7.867	+0.001962	-1.0000
2578	7.381	+0.002183	-1.0000
2579	6.932	+0.002413	-1.0000
2580	6.527	+0.002640	-1.0000
2581	6.175	+0.002838	-1.0000
2582	5.886	+0.002975	-1.0000
2583	5.669	+0.003009	-1.0000
2584	5.532	+0.002904	-1.0000
2585	5.111	+0.002634	-1.0000
2586	4.712	+0.002205	-1.0000
2587	4.389	+0.001651	-1.0000
2588	4.160	+0.001028	-1.0000
2592	4.390	-0.001202	+1.0000
2593	4.713	-0.001523	+1.0000
2594	5.112	-0.001719	+1.0000
2595	5.571	-0.001806	+1.0000
2596	6.076	-0.001808	+1.0000
2597	6.616	-0.001752	+1.0000
2598	7.184	-0.001660	+1.0000
2599	7.774	-0.001549	+1.0000
2600	8.381	-0.001433	+1.0000
2601	8.752	+0.001694	-1.0000
2602	8.199	+0.001903	-1.0000
2603	7.670	+0.002140	-1.0000
2604	7.171	+0.002402	-1.0000
2605	6.708	+0.002683	-1.0000
2606	6.289	+0.002967	-1.0000
2607	5.923	+0.003229	-1.0000
2608	5.621	+0.003429	-1.0000
2609	5.393	+0.003516	-1.0000
2610	5.249	+0.003443	-1.0000
2611	5.097	+0.003183	-1.0000
2612	4.697	+0.002740	-1.0000
2613	4.373	+0.002154	-1.0000
2614	4.143	+0.001484	-1.0000
2618	4.373	-0.000960	+1.0000
2619	4.697	-0.001313	+1.0000
2620	5.098	-0.001536	+1.0000
2621	5.558	-0.001645	+1.0000
2622	6.064	-0.001669	+1.0000
2623	6.605	-0.001632	+1.0000
2624	7.174	-0.001558	+1.0000
2625	7.765	-0.001464	+1.0000
2626	8.372	-0.001360	+1.0000
2627	8.993	-0.001255	+1.0000
2628	8.632	+0.001792	-1.0000
2629	8.072	+0.002024	-1.0000
2630	7.534	+0.002288	-1.0000
2631	7.025	+0.002586	-1.0000
2632	6.552	+0.002911	-1.0000
2633	6.122	+0.003248	-1.0000
2634	5.745	+0.003569	-1.0000
2635	5.433	+0.003828	-1.0000
2636	5.197	+0.003968	-1.0000
2637	5.048	+0.003929	-1.0000
2638	4.993	+0.003678	-1.0000
2639	4.785	+0.003223	-1.0000
2640	4.467	+0.002609	-1.0000
2641	4.242	+0.001901	-1.0000
2642	4.125	+0.001164	-1.0000
2646	4.786	-0.001059	+1.0000
2647	5.179	-0.001305	+1.0000
2648	5.632	-0.001439	+1.0000
2649	6.132	-0.001489	+1.0000
2650	6.668	-0.001477	+1.0000
2651	7.232	-0.001426	+1.0000
2652	7.818	-0.001352	+1.0000
2653	8.422	-0.001266	+1.0000
2654	8.569	+0.001865	-1.0000
2655	8.004	+0.002113	-1.0000
2656	7.461	+0.002398	-1.0000
2657	6.947	+0.002721	-1.0000
2658	6.468	+0.003078	-1.0000
2659	6.032	+0.003455	-1.0000
2660	5.649	+0.003822	-1.0000
2661	5.332	+0.004130	-1.0000
2662	5.091	+0.004315	-1.0000
2663	4.939	+0.004311	-1.0000
2664	4.883	+0.004077	-1.0000
2665	4.763	+0.003622	-1.0000
2666	4.586	+0.002996	-1.0000
2667	4.451	+0.002269	-1.0000
2668	4.340	+0.001509	-1.0000
2673	5.351	-0.001044	+1.0000
2674	5.791	-0.001204	+1.0000
2675	6.278	-0.001280	+1.0000
2676	6.803	-0.001296	+1.0000
2677	7.357	-0.001271	+1.0000
2678	7.934	-0.001221	+1.0000
2679	8.529	-0.001155	+1.0000
2680	8.562	+0.001910	-1.0000
2681	7.997	+0.002165	-1.0000
2682	7.454	+0.002460	-1.0000
2683	6.939	+0.002796	-1.0000
2684	6.459	+0.003169	-1.0000
2685	6.023	+0.003566	-1.0000
2686	5.639	+0.003957	-1.0000
2687	5.321	+0.004293	-1.0000
2688	5.080	+0.004509	-1.0000
2689	4.927	+0.004536	-1.0000
2690	4.871	+0.004330	-1.0000
2691	4.715	+0.003897	-1.0000
2692	4.536	+0.003286	-1.0000
2693	4.461	+0.002567	-1.0000
2694	4.495	+0.001811	-1.0000
2695	4.636	+0.001085	-1.0000
2700	6.028	-0.000955	+1.0000
2701	6.497	-0.001058	+1.0000
2702	7.005	-0.001102	+1.0000
2703	7.544	-0.001104	+1.0000
2704	8.108	-0.001078	+1.0000
2705	8.691	-0.001034	+1.0000
2706	8.613	+0.001924	-1.0000
2707	8.051	+0.002180	-1.0000
2708	7.512	+0.002474	-1.0000
2709	7.001	+0.002808	-1.0000
2710	6.526	+0.003178	-1.0000
2711	6.094	+0.003571	-1.0000
2712	5.716	+0.003960	-1.0000
2713	5.402	+0.004298	-1.0000
2714	5.165	+0.004523	-1.0000
2715	5.014	+0.004570	-1.0000
2716	4.959	+0.004398	-1.0000
2717	4.771	+0.004007	-1.0000
2718	4.594	+0.003441	-1.0000
2719	4.520	+0.002763	-1.0000
2720	4.554	+0.002041	-1.0000
2721	4.692	+0.001340	-1.0000
2729	7.790	-0.000933	+1.0000
2732	8.719	+0.001910	-1.0000
2733	8.165	+0.002157	-1.0000
2734	7.634	+0.002439	-1.0000
2735	7.132	+0.002757	-1.0000
2736	6.666	+0.003107	-1.0000
2737	6.244	+0.003476	-1.0000
2738	5.875	+0.003838	-1.0000
2739	5.570	+0.004152	-1.0000
2740	5.340	+0.004364	-1.0000
2741	5.195	+0.004418	-1.0000
2742	5.142	+0.004278	-1.0000
2743	4.926	+0.003941	-1.0000
2744	4.755	+0.003440	-1.0000
2745	4.684	+0.002829	-1.0000
2746	4.716	+0.002169	-1.0000
2747	4.850	+0.001519	-1.0000
2748	5.078	+0.000930	-1.0000
2757	8.880	+0.001869	-1.0000
2758	8.336	+0.002100	-1.0000
2759	7.817	+0.002363	-1.0000
2760	7.327	+0.002655	-1.0000
2761	6.875	+0.002972	-1.0000
2762	6.466	+0.003301	-1.0000
2763	6.111	+0.003619	-1.0000
2764	5.819	+0.003891	-1.0000
2765	5.599	+0.004074	-1.0000
2766	5.461	+0.004122	-1.0000
2767	5.410	+0.004007	-1.0000
2768	5.172	+0.003724	-1.0000
2769	5.010	+0.003297	-1.0000
2770	4.942	+0.002768	-1.0000
2771	4.973	+0.002188	-1.0000
2772	5.100	+0.001609	-1.0000
2773	5.318	+0.001073	-1.0000
2782	8.561	+0.002017	-1.0000
2783	8.056	+0.002254	-1.0000
2784	7.583	+0.002513	-1.0000
2785	7.146	+0.002789	-1.0000
2786	6.754	+0.003071	-1.0000
2787	6.415	+0.003337	-1.0000
2788	6.137	+0.003561	-1.0000
2789	5.929	+0.003707	-1.0000
2790	5.799	+0.003742	-1.0000
2791	5.732	+0.003644	-1.0000
2792	5.497	+0.003409	-1.0000
2793	5.345	+0.003054	-1.0000
2794	5.281	+0.002610	-1.0000
2795	5.310	+0.002117	-1.0000
2796	5.429	+0.001617	-1.0000
2797	5.634	+0.001146	-1.0000
2805	8.836	+0.001914	-1.0000
2806	8.348	+0.002122	-1.0000
2807	7.892	+0.002346	-1.0000
2808	7.474	+0.002579	-1.0000
2809	7.100	+0.002812	-1.0000
2810	6.778	+0.003027	-1.0000
2811	6.516	+0.003202	-1.0000
2812	6.320	+0.003312	-1.0000
2813	6.198	+0.003332	-1.0000
2814	6.107	+0.003246	-1.0000
2815	5.888	+0.003051	-1.0000
2816	5.745	+0.002760	-1.0000
2817	5.686	+0.002394	-1.0000
2818	5.713	+0.001984	-1.0000
2819	5.824	+0.001564	-1.0000
2820	6.016	+0.001160	-1.0000
2828	8.687	+0.001977	-1.0000
2829	8.249	+0.002166	-1.0000
2830	7.850	+0.002359	-1.0000
2831	7.495	+0.002546	-1.0000
2832	7.191	+0.002715	-1.0000
2833	6.944	+0.002847	-1.0000
2834	6.761	+0.002925	-1.0000
2835	6.647	+0.002930	-1.0000
2836	6.537	+0.002854	-1.0000
2837	6.332	+0.002692	-1.0000
2838	6.200	+0.002454	-1.0000
2839	6.145	+0.002156	-1.0000
2840	6.170	+0.001821	-1.0000
2841	6.273	+0.001472	-1.0000
2842	6.451	+0.001133	-1.0000
2843	6.698	+0.000819	-1.0000
2849	8.649	+0.001984	-1.0000
2850	8.269	+0.002141	-1.0000
2851	7.933	+0.002288	-1.0000
2852	7.646	+0.002417	-1.0000
2853	7.414	+0.002514	-1.0000
2854	7.243	+0.002566	-1.0000
2855	7.137	+0.002561	-1.0000
2856	7.010	+0.002492	-1.0000
2857	6.819	+0.002357	-1.0000
2858	6.696	+0.002163	-1.0000
2859	6.646	+0.001921	-1.0000
2860	6.669	+0.001648	-1.0000
2861	6.764	+0.001361	-1.0000
2862	6.930	+0.001078	-1.0000
2863	7.160	+0.000813	-1.0000
2868	8.724	+0.001933	-1.0000
2869	8.405	+0.002048	-1.0000
2870	8.135	+0.002144	-1.0000
2871	7.918	+0.002214	-1.0000
2872	7.758	+0.002246	-1.0000
2873	7.659	+0.002233	-1.0000
2874	7.518	+0.002170	-1.0000
2875	7.341	+0.002057	-1.0000
2876	7.227	+0.001898	-1.0000
2877	7.180	+0.001701	-1.0000
2878	7.201	+0.001479	-1.0000
2879	7.290	+0.001244	-1.0000
2880	7.444	+0.001010	-1.0000
2885	8.908	+0.001828	-1.0000
2886	8.654	+0.001900	-1.0000
2887	8.450	+0.001948	-1.0000
2888	8.300	+0.001965	-1.0000
2889	8.208	+0.001948	-1.0000
2890	8.055	+0.001891	-1.0000
2891	7.890	+0.001795	-1.0000
2892	7.784	+0.001664	-1.0000
2893	7.741	+0.001504	-1.0000
2894	7.760	+0.001322	-1.0000
2895	7.843	+0.001130	-1.0000
2896	7.986	+0.000936	-1.0000
2900	8.865	+0.001723	-1.0000
2901	8.778	+0.001703	-1.0000
2902	8.616	+0.001652	-1.0000
2903	8.462	+0.001570	-1.0000
2904	8.363	+0.001462	-1.0000
2905	8.323	+0.001330	-1.0000
2906	8.341	+0.001181	-1.0000
2907	8.418	+0.001022	-1.0000
2908	8.551	+0.000861	-1.0000
2911	8.959	+0.001287	-1.0000
2912	8.921	+0.001178	-1.0000
2913	8.939	+0.001055	-1.0000
2979	7.737	-0.000968	+1.0000
2980	8.166	-0.000996	+1.0000
2981	8.630	-0.001009	+1.0000
2996	6.564	-0.000976	+1.0000
2997	6.924	-0.001039	+1.0000
2998	7.333	-0.001086	+1.0000
2999	7.784	-0.001116	+1.0000
3000	8.150	-0.001127	+1.0000
3001	8.547	-0.001121	+1.0000
3002	8.982	-0.001100	+1.0000
3016	5.586	-0.000931	+1.0000
3017	5.839	-0.001018	+1.0000
3018	6.162	-0.001101	+1.0000
3019	6.544	-0.001172	+1.0000
3020	6.971	-0.001224	+1.0000
3021	7.299	-0.001254	+1.0000
3022	7.676	-0.001261	+1.0000
3023	8.097	-0.001247	+1.0000
3024	8.554	-0.001216	+1.0000
3037	5.016	-0.000968	+1.0000
3038	5.203	-0.001061	+1.0000
3039	5.474	-0.001157	+1.0000
3040	5.817	-0.001249	+1.0000
3041	6.196	-0.001327	+1.0000
3042	6.487	-0.001383	+1.0000
3043	6.838	-0.001411	+1.0000
3044	7.239	-0.001412	+1.0000
3045	7.683	-0.001387	+1.0000
3046	8.164	-0.001343	+1.0000
3047	8.674	-0.001285	+1.0000
3059	4.590	-0.001010	+1.0000
3060	4.691	-0.001115	+1.0000
3061	4.891	-0.001216	+1.0000
3062	5.179	-0.001318	+1.0000
3063	5.490	-0.001418	+1.0000
3064	5.731	-0.001503	+1.0000
3065	6.045	-0.001562	+1.0000
3066	6.420	-0.001587	+1.0000
3067	6.846	-0.001578	+1.0000
3068	7.314	-0.001539	+1.0000
3069	7.817	-0.001479	+1.0000
3070	8.348	-0.001404	+1.0000
3071	8.903	-0.001320	+1.0000
3083	4.353	-0.000969	+1.0000
3084	4.348	-0.001139	+1.0000
3085	4.454	-0.001267	+1.0000
3086	4.664	-0.001377	+1.0000
3087	4.883	-0.001488	+1.0000
3088	5.057	-0.001598	+1.0000
3089	5.318	-0.001693	+1.0000
3090	5.655	-0.001755	+1.0000
3091	6.054	-0.001776	+1.0000
3092	6.504	-0.001755	+1.0000
3093	6.995	-0.001699	+1.0000
3094	7.520	-0.001619	+1.0000
3095	8.071	-0.001524	+1.0000
3096	8.643	-0.001422	+1.0000
3097	8.734	+0.000806	-1.0000
3098	8.147	+0.000826	-1.0000
3099	7.580	+0.000830	-1.0000
3100	7.037	+0.000813	-1.0000
3108	4.214	-0.000964	+1.0000
3109	4.208	-0.001204	+1.0000
3110	4.318	-0.001376	+1.0000
3111	4.417	-0.001511	+1.0000
3112	4.501	-0.001642	+1.0000
3113	4.690	-0.001774	+1.0000
3114	4.970	-0.001886	+1.0000
3115	5.329	-0.001955	+1.0000
3116	5.750	-0.001971	+1.0000
3117	6.222	-0.001935	+1.0000
3118	6.734	-0.001859	+1.0000
3119	7.278	-0.001757	+1.0000
3120	7.846	-0.001640	+1.0000
3121	8.434	-0.001518	+1.0000
3122	8.669	+0.000969	-1.0000
3123	8.078	+0.001016	-1.0000
3124	7.506	+0.001052	-1.0000
3125	6.956	+0.001069	-1.0000
3126	6.436	+0.001055	-1.0000
3127	5.954	+0.000998	-1.0000
3128	5.517	+0.000880	-1.0000
3134	4.183	-0.001140	+1.0000
3135	4.140	-0.001389	+1.0000
3136	4.112	-0.001580	+1.0000
3137	4.202	-0.001756	+1.0000
3138	4.404	-0.001926	+1.0000
3139	4.701	-0.002067	+1.0000
3140	5.079	-0.002149	+1.0000
3141	5.520	-0.002160	+1.0000
3142	6.010	-0.002109	+1.0000
3143	6.538	-0.002011	+1.0000
3144	7.097	-0.001885	+1.0000
3145	7.678	-0.001745	+1.0000
3146	8.278	-0.001603	+1.0000
3147	8.892	-0.001466	+1.0000
3148	8.661	+0.001147	-1.0000
3149	8.069	+0.001227	-1.0000
3150	7.496	+0.001301	-1.0000
3151	6.946	+0.001362	-1.0000
3152	6.425	+0.001398	-1.0000
3153	5.942	+0.001392	-1.0000
3154	5.504	+0.001326	-1.0000
3155	5.126	+0.001173	-1.0000
3156	4.820	+0.000912	-1.0000
3161	3.939	-0.001281	+1.0000
3162	3.910	-0.001561	+1.0000
3163	4.005	-0.001811	+1.0000
3164	4.215	-0.002042	+1.0000
3165	4.526	-0.002222	+1.0000
3166	4.917	-0.002320	+1.0000
3167	5.371	-0.002328	+1.0000
3168	5.873	-0.002260	+1.0000
3169	6.413	-0.002140	+1.0000
3170	6.981	-0.001991	+1.0000
3171	7.572	-0.001831	+1.0000
3172	8.179	-0.001672	+1.0000
3173	8.801	-0.001519	+1.0000
3174	8.709	+0.001335	-1.0000
3175	8.121	+0.001453	-1.0000
3176	7.552	+0.001573	-1.0000
3177	7.006	+0.001686	-1.0000
3178	6.490	+0.001781	-1.0000
3179	6.012	+0.001840	-1.0000
3180	5.580	+0.001838	-1.0000
3181	5.207	+0.001743	-1.0000
3182	4.906	+0.001522	-1.0000
3183	4.691	+0.001148	-1.0000
3187	3.857	-0.001050	+1.0000
3188	3.827	-0.001447	+1.0000
3189	3.924	-0.001797	+1.0000
3190	4.139	-0.002105	+1.0000
3191	4.454	-0.002332	+1.0000
3192	4.851	-0.002448	+1.0000
3193	5.311	-0.002453	+1.0000
3194	5.819	-0.002371	+1.0000
3195	6.363	-0.002233	+1.0000
3196	6.935	-0.002066	+1.0000
3197	7.529	-0.001889	+1.0000
3198	8.140	-0.001716	+1.0000
3199	8.764	-0.001553	+1.0000
3200	8.544	+0.001529	-1.0000
3201	8.038	+0.001689	-1.0000
3202	7.563	+0.001859	-1.0000
3203	7.126	+0.002031	-1.0000
3204	6.629	+0.002194	-1.0000
3205	6.161	+0.002325	-1.0000
3206	5.740	+0.002396	-1.0000
3207	5.379	+0.002367	-1.0000
3208	5.088	+0.002192	-1.0000
3209	4.881	+0.001835	-1.0000
3210	4.508	+0.001290	-1.0000
3214	3.801	-0.001222	+1.0000
3215	3.928	-0.001694	+1.0000
3216	4.170	-0.002091	+1.0000
3217	4.492	-0.002370	+1.0000
3218	4.886	-0.002507	+1.0000
3219	5.342	-0.002514	+1.0000
3220	5.848	-0.002424	+1.0000
3221	6.389	-0.002275	+1.0000
3222	6.960	-0.002097	+1.0000
3223	7.552	-0.001912	+1.0000
3224	8.161	-0.001731	+1.0000
3225	8.784	-0.001563	+1.0000
3226	8.795	+0.001538	-1.0000
3227	8.245	+0.001720	-1.0000
3228	7.720	+0.001925	-1.0000
3229	7.224	+0.002149	-1.0000
3230	6.765	+0.002387	-1.0000
3231	6.349	+0.002625	-1.0000
3232	5.987	+0.002838	-1.0000
3233	5.688	+0.002989	-1.0000
3234	5.463	+0.003029	-1.0000
3235	5.171	+0.002904	-1.0000
3236	4.705	+0.002570	-1.0000
3237	4.268	+0.002018	-1.0000
3238	3.909	+0.001302	-1.0000
3242	3.650	-0.001485	+1.0000
3243	3.909	-0.001978	+1.0000
3244	4.269	-0.002312	+1.0000
3245	4.706	-0.002475	+1.0000
3246	5.201	-0.002491	+1.0000
3247	5.738	-0.002405	+1.0000
3248	6.308	-0.002256	+1.0000
3249	6.901	-0.002078	+1.0000
3250	7.513	-0.001893	+1.0000
3251	8.139	-0.001713	+1.0000
3252	8.777	-0.001546	+1.0000
3253	8.563	+0.001685	-1.0000
3254	7.997	+0.001903	-1.0000
3255	7.454	+0.002152	-1.0000
3256	6.940	+0.002433	-1.0000
3257	6.460	+0.002740	-1.0000
3258	6.023	+0.003060	-1.0000
3259	5.640	+0.003363	-1.0000
3260	5.322	+0.003605	-1.0000
3261	5.081	+0.003721	-1.0000
3262	4.928	+0.003646	-1.0000
3263	4.584	+0.003331	-1.0000
3264	4.135	+0.002771	-1.0000
3265	3.762	+0.002022	-1.0000
3266	3.492	+0.001181	-1.0000
3269	3.493	-0.001188	+1.0000
3270	3.763	-0.001765	+1.0000
3271	4.135	-0.002149	+1.0000
3272	4.585	-0.002342	+1.0000
3273	5.091	-0.002378	+1.0000
3274	5.639	-0.002307	+1.0000
3275	6.218	-0.002173	+1.0000
3276	6.819	-0.002007	+1.0000
3277	7.438	-0.001832	+1.0000
3278	8.070	-0.001662	+1.0000
3279	8.712	-0.001502	+1.0000
3280	8.979	+0.001604	-1.0000
3281	8.383	+0.001817	-1.0000
3282	7.804	+0.002067	-1.0000
3283	7.247	+0.002359	-1.0000
3284	6.716	+0.002694	-1.0000
3285	6.219	+0.003070	-1.0000
3286	5.764	+0.003475	-1.0000
3287	5.363	+0.003876	-1.0000
3288	5.027	+0.004217	-1.0000
3289	4.771	+0.004419	-1.0000
3290	4.608	+0.004392	-1.0000
3291	4.523	+0.004082	-1.0000
3292	4.117	+0.003493	-1.0000
3293	3.743	+0.002695	-1.0000
3294	3.472	+0.001785	-1.0000
3295	3.328	+0.000850	-1.0000
3298	3.744	-0.001477	+1.0000
3299	4.118	-0.001895	+1.0000
3300	4.569	-0.002116	+1.0000
3301	5.077	-0.002180	+1.0000
3302	5.627	-0.002137	+1.0000
3303	6.206	-0.002028	+1.0000
3304	6.809	-0.001887	+1.0000
3305	7.428	-0.001732	+1.0000
3306	8.061	-0.001579	+1.0000
3307	8.704	-0.001433	+1.0000
3308	8.863	+0.001692	-1.0000
3309	8.258	+0.001926	-1.0000
3310	7.670	+0.002204	-1.0000
3311	7.102	+0.002531	-1.0000
3312	6.560	+0.002914	-1.0000
3313	6.050	+0.003353	-1.0000
3314	5.582	+0.003836	-1.0000
3315	5.166	+0.004332	-1.0000
3316	4.817	+0.004776	-1.0000
3317	4.549	+0.005067	-1.0000
3318	4.378	+0.005092	-1.0000
3319	4.314	+0.004780	-1.0000
3320	4.213	+0.004147	-1.0000
3321	3.853	+0.003286	-1.0000
3322	3.590	+0.002306	-1.0000
3323	3.451	+0.001299	-1.0000
3326	3.854	-0.001135	+1.0000
3327	4.218	-0.001571	+1.0000
3328	4.660	-0.001818	+1.0000
3329	5.159	-0.001916	+1.0000
3330	5.700	-0.001909	+1.0000
3331	6.273	-0.001836	+1.0000
3332	6.870	-0.001726	+1.0000
3333	7.484	-0.001599	+1.0000
3334	8.113	-0.001469	+1.0000
3335	8.752	-0.001343	+1.0000
3336	8.801	+0.001758	-1.0000
3337	8.192	+0.002007	-1.0000
3338	7.599	+0.002304	-1.0000
3339	7.025	+0.002658	-1.0000
3340	6.476	+0.003075	-1.0000
3341	5.959	+0.003559	-1.0000
3342	5.483	+0.004103	-1.0000
3343	5.059	+0.004674	-1.0000
3344	4.702	+0.005203	-1.0000
3345	4.427	+0.005576	-1.0000
3346	4.251	+0.005659	-1.0000
3347	4.186	+0.005362	-1.0000
3348	4.115	+0.004707	-1.0000
3349	3.909	+0.003803	-1.0000
3350	3.822	+0.002776	-1.0000
3351	3.705	+0.001724	-1.0000
3355	4.428	-0.001202	+1.0000
3356	4.851	-0.001475	+1.0000
3357	5.332	-0.001609	+1.0000
3358	5.857	-0.001642	+1.0000
3359	6.416	-0.001610	+1.0000
3360	7.001	-0.001537	+1.0000
3361	7.605	-0.001442	+1.0000
3362	8.224	-0.001339	+1.0000
3363	8.855	-0.001235	+1.0000
3364	8.794	+0.001799	-1.0000
3365	8.185	+0.002056	-1.0000
3366	7.591	+0.002362	-1.0000
3367	7.017	+0.002728	-1.0000
3368	6.468	+0.003161	-1.0000
3369	5.950	+0.003667	-1.0000
3370	5.473	+0.004238	-1.0000
3371	5.048	+0.004846	-1.0000
3372	4.690	+0.005420	-1.0000
3373	4.414	+0.005845	-1.0000
3374	4.238	+0.005981	-1.0000
3375	4.172	+0.005729	-1.0000
3376	4.060	+0.005104	-1.0000
3377	3.850	+0.004217	-1.0000
3378	3.762	+0.003192	-1.0000
3379	3.802	+0.002133	-1.0000
3380	3.967	+0.001142	-1.0000
3384	5.131	-0.001115	+1.0000
3385	5.588	-0.001285	+1.0000
3386	6.091	-0.001360	+1.0000
3387	6.631	-0.001367	+1.0000
3388	7.198	-0.001332	+1.0000
3389	7.786	-0.001271	+1.0000
3390	8.392	-0.001197	+1.0000
3391	8.844	+0.001813	-1.0000
3392	8.238	+0.002069	-1.0000
3393	7.648	+0.002374	-1.0000
3394	7.078	+0.002737	-1.0000
3395	6.534	+0.003166	-1.0000
3396	6.022	+0.003665	-1.0000
3397	5.552	+0.004226	-1.0000
3398	5.133	+0.004822	-1.0000
3399	4.781	+0.005389	-1.0000
3400	4.512	+0.005818	-1.0000
3401	4.339	+0.005983	-1.0000
3402	4.275	+0.005791	-1.0000
3403	4.124	+0.005246	-1.0000
3404	3.918	+0.004437	-1.0000
3405	3.831	+0.003474	-1.0000
3406	3.871	+0.002461	-1.0000
3407	4.033	+0.001502	-1.0000
3412	5.916	-0.000968	+1.0000
3413	6.394	-0.001079	+1.0000
3414	6.909	-0.001125	+1.0000
3415	7.455	-0.001125	+1.0000
3416	8.025	-0.001096	+1.0000
3417	8.614	-0.001049	+1.0000
3418	8.948	+0.001801	-1.0000
3419	8.349	+0.002050	-1.0000
3420	7.768	+0.002343	-1.0000
3421	7.208	+0.002689	-1.0000
3422	6.674	+0.003094	-1.0000
3423	6.174	+0.003559	-1.0000
3424	5.716	+0.004077	-1.0000
3425	5.310	+0.004620	-1.0000
3426	4.971	+0.005130	-1.0000
3427	4.712	+0.005518	-1.0000
3428	4.547	+0.005679	-1.0000
3429	4.486	+0.005539	-1.0000
3430	4.303	+0.005091	-1.0000
3431	4.106	+0.004399	-1.0000
3432	4.023	+0.003548	-1.0000
3433	4.061	+0.002634	-1.0000
3434	4.216	+0.001752	-1.0000
3435	4.476	+0.000980	-1.0000
3445	8.517	+0.002000	-1.0000
3446	7.948	+0.002273	-1.0000
3447	7.401	+0.002591	-1.0000
3448	6.883	+0.002958	-1.0000
3449	6.399	+0.003372	-1.0000
3450	5.958	+0.003824	-1.0000
3451	5.570	+0.004286	-1.0000
3452	5.248	+0.004712	-1.0000
3453	5.003	+0.005030	-1.0000
3454	4.848	+0.005164	-1.0000
3455	4.791	+0.005057	-1.0000
3456	4.583	+0.004700	-1.0000
3457	4.398	+0.004132	-1.0000
3458	4.321	+0.003418	-1.0000
3459	4.356	+0.002635	-1.0000
3460	4.501	+0.001866	-1.0000
3461	4.746	+0.001174	-1.0000
3470	8.738	+0.001925	-1.0000
3471	8.184	+0.002173	-1.0000
3472	7.654	+0.002456	-1.0000
3473	7.154	+0.002777	-1.0000
3474	6.690	+0.003131	-1.0000
3475	6.269	+0.003507	-1.0000
3476	5.902	+0.003881	-1.0000
3477	5.599	+0.004216	-1.0000
3478	5.370	+0.004459	-1.0000
3479	5.226	+0.004555	-1.0000
3480	5.173	+0.004466	-1.0000
3481	4.946	+0.004181	-1.0000
3482	4.776	+0.003727	-1.0000
3483	4.705	+0.003148	-1.0000
3484	4.737	+0.002505	-1.0000
3485	4.871	+0.001860	-1.0000
3486	5.098	+0.001266	-1.0000
3495	8.471	+0.002051	-1.0000
3496	7.961	+0.002297	-1.0000
3497	7.481	+0.002569	-1.0000
3498	7.038	+0.002862	-1.0000
3499	6.640	+0.003165	-1.0000
3500	6.295	+0.003457	-1.0000
3501	6.011	+0.003709	-1.0000
3502	5.799	+0.003883	-1.0000
3503	5.665	+0.003943	-1.0000
3504	5.617	+0.003862	-1.0000
3505	5.377	+0.003635	-1.0000
3506	5.221	+0.003275	-1.0000
3507	5.156	+0.002815	-1.0000
3508	5.185	+0.002299	-1.0000
3509	5.308	+0.001773	-1.0000
3510	5.517	+0.001277	-1.0000
3511	5.803	+0.000838	-1.0000
3518	8.805	+0.001916	-1.0000
3519	8.315	+0.002125	-1.0000
3520	7.857	+0.002351	-1.0000
3521	7.437	+0.002588	-1.0000
3522	7.061	+0.002825	-1.0000
3523	6.737	+0.003047	-1.0000
3524	6.473	+0.003230	-1.0000
3525	6.276	+0.003350	-1.0000
3526	6.153	+0.003381	-1.0000
3527	6.081	+0.003306	-1.0000
3528	5.860	+0.003121	-1.0000
3529	5.717	+0.002836	-1.0000
3530	5.658	+0.002474	-1.0000
3531	5.684	+0.002065	-1.0000
3532	5.796	+0.001642	-1.0000
3533	5.989	+0.001235	-1.0000
3534	6.254	+0.000866	-1.0000
3541	8.712	+0.001951	-1.0000
3542	8.275	+0.002135	-1.0000
3543	7.877	+0.002323	-1.0000
3544	7.524	+0.002506	-1.0000
3545	7.221	+0.002671	-1.0000
3546	6.975	+0.002801	-1.0000
3547	6.793	+0.002880	-1.0000
3548	6.679	+0.002889	-1.0000
3549	6.586	+0.002820	-1.0000
3550	6.383	+0.002668	-1.0000
3551	6.252	+0.002442	-1.0000
3552	6.198	+0.002156	-1.0000
3553	6.222	+0.001833	-1.0000
3554	6.325	+0.001495	-1.0000
3555	6.501	+0.001163	-1.0000
3556	6.746	+0.000856	-1.0000
3562	8.730	+0.001930	-1.0000
3563	8.354	+0.002077	-1.0000
3564	8.021	+0.002216	-1.0000
3565	7.737	+0.002337	-1.0000
3566	7.508	+0.002428	-1.0000
3567	7.339	+0.002476	-1.0000
3568	7.235	+0.002472	-1.0000
3569	7.125	+0.002407	-1.0000
3570	6.938	+0.002282	-1.0000
3571	6.817	+0.002101	-1.0000
3572	6.768	+0.001874	-1.0000
3573	6.790	+0.001617	-1.0000
3574	6.884	+0.001347	-1.0000
3575	7.047	+0.001078	-1.0000
3576	7.273	+0.000824	-1.0000
3581	8.859	+0.001853	-1.0000
3582	8.546	+0.001958	-1.0000
3583	8.281	+0.002046	-1.0000
3584	8.067	+0.002108	-1.0000
3585	7.910	+0.002135	-1.0000
3586	7.813	+0.002122	-1.0000
3587	7.690	+0.002063	-1.0000
3588	7.516	+0.001959	-1.0000
3589	7.406	+0.001812	-1.0000
3590	7.360	+0.001631	-1.0000
3591	7.380	+0.001425	-1.0000
3592	7.467	+0.001208	-1.0000
3593	7.617	+0.000989	-1.0000
3598	8.846	+0.001795	-1.0000
3599	8.647	+0.001836	-1.0000
3600	8.501	+0.001849	-1.0000
3601	8.410	+0.001831	-1.0000
3602	8.275	+0.001777	-1.0000
3603	8.114	+0.001689	-1.0000
3604	8.012	+0.001569	-1.0000
3605	7.970	+0.001423	-1.0000
3606	7.989	+0.001257	-1.0000
3607	8.069	+0.001081	-1.0000
3608	8.208	+0.000902	-1.0000
3612	8.877	+0.001540	-1.0000
3613	8.728	+0.001465	-1.0000
3614	8.632	+0.001366	-1.0000
3615	8.593	+0.001247	-1.0000
3616	8.611	+0.001112	-1.0000
3617	8.685	+0.000968	-1.0000
3618	8.814	+0.000821	-1.0000
3679	7.848	-0.000931	+1.0000
3680	8.271	-0.000960	+1.0000
3681	8.729	-0.000974	+1.0000
3696	6.620	-0.000936	+1.0000
3697	6.978	-0.000999	+1.0000
3698	7.384	-0.001048	+1.0000
3699	7.832	-0.001080	+1.0000
3700	8.315	-0.001093	+1.0000
3701	8.757	-0.001090	+1.0000
3716	5.819	-0.000969	+1.0000
3717	6.143	-0.001057	+1.0000
3718	6.527	-0.001132	+1.0000
3719	6.959	-0.001189	+1.0000
3720	7.433	-0.001222	+1.0000
3721	7.846	-0.001233	+1.0000
3722	8.258	-0.001223	+1.0000
3723	8.707	-0.001195	+1.0000
3737	5.085	-0.001001	+1.0000
3738	5.362	-0.001104	+1.0000
3739	5.712	-0.001207	+1.0000
3740	6.123	-0.001294	+1.0000
3741	6.582	-0.001357	+1.0000
3742	6.958	-0.001391	+1.0000
3743	7.353	-0.001396	+1.0000
3744	7.791	-0.001375	+1.0000
3745	8.265	-0.001334	+1.0000
3746	8.769	-0.001278	+1.0000
3758	4.350	-0.000933	+1.0000
3759	4.345	-0.001001	+1.0000
3760	4.451	-0.001074	+1.0000
3761	4.661	-0.001168	+1.0000
3762	4.962	-0.001279	+1.0000
3763	5.339	-0.001394	+1.0000
3764	5.775	-0.001492	+1.0000
3765	6.101	-0.001559	+1.0000
3766	6.472	-0.001590	+1.0000
3767	6.895	-0.001584	+1.0000
3768	7.360	-0.001548	+1.0000
3769	7.861	-0.001488	+1.0000
3770	8.389	-0.001414	+1.0000
3771	8.942	-0.001330	+1.0000
3782	4.098	-0.001021	+1.0000
3783	3.971	-0.001163	+1.0000
3784	3.966	-0.001245	+1.0000
3785	4.082	-0.001310	+1.0000
3786	4.310	-0.001392	+1.0000
3787	4.634	-0.001501	+1.0000
3788	5.028	-0.001620	+1.0000
3789	5.290	-0.001726	+1.0000
3790	5.628	-0.001795	+1.0000
3791	6.029	-0.001819	+1.0000
3792	6.481	-0.001798	+1.0000
3793	6.974	-0.001740	+1.0000
3794	7.500	-0.001657	+1.0000
3795	8.052	-0.001558	+1.0000
3796	8.626	-0.001453	+1.0000
3807	3.825	-0.001185	+1.0000
3808	3.688	-0.001423	+1.0000
3809	3.682	-0.001548	+1.0000
3810	3.807	-0.001605	+1.0000
3811	4.051	-0.001661	+1.0000
3812	4.357	-0.001755	+1.0000
3813	4.551	-0.001878	+1.0000
3814	4.840	-0.001992	+1.0000
3815	5.208	-0.002063	+1.0000
3816	5.638	-0.002076	+1.0000
3817	6.119	-0.002033	+1.0000
3818	6.639	-0.001948	+1.0000
3819	7.189	-0.001835	+1.0000
3820	7.764	-0.001708	+1.0000
3821	8.358	-0.001576	+1.0000
3822	8.967	-0.001448	+1.0000
3823	8.399	+0.000826	-1.0000
3824	7.787	+0.000849	-1.0000
3825	7.191	+0.000855	-1.0000
3826	6.616	+0.000835	-1.0000
3833	3.666	-0.001186	+1.0000
3834	3.523	-0.001575	+1.0000
3835	3.517	-0.001795	+1.0000
3836	3.647	-0.001874	+1.0000
3837	3.828	-0.001914	+1.0000
3838	3.925	-0.002002	+1.0000
3839	4.139	-0.002141	+1.0000
3840	4.455	-0.002276	+1.0000
3841	4.851	-0.002353	+1.0000
3842	5.311	-0.002353	+1.0000
3843	5.819	-0.002283	+1.0000
3844	6.363	-0.002164	+1.0000
3845	6.936	-0.002016	+1.0000
3846	7.530	-0.001856	+1.0000
3847	8.140	-0.001696	+1.0000
3848	8.765	-0.001544	+1.0000
3849	8.961	+0.000944	-1.0000
3850	8.331	+0.001004	-1.0000
3851	7.714	+0.001058	-1.0000
3852	7.112	+0.001102	-1.0000
3853	6.530	+0.001126	-1.0000
3854	5.973	+0.001117	-1.0000
3855	5.450	+0.001056	-1.0000
3856	4.969	+0.000919	-1.0000
3861	3.493	-0.001428	+1.0000
3862	3.487	-0.001816	+1.0000
3863	3.504	-0.001990	+1.0000
3864	3.471	-0.002069	+1.0000
3865	3.578	-0.002194	+1.0000
3866	3.812	-0.002385	+1.0000
3867	4.153	-0.002562	+1.0000
3868	4.576	-0.002652	+1.0000
3869	5.060	-0.002636	+1.0000
3870	5.591	-0.002533	+1.0000
3871	6.156	-0.002374	+1.0000
3872	6.746	-0.002188	+1.0000
3873	7.355	-0.001994	+1.0000
3874	7.979	-0.001805	+1.0000
3875	8.615	-0.001630	+1.0000
3876	8.953	+0.001106	-1.0000
3877	8.323	+0.001198	-1.0000
3878	7.705	+0.001292	-1.0000
3879	7.102	+0.001383	-1.0000
3880	6.519	+0.001463	-1.0000
3881	5.961	+0.001521	-1.0000
3882	5.436	+0.001536	-1.0000
3883	4.955	+0.001484	-1.0000
3884	4.531	+0.001326	-1.0000
3885	4.182	+0.001013	-1.0000
3888	3.602	-0.000945	+1.0000
3889	3.444	-0.001559	+1.0000
3890	3.264	-0.001909	+1.0000
3891	3.229	-0.002099	+1.0000
3892	3.344	-0.002319	+1.0000
3893	3.593	-0.002601	+1.0000
3894	3.953	-0.002836	+1.0000
3895	4.395	-0.002940	+1.0000
3896	4.898	-0.002904	+1.0000
3897	5.444	-0.002763	+1.0000
3898	6.022	-0.002563	+1.0000
3899	6.624	-0.002337	+1.0000
3900	7.244	-0.002110	+1.0000
3901	7.877	-0.001895	+1.0000
3902	8.520	-0.001698	+1.0000
3903	9.000	+0.001276	-1.0000
3904	8.373	+0.001405	-1.0000
3905	7.759	+0.001544	-1.0000
3906	7.161	+0.001690	-1.0000
3907	6.583	+0.001837	-1.0000
3908	6.031	+0.001973	-1.0000
3909	5.513	+0.002080	-1.0000
3910	5.039	+0.002127	-1.0000
3911	4.622	+0.002073	-1.0000
3912	4.280	+0.001851	-1.0000
3913	4.032	+0.001387	-1.0000
3916	3.350	-0.001115	+1.0000
3917	3.165	-0.001673	+1.0000
3918	3.128	-0.002030	+1.0000
3919	3.246	-0.002392	+1.0000
3920	3.503	-0.002784	+1.0000
3921	3.871	-0.003076	+1.0000
3922	4.321	-0.003186	+1.0000
3923	4.832	-0.003124	+1.0000
3924	5.385	-0.002946	+1.0000
3925	5.969	-0.002707	+1.0000
3926	6.576	-0.002447	+1.0000
3927	7.199	-0.002193	+1.0000
3928	7.836	-0.001956	+1.0000
3929	8.483	-0.001744	+1.0000
3930	8.777	+0.001449	-1.0000
3931	8.226	+0.001618	-1.0000
3932	7.699	+0.001807	-1.0000
3933	7.202	+0.002015	-1.0000
3934	6.720	+0.002237	-1.0000
3935	6.180	+0.002462	-1.0000
3936	5.675	+0.002668	-1.0000
3937	5.216	+0.002820	-1.0000
3938	4.815	+0.002865	-1.0000
3939	4.488	+0.002725	-1.0000
3940	4.252	+0.002305	-1.0000
3941	4.010	+0.001541	-1.0000
3942	3.298	-0.002369	+1.0000
3943	3.551	-0.002887	+1.0000
3944	3.914	-0.003231	+1.0000
3945	4.360	-0.003342	+1.0000
3946	4.866	-0.003258	+1.0000
3947	5.416	-0.003051	+1.0000
3948	5.997	-0.002785	+1.0000
3949	6.601	-0.002503	+1.0000
3950	7.223	-0.002231	+1.0000
3951	7.858	-0.001982	+1.0000
3952	8.503	-0.001760	+1.0000
3953	8.486	+0.001620	-1.0000
3954	7.915	+0.001830	-1.0000
3955	7.366	+0.002073	-1.0000
3956	6.845	+0.002348	-1.0000
3957	6.358	+0.002654	-1.0000
3958	5.914	+0.002978	-1.0000
3959	5.523	+0.003295	-1.0000
3960	5.198	+0.003560	-1.0000
3961	4.951	+0.003705	-1.0000
3962	4.613	+0.003640	-1.0000
3963	4.199	+0.003270	-1.0000
3964	3.754	+0.002532	-1.0000
3965	3.340	-0.002834	+1.0000
3966	3.754	-0.003238	+1.0000
3967	4.244	-0.003360	+1.0000
3968	4.787	-0.003270	+1.0000
3969	5.366	-0.003053	+1.0000
3970	5.971	-0.002779	+1.0000
3971	6.595	-0.002492	+1.0000
3972	7.233	-0.002218	+1.0000
3973	7.882	-0.001968	+1.0000
3974	8.538	-0.001746	+1.0000
3975	8.851	+0.001568	-1.0000
3976	8.245	+0.001781	-1.0000
3977	7.656	+0.002033	-1.0000
3978	7.087	+0.002330	-1.0000
3979	6.544	+0.002677	-1.0000
3980	6.032	+0.003074	-1.0000
3981	5.563	+0.003510	-1.0000
3982	5.145	+0.003957	-1.0000
3983	4.794	+0.004356	-1.0000
3984	4.525	+0.004615	-1.0000
3985	4.353	+0.004624	-1.0000
3986	4.109	+0.004289	-1.0000
3987	3.167	-0.002609	+1.0000
3988	3.601	-0.003070	+1.0000
3989	4.110	-0.003217	+1.0000
3990	4.668	-0.003143	+1.0000
3991	5.260	-0.002942	+1.0000
3992	5.876	-0.002684	+1.0000
3993	6.509	-0.002412	+1.0000
3994	7.155	-0.002150	+1.0000
3995	7.810	-0.001911	+1.0000
3996	8.472	-0.001698	+1.0000
3997	8.676	+0.001683	-1.0000
3998	8.058	+0.001926	-1.0000
3999	7.454	+0.002217	-1.0000
4000	6.868	+0.002566	-1.0000
4001	6.306	+0.002983	-1.0000
4002	5.774	+0.003474	-1.0000
4003	5.281	+0.004034	-1.0000
4004	4.840	+0.004632	-1.0000
4005	4.465	+0.005195	-1.0000
4006	4.174	+0.005596	-1.0000
4007	3.987	+0.005674	-1.0000
4008	3.896	+0.005318	-1.0000
4009	3.144	-0.002267	+1.0000
4010	3.581	-0.002752	+1.0000
4011	4.092	-0.002926	+1.0000
4012	4.653	-0.002889	+1.0000
4013	5.247	-0.002727	+1.0000
4014	5.864	-0.002506	+1.0000
4015	6.498	-0.002266	+1.0000
4016	7.145	-0.002032	+1.0000
4017	7.801	-0.001816	+1.0000
4018	8.464	-0.001621	+1.0000
4019	8.556	+0.001779	-1.0000
4020	7.928	+0.002046	-1.0000
4021	7.314	+0.002370	-1.0000
4022	6.716	+0.002764	-1.0000
4023	6.140	+0.003245	-1.0000
4024	5.592	+0.003823	-1.0000
4025	5.081	+0.004502	-1.0000
4026	4.621	+0.005257	-1.0000
4027	4.226	+0.006005	-1.0000
4028	3.918	+0.006577	-1.0000
4029	3.718	+0.006740	-1.0000
4030	2.960	-0.001034	+1.0000
4031	3.274	-0.001846	+1.0000
4032	3.696	-0.002323	+1.0000
4033	4.193	-0.002527	+1.0000
4034	4.742	-0.002538	+1.0000
4035	5.326	-0.002431	+1.0000
4036	5.935	-0.002263	+1.0000
4037	6.562	-0.002069	+1.0000
4038	7.203	-0.001874	+1.0000
4039	7.854	-0.001688	+1.0000
4040	8.513	-0.001517	+1.0000
4041	8.492	+0.001851	-1.0000
4042	7.859	+0.002135	-1.0000
4043	7.239	+0.002482	-1.0000
4044	6.634	+0.002909	-1.0000
4045	6.050	+0.003435	-1.0000
4046	5.493	+0.004079	-1.0000
4047	4.972	+0.004851	-1.0000
4048	4.501	+0.005734	-1.0000
4049	4.095	+0.006645	-1.0000
4050	3.776	+0.007386	-1.0000
4052	3.541	-0.001347	+1.0000
4053	3.934	-0.001824	+1.0000
4054	4.404	-0.002062	+1.0000
4055	4.929	-0.002130	+1.0000
4056	5.494	-0.002086	+1.0000
4057	6.086	-0.001978	+1.0000
4058	6.699	-0.001837	+1.0000
4059	7.328	-0.001686	+1.0000
4060	7.969	-0.001536	+1.0000
4061	8.600	-0.001394	+1.0000
4062	8.486	+0.001894	-1.0000
4063	7.852	+0.002186	-1.0000
4064	7.231	+0.002545	-1.0000
4065	6.626	+0.002987	-1.0000
4066	6.041	+0.003533	-1.0000
4067	5.483	+0.004206	-1.0000
4068	4.961	+0.005020	-1.0000
4069	4.488	+0.005962	-1.0000
4070	4.081	+0.006952	-1.0000
4071	3.761	+0.007794	-1.0000
4074	4.275	-0.001293	+1.0000
4075	4.711	-0.001576	+1.0000
4076	5.205	-0.001703	+1.0000
4077	5.742	-0.001723	+1.0000
4078	6.312	-0.001675	+1.0000
4079	6.905	-0.001588	+1.0000
4080	7.516	-0.001482	+1.0000
4081	8.103	-0.001370	+1.0000
4082	8.669	-0.001259	+1.0000
4083	8.536	+0.001908	-1.0000
4084	7.907	+0.002199	-1.0000
4085	7.291	+0.002555	-1.0000
4086	6.691	+0.002992	-1.0000
4087	6.112	+0.003530	-1.0000
4088	5.561	+0.004189	-1.0000
4089	5.048	+0.004981	-1.0000
4090	4.584	+0.005892	-1.0000
4091	4.186	+0.006847	-1.0000
4092	3.875	+0.007672	-1.0000
4093	3.672	+0.008095	-1.0000
4094	3.597	+0.007888	-1.0000
4098	5.096	-0.001109	+1.0000
4099	5.556	-0.001290	+1.0000
4100	6.062	-0.001367	+1.0000
4101	6.604	-0.001375	+1.0000
4102	7.173	-0.001338	+1.0000
4103	7.703	-0.001275	+1.0000
4104	8.236	-0.001199	+1.0000
4105	8.793	-0.001117	+1.0000
4106	8.644	+0.001893	-1.0000
4107	8.023	+0.002174	-1.0000
4108	7.416	+0.002515	-1.0000
4109	6.827	+0.002929	-1.0000
4110	6.261	+0.003432	-1.0000
4111	5.725	+0.004039	-1.0000
4112	5.228	+0.004754	-1.0000
4113	4.781	+0.005559	-1.0000
4114	4.401	+0.006386	-1.0000
4115	4.106	+0.007091	-1.0000
4116	3.916	+0.007471	-1.0000
4117	3.845	+0.007356	-1.0000
4118	3.707	+0.006740	-1.0000
4119	3.605	+0.002012	-1.0000
4120	3.907	+0.000986	-1.0000
4125	6.426	-0.001039	+1.0000
4126	6.955	-0.001092	+1.0000
4127	7.413	-0.001098	+1.0000
4128	7.905	-0.001073	+1.0000
4129	8.426	-0.001030	+1.0000
4130	8.971	-0.000976	+1.0000
4131	8.806	+0.001852	-1.0000
4132	8.197	+0.002116	-1.0000
4133	7.605	+0.002431	-1.0000
4134	7.031	+0.002808	-1.0000
4135	6.483	+0.003258	-1.0000
4136	5.967	+0.003787	-1.0000
4137	5.491	+0.004394	-1.0000
4138	5.068	+0.005056	-1.0000
4139	4.712	+0.005712	-1.0000
4140	4.437	+0.006254	-1.0000
4141	4.262	+0.006545	-1.0000
4142	4.197	+0.006471	-1.0000
4143	4.028	+0.006016	-1.0000
4144	3.817	+0.005253	-1.0000
4145	3.728	+0.004278	-1.0000
4146	3.768	+0.003204	-1.0000
4147	3.935	+0.002162	-1.0000
4148	4.213	+0.001261	-1.0000
4158	8.427	+0.002030	-1.0000
4159	7.851	+0.002313	-1.0000
4160	7.297	+0.002645	-1.0000
4161	6.771	+0.003032	-1.0000
4162	6.278	+0.003475	-1.0000
4163	5.828	+0.003966	-1.0000
4164	5.431	+0.004481	-1.0000
4165	5.100	+0.004970	-1.0000
4166	4.847	+0.005358	-1.0000
4167	4.687	+0.005554	-1.0000
4168	4.628	+0.005490	-1.0000
4169	4.438	+0.005148	-1.0000
4170	4.247	+0.004566	-1.0000
4171	4.167	+0.003812	-1.0000
4172	4.203	+0.002968	-1.0000
4173	4.353	+0.002130	-1.0000
4174	4.606	+0.001379	-1.0000
4184	8.706	+0.001924	-1.0000
4185	8.150	+0.002172	-1.0000
4186	7.618	+0.002457	-1.0000
4187	7.115	+0.002780	-1.0000
4188	6.648	+0.003138	-1.0000
4189	6.225	+0.003522	-1.0000
4190	5.855	+0.003908	-1.0000
4191	5.549	+0.004259	-1.0000
4192	5.318	+0.004523	-1.0000
4193	5.173	+0.004642	-1.0000
4194	5.119	+0.004576	-1.0000
4195	4.913	+0.004312	-1.0000
4196	4.742	+0.003871	-1.0000
4197	4.670	+0.003297	-1.0000
4198	4.703	+0.002649	-1.0000
4199	4.837	+0.001993	-1.0000
4200	5.066	+0.001386	-1.0000
4201	5.377	+0.000864	-1.0000
4209	8.497	+0.002019	-1.0000
4210	7.988	+0.002258	-1.0000
4211	7.510	+0.002522	-1.0000
4212	7.069	+0.002805	-1.0000
4213	6.672	+0.003098	-1.0000
4214	6.329	+0.003381	-1.0000
4215	6.047	+0.003626	-1.0000
4216	5.836	+0.003798	-1.0000
4217	5.703	+0.003863	-1.0000
4218	5.655	+0.003795	-1.0000
4219	5.437	+0.003586	-1.0000
4220	5.283	+0.003249	-1.0000
4221	5.219	+0.002814	-1.0000
4222	5.248	+0.002319	-1.0000
4223	5.369	+0.001811	-1.0000
4224	5.576	+0.001328	-1.0000
4225	5.859	+0.000898	-1.0000
4232	8.885	+0.001862	-1.0000
4233	8.400	+0.002059	-1.0000
4234	7.946	+0.002271	-1.0000
4235	7.531	+0.002492	-1.0000
4236	7.160	+0.002712	-1.0000
4237	6.841	+0.002916	-1.0000
4238	6.581	+0.003084	-1.0000
4239	6.388	+0.003193	-1.0000
4240	6.267	+0.003222	-1.0000
4241	6.213	+0.003154	-1.0000
4242	5.998	+0.002986	-1.0000
4243	5.858	+0.002726	-1.0000
4244	5.800	+0.002393	-1.0000
4245	5.826	+0.002014	-1.0000
4246	5.936	+0.001619	-1.0000
4247	6.123	+0.001237	-1.0000
4248	6.383	+0.000886	-1.0000
4255	8.848	+0.001869	-1.0000
4256	8.419	+0.002037	-1.0000
4257	8.028	+0.002207	-1.0000
4258	7.681	+0.002370	-1.0000
4259	7.384	+0.002516	-1.0000
4260	7.144	+0.002630	-1.0000
4261	6.966	+0.002697	-1.0000
4262	6.856	+0.002702	-1.0000
4263	6.782	+0.002638	-1.0000
4264	6.585	+0.002500	-1.0000
4265	6.458	+0.002296	-1.0000
4266	6.405	+0.002039	-1.0000
4267	6.429	+0.001746	-1.0000
4268	6.528	+0.001438	-1.0000
4269	6.699	+0.001134	-1.0000
4270	6.937	+0.000849	-1.0000
4276	8.921	+0.001823	-1.0000
4277	8.553	+0.001953	-1.0000
4278	8.228	+0.002074	-1.0000
4279	7.952	+0.002177	-1.0000
4280	7.729	+0.002253	-1.0000
4281	7.565	+0.002291	-1.0000
4282	7.464	+0.002283	-1.0000
4283	7.373	+0.002223	-1.0000
4284	7.192	+0.002109	-1.0000
4285	7.076	+0.001947	-1.0000
4286	7.028	+0.001745	-1.0000
4287	7.050	+0.001516	-1.0000
4288	7.140	+0.001273	-1.0000
4289	7.297	+0.001030	-1.0000
4295	8.797	+0.001819	-1.0000
4296	8.539	+0.001892	-1.0000
4297	8.333	+0.001941	-1.0000
4298	8.181	+0.001961	-1.0000
4299	8.087	+0.001944	-1.0000
4300	7.982	+0.001889	-1.0000
4301	7.815	+0.001795	-1.0000
4302	7.708	+0.001664	-1.0000
4303	7.664	+0.001503	-1.0000
4304	7.684	+0.001322	-1.0000
4305	7.767	+0.001128	-1.0000
4306	7.912	+0.000932	-1.0000
4310	8.950	+0.001682	-1.0000
4311	8.809	+0.001690	-1.0000
4312	8.721	+0.001669	-1.0000
4313	8.604	+0.001619	-1.0000
4314	8.450	+0.001540	-1.0000
4315	8.351	+0.001433	-1.0000
4316	8.311	+0.001304	-1.0000
4317	8.329	+0.001158	-1.0000
4318	8.406	+0.001002	-1.0000
4319	8.539	+0.000843	-1.0000
4322	8.965	+0.001138	-1.0000
4323	8.982	+0.001019	-1.0000
4389	7.169	-0.000943	+1.0000
4390	7.565	-0.000991	+1.0000
4391	8.003	-0.001023	+1.0000
4392	8.476	-0.001038	+1.0000
4393	8.979	-0.001038	+1.0000
4408	6.282	-0.000989	+1.0000
4409	6.658	-0.001065	+1.0000
4410	7.082	-0.001123	+1.0000
4411	7.548	-0.001160	+1.0000
4412	8.048	-0.001174	+1.0000
4413	8.532	-0.001168	+1.0000
4414	8.967	-0.001146	+1.0000
4429	5.432	-0.001008	+1.0000
4430	5.777	-0.001120	+1.0000
4431	6.183	-0.001216	+1.0000
4432	6.638	-0.001286	+1.0000
4433	7.133	-0.001326	+1.0000
4434	7.595	-0.001336	+1.0000
4435	8.020	-0.001322	+1.0000
4436	8.481	-0.001287	+1.0000
4437	8.973	-0.001238	+1.0000
4452	4.636	-0.001012	+1.0000
4453	4.939	-0.001151	+1.0000
4454	5.317	-0.001290	+1.0000
4455	5.755	-0.001407	+1.0000
4456	6.242	-0.001488	+1.0000
4457	6.673	-0.001528	+1.0000
4458	7.084	-0.001531	+1.0000
4459	7.538	-0.001502	+1.0000
4460	8.027	-0.001450	+1.0000
4461	8.545	-0.001381	+1.0000
4472	3.948	-0.001022	+1.0000
4473	3.816	-0.001037	+1.0000
4474	3.810	-0.001032	+1.0000
4475	3.931	-0.001077	+1.0000
4476	4.167	-0.001192	+1.0000
4477	4.501	-0.001351	+1.0000
4478	4.913	-0.001514	+1.0000
4479	5.384	-0.001649	+1.0000
4480	5.774	-0.001738	+1.0000
4481	6.166	-0.001774	+1.0000
4482	6.608	-0.001761	+1.0000
4483	7.092	-0.001711	+1.0000
4484	7.610	-0.001634	+1.0000
4485	8.155	-0.001541	+1.0000
4486	8.722	-0.001440	+1.0000
4496	3.800	-0.001190	+1.0000
4497	3.526	-0.001398	+1.0000
4498	3.378	-0.001450	+1.0000
4499	3.371	-0.001415	+1.0000
4500	3.507	-0.001407	+1.0000
4501	3.770	-0.001485	+1.0000
4502	4.137	-0.001633	+1.0000
4503	4.581	-0.001806	+1.0000
4504	4.910	-0.001953	+1.0000
4505	5.273	-0.002044	+1.0000
4506	5.698	-0.002068	+1.0000
4507	6.174	-0.002031	+1.0000
4508	6.690	-0.001950	+1.0000
4509	7.237	-0.001839	+1.0000
4510	7.808	-0.001714	+1.0000
4511	8.398	-0.001584	+1.0000
4522	3.503	-0.001443	+1.0000
4523	3.204	-0.001893	+1.0000
4524	3.040	-0.002097	+1.0000
4525	3.032	-0.002063	+1.0000
4526	3.183	-0.001949	+1.0000
4527	3.471	-0.001909	+1.0000
4528	3.865	-0.001995	+1.0000
4529	4.103	-0.002159	+1.0000
4530	4.421	-0.002317	+1.0000
4531	4.821	-0.002407	+1.0000
4532	5.283	-0.002411	+1.0000
4533	5.793	-0.002340	+1.0000
4534	6.340	-0.002216	+1.0000
4535	6.914	-0.002062	+1.0000
4536	7.510	-0.001897	+1.0000
4537	8.122	-0.001732	+1.0000
4538	8.748	-0.001575	+1.0000
4539	8.755	+0.000802	-1.0000
4540	8.110	+0.000837	-1.0000
4541	7.474	+0.000860	-1.0000
4542	6.852	+0.000866	-1.0000
4543	6.245	+0.000843	-1.0000
4549	2.990	-0.002570	+1.0000
4550	3.282	-0.002361	+1.0000
4551	3.395	-0.002362	+1.0000
4552	3.641	-0.002536	+1.0000
4553	3.996	-0.002726	+1.0000
4554	4.434	-0.002822	+1.0000
4555	4.932	-0.002798	+1.0000
4556	5.475	-0.002679	+1.0000
4557	6.051	-0.002500	+1.0000
4558	6.650	-0.002293	+1.0000
4559	7.267	-0.002082	+1.0000
4560	7.899	-0.001878	+1.0000
4561	8.540	-0.001690	+1.0000
4562	8.691	+0.000961	-1.0000
4563	8.040	+0.001026	-1.0000
4564	7.399	+0.001087	-1.0000
4565	6.769	+0.001138	-1.0000
4566	6.154	+0.001170	-1.0000
4567	5.560	+0.001167	-1.0000
4568	4.993	+0.001105	-1.0000
4569	4.464	+0.000947	-1.0000
4572	2.858	-0.002615	+1.0000
4573	2.987	-0.002614	+1.0000
4574	3.264	-0.002888	+1.0000
4575	3.656	-0.003162	+1.0000
4576	4.130	-0.003275	+1.0000
4577	4.661	-0.003214	+1.0000
4578	5.233	-0.003033	+1.0000
4579	5.832	-0.002787	+1.0000
4580	6.452	-0.002520	+1.0000
4581	7.086	-0.002257	+1.0000
4582	7.732	-0.002014	+1.0000
4583	8.387	-0.001794	+1.0000
4584	8.683	+0.001133	-1.0000
4585	8.031	+0.001235	-1.0000
4586	7.389	+0.001341	-1.0000
4587	6.759	+0.001449	-1.0000
4588	6.143	+0.001550	-1.0000
4589	5.547	+0.001635	-1.0000
4590	4.979	+0.001685	-1.0000
4591	4.448	+0.001671	-1.0000
4592	3.970	+0.001543	-1.0000
4593	3.005	-0.003232	+1.0000
4594	3.427	-0.003624	+1.0000
4595	3.929	-0.003746	+1.0000
4596	4.484	-0.003631	+1.0000
4597	5.075	-0.003373	+1.0000
4598	5.691	-0.003053	+1.0000
4599	6.325	-0.002722	+1.0000
4600	6.971	-0.002409	+1.0000
4601	7.627	-0.002128	+1.0000
4602	8.290	-0.001880	+1.0000
4603	8.958	-0.001664	+1.0000
4604	8.651	+0.001314	-1.0000
4605	8.083	+0.001457	-1.0000
4606	7.446	+0.001615	-1.0000
4607	6.820	+0.001788	-1.0000
4608	6.211	+0.001972	-1.0000
4609	5.622	+0.002158	-1.0000
4610	5.062	+0.002332	-1.0000
4611	4.541	+0.002471	-1.0000
4612	4.074	+0.002528	-1.0000
4613	3.682	+0.002408	-1.0000
4614	2.897	-0.003644	+1.0000
4615	3.332	-0.004101	+1.0000
4616	3.846	-0.004191	+1.0000
4617	4.412	-0.004000	+1.0000
4618	5.012	-0.003659	+1.0000
4619	5.635	-0.003265	+1.0000
4620	6.274	-0.002877	+1.0000
4621	6.925	-0.002522	+1.0000
4622	7.584	-0.002208	+1.0000
4623	8.251	-0.001938	+1.0000
4624	8.921	-0.001706	+1.0000
4625	8.451	+0.001499	-1.0000
4626	7.899	+0.001687	-1.0000
4627	7.372	+0.001903	-1.0000
4628	6.875	+0.002149	-1.0000
4629	6.355	+0.002423	-1.0000
4630	5.782	+0.002720	-1.0000
4631	5.239	+0.003022	-1.0000
4632	4.737	+0.003301	-1.0000
4633	4.291	+0.003500	-1.0000
4634	3.921	+0.003505	-1.0000
4635	3.648	+0.003099	-1.0000
4636	3.382	-0.004495	+1.0000
4637	3.890	-0.004520	+1.0000
4638	4.450	-0.004251	+1.0000
4639	5.045	-0.003839	+1.0000
4640	5.665	-0.003391	+1.0000
4641	6.301	-0.002963	+1.0000
4642	6.949	-0.002579	+1.0000
4643	7.607	-0.002247	+1.0000
4644	8.253	-0.001963	+1.0000
4645	8.868	-0.001722	+1.0000
4646	8.832	+0.001483	-1.0000
4647	8.225	+0.001682	-1.0000
4648	7.635	+0.001917	-1.0000
4649	7.064	+0.002194	-1.0000
4650	6.519	+0.002520	-1.0000
4651	6.005	+0.002897	-1.0000
4652	5.533	+0.003318	-1.0000
4653	5.113	+0.003763	-1.0000
4654	4.760	+0.004187	-1.0000
4655	4.461	+0.004510	-1.0000
4656	4.049	+0.004610	-1.0000
4657	3.308	-0.004646	+1.0000
4658	3.856	-0.004630	+1.0000
4659	4.446	-0.004316	+1.0000
4660	5.064	-0.003872	+1.0000
4661	5.701	-0.003402	+1.0000
4662	6.352	-0.002962	+1.0000
4663	7.012	-0.002571	+1.0000
4664	7.656	-0.002235	+1.0000
4665	8.255	-0.001950	+1.0000
4666	8.870	-0.001709	+1.0000
4667	8.601	+0.001621	-1.0000
4668	7.977	+0.001855	-1.0000
4669	7.366	+0.002138	-1.0000
4670	6.773	+0.002479	-1.0000
4671	6.202	+0.002891	-1.0000
4672	5.660	+0.003382	-1.0000
4673	5.156	+0.003951	-1.0000
4674	4.703	+0.004576	-1.0000
4675	4.316	+0.005191	-1.0000
4676	4.015	+0.005675	-1.0000
4677	3.820	+0.005869	-1.0000
4678	3.134	-0.004475	+1.0000
4679	3.707	-0.004466	+1.0000
4680	4.318	-0.004164	+1.0000
4681	4.952	-0.003738	+1.0000
4682	5.602	-0.003289	+1.0000
4683	6.263	-0.002868	+1.0000
4684	6.931	-0.002495	+1.0000
4685	7.606	-0.002173	+1.0000
4686	8.284	-0.001899	+1.0000
4687	8.927	-0.001667	+1.0000
4688	8.422	+0.001743	-1.0000
4689	7.783	+0.002011	-1.0000
4690	7.156	+0.002338	-1.0000
4691	6.543	+0.002743	-1.0000
4692	5.950	+0.003242	-1.0000
4693	5.383	+0.003857	-1.0000
4694	4.851	+0.004600	-1.0000
4695	4.366	+0.005456	-1.0000
4696	3.946	+0.006345	-1.0000
4697	3.615	+0.007078	-1.0000
4698	3.111	-0.004036	+1.0000
4699	3.687	-0.004059	+1.0000
4700	4.301	-0.003816	+1.0000
4701	4.937	-0.003454	+1.0000
4702	5.589	-0.003064	+1.0000
4703	6.251	-0.002691	+1.0000
4704	6.921	-0.002356	+1.0000
4705	7.596	-0.002063	+1.0000
4706	8.264	-0.001811	+1.0000
4707	8.875	-0.001597	+1.0000
4708	8.954	+0.001605	-1.0000
4709	8.298	+0.001845	-1.0000
4710	7.649	+0.002140	-1.0000
4711	7.009	+0.002507	-1.0000
4712	6.383	+0.002966	-1.0000
4713	5.774	+0.003546	-1.0000
4714	5.187	+0.004281	-1.0000
4715	4.632	+0.005203	-1.0000
4716	4.122	+0.006322	-1.0000
4717	3.674	+0.007565	-1.0000
4718	2.752	-0.002987	+1.0000
4719	3.242	-0.003425	+1.0000
4720	3.799	-0.003489	+1.0000
4721	4.397	-0.003331	+1.0000
4722	5.021	-0.003061	+1.0000
4723	5.663	-0.002754	+1.0000
4724	6.318	-0.002449	+1.0000
4725	6.981	-0.002166	+1.0000
4726	7.618	-0.001914	+1.0000
4727	8.217	-0.001694	+1.0000
4728	8.831	-0.001503	+1.0000
4729	8.893	+0.001667	-1.0000
4730	8.231	+0.001921	-1.0000
4731	7.577	+0.002236	-1.0000
4732	6.931	+0.002630	-1.0000
4733	6.297	+0.003128	-1.0000
4734	5.678	+0.003768	-1.0000
4735	5.081	+0.004594	-1.0000
4736	4.513	+0.005661	-1.0000
4737	3.987	+0.007006	-1.0000
4738	3.064	-0.002304	+1.0000
4739	3.511	-0.002715	+1.0000
4740	4.031	-0.002839	+1.0000
4741	4.599	-0.002777	+1.0000
4742	5.199	-0.002610	+1.0000
4743	5.821	-0.002394	+1.0000
4744	6.460	-0.002165	+1.0000
4745	7.053	-0.001943	+1.0000
4746	7.632	-0.001738	+1.0000
4747	8.231	-0.001554	+1.0000
4748	8.844	-0.001391	+1.0000
4749	8.887	+0.001705	-1.0000
4750	8.225	+0.001967	-1.0000
4751	7.569	+0.002291	-1.0000
4752	6.923	+0.002697	-1.0000
4753	6.288	+0.003214	-1.0000
4754	5.668	+0.003880	-1.0000
4755	5.070	+0.004746	-1.0000
4756	4.500	+0.005873	-1.0000
4757	3.973	+0.007316	-1.0000
4758	3.889	-0.001966	+1.0000
4759	4.364	-0.002173	+1.0000
4760	4.893	-0.002211	+1.0000
4761	5.461	-0.002143	+1.0000
4762	6.057	-0.002017	+1.0000
4763	6.589	-0.001863	+1.0000
4764	7.137	-0.001703	+1.0000
4765	7.710	-0.001547	+1.0000
4766	8.303	-0.001401	+1.0000
4767	8.911	-0.001268	+1.0000
4768	8.935	+0.001719	-1.0000
4769	8.277	+0.001981	-1.0000
4770	7.627	+0.002303	-1.0000
4771	6.985	+0.002706	-1.0000
4772	6.357	+0.003216	-1.0000
4773	5.744	+0.003868	-1.0000
4774	5.155	+0.004711	-1.0000
4775	4.596	+0.005796	-1.0000
4776	4.081	+0.007167	-1.0000
4777	3.628	+0.008787	-1.0000
4779	4.175	-0.001250	+1.0000
4780	4.758	-0.001546	+1.0000
4781	5.265	-0.001675	+1.0000
4782	5.786	-0.001696	+1.0000
4783	6.249	-0.001649	+1.0000
4784	6.752	-0.001564	+1.0000
4785	7.288	-0.001460	+1.0000
4786	7.850	-0.001350	+1.0000
4787	8.433	-0.001241	+1.0000
4788	8.388	+0.001963	-1.0000
4789	7.747	+0.002273	-1.0000
4790	7.116	+0.002657	-1.0000
4791	6.500	+0.003138	-1.0000
4792	5.903	+0.003742	-1.0000
4793	5.331	+0.004507	-1.0000
4794	4.793	+0.005466	-1.0000
4795	4.301	+0.006635	-1.0000
4796	3.875	+0.007963	-1.0000
4799	4.914	-0.000998	+1.0000
4800	5.507	-0.001199	+1.0000
4801	6.052	-0.001290	+1.0000
4802	6.496	-0.001309	+1.0000
4803	6.982	-0.001281	+1.0000
4804	7.502	-0.001227	+1.0000
4805	8.049	-0.001158	+1.0000
4806	8.618	-0.001083	+1.0000
4807	8.555	+0.001918	-1.0000
4808	7.927	+0.002207	-1.0000
4809	7.312	+0.002560	-1.0000
4810	6.714	+0.002994	-1.0000
4811	6.138	+0.003527	-1.0000
4812	5.590	+0.004182	-1.0000
4813	5.079	+0.004972	-1.0000
4814	4.618	+0.005891	-1.0000
4815	4.224	+0.006877	-1.0000
4816	3.916	+0.007778	-1.0000
4817	3.715	+0.008346	-1.0000
4818	3.641	+0.008354	-1.0000
4819	3.736	+0.001311	-1.0000
4824	6.323	-0.000939	+1.0000
4825	6.807	-0.001007	+1.0000
4826	7.272	-0.001025	+1.0000
4827	7.772	-0.001010	+1.0000
4828	8.302	-0.000976	+1.0000
4830	8.775	+0.001849	-1.0000
4831	8.164	+0.002112	-1.0000
4832	7.568	+0.002427	-1.0000
4833	6.992	+0.002804	-1.0000
4834	6.441	+0.003256	-1.0000
4835	5.921	+0.003792	-1.0000
4836	5.441	+0.004411	-1.0000
4837	5.014	+0.005094	-1.0000
4838	4.653	+0.005784	-1.0000
4839	4.375	+0.006376	-1.0000
4840	4.197	+0.006725	-1.0000
4841	4.131	+0.006711	-1.0000
4842	3.988	+0.006308	-1.0000
4843	3.774	+0.005576	-1.0000
4844	3.684	+0.004602	-1.0000
4845	3.725	+0.003499	-1.0000
4846	3.893	+0.002412	-1.0000
4847	4.174	+0.001468	-1.0000
4857	8.452	+0.001996	-1.0000
4858	7.878	+0.002269	-1.0000
4859	7.327	+0.002589	-1.0000
4860	6.802	+0.002960	-1.0000
4861	6.312	+0.003384	-1.0000
4862	5.865	+0.003853	-1.0000
4863	5.470	+0.004344	-1.0000
4864	5.142	+0.004813	-1.0000
4865	4.892	+0.005188	-1.0000
4866	4.733	+0.005388	-1.0000
4867	4.674	+0.005348	-1.0000
4868	4.511	+0.005049	-1.0000
4869	4.323	+0.004518	-1.0000
4870	4.245	+0.003813	-1.0000
4871	4.280	+0.003011	-1.0000
4872	4.428	+0.002204	-1.0000
4873	4.677	+0.001473	-1.0000
4874	5.011	+0.000861	-1.0000
4883	8.786	+0.001867	-1.0000
4884	8.236	+0.002100	-1.0000
4885	7.710	+0.002365	-1.0000
4886	7.214	+0.002664	-1.0000
4887	6.753	+0.002992	-1.0000
4888	6.337	+0.003340	-1.0000
4889	5.974	+0.003687	-1.0000
4890	5.675	+0.003999	-1.0000
4891	5.449	+0.004233	-1.0000
4892	5.307	+0.004339	-1.0000
4893	5.255	+0.004282	-1.0000
4894	5.077	+0.004051	-1.0000
4895	4.911	+0.003659	-1.0000
4896	4.842	+0.003145	-1.0000
4897	4.873	+0.002560	-1.0000
4898	5.003	+0.001960	-1.0000
4899	5.225	+0.001397	-1.0000
4900	5.526	+0.000906	-1.0000
4908	8.636	+0.001928	-1.0000
4909	8.136	+0.002145	-1.0000
4910	7.667	+0.002381	-1.0000
4911	7.236	+0.002632	-1.0000
4912	6.849	+0.002887	-1.0000
4913	6.515	+0.003130	-1.0000
4914	6.241	+0.003337	-1.0000
4915	6.037	+0.003479	-1.0000
4916	5.909	+0.003529	-1.0000
4917	5.862	+0.003465	-1.0000
4918	5.673	+0.003281	-1.0000
4919	5.525	+0.002987	-1.0000
4920	5.463	+0.002607	-1.0000
4921	5.491	+0.002172	-1.0000
4922	5.607	+0.001721	-1.0000
4923	5.805	+0.001288	-1.0000
4924	6.078	+0.000896	-1.0000
4931	8.598	+0.001936	-1.0000
4932	8.156	+0.002121	-1.0000
4933	7.751	+0.002311	-1.0000
4934	7.392	+0.002497	-1.0000
4935	7.083	+0.002666	-1.0000
4936	6.832	+0.002802	-1.0000
4937	6.646	+0.002887	-1.0000
4938	6.530	+0.002903	-1.0000
4939	6.488	+0.002838	-1.0000
4940	6.290	+0.002690	-1.0000
4941	6.157	+0.002465	-1.0000
4942	6.102	+0.002177	-1.0000
4943	6.127	+0.001850	-1.0000
4944	6.231	+0.001506	-1.0000
4945	6.410	+0.001169	-1.0000
4946	6.658	+0.000857	-1.0000
4952	8.673	+0.001887	-1.0000
4953	8.294	+0.002030	-1.0000
4954	7.959	+0.002165	-1.0000
4955	7.673	+0.002283	-1.0000
4956	7.442	+0.002372	-1.0000
4957	7.272	+0.002420	-1.0000
4958	7.166	+0.002416	-1.0000
4959	7.111	+0.002355	-1.0000
4960	6.923	+0.002234	-1.0000
4961	6.803	+0.002057	-1.0000
4962	6.753	+0.001836	-1.0000
4963	6.775	+0.001585	-1.0000
4964	6.870	+0.001319	-1.0000
4965	7.032	+0.001054	-1.0000
4966	7.259	+0.000804	-1.0000
4971	8.859	+0.001787	-1.0000
4972	8.546	+0.001885	-1.0000
4973	8.280	+0.001967	-1.0000
4974	8.067	+0.002024	-1.0000
4975	7.910	+0.002048	-1.0000
4976	7.813	+0.002034	-1.0000
4977	7.740	+0.001977	-1.0000
4978	7.568	+0.001877	-1.0000
4979	7.458	+0.001737	-1.0000
4980	7.413	+0.001563	-1.0000
4981	7.433	+0.001367	-1.0000
4982	7.519	+0.001158	-1.0000
4983	7.668	+0.000948	-1.0000
4988	8.901	+0.001705	-1.0000
4989	8.703	+0.001740	-1.0000
4990	8.558	+0.001750	-1.0000
4991	8.468	+0.001731	-1.0000
4992	8.381	+0.001679	-1.0000
4993	8.222	+0.001595	-1.0000
4994	8.121	+0.001482	-1.0000
4995	8.079	+0.001343	-1.0000
4996	8.098	+0.001187	-1.0000
4997	8.177	+0.001021	-1.0000
4998	8.314	+0.000852	-1.0000
5001	8.883	+0.001369	-1.0000
5002	8.789	+0.001276	-1.0000
5003	8.751	+0.001165	-1.0000
5004	8.768	+0.001039	-1.0000
5005	8.841	+0.000905	-1.0000
5060	8.289	-0.000955	+1.0000
5061	8.747	-0.000970	+1.0000
5077	6.929	-0.000989	+1.0000
5078	7.338	-0.001044	+1.0000
5079	7.788	-0.001080	+1.0000
5080	8.274	-0.001096	+1.0000
5081	8.788	-0.001094	+1.0000
5097	6.007	-0.001028	+1.0000
5098	6.398	-0.001121	+1.0000
5099	6.839	-0.001191	+1.0000
5100	7.321	-0.001233	+1.0000
5101	7.835	-0.001248	+1.0000
5102	8.361	-0.001240	+1.0000
5103	8.804	-0.001213	+1.0000
5118	5.111	-0.001015	+1.0000
5119	5.477	-0.001164	+1.0000
5120	5.903	-0.001287	+1.0000
5121	6.378	-0.001374	+1.0000
5122	6.892	-0.001422	+1.0000
5123	7.402	-0.001433	+1.0000
5124	7.837	-0.001414	+1.0000
5125	8.309	-0.001373	+1.0000
5126	8.810	-0.001315	+1.0000
5141	4.256	-0.000933	+1.0000
5142	4.583	-0.001142	+1.0000
5143	4.988	-0.001344	+1.0000
5144	5.453	-0.001504	+1.0000
5145	5.964	-0.001610	+1.0000
5146	6.453	-0.001659	+1.0000
5147	6.877	-0.001660	+1.0000
5148	7.343	-0.001623	+1.0000
5149	7.844	-0.001559	+1.0000
5150	8.374	-0.001478	+1.0000
5151	8.927	-0.001387	+1.0000
5160	4.146	-0.000992	+1.0000
5161	3.769	-0.001160	+1.0000
5162	3.493	-0.001136	+1.0000
5163	3.343	-0.000959	+1.0000
5166	3.739	-0.001058	+1.0000
5167	4.108	-0.001335	+1.0000
5168	4.556	-0.001596	+1.0000
5169	5.061	-0.001794	+1.0000
5170	5.518	-0.001913	+1.0000
5171	5.926	-0.001957	+1.0000
5172	6.385	-0.001937	+1.0000
5173	6.885	-0.001871	+1.0000
5174	7.417	-0.001774	+1.0000
5175	7.975	-0.001661	+1.0000
5176	8.554	-0.001541	+1.0000
5186	3.747	-0.001292	+1.0000
5187	3.325	-0.001688	+1.0000
5188	2.825	-0.001220	+1.0000
5189	2.986	-0.001159	+1.0000
5190	3.291	-0.001353	+1.0000
5191	3.705	-0.001657	+1.0000
5192	4.196	-0.001953	+1.0000
5193	4.605	-0.002178	+1.0000
5194	4.990	-0.002302	+1.0000
5195	5.438	-0.002327	+1.0000
5196	5.935	-0.002271	+1.0000
5197	6.470	-0.002161	+1.0000
5198	7.033	-0.002019	+1.0000
5199	7.620	-0.001864	+1.0000
5200	8.224	-0.001708	+1.0000
5201	8.842	-0.001557	+1.0000
5211	2.943	-0.001963	+1.0000
5212	3.400	-0.002142	+1.0000
5213	3.733	-0.002427	+1.0000
5214	4.080	-0.002669	+1.0000
5215	4.510	-0.002789	+1.0000
5216	5.001	-0.002778	+1.0000
5217	5.537	-0.002666	+1.0000
5218	6.107	-0.002493	+1.0000
5219	6.701	-0.002290	+1.0000
5220	7.314	-0.002082	+1.0000
5221	7.942	-0.001881	+1.0000
5222	8.580	-0.001695	+1.0000
5224	7.873	+0.000835	-1.0000
5225	7.217	+0.000858	-1.0000
5226	6.569	+0.000863	-1.0000
5227	5.934	+0.000835	-1.0000
5232	2.937	-0.002663	+1.0000
5233	3.218	-0.002956	+1.0000
5234	3.615	-0.003255	+1.0000
5235	4.094	-0.003376	+1.0000
5236	4.629	-0.003310	+1.0000
5237	5.204	-0.003116	+1.0000
5238	5.806	-0.002858	+1.0000
5239	6.428	-0.002579	+1.0000
5240	7.065	-0.002307	+1.0000
5241	7.713	-0.002055	+1.0000
5242	8.369	-0.001829	+1.0000
5243	8.470	+0.000965	-1.0000
5244	7.801	+0.001033	-1.0000
5245	7.138	+0.001099	-1.0000
5246	6.483	+0.001156	-1.0000
5247	5.839	+0.001194	-1.0000
5248	5.208	+0.001198	-1.0000
5249	4.598	+0.001139	-1.0000
5250	4.018	+0.000966	-1.0000
5251	2.785	-0.003424	+1.0000
5252	3.235	-0.003918	+1.0000
5253	3.763	-0.004057	+1.0000
5254	4.339	-0.003911	+1.0000
5255	4.948	-0.003605	+1.0000
5256	5.578	-0.003238	+1.0000
5257	6.223	-0.002868	+1.0000
5258	6.879	-0.002524	+1.0000
5259	7.542	-0.002218	+1.0000
5260	8.212	-0.001952	+1.0000
5261	8.887	-0.001723	+1.0000
5262	8.462	+0.001144	-1.0000
5263	7.792	+0.001252	-1.0000
5264	7.128	+0.001368	-1.0000
5265	6.472	+0.001490	-1.0000
5266	5.826	+0.001613	-1.0000
5267	5.195	+0.001730	-1.0000
5268	4.583	+0.001830	-1.0000
5269	4.000	+0.001895	-1.0000
5270	2.974	-0.004688	+1.0000
5271	3.541	-0.004818	+1.0000
5272	4.148	-0.004545	+1.0000
5273	4.781	-0.004095	+1.0000
5274	5.431	-0.003602	+1.0000
5275	6.091	-0.003133	+1.0000
5276	6.760	-0.002717	+1.0000
5277	7.434	-0.002358	+1.0000
5278	8.109	-0.002054	+1.0000
5279	8.734	-0.001799	+1.0000
5280	8.886	+0.001199	-1.0000
5281	8.303	+0.001333	-1.0000
5282	7.740	+0.001486	-1.0000
5283	7.187	+0.001659	-1.0000
5284	6.537	+0.001855	-1.0000
5285	5.898	+0.002073	-1.0000
5286	5.275	+0.002314	-1.0000
5287	4.673	+0.002577	-1.0000
5288	4.103	+0.002866	-1.0000
5289	3.579	+0.003181	-1.0000
5290	3.449	-0.005595	+1.0000
5291	4.070	-0.005138	+1.0000
5292	4.714	-0.004522	+1.0000
5293	5.371	-0.003902	+1.0000
5294	6.038	-0.003342	+1.0000
5295	6.712	-0.002862	+1.0000
5296	7.368	-0.002460	+1.0000
5297	7.990	-0.002126	+1.0000
5298	8.623	-0.001849	+1.0000
5299	8.691	+0.001354	-1.0000
5300	8.095	+0.001526	-1.0000
5301	7.516	+0.001727	-1.0000
5302	6.960	+0.001964	-1.0000
5303	6.432	+0.002241	-1.0000
5304	5.940	+0.002563	-1.0000
5305	5.444	+0.002933	-1.0000
5306	4.864	+0.003348	-1.0000
5307	4.319	+0.003802	-1.0000
5308	3.825	+0.004277	-1.0000
5309	3.498	-0.006224	+1.0000
5310	4.112	-0.005568	+1.0000
5311	4.749	-0.004807	+1.0000
5312	5.403	-0.004088	+1.0000
5313	6.066	-0.003463	+1.0000
5314	6.692	-0.002941	+1.0000
5315	7.304	-0.002511	+1.0000
5316	7.930	-0.002159	+1.0000
5317	8.568	-0.001871	+1.0000
5318	8.550	+0.001506	-1.0000
5319	7.943	+0.001717	-1.0000
5320	7.352	+0.001970	-1.0000
5321	6.783	+0.002274	-1.0000
5322	6.240	+0.002641	-1.0000
5323	5.717	+0.003079	-1.0000
5324	5.219	+0.003593	-1.0000
5325	4.772	+0.004172	-1.0000
5326	4.391	+0.004784	-1.0000
5327	4.000	+0.005363	-1.0000
5328	3.563	-0.006482	+1.0000
5329	4.195	-0.005707	+1.0000
5330	4.845	-0.004877	+1.0000
5331	5.508	-0.004118	+1.0000
5332	6.103	-0.003471	+1.0000
5333	6.695	-0.002938	+1.0000
5334	7.306	-0.002503	+1.0000
5335	7.933	-0.002148	+1.0000
5336	8.570	-0.001859	+1.0000
5337	8.402	+0.001649	-1.0000
5338	7.762	+0.001898	-1.0000
5339	7.133	+0.002203	-1.0000
5340	6.518	+0.002579	-1.0000
5341	5.923	+0.003045	-1.0000
5342	5.353	+0.003618	-1.0000
5343	4.817	+0.004313	-1.0000
5344	4.328	+0.005120	-1.0000
5345	3.905	+0.005980	-1.0000
5346	3.402	-0.006252	+1.0000
5347	4.059	-0.005498	+1.0000
5348	4.728	-0.004701	+1.0000
5349	5.405	-0.003977	+1.0000
5350	6.087	-0.003360	+1.0000
5351	6.771	-0.002850	+1.0000
5352	7.376	-0.002433	+1.0000
5353	7.996	-0.002092	+1.0000
5354	8.629	-0.001813	+1.0000
5355	8.881	+0.001546	-1.0000
5356	8.218	+0.001777	-1.0000
5357	7.563	+0.002062	-1.0000
5358	6.916	+0.002417	-1.0000
5359	6.280	+0.002864	-1.0000
5360	5.659	+0.003433	-1.0000
5361	5.060	+0.004160	-1.0000
5362	4.489	+0.005085	-1.0000
5363	3.960	+0.006231	-1.0000
5364	3.380	-0.005612	+1.0000
5365	4.041	-0.004988	+1.0000
5366	4.713	-0.004312	+1.0000
5367	5.392	-0.003685	+1.0000
5368	6.075	-0.003141	+1.0000
5369	6.713	-0.002685	+1.0000
5370	7.319	-0.002307	+1.0000
5371	7.941	-0.001995	+1.0000
5372	8.575	-0.001737	+1.0000
5373	8.764	+0.001630	-1.0000
5374	8.091	+0.001884	-1.0000
5375	7.424	+0.002199	-1.0000
5376	6.764	+0.002597	-1.0000
5377	6.113	+0.003107	-1.0000
5378	5.473	+0.003774	-1.0000
5379	4.851	+0.004657	-1.0000
5380	4.252	+0.005839	-1.0000
5381	3.689	+0.007414	-1.0000
5382	2.888	-0.004989	+1.0000
5383	3.502	-0.004744	+1.0000
5384	4.143	-0.004294	+1.0000
5385	4.800	-0.003782	+1.0000
5386	5.468	-0.003288	+1.0000
5387	6.064	-0.002844	+1.0000
5388	6.656	-0.002461	+1.0000
5389	7.267	-0.002136	+1.0000
5390	7.893	-0.001863	+1.0000
5391	8.530	-0.001634	+1.0000
5392	8.701	+0.001694	-1.0000
5393	8.024	+0.001963	-1.0000
5394	7.350	+0.002299	-1.0000
5395	6.683	+0.002728	-1.0000
5396	6.023	+0.003286	-1.0000
5397	5.373	+0.004026	-1.0000
5398	4.737	+0.005031	-1.0000
5399	4.122	+0.006428	-1.0000
5400	3.187	-0.003921	+1.0000
5401	3.752	-0.003806	+1.0000
5402	4.356	-0.003534	+1.0000
5403	4.986	-0.003191	+1.0000
5404	5.517	-0.002836	+1.0000
5405	6.082	-0.002501	+1.0000
5406	6.672	-0.002199	+1.0000
5407	7.282	-0.001935	+1.0000
5408	7.906	-0.001707	+1.0000
5409	8.543	-0.001511	+1.0000
5410	8.695	+0.001734	-1.0000
5411	8.017	+0.002010	-1.0000
5412	7.343	+0.002357	-1.0000
5413	6.675	+0.002801	-1.0000
5414	6.013	+0.003379	-1.0000
5415	5.362	+0.004151	-1.0000
5416	4.725	+0.005209	-1.0000
5417	4.108	+0.006695	-1.0000
5418	3.599	-0.002852	+1.0000
5419	4.108	-0.002894	+1.0000
5420	4.635	-0.002788	+1.0000
5421	5.106	-0.002599	+1.0000
5422	5.625	-0.002374	+1.0000
5423	6.179	-0.002142	+1.0000
5424	6.761	-0.001921	+1.0000
5425	7.363	-0.001718	+1.0000
5426	7.982	-0.001536	+1.0000
5427	8.612	-0.001375	+1.0000
5428	8.744	+0.001748	-1.0000
5429	8.071	+0.002024	-1.0000
5430	7.402	+0.002369	-1.0000
5431	6.739	+0.002808	-1.0000
5432	6.085	+0.003378	-1.0000
5433	5.442	+0.004133	-1.0000
5434	4.816	+0.005157	-1.0000
5435	4.212	+0.006572	-1.0000
5436	3.643	+0.008547	-1.0000
5437	3.824	-0.001858	+1.0000
5438	4.453	-0.002063	+1.0000
5439	4.864	-0.002105	+1.0000
5440	5.315	-0.002046	+1.0000
5441	5.815	-0.001932	+1.0000
5442	6.353	-0.001791	+1.0000
5443	6.920	-0.001642	+1.0000
5444	7.510	-0.001496	+1.0000
5445	8.117	-0.001359	+1.0000
5446	8.738	-0.001233	+1.0000
5447	8.849	+0.001738	-1.0000
5448	8.184	+0.002005	-1.0000
5449	7.525	+0.002336	-1.0000
5450	6.875	+0.002754	-1.0000
5451	6.235	+0.003288	-1.0000
5452	5.610	+0.003982	-1.0000
5453	5.004	+0.004899	-1.0000
5454	4.426	+0.006120	-1.0000
5455	3.889	+0.007738	-1.0000
5456	4.016	-0.001023	+1.0000
5457	4.619	-0.001356	+1.0000
5458	5.178	-0.001512	+1.0000
5459	5.604	-0.001556	+1.0000
5460	6.080	-0.001530	+1.0000
5461	6.597	-0.001464	+1.0000
5462	7.144	-0.001377	+1.0000
5463	7.717	-0.001281	+1.0000
5464	8.309	-0.001184	+1.0000
5465	8.916	-0.001090	+1.0000
5466	8.355	+0.001956	-1.0000
5467	7.711	+0.002265	-1.0000
5468	7.078	+0.002647	-1.0000
5469	6.458	+0.003125	-1.0000
5470	5.856	+0.003731	-1.0000
5471	5.279	+0.004501	-1.0000
5472	4.735	+0.005478	-1.0000
5473	4.237	+0.006689	-1.0000
5474	3.803	+0.008100	-1.0000
5478	5.477	-0.001024	+1.0000
5479	5.961	-0.001139	+1.0000
5480	6.411	-0.001179	+1.0000
5481	6.903	-0.001171	+1.0000
5482	7.428	-0.001134	+1.0000
5483	7.980	-0.001080	+1.0000
5484	8.554	-0.001017	+1.0000
5485	8.580	+0.001884	-1.0000
5486	7.954	+0.002162	-1.0000
5487	7.342	+0.002501	-1.0000
5488	6.746	+0.002914	-1.0000
5489	6.173	+0.003421	-1.0000
5490	5.628	+0.004038	-1.0000
5491	5.121	+0.004780	-1.0000
5492	4.664	+0.005638	-1.0000
5493	4.274	+0.006557	-1.0000
5494	3.970	+0.007402	-1.0000
5495	3.773	+0.007955	-1.0000
5496	3.699	+0.008018	-1.0000
5497	3.618	+0.007552	-1.0000
5498	3.822	+0.001504	-1.0000
5509	8.855	+0.001793	-1.0000
5510	8.250	+0.002039	-1.0000
5511	7.661	+0.002331	-1.0000
5512	7.092	+0.002678	-1.0000
5513	6.549	+0.003088	-1.0000
5514	6.038	+0.003568	-1.0000
5515	5.569	+0.004113	-1.0000
5516	5.152	+0.004705	-1.0000
5517	4.802	+0.005293	-1.0000
5518	4.533	+0.005789	-1.0000
5519	4.361	+0.006081	-1.0000
5520	4.298	+0.006074	-1.0000
5521	4.187	+0.005743	-1.0000
5522	3.985	+0.005127	-1.0000
5523	3.899	+0.004292	-1.0000
5524	3.938	+0.003332	-1.0000
5525	4.098	+0.002369	-1.0000
5526	4.365	+0.001512	-1.0000
5527	4.722	+0.000818	-1.0000
5536	8.592	+0.001903	-1.0000
5537	8.028	+0.002150	-1.0000
5538	7.488	+0.002435	-1.0000
5539	6.976	+0.002760	-1.0000
5540	6.498	+0.003125	-1.0000
5541	6.065	+0.003519	-1.0000
5542	5.684	+0.003923	-1.0000
5543	5.369	+0.004298	-1.0000
5544	5.130	+0.004590	-1.0000
5545	4.979	+0.004738	-1.0000
5546	4.923	+0.004695	-1.0000
5547	4.792	+0.004444	-1.0000
5548	4.616	+0.004004	-1.0000
5549	4.542	+0.003418	-1.0000
5550	4.575	+0.002746	-1.0000
5551	4.714	+0.002060	-1.0000
5552	4.948	+0.001425	-1.0000
5553	5.266	+0.000881	-1.0000
5561	8.976	+0.001763	-1.0000
5562	8.438	+0.001968	-1.0000
5563	7.926	+0.002198	-1.0000
5564	7.444	+0.002453	-1.0000
5565	6.998	+0.002727	-1.0000
5566	6.598	+0.003010	-1.0000
5567	6.250	+0.003285	-1.0000
5568	5.964	+0.003525	-1.0000
5569	5.750	+0.003697	-1.0000
5570	5.616	+0.003765	-1.0000
5571	5.567	+0.003705	-1.0000
5572	5.419	+0.003509	-1.0000
5573	5.264	+0.003186	-1.0000
5574	5.200	+0.002764	-1.0000
5575	5.229	+0.002281	-1.0000
5576	5.350	+0.001780	-1.0000
5577	5.558	+0.001303	-1.0000
5578	5.842	+0.000878	-1.0000
5585	8.884	+0.001792	-1.0000
5586	8.399	+0.001976	-1.0000
5587	7.946	+0.002173	-1.0000
5588	7.530	+0.002378	-1.0000
5589	7.159	+0.002581	-1.0000
5590	6.840	+0.002769	-1.0000
5591	6.580	+0.002923	-1.0000
5592	6.387	+0.003022	-1.0000
5593	6.266	+0.003046	-1.0000
5594	6.222	+0.002982	-1.0000
5595	6.062	+0.002825	-1.0000
5596	5.924	+0.002581	-1.0000
5597	5.867	+0.002269	-1.0000
5598	5.893	+0.001912	-1.0000
5599	6.001	+0.001539	-1.0000
5600	6.187	+0.001176	-1.0000
5601	6.444	+0.000841	-1.0000
5607	8.902	+0.001773	-1.0000
5608	8.476	+0.001925	-1.0000
5609	8.088	+0.002078	-1.0000
5610	7.744	+0.002223	-1.0000
5611	7.450	+0.002351	-1.0000
5612	7.212	+0.002450	-1.0000
5613	7.036	+0.002505	-1.0000
5614	6.926	+0.002505	-1.0000
5615	6.886	+0.002442	-1.0000
5616	6.717	+0.002314	-1.0000
5617	6.593	+0.002126	-1.0000
5618	6.541	+0.001890	-1.0000
5619	6.564	+0.001620	-1.0000
5620	6.662	+0.001336	-1.0000
5621	6.829	+0.001054	-1.0000
5628	8.666	+0.001820	-1.0000
5629	8.346	+0.001925	-1.0000
5630	8.074	+0.002012	-1.0000
5631	7.855	+0.002074	-1.0000
5632	7.693	+0.002103	-1.0000
5633	7.593	+0.002090	-1.0000
5634	7.556	+0.002031	-1.0000
5635	7.380	+0.001926	-1.0000
5636	7.267	+0.001777	-1.0000
5637	7.220	+0.001594	-1.0000
5638	7.241	+0.001386	-1.0000
5639	7.330	+0.001165	-1.0000
5640	7.483	+0.000944	-1.0000
5645	8.962	+0.001675	-1.0000
5646	8.709	+0.001735	-1.0000
5647	8.507	+0.001773	-1.0000
5648	8.358	+0.001785	-1.0000
5649	8.266	+0.001765	-1.0000
5650	8.211	+0.001712	-1.0000
5651	8.049	+0.001624	-1.0000
5652	7.946	+0.001505	-1.0000
5653	7.903	+0.001360	-1.0000
5654	7.922	+0.001197	-1.0000
5655	8.003	+0.001023	-1.0000
5656	8.143	+0.000846	-1.0000
5660	8.943	+0.001508	-1.0000
5661	8.873	+0.001460	-1.0000
5662	8.723	+0.001387	-1.0000
5663	8.628	+0.001290	-1.0000
5664	8.589	+0.001173	-1.0000
5665	8.606	+0.001042	-1.0000
5666	8.681	+0.000903	-1.0000
5724	7.713	-0.000962	+1.0000
5725	8.143	-0.000993	+1.0000
5726	8.608	-0.001009	+1.0000
5741	6.384	-0.000948	+1.0000
5742	6.753	-0.001028	+1.0000
5743	7.172	-0.001089	+1.0000
5744	7.633	-0.001128	+1.0000
5745	8.127	-0.001146	+1.0000
5746	8.650	-0.001143	+1.0000
5762	5.803	-0.001057	+1.0000
5763	6.208	-0.001167	+1.0000
5764	6.661	-0.001248	+1.0000
5765	7.155	-0.001296	+1.0000
5766	7.680	-0.001312	+1.0000
5767	8.232	-0.001302	+1.0000
5768	8.695	-0.001271	+1.0000
5784	4.870	-0.000997	+1.0000
5785	5.253	-0.001190	+1.0000
5786	5.696	-0.001346	+1.0000
5787	6.187	-0.001452	+1.0000
5788	6.715	-0.001508	+1.0000
5789	7.271	-0.001519	+1.0000
5790	7.714	-0.001496	+1.0000
5791	8.192	-0.001447	+1.0000
5792	8.701	-0.001381	+1.0000
5802	3.992	-0.000954	+1.0000
5808	4.313	-0.001081	+1.0000
5809	4.741	-0.001370	+1.0000
5810	5.228	-0.001586	+1.0000
5811	5.759	-0.001720	+1.0000
5812	6.302	-0.001779	+1.0000
5813	6.736	-0.001778	+1.0000
5814	7.211	-0.001731	+1.0000
5815	7.721	-0.001655	+1.0000
5816	8.259	-0.001561	+1.0000
5817	8.819	-0.001459	+1.0000
5826	4.330	-0.000950	+1.0000
5827	3.845	-0.001271	+1.0000
5828	3.435	-0.001374	+1.0000
5829	3.130	-0.001085	+1.0000
5834	3.805	-0.001220	+1.0000
5835	4.284	-0.001637	+1.0000
5836	4.817	-0.001922	+1.0000
5837	5.341	-0.002080	+1.0000
5838	5.762	-0.002131	+1.0000
5839	6.233	-0.002101	+1.0000
5840	6.744	-0.002017	+1.0000
5841	7.286	-0.001900	+1.0000
5842	7.854	-0.001768	+1.0000
5843	8.441	-0.001630	+1.0000
5852	3.950	-0.001170	+1.0000
5854	3.365	-0.001520	+1.0000
5855	3.899	-0.002057	+1.0000
5856	4.392	-0.002398	+1.0000
5857	4.794	-0.002563	+1.0000
5858	5.259	-0.002585	+1.0000
5859	5.771	-0.002504	+1.0000
5860	6.320	-0.002360	+1.0000
5861	6.896	-0.002185	+1.0000
5862	7.493	-0.001999	+1.0000
5863	8.106	-0.001817	+1.0000
5864	8.733	-0.001646	+1.0000
5873	3.026	-0.002123	+1.0000
5874	3.467	-0.002684	+1.0000
5875	3.838	-0.003055	+1.0000
5876	4.292	-0.003203	+1.0000
5877	4.805	-0.003162	+1.0000
5878	5.361	-0.002995	+1.0000
5879	5.948	-0.002762	+1.0000
5880	6.556	-0.002506	+1.0000
5881	7.182	-0.002252	+1.0000
5882	7.820	-0.002015	+1.0000
5883	8.468	-0.001800	+1.0000
5885	7.693	+0.000819	-1.0000
5886	7.020	+0.000841	-1.0000
5887	6.352	+0.000843	-1.0000
5888	5.693	+0.000809	-1.0000
5892	2.905	-0.003462	+1.0000
5893	3.339	-0.003905	+1.0000
5894	3.852	-0.004022	+1.0000
5895	4.417	-0.003875	+1.0000
5896	5.016	-0.003576	+1.0000
5897	5.639	-0.003217	+1.0000
5898	6.277	-0.002854	+1.0000
5899	6.928	-0.002517	+1.0000
5900	7.587	-0.002215	+1.0000
5901	8.254	-0.001953	+1.0000
5902	8.878	-0.001726	+1.0000
5903	8.843	+0.000887	-1.0000
5904	8.237	+0.000954	-1.0000
5905	7.619	+0.001023	-1.0000
5906	6.939	+0.001090	-1.0000
5907	6.263	+0.001150	-1.0000
5908	5.593	+0.001194	-1.0000
5909	4.932	+0.001205	-1.0000
5910	4.282	+0.001154	-1.0000
5911	3.652	+0.000977	-1.0000
5912	2.923	-0.004950	+1.0000
5913	3.498	-0.005039	+1.0000
5914	4.112	-0.004721	+1.0000
5915	4.750	-0.004230	+1.0000
5916	5.403	-0.003705	+1.0000
5917	6.067	-0.003212	+1.0000
5918	6.738	-0.002777	+1.0000
5919	7.408	-0.002406	+1.0000
5920	8.026	-0.002094	+1.0000
5921	8.656	-0.001831	+1.0000
5922	8.726	+0.001036	-1.0000
5923	8.111	+0.001136	-1.0000
5924	7.511	+0.001247	-1.0000
5925	6.929	+0.001368	-1.0000
5926	6.252	+0.001499	-1.0000
5927	5.580	+0.001640	-1.0000
5928	4.917	+0.001790	-1.0000
5929	4.266	+0.001953	-1.0000
5930	3.632	+0.002148	-1.0000
5931	3.258	-0.006252	+1.0000
5932	3.910	-0.005659	+1.0000
5933	4.576	-0.004909	+1.0000
5934	5.251	-0.004182	+1.0000
5935	5.932	-0.003545	+1.0000
5936	6.588	-0.003011	+1.0000
5937	7.209	-0.002572	+1.0000
5938	7.843	-0.002212	+1.0000
5939	8.487	-0.001917	+1.0000
5940	8.605	+0.001192	-1.0000
5941	8.002	+0.001328	-1.0000
5942	7.416	+0.001485	-1.0000
5943	6.852	+0.001667	-1.0000
5944	6.287	+0.001878	-1.0000
5945	5.655	+0.002124	-1.0000
5946	5.002	+0.002416	-1.0000
5947	4.363	+0.002779	-1.0000
5948	3.746	+0.003276	-1.0000
5949	3.158	-0.007570	+1.0000
5950	3.827	-0.006575	+1.0000
5951	4.505	-0.005522	+1.0000
5952	5.189	-0.004587	+1.0000
5953	5.823	-0.003814	+1.0000
5954	6.441	-0.003191	+1.0000
5955	7.074	-0.002694	+1.0000
5956	7.719	-0.002296	+1.0000
5957	8.373	-0.001976	+1.0000
5958	8.404	+0.001349	-1.0000
5959	7.785	+0.001524	-1.0000
5960	7.182	+0.001732	-1.0000
5961	6.598	+0.001980	-1.0000
5962	6.038	+0.002276	-1.0000
5963	5.511	+0.002631	-1.0000
5964	5.026	+0.003059	-1.0000
5965	4.566	+0.003581	-1.0000
5966	3.981	+0.004238	-1.0000
5967	3.871	-0.007263	+1.0000
5968	4.543	-0.005941	+1.0000
5969	5.134	-0.004843	+1.0000
5970	5.741	-0.003972	+1.0000
5971	6.367	-0.003291	+1.0000
5972	7.007	-0.002757	+1.0000
5973	7.658	-0.002337	+1.0000
5974	8.316	-0.002002	+1.0000
5975	8.981	-0.001732	+1.0000
5976	8.898	+0.001325	-1.0000
5977	8.257	+0.001504	-1.0000
5978	7.627	+0.001719	-1.0000
5979	7.010	+0.001979	-1.0000
5980	6.410	+0.002297	-1.0000
5981	5.833	+0.002687	-1.0000
5982	5.285	+0.003163	-1.0000
5983	4.777	+0.003739	-1.0000
5984	4.323	+0.004420	-1.0000
5985	3.908	+0.005193	-1.0000
5986	4.017	-0.007493	+1.0000
5987	4.558	-0.006047	+1.0000
5988	5.138	-0.004888	+1.0000
5989	5.744	-0.003987	+1.0000
5990	6.370	-0.003291	+1.0000
5991	7.010	-0.002751	+1.0000
5992	7.660	-0.002327	+1.0000
5993	8.319	-0.001991	+1.0000
5994	8.983	-0.001720	+1.0000
5995	8.816	+0.001441	-1.0000
5996	8.168	+0.001649	-1.0000
5997	7.531	+0.001904	-1.0000
5998	6.905	+0.002218	-1.0000
5999	6.296	+0.002611	-1.0000
6000	5.706	+0.003104	-1.0000
6001	5.124	+0.003725	-1.0000
6002	4.561	+0.004499	-1.0000
6003	4.042	+0.005430	-1.0000
6004	3.584	+0.006464	-1.0000
6005	3.222	-0.008734	+1.0000
6006	3.909	-0.007160	+1.0000
6007	4.600	-0.005796	+1.0000
6008	5.236	-0.004703	+1.0000
6009	5.832	-0.003850	+1.0000
6010	6.449	-0.003188	+1.0000
6011	7.082	-0.002672	+1.0000
6012	7.726	-0.002266	+1.0000
6013	8.380	-0.001942	+1.0000
6014	8.745	+0.001544	-1.0000
6015	8.071	+0.001779	-1.0000
6016	7.402	+0.002071	-1.0000
6017	6.740	+0.002438	-1.0000
6018	6.086	+0.002906	-1.0000
6019	5.443	+0.003512	-1.0000
6020	4.817	+0.004306	-1.0000
6021	4.213	+0.005356	-1.0000
6022	3.645	+0.006726	-1.0000
6023	3.199	-0.007626	+1.0000
6024	3.891	-0.006375	+1.0000
6025	4.585	-0.005251	+1.0000
6026	5.171	-0.004323	+1.0000
6027	5.770	-0.003582	+1.0000
6028	6.389	-0.002995	+1.0000
6029	7.023	-0.002530	+1.0000
6030	7.669	-0.002159	+1.0000
6031	8.323	-0.001860	+1.0000
6032	8.985	-0.001616	+1.0000
6033	8.626	+0.001630	-1.0000
6034	7.942	+0.001888	-1.0000
6035	7.261	+0.002211	-1.0000
6036	6.584	+0.002623	-1.0000
6037	5.913	+0.003161	-1.0000
6038	5.250	+0.003876	-1.0000
6039	4.597	+0.004856	-1.0000
6040	3.960	+0.006238	-1.0000
6041	3.327	-0.006247	+1.0000
6042	3.978	-0.005368	+1.0000
6043	4.518	-0.004538	+1.0000
6044	5.097	-0.003819	+1.0000
6045	5.703	-0.003222	+1.0000
6046	6.328	-0.002734	+1.0000
6047	6.968	-0.002337	+1.0000
6048	7.619	-0.002014	+1.0000
6049	8.277	-0.001748	+1.0000
6050	8.942	-0.001529	+1.0000
6051	8.562	+0.001695	-1.0000
6052	7.873	+0.001969	-1.0000
6053	7.185	+0.002315	-1.0000
6054	6.501	+0.002761	-1.0000
6055	5.820	+0.003349	-1.0000
6056	5.144	+0.004150	-1.0000
6057	4.476	+0.005282	-1.0000
6058	3.819	+0.006955	-1.0000
6059	3.526	-0.004893	+1.0000
6060	4.005	-0.004337	+1.0000
6061	4.541	-0.003777	+1.0000
6062	5.118	-0.003264	+1.0000
6063	5.722	-0.002816	+1.0000
6064	6.345	-0.002434	+1.0000
6065	6.984	-0.002112	+1.0000
6066	7.633	-0.001842	+1.0000
6067	8.290	-0.001615	+1.0000
6068	8.954	-0.001425	+1.0000
6069	8.555	+0.001736	-1.0000
6070	7.866	+0.002018	-1.0000
6071	7.178	+0.002375	-1.0000
6072	6.492	+0.002836	-1.0000
6073	5.810	+0.003449	-1.0000
6074	5.134	+0.004288	-1.0000
6075	4.464	+0.005486	-1.0000
6076	3.805	+0.007280	-1.0000
6077	3.691	-0.003673	+1.0000
6078	4.151	-0.003380	+1.0000
6079	4.671	-0.003048	+1.0000
6080	5.233	-0.002713	+1.0000
6081	5.825	-0.002400	+1.0000
6082	6.439	-0.002118	+1.0000
6083	7.069	-0.001870	+1.0000
6084	7.711	-0.001655	+1.0000
6085	8.362	-0.001469	+1.0000
6086	8.606	+0.001751	-1.0000
6087	7.921	+0.002032	-1.0000
6088	7.238	+0.002387	-1.0000
6089	6.559	+0.002845	-1.0000
6090	5.885	+0.003448	-1.0000
6091	5.217	+0.004268	-1.0000
6092	4.560	+0.005423	-1.0000
6093	3.917	+0.007119	-1.0000
6094	3.576	-0.002554	+1.0000
6095	3.975	-0.002614	+1.0000
6096	4.405	-0.002539	+1.0000
6097	4.898	-0.002388	+1.0000
6098	5.437	-0.002199	+1.0000
6099	6.009	-0.002001	+1.0000
6100	6.606	-0.001807	+1.0000
6101	7.221	-0.001627	+1.0000
6102	7.850	-0.001463	+1.0000
6103	8.491	-0.001316	+1.0000
6104	8.713	+0.001740	-1.0000
6105	8.036	+0.002013	-1.0000
6106	7.364	+0.002354	-1.0000
6107	6.698	+0.002788	-1.0000
6108	6.040	+0.003352	-1.0000
6109	5.392	+0.004102	-1.0000
6110	4.758	+0.005127	-1.0000
6111	4.146	+0.006561	-1.0000
6112	3.781	-0.001472	+1.0000
6113	4.354	-0.001739	+1.0000
6114	4.750	-0.001829	+1.0000
6115	5.210	-0.001815	+1.0000
6116	5.720	-0.001740	+1.0000
6117	6.266	-0.001634	+1.0000
6118	6.840	-0.001514	+1.0000
6119	7.436	-0.001392	+1.0000
6120	8.049	-0.001274	+1.0000
6121	8.675	-0.001164	+1.0000
6122	8.873	+0.001707	-1.0000
6123	8.210	+0.001963	-1.0000
6124	7.554	+0.002280	-1.0000
6125	6.906	+0.002676	-1.0000
6126	6.269	+0.003180	-1.0000
6127	5.648	+0.003829	-1.0000
6128	5.047	+0.004678	-1.0000
6129	4.474	+0.005797	-1.0000
6130	3.943	+0.007260	-1.0000
6132	4.689	-0.001059	+1.0000
6133	5.167	-0.001255	+1.0000
6134	5.593	-0.001336	+1.0000
6135	6.071	-0.001344	+1.0000
6136	6.588	-0.001308	+1.0000
6137	7.136	-0.001247	+1.0000
6138	7.709	-0.001173	+1.0000
6139	8.302	-0.001095	+1.0000
6140	8.910	-0.001016	+1.0000
6141	8.439	+0.001889	-1.0000
6142	7.802	+0.002175	-1.0000
6143	7.176	+0.002525	-1.0000
6144	6.566	+0.002957	-1.0000
6145	5.975	+0.003495	-1.0000
6146	5.411	+0.004166	-1.0000
6147	4.881	+0.004993	-1.0000
6148	4.400	+0.005987	-1.0000
6149	3.984	+0.007102	-1.0000
6150	3.655	+0.008185	-1.0000
6151	3.575	+0.001447	-1.0000
6156	6.033	-0.000947	+1.0000
6157	6.478	-0.001011	+1.0000
6158	6.965	-0.001026	+1.0000
6159	7.486	-0.001010	+1.0000
6160	8.034	-0.000975	+1.0000
6162	8.718	+0.001797	-1.0000
6163	8.103	+0.002048	-1.0000
6164	7.503	+0.002349	-1.0000
6165	6.921	+0.002710	-1.0000
6166	6.363	+0.003142	-1.0000
6167	5.836	+0.003654	-1.0000
6168	5.349	+0.004250	-1.0000
6169	4.914	+0.004911	-1.0000
6170	4.545	+0.005589	-1.0000
6171	4.260	+0.006180	-1.0000
6172	4.077	+0.006545	-1.0000
6173	4.009	+0.006564	-1.0000
6174	3.962	+0.006209	-1.0000
6175	3.748	+0.005533	-1.0000
6176	3.656	+0.004604	-1.0000
6177	3.698	+0.003519	-1.0000
6178	3.868	+0.002429	-1.0000
6179	4.150	+0.001475	-1.0000
6190	8.451	+0.001910	-1.0000
6191	7.878	+0.002163	-1.0000
6192	7.326	+0.002457	-1.0000
6193	6.801	+0.002796	-1.0000
6194	6.311	+0.003181	-1.0000
6195	5.864	+0.003604	-1.0000
6196	5.469	+0.004043	-1.0000
6197	5.141	+0.004460	-1.0000
6198	4.890	+0.004791	-1.0000
6199	4.732	+0.004967	-1.0000
6200	4.673	+0.004932	-1.0000
6201	4.596	+0.004667	-1.0000
6202	4.413	+0.004194	-1.0000
6203	4.335	+0.003559	-1.0000
6204	4.370	+0.002826	-1.0000
6205	4.515	+0.002078	-1.0000
6206	4.759	+0.001391	-1.0000
6207	5.089	+0.000812	-1.0000
6216	8.842	+0.001767	-1.0000
6217	8.295	+0.001976	-1.0000
6218	7.773	+0.002213	-1.0000
6219	7.281	+0.002476	-1.0000
6220	6.825	+0.002762	-1.0000
6221	6.413	+0.003061	-1.0000
6222	6.055	+0.003354	-1.0000
6223	5.760	+0.003613	-1.0000
6224	5.538	+0.003802	-1.0000
6225	5.398	+0.003881	-1.0000
6226	5.347	+0.003822	-1.0000
6227	5.247	+0.003616	-1.0000
6228	5.087	+0.003274	-1.0000
6229	5.020	+0.002825	-1.0000
6230	5.050	+0.002309	-1.0000
6231	5.176	+0.001776	-1.0000
6232	5.390	+0.001271	-1.0000
6233	5.683	+0.000825	-1.0000
6241	8.748	+0.001797	-1.0000
6242	8.255	+0.001985	-1.0000
6243	7.793	+0.002187	-1.0000
6244	7.369	+0.002399	-1.0000
6245	6.990	+0.002610	-1.0000
6246	6.663	+0.002807	-1.0000
6247	6.395	+0.002970	-1.0000
6248	6.196	+0.003077	-1.0000
6249	6.072	+0.003105	-1.0000
6250	6.026	+0.003039	-1.0000
6251	5.909	+0.002875	-1.0000
6252	5.767	+0.002620	-1.0000
6253	5.709	+0.002292	-1.0000
6254	5.735	+0.001917	-1.0000
6255	5.846	+0.001525	-1.0000
6256	6.037	+0.001145	-1.0000
6264	8.766	+0.001777	-1.0000
6265	8.333	+0.001932	-1.0000
6266	7.938	+0.002089	-1.0000
6267	7.587	+0.002239	-1.0000
6268	7.287	+0.002372	-1.0000
6269	7.043	+0.002474	-1.0000
6270	6.863	+0.002532	-1.0000
6271	6.751	+0.002533	-1.0000
6272	6.710	+0.002468	-1.0000
6273	6.579	+0.002335	-1.0000
6274	6.452	+0.002140	-1.0000
6275	6.400	+0.001893	-1.0000
6276	6.423	+0.001613	-1.0000
6277	6.523	+0.001317	-1.0000
6278	6.694	+0.001026	-1.0000
6285	8.895	+0.001709	-1.0000
6286	8.527	+0.001825	-1.0000
6287	8.201	+0.001932	-1.0000
6288	7.924	+0.002022	-1.0000
6289	7.700	+0.002085	-1.0000
6290	7.536	+0.002114	-1.0000
6291	7.434	+0.002101	-1.0000
6292	7.397	+0.002040	-1.0000
6293	7.255	+0.001931	-1.0000
6294	7.140	+0.001778	-1.0000
6295	7.092	+0.001588	-1.0000
6296	7.114	+0.001373	-1.0000
6297	7.203	+0.001146	-1.0000
6298	7.359	+0.000918	-1.0000
6304	8.827	+0.001677	-1.0000
6305	8.570	+0.001738	-1.0000
6306	8.364	+0.001777	-1.0000
6307	8.213	+0.001788	-1.0000
6308	8.120	+0.001768	-1.0000
6309	8.086	+0.001712	-1.0000
6310	7.935	+0.001622	-1.0000
6311	7.830	+0.001499	-1.0000
6312	7.786	+0.001350	-1.0000
6313	7.806	+0.001182	-1.0000
6314	7.888	+0.001004	-1.0000
6315	8.030	+0.000823	-1.0000
6319	8.894	+0.001529	-1.0000
6320	8.808	+0.001506	-1.0000
6321	8.769	+0.001456	-1.0000
6322	8.618	+0.001380	-1.0000
6323	8.521	+0.001281	-1.0000
6324	8.481	+0.001162	-1.0000
6325	8.499	+0.001028	-1.0000
6326	8.575	+0.000885	-1.0000
6387	7.227	-0.000942	+1.0000
6388	7.620	-0.000991	+1.0000
6389	8.055	-0.001024	+1.0000
6390	8.525	-0.001040	+1.0000
6405	6.271	-0.000973	+1.0000
6406	6.647	-0.001060	+1.0000
6407	7.072	-0.001126	+1.0000
6408	7.539	-0.001167	+1.0000
6409	8.039	-0.001185	+1.0000
6410	8.568	-0.001180	+1.0000
6425	5.327	-0.000932	+1.0000
6426	5.680	-0.001081	+1.0000
6427	6.092	-0.001206	+1.0000
6428	6.554	-0.001296	+1.0000
6429	7.054	-0.001347	+1.0000
6430	7.587	-0.001363	+1.0000
6431	8.145	-0.001351	+1.0000
6432	8.640	-0.001316	+1.0000
6448	4.721	-0.000977	+1.0000
6449	5.115	-0.001212	+1.0000
6450	5.570	-0.001395	+1.0000
6451	6.071	-0.001516	+1.0000
6452	6.609	-0.001578	+1.0000
6453	7.174	-0.001588	+1.0000
6454	7.653	-0.001561	+1.0000
6455	8.135	-0.001505	+1.0000
6456	8.647	-0.001433	+1.0000
6465	4.183	-0.001068	+1.0000
6466	3.809	-0.001046	+1.0000
6472	4.145	-0.001009	+1.0000
6473	4.589	-0.001388	+1.0000
6474	5.090	-0.001656	+1.0000
6475	5.635	-0.001814	+1.0000
6476	6.210	-0.001880	+1.0000
6477	6.666	-0.001875	+1.0000
6478	7.146	-0.001819	+1.0000
6479	7.660	-0.001732	+1.0000
6480	8.201	-0.001627	+1.0000
6481	8.766	-0.001515	+1.0000
6490	4.163	-0.001183	+1.0000
6491	3.656	-0.001552	+1.0000
6492	3.222	-0.001566	+1.0000
6495	3.613	-0.001063	+1.0000
6496	4.114	-0.001664	+1.0000
6497	4.667	-0.002037	+1.0000
6498	5.252	-0.002228	+1.0000
6499	5.679	-0.002282	+1.0000
6500	6.157	-0.002241	+1.0000
6501	6.674	-0.002139	+1.0000
6502	7.222	-0.002003	+1.0000
6503	7.794	-0.001853	+1.0000
6504	8.385	-0.001700	+1.0000
6505	8.993	-0.001553	+1.0000
6514	3.714	-0.001549	+1.0000
6516	3.147	-0.001279	+1.0000
6517	3.712	-0.002144	+1.0000
6518	4.284	-0.002613	+1.0000
6519	4.695	-0.002810	+1.0000
6520	5.169	-0.002819	+1.0000
6521	5.689	-0.002708	+1.0000
6522	6.245	-0.002530	+1.0000
6523	6.827	-0.002322	+1.0000
6524	7.430	-0.002109	+1.0000
6525	8.048	-0.001904	+1.0000
6526	8.679	-0.001715	+1.0000
6536	2.781	-0.001962	+1.0000
6537	3.328	-0.002964	+1.0000
6538	3.714	-0.003471	+1.0000
6539	4.181	-0.003623	+1.0000
6540	4.707	-0.003530	+1.0000
6541	5.273	-0.003296	+1.0000
6542	5.868	-0.002999	+1.0000
6543	6.484	-0.002688	+1.0000
6544	7.116	-0.002392	+1.0000
6545	7.760	-0.002122	+1.0000
6546	8.360	-0.001884	+1.0000
6547	8.967	-0.001675	+1.0000
6551	6.888	+0.000808	-1.0000
6552	6.207	+0.000805	-1.0000
6556	3.195	-0.004696	+1.0000
6557	3.728	-0.004732	+1.0000
6558	4.310	-0.004449	+1.0000
6559	4.922	-0.004015	+1.0000
6560	5.555	-0.003543	+1.0000
6561	6.202	-0.003094	+1.0000
6562	6.850	-0.002693	+1.0000
6563	7.449	-0.002346	+1.0000
6564	8.064	-0.002051	+1.0000
6565	8.692	-0.001801	+1.0000
6566	8.561	+0.000862	-1.0000
6567	7.933	+0.000927	-1.0000
6568	7.319	+0.000993	-1.0000
6569	6.721	+0.001058	-1.0000
6570	6.116	+0.001117	-1.0000
6571	5.427	+0.001163	-1.0000
6572	4.743	+0.001182	-1.0000
6573	4.063	+0.001143	-1.0000
6574	3.361	-0.006202	+1.0000
6575	3.996	-0.005591	+1.0000
6576	4.650	-0.004852	+1.0000
6577	5.315	-0.004140	+1.0000
6578	5.955	-0.003516	+1.0000
6579	6.561	-0.002993	+1.0000
6580	7.184	-0.002561	+1.0000
6581	7.820	-0.002207	+1.0000
6582	8.466	-0.001916	+1.0000
6583	8.440	+0.001011	-1.0000
6584	7.803	+0.001108	-1.0000
6585	7.177	+0.001216	-1.0000
6586	6.566	+0.001336	-1.0000
6587	5.975	+0.001470	-1.0000
6588	5.410	+0.001621	-1.0000
6589	4.728	+0.001798	-1.0000
6590	4.046	+0.002025	-1.0000
6591	3.788	-0.006915	+1.0000
6592	4.472	-0.005748	+1.0000
6593	5.095	-0.004738	+1.0000
6594	5.706	-0.003917	+1.0000
6595	6.336	-0.003265	+1.0000
6596	6.979	-0.002749	+1.0000
6597	7.632	-0.002339	+1.0000
6598	8.292	-0.002010	+1.0000
6599	8.959	-0.001744	+1.0000
6600	8.373	+0.001165	-1.0000
6601	7.733	+0.001299	-1.0000
6602	7.101	+0.001453	-1.0000
6603	6.483	+0.001634	-1.0000
6604	5.884	+0.001848	-1.0000
6605	5.309	+0.002107	-1.0000
6606	4.768	+0.002435	-1.0000
6607	4.148	+0.002887	-1.0000
6608	3.702	-0.008256	+1.0000
6609	4.291	-0.006577	+1.0000
6610	4.903	-0.005253	+1.0000
6611	5.535	-0.004243	+1.0000
6612	6.182	-0.003476	+1.0000
6613	6.839	-0.002889	+1.0000
6614	7.505	-0.002434	+1.0000
6615	8.176	-0.002076	+1.0000
6616	8.851	-0.001790	+1.0000
6617	8.813	+0.001177	-1.0000
6618	8.166	+0.001321	-1.0000
6619	7.528	+0.001493	-1.0000
6620	6.902	+0.001697	-1.0000
6621	6.292	+0.001942	-1.0000
6622	5.703	+0.002240	-1.0000
6623	5.141	+0.002605	-1.0000
6624	4.618	+0.003062	-1.0000
6625	4.147	+0.003656	-1.0000
6626	3.582	-0.009286	+1.0000
6627	4.180	-0.007149	+1.0000
6628	4.805	-0.005579	+1.0000
6629	5.449	-0.004435	+1.0000
6630	6.105	-0.003593	+1.0000
6631	6.770	-0.002962	+1.0000
6632	7.441	-0.002480	+1.0000
6633	8.118	-0.002105	+1.0000
6634	8.798	-0.001809	+1.0000
6635	8.674	+0.001300	-1.0000
6636	8.015	+0.001474	-1.0000
6637	7.364	+0.001685	-1.0000
6638	6.724	+0.001940	-1.0000
6639	6.096	+0.002254	-1.0000
6640	5.485	+0.002640	-1.0000
6641	4.899	+0.003116	-1.0000
6642	4.346	+0.003702	-1.0000
6643	3.841	+0.004410	-1.0000
6644	3.587	-0.009604	+1.0000
6645	4.184	-0.007278	+1.0000
6646	4.809	-0.005628	+1.0000
6647	5.452	-0.004450	+1.0000
6648	6.108	-0.003593	+1.0000
6649	6.773	-0.002955	+1.0000
6650	7.444	-0.002471	+1.0000
6651	8.120	-0.002095	+1.0000
6652	8.800	-0.001798	+1.0000
6653	8.589	+0.001414	-1.0000
6654	7.924	+0.001618	-1.0000
6655	7.265	+0.001867	-1.0000
6656	6.614	+0.002176	-1.0000
6657	5.975	+0.002561	-1.0000
6658	5.350	+0.003046	-1.0000
6659	4.747	+0.003658	-1.0000
6660	4.175	+0.004422	-1.0000
6661	3.647	+0.005337	-1.0000
6662	3.726	-0.009035	+1.0000
6663	4.304	-0.006905	+1.0000
6664	4.914	-0.005380	+1.0000
6665	5.545	-0.004281	+1.0000
6666	6.191	-0.003473	+1.0000
6667	6.847	-0.002868	+1.0000
6668	7.512	-0.002405	+1.0000
6669	8.182	-0.002044	+1.0000
6670	8.857	-0.001758	+1.0000
6671	8.562	+0.001517	-1.0000
6672	7.894	+0.001747	-1.0000
6673	7.232	+0.002033	-1.0000
6674	6.578	+0.002392	-1.0000
6675	5.935	+0.002852	-1.0000
6676	5.306	+0.003447	-1.0000
6677	4.667	+0.004231	-1.0000
6678	4.042	+0.005271	-1.0000
6679	3.649	-0.007818	+1.0000
6680	4.231	-0.006147	+1.0000
6681	4.844	-0.004894	+1.0000
6682	5.479	-0.003958	+1.0000
6683	6.127	-0.003251	+1.0000
6684	6.786	-0.002710	+1.0000
6685	7.452	-0.002289	+1.0000
6686	8.124	-0.001956	+1.0000
6687	8.801	-0.001690	+1.0000
6688	8.543	+0.001603	-1.0000
6689	7.852	+0.001855	-1.0000
6690	7.163	+0.002172	-1.0000
6691	6.476	+0.002577	-1.0000
6692	5.792	+0.003106	-1.0000
6693	5.113	+0.003813	-1.0000
6694	4.440	+0.004790	-1.0000
6695	3.776	+0.006195	-1.0000
6696	3.543	-0.006391	+1.0000
6697	4.140	-0.005215	+1.0000
6698	4.765	-0.004275	+1.0000
6699	5.408	-0.003536	+1.0000
6700	6.064	-0.002956	+1.0000
6701	6.729	-0.002498	+1.0000
6702	7.401	-0.002132	+1.0000
6703	8.077	-0.001838	+1.0000
6704	8.757	-0.001598	+1.0000
6705	8.479	+0.001668	-1.0000
6706	7.782	+0.001936	-1.0000
6707	7.086	+0.002276	-1.0000
6708	6.391	+0.002715	-1.0000
6709	5.697	+0.003296	-1.0000
6710	5.005	+0.004093	-1.0000
6711	4.315	+0.005236	-1.0000
6712	3.629	+0.006982	-1.0000
6713	3.026	-0.005914	+1.0000
6714	3.573	-0.005051	+1.0000
6715	4.166	-0.004279	+1.0000
6716	4.787	-0.003621	+1.0000
6717	5.428	-0.003073	+1.0000
6718	6.082	-0.002622	+1.0000
6719	6.745	-0.002252	+1.0000
6720	7.415	-0.001948	+1.0000
6721	8.090	-0.001697	+1.0000
6722	8.769	-0.001489	+1.0000
6723	8.472	+0.001709	-1.0000
6724	7.775	+0.001986	-1.0000
6725	7.078	+0.002337	-1.0000
6726	6.382	+0.002793	-1.0000
6727	5.687	+0.003400	-1.0000
6728	4.993	+0.004240	-1.0000
6729	4.302	+0.005460	-1.0000
6730	3.613	+0.007356	-1.0000
6731	3.218	-0.004377	+1.0000
6732	3.736	-0.003893	+1.0000
6733	4.307	-0.003424	+1.0000
6734	4.911	-0.002992	+1.0000
6735	5.537	-0.002609	+1.0000
6736	6.180	-0.002277	+1.0000
6737	6.833	-0.001992	+1.0000
6738	7.495	-0.001749	+1.0000
6739	8.164	-0.001543	+1.0000
6740	8.837	-0.001368	+1.0000
6741	8.523	+0.001724	-1.0000
6742	7.830	+0.002001	-1.0000
6743	7.139	+0.002351	-1.0000
6744	6.450	+0.002803	-1.0000
6745	5.763	+0.003403	-1.0000
6746	5.080	+0.004226	-1.0000
6747	4.402	+0.005406	-1.0000
6748	3.732	+0.007196	-1.0000
6749	3.540	-0.003112	+1.0000
6750	4.017	-0.002918	+1.0000
6751	4.552	-0.002676	+1.0000
6752	5.127	-0.002421	+1.0000
6753	5.730	-0.002172	+1.0000
6754	6.353	-0.001941	+1.0000
6755	6.991	-0.001732	+1.0000
6756	7.639	-0.001546	+1.0000
6757	8.296	-0.001383	+1.0000
6758	8.959	-0.001240	+1.0000
6759	8.631	+0.001715	-1.0000
6760	7.948	+0.001984	-1.0000
6761	7.267	+0.002320	-1.0000
6762	6.591	+0.002749	-1.0000
6763	5.921	+0.003310	-1.0000
6764	5.258	+0.004063	-1.0000
6765	4.607	+0.005107	-1.0000
6766	3.971	+0.006608	-1.0000
6767	3.613	-0.001913	+1.0000
6768	3.960	-0.002095	+1.0000
6769	4.392	-0.002113	+1.0000
6770	4.886	-0.002039	+1.0000
6771	5.426	-0.001918	+1.0000
6772	5.999	-0.001775	+1.0000
6773	6.597	-0.001627	+1.0000
6774	7.213	-0.001483	+1.0000
6775	7.843	-0.001347	+1.0000
6776	8.484	-0.001223	+1.0000
6777	8.793	+0.001683	-1.0000
6778	8.123	+0.001936	-1.0000
6779	7.459	+0.002248	-1.0000
6780	6.803	+0.002641	-1.0000
6781	6.155	+0.003141	-1.0000
6782	5.521	+0.003791	-1.0000
6783	4.904	+0.004652	-1.0000
6784	4.313	+0.005806	-1.0000
6785	3.759	+0.007360	-1.0000
6786	3.991	-0.000978	+1.0000
6787	4.452	-0.001316	+1.0000
6788	4.840	-0.001469	+1.0000
6789	5.293	-0.001511	+1.0000
6790	5.795	-0.001487	+1.0000
6791	6.335	-0.001425	+1.0000
6792	6.903	-0.001342	+1.0000
6793	7.494	-0.001251	+1.0000
6794	8.102	-0.001159	+1.0000
6795	8.724	-0.001069	+1.0000
6796	8.355	+0.001864	-1.0000
6797	7.710	+0.002146	-1.0000
6798	7.077	+0.002492	-1.0000
6799	6.457	+0.002921	-1.0000
6800	5.855	+0.003458	-1.0000
6801	5.278	+0.004133	-1.0000
6802	4.734	+0.004976	-1.0000
6803	4.235	+0.006006	-1.0000
6804	3.801	+0.007188	-1.0000
6808	5.342	-0.000974	+1.0000
6809	5.756	-0.001086	+1.0000
6810	6.220	-0.001128	+1.0000
6811	6.726	-0.001123	+1.0000
6812	7.264	-0.001091	+1.0000
6813	7.828	-0.001042	+1.0000
6814	8.412	-0.000985	+1.0000
6815	8.636	+0.001773	-1.0000
6816	8.015	+0.002021	-1.0000
6817	7.407	+0.002318	-1.0000
6818	6.818	+0.002676	-1.0000
6819	6.251	+0.003106	-1.0000
6820	5.713	+0.003618	-1.0000
6821	5.215	+0.004218	-1.0000
6822	4.767	+0.004891	-1.0000
6823	4.386	+0.005587	-1.0000
6824	4.090	+0.006200	-1.0000
6825	3.899	+0.006577	-1.0000
6826	3.828	+0.006590	-1.0000
6827	3.853	+0.006220	-1.0000
6828	3.632	+0.005534	-1.0000
6829	3.581	+0.003462	-1.0000
6830	3.756	+0.002326	-1.0000
6831	4.046	+0.001338	-1.0000
6842	8.964	+0.001671	-1.0000
6843	8.367	+0.001885	-1.0000
6844	7.787	+0.002134	-1.0000
6845	7.228	+0.002426	-1.0000
6846	6.696	+0.002762	-1.0000
6847	6.198	+0.003145	-1.0000
6848	5.741	+0.003567	-1.0000
6849	5.338	+0.004008	-1.0000
6850	5.001	+0.004427	-1.0000
6851	4.743	+0.004762	-1.0000
6852	4.579	+0.004937	-1.0000
6853	4.519	+0.004896	-1.0000
6854	4.503	+0.004624	-1.0000
6855	4.315	+0.004144	-1.0000
6856	4.236	+0.003498	-1.0000
6857	4.272	+0.002749	-1.0000
6858	4.420	+0.001983	-1.0000
6859	4.669	+0.001282	-1.0000
6869	8.761	+0.001744	-1.0000
6870	8.209	+0.001950	-1.0000
6871	7.681	+0.002184	-1.0000
6872	7.182	+0.002444	-1.0000
6873	6.720	+0.002727	-1.0000
6874	6.302	+0.003024	-1.0000
6875	5.937	+0.003315	-1.0000
6876	5.635	+0.003573	-1.0000
6877	5.408	+0.003759	-1.0000
6878	5.265	+0.003835	-1.0000
6879	5.212	+0.003771	-1.0000
6880	5.165	+0.003561	-1.0000
6881	5.002	+0.003213	-1.0000
6882	4.934	+0.002758	-1.0000
6883	4.965	+0.002235	-1.0000
6884	5.093	+0.001694	-1.0000
6885	5.311	+0.001182	-1.0000
6894	8.667	+0.001773	-1.0000
6895	8.168	+0.001959	-1.0000
6896	7.702	+0.002158	-1.0000
6897	7.272	+0.002367	-1.0000
6898	6.888	+0.002576	-1.0000
6899	6.555	+0.002770	-1.0000
6900	6.283	+0.002930	-1.0000
6901	6.081	+0.003033	-1.0000
6902	5.954	+0.003058	-1.0000
6903	5.907	+0.002988	-1.0000
6904	5.837	+0.002821	-1.0000
6905	5.693	+0.002562	-1.0000
6906	5.633	+0.002230	-1.0000
6907	5.660	+0.001851	-1.0000
6908	5.773	+0.001455	-1.0000
6909	5.966	+0.001072	-1.0000
6917	8.685	+0.001753	-1.0000
6918	8.248	+0.001906	-1.0000
6919	7.848	+0.002060	-1.0000
6920	7.493	+0.002207	-1.0000
6921	7.189	+0.002337	-1.0000
6922	6.942	+0.002437	-1.0000
6923	6.759	+0.002492	-1.0000
6924	6.645	+0.002490	-1.0000
6925	6.603	+0.002422	-1.0000
6926	6.514	+0.002286	-1.0000
6927	6.386	+0.002088	-1.0000
6928	6.333	+0.001839	-1.0000
6929	6.357	+0.001556	-1.0000
6930	6.457	+0.001259	-1.0000
6931	6.630	+0.000966	-1.0000
6938	8.815	+0.001686	-1.0000
6939	8.443	+0.001800	-1.0000
6940	8.114	+0.001904	-1.0000
6941	7.834	+0.001991	-1.0000
6942	7.608	+0.002052	-1.0000
6943	7.441	+0.002079	-1.0000
6944	7.338	+0.002063	-1.0000
6945	7.300	+0.002000	-1.0000
6946	7.196	+0.001889	-1.0000
6947	7.080	+0.001734	-1.0000
6948	7.032	+0.001542	-1.0000
6949	7.054	+0.001326	-1.0000
6950	7.144	+0.001097	-1.0000
6951	7.301	+0.000869	-1.0000
6957	8.747	+0.001653	-1.0000
6958	8.487	+0.001711	-1.0000
6959	8.279	+0.001748	-1.0000
6960	8.126	+0.001757	-1.0000
6961	8.032	+0.001735	-1.0000
6962	7.997	+0.001678	-1.0000
6963	7.881	+0.001586	-1.0000
6964	7.775	+0.001462	-1.0000
6965	7.731	+0.001311	-1.0000
6966	7.751	+0.001142	-1.0000
6967	7.833	+0.000963	-1.0000
6972	8.955	+0.001503	-1.0000
6973	8.814	+0.001502	-1.0000
6974	8.727	+0.001477	-1.0000
6975	8.695	+0.001426	-1.0000
6976	8.568	+0.001349	-1.0000
6977	8.471	+0.001249	-1.0000
6978	8.431	+0.001128	-1.0000
6979	8.449	+0.000994	-1.0000
6980	8.525	+0.000851	-1.0000
7041	7.197	-0.000964	+1.0000
7042	7.591	-0.001013	+1.0000
7043	8.027	-0.001046	+1.0000
7044	8.499	-0.001061	+1.0000
7059	6.236	-0.000997	+1.0000
7060	6.614	-0.001086	+1.0000
7061	7.041	-0.001153	+1.0000
7062	7.509	-0.001195	+1.0000
7063	8.012	-0.001211	+1.0000
7064	8.542	-0.001205	+1.0000
7079	5.286	-0.000952	+1.0000
7080	5.640	-0.001108	+1.0000
7081	6.056	-0.001238	+1.0000
7082	6.520	-0.001331	+1.0000
7083	7.023	-0.001383	+1.0000
7084	7.558	-0.001398	+1.0000
7085	8.117	-0.001383	+1.0000
7086	8.643	-0.001346	+1.0000
7102	4.674	-0.000988	+1.0000
7103	5.072	-0.001242	+1.0000
7104	5.530	-0.001438	+1.0000
7105	6.035	-0.001565	+1.0000
7106	6.575	-0.001627	+1.0000
7107	7.143	-0.001635	+1.0000
7108	7.655	-0.001603	+1.0000
7109	8.137	-0.001543	+1.0000
7110	8.649	-0.001466	+1.0000
7118	4.584	-0.001010	+1.0000
7119	4.129	-0.001201	+1.0000
7120	3.750	-0.001161	+1.0000
7126	4.091	-0.000997	+1.0000
7127	4.540	-0.001425	+1.0000
7128	5.047	-0.001719	+1.0000
7129	5.595	-0.001887	+1.0000
7130	6.174	-0.001952	+1.0000
7131	6.669	-0.001941	+1.0000
7132	7.149	-0.001878	+1.0000
7133	7.662	-0.001783	+1.0000
7134	8.204	-0.001670	+1.0000
7135	8.768	-0.001551	+1.0000
7144	4.109	-0.001367	+1.0000
7145	3.595	-0.001798	+1.0000
7146	2.792	+0.001202	-1.0000
7148	3.551	-0.001006	+1.0000
7149	4.060	-0.001720	+1.0000
7150	4.619	-0.002142	+1.0000
7151	5.213	-0.002345	+1.0000
7152	5.683	-0.002394	+1.0000
7153	6.160	-0.002339	+1.0000
7154	6.677	-0.002222	+1.0000
7155	7.224	-0.002071	+1.0000
7156	7.796	-0.001908	+1.0000
7157	8.388	-0.001745	+1.0000
7158	8.959	-0.001590	+1.0000
7166	4.119	-0.000983	+1.0000
7167	3.598	-0.001845	+1.0000
7168	3.076	-0.001171	+1.0000
7169	3.652	-0.002267	+1.0000
7170	4.265	-0.002809	+1.0000
7171	4.699	-0.003012	+1.0000
7172	5.173	-0.002999	+1.0000
7173	5.693	-0.002858	+1.0000
7174	6.248	-0.002649	+1.0000
7175	6.830	-0.002415	+1.0000
7176	7.433	-0.002181	+1.0000
7177	7.994	-0.001961	+1.0000
7178	8.570	-0.001760	+1.0000
7188	2.700	-0.001926	+1.0000
7189	3.335	-0.003295	+1.0000
7190	3.719	-0.003869	+1.0000
7191	4.186	-0.003985	+1.0000
7192	4.711	-0.003827	+1.0000
7193	5.277	-0.003526	+1.0000
7194	5.872	-0.003171	+1.0000
7195	6.475	-0.002816	+1.0000
7196	7.036	-0.002486	+1.0000
7197	7.620	-0.002193	+1.0000
7198	8.222	-0.001937	+1.0000
7199	8.839	-0.001717	+1.0000
7208	3.202	-0.005514	+1.0000
7209	3.734	-0.005388	+1.0000
7210	4.314	-0.004939	+1.0000
7211	4.926	-0.004365	+1.0000
7212	5.519	-0.003788	+1.0000
7213	6.088	-0.003265	+1.0000
7214	6.681	-0.002814	+1.0000
7215	7.294	-0.002433	+1.0000
7216	7.921	-0.002115	+1.0000
7217	8.559	-0.001849	+1.0000
7219	8.328	+0.000825	-1.0000
7220	7.682	+0.000884	-1.0000
7221	7.045	+0.000944	-1.0000
7222	6.422	+0.001002	-1.0000
7223	5.816	+0.001057	-1.0000
7224	5.234	+0.001101	-1.0000
7225	4.653	+0.001123	-1.0000
7226	3.958	+0.001098	-1.0000
7227	4.001	-0.006378	+1.0000
7228	4.578	-0.005370	+1.0000
7229	5.155	-0.004478	+1.0000
7230	5.760	-0.003739	+1.0000
7231	6.384	-0.003143	+1.0000
7232	7.023	-0.002665	+1.0000
7233	7.672	-0.002281	+1.0000
7234	8.329	-0.001970	+1.0000
7235	8.993	-0.001717	+1.0000
7236	8.868	+0.000889	-1.0000
7237	8.204	+0.000970	-1.0000
7238	7.546	+0.001060	-1.0000
7239	6.897	+0.001160	-1.0000
7240	6.259	+0.001273	-1.0000
7241	5.636	+0.001400	-1.0000
7242	5.033	+0.001550	-1.0000
7243	4.458	+0.001741	-1.0000
7244	3.925	+0.002013	-1.0000
7245	3.662	-0.008115	+1.0000
7246	4.249	-0.006476	+1.0000
7247	4.865	-0.005181	+1.0000
7248	5.502	-0.004194	+1.0000
7249	6.153	-0.003443	+1.0000
7250	6.813	-0.002869	+1.0000
7251	7.480	-0.002422	+1.0000
7252	8.153	-0.002070	+1.0000
7253	8.830	-0.001789	+1.0000
7254	8.807	+0.001012	-1.0000
7255	8.138	+0.001119	-1.0000
7256	7.474	+0.001244	-1.0000
7257	6.819	+0.001388	-1.0000
7258	6.172	+0.001558	-1.0000
7259	5.539	+0.001762	-1.0000
7260	4.925	+0.002016	-1.0000
7261	4.336	+0.002355	-1.0000
7262	3.785	+0.002859	-1.0000
7263	4.016	-0.007517	+1.0000
7264	4.664	-0.005791	+1.0000
7265	5.324	-0.004564	+1.0000
7266	5.994	-0.003677	+1.0000
7267	6.670	-0.003021	+1.0000
7268	7.351	-0.002524	+1.0000
7269	8.034	-0.002140	+1.0000
7270	8.721	-0.001837	+1.0000
7271	8.644	+0.001134	-1.0000
7272	7.983	+0.001270	-1.0000
7273	7.329	+0.001431	-1.0000
7274	6.685	+0.001621	-1.0000
7275	6.053	+0.001850	-1.0000
7276	5.438	+0.002129	-1.0000
7277	4.845	+0.002476	-1.0000
7278	4.286	+0.002923	-1.0000
7279	3.771	+0.003538	-1.0000
7280	3.897	-0.008228	+1.0000
7281	4.561	-0.006170	+1.0000
7282	5.235	-0.004778	+1.0000
7283	5.915	-0.003804	+1.0000
7284	6.599	-0.003099	+1.0000
7285	7.286	-0.002574	+1.0000
7286	7.976	-0.002172	+1.0000
7287	8.667	-0.001858	+1.0000
7288	8.502	+0.001254	-1.0000
7289	7.829	+0.001418	-1.0000
7290	7.161	+0.001615	-1.0000
7291	6.500	+0.001853	-1.0000
7292	5.848	+0.002142	-1.0000
7293	5.209	+0.002497	-1.0000
7294	4.587	+0.002932	-1.0000
7295	3.991	+0.003466	-1.0000
7296	3.901	-0.008344	+1.0000
7297	4.565	-0.006205	+1.0000
7298	5.239	-0.004785	+1.0000
7299	5.918	-0.003800	+1.0000
7300	6.602	-0.003091	+1.0000
7301	7.289	-0.002564	+1.0000
7302	7.978	-0.002162	+1.0000
7303	8.669	-0.001848	+1.0000
7304	8.416	+0.001365	-1.0000
7305	7.735	+0.001557	-1.0000
7306	7.058	+0.001790	-1.0000
7307	6.387	+0.002076	-1.0000
7308	5.722	+0.002429	-1.0000
7309	5.067	+0.002867	-1.0000
7310	4.425	+0.003408	-1.0000
7311	3.804	+0.004058	-1.0000
7312	4.030	-0.007794	+1.0000
7313	4.675	-0.005877	+1.0000
7314	5.335	-0.004579	+1.0000
7315	6.003	-0.003664	+1.0000
7316	6.678	-0.002996	+1.0000
7317	7.358	-0.002495	+1.0000
7318	8.041	-0.002109	+1.0000
7319	8.727	-0.001807	+1.0000
7320	8.387	+0.001465	-1.0000
7321	7.704	+0.001682	-1.0000
7322	7.024	+0.001948	-1.0000
7323	6.349	+0.002281	-1.0000
7324	5.680	+0.002700	-1.0000
7325	5.019	+0.003234	-1.0000
7326	4.371	+0.003915	-1.0000
7327	3.741	+0.004776	-1.0000
7328	3.320	-0.008945	+1.0000
7329	3.951	-0.006789	+1.0000
7330	4.602	-0.005281	+1.0000
7331	5.265	-0.004205	+1.0000
7332	5.937	-0.003417	+1.0000
7333	6.615	-0.002825	+1.0000
7334	7.297	-0.002372	+1.0000
7335	7.982	-0.002018	+1.0000
7336	8.669	-0.001737	+1.0000
7337	8.417	+0.001549	-1.0000
7338	7.737	+0.001786	-1.0000
7339	7.060	+0.002083	-1.0000
7340	6.389	+0.002457	-1.0000
7341	5.724	+0.002939	-1.0000
7342	5.069	+0.003573	-1.0000
7343	4.390	+0.004425	-1.0000
7344	3.718	+0.005604	-1.0000
7345	3.203	-0.007065	+1.0000
7346	3.853	-0.005647	+1.0000
7347	4.518	-0.004562	+1.0000
7348	5.192	-0.003734	+1.0000
7349	5.872	-0.003096	+1.0000
7350	6.557	-0.002600	+1.0000
7351	7.244	-0.002208	+1.0000
7352	7.934	-0.001896	+1.0000
7353	8.625	-0.001643	+1.0000
7354	8.453	+0.001612	-1.0000
7355	7.754	+0.001866	-1.0000
7356	7.055	+0.002184	-1.0000
7357	6.356	+0.002591	-1.0000
7358	5.658	+0.003123	-1.0000
7359	4.961	+0.003841	-1.0000
7360	4.264	+0.004850	-1.0000
7361	3.236	-0.005482	+1.0000
7362	3.881	-0.004580	+1.0000
7363	4.542	-0.003837	+1.0000
7364	5.213	-0.003232	+1.0000
7365	5.891	-0.002740	+1.0000
7366	6.573	-0.002342	+1.0000
7367	7.259	-0.002017	+1.0000
7368	7.947	-0.001751	+1.0000
7369	8.638	-0.001531	+1.0000
7370	8.446	+0.001653	-1.0000
7371	7.747	+0.001915	-1.0000
7372	7.047	+0.002245	-1.0000
7373	6.348	+0.002668	-1.0000
7374	5.648	+0.003227	-1.0000
7375	4.949	+0.003990	-1.0000
7376	4.250	+0.005081	-1.0000
7377	3.416	-0.004210	+1.0000
7378	4.032	-0.003655	+1.0000
7379	4.671	-0.003166	+1.0000
7380	5.326	-0.002741	+1.0000
7381	5.991	-0.002379	+1.0000
7382	6.664	-0.002071	+1.0000
7383	7.341	-0.001811	+1.0000
7384	8.022	-0.001592	+1.0000
7385	8.707	-0.001407	+1.0000
7386	8.497	+0.001670	-1.0000
7387	7.802	+0.001932	-1.0000
7388	7.108	+0.002262	-1.0000
7389	6.416	+0.002684	-1.0000
7390	5.725	+0.003238	-1.0000
7391	5.036	+0.003991	-1.0000
7392	4.351	+0.005058	-1.0000
7393	3.672	+0.006659	-1.0000
7394	3.200	-0.003462	+1.0000
7395	3.721	-0.003173	+1.0000
7396	4.293	-0.002866	+1.0000
7397	4.899	-0.002567	+1.0000
7398	5.527	-0.002285	+1.0000
7399	6.170	-0.002030	+1.0000
7400	6.825	-0.001802	+1.0000
7401	7.488	-0.001603	+1.0000
7402	8.157	-0.001428	+1.0000
7403	8.831	-0.001277	+1.0000
7404	8.605	+0.001663	-1.0000
7405	7.920	+0.001918	-1.0000
7406	7.237	+0.002235	-1.0000
7407	6.558	+0.002637	-1.0000
7408	5.884	+0.003159	-1.0000
7409	5.216	+0.003852	-1.0000
7410	4.559	+0.004805	-1.0000
7411	3.916	+0.006159	-1.0000
7412	3.281	-0.002270	+1.0000
7413	3.659	-0.002372	+1.0000
7414	4.123	-0.002324	+1.0000
7415	4.646	-0.002201	+1.0000
7416	5.211	-0.002044	+1.0000
7417	5.805	-0.001874	+1.0000
7418	6.421	-0.001706	+1.0000
7419	7.052	-0.001546	+1.0000
7420	7.695	-0.001399	+1.0000
7421	8.348	-0.001265	+1.0000
7422	8.768	+0.001634	-1.0000
7423	8.096	+0.001874	-1.0000
7424	7.430	+0.002170	-1.0000
7425	6.770	+0.002539	-1.0000
7426	6.119	+0.003006	-1.0000
7427	5.481	+0.003608	-1.0000
7428	4.859	+0.004398	-1.0000
7429	4.262	+0.005448	-1.0000
7430	3.700	+0.006844	-1.0000
7431	3.860	-0.001255	+1.0000
7432	4.187	-0.001539	+1.0000
7433	4.597	-0.001645	+1.0000
7434	5.072	-0.001650	+1.0000
7435	5.594	-0.001597	+1.0000
7436	6.151	-0.001512	+1.0000
7437	6.735	-0.001413	+1.0000
7438	7.340	-0.001309	+1.0000
7439	7.960	-0.001206	+1.0000
7440	8.592	-0.001107	+1.0000
7441	8.983	+0.001586	-1.0000
7442	8.328	+0.001807	-1.0000
7443	7.682	+0.002074	-1.0000
7444	7.046	+0.002401	-1.0000
7445	6.423	+0.002803	-1.0000
7446	5.818	+0.003303	-1.0000
7447	5.236	+0.003926	-1.0000
7448	4.687	+0.004698	-1.0000
7449	4.183	+0.005629	-1.0000
7450	3.743	+0.006677	-1.0000
7453	4.758	-0.000931	+1.0000
7454	5.123	-0.001120	+1.0000
7455	5.553	-0.001204	+1.0000
7456	6.033	-0.001223	+1.0000
7457	6.554	-0.001200	+1.0000
7458	7.105	-0.001154	+1.0000
7459	7.680	-0.001094	+1.0000
7460	8.275	-0.001027	+1.0000
7461	8.885	-0.000959	+1.0000
7462	8.611	+0.001721	-1.0000
7463	7.987	+0.001957	-1.0000
7464	7.378	+0.002239	-1.0000
7465	6.785	+0.002575	-1.0000
7466	6.216	+0.002977	-1.0000
7467	5.675	+0.003453	-1.0000
7468	5.173	+0.004004	-1.0000
7469	4.721	+0.004616	-1.0000
7470	4.336	+0.005238	-1.0000
7471	4.036	+0.005768	-1.0000
7472	3.842	+0.006070	-1.0000
7473	3.770	+0.006037	-1.0000
7474	3.827	+0.005670	-1.0000
7475	3.650	+0.005034	-1.0000
7476	3.598	+0.003113	-1.0000
7477	3.773	+0.002039	-1.0000
7478	4.062	+0.001097	-1.0000
7485	7.003	-0.000937	+1.0000
7489	8.940	+0.001624	-1.0000
7490	8.341	+0.001828	-1.0000
7491	7.759	+0.002065	-1.0000
7492	7.198	+0.002340	-1.0000
7493	6.663	+0.002656	-1.0000
7494	6.162	+0.003013	-1.0000
7495	5.703	+0.003403	-1.0000
7496	5.297	+0.003806	-1.0000
7497	4.957	+0.004182	-1.0000
7498	4.697	+0.004474	-1.0000
7499	4.531	+0.004613	-1.0000
7500	4.470	+0.004551	-1.0000
7501	4.517	+0.004280	-1.0000
7502	4.330	+0.003822	-1.0000
7503	4.251	+0.003211	-1.0000
7504	4.287	+0.002500	-1.0000
7505	4.434	+0.001769	-1.0000
7506	4.682	+0.001097	-1.0000
7516	8.736	+0.001694	-1.0000
7517	8.182	+0.001891	-1.0000
7518	7.652	+0.002112	-1.0000
7519	7.152	+0.002357	-1.0000
7520	6.687	+0.002622	-1.0000
7521	6.267	+0.002897	-1.0000
7522	5.899	+0.003164	-1.0000
7523	5.596	+0.003396	-1.0000
7524	5.367	+0.003558	-1.0000
7525	5.223	+0.003615	-1.0000
7526	5.170	+0.003541	-1.0000
7527	5.178	+0.003330	-1.0000
7528	5.015	+0.002993	-1.0000
7529	4.947	+0.002555	-1.0000
7530	4.978	+0.002052	-1.0000
7531	5.105	+0.001532	-1.0000
7532	5.323	+0.001039	-1.0000
7542	8.641	+0.001722	-1.0000
7543	8.142	+0.001898	-1.0000
7544	7.673	+0.002086	-1.0000
7545	7.242	+0.002282	-1.0000
7546	6.856	+0.002476	-1.0000
7547	6.522	+0.002655	-1.0000
7548	6.248	+0.002799	-1.0000
7549	6.044	+0.002888	-1.0000
7550	5.917	+0.002902	-1.0000
7551	5.870	+0.002826	-1.0000
7552	5.847	+0.002658	-1.0000
7553	5.704	+0.002404	-1.0000
7554	5.645	+0.002081	-1.0000
7555	5.672	+0.001714	-1.0000
7556	5.784	+0.001331	-1.0000
7557	5.976	+0.000960	-1.0000
7566	8.660	+0.001702	-1.0000
7567	8.221	+0.001847	-1.0000
7568	7.820	+0.001991	-1.0000
7569	7.464	+0.002129	-1.0000
7570	7.158	+0.002248	-1.0000
7571	6.910	+0.002338	-1.0000
7572	6.726	+0.002384	-1.0000
7573	6.612	+0.002375	-1.0000
7574	6.570	+0.002303	-1.0000
7575	6.524	+0.002167	-1.0000
7576	6.396	+0.001971	-1.0000
7577	6.343	+0.001727	-1.0000
7578	6.367	+0.001451	-1.0000
7579	6.467	+0.001162	-1.0000
7580	6.639	+0.000878	-1.0000
7587	8.790	+0.001637	-1.0000
7588	8.417	+0.001744	-1.0000
7589	8.087	+0.001841	-1.0000
7590	7.806	+0.001921	-1.0000
7591	7.579	+0.001976	-1.0000
7592	7.411	+0.001996	-1.0000
7593	7.308	+0.001976	-1.0000
7594	7.270	+0.001910	-1.0000
7595	7.205	+0.001799	-1.0000
7596	7.089	+0.001645	-1.0000
7597	7.041	+0.001456	-1.0000
7598	7.063	+0.001244	-1.0000
7599	7.153	+0.001021	-1.0000
7606	8.721	+0.001602	-1.0000
7607	8.461	+0.001655	-1.0000
7608	8.253	+0.001687	-1.0000
7609	8.099	+0.001693	-1.0000
7610	8.004	+0.001667	-1.0000
7611	7.970	+0.001608	-1.0000
7612	7.889	+0.001515	-1.0000
7613	7.783	+0.001392	-1.0000
7614	7.740	+0.001244	-1.0000
7615	7.759	+0.001077	-1.0000
7616	7.842	+0.000902	-1.0000
7621	8.930	+0.001454	-1.0000
7622	8.789	+0.001451	-1.0000
7623	8.702	+0.001424	-1.0000
7624	8.670	+0.001371	-1.0000
7625	8.575	+0.001294	-1.0000
7626	8.478	+0.001193	-1.0000
7627	8.438	+0.001074	-1.0000
7628	8.456	+0.000942	-1.0000
7629	8.532	+0.000801	-1.0000
7675	8.603	-0.000935	+1.0000
7690	7.234	-0.000979	+1.0000
7691	7.626	-0.001026	+1.0000
7692	8.061	-0.001057	+1.0000
7693	8.531	-0.001071	+1.0000
7708	6.279	-0.001020	+1.0000
7709	6.654	-0.001105	+1.0000
7710	7.079	-0.001169	+1.0000
7711	7.545	-0.001208	+1.0000
7712	8.045	-0.001223	+1.0000
7713	8.573	-0.001216	+1.0000
7728	5.336	-0.000990	+1.0000
7729	5.688	-0.001139	+1.0000
7730	6.100	-0.001263	+1.0000
7731	6.561	-0.001351	+1.0000
7732	7.061	-0.001400	+1.0000
7733	7.593	-0.001413	+1.0000
7734	8.150	-0.001396	+1.0000
7735	8.702	-0.001356	+1.0000
7744	4.764	-0.000952	+1.0000
7745	4.440	-0.000962	+1.0000
7751	4.731	-0.001045	+1.0000
7752	5.125	-0.001285	+1.0000
7753	5.578	-0.001472	+1.0000
7754	6.079	-0.001592	+1.0000
7755	6.616	-0.001650	+1.0000
7756	7.181	-0.001654	+1.0000
7757	7.722	-0.001619	+1.0000
7758	8.200	-0.001557	+1.0000
7759	8.708	-0.001478	+1.0000
7767	4.642	-0.001080	+1.0000
7768	4.194	-0.001297	+1.0000
7769	3.821	-0.001298	+1.0000
7770	3.549	-0.000983	+1.0000
7775	4.156	-0.001086	+1.0000
7776	4.599	-0.001489	+1.0000
7777	5.100	-0.001768	+1.0000
7778	5.643	-0.001927	+1.0000
7779	6.218	-0.001985	+1.0000
7780	6.745	-0.001968	+1.0000
7781	7.220	-0.001900	+1.0000
7782	7.729	-0.001801	+1.0000
7783	8.266	-0.001685	+1.0000
7784	8.788	-0.001563	+1.0000
7792	4.601	-0.000945	+1.0000
7793	4.140	-0.001454	+1.0000
7794	3.668	-0.001937	+1.0000
7797	3.626	-0.001150	+1.0000
7798	4.126	-0.001821	+1.0000
7799	4.677	-0.002220	+1.0000
7800	5.264	-0.002408	+1.0000
7801	5.772	-0.002445	+1.0000
7802	6.243	-0.002380	+1.0000
7803	6.753	-0.002254	+1.0000
7804	7.295	-0.002096	+1.0000
7805	7.801	-0.001928	+1.0000
7806	8.332	-0.001761	+1.0000
7807	8.886	-0.001602	+1.0000
7816	4.136	-0.001053	+1.0000
7817	3.617	-0.001944	+1.0000
7818	3.162	-0.001402	+1.0000
7819	3.724	-0.002435	+1.0000
7820	4.327	-0.002946	+1.0000
7821	4.807	-0.003122	+1.0000
7822	5.270	-0.003085	+1.0000
7823	5.782	-0.002922	+1.0000
7824	6.313	-0.002697	+1.0000
7825	6.816	-0.002451	+1.0000
7826	7.351	-0.002208	+1.0000
7827	7.912	-0.001981	+1.0000
7828	8.494	-0.001775	+1.0000
7837	3.744	-0.000940	+1.0000
7838	3.421	-0.003612	+1.0000
7839	3.854	-0.004135	+1.0000
7840	4.306	-0.004192	+1.0000
7841	4.818	-0.003979	+1.0000
7842	5.329	-0.003633	+1.0000
7843	5.832	-0.003245	+1.0000
7844	6.373	-0.002867	+1.0000
7845	6.942	-0.002522	+1.0000
7846	7.534	-0.002219	+1.0000
7847	8.142	-0.001956	+1.0000
7848	8.765	-0.001731	+1.0000
7858	3.868	-0.005793	+1.0000
7859	4.346	-0.005213	+1.0000
7860	4.851	-0.004542	+1.0000
7861	5.399	-0.003901	+1.0000
7862	5.979	-0.003337	+1.0000
7863	6.583	-0.002861	+1.0000
7864	7.204	-0.002465	+1.0000
7865	7.838	-0.002137	+1.0000
7866	8.483	-0.001866	+1.0000
7869	7.487	+0.000827	-1.0000
7870	6.832	+0.000877	-1.0000
7871	6.188	+0.000925	-1.0000
7872	5.556	+0.000969	-1.0000
7873	4.944	+0.001006	-1.0000
7874	4.357	+0.001028	-1.0000
7875	3.809	+0.001017	-1.0000
7876	3.874	-0.006864	+1.0000
7877	4.432	-0.005655	+1.0000
7878	5.027	-0.004644	+1.0000
7879	5.645	-0.003838	+1.0000
7880	6.281	-0.003203	+1.0000
7881	6.929	-0.002704	+1.0000
7882	7.586	-0.002308	+1.0000
7883	8.251	-0.001989	+1.0000
7884	8.920	-0.001731	+1.0000
7885	8.700	+0.000842	-1.0000
7886	8.022	+0.000914	-1.0000
7887	7.348	+0.000993	-1.0000
7888	6.680	+0.001081	-1.0000
7889	6.019	+0.001179	-1.0000
7890	5.368	+0.001291	-1.0000
7891	4.731	+0.001428	-1.0000
7892	4.114	+0.001613	-1.0000
7893	3.529	+0.001901	-1.0000
7894	4.092	-0.006902	+1.0000
7895	4.729	-0.005408	+1.0000
7896	5.382	-0.004319	+1.0000
7897	6.045	-0.003516	+1.0000
7898	6.716	-0.002914	+1.0000
7899	7.392	-0.002452	+1.0000
7900	8.073	-0.002092	+1.0000
7901	8.756	-0.001805	+1.0000
7902	8.637	+0.000959	-1.0000
7903	7.954	+0.001056	-1.0000
7904	7.274	+0.001167	-1.0000
7905	6.599	+0.001294	-1.0000
7906	5.928	+0.001443	-1.0000
7907	5.266	+0.001623	-1.0000
7908	4.615	+0.001852	-1.0000
7909	3.981	+0.002173	-1.0000
7910	3.850	-0.008085	+1.0000
7911	4.521	-0.006068	+1.0000
7912	5.200	-0.004708	+1.0000
7913	5.884	-0.003758	+1.0000
7914	6.571	-0.003070	+1.0000
7915	7.261	-0.002556	+1.0000
7916	7.953	-0.002163	+1.0000
7917	8.646	-0.001854	+1.0000
7918	8.529	+0.001076	-1.0000
7919	7.858	+0.001199	-1.0000
7920	7.193	+0.001342	-1.0000
7921	6.535	+0.001510	-1.0000
7922	5.887	+0.001710	-1.0000
7923	5.253	+0.001952	-1.0000
7924	4.604	+0.002254	-1.0000
7925	3.968	+0.002654	-1.0000
7926	3.725	-0.008864	+1.0000
7927	4.416	-0.006461	+1.0000
7928	5.109	-0.004925	+1.0000
7929	5.803	-0.003886	+1.0000
7930	6.499	-0.003149	+1.0000
7931	7.196	-0.002607	+1.0000
7932	7.893	-0.002195	+1.0000
7933	8.591	-0.001876	+1.0000
7934	8.385	+0.001190	-1.0000
7935	7.702	+0.001338	-1.0000
7936	7.022	+0.001513	-1.0000
7937	6.346	+0.001722	-1.0000
7938	5.677	+0.001972	-1.0000
7939	5.015	+0.002272	-1.0000
7940	4.366	+0.002633	-1.0000
7941	3.735	+0.003067	-1.0000
7942	3.730	-0.008899	+1.0000
7943	4.420	-0.006457	+1.0000
7944	5.112	-0.004914	+1.0000
7945	5.807	-0.003874	+1.0000
7946	6.502	-0.003138	+1.0000
7947	7.199	-0.002596	+1.0000
7948	7.896	-0.002185	+1.0000
7949	8.593	-0.001866	+1.0000
7950	8.990	+0.001151	-1.0000
7951	8.297	+0.001296	-1.0000
7952	7.606	+0.001469	-1.0000
7953	6.917	+0.001676	-1.0000
7954	6.230	+0.001926	-1.0000
7955	5.547	+0.002227	-1.0000
7956	4.868	+0.002588	-1.0000
7957	4.196	+0.003012	-1.0000
7958	3.535	+0.003479	-1.0000
7959	3.864	-0.008142	+1.0000
7960	4.533	-0.006049	+1.0000
7961	5.211	-0.004675	+1.0000
7962	5.894	-0.003724	+1.0000
7963	6.580	-0.003037	+1.0000
7964	7.269	-0.002524	+1.0000
7965	7.960	-0.002132	+1.0000
7966	8.652	-0.001824	+1.0000
7967	8.963	+0.001228	-1.0000
7968	8.268	+0.001391	-1.0000
7969	7.575	+0.001586	-1.0000
7970	6.882	+0.001823	-1.0000
7971	6.192	+0.002113	-1.0000
7972	5.503	+0.002468	-1.0000
7973	4.818	+0.002900	-1.0000
7974	4.138	+0.003413	-1.0000
7975	3.467	+0.003981	-1.0000
7976	3.781	-0.006922	+1.0000
7977	4.457	-0.005370	+1.0000
7978	5.139	-0.004268	+1.0000
7979	5.826	-0.003462	+1.0000
7980	6.515	-0.002860	+1.0000
7981	7.206	-0.002399	+1.0000
7982	7.899	-0.002040	+1.0000
7983	8.593	-0.001755	+1.0000
7984	8.991	+0.001294	-1.0000
7985	8.299	+0.001471	-1.0000
7986	7.608	+0.001686	-1.0000
7987	6.919	+0.001949	-1.0000
7988	6.232	+0.002275	-1.0000
7989	5.549	+0.002682	-1.0000
7990	4.870	+0.003191	-1.0000
7991	4.199	+0.003828	-1.0000
7992	3.538	+0.004599	-1.0000
7993	3.679	-0.005665	+1.0000
7994	4.370	-0.004601	+1.0000
7995	5.064	-0.003775	+1.0000
7996	5.760	-0.003132	+1.0000
7997	6.456	-0.002630	+1.0000
7998	7.153	-0.002234	+1.0000
7999	7.851	-0.001917	+1.0000
8000	8.549	-0.001661	+1.0000
8001	8.388	+0.001532	-1.0000
8002	7.705	+0.001762	-1.0000
8003	7.025	+0.002045	-1.0000
8004	6.350	+0.002399	-1.0000
8005	5.681	+0.002849	-1.0000
8006	5.015	+0.003430	-1.0000
8007	4.327	+0.004192	-1.0000
8008	3.643	+0.005211	-1.0000
8009	3.708	-0.004583	+1.0000
8010	4.395	-0.003864	+1.0000
8011	5.086	-0.003265	+1.0000
8012	5.778	-0.002773	+1.0000
8013	6.473	-0.002371	+1.0000
8014	7.168	-0.002042	+1.0000
8015	7.864	-0.001772	+1.0000
8016	8.561	-0.001549	+1.0000
8017	8.478	+0.001573	-1.0000
8018	7.781	+0.001810	-1.0000
8019	7.085	+0.002105	-1.0000
8020	6.390	+0.002475	-1.0000
8021	5.696	+0.002950	-1.0000
8022	5.004	+0.003574	-1.0000
8023	4.314	+0.004416	-1.0000
8024	3.628	+0.005598	-1.0000
8025	3.218	-0.004238	+1.0000
8026	3.866	-0.003687	+1.0000
8027	4.529	-0.003202	+1.0000
8028	5.202	-0.002778	+1.0000
8029	5.881	-0.002412	+1.0000
8030	6.564	-0.002100	+1.0000
8031	7.251	-0.001836	+1.0000
8032	7.940	-0.001614	+1.0000
8033	8.631	-0.001425	+1.0000
8034	8.529	+0.001591	-1.0000
8035	7.837	+0.001830	-1.0000
8036	7.146	+0.002125	-1.0000
8037	6.458	+0.002496	-1.0000
8038	5.772	+0.002972	-1.0000
8039	5.090	+0.003596	-1.0000
8040	4.413	+0.004439	-1.0000
8041	3.745	+0.005617	-1.0000
8042	3.540	-0.003260	+1.0000
8043	4.137	-0.002930	+1.0000
8044	4.763	-0.002618	+1.0000
8045	5.407	-0.002329	+1.0000
8046	6.063	-0.002066	+1.0000
8047	6.728	-0.001833	+1.0000
8048	7.400	-0.001628	+1.0000
8049	8.076	-0.001450	+1.0000
8050	8.756	-0.001295	+1.0000
8051	8.637	+0.001587	-1.0000
8052	7.954	+0.001819	-1.0000
8053	7.274	+0.002105	-1.0000
8054	6.599	+0.002461	-1.0000
8055	5.930	+0.002913	-1.0000
8056	5.268	+0.003497	-1.0000
8057	4.618	+0.004266	-1.0000
8058	3.984	+0.005301	-1.0000
8059	3.075	-0.002510	+1.0000
8060	3.476	-0.002541	+1.0000
8061	3.961	-0.002440	+1.0000
8062	4.503	-0.002284	+1.0000
8063	5.083	-0.002106	+1.0000
8064	5.691	-0.001923	+1.0000
8065	6.318	-0.001745	+1.0000
8066	6.959	-0.001578	+1.0000
8067	7.610	-0.001425	+1.0000
8068	8.269	-0.001287	+1.0000
8069	8.934	-0.001164	+1.0000
8070	8.799	+0.001562	-1.0000
8071	8.130	+0.001782	-1.0000
8072	7.466	+0.002050	-1.0000
8073	6.810	+0.002379	-1.0000
8074	6.163	+0.002788	-1.0000
8075	5.530	+0.003302	-1.0000
8076	4.914	+0.003955	-1.0000
8077	4.325	+0.004784	-1.0000
8078	3.773	+0.005819	-1.0000
8079	3.456	-0.000983	+1.0000
8080	3.686	-0.001488	+1.0000
8081	4.027	-0.001709	+1.0000
8082	4.452	-0.001768	+1.0000
8083	4.941	-0.001740	+1.0000
8084	5.475	-0.001664	+1.0000
8085	6.043	-0.001564	+1.0000
8086	6.637	-0.001454	+1.0000
8087	7.250	-0.001342	+1.0000
8088	7.877	-0.001233	+1.0000
8089	8.515	-0.001130	+1.0000
8090	8.361	+0.001722	-1.0000
8091	7.717	+0.001965	-1.0000
8092	7.084	+0.002259	-1.0000
8093	6.465	+0.002615	-1.0000
8094	5.864	+0.003048	-1.0000
8095	5.288	+0.003573	-1.0000
8096	4.744	+0.004201	-1.0000
8097	4.248	+0.004922	-1.0000
8098	3.815	+0.005680	-1.0000
8102	4.618	-0.001088	+1.0000
8103	4.994	-0.001237	+1.0000
8104	5.434	-0.001292	+1.0000
8105	5.924	-0.001290	+1.0000
8106	6.453	-0.001253	+1.0000
8107	7.012	-0.001195	+1.0000
8108	7.594	-0.001127	+1.0000
8109	8.195	-0.001054	+1.0000
8110	8.811	-0.000982	+1.0000
8111	8.642	+0.001645	-1.0000
8112	8.021	+0.001861	-1.0000
8113	7.414	+0.002115	-1.0000
8114	6.825	+0.002415	-1.0000
8115	6.259	+0.002768	-1.0000
8116	5.722	+0.003176	-1.0000
8117	5.225	+0.003636	-1.0000
8118	4.778	+0.004128	-1.0000
8119	4.398	+0.004601	-1.0000
8120	4.103	+0.004973	-1.0000
8121	3.912	+0.005141	-1.0000
8122	3.841	+0.005043	-1.0000
8123	3.897	+0.004700	-1.0000
8124	3.798	+0.004157	-1.0000
8125	3.708	+0.003426	-1.0000
8126	3.749	+0.002537	-1.0000
8127	3.917	+0.001609	-1.0000
8133	5.968	-0.000935	+1.0000
8134	6.418	-0.000981	+1.0000
8135	6.909	-0.000987	+1.0000
8136	7.434	-0.000969	+1.0000
8137	7.985	-0.000935	+1.0000
8139	8.970	+0.001555	-1.0000
8140	8.373	+0.001743	-1.0000
8141	7.794	+0.001959	-1.0000
8142	7.235	+0.002207	-1.0000
8143	6.704	+0.002487	-1.0000
8144	6.206	+0.002797	-1.0000
8145	5.750	+0.003129	-1.0000
8146	5.348	+0.003462	-1.0000
8147	5.011	+0.003760	-1.0000
8148	4.754	+0.003974	-1.0000
8149	4.590	+0.004052	-1.0000
8150	4.530	+0.003961	-1.0000
8151	4.578	+0.003700	-1.0000
8152	4.456	+0.003287	-1.0000
8153	4.379	+0.002744	-1.0000
8154	4.414	+0.002113	-1.0000
8155	4.557	+0.001459	-1.0000
8156	4.799	+0.000853	-1.0000
8167	8.767	+0.001620	-1.0000
8168	8.215	+0.001800	-1.0000
8169	7.688	+0.002001	-1.0000
8170	7.190	+0.002220	-1.0000
8171	6.728	+0.002454	-1.0000
8172	6.310	+0.002692	-1.0000
8173	5.945	+0.002917	-1.0000
8174	5.644	+0.003105	-1.0000
8175	5.417	+0.003226	-1.0000
8176	5.274	+0.003252	-1.0000
8177	5.222	+0.003164	-1.0000
8178	5.263	+0.002958	-1.0000
8179	5.124	+0.002644	-1.0000
8180	5.058	+0.002241	-1.0000
8181	5.088	+0.001782	-1.0000
8182	5.213	+0.001305	-1.0000
8183	5.426	+0.000852	-1.0000
8193	8.673	+0.001645	-1.0000
8194	8.175	+0.001806	-1.0000
8195	7.708	+0.001976	-1.0000
8196	7.279	+0.002151	-1.0000
8197	6.895	+0.002321	-1.0000
8198	6.563	+0.002473	-1.0000
8199	6.292	+0.002591	-1.0000
8200	6.089	+0.002657	-1.0000
8201	5.962	+0.002654	-1.0000
8202	5.916	+0.002571	-1.0000
8203	5.941	+0.002405	-1.0000
8204	5.800	+0.002164	-1.0000
8205	5.742	+0.001861	-1.0000
8206	5.768	+0.001518	-1.0000
8207	5.879	+0.001161	-1.0000
8208	6.068	+0.000816	-1.0000
8217	8.691	+0.001626	-1.0000
8218	8.254	+0.001757	-1.0000
8219	7.855	+0.001887	-1.0000
8220	7.500	+0.002008	-1.0000
8221	7.196	+0.002111	-1.0000
8222	6.949	+0.002185	-1.0000
8223	6.766	+0.002217	-1.0000
8224	6.652	+0.002199	-1.0000
8225	6.611	+0.002122	-1.0000
8226	6.608	+0.001988	-1.0000
8227	6.482	+0.001799	-1.0000
8228	6.429	+0.001567	-1.0000
8229	6.453	+0.001306	-1.0000
8230	6.552	+0.001033	-1.0000
8238	8.821	+0.001564	-1.0000
8239	8.449	+0.001660	-1.0000
8240	8.120	+0.001747	-1.0000
8241	7.840	+0.001816	-1.0000
8242	7.614	+0.001860	-1.0000
8243	7.448	+0.001872	-1.0000
8244	7.345	+0.001846	-1.0000
8245	7.307	+0.001778	-1.0000
8246	7.281	+0.001667	-1.0000
8247	7.166	+0.001517	-1.0000
8248	7.119	+0.001336	-1.0000
8249	7.140	+0.001133	-1.0000
8250	7.230	+0.000920	-1.0000
8257	8.752	+0.001527	-1.0000
8258	8.493	+0.001573	-1.0000
8259	8.285	+0.001598	-1.0000
8260	8.133	+0.001598	-1.0000
8261	8.038	+0.001569	-1.0000
8262	8.004	+0.001508	-1.0000
8263	7.959	+0.001416	-1.0000
8264	7.854	+0.001295	-1.0000
8265	7.811	+0.001152	-1.0000
8266	7.830	+0.000991	-1.0000
8267	7.912	+0.000823	-1.0000
8272	8.961	+0.001384	-1.0000
8273	8.820	+0.001377	-1.0000
8274	8.733	+0.001347	-1.0000
8275	8.701	+0.001294	-1.0000
8276	8.640	+0.001217	-1.0000
8277	8.543	+0.001118	-1.0000
8278	8.504	+0.001002	-1.0000
8279	8.522	+0.000874	-1.0000
8322	8.690	-0.000936	+1.0000
8336	6.999	-0.000932	+1.0000
8337	7.338	-0.000986	+1.0000
8338	7.725	-0.001029	+1.0000
8339	8.154	-0.001057	+1.0000
8340	8.619	-0.001069	+1.0000
8354	6.088	-0.000953	+1.0000
8355	6.398	-0.001039	+1.0000
8356	6.767	-0.001115	+1.0000
8357	7.185	-0.001172	+1.0000
8358	7.645	-0.001207	+1.0000
8359	8.139	-0.001219	+1.0000
8360	8.661	-0.001210	+1.0000
8375	5.477	-0.001040	+1.0000
8376	5.820	-0.001167	+1.0000
8377	6.223	-0.001276	+1.0000
8378	6.675	-0.001353	+1.0000
8379	7.168	-0.001396	+1.0000
8380	7.692	-0.001405	+1.0000
8381	8.137	-0.001387	+1.0000
8382	8.561	-0.001348	+1.0000
8391	4.921	-0.000991	+1.0000
8392	4.608	-0.001035	+1.0000
8393	4.385	-0.000971	+1.0000
8398	4.889	-0.001131	+1.0000
8399	5.270	-0.001330	+1.0000
8400	5.713	-0.001489	+1.0000
8401	6.202	-0.001593	+1.0000
8402	6.729	-0.001641	+1.0000
8403	7.204	-0.001642	+1.0000
8404	7.615	-0.001607	+1.0000
8405	8.066	-0.001545	+1.0000
8406	8.550	-0.001467	+1.0000
8415	4.803	-0.001091	+1.0000
8416	4.371	-0.001326	+1.0000
8417	4.015	-0.001397	+1.0000
8418	3.757	-0.001220	+1.0000
8423	4.335	-0.001239	+1.0000
8424	4.761	-0.001558	+1.0000
8425	5.246	-0.001789	+1.0000
8426	5.776	-0.001922	+1.0000
8427	6.287	-0.001969	+1.0000
8428	6.682	-0.001949	+1.0000
8429	7.123	-0.001881	+1.0000
8430	7.603	-0.001784	+1.0000
8431	8.115	-0.001670	+1.0000
8432	8.654	-0.001551	+1.0000
8440	4.720	-0.000941	+1.0000
8441	4.273	-0.001422	+1.0000
8442	3.870	-0.001905	+1.0000
8443	3.463	-0.002135	+1.0000
8447	3.829	-0.001416	+1.0000
8448	4.306	-0.001921	+1.0000
8449	4.837	-0.002241	+1.0000
8450	5.397	-0.002395	+1.0000
8451	5.767	-0.002419	+1.0000
8452	6.195	-0.002351	+1.0000
8453	6.668	-0.002227	+1.0000
8454	7.179	-0.002073	+1.0000
8455	7.719	-0.001908	+1.0000
8456	8.284	-0.001745	+1.0000
8457	8.868	-0.001590	+1.0000
8466	4.268	-0.001018	+1.0000
8467	3.767	-0.001811	+1.0000
8469	3.393	-0.001821	+1.0000
8470	3.923	-0.002561	+1.0000
8471	4.470	-0.002958	+1.0000
8472	4.883	-0.003093	+1.0000
8473	5.289	-0.003044	+1.0000
8474	5.752	-0.002882	+1.0000
8475	6.259	-0.002661	+1.0000
8476	6.792	-0.002420	+1.0000
8477	7.329	-0.002183	+1.0000
8478	7.891	-0.001961	+1.0000
8479	8.474	-0.001760	+1.0000
8489	3.492	-0.003731	+1.0000
8490	4.044	-0.004127	+1.0000
8491	4.419	-0.004145	+1.0000
8492	4.840	-0.003923	+1.0000
8493	5.298	-0.003580	+1.0000
8494	5.804	-0.003199	+1.0000
8495	6.347	-0.002828	+1.0000
8496	6.919	-0.002491	+1.0000
8497	7.512	-0.002194	+1.0000
8498	8.122	-0.001937	+1.0000
8499	8.746	-0.001717	+1.0000
8510	3.860	-0.005746	+1.0000
8511	4.308	-0.005152	+1.0000
8512	4.817	-0.004481	+1.0000
8513	5.369	-0.003845	+1.0000
8514	5.952	-0.003291	+1.0000
8515	6.558	-0.002824	+1.0000
8516	7.181	-0.002436	+1.0000
8517	7.817	-0.002115	+1.0000
8518	8.463	-0.001850	+1.0000
8523	6.026	+0.000830	-1.0000
8524	5.376	+0.000858	-1.0000
8525	4.740	+0.000880	-1.0000
8526	4.124	+0.000895	-1.0000
8527	3.541	+0.000896	-1.0000
8528	3.831	-0.006832	+1.0000
8529	4.395	-0.005595	+1.0000
8530	4.994	-0.004581	+1.0000
8531	5.616	-0.003783	+1.0000
8532	6.255	-0.003159	+1.0000
8533	6.905	-0.002670	+1.0000
8534	7.565	-0.002282	+1.0000
8535	8.231	-0.001971	+1.0000
8536	8.902	-0.001718	+1.0000
8538	7.898	+0.000846	-1.0000
8539	7.213	+0.000912	-1.0000
8540	6.530	+0.000983	-1.0000
8541	5.853	+0.001060	-1.0000
8542	5.181	+0.001148	-1.0000
8543	4.517	+0.001257	-1.0000
8544	3.867	+0.001417	-1.0000
8545	3.237	+0.001690	-1.0000
8546	4.052	-0.006852	+1.0000
8547	4.694	-0.005337	+1.0000
8548	5.352	-0.004254	+1.0000
8549	6.018	-0.003465	+1.0000
8550	6.692	-0.002875	+1.0000
8551	7.370	-0.002424	+1.0000
8552	8.052	-0.002071	+1.0000
8553	8.737	-0.001790	+1.0000
8554	8.522	+0.000895	-1.0000
8555	7.829	+0.000978	-1.0000
8556	7.137	+0.001071	-1.0000
8557	6.447	+0.001176	-1.0000
8558	5.760	+0.001297	-1.0000
8559	5.075	+0.001441	-1.0000
8560	4.396	+0.001627	-1.0000
8561	3.724	+0.001899	-1.0000
8562	3.807	-0.008031	+1.0000
8563	4.485	-0.005980	+1.0000
8564	5.169	-0.004630	+1.0000
8565	5.856	-0.003698	+1.0000
8566	6.547	-0.003026	+1.0000
8567	7.239	-0.002525	+1.0000
8568	7.932	-0.002140	+1.0000
8569	8.627	-0.001839	+1.0000
8570	8.470	+0.001005	-1.0000
8571	7.795	+0.001110	-1.0000
8572	7.124	+0.001231	-1.0000
8573	6.440	+0.001371	-1.0000
8574	5.751	+0.001532	-1.0000
8575	5.066	+0.001724	-1.0000
8576	4.385	+0.001962	-1.0000
8577	3.711	+0.002284	-1.0000
8578	3.681	-0.008745	+1.0000
8579	4.379	-0.006335	+1.0000
8580	5.077	-0.004827	+1.0000
8581	5.775	-0.003816	+1.0000
8582	6.474	-0.003100	+1.0000
8583	7.173	-0.002573	+1.0000
8584	7.872	-0.002172	+1.0000
8585	8.572	-0.001859	+1.0000
8586	8.325	+0.001111	-1.0000
8587	7.637	+0.001239	-1.0000
8588	6.950	+0.001387	-1.0000
8589	6.267	+0.001560	-1.0000
8590	5.588	+0.001761	-1.0000
8591	4.915	+0.001993	-1.0000
8592	4.251	+0.002260	-1.0000
8593	3.600	+0.002573	-1.0000
8594	3.686	-0.008635	+1.0000
8595	4.383	-0.006273	+1.0000
8596	5.080	-0.004793	+1.0000
8597	5.778	-0.003795	+1.0000
8598	6.477	-0.003085	+1.0000
8599	7.176	-0.002561	+1.0000
8600	7.875	-0.002161	+1.0000
8601	8.574	-0.001850	+1.0000
8602	8.934	+0.001082	-1.0000
8603	8.237	+0.001210	-1.0000
8604	7.540	+0.001359	-1.0000
8605	6.845	+0.001535	-1.0000
8606	6.150	+0.001740	-1.0000
8607	5.456	+0.001979	-1.0000
8608	4.764	+0.002250	-1.0000
8609	4.075	+0.002542	-1.0000
8610	3.391	+0.002821	-1.0000
8611	3.822	-0.007710	+1.0000
8612	4.497	-0.005810	+1.0000
8613	5.179	-0.004536	+1.0000
8614	5.866	-0.003639	+1.0000
8615	6.555	-0.002983	+1.0000
8616	7.246	-0.002490	+1.0000
8617	7.939	-0.002109	+1.0000
8618	8.633	-0.001809	+1.0000
8619	8.907	+0.001155	-1.0000
8620	8.208	+0.001299	-1.0000
8621	7.509	+0.001468	-1.0000
8622	6.810	+0.001669	-1.0000
8623	6.111	+0.001906	-1.0000
8624	5.412	+0.002184	-1.0000
8625	4.714	+0.002499	-1.0000
8626	4.016	+0.002832	-1.0000
8627	3.320	+0.003110	-1.0000
8628	3.737	-0.006416	+1.0000
8629	4.420	-0.005113	+1.0000
8630	5.107	-0.004126	+1.0000
8631	5.797	-0.003379	+1.0000
8632	6.490	-0.002809	+1.0000
8633	7.183	-0.002367	+1.0000
8634	7.878	-0.002019	+1.0000
8635	8.574	-0.001741	+1.0000
8636	8.935	+0.001217	-1.0000
8637	8.238	+0.001374	-1.0000
8638	7.542	+0.001560	-1.0000
8639	6.846	+0.001783	-1.0000
8640	6.152	+0.002050	-1.0000
8641	5.458	+0.002367	-1.0000
8642	4.767	+0.002735	-1.0000
8643	4.078	+0.003138	-1.0000
8644	3.395	+0.003499	-1.0000
8645	3.633	-0.005221	+1.0000
8646	4.332	-0.004373	+1.0000
8647	5.031	-0.003649	+1.0000
8648	5.731	-0.003060	+1.0000
8649	6.430	-0.002586	+1.0000
8650	7.130	-0.002207	+1.0000
8651	7.830	-0.001900	+1.0000
8652	8.529	-0.001650	+1.0000
8653	8.328	+0.001433	-1.0000
8654	7.640	+0.001632	-1.0000
8655	6.954	+0.001872	-1.0000
8656	6.271	+0.002162	-1.0000
8657	5.592	+0.002514	-1.0000
8658	4.920	+0.002935	-1.0000
8659	4.256	+0.003424	-1.0000
8660	3.606	+0.003937	-1.0000
8661	3.663	-0.004279	+1.0000
8662	4.357	-0.003697	+1.0000
8663	5.053	-0.003170	+1.0000
8664	5.750	-0.002717	+1.0000
8665	6.447	-0.002337	+1.0000
8666	7.145	-0.002021	+1.0000
8667	7.843	-0.001759	+1.0000
8668	8.542	-0.001542	+1.0000
8669	8.474	+0.001472	-1.0000
8670	7.799	+0.001679	-1.0000
8671	7.129	+0.001930	-1.0000
8672	6.464	+0.002235	-1.0000
8673	5.808	+0.002609	-1.0000
8674	5.153	+0.003068	-1.0000
8675	4.487	+0.003626	-1.0000
8676	3.831	+0.004277	-1.0000
8677	3.823	-0.003524	+1.0000
8678	4.492	-0.003104	+1.0000
8679	5.170	-0.002719	+1.0000
8680	5.853	-0.002376	+1.0000
8681	6.539	-0.002079	+1.0000
8682	7.228	-0.001823	+1.0000
8683	7.919	-0.001606	+1.0000
8684	8.612	-0.001421	+1.0000
8685	8.618	+0.001492	-1.0000
8686	7.933	+0.001700	-1.0000
8687	7.252	+0.001953	-1.0000
8688	6.574	+0.002261	-1.0000
8689	5.902	+0.002640	-1.0000
8690	5.237	+0.003110	-1.0000
8691	4.582	+0.003690	-1.0000
8692	3.943	+0.004394	-1.0000
8693	3.493	-0.003187	+1.0000
8694	4.097	-0.002871	+1.0000
8695	4.728	-0.002576	+1.0000
8696	5.376	-0.002301	+1.0000
8697	6.036	-0.002050	+1.0000
8698	6.703	-0.001823	+1.0000
8699	7.377	-0.001623	+1.0000
8700	8.055	-0.001447	+1.0000
8701	8.737	-0.001295	+1.0000
8702	8.724	+0.001491	-1.0000
8703	8.049	+0.001695	-1.0000
8704	7.378	+0.001941	-1.0000
8705	6.713	+0.002240	-1.0000
8706	6.056	+0.002606	-1.0000
8707	5.410	+0.003054	-1.0000
8708	4.780	+0.003605	-1.0000
8709	4.171	+0.004271	-1.0000
8710	3.595	+0.005031	-1.0000
8711	3.428	-0.002606	+1.0000
8712	3.919	-0.002462	+1.0000
8713	4.466	-0.002288	+1.0000
8714	5.051	-0.002105	+1.0000
8715	5.662	-0.001921	+1.0000
8716	6.291	-0.001744	+1.0000
8717	6.935	-0.001579	+1.0000
8718	7.588	-0.001427	+1.0000
8719	8.249	-0.001289	+1.0000
8720	8.916	-0.001166	+1.0000
8721	8.885	+0.001470	-1.0000
8722	8.223	+0.001665	-1.0000
8723	7.567	+0.001898	-1.0000
8724	6.921	+0.002177	-1.0000
8725	6.286	+0.002513	-1.0000
8726	5.666	+0.002918	-1.0000
8727	5.067	+0.003403	-1.0000
8728	4.497	+0.003972	-1.0000
8729	3.969	+0.004599	-1.0000
8730	3.407	-0.001281	+1.0000
8731	3.641	-0.001676	+1.0000
8732	3.985	-0.001822	+1.0000
8733	4.415	-0.001834	+1.0000
8734	4.907	-0.001778	+1.0000
8735	5.445	-0.001687	+1.0000
8736	6.016	-0.001579	+1.0000
8737	6.612	-0.001465	+1.0000
8738	7.227	-0.001350	+1.0000
8739	7.856	-0.001240	+1.0000
8740	8.496	-0.001136	+1.0000
8741	8.451	+0.001615	-1.0000
8742	7.815	+0.001828	-1.0000
8743	7.191	+0.002079	-1.0000
8744	6.582	+0.002376	-1.0000
8745	5.992	+0.002725	-1.0000
8746	5.430	+0.003129	-1.0000
8747	4.902	+0.003583	-1.0000
8748	4.423	+0.004061	-1.0000
8749	4.009	+0.004500	-1.0000
8750	3.683	+0.004792	-1.0000
8751	3.603	+0.001043	-1.0000
8754	4.286	-0.000982	+1.0000
8755	4.582	-0.001215	+1.0000
8756	4.960	-0.001320	+1.0000
8757	5.403	-0.001347	+1.0000
8758	5.896	-0.001327	+1.0000
8759	6.427	-0.001278	+1.0000
8760	6.988	-0.001214	+1.0000
8761	7.572	-0.001141	+1.0000
8762	8.175	-0.001066	+1.0000
8763	8.792	-0.000991	+1.0000
8764	8.730	+0.001547	-1.0000
8765	8.115	+0.001738	-1.0000
8766	7.516	+0.001959	-1.0000
8767	6.936	+0.002213	-1.0000
8768	6.379	+0.002503	-1.0000
8769	5.854	+0.002826	-1.0000
8770	5.368	+0.003174	-1.0000
8771	4.935	+0.003523	-1.0000
8772	4.567	+0.003827	-1.0000
8773	4.284	+0.004027	-1.0000
8774	4.102	+0.004063	-1.0000
8775	4.034	+0.003914	-1.0000
8776	4.088	+0.003607	-1.0000
8777	4.064	+0.003166	-1.0000
8778	3.980	+0.002584	-1.0000
8779	4.018	+0.001875	-1.0000
8780	4.175	+0.001120	-1.0000
8786	5.940	-0.000996	+1.0000
8787	6.392	-0.001024	+1.0000
8788	6.885	-0.001019	+1.0000
8789	7.411	-0.000993	+1.0000
8790	7.965	-0.000953	+1.0000
8792	8.463	+0.001636	-1.0000
8793	7.891	+0.001825	-1.0000
8794	7.340	+0.002037	-1.0000
8795	6.816	+0.002272	-1.0000
8796	6.327	+0.002524	-1.0000
8797	5.881	+0.002784	-1.0000
8798	5.488	+0.003032	-1.0000
8799	5.160	+0.003237	-1.0000
8800	4.911	+0.003363	-1.0000
8801	4.753	+0.003375	-1.0000
8802	4.695	+0.003258	-1.0000
8803	4.741	+0.003014	-1.0000
8804	4.684	+0.002654	-1.0000
8805	4.611	+0.002193	-1.0000
8806	4.644	+0.001659	-1.0000
8807	4.780	+0.001102	-1.0000
8819	8.853	+0.001527	-1.0000
8820	8.307	+0.001686	-1.0000
8821	7.786	+0.001860	-1.0000
8822	7.295	+0.002047	-1.0000
8823	6.840	+0.002241	-1.0000
8824	6.429	+0.002432	-1.0000
8825	6.072	+0.002605	-1.0000
8826	5.777	+0.002740	-1.0000
8827	5.556	+0.002814	-1.0000
8828	5.417	+0.002805	-1.0000
8829	5.366	+0.002703	-1.0000
8830	5.406	+0.002506	-1.0000
8831	5.324	+0.002222	-1.0000
8832	5.260	+0.001865	-1.0000
8833	5.289	+0.001461	-1.0000
8834	5.409	+0.001041	-1.0000
8845	8.760	+0.001548	-1.0000
8846	8.267	+0.001689	-1.0000
8847	7.806	+0.001836	-1.0000
8848	7.383	+0.001984	-1.0000
8849	7.004	+0.002123	-1.0000
8850	6.678	+0.002243	-1.0000
8851	6.411	+0.002330	-1.0000
8852	6.213	+0.002368	-1.0000
8853	6.088	+0.002346	-1.0000
8854	6.043	+0.002255	-1.0000
8855	6.079	+0.002095	-1.0000
8856	5.978	+0.001871	-1.0000
8857	5.921	+0.001595	-1.0000
8858	5.946	+0.001285	-1.0000
8859	6.054	+0.000963	-1.0000
8869	8.778	+0.001530	-1.0000
8870	8.345	+0.001644	-1.0000
8871	7.951	+0.001755	-1.0000
8872	7.601	+0.001856	-1.0000
8873	7.301	+0.001938	-1.0000
8874	7.058	+0.001992	-1.0000
8875	6.878	+0.002009	-1.0000
8876	6.766	+0.001979	-1.0000
8877	6.725	+0.001898	-1.0000
8878	6.757	+0.001767	-1.0000
8879	6.641	+0.001589	-1.0000
8880	6.590	+0.001373	-1.0000
8881	6.613	+0.001133	-1.0000
8882	6.709	+0.000882	-1.0000
8890	8.907	+0.001472	-1.0000
8891	8.538	+0.001555	-1.0000
8892	8.213	+0.001627	-1.0000
8893	7.937	+0.001683	-1.0000
8894	7.714	+0.001715	-1.0000
8895	7.549	+0.001717	-1.0000
8896	7.447	+0.001684	-1.0000
8897	7.410	+0.001613	-1.0000
8898	7.423	+0.001505	-1.0000
8899	7.311	+0.001362	-1.0000
8900	7.264	+0.001191	-1.0000
8901	7.285	+0.001002	-1.0000
8902	7.373	+0.000804	-1.0000
8909	8.839	+0.001432	-1.0000
8910	8.582	+0.001469	-1.0000
8911	8.377	+0.001487	-1.0000
8912	8.226	+0.001480	-1.0000
8913	8.132	+0.001447	-1.0000
8914	8.098	+0.001384	-1.0000
8915	8.089	+0.001294	-1.0000
8916	7.986	+0.001178	-1.0000
8917	7.943	+0.001041	-1.0000
8918	7.962	+0.000890	-1.0000
8924	8.905	+0.001286	-1.0000
8925	8.819	+0.001253	-1.0000
8926	8.788	+0.001199	-1.0000
8927	8.760	+0.001123	-1.0000
8928	8.665	+0.001028	-1.0000
8929	8.626	+0.000916	-1.0000
8982	7.175	-0.000936	+1.0000
8983	7.506	-0.000984	+1.0000
8984	7.885	-0.001021	+1.0000
8985	8.306	-0.001045	+1.0000
8986	8.763	-0.001055	+1.0000
9000	6.290	-0.000977	+1.0000
9001	6.591	-0.001048	+1.0000
9002	6.949	-0.001111	+1.0000
9003	7.357	-0.001160	+1.0000
9004	7.806	-0.001189	+1.0000
9005	8.161	-0.001198	+1.0000
9006	8.526	-0.001190	+1.0000
9007	8.931	-0.001165	+1.0000
9021	5.440	-0.000988	+1.0000
9022	5.700	-0.001083	+1.0000
9023	6.030	-0.001183	+1.0000
9024	6.420	-0.001270	+1.0000
9025	6.860	-0.001334	+1.0000
9026	7.230	-0.001369	+1.0000
9027	7.575	-0.001376	+1.0000
9028	7.967	-0.001358	+1.0000
9029	8.399	-0.001321	+1.0000
9030	8.866	-0.001269	+1.0000
9039	5.168	-0.000994	+1.0000
9040	4.871	-0.001071	+1.0000
9041	4.661	-0.001066	+1.0000
9042	4.549	-0.001007	+1.0000
9043	4.545	-0.000958	+1.0000
9044	4.646	-0.000975	+1.0000
9045	4.848	-0.001068	+1.0000
9046	5.138	-0.001209	+1.0000
9047	5.502	-0.001355	+1.0000
9048	5.927	-0.001478	+1.0000
9049	6.318	-0.001561	+1.0000
9050	6.637	-0.001600	+1.0000
9051	7.011	-0.001598	+1.0000
9052	7.433	-0.001565	+1.0000
9053	7.894	-0.001507	+1.0000
9054	8.389	-0.001434	+1.0000
9055	8.911	-0.001351	+1.0000
9064	5.039	-0.001050	+1.0000
9065	4.648	-0.001285	+1.0000
9066	4.315	-0.001411	+1.0000
9067	4.076	-0.001370	+1.0000
9068	3.948	-0.001197	+1.0000
9069	3.942	-0.001037	+1.0000
9070	4.059	-0.001020	+1.0000
9071	4.289	-0.001157	+1.0000
9072	4.614	-0.001375	+1.0000
9073	5.016	-0.001592	+1.0000
9074	5.432	-0.001762	+1.0000
9075	5.715	-0.001866	+1.0000
9076	6.066	-0.001903	+1.0000
9077	6.474	-0.001883	+1.0000
9078	6.928	-0.001821	+1.0000
9079	7.421	-0.001732	+1.0000
9080	7.945	-0.001626	+1.0000
9081	8.494	-0.001514	+1.0000
9090	4.511	-0.001303	+1.0000
9091	4.160	-0.001731	+1.0000
9092	3.806	-0.002011	+1.0000
9093	3.533	-0.001956	+1.0000
9094	3.385	-0.001570	+1.0000
9095	3.378	-0.001171	+1.0000
9096	3.514	-0.001078	+1.0000
9097	3.777	-0.001293	+1.0000
9098	4.117	-0.001632	+1.0000
9099	4.487	-0.001948	+1.0000
9100	4.821	-0.002174	+1.0000
9101	5.137	-0.002291	+1.0000
9102	5.525	-0.002310	+1.0000
9103	5.970	-0.002252	+1.0000
9104	6.460	-0.002141	+1.0000
9105	6.986	-0.002002	+1.0000
9106	7.540	-0.001850	+1.0000
9107	8.117	-0.001698	+1.0000
9108	8.712	-0.001552	+1.0000
9118	4.036	-0.001549	+1.0000
9119	3.639	-0.002341	+1.0000
9120	3.185	-0.001600	+1.0000
9121	3.514	-0.002095	+1.0000
9122	3.942	-0.002521	+1.0000
9123	4.237	-0.002795	+1.0000
9124	4.594	-0.002903	+1.0000
9125	5.023	-0.002868	+1.0000
9126	5.509	-0.002733	+1.0000
9127	6.036	-0.002540	+1.0000
9128	6.596	-0.002324	+1.0000
9129	7.181	-0.002107	+1.0000
9130	7.784	-0.001902	+1.0000
9131	8.403	-0.001714	+1.0000
9141	3.549	-0.001577	+1.0000
9142	3.693	-0.003763	+1.0000
9143	4.098	-0.003803	+1.0000
9144	4.574	-0.003642	+1.0000
9145	5.103	-0.003359	+1.0000
9146	5.668	-0.003030	+1.0000
9147	6.261	-0.002701	+1.0000
9148	6.874	-0.002395	+1.0000
9149	7.502	-0.002122	+1.0000
9150	8.142	-0.001882	+1.0000
9151	8.783	-0.001675	+1.0000
9162	3.669	-0.005162	+1.0000
9163	4.194	-0.004718	+1.0000
9164	4.765	-0.004165	+1.0000
9165	5.366	-0.003617	+1.0000
9166	5.989	-0.003125	+1.0000
9167	6.608	-0.002703	+1.0000
9168	7.226	-0.002348	+1.0000
9169	7.859	-0.002050	+1.0000
9170	8.502	-0.001801	+1.0000
9180	3.904	-0.006190	+1.0000
9181	4.469	-0.005156	+1.0000
9182	5.059	-0.004280	+1.0000
9183	5.674	-0.003574	+1.0000
9184	6.307	-0.003013	+1.0000
9185	6.953	-0.002566	+1.0000
9186	7.608	-0.002207	+1.0000
9187	8.270	-0.001916	+1.0000
9188	8.939	-0.001677	+1.0000
9191	7.143	+0.000820	-1.0000
9192	6.454	+0.000871	-1.0000
9193	5.767	+0.000923	-1.0000
9194	5.084	+0.000980	-1.0000
9195	4.406	+0.001050	-1.0000
9196	3.736	+0.001156	-1.0000
9197	3.080	+0.001364	-1.0000
9198	4.132	-0.006266	+1.0000
9199	4.764	-0.004954	+1.0000
9200	5.412	-0.004000	+1.0000
9201	6.072	-0.003292	+1.0000
9202	6.740	-0.002755	+1.0000
9203	7.415	-0.002339	+1.0000
9204	8.093	-0.002010	+1.0000
9205	8.775	-0.001745	+1.0000
9206	8.464	+0.000823	-1.0000
9207	7.765	+0.000890	-1.0000
9208	7.067	+0.000964	-1.0000
9209	6.370	+0.001043	-1.0000
9210	5.673	+0.001130	-1.0000
9211	4.977	+0.001231	-1.0000
9212	4.282	+0.001358	-1.0000
9213	3.589	+0.001547	-1.0000
9214	3.892	-0.007273	+1.0000
9215	4.557	-0.005511	+1.0000
9216	5.232	-0.004331	+1.0000
9217	5.912	-0.003501	+1.0000
9218	6.596	-0.002893	+1.0000
9219	7.284	-0.002433	+1.0000
9220	7.973	-0.002075	+1.0000
9221	8.665	-0.001792	+1.0000
9222	8.458	+0.000924	-1.0000
9223	7.759	+0.001011	-1.0000
9224	7.060	+0.001107	-1.0000
9225	6.362	+0.001214	-1.0000
9226	5.664	+0.001333	-1.0000
9227	4.967	+0.001468	-1.0000
9228	4.270	+0.001630	-1.0000
9229	3.575	+0.001845	-1.0000
9230	3.769	-0.007805	+1.0000
9231	4.452	-0.005788	+1.0000
9232	5.141	-0.004492	+1.0000
9233	5.832	-0.003601	+1.0000
9234	6.524	-0.002958	+1.0000
9235	7.219	-0.002476	+1.0000
9236	7.914	-0.002105	+1.0000
9237	8.610	-0.001811	+1.0000
9238	8.324	+0.001021	-1.0000
9239	7.635	+0.001127	-1.0000
9240	6.949	+0.001246	-1.0000
9241	6.266	+0.001380	-1.0000
9242	5.587	+0.001527	-1.0000
9243	4.913	+0.001688	-1.0000
9244	4.249	+0.001861	-1.0000
9245	3.597	+0.002049	-1.0000
9246	3.774	-0.007551	+1.0000
9247	4.457	-0.005676	+1.0000
9248	5.144	-0.004439	+1.0000
9249	5.835	-0.003573	+1.0000
9250	6.527	-0.002941	+1.0000
9251	7.221	-0.002463	+1.0000
9252	7.916	-0.002094	+1.0000
9253	8.612	-0.001802	+1.0000
9254	8.933	+0.001004	-1.0000
9255	8.236	+0.001112	-1.0000
9256	7.539	+0.001236	-1.0000
9257	6.843	+0.001377	-1.0000
9258	6.148	+0.001536	-1.0000
9259	5.455	+0.001710	-1.0000
9260	4.763	+0.001894	-1.0000
9261	4.073	+0.002068	-1.0000
9262	3.389	+0.002199	-1.0000
9263	3.875	-0.006600	+1.0000
9264	4.569	-0.005215	+1.0000
9265	5.242	-0.004188	+1.0000
9266	5.921	-0.003423	+1.0000
9267	6.605	-0.002843	+1.0000
9268	7.291	-0.002396	+1.0000
9269	7.980	-0.002044	+1.0000
9270	8.671	-0.001764	+1.0000
9271	8.906	+0.001072	-1.0000
9272	8.207	+0.001194	-1.0000
9273	7.508	+0.001335	-1.0000
9274	6.808	+0.001496	-1.0000
9275	6.109	+0.001679	-1.0000
9276	5.411	+0.001881	-1.0000
9277	4.712	+0.002089	-1.0000
9278	4.014	+0.002273	-1.0000
9279	3.317	+0.002356	-1.0000
9280	3.823	-0.005436	+1.0000
9281	4.492	-0.004580	+1.0000
9282	5.170	-0.003812	+1.0000
9283	5.853	-0.003183	+1.0000
9284	6.539	-0.002681	+1.0000
9285	7.228	-0.002281	+1.0000
9286	7.919	-0.001960	+1.0000
9287	8.612	-0.001699	+1.0000
9288	8.935	+0.001130	-1.0000
9289	8.238	+0.001264	-1.0000
9290	7.541	+0.001419	-1.0000
9291	6.845	+0.001599	-1.0000
9292	6.150	+0.001804	-1.0000
9293	5.457	+0.002033	-1.0000
9294	4.765	+0.002274	-1.0000
9295	4.076	+0.002488	-1.0000
9296	3.392	+0.002581	-1.0000
9297	4.406	-0.003947	+1.0000
9298	5.095	-0.003389	+1.0000
9299	5.787	-0.002894	+1.0000
9300	6.481	-0.002476	+1.0000
9301	7.175	-0.002131	+1.0000
9302	7.871	-0.001847	+1.0000
9303	8.567	-0.001613	+1.0000
9304	8.327	+0.001319	-1.0000
9305	7.639	+0.001485	-1.0000
9306	6.953	+0.001680	-1.0000
9307	6.270	+0.001904	-1.0000
9308	5.591	+0.002159	-1.0000
9309	4.918	+0.002436	-1.0000
9310	4.254	+0.002701	-1.0000
9311	3.604	+0.002868	-1.0000
9312	2.976	+0.002707	-1.0000
9313	3.750	-0.003788	+1.0000
9314	4.431	-0.003391	+1.0000
9315	5.117	-0.002973	+1.0000
9316	5.806	-0.002586	+1.0000
9317	6.497	-0.002248	+1.0000
9318	7.190	-0.001959	+1.0000
9319	7.885	-0.001715	+1.0000
9320	8.580	-0.001510	+1.0000
9321	8.474	+0.001358	-1.0000
9322	7.798	+0.001531	-1.0000
9323	7.127	+0.001735	-1.0000
9324	6.463	+0.001973	-1.0000
9325	5.807	+0.002247	-1.0000
9326	5.162	+0.002554	-1.0000
9327	4.534	+0.002872	-1.0000
9328	3.931	+0.003137	-1.0000
9329	3.906	-0.003237	+1.0000
9330	4.564	-0.002905	+1.0000
9331	5.232	-0.002582	+1.0000
9332	5.908	-0.002281	+1.0000
9333	6.588	-0.002011	+1.0000
9334	7.273	-0.001775	+1.0000
9335	7.960	-0.001571	+1.0000
9336	8.649	-0.001396	+1.0000
9337	8.674	+0.001378	-1.0000
9338	8.016	+0.001554	-1.0000
9339	7.365	+0.001761	-1.0000
9340	6.724	+0.002003	-1.0000
9341	6.096	+0.002286	-1.0000
9342	5.470	+0.002608	-1.0000
9343	4.847	+0.002959	-1.0000
9344	4.248	+0.003297	-1.0000
9345	3.685	+0.003514	-1.0000
9346	3.584	-0.003014	+1.0000
9347	4.176	-0.002724	+1.0000
9348	4.796	-0.002462	+1.0000
9349	5.436	-0.002215	+1.0000
9350	6.089	-0.001986	+1.0000
9351	6.752	-0.001776	+1.0000
9352	7.421	-0.001588	+1.0000
9353	8.095	-0.001422	+1.0000
9354	8.774	-0.001276	+1.0000
9355	8.867	+0.001381	-1.0000
9356	8.203	+0.001554	-1.0000
9357	7.546	+0.001757	-1.0000
9358	6.897	+0.001995	-1.0000
9359	6.260	+0.002273	-1.0000
9360	5.637	+0.002591	-1.0000
9361	5.034	+0.002943	-1.0000
9362	4.461	+0.003305	-1.0000
9363	3.928	+0.003606	-1.0000
9364	3.521	-0.002600	+1.0000
9365	4.000	-0.002414	+1.0000
9366	4.538	-0.002228	+1.0000
9367	5.114	-0.002049	+1.0000
9368	5.719	-0.001874	+1.0000
9369	6.343	-0.001706	+1.0000
9370	6.981	-0.001549	+1.0000
9371	7.631	-0.001404	+1.0000
9372	8.288	-0.001272	+1.0000
9373	8.952	-0.001153	+1.0000
9374	8.373	+0.001532	-1.0000
9375	7.731	+0.001726	-1.0000
9376	7.099	+0.001951	-1.0000
9377	6.482	+0.002211	-1.0000
9378	5.882	+0.002508	-1.0000
9379	5.308	+0.002835	-1.0000
9380	4.767	+0.003176	-1.0000
9381	4.273	+0.003484	-1.0000
9382	3.843	+0.003674	-1.0000
9383	3.501	-0.001554	+1.0000
9384	3.729	-0.001821	+1.0000
9385	4.066	-0.001885	+1.0000
9386	4.488	-0.001850	+1.0000
9387	4.972	-0.001770	+1.0000
9388	5.504	-0.001670	+1.0000
9389	6.070	-0.001560	+1.0000
9390	6.661	-0.001447	+1.0000
9391	7.271	-0.001334	+1.0000
9392	7.897	-0.001227	+1.0000
9393	8.534	-0.001126	+1.0000
9394	8.598	+0.001492	-1.0000
9395	7.973	+0.001671	-1.0000
9396	7.362	+0.001877	-1.0000
9397	6.769	+0.002112	-1.0000
9398	6.198	+0.002375	-1.0000
9399	5.655	+0.002661	-1.0000
9400	5.151	+0.002955	-1.0000
9401	4.697	+0.003225	-1.0000
9402	4.310	+0.003419	-1.0000
9403	4.008	+0.003474	-1.0000
9404	3.813	+0.003351	-1.0000
9405	3.740	+0.003089	-1.0000
9406	3.798	+0.002774	-1.0000
9407	3.890	+0.002417	-1.0000
9408	3.802	+0.001919	-1.0000
9409	3.842	+0.001224	-1.0000
9413	4.361	-0.001142	+1.0000
9414	4.653	-0.001306	+1.0000
9415	5.025	-0.001368	+1.0000
9416	5.463	-0.001369	+1.0000
9417	5.950	-0.001334	+1.0000
9418	6.477	-0.001278	+1.0000
9419	7.034	-0.001210	+1.0000
9420	7.615	-0.001136	+1.0000
9421	8.214	-0.001061	+1.0000
9422	8.828	-0.000986	+1.0000
9423	8.872	+0.001436	-1.0000
9424	8.268	+0.001598	-1.0000
9425	7.681	+0.001781	-1.0000
9426	7.114	+0.001986	-1.0000
9427	6.572	+0.002211	-1.0000
9428	6.064	+0.002449	-1.0000
9429	5.596	+0.002688	-1.0000
9430	5.182	+0.002905	-1.0000
9431	4.834	+0.003066	-1.0000
9432	4.567	+0.003132	-1.0000
9433	4.396	+0.003077	-1.0000
9434	4.333	+0.002903	-1.0000
9435	4.383	+0.002633	-1.0000
9436	4.425	+0.002273	-1.0000
9437	4.348	+0.001810	-1.0000
9438	4.383	+0.001250	-1.0000
9444	5.599	-0.000980	+1.0000
9445	5.995	-0.001033	+1.0000
9446	6.442	-0.001046	+1.0000
9447	6.932	-0.001031	+1.0000
9448	7.455	-0.000999	+1.0000
9449	8.005	-0.000956	+1.0000
9451	8.610	+0.001512	-1.0000
9452	8.047	+0.001671	-1.0000
9453	7.508	+0.001845	-1.0000
9454	6.997	+0.002032	-1.0000
9455	6.522	+0.002224	-1.0000
9456	6.090	+0.002412	-1.0000
9457	5.711	+0.002576	-1.0000
9458	5.397	+0.002696	-1.0000
9459	5.160	+0.002745	-1.0000
9460	5.009	+0.002706	-1.0000
9461	4.954	+0.002572	-1.0000
9462	4.998	+0.002346	-1.0000
9463	5.001	+0.002037	-1.0000
9464	4.933	+0.001651	-1.0000
9465	4.963	+0.001208	-1.0000
9478	8.993	+0.001419	-1.0000
9479	8.456	+0.001555	-1.0000
9480	7.945	+0.001700	-1.0000
9481	7.464	+0.001851	-1.0000
9482	7.020	+0.002003	-1.0000
9483	6.621	+0.002146	-1.0000
9484	6.274	+0.002267	-1.0000
9485	5.990	+0.002350	-1.0000
9486	5.777	+0.002379	-1.0000
9487	5.643	+0.002340	-1.0000
9488	5.594	+0.002228	-1.0000
9489	5.632	+0.002042	-1.0000
9490	5.605	+0.001789	-1.0000
9491	5.544	+0.001479	-1.0000
9492	5.571	+0.001131	-1.0000
9504	8.902	+0.001437	-1.0000
9505	8.417	+0.001556	-1.0000
9506	7.965	+0.001677	-1.0000
9507	7.551	+0.001795	-1.0000
9508	7.181	+0.001902	-1.0000
9509	6.863	+0.001988	-1.0000
9510	6.603	+0.002043	-1.0000
9511	6.411	+0.002055	-1.0000
9512	6.290	+0.002015	-1.0000
9513	6.247	+0.001919	-1.0000
9514	6.281	+0.001766	-1.0000
9515	6.229	+0.001561	-1.0000
9516	6.174	+0.001315	-1.0000
9517	6.199	+0.001041	-1.0000
9528	8.919	+0.001419	-1.0000
9529	8.494	+0.001515	-1.0000
9530	8.107	+0.001605	-1.0000
9531	7.763	+0.001684	-1.0000
9532	7.470	+0.001744	-1.0000
9533	7.233	+0.001778	-1.0000
9534	7.057	+0.001777	-1.0000
9535	6.948	+0.001737	-1.0000
9536	6.909	+0.001654	-1.0000
9537	6.940	+0.001527	-1.0000
9538	6.868	+0.001362	-1.0000
9539	6.818	+0.001166	-1.0000
9540	6.841	+0.000948	-1.0000
9549	8.684	+0.001434	-1.0000
9550	8.364	+0.001492	-1.0000
9551	8.093	+0.001533	-1.0000
9552	7.874	+0.001552	-1.0000
9553	7.713	+0.001543	-1.0000
9554	7.613	+0.001504	-1.0000
9555	7.577	+0.001432	-1.0000
9556	7.606	+0.001327	-1.0000
9557	7.517	+0.001192	-1.0000
9558	7.472	+0.001034	-1.0000
9559	7.493	+0.000860	-1.0000
9566	8.979	+0.001324	-1.0000
9567	8.727	+0.001351	-1.0000
9568	8.525	+0.001360	-1.0000
9569	8.376	+0.001347	-1.0000
9570	8.284	+0.001309	-1.0000
9571	8.251	+0.001246	-1.0000
9572	8.276	+0.001159	-1.0000
9573	8.175	+0.001048	-1.0000
9574	8.134	+0.000920	-1.0000
9580	8.960	+0.001147	-1.0000
9581	8.929	+0.001092	-1.0000
9582	8.933	+0.001018	-1.0000
9583	8.840	+0.000927	-1.0000
9584	8.802	+0.000822	-1.0000
9633	7.734	-0.000970	+1.0000
9634	8.103	-0.001002	+1.0000
9635	8.362	-0.001022	+1.0000
9636	8.662	-0.001030	+1.0000
9649	6.336	-0.000931	+1.0000
9650	6.560	-0.000985	+1.0000
9651	6.849	-0.001042	+1.0000
9652	7.195	-0.001093	+1.0000
9653	7.456	-0.001132	+1.0000
9654	7.728	-0.001156	+1.0000
9655	8.052	-0.001163	+1.0000
9656	8.422	-0.001155	+1.0000
9657	8.832	-0.001132	+1.0000
9668	5.501	-0.000937	+1.0000
9669	5.497	-0.000953	+1.0000
9670	5.582	-0.000982	+1.0000
9671	5.751	-0.001034	+1.0000
9672	5.997	-0.001102	+1.0000
9673	6.312	-0.001176	+1.0000
9674	6.575	-0.001243	+1.0000
9675	6.811	-0.001293	+1.0000
9676	7.107	-0.001321	+1.0000
9677	7.458	-0.001326	+1.0000
9678	7.856	-0.001310	+1.0000
9679	8.294	-0.001276	+1.0000
9680	8.766	-0.001229	+1.0000
9689	5.494	-0.000966	+1.0000
9690	5.216	-0.001065	+1.0000
9691	5.020	-0.001105	+1.0000
9692	4.917	-0.001101	+1.0000
9693	4.912	-0.001087	+1.0000
9694	5.007	-0.001101	+1.0000
9695	5.194	-0.001157	+1.0000
9696	5.459	-0.001245	+1.0000
9697	5.730	-0.001344	+1.0000
9698	5.916	-0.001433	+1.0000
9699	6.177	-0.001496	+1.0000
9700	6.503	-0.001527	+1.0000
9701	6.885	-0.001526	+1.0000
9702	7.314	-0.001497	+1.0000
9703	7.782	-0.001447	+1.0000
9704	8.283	-0.001381	+1.0000
9705	8.812	-0.001307	+1.0000
9714	5.335	-0.000980	+1.0000
9715	5.008	-0.001200	+1.0000
9716	4.700	-0.001352	+1.0000
9717	4.482	-0.001399	+1.0000
9718	4.366	-0.001352	+1.0000
9719	4.361	-0.001281	+1.0000
9720	4.450	-0.001260	+1.0000
9721	4.586	-0.001317	+1.0000
9722	4.820	-0.001432	+1.0000
9723	5.058	-0.001564	+1.0000
9724	5.268	-0.001680	+1.0000
9725	5.559	-0.001759	+1.0000
9726	5.919	-0.001790	+1.0000
9727	6.336	-0.001777	+1.0000
9728	6.800	-0.001726	+1.0000
9729	7.301	-0.001649	+1.0000
9730	7.833	-0.001557	+1.0000
9731	8.390	-0.001457	+1.0000
9732	8.967	-0.001355	+1.0000
9741	4.840	-0.001158	+1.0000
9742	4.514	-0.001512	+1.0000
9743	4.238	-0.001786	+1.0000
9744	3.995	-0.001878	+1.0000
9745	3.836	-0.001776	+1.0000
9746	3.739	-0.001602	+1.0000
9747	3.772	-0.001511	+1.0000
9748	3.931	-0.001554	+1.0000
9749	4.202	-0.001692	+1.0000
9750	4.394	-0.001864	+1.0000
9751	4.635	-0.002014	+1.0000
9752	4.963	-0.002107	+1.0000
9753	5.363	-0.002132	+1.0000
9754	5.820	-0.002093	+1.0000
9755	6.322	-0.002007	+1.0000
9756	6.859	-0.001890	+1.0000
9757	7.422	-0.001760	+1.0000
9758	8.008	-0.001625	+1.0000
9759	8.610	-0.001494	+1.0000
9769	4.193	-0.001296	+1.0000
9770	4.006	-0.001862	+1.0000
9771	3.775	-0.002387	+1.0000
9772	3.439	-0.002641	+1.0000
9773	3.180	-0.002511	+1.0000
9774	3.063	-0.002188	+1.0000
9775	3.102	-0.001962	+1.0000
9776	3.582	-0.002073	+1.0000
9777	3.744	-0.002278	+1.0000
9778	4.024	-0.002469	+1.0000
9779	4.398	-0.002578	+1.0000
9780	4.845	-0.002582	+1.0000
9781	5.347	-0.002495	+1.0000
9782	5.889	-0.002349	+1.0000
9783	6.462	-0.002174	+1.0000
9784	7.057	-0.001990	+1.0000
9785	7.670	-0.001810	+1.0000
9786	8.297	-0.001642	+1.0000
9787	8.935	-0.001488	+1.0000
9797	3.547	-0.001247	+1.0000
9798	3.324	-0.002059	+1.0000
9799	3.877	-0.003228	+1.0000
9800	4.378	-0.003182	+1.0000
9801	4.927	-0.003007	+1.0000
9802	5.511	-0.002764	+1.0000
9803	6.119	-0.002501	+1.0000
9804	6.745	-0.002244	+1.0000
9805	7.384	-0.002008	+1.0000
9806	8.033	-0.001796	+1.0000
9807	8.691	-0.001609	+1.0000
9818	3.979	-0.003993	+1.0000
9819	4.577	-0.003650	+1.0000
9820	5.200	-0.003252	+1.0000
9821	5.840	-0.002864	+1.0000
9822	6.493	-0.002515	+1.0000
9823	7.155	-0.002210	+1.0000
9824	7.823	-0.001948	+1.0000
9825	8.497	-0.001724	+1.0000
9835	3.672	-0.005080	+1.0000
9836	4.312	-0.004429	+1.0000
9837	4.969	-0.003795	+1.0000
9838	5.636	-0.003244	+1.0000
9839	6.310	-0.002783	+1.0000
9840	6.989	-0.002403	+1.0000
9841	7.672	-0.002089	+1.0000
9842	8.358	-0.001829	+1.0000
9848	5.083	+0.000801	-1.0000
9849	4.404	+0.000822	-1.0000
9850	3.734	+0.000852	-1.0000
9851	3.078	+0.000925	-1.0000
9852	4.151	-0.005280	+1.0000
9853	4.829	-0.004336	+1.0000
9854	5.513	-0.003598	+1.0000
9855	6.200	-0.003022	+1.0000
9856	6.861	-0.002569	+1.0000
9857	7.524	-0.002207	+1.0000
9858	8.193	-0.001915	+1.0000
9859	8.867	-0.001676	+1.0000
9862	7.066	+0.000850	-1.0000
9863	6.369	+0.000903	-1.0000
9864	5.672	+0.000956	-1.0000
9865	4.975	+0.001010	-1.0000
9866	4.280	+0.001070	-1.0000
9867	3.587	+0.001152	-1.0000
9868	4.096	-0.006019	+1.0000
9869	4.733	-0.004767	+1.0000
9870	5.385	-0.003866	+1.0000
9871	6.048	-0.003197	+1.0000
9872	6.719	-0.002688	+1.0000
9873	7.395	-0.002290	+1.0000
9874	8.075	-0.001974	+1.0000
9875	8.758	-0.001718	+1.0000
9876	8.457	+0.000837	-1.0000
9877	7.758	+0.000905	-1.0000
9878	7.059	+0.000976	-1.0000
9879	6.361	+0.001051	-1.0000
9880	5.663	+0.001128	-1.0000
9881	4.965	+0.001206	-1.0000
9882	4.268	+0.001288	-1.0000
9883	3.573	+0.001383	-1.0000
9884	3.980	-0.006346	+1.0000
9885	4.632	-0.004957	+1.0000
9886	5.297	-0.003986	+1.0000
9887	5.970	-0.003278	+1.0000
9888	6.648	-0.002743	+1.0000
9889	7.331	-0.002328	+1.0000
9890	8.016	-0.002000	+1.0000
9891	8.704	-0.001736	+1.0000
9892	8.382	+0.000926	-1.0000
9893	7.698	+0.001009	-1.0000
9894	7.018	+0.001098	-1.0000
9895	6.342	+0.001194	-1.0000
9896	5.672	+0.001291	-1.0000
9897	5.010	+0.001387	-1.0000
9898	4.361	+0.001474	-1.0000
9899	3.694	+0.001547	-1.0000
9900	3.912	-0.006047	+1.0000
9901	4.604	-0.004829	+1.0000
9902	5.298	-0.003927	+1.0000
9903	5.973	-0.003247	+1.0000
9904	6.651	-0.002725	+1.0000
9905	7.333	-0.002315	+1.0000
9906	8.019	-0.001990	+1.0000
9907	8.706	-0.001727	+1.0000
9908	8.987	+0.000920	-1.0000
9909	8.294	+0.001008	-1.0000
9910	7.603	+0.001106	-1.0000
9911	6.914	+0.001214	-1.0000
9912	6.226	+0.001328	-1.0000
9913	5.542	+0.001444	-1.0000
9914	4.863	+0.001552	-1.0000
9915	4.190	+0.001635	-1.0000
9916	3.528	+0.001665	-1.0000
9917	3.891	-0.005249	+1.0000
9918	4.586	-0.004434	+1.0000
9919	5.282	-0.003710	+1.0000
9920	5.980	-0.003115	+1.0000
9921	6.677	-0.002638	+1.0000
9922	7.376	-0.002254	+1.0000
9923	8.074	-0.001944	+1.0000
9924	8.765	-0.001692	+1.0000
9925	8.960	+0.000983	-1.0000
9926	8.265	+0.001083	-1.0000
9927	7.572	+0.001195	-1.0000
9928	6.879	+0.001318	-1.0000
9929	6.188	+0.001451	-1.0000
9930	5.499	+0.001585	-1.0000
9931	4.813	+0.001708	-1.0000
9932	4.133	+0.001788	-1.0000
9933	3.460	+0.001774	-1.0000
9934	3.863	-0.004370	+1.0000
9935	4.553	-0.003927	+1.0000
9936	5.246	-0.003396	+1.0000
9937	5.941	-0.002910	+1.0000
9938	6.637	-0.002495	+1.0000
9939	7.333	-0.002152	+1.0000
9940	8.022	-0.001867	+1.0000
9941	8.706	-0.001632	+1.0000
9942	8.988	+0.001037	-1.0000
9943	8.296	+0.001147	-1.0000
9944	7.605	+0.001271	-1.0000
9945	6.915	+0.001409	-1.0000
9946	6.228	+0.001559	-1.0000
9947	5.544	+0.001712	-1.0000
9948	4.865	+0.001853	-1.0000
9949	4.193	+0.001945	-1.0000
9950	3.531	+0.001916	-1.0000
9951	2.888	+0.001640	-1.0000
9952	3.853	-0.003717	+1.0000
9953	4.545	-0.003444	+1.0000
9954	5.239	-0.003053	+1.0000
9955	5.926	-0.002664	+1.0000
9956	6.605	-0.002316	+1.0000
9957	7.288	-0.002018	+1.0000
9958	7.974	-0.001765	+1.0000
9959	8.662	-0.001553	+1.0000
9960	8.385	+0.001198	-1.0000
9961	7.701	+0.001332	-1.0000
9962	7.022	+0.001482	-1.0000
9963	6.346	+0.001647	-1.0000
9964	5.676	+0.001819	-1.0000
9965	5.015	+0.001984	-1.0000
9966	4.366	+0.002103	-1.0000
9967	3.735	+0.002103	-1.0000
9968	3.134	+0.001843	-1.0000
9969	3.961	-0.003282	+1.0000
9970	4.611	-0.003029	+1.0000
9971	5.273	-0.002716	+1.0000
9972	5.944	-0.002404	+1.0000
9973	6.621	-0.002117	+1.0000
9974	7.303	-0.001864	+1.0000
9975	7.987	-0.001645	+1.0000
9976	8.674	-0.001458	+1.0000
9977	8.530	+0.001235	-1.0000
9978	7.860	+0.001376	-1.0000
9979	7.195	+0.001534	-1.0000
9980	6.537	+0.001710	-1.0000
9981	5.889	+0.001899	-1.0000
9982	5.255	+0.002086	-1.0000
9983	4.639	+0.002242	-1.0000
9984	4.051	+0.002301	-1.0000
9985	3.505	+0.002142	-1.0000
9986	4.110	-0.002918	+1.0000
9987	4.739	-0.002658	+1.0000
9988	5.385	-0.002396	+1.0000
9989	6.044	-0.002142	+1.0000
9990	6.711	-0.001908	+1.0000
9991	7.384	-0.001699	+1.0000
9992	8.062	-0.001514	+1.0000
9993	8.743	-0.001352	+1.0000
9994	8.730	+0.001257	-1.0000
9995	8.076	+0.001400	-1.0000
9996	7.430	+0.001563	-1.0000
9997	6.795	+0.001744	-1.0000
9998	6.175	+0.001942	-1.0000
9999	5.573	+0.002146	-1.0000
10000	4.997	+0.002333	-1.0000
10001	4.456	+0.002454	-1.0000
10002	3.966	+0.002419	-1.0000
10003	3.546	+0.002086	-1.0000
10004	3.725	-0.002810	+1.0000
10005	4.349	-0.002534	+1.0000
10006	4.963	-0.002302	+1.0000
10007	5.584	-0.002088	+1.0000
10008	6.221	-0.001886	+1.0000
10009	6.871	-0.001699	+1.0000
10010	7.530	-0.001529	+1.0000
10011	8.195	-0.001376	+1.0000
10012	8.866	-0.001240	+1.0000
10013	8.979	+0.001263	-1.0000
10014	8.345	+0.001405	-1.0000
10015	7.722	+0.001566	-1.0000
10016	7.113	+0.001747	-1.0000
10017	6.523	+0.001946	-1.0000
10018	5.938	+0.002155	-1.0000
10019	5.369	+0.002358	-1.0000
10020	4.835	+0.002521	-1.0000
10021	4.348	+0.002582	-1.0000
10022	3.927	+0.002452	-1.0000
10023	3.593	+0.002049	-1.0000
10024	3.578	-0.002548	+1.0000
10025	4.106	-0.002319	+1.0000
10026	4.680	-0.002126	+1.0000
10027	5.271	-0.001953	+1.0000
10028	5.859	-0.001792	+1.0000
10029	6.470	-0.001638	+1.0000
10030	7.097	-0.001494	+1.0000
10031	7.736	-0.001360	+1.0000
10032	8.386	-0.001237	+1.0000
10033	8.579	+0.001391	-1.0000
10034	7.953	+0.001547	-1.0000
10035	7.340	+0.001721	-1.0000
10036	6.745	+0.001912	-1.0000
10037	6.171	+0.002114	-1.0000
10038	5.626	+0.002316	-1.0000
10039	5.119	+0.002494	-1.0000
10040	4.662	+0.002606	-1.0000
10041	4.272	+0.002599	-1.0000
10042	3.967	+0.002427	-1.0000
10043	3.770	+0.002104	-1.0000
10044	3.696	+0.001750	-1.0000
10045	3.754	+0.001497	-1.0000
10046	3.938	+0.001303	-1.0000
10047	3.602	+0.000943	-1.0000
10050	3.235	-0.001341	+1.0000
10051	3.404	-0.001769	+1.0000
10052	3.700	-0.001913	+1.0000
10053	4.095	-0.001899	+1.0000
10054	4.564	-0.001823	+1.0000
10055	5.087	-0.001725	+1.0000
10056	5.648	-0.001620	+1.0000
10057	6.202	-0.001512	+1.0000
10058	6.782	-0.001404	+1.0000
10059	7.383	-0.001298	+1.0000
10060	7.999	-0.001196	+1.0000
10061	8.629	-0.001101	+1.0000
10062	8.798	+0.001360	-1.0000
10063	8.189	+0.001506	-1.0000
10064	7.595	+0.001668	-1.0000
10065	7.021	+0.001845	-1.0000
10066	6.472	+0.002031	-1.0000
10067	5.955	+0.002218	-1.0000
10068	5.478	+0.002388	-1.0000
10069	5.054	+0.002514	-1.0000
10070	4.696	+0.002561	-1.0000
10071	4.421	+0.002501	-1.0000
10072	4.245	+0.002331	-1.0000
10073	4.180	+0.002091	-1.0000
10074	4.231	+0.001825	-1.0000
10075	4.380	+0.001519	-1.0000
10076	4.234	+0.001107	-1.0000
10080	4.067	-0.001026	+1.0000
10081	4.317	-0.001256	+1.0000
10082	4.661	-0.001358	+1.0000
10083	5.078	-0.001381	+1.0000
10084	5.552	-0.001360	+1.0000
10085	6.070	-0.001314	+1.0000
10086	6.602	-0.001254	+1.0000
10087	7.149	-0.001186	+1.0000
10088	7.721	-0.001114	+1.0000
10089	8.313	-0.001041	+1.0000
10090	8.920	-0.000970	+1.0000
10091	8.476	+0.001449	-1.0000
10092	7.904	+0.001595	-1.0000
10093	7.354	+0.001753	-1.0000
10094	6.832	+0.001918	-1.0000
10095	6.344	+0.002081	-1.0000
10096	5.899	+0.002230	-1.0000
10097	5.507	+0.002347	-1.0000
10098	5.181	+0.002406	-1.0000
10099	4.933	+0.002390	-1.0000
10100	4.776	+0.002288	-1.0000
10101	4.718	+0.002110	-1.0000
10102	4.763	+0.001868	-1.0000
10103	4.861	+0.001563	-1.0000
10104	4.791	+0.001181	-1.0000
10110	5.259	-0.000936	+1.0000
10111	5.632	-0.001016	+1.0000
10112	6.063	-0.001047	+1.0000
10113	6.541	-0.001046	+1.0000
10114	7.048	-0.001025	+1.0000
10115	7.563	-0.000989	+1.0000
10116	8.106	-0.000946	+1.0000
10118	8.810	+0.001380	-1.0000
10119	8.261	+0.001509	-1.0000
10120	7.737	+0.001646	-1.0000
10121	7.242	+0.001786	-1.0000
10122	6.784	+0.001924	-1.0000
10123	6.369	+0.002048	-1.0000
10124	6.008	+0.002144	-1.0000
10125	5.711	+0.002197	-1.0000
10126	5.487	+0.002191	-1.0000
10127	5.346	+0.002118	-1.0000
10128	5.294	+0.001976	-1.0000
10129	5.335	+0.001769	-1.0000
10130	5.390	+0.001501	-1.0000
10131	5.327	+0.001176	-1.0000
10132	5.356	+0.000809	-1.0000
10144	8.660	+0.001414	-1.0000
10145	8.161	+0.001531	-1.0000
10146	7.694	+0.001648	-1.0000
10147	7.264	+0.001759	-1.0000
10148	6.879	+0.001858	-1.0000
10149	6.546	+0.001933	-1.0000
10150	6.274	+0.001973	-1.0000
10151	6.070	+0.001966	-1.0000
10152	5.943	+0.001905	-1.0000
10153	5.897	+0.001788	-1.0000
10154	5.933	+0.001615	-1.0000
10155	5.955	+0.001390	-1.0000
10156	5.898	+0.001122	-1.0000
10157	5.924	+0.000826	-1.0000
10169	8.621	+0.001414	-1.0000
10170	8.181	+0.001509	-1.0000
10171	7.778	+0.001598	-1.0000
10172	7.419	+0.001674	-1.0000
10173	7.112	+0.001730	-1.0000
10174	6.862	+0.001756	-1.0000
10175	6.677	+0.001745	-1.0000
10176	6.561	+0.001691	-1.0000
10177	6.519	+0.001592	-1.0000
10178	6.552	+0.001448	-1.0000
10179	6.546	+0.001263	-1.0000
10180	6.494	+0.001045	-1.0000
10181	6.517	+0.000806	-1.0000
10191	8.696	+0.001376	-1.0000
10192	8.319	+0.001446	-1.0000
10193	7.984	+0.001503	-1.0000
10194	7.700	+0.001543	-1.0000
10195	7.470	+0.001558	-1.0000
10196	7.300	+0.001543	-1.0000
10197	7.194	+0.001494	-1.0000
10198	7.156	+0.001409	-1.0000
10199	7.186	+0.001289	-1.0000
10200	7.156	+0.001137	-1.0000
10201	7.109	+0.000960	-1.0000
10211	8.882	+0.001305	-1.0000
10212	8.570	+0.001348	-1.0000
10213	8.305	+0.001374	-1.0000
10214	8.092	+0.001381	-1.0000
10215	7.936	+0.001363	-1.0000
10216	7.839	+0.001318	-1.0000
10217	7.804	+0.001245	-1.0000
10218	7.831	+0.001145	-1.0000
10219	7.782	+0.001020	-1.0000
10220	7.738	+0.000876	-1.0000
10228	8.924	+0.001226	-1.0000
10229	8.726	+0.001226	-1.0000
10230	8.581	+0.001207	-1.0000
10231	8.492	+0.001166	-1.0000
10232	8.460	+0.001103	-1.0000
10233	8.485	+0.001018	-1.0000
10234	8.419	+0.000915	-1.0000
10283	7.865	-0.000945	+1.0000
10284	8.063	-0.000971	+1.0000
10285	8.315	-0.000988	+1.0000
10286	8.617	-0.000995	+1.0000
10287	8.963	-0.000991	+1.0000
10300	6.678	-0.000932	+1.0000
10301	6.892	-0.000975	+1.0000
10302	7.035	-0.001019	+1.0000
10303	7.188	-0.001059	+1.0000
10304	7.404	-0.001090	+1.0000
10305	7.678	-0.001110	+1.0000
10306	8.004	-0.001116	+1.0000
10307	8.376	-0.001108	+1.0000
10308	8.788	-0.001088	+1.0000
10319	5.892	-0.000951	+1.0000
10320	5.889	-0.000977	+1.0000
10321	5.966	-0.001005	+1.0000
10322	6.068	-0.001043	+1.0000
10323	6.247	-0.001091	+1.0000
10324	6.347	-0.001144	+1.0000
10325	6.516	-0.001194	+1.0000
10326	6.753	-0.001232	+1.0000
10327	7.053	-0.001255	+1.0000
10328	7.406	-0.001260	+1.0000
10329	7.807	-0.001246	+1.0000
10330	8.247	-0.001218	+1.0000
10331	8.722	-0.001177	+1.0000
10341	5.627	-0.001024	+1.0000
10342	5.446	-0.001091	+1.0000
10343	5.342	-0.001121	+1.0000
10344	5.273	-0.001131	+1.0000
10345	5.296	-0.001146	+1.0000
10346	5.411	-0.001179	+1.0000
10347	5.555	-0.001231	+1.0000
10348	5.661	-0.001295	+1.0000
10349	5.850	-0.001357	+1.0000
10350	6.114	-0.001405	+1.0000
10351	6.443	-0.001431	+1.0000
10352	6.828	-0.001432	+1.0000
10353	7.260	-0.001410	+1.0000
10354	7.732	-0.001369	+1.0000
10355	8.236	-0.001313	+1.0000
10356	8.767	-0.001248	+1.0000
10366	5.429	-0.001098	+1.0000
10367	5.137	-0.001254	+1.0000
10368	4.868	-0.001344	+1.0000
10369	4.688	-0.001367	+1.0000
10370	4.609	-0.001350	+1.0000
10371	4.636	-0.001336	+1.0000
10372	4.766	-0.001351	+1.0000
10373	4.859	-0.001401	+1.0000
10374	4.980	-0.001476	+1.0000
10375	5.194	-0.001554	+1.0000
10376	5.489	-0.001616	+1.0000
10377	5.853	-0.001646	+1.0000
10378	6.275	-0.001642	+1.0000
10379	6.743	-0.001606	+1.0000
10380	7.248	-0.001545	+1.0000
10381	7.784	-0.001469	+1.0000
10382	8.344	-0.001383	+1.0000
10383	8.924	-0.001293	+1.0000
10392	4.953	-0.001026	+1.0000
10393	4.795	-0.001316	+1.0000
10394	4.562	-0.001562	+1.0000
10395	4.256	-0.001709	+1.0000
10396	4.049	-0.001736	+1.0000
10397	3.958	-0.001680	+1.0000
10398	3.989	-0.001609	+1.0000
10399	4.139	-0.001577	+1.0000
10400	4.164	-0.001606	+1.0000
10401	4.305	-0.001689	+1.0000
10402	4.550	-0.001791	+1.0000
10403	4.884	-0.001874	+1.0000
10404	5.290	-0.001911	+1.0000
10405	5.753	-0.001897	+1.0000
10406	6.260	-0.001839	+1.0000
10407	6.802	-0.001751	+1.0000
10408	7.370	-0.001645	+1.0000
10409	7.959	-0.001532	+1.0000
10410	8.565	-0.001418	+1.0000
10420	4.307	-0.001112	+1.0000
10421	4.125	-0.001532	+1.0000
10422	4.026	-0.001934	+1.0000
10423	3.676	-0.002210	+1.0000
10424	3.435	-0.002291	+1.0000
10425	3.326	-0.002198	+1.0000
10426	3.639	-0.001910	+1.0000
10427	3.926	-0.002061	+1.0000
10428	4.309	-0.002187	+1.0000
10429	4.764	-0.002238	+1.0000
10430	5.273	-0.002208	+1.0000
10431	5.822	-0.002116	+1.0000
10432	6.401	-0.001987	+1.0000
10433	7.002	-0.001842	+1.0000
10434	7.620	-0.001694	+1.0000
10435	8.250	-0.001550	+1.0000
10436	8.892	-0.001416	+1.0000
10446	3.681	-0.001078	+1.0000
10447	3.466	-0.001643	+1.0000
10448	3.386	-0.002274	+1.0000
10449	3.776	-0.002566	+1.0000
10450	4.288	-0.002646	+1.0000
10451	4.848	-0.002587	+1.0000
10452	5.440	-0.002442	+1.0000
10453	6.055	-0.002255	+1.0000
10454	6.687	-0.002057	+1.0000
10455	7.331	-0.001865	+1.0000
10456	7.985	-0.001686	+1.0000
10457	8.646	-0.001523	+1.0000
10469	3.880	-0.003164	+1.0000
10470	4.491	-0.003047	+1.0000
10471	5.125	-0.002815	+1.0000
10472	5.773	-0.002547	+1.0000
10473	6.433	-0.002282	+1.0000
10474	7.100	-0.002037	+1.0000
10475	7.774	-0.001819	+1.0000
10476	8.451	-0.001626	+1.0000
10487	4.221	-0.003587	+1.0000
10488	4.890	-0.003220	+1.0000
10489	5.566	-0.002845	+1.0000
10490	6.248	-0.002502	+1.0000
10491	6.933	-0.002200	+1.0000
10492	7.621	-0.001941	+1.0000
10493	8.311	-0.001719	+1.0000
10503	4.056	-0.004162	+1.0000
10504	4.748	-0.003615	+1.0000
10505	5.442	-0.003119	+1.0000
10506	6.137	-0.002695	+1.0000
10507	6.833	-0.002339	+1.0000
10508	7.530	-0.002043	+1.0000
10509	8.228	-0.001794	+1.0000
10510	8.926	-0.001586	+1.0000
10520	4.007	-0.004644	+1.0000
10521	4.706	-0.003920	+1.0000
10522	5.406	-0.003321	+1.0000
10523	6.105	-0.002834	+1.0000
10524	6.805	-0.002438	+1.0000
10525	7.505	-0.002113	+1.0000
10526	8.204	-0.001846	+1.0000
10527	8.904	-0.001623	+1.0000
10530	7.128	+0.000846	-1.0000
10531	6.436	+0.000891	-1.0000
10532	5.748	+0.000930	-1.0000
10533	5.062	+0.000958	-1.0000
10534	4.380	+0.000969	-1.0000
10535	3.706	+0.000956	-1.0000
10536	3.043	+0.000891	-1.0000
10537	4.080	-0.004831	+1.0000
10538	4.769	-0.004043	+1.0000
10539	5.460	-0.003408	+1.0000
10540	6.153	-0.002896	+1.0000
10541	6.842	-0.002482	+1.0000
10542	7.507	-0.002145	+1.0000
10543	8.178	-0.001868	+1.0000
10544	8.853	-0.001639	+1.0000
10545	8.497	+0.000828	-1.0000
10546	7.824	+0.000890	-1.0000
10547	7.155	+0.000952	-1.0000
10548	6.494	+0.001013	-1.0000
10549	5.824	+0.001067	-1.0000
10550	5.148	+0.001108	-1.0000
10551	4.480	+0.001125	-1.0000
10552	3.823	+0.001105	-1.0000
10553	3.184	+0.001026	-1.0000
10554	4.051	-0.004599	+1.0000
10555	4.723	-0.003939	+1.0000
10556	5.401	-0.003358	+1.0000
10557	6.085	-0.002869	+1.0000
10558	6.772	-0.002466	+1.0000
10559	7.462	-0.002134	+1.0000
10560	8.153	-0.001859	+1.0000
10561	8.845	-0.001631	+1.0000
10562	8.411	+0.000903	-1.0000
10563	7.730	+0.000977	-1.0000
10564	7.053	+0.001053	-1.0000
10565	6.380	+0.001128	-1.0000
10566	5.715	+0.001196	-1.0000
10567	5.059	+0.001246	-1.0000
10568	4.416	+0.001262	-1.0000
10569	3.793	+0.001225	-1.0000
10570	3.203	+0.001121	-1.0000
10571	4.030	-0.004061	+1.0000
10572	4.705	-0.003652	+1.0000
10573	5.386	-0.003190	+1.0000
10574	6.071	-0.002763	+1.0000
10575	6.760	-0.002393	+1.0000
10576	7.450	-0.002081	+1.0000
10577	8.142	-0.001819	+1.0000
10578	8.836	-0.001599	+1.0000
10579	8.382	+0.000970	-1.0000
10580	7.699	+0.001055	-1.0000
10581	7.019	+0.001145	-1.0000
10582	6.343	+0.001234	-1.0000
10583	5.673	+0.001315	-1.0000
10584	5.011	+0.001373	-1.0000
10585	4.361	+0.001388	-1.0000
10586	3.730	+0.001330	-1.0000
10587	3.128	+0.001176	-1.0000
10588	4.024	-0.003503	+1.0000
10589	4.691	-0.003296	+1.0000
10590	5.366	-0.002954	+1.0000
10591	6.047	-0.002600	+1.0000
10592	6.732	-0.002276	+1.0000
10593	7.419	-0.001993	+1.0000
10594	8.109	-0.001752	+1.0000
10595	8.801	-0.001546	+1.0000
10596	8.412	+0.001029	-1.0000
10597	7.731	+0.001124	-1.0000
10598	7.054	+0.001225	-1.0000
10599	6.382	+0.001327	-1.0000
10600	5.717	+0.001422	-1.0000
10601	5.061	+0.001493	-1.0000
10602	4.419	+0.001513	-1.0000
10603	3.797	+0.001442	-1.0000
10604	3.207	+0.001238	-1.0000
10605	3.982	-0.003113	+1.0000
10606	4.677	-0.002963	+1.0000
10607	5.359	-0.002696	+1.0000
10608	6.041	-0.002404	+1.0000
10609	6.726	-0.002127	+1.0000
10610	7.415	-0.001878	+1.0000
10611	8.105	-0.001662	+1.0000
10612	8.797	-0.001475	+1.0000
10613	8.500	+0.001076	-1.0000
10614	7.827	+0.001180	-1.0000
10615	7.159	+0.001291	-1.0000
10616	6.497	+0.001405	-1.0000
10617	5.845	+0.001513	-1.0000
10618	5.205	+0.001600	-1.0000
10619	4.583	+0.001636	-1.0000
10620	3.987	+0.001575	-1.0000
10621	3.430	+0.001360	-1.0000
10622	2.935	+0.000952	-1.0000
10623	3.988	-0.002859	+1.0000
10624	4.683	-0.002673	+1.0000
10625	5.379	-0.002439	+1.0000
10626	6.075	-0.002194	+1.0000
10627	6.773	-0.001959	+1.0000
10628	7.471	-0.001745	+1.0000
10629	8.149	-0.001556	+1.0000
10630	8.823	-0.001389	+1.0000
10631	8.643	+0.001112	-1.0000
10632	7.982	+0.001221	-1.0000
10633	7.329	+0.001340	-1.0000
10634	6.684	+0.001463	-1.0000
10635	6.052	+0.001585	-1.0000
10636	5.437	+0.001688	-1.0000
10637	4.844	+0.001748	-1.0000
10638	4.285	+0.001720	-1.0000
10639	3.772	+0.001544	-1.0000
10640	3.328	+0.001162	-1.0000
10642	4.115	-0.002620	+1.0000
10643	4.791	-0.002401	+1.0000
10644	5.473	-0.002187	+1.0000
10645	6.160	-0.001979	+1.0000
10646	6.849	-0.001782	+1.0000
10647	7.540	-0.001601	+1.0000
10648	8.222	-0.001438	+1.0000
10649	8.891	-0.001294	+1.0000
10650	8.840	+0.001134	-1.0000
10651	8.195	+0.001247	-1.0000
10652	7.560	+0.001369	-1.0000
10653	6.937	+0.001499	-1.0000
10654	6.330	+0.001630	-1.0000
10655	5.745	+0.001749	-1.0000
10656	5.187	+0.001834	-1.0000
10657	4.669	+0.001848	-1.0000
10658	4.204	+0.001741	-1.0000
10659	3.810	+0.001458	-1.0000
10660	3.514	+0.000991	-1.0000
10664	3.729	-0.002600	+1.0000
10665	4.353	-0.002329	+1.0000
10666	4.997	-0.002121	+1.0000
10667	5.654	-0.001936	+1.0000
10668	6.321	-0.001763	+1.0000
10669	6.994	-0.001601	+1.0000
10670	7.672	-0.001451	+1.0000
10671	8.353	-0.001315	+1.0000
10672	8.461	+0.001256	-1.0000
10673	7.847	+0.001379	-1.0000
10674	7.249	+0.001511	-1.0000
10675	6.670	+0.001646	-1.0000
10676	6.117	+0.001774	-1.0000
10677	5.597	+0.001878	-1.0000
10678	5.121	+0.001930	-1.0000
10679	4.700	+0.001891	-1.0000
10680	4.352	+0.001722	-1.0000
10681	4.095	+0.001412	-1.0000
10682	3.947	+0.001021	-1.0000
10686	3.582	-0.002444	+1.0000
10687	4.110	-0.002190	+1.0000
10688	4.684	-0.001994	+1.0000
10689	5.288	-0.001831	+1.0000
10690	5.913	-0.001685	+1.0000
10691	6.553	-0.001549	+1.0000
10692	7.205	-0.001420	+1.0000
10693	7.864	-0.001300	+1.0000
10694	8.531	-0.001189	+1.0000
10695	8.774	+0.001249	-1.0000
10696	8.184	+0.001369	-1.0000
10697	7.612	+0.001498	-1.0000
10698	7.064	+0.001632	-1.0000
10699	6.523	+0.001761	-1.0000
10700	6.010	+0.001875	-1.0000
10701	5.538	+0.001951	-1.0000
10702	5.118	+0.001962	-1.0000
10703	4.765	+0.001882	-1.0000
10704	4.495	+0.001699	-1.0000
10705	4.321	+0.001440	-1.0000
10706	4.257	+0.001170	-1.0000
10707	4.308	+0.000934	-1.0000
10711	3.217	-0.001004	+1.0000
10712	3.239	-0.001584	+1.0000
10713	3.408	-0.001876	+1.0000
10714	3.704	-0.001927	+1.0000
10715	4.099	-0.001860	+1.0000
10716	4.568	-0.001755	+1.0000
10717	5.090	-0.001647	+1.0000
10718	5.651	-0.001543	+1.0000
10719	6.239	-0.001441	+1.0000
10720	6.849	-0.001341	+1.0000
10721	7.475	-0.001245	+1.0000
10722	8.113	-0.001152	+1.0000
10723	8.760	-0.001064	+1.0000
10724	8.457	+0.001342	-1.0000
10725	7.883	+0.001464	-1.0000
10726	7.332	+0.001591	-1.0000
10727	6.808	+0.001715	-1.0000
10728	6.318	+0.001828	-1.0000
10729	5.871	+0.001913	-1.0000
10730	5.478	+0.001952	-1.0000
10731	5.149	+0.001925	-1.0000
10732	4.900	+0.001821	-1.0000
10733	4.741	+0.001650	-1.0000
10734	4.683	+0.001434	-1.0000
10735	4.729	+0.001193	-1.0000
10736	4.556	+0.000908	-1.0000
10741	4.070	-0.001156	+1.0000
10742	4.321	-0.001311	+1.0000
10743	4.664	-0.001364	+1.0000
10744	5.081	-0.001358	+1.0000
10745	5.555	-0.001323	+1.0000
10746	6.073	-0.001271	+1.0000
10747	6.624	-0.001211	+1.0000
10748	7.202	-0.001146	+1.0000
10749	7.799	-0.001078	+1.0000
10750	8.412	-0.001010	+1.0000
10751	8.735	+0.001299	-1.0000
10752	8.181	+0.001412	-1.0000
10753	7.652	+0.001528	-1.0000
10754	7.151	+0.001642	-1.0000
10755	6.687	+0.001746	-1.0000
10756	6.266	+0.001829	-1.0000
10757	5.899	+0.001877	-1.0000
10758	5.595	+0.001875	-1.0000
10759	5.366	+0.001815	-1.0000
10760	5.222	+0.001694	-1.0000
10761	5.169	+0.001521	-1.0000
10762	5.211	+0.001301	-1.0000
10763	5.166	+0.001031	-1.0000
10770	5.261	-0.000971	+1.0000
10771	5.634	-0.001023	+1.0000
10772	6.065	-0.001037	+1.0000
10773	6.543	-0.001027	+1.0000
10774	7.058	-0.001002	+1.0000
10775	7.602	-0.000965	+1.0000
10778	8.527	+0.001347	-1.0000
10779	8.020	+0.001450	-1.0000
10780	7.544	+0.001550	-1.0000
10781	7.105	+0.001642	-1.0000
10782	6.710	+0.001716	-1.0000
10783	6.369	+0.001761	-1.0000
10784	6.089	+0.001768	-1.0000
10785	5.879	+0.001728	-1.0000
10786	5.748	+0.001636	-1.0000
10787	5.700	+0.001494	-1.0000
10788	5.737	+0.001304	-1.0000
10789	5.796	+0.001068	-1.0000
10803	8.914	+0.001273	-1.0000
10804	8.430	+0.001362	-1.0000
10805	7.978	+0.001448	-1.0000
10806	7.565	+0.001525	-1.0000
10807	7.196	+0.001587	-1.0000
10808	6.878	+0.001626	-1.0000
10809	6.620	+0.001632	-1.0000
10810	6.427	+0.001601	-1.0000
10811	6.307	+0.001526	-1.0000
10812	6.264	+0.001408	-1.0000
10813	6.298	+0.001247	-1.0000
10814	6.363	+0.001047	-1.0000
10815	6.220	+0.000816	-1.0000
10827	8.876	+0.001270	-1.0000
10828	8.449	+0.001342	-1.0000
10829	8.059	+0.001405	-1.0000
10830	7.714	+0.001455	-1.0000
10831	7.419	+0.001484	-1.0000
10832	7.180	+0.001487	-1.0000
10833	7.003	+0.001459	-1.0000
10834	6.893	+0.001396	-1.0000
10835	6.853	+0.001296	-1.0000
10836	6.884	+0.001161	-1.0000
10837	6.919	+0.000995	-1.0000
10838	6.870	+0.000803	-1.0000
10849	8.949	+0.001236	-1.0000
10850	8.583	+0.001287	-1.0000
10851	8.259	+0.001325	-1.0000
10852	7.984	+0.001346	-1.0000
10853	7.762	+0.001345	-1.0000
10854	7.599	+0.001319	-1.0000
10855	7.498	+0.001263	-1.0000
10856	7.461	+0.001179	-1.0000
10857	7.490	+0.001065	-1.0000
10858	7.499	+0.000927	-1.0000
10869	8.826	+0.001203	-1.0000
10870	8.569	+0.001217	-1.0000
10871	8.363	+0.001212	-1.0000
10872	8.212	+0.001187	-1.0000
10873	8.118	+0.001138	-1.0000
10874	8.084	+0.001065	-1.0000
10875	8.111	+0.000970	-1.0000
10876	8.098	+0.000855	-1.0000
10885	8.978	+0.001091	-1.0000
10886	8.838	+0.001066	-1.0000
10887	8.751	+0.001023	-1.0000
10888	8.719	+0.000961	-1.0000
10889	8.744	+0.000880	-1.0000
10932	8.075	-0.000932	+1.0000
10933	8.327	-0.000946	+1.0000
10934	8.629	-0.000952	+1.0000
10935	8.975	-0.000948	+1.0000
10948	6.964	-0.000946	+1.0000
10949	7.049	-0.000980	+1.0000
10950	7.202	-0.001012	+1.0000
10951	7.417	-0.001037	+1.0000
10952	7.691	-0.001053	+1.0000
10953	8.016	-0.001058	+1.0000
10954	8.388	-0.001052	+1.0000
10955	8.799	-0.001036	+1.0000
10967	6.165	-0.000962	+1.0000
10968	6.185	-0.000990	+1.0000
10969	6.251	-0.001019	+1.0000
10970	6.268	-0.001053	+1.0000
10971	6.363	-0.001091	+1.0000
10972	6.531	-0.001128	+1.0000
10973	6.768	-0.001158	+1.0000
10974	7.067	-0.001177	+1.0000
10975	7.420	-0.001182	+1.0000
10976	7.819	-0.001173	+1.0000
10977	8.259	-0.001150	+1.0000
10978	8.733	-0.001116	+1.0000
10988	5.968	-0.000963	+1.0000
10989	5.737	-0.001039	+1.0000
10990	5.586	-0.001086	+1.0000
10991	5.520	-0.001110	+1.0000
10992	5.542	-0.001125	+1.0000
10993	5.554	-0.001145	+1.0000
10994	5.573	-0.001176	+1.0000
10995	5.679	-0.001216	+1.0000
10996	5.867	-0.001260	+1.0000
10997	6.130	-0.001298	+1.0000
10998	6.458	-0.001322	+1.0000
10999	6.843	-0.001326	+1.0000
11000	7.274	-0.001312	+1.0000
11001	7.745	-0.001280	+1.0000
11002	8.248	-0.001234	+1.0000
11003	8.779	-0.001180	+1.0000
11013	5.648	-0.000997	+1.0000
11014	5.390	-0.001143	+1.0000
11015	5.134	-0.001246	+1.0000
11016	4.964	-0.001297	+1.0000
11017	4.890	-0.001307	+1.0000
11018	4.915	-0.001298	+1.0000
11019	4.858	-0.001294	+1.0000
11020	4.880	-0.001311	+1.0000
11021	5.000	-0.001352	+1.0000
11022	5.213	-0.001406	+1.0000
11023	5.507	-0.001457	+1.0000
11024	5.870	-0.001488	+1.0000
11025	6.291	-0.001494	+1.0000
11026	6.757	-0.001472	+1.0000
11027	7.262	-0.001428	+1.0000
11028	7.797	-0.001368	+1.0000
11029	8.356	-0.001297	+1.0000
11030	8.935	-0.001222	+1.0000
11040	4.994	-0.001156	+1.0000
11041	4.845	-0.001369	+1.0000
11042	4.558	-0.001521	+1.0000
11043	4.366	-0.001590	+1.0000
11044	4.281	-0.001581	+1.0000
11045	4.254	-0.001523	+1.0000
11046	4.163	-0.001463	+1.0000
11047	4.188	-0.001443	+1.0000
11048	4.328	-0.001480	+1.0000
11049	4.572	-0.001554	+1.0000
11050	4.905	-0.001631	+1.0000
11051	5.309	-0.001680	+1.0000
11052	5.771	-0.001688	+1.0000
11053	6.276	-0.001657	+1.0000
11054	6.817	-0.001597	+1.0000
11055	7.384	-0.001517	+1.0000
11056	7.972	-0.001426	+1.0000
11057	8.577	-0.001331	+1.0000
11067	4.527	-0.000987	+1.0000
11068	4.355	-0.001313	+1.0000
11069	4.291	-0.001630	+1.0000
11070	4.022	-0.001878	+1.0000
11071	3.803	-0.002001	+1.0000
11072	3.705	-0.001972	+1.0000
11073	3.579	-0.001819	+1.0000
11074	3.667	-0.001545	+1.0000
11075	3.952	-0.001672	+1.0000
11076	4.332	-0.001810	+1.0000
11077	4.785	-0.001895	+1.0000
11078	5.293	-0.001912	+1.0000
11079	5.840	-0.001869	+1.0000
11080	6.417	-0.001786	+1.0000
11081	7.016	-0.001679	+1.0000
11082	7.633	-0.001563	+1.0000
11083	8.263	-0.001445	+1.0000
11084	8.903	-0.001331	+1.0000
11094	3.937	-0.000994	+1.0000
11095	3.737	-0.001425	+1.0000
11096	3.662	-0.001896	+1.0000
11097	3.543	-0.002319	+1.0000
11098	3.292	-0.002578	+1.0000
11099	3.802	-0.001975	+1.0000
11100	4.311	-0.002138	+1.0000
11101	4.868	-0.002170	+1.0000
11102	5.458	-0.002109	+1.0000
11103	6.072	-0.001994	+1.0000
11104	6.702	-0.001853	+1.0000
11105	7.345	-0.001705	+1.0000
11106	7.998	-0.001561	+1.0000
11107	8.657	-0.001425	+1.0000
11119	3.153	-0.001457	+1.0000
11120	3.064	-0.002134	+1.0000
11121	3.133	-0.002849	+1.0000
11122	3.906	-0.002418	+1.0000
11123	4.513	-0.002467	+1.0000
11124	5.144	-0.002374	+1.0000
11125	5.791	-0.002215	+1.0000
11126	6.449	-0.002031	+1.0000
11127	7.115	-0.001847	+1.0000
11128	7.787	-0.001674	+1.0000
11129	8.463	-0.001515	+1.0000
11141	3.593	-0.002761	+1.0000
11142	4.245	-0.002803	+1.0000
11143	4.910	-0.002654	+1.0000
11144	5.584	-0.002436	+1.0000
11145	6.264	-0.002203	+1.0000
11146	6.948	-0.001980	+1.0000
11147	7.634	-0.001776	+1.0000
11148	8.323	-0.001594	+1.0000
11159	4.080	-0.003153	+1.0000
11160	4.769	-0.002920	+1.0000
11161	5.460	-0.002635	+1.0000
11162	6.154	-0.002351	+1.0000
11163	6.848	-0.002091	+1.0000
11164	7.544	-0.001860	+1.0000
11165	8.240	-0.001658	+1.0000
11166	8.937	-0.001482	+1.0000
11177	4.032	-0.003444	+1.0000
11178	4.728	-0.003123	+1.0000
11179	5.424	-0.002780	+1.0000
11180	6.122	-0.002458	+1.0000
11181	6.820	-0.002170	+1.0000
11182	7.518	-0.001919	+1.0000
11183	8.217	-0.001702	+1.0000
11184	8.915	-0.001515	+1.0000
11194	4.105	-0.003562	+1.0000
11195	4.790	-0.003207	+1.0000
11196	5.478	-0.002843	+1.0000
11197	6.170	-0.002505	+1.0000
11198	6.863	-0.002205	+1.0000
11199	7.557	-0.001945	+1.0000
11200	8.252	-0.001721	+1.0000
11201	8.948	-0.001529	+1.0000
11204	7.323	+0.000814	-1.0000
11205	6.652	+0.000846	-1.0000
11206	5.988	+0.000865	-1.0000
11207	5.334	+0.000863	-1.0000
11208	4.692	+0.000829	-1.0000
11211	4.155	-0.003440	+1.0000
11212	4.849	-0.003145	+1.0000
11213	5.545	-0.002810	+1.0000
11214	6.242	-0.002486	+1.0000
11215	6.924	-0.002193	+1.0000
11216	7.600	-0.001936	+1.0000
11217	8.280	-0.001713	+1.0000
11218	8.962	-0.001521	+1.0000
11220	7.917	+0.000852	-1.0000
11221	7.257	+0.000902	-1.0000
11222	6.606	+0.000945	-1.0000
11223	5.965	+0.000975	-1.0000
11224	5.340	+0.000981	-1.0000
11225	4.735	+0.000951	-1.0000
11226	4.161	+0.000869	-1.0000
11229	4.249	-0.003153	+1.0000
11230	4.922	-0.002970	+1.0000
11231	5.576	-0.002697	+1.0000
11232	6.241	-0.002409	+1.0000
11233	6.912	-0.002137	+1.0000
11234	7.589	-0.001893	+1.0000
11235	8.269	-0.001679	+1.0000
11236	8.953	-0.001494	+1.0000
11237	8.555	+0.000860	-1.0000
11238	7.886	+0.000922	-1.0000
11239	7.224	+0.000982	-1.0000
11240	6.569	+0.001036	-1.0000
11241	5.925	+0.001076	-1.0000
11242	5.295	+0.001091	-1.0000
11243	4.685	+0.001064	-1.0000
11244	4.103	+0.000980	-1.0000
11245	3.565	+0.000829	-1.0000
11247	4.218	-0.002858	+1.0000
11248	4.880	-0.002751	+1.0000
11249	5.551	-0.002535	+1.0000
11250	6.229	-0.002287	+1.0000
11251	6.897	-0.002044	+1.0000
11252	7.570	-0.001820	+1.0000
11253	8.247	-0.001622	+1.0000
11254	8.928	-0.001447	+1.0000
11255	8.584	+0.000913	-1.0000
11256	7.918	+0.000983	-1.0000
11257	7.259	+0.001053	-1.0000
11258	6.607	+0.001117	-1.0000
11259	5.967	+0.001168	-1.0000
11260	5.342	+0.001192	-1.0000
11261	4.738	+0.001171	-1.0000
11262	4.164	+0.001085	-1.0000
11263	3.634	+0.000920	-1.0000
11265	4.106	-0.002653	+1.0000
11266	4.784	-0.002541	+1.0000
11267	5.467	-0.002354	+1.0000
11268	6.154	-0.002139	+1.0000
11269	6.843	-0.001925	+1.0000
11270	7.535	-0.001725	+1.0000
11271	8.228	-0.001545	+1.0000
11272	8.922	-0.001385	+1.0000
11273	8.670	+0.000957	-1.0000
11274	8.011	+0.001034	-1.0000
11275	7.360	+0.001112	-1.0000
11276	6.719	+0.001186	-1.0000
11277	6.090	+0.001248	-1.0000
11278	5.479	+0.001284	-1.0000
11279	4.892	+0.001274	-1.0000
11280	4.338	+0.001194	-1.0000
11281	3.833	+0.001024	-1.0000
11284	4.113	-0.002507	+1.0000
11285	4.789	-0.002347	+1.0000
11286	5.472	-0.002167	+1.0000
11287	6.158	-0.001976	+1.0000
11288	6.847	-0.001789	+1.0000
11289	7.538	-0.001613	+1.0000
11290	8.231	-0.001453	+1.0000
11291	8.925	-0.001310	+1.0000
11292	8.811	+0.000991	-1.0000
11293	8.163	+0.001073	-1.0000
11294	7.525	+0.001158	-1.0000
11295	6.899	+0.001240	-1.0000
11296	6.289	+0.001312	-1.0000
11297	5.699	+0.001361	-1.0000
11298	5.137	+0.001368	-1.0000
11299	4.613	+0.001308	-1.0000
11300	4.141	+0.001155	-1.0000
11301	3.742	+0.000898	-1.0000
11306	3.592	-0.002606	+1.0000
11307	4.236	-0.002341	+1.0000
11308	4.896	-0.002149	+1.0000
11309	5.565	-0.001974	+1.0000
11310	6.241	-0.001804	+1.0000
11311	6.922	-0.001642	+1.0000
11312	7.606	-0.001490	+1.0000
11313	8.293	-0.001351	+1.0000
11314	8.982	-0.001225	+1.0000
11315	8.372	+0.001099	-1.0000
11316	7.751	+0.001189	-1.0000
11317	7.144	+0.001277	-1.0000
11318	6.557	+0.001358	-1.0000
11319	5.994	+0.001419	-1.0000
11320	5.462	+0.001445	-1.0000
11321	4.972	+0.001412	-1.0000
11322	4.538	+0.001296	-1.0000
11323	4.177	+0.001081	-1.0000
11329	3.294	-0.002770	+1.0000
11330	3.862	-0.002367	+1.0000
11331	4.467	-0.002115	+1.0000
11332	5.097	-0.001930	+1.0000
11333	5.743	-0.001772	+1.0000
11334	6.400	-0.001626	+1.0000
11335	7.066	-0.001489	+1.0000
11336	7.737	-0.001361	+1.0000
11337	8.414	-0.001242	+1.0000
11338	8.632	+0.001112	-1.0000
11339	8.031	+0.001203	-1.0000
11340	7.448	+0.001295	-1.0000
11341	6.886	+0.001381	-1.0000
11342	6.352	+0.001453	-1.0000
11343	5.853	+0.001495	-1.0000
11344	5.399	+0.001491	-1.0000
11345	5.002	+0.001418	-1.0000
11346	4.676	+0.001262	-1.0000
11347	4.438	+0.001030	-1.0000
11353	2.868	-0.001156	+1.0000
11354	3.280	-0.002564	+1.0000
11355	3.720	-0.002265	+1.0000
11356	4.231	-0.002022	+1.0000
11357	4.790	-0.001838	+1.0000
11358	5.382	-0.001691	+1.0000
11359	5.997	-0.001563	+1.0000
11360	6.630	-0.001445	+1.0000
11361	7.274	-0.001333	+1.0000
11362	7.928	-0.001228	+1.0000
11363	8.590	-0.001129	+1.0000
11364	8.939	+0.001111	-1.0000
11365	8.360	+0.001201	-1.0000
11366	7.802	+0.001293	-1.0000
11367	7.268	+0.001381	-1.0000
11368	6.764	+0.001458	-1.0000
11369	6.297	+0.001513	-1.0000
11370	5.878	+0.001531	-1.0000
11371	5.515	+0.001495	-1.0000
11372	5.222	+0.001394	-1.0000
11373	5.010	+0.001229	-1.0000
11374	4.890	+0.001016	-1.0000
11380	3.371	-0.001207	+1.0000
11381	3.392	-0.001644	+1.0000
11382	3.553	-0.001841	+1.0000
11383	3.838	-0.001846	+1.0000
11384	4.220	-0.001760	+1.0000
11385	4.677	-0.001650	+1.0000
11386	5.188	-0.001544	+1.0000
11387	5.739	-0.001446	+1.0000
11388	6.320	-0.001354	+1.0000
11389	6.923	-0.001265	+1.0000
11390	7.542	-0.001179	+1.0000
11391	8.175	-0.001096	+1.0000
11392	8.818	-0.001017	+1.0000
11393	8.734	+0.001184	-1.0000
11394	8.201	+0.001273	-1.0000
11395	7.694	+0.001360	-1.0000
11396	7.197	+0.001438	-1.0000
11397	6.735	+0.001498	-1.0000
11398	6.318	+0.001529	-1.0000
11399	5.954	+0.001520	-1.0000
11400	5.653	+0.001459	-1.0000
11401	5.427	+0.001344	-1.0000
11402	5.284	+0.001182	-1.0000
11403	5.232	+0.000985	-1.0000
11409	4.056	-0.000976	+1.0000
11410	4.192	-0.001196	+1.0000
11411	4.436	-0.001300	+1.0000
11412	4.771	-0.001323	+1.0000
11413	5.179	-0.001302	+1.0000
11414	5.645	-0.001261	+1.0000
11415	6.155	-0.001209	+1.0000
11416	6.700	-0.001152	+1.0000
11417	7.271	-0.001092	+1.0000
11418	7.864	-0.001030	+1.0000
11419	8.472	-0.000968	+1.0000
11420	8.507	+0.001238	-1.0000
11421	7.999	+0.001320	-1.0000
11422	7.522	+0.001394	-1.0000
11423	7.082	+0.001454	-1.0000
11424	6.686	+0.001491	-1.0000
11425	6.343	+0.001496	-1.0000
11426	6.062	+0.001460	-1.0000
11427	5.851	+0.001380	-1.0000
11428	5.719	+0.001254	-1.0000
11429	5.671	+0.001089	-1.0000
11430	5.610	+0.000887	-1.0000
11438	5.356	-0.000970	+1.0000
11439	5.723	-0.001002	+1.0000
11440	6.148	-0.001006	+1.0000
11441	6.620	-0.000991	+1.0000
11442	7.129	-0.000964	+1.0000
11446	8.840	+0.001191	-1.0000
11447	8.352	+0.001265	-1.0000
11448	7.896	+0.001333	-1.0000
11449	7.478	+0.001389	-1.0000
11450	7.104	+0.001426	-1.0000
11451	6.782	+0.001437	-1.0000
11452	6.520	+0.001414	-1.0000
11453	6.325	+0.001354	-1.0000
11454	6.203	+0.001255	-1.0000
11455	6.159	+0.001117	-1.0000
11456	6.194	+0.000942	-1.0000
11471	8.747	+0.001201	-1.0000
11472	8.312	+0.001260	-1.0000
11473	7.916	+0.001310	-1.0000
11474	7.564	+0.001343	-1.0000
11475	7.263	+0.001354	-1.0000
11476	7.019	+0.001338	-1.0000
11477	6.838	+0.001290	-1.0000
11478	6.725	+0.001209	-1.0000
11479	6.684	+0.001093	-1.0000
11480	6.716	+0.000945	-1.0000
11494	8.765	+0.001181	-1.0000
11495	8.390	+0.001223	-1.0000
11496	8.059	+0.001251	-1.0000
11497	7.777	+0.001260	-1.0000
11498	7.549	+0.001246	-1.0000
11499	7.381	+0.001206	-1.0000
11500	7.277	+0.001137	-1.0000
11501	7.239	+0.001040	-1.0000
11502	7.269	+0.000915	-1.0000
11515	8.894	+0.001134	-1.0000
11516	8.582	+0.001156	-1.0000
11517	8.318	+0.001162	-1.0000
11518	8.105	+0.001149	-1.0000
11519	7.949	+0.001114	-1.0000
11520	7.852	+0.001055	-1.0000
11521	7.817	+0.000972	-1.0000
11522	7.845	+0.000866	-1.0000
11534	8.881	+0.001066	-1.0000
11535	8.682	+0.001053	-1.0000
11536	8.537	+0.001021	-1.0000
11537	8.447	+0.000970	-1.0000
11538	8.414	+0.000899	-1.0000
11539	8.440	+0.000810	-1.0000
11597	7.283	-0.000956	+1.0000
11598	7.497	-0.000976	+1.0000
11599	7.767	-0.000990	+1.0000
11600	8.090	-0.000996	+1.0000
11601	8.458	-0.000992	+1.0000
11602	8.866	-0.000978	+1.0000
11614	6.405	-0.000946	+1.0000
11615	6.345	-0.000970	+1.0000
11616	6.362	-0.000996	+1.0000
11617	6.455	-0.001024	+1.0000
11618	6.621	-0.001052	+1.0000
11619	6.855	-0.001077	+1.0000
11620	7.150	-0.001094	+1.0000
11621	7.499	-0.001100	+1.0000
11622	7.895	-0.001094	+1.0000
11623	8.330	-0.001076	+1.0000
11624	8.801	-0.001049	+1.0000
11634	6.047	-0.000966	+1.0000
11635	5.903	-0.001017	+1.0000
11636	5.841	-0.001047	+1.0000
11637	5.727	-0.001063	+1.0000
11638	5.660	-0.001077	+1.0000
11639	5.678	-0.001096	+1.0000
11640	5.782	-0.001123	+1.0000
11641	5.967	-0.001155	+1.0000
11642	6.226	-0.001186	+1.0000
11643	6.549	-0.001208	+1.0000
11644	6.928	-0.001216	+1.0000
11645	7.355	-0.001209	+1.0000
11646	7.821	-0.001186	+1.0000
11647	8.320	-0.001151	+1.0000
11648	8.846	-0.001106	+1.0000
11658	5.718	-0.001031	+1.0000
11659	5.477	-0.001129	+1.0000
11660	5.318	-0.001187	+1.0000
11661	5.225	-0.001207	+1.0000
11662	5.055	-0.001202	+1.0000
11663	4.978	-0.001191	+1.0000
11664	4.999	-0.001194	+1.0000
11665	5.117	-0.001217	+1.0000
11666	5.325	-0.001257	+1.0000
11667	5.613	-0.001301	+1.0000
11668	5.970	-0.001333	+1.0000
11669	6.384	-0.001346	+1.0000
11670	6.844	-0.001337	+1.0000
11671	7.343	-0.001307	+1.0000
11672	7.872	-0.001262	+1.0000
11673	8.426	-0.001207	+1.0000
11683	5.279	-0.001023	+1.0000
11684	5.207	-0.001200	+1.0000
11685	4.942	-0.001335	+1.0000
11686	4.765	-0.001407	+1.0000
11687	4.586	-0.001412	+1.0000
11688	4.391	-0.001364	+1.0000
11689	4.302	-0.001302	+1.0000
11690	4.327	-0.001268	+1.0000
11691	4.463	-0.001284	+1.0000
11692	4.700	-0.001341	+1.0000
11693	5.024	-0.001410	+1.0000
11694	5.419	-0.001464	+1.0000
11695	5.872	-0.001487	+1.0000
11696	6.370	-0.001478	+1.0000
11697	6.903	-0.001441	+1.0000
11698	7.463	-0.001384	+1.0000
11699	8.046	-0.001314	+1.0000
11700	8.645	-0.001238	+1.0000
11710	4.679	-0.001147	+1.0000
11711	4.619	-0.001396	+1.0000
11712	4.452	-0.001596	+1.0000
11713	4.255	-0.001701	+1.0000
11714	3.967	-0.001682	+1.0000
11715	3.740	-0.001550	+1.0000
11716	3.636	-0.001374	+1.0000
11717	3.665	-0.001259	+1.0000
11718	3.824	-0.001265	+1.0000
11719	4.098	-0.001369	+1.0000
11720	4.466	-0.001498	+1.0000
11721	4.907	-0.001596	+1.0000
11722	5.403	-0.001641	+1.0000
11723	5.940	-0.001634	+1.0000
11724	6.508	-0.001587	+1.0000
11725	7.100	-0.001514	+1.0000
11726	7.710	-0.001427	+1.0000
11727	8.334	-0.001334	+1.0000
11728	8.969	-0.001241	+1.0000
11739	4.110	-0.001260	+1.0000
11740	4.042	-0.001613	+1.0000
11741	4.025	-0.001922	+1.0000
11742	3.762	-0.002102	+1.0000
11743	3.955	-0.001540	+1.0000
11744	4.446	-0.001724	+1.0000
11745	4.988	-0.001805	+1.0000
11746	5.565	-0.001802	+1.0000
11747	6.168	-0.001742	+1.0000
11748	6.790	-0.001650	+1.0000
11749	7.425	-0.001543	+1.0000
11750	8.071	-0.001431	+1.0000
11751	8.725	-0.001321	+1.0000
11762	3.587	-0.001357	+1.0000
11763	3.509	-0.001850	+1.0000
11764	3.570	-0.002335	+1.0000
11765	4.055	-0.001851	+1.0000
11766	4.642	-0.001982	+1.0000
11767	5.258	-0.001980	+1.0000
11768	5.892	-0.001902	+1.0000
11769	6.540	-0.001786	+1.0000
11770	7.197	-0.001656	+1.0000
11771	7.862	-0.001524	+1.0000
11772	8.533	-0.001396	+1.0000
11784	3.135	-0.001453	+1.0000
11785	3.046	-0.002122	+1.0000
11786	3.754	-0.001997	+1.0000
11787	4.382	-0.002172	+1.0000
11788	5.029	-0.002161	+1.0000
11789	5.689	-0.002058	+1.0000
11790	6.357	-0.001915	+1.0000
11791	7.032	-0.001760	+1.0000
11792	7.711	-0.001607	+1.0000
11793	8.394	-0.001463	+1.0000
11805	2.787	-0.001577	+1.0000
11806	4.223	-0.002368	+1.0000
11807	4.891	-0.002331	+1.0000
11808	5.567	-0.002197	+1.0000
11809	6.249	-0.002025	+1.0000
11810	6.934	-0.001847	+1.0000
11811	7.622	-0.001675	+1.0000
11812	8.312	-0.001516	+1.0000
11824	4.176	-0.002535	+1.0000
11825	4.851	-0.002461	+1.0000
11826	5.532	-0.002298	+1.0000
11827	6.218	-0.002104	+1.0000
11828	6.906	-0.001908	+1.0000
11829	7.596	-0.001722	+1.0000
11830	8.288	-0.001552	+1.0000
11831	8.981	-0.001400	+1.0000
11843	4.246	-0.002617	+1.0000
11844	4.912	-0.002521	+1.0000
11845	5.585	-0.002345	+1.0000
11846	6.265	-0.002140	+1.0000
11847	6.948	-0.001936	+1.0000
11848	7.635	-0.001743	+1.0000
11849	8.324	-0.001568	+1.0000
11861	4.297	-0.002582	+1.0000
11862	4.972	-0.002498	+1.0000
11863	5.653	-0.002330	+1.0000
11864	6.338	-0.002131	+1.0000
11865	7.026	-0.001928	+1.0000
11866	7.716	-0.001736	+1.0000
11867	8.408	-0.001562	+1.0000
11879	4.389	-0.002469	+1.0000
11880	5.051	-0.002410	+1.0000
11881	5.723	-0.002263	+1.0000
11882	6.400	-0.002079	+1.0000
11883	7.082	-0.001887	+1.0000
11884	7.767	-0.001703	+1.0000
11885	8.453	-0.001534	+1.0000
11888	7.489	+0.000835	-1.0000
11889	6.860	+0.000862	-1.0000
11890	6.246	+0.000872	-1.0000
11891	5.652	+0.000857	-1.0000
11892	5.084	+0.000804	-1.0000
11898	3.839	-0.002287	+1.0000
11899	4.448	-0.002350	+1.0000
11900	5.080	-0.002294	+1.0000
11901	5.728	-0.002162	+1.0000
11902	6.387	-0.001994	+1.0000
11903	7.053	-0.001817	+1.0000
11904	7.726	-0.001645	+1.0000
11905	8.403	-0.001486	+1.0000
11906	8.809	+0.000804	-1.0000
11907	8.161	+0.000853	-1.0000
11908	7.523	+0.000898	-1.0000
11909	6.897	+0.000933	-1.0000
11910	6.286	+0.000952	-1.0000
11911	5.696	+0.000945	-1.0000
11912	5.133	+0.000900	-1.0000
11913	4.609	+0.000805	-1.0000
11919	3.716	-0.002318	+1.0000
11920	4.342	-0.002264	+1.0000
11921	4.987	-0.002173	+1.0000
11922	5.646	-0.002041	+1.0000
11923	6.313	-0.001887	+1.0000
11924	6.987	-0.001725	+1.0000
11925	7.666	-0.001568	+1.0000
11926	8.348	-0.001422	+1.0000
11927	8.892	+0.000845	-1.0000
11928	8.251	+0.000900	-1.0000
11929	7.621	+0.000951	-1.0000
11930	7.003	+0.000995	-1.0000
11931	6.403	+0.001023	-1.0000
11932	5.824	+0.001026	-1.0000
11933	5.276	+0.000991	-1.0000
11934	4.767	+0.000904	-1.0000
11940	3.723	-0.002358	+1.0000
11941	4.348	-0.002184	+1.0000
11942	4.993	-0.002048	+1.0000
11943	5.650	-0.001909	+1.0000
11944	6.317	-0.001764	+1.0000
11945	6.991	-0.001618	+1.0000
11946	7.669	-0.001476	+1.0000
11947	8.351	-0.001344	+1.0000
11948	8.399	+0.000936	-1.0000
11949	7.780	+0.000994	-1.0000
11950	7.177	+0.001045	-1.0000
11951	6.592	+0.001082	-1.0000
11952	6.032	+0.001095	-1.0000
11953	5.504	+0.001073	-1.0000
11954	5.019	+0.001000	-1.0000
11955	4.589	+0.000866	-1.0000
11961	3.291	-0.002691	+1.0000
11962	3.859	-0.002294	+1.0000
11963	4.465	-0.002066	+1.0000
11964	5.095	-0.001905	+1.0000
11965	5.741	-0.001764	+1.0000
11966	6.398	-0.001629	+1.0000
11967	7.064	-0.001498	+1.0000
11968	7.736	-0.001374	+1.0000
11969	8.412	-0.001257	+1.0000
11970	8.602	+0.000962	-1.0000
11971	7.999	+0.001024	-1.0000
11972	7.413	+0.001081	-1.0000
11973	6.848	+0.001126	-1.0000
11974	6.311	+0.001150	-1.0000
11975	5.808	+0.001142	-1.0000
11976	5.350	+0.001089	-1.0000
11977	4.949	+0.000978	-1.0000
11978	4.620	+0.000806	-1.0000
11984	3.007	-0.001092	+1.0000
11985	3.124	-0.002882	+1.0000
11986	3.583	-0.002415	+1.0000
11987	4.111	-0.002099	+1.0000
11988	4.684	-0.001889	+1.0000
11989	5.288	-0.001734	+1.0000
11990	5.913	-0.001604	+1.0000
11991	6.554	-0.001484	+1.0000
11992	7.205	-0.001371	+1.0000
11993	7.865	-0.001263	+1.0000
11994	8.531	-0.001162	+1.0000
11995	8.855	+0.000977	-1.0000
11996	8.270	+0.001042	-1.0000
11997	7.705	+0.001102	-1.0000
11998	7.164	+0.001153	-1.0000
11999	6.652	+0.001187	-1.0000
12000	6.177	+0.001193	-1.0000
12001	5.749	+0.001160	-1.0000
12002	5.378	+0.001077	-1.0000
12003	5.076	+0.000939	-1.0000
12010	3.196	-0.001325	+1.0000
12011	3.063	-0.001973	+1.0000
12012	3.086	-0.002378	+1.0000
12013	3.263	-0.002423	+1.0000
12014	3.570	-0.002245	+1.0000
12015	3.979	-0.002016	+1.0000
12016	4.460	-0.001819	+1.0000
12017	4.993	-0.001665	+1.0000
12018	5.564	-0.001540	+1.0000
12019	6.161	-0.001432	+1.0000
12020	6.778	-0.001333	+1.0000
12021	7.410	-0.001238	+1.0000
12022	8.053	-0.001148	+1.0000
12023	8.705	-0.001063	+1.0000
12024	8.591	+0.001046	-1.0000
12025	8.048	+0.001109	-1.0000
12026	7.531	+0.001163	-1.0000
12027	7.046	+0.001204	-1.0000
12028	6.600	+0.001221	-1.0000
12029	6.201	+0.001207	-1.0000
12030	5.858	+0.001150	-1.0000
12031	5.583	+0.001047	-1.0000
12032	5.385	+0.000898	-1.0000
12039	3.654	-0.001231	+1.0000
12040	3.673	-0.001546	+1.0000
12041	3.823	-0.001685	+1.0000
12042	4.089	-0.001682	+1.0000
12043	4.450	-0.001607	+1.0000
12044	4.885	-0.001512	+1.0000
12045	5.376	-0.001420	+1.0000
12046	5.910	-0.001335	+1.0000
12047	6.475	-0.001255	+1.0000
12048	7.065	-0.001179	+1.0000
12049	7.673	-0.001105	+1.0000
12050	8.296	-0.001033	+1.0000
12051	8.930	-0.000963	+1.0000
12052	8.954	+0.001038	-1.0000
12053	8.435	+0.001100	-1.0000
12054	7.944	+0.001156	-1.0000
12055	7.486	+0.001200	-1.0000
12056	7.067	+0.001225	-1.0000
12057	6.696	+0.001224	-1.0000
12058	6.380	+0.001189	-1.0000
12059	6.128	+0.001114	-1.0000
12060	5.948	+0.000999	-1.0000
12061	5.847	+0.000848	-1.0000
12068	4.295	-0.000992	+1.0000
12069	4.423	-0.001156	+1.0000
12070	4.655	-0.001230	+1.0000
12071	4.975	-0.001241	+1.0000
12072	5.368	-0.001218	+1.0000
12073	5.819	-0.001179	+1.0000
12074	6.315	-0.001132	+1.0000
12075	6.847	-0.001081	+1.0000
12076	7.407	-0.001028	+1.0000
12077	7.989	-0.000973	+1.0000
12079	8.861	+0.001078	-1.0000
12080	8.391	+0.001133	-1.0000
12081	7.937	+0.001177	-1.0000
12082	7.521	+0.001206	-1.0000
12083	7.150	+0.001213	-1.0000
12084	6.830	+0.001193	-1.0000
12085	6.570	+0.001139	-1.0000
12086	6.376	+0.001050	-1.0000
12087	6.255	+0.000927	-1.0000
12097	5.539	-0.000936	+1.0000
12098	5.894	-0.000958	+1.0000
12099	6.308	-0.000957	+1.0000
12100	6.768	-0.000941	+1.0000
12105	8.728	+0.001096	-1.0000
12106	8.293	+0.001139	-1.0000
12107	7.896	+0.001169	-1.0000
12108	7.543	+0.001180	-1.0000
12109	7.240	+0.001168	-1.0000
12110	6.995	+0.001128	-1.0000
12111	6.814	+0.001058	-1.0000
12112	6.701	+0.000957	-1.0000
12113	6.660	+0.000826	-1.0000
12129	8.690	+0.001090	-1.0000
12130	8.312	+0.001117	-1.0000
12131	7.977	+0.001129	-1.0000
12132	7.692	+0.001122	-1.0000
12133	7.462	+0.001091	-1.0000
12134	7.292	+0.001034	-1.0000
12135	7.186	+0.000950	-1.0000
12136	7.148	+0.000840	-1.0000
12151	8.764	+0.001057	-1.0000
12152	8.448	+0.001068	-1.0000
12153	8.179	+0.001062	-1.0000
12154	7.963	+0.001037	-1.0000
12155	7.804	+0.000989	-1.0000
12156	7.705	+0.000919	-1.0000
12157	7.670	+0.000825	-1.0000
12171	8.948	+0.001001	-1.0000
12172	8.695	+0.000996	-1.0000
12173	8.492	+0.000973	-1.0000
12174	8.343	+0.000932	-1.0000
12175	8.251	+0.000872	-1.0000
12189	8.905	+0.000870	-1.0000
12190	8.819	+0.000818	-1.0000
12245	8.222	-0.000931	+1.0000
12262	6.620	-0.000951	+1.0000
12263	6.782	-0.000974	+1.0000
12264	7.011	-0.000994	+1.0000
12265	7.300	-0.001010	+1.0000
12266	7.642	-0.001017	+1.0000
12267	8.030	-0.001014	+1.0000
12268	8.459	-0.001001	+1.0000
12269	8.922	-0.000980	+1.0000
12280	6.280	-0.000933	+1.0000
12281	6.059	-0.000964	+1.0000
12282	5.913	-0.000981	+1.0000
12283	5.848	-0.000992	+1.0000
12284	5.866	-0.001006	+1.0000
12285	5.966	-0.001027	+1.0000
12286	6.146	-0.001052	+1.0000
12287	6.397	-0.001078	+1.0000
12288	6.712	-0.001099	+1.0000
12289	7.083	-0.001109	+1.0000
12290	7.500	-0.001107	+1.0000
12291	7.958	-0.001092	+1.0000
12292	8.449	-0.001066	+1.0000
12293	8.967	-0.001030	+1.0000
12304	5.884	-0.001008	+1.0000
12305	5.673	-0.001063	+1.0000
12306	5.428	-0.001085	+1.0000
12307	5.264	-0.001085	+1.0000
12308	5.191	-0.001076	+1.0000
12309	5.211	-0.001075	+1.0000
12310	5.324	-0.001091	+1.0000
12311	5.524	-0.001122	+1.0000
12312	5.803	-0.001159	+1.0000
12313	6.148	-0.001190	+1.0000
12314	6.551	-0.001207	+1.0000
12315	7.000	-0.001207	+1.0000
12316	7.489	-0.001189	+1.0000
12317	8.008	-0.001157	+1.0000
12318	8.553	-0.001115	+1.0000
12329	5.588	-0.001049	+1.0000
12330	5.389	-0.001160	+1.0000
12331	5.091	-0.001222	+1.0000
12332	4.816	-0.001230	+1.0000
12333	4.630	-0.001195	+1.0000
12334	4.547	-0.001145	+1.0000
12335	4.570	-0.001114	+1.0000
12336	4.699	-0.001122	+1.0000
12337	4.924	-0.001166	+1.0000
12338	5.235	-0.001226	+1.0000
12339	5.615	-0.001278	+1.0000
12340	6.053	-0.001309	+1.0000
12341	6.537	-0.001313	+1.0000
12342	7.057	-0.001294	+1.0000
12343	7.607	-0.001255	+1.0000
12344	8.179	-0.001203	+1.0000
12345	8.769	-0.001143	+1.0000
12355	5.079	-0.001002	+1.0000
12356	5.024	-0.001194	+1.0000
12357	4.933	-0.001344	+1.0000
12358	4.542	-0.001421	+1.0000
12359	4.231	-0.001405	+1.0000
12360	4.019	-0.001303	+1.0000
12361	3.922	-0.001170	+1.0000
12362	3.949	-0.001079	+1.0000
12363	4.097	-0.001079	+1.0000
12364	4.354	-0.001156	+1.0000
12365	4.702	-0.001263	+1.0000
12366	5.123	-0.001355	+1.0000
12367	5.599	-0.001410	+1.0000
12368	6.119	-0.001424	+1.0000
12369	6.672	-0.001403	+1.0000
12370	7.251	-0.001357	+1.0000
12371	7.849	-0.001295	+1.0000
12372	8.462	-0.001224	+1.0000
12383	4.560	-0.001100	+1.0000
12384	4.499	-0.001357	+1.0000
12385	4.475	-0.001569	+1.0000
12386	4.039	-0.001678	+1.0000
12387	3.686	-0.001627	+1.0000
12388	3.827	-0.001050	+1.0000
12389	4.219	-0.001254	+1.0000
12390	4.683	-0.001417	+1.0000
12391	5.200	-0.001510	+1.0000
12392	5.756	-0.001538	+1.0000
12393	6.341	-0.001516	+1.0000
12394	6.947	-0.001461	+1.0000
12395	7.569	-0.001386	+1.0000
12396	8.204	-0.001302	+1.0000
12397	8.848	-0.001216	+1.0000
12408	4.096	-0.001194	+1.0000
12409	4.028	-0.001538	+1.0000
12410	4.080	-0.001843	+1.0000
12411	3.604	-0.002019	+1.0000
12412	3.804	-0.001191	+1.0000
12413	4.313	-0.001464	+1.0000
12414	4.870	-0.001610	+1.0000
12415	5.459	-0.001653	+1.0000
12416	6.073	-0.001628	+1.0000
12417	6.703	-0.001562	+1.0000
12418	7.346	-0.001474	+1.0000
12419	7.998	-0.001377	+1.0000
12420	8.658	-0.001278	+1.0000
12431	3.706	-0.001282	+1.0000
12432	3.631	-0.001728	+1.0000
12433	3.689	-0.002157	+1.0000
12434	4.031	-0.001511	+1.0000
12435	4.622	-0.001710	+1.0000
12436	5.240	-0.001766	+1.0000
12437	5.876	-0.001735	+1.0000
12438	6.525	-0.001656	+1.0000
12439	7.184	-0.001554	+1.0000
12440	7.850	-0.001443	+1.0000
12441	8.521	-0.001333	+1.0000
12452	3.417	-0.001351	+1.0000
12453	3.335	-0.001896	+1.0000
12454	3.398	-0.002448	+1.0000
12455	3.858	-0.001581	+1.0000
12456	4.471	-0.001812	+1.0000
12457	5.107	-0.001870	+1.0000
12458	5.758	-0.001828	+1.0000
12459	6.419	-0.001736	+1.0000
12460	7.088	-0.001620	+1.0000
12461	7.762	-0.001497	+1.0000
12462	8.441	-0.001376	+1.0000
12473	3.255	-0.001360	+1.0000
12474	3.169	-0.001969	+1.0000
12475	3.807	-0.001673	+1.0000
12476	4.428	-0.001902	+1.0000
12477	5.069	-0.001951	+1.0000
12478	5.724	-0.001898	+1.0000
12479	6.389	-0.001793	+1.0000
12480	7.061	-0.001666	+1.0000
12481	7.737	-0.001534	+1.0000
12482	8.418	-0.001406	+1.0000
12493	3.240	-0.001256	+1.0000
12494	3.153	-0.001885	+1.0000
12495	3.883	-0.001748	+1.0000
12496	4.494	-0.001959	+1.0000
12497	5.127	-0.001995	+1.0000
12498	5.776	-0.001933	+1.0000
12499	6.435	-0.001822	+1.0000
12500	7.102	-0.001689	+1.0000
12501	7.775	-0.001551	+1.0000
12502	8.452	-0.001418	+1.0000
12513	3.373	-0.001042	+1.0000
12514	3.878	-0.001779	+1.0000
12515	4.544	-0.001969	+1.0000
12516	5.187	-0.001997	+1.0000
12517	5.843	-0.001932	+1.0000
12518	6.508	-0.001819	+1.0000
12519	7.179	-0.001685	+1.0000
12520	7.856	-0.001547	+1.0000
12521	8.537	-0.001413	+1.0000
12533	3.850	-0.001799	+1.0000
12534	4.532	-0.001950	+1.0000
12535	5.219	-0.001965	+1.0000
12536	5.908	-0.001898	+1.0000
12537	6.569	-0.001787	+1.0000
12538	7.235	-0.001656	+1.0000
12539	7.907	-0.001521	+1.0000
12540	8.583	-0.001391	+1.0000
12552	3.949	-0.001859	+1.0000
12553	4.616	-0.001929	+1.0000
12554	5.292	-0.001914	+1.0000
12555	5.973	-0.001839	+1.0000
12556	6.615	-0.001730	+1.0000
12557	7.261	-0.001605	+1.0000
12558	7.916	-0.001477	+1.0000
12559	8.578	-0.001352	+1.0000
12572	4.096	-0.001948	+1.0000
12573	4.671	-0.001912	+1.0000
12574	5.277	-0.001852	+1.0000
12575	5.903	-0.001764	+1.0000
12576	6.544	-0.001655	+1.0000
12577	7.197	-0.001536	+1.0000
12578	7.857	-0.001416	+1.0000
12579	8.524	-0.001299	+1.0000
12581	7.935	+0.000809	-1.0000
12582	7.344	+0.000830	-1.0000
12583	6.773	+0.000835	-1.0000
12584	6.230	+0.000817	-1.0000
12592	3.573	-0.002210	+1.0000
12593	4.102	-0.002001	+1.0000
12594	4.677	-0.001876	+1.0000
12595	5.282	-0.001774	+1.0000
12596	5.907	-0.001672	+1.0000
12597	6.548	-0.001564	+1.0000
12598	7.200	-0.001452	+1.0000
12599	7.860	-0.001341	+1.0000
12600	8.527	-0.001234	+1.0000
12601	8.685	+0.000812	-1.0000
12602	8.088	+0.000848	-1.0000
12603	7.509	+0.000876	-1.0000
12604	6.953	+0.000889	-1.0000
12605	6.424	+0.000880	-1.0000
12606	5.931	+0.000841	-1.0000
12614	3.578	-0.001150	+1.0000
12615	3.273	-0.002598	+1.0000
12616	3.715	-0.002210	+1.0000
12617	4.226	-0.001958	+1.0000
12618	4.786	-0.001794	+1.0000
12619	5.378	-0.001672	+1.0000
12620	5.994	-0.001564	+1.0000
12621	6.626	-0.001459	+1.0000
12622	7.271	-0.001357	+1.0000
12623	7.926	-0.001256	+1.0000
12624	8.587	-0.001160	+1.0000
12625	8.881	+0.000838	-1.0000
12626	8.298	+0.000878	-1.0000
12627	7.735	+0.000911	-1.0000
12628	7.196	+0.000931	-1.0000
12629	6.687	+0.000932	-1.0000
12630	6.215	+0.000904	-1.0000
12631	5.789	+0.000842	-1.0000
12639	3.466	-0.001240	+1.0000
12640	3.193	-0.001836	+1.0000
12641	3.059	-0.002389	+1.0000
12642	3.082	-0.002651	+1.0000
12643	3.259	-0.002562	+1.0000
12644	3.567	-0.002294	+1.0000
12645	3.976	-0.002023	+1.0000
12646	4.458	-0.001813	+1.0000
12647	4.991	-0.001659	+1.0000
12648	5.562	-0.001541	+1.0000
12649	6.159	-0.001438	+1.0000
12650	6.777	-0.001343	+1.0000
12651	7.408	-0.001252	+1.0000
12652	8.051	-0.001163	+1.0000
12653	8.703	-0.001079	+1.0000
12654	8.561	+0.000898	-1.0000
12655	8.016	+0.000935	-1.0000
12656	7.497	+0.000961	-1.0000
12657	7.009	+0.000970	-1.0000
12658	6.561	+0.000954	-1.0000
12659	6.159	+0.000907	-1.0000
12660	5.814	+0.000822	-1.0000
12668	3.631	-0.001268	+1.0000
12669	3.514	-0.001677	+1.0000
12670	3.534	-0.001929	+1.0000
12671	3.690	-0.001974	+1.0000
12672	3.964	-0.001879	+1.0000
12673	4.336	-0.001735	+1.0000
12674	4.781	-0.001598	+1.0000
12675	5.282	-0.001482	+1.0000
12676	5.825	-0.001385	+1.0000
12677	6.398	-0.001299	+1.0000
12678	6.994	-0.001218	+1.0000
12679	7.608	-0.001140	+1.0000
12680	8.235	-0.001065	+1.0000
12681	8.874	-0.000993	+1.0000
12682	8.870	+0.000907	-1.0000
12683	8.346	+0.000947	-1.0000
12684	7.849	+0.000977	-1.0000
12685	7.385	+0.000992	-1.0000
12686	6.960	+0.000987	-1.0000
12687	6.583	+0.000954	-1.0000
12688	6.261	+0.000889	-1.0000
12697	4.040	-0.001139	+1.0000
12698	4.057	-0.001362	+1.0000
12699	4.193	-0.001466	+1.0000
12700	4.437	-0.001472	+1.0000
12701	4.772	-0.001423	+1.0000
12702	5.180	-0.001355	+1.0000
12703	5.646	-0.001284	+1.0000
12704	6.156	-0.001216	+1.0000
12705	6.701	-0.001151	+1.0000
12706	7.272	-0.001088	+1.0000
12707	7.864	-0.001026	+1.0000
12708	8.473	-0.000965	+1.0000
12709	8.720	+0.000946	-1.0000
12710	8.245	+0.000979	-1.0000
12711	7.805	+0.000999	-1.0000
12712	7.405	+0.001002	-1.0000
12713	7.051	+0.000981	-1.0000
12714	6.752	+0.000933	-1.0000
12715	6.514	+0.000854	-1.0000
12724	4.627	-0.000936	+1.0000
12725	4.747	-0.001062	+1.0000
12726	4.964	-0.001121	+1.0000
12727	5.265	-0.001132	+1.0000
12728	5.638	-0.001115	+1.0000
12729	6.068	-0.001083	+1.0000
12730	6.546	-0.001045	+1.0000
12731	7.060	-0.001003	+1.0000
12732	7.605	-0.000958	+1.0000
12735	8.680	+0.000968	-1.0000
12736	8.263	+0.000991	-1.0000
12737	7.886	+0.000999	-1.0000
12738	7.555	+0.000987	-1.0000
12739	7.277	+0.000951	-1.0000
12740	7.057	+0.000889	-1.0000
12759	8.728	+0.000969	-1.0000
12760	8.351	+0.000980	-1.0000
12761	8.018	+0.000974	-1.0000
12762	7.735	+0.000948	-1.0000
12763	7.506	+0.000899	-1.0000
12764	7.337	+0.000825	-1.0000
12782	8.746	+0.000949	-1.0000
12783	8.429	+0.000946	-1.0000
12784	8.159	+0.000926	-1.0000
12785	7.943	+0.000886	-1.0000
12786	7.783	+0.000826	-1.0000
12803	8.875	+0.000907	-1.0000
12804	8.620	+0.000891	-1.0000
12805	8.415	+0.000858	-1.0000
12806	8.265	+0.000807	-1.0000
12822	8.917	+0.000820	-1.0000
12899	7.845	-0.000936	+1.0000
12900	8.224	-0.000936	+1.0000
12916	6.224	-0.000935	+1.0000
12917	6.396	-0.000956	+1.0000
12918	6.638	-0.000979	+1.0000
12919	6.942	-0.000998	+1.0000
12920	7.301	-0.001009	+1.0000
12921	7.707	-0.001011	+1.0000
12922	8.153	-0.001002	+1.0000
12923	8.633	-0.000983	+1.0000
12934	5.944	-0.000941	+1.0000
12935	5.710	-0.000964	+1.0000
12936	5.555	-0.000969	+1.0000
12937	5.485	-0.000965	+1.0000
12938	5.504	-0.000966	+1.0000
12939	5.611	-0.000979	+1.0000
12940	5.802	-0.001005	+1.0000
12941	6.067	-0.001036	+1.0000
12942	6.399	-0.001065	+1.0000
12943	6.786	-0.001083	+1.0000
12944	7.221	-0.001088	+1.0000
12945	7.695	-0.001079	+1.0000
12946	8.202	-0.001058	+1.0000
12947	8.735	-0.001026	+1.0000
12958	5.724	-0.001001	+1.0000
12959	5.391	-0.001052	+1.0000
12960	5.131	-0.001062	+1.0000
12961	4.958	-0.001041	+1.0000
12962	4.880	-0.001008	+1.0000
12963	4.902	-0.000987	+1.0000
12964	5.022	-0.000995	+1.0000
12965	5.234	-0.001029	+1.0000
12966	5.527	-0.001078	+1.0000
12967	5.888	-0.001124	+1.0000
12968	6.308	-0.001155	+1.0000
12969	6.773	-0.001167	+1.0000
12970	7.277	-0.001159	+1.0000
12971	7.810	-0.001135	+1.0000
12972	8.369	-0.001098	+1.0000
12973	8.947	-0.001052	+1.0000
12984	5.489	-0.001015	+1.0000
12985	5.242	-0.001126	+1.0000
12986	4.875	-0.001180	+1.0000
12987	4.587	-0.001169	+1.0000
12988	4.392	-0.001101	+1.0000
12989	4.304	-0.001014	+1.0000
12990	4.329	-0.000955	+1.0000
12991	4.464	-0.000955	+1.0000
12992	4.701	-0.001011	+1.0000
12993	5.025	-0.001092	+1.0000
12994	5.421	-0.001169	+1.0000
12995	5.873	-0.001223	+1.0000
12996	6.371	-0.001246	+1.0000
12997	6.904	-0.001241	+1.0000
12998	7.464	-0.001214	+1.0000
12999	8.046	-0.001170	+1.0000
13000	8.646	-0.001117	+1.0000
13010	5.068	-0.000944	+1.0000
13011	5.013	-0.001128	+1.0000
13012	4.813	-0.001269	+1.0000
13013	4.411	-0.001332	+1.0000
13014	4.090	-0.001287	+1.0000
13015	3.871	-0.001140	+1.0000
13016	3.770	-0.000955	+1.0000
13020	4.576	-0.001070	+1.0000
13021	5.007	-0.001197	+1.0000
13022	5.494	-0.001283	+1.0000
13023	6.023	-0.001322	+1.0000
13024	6.584	-0.001322	+1.0000
13025	7.169	-0.001291	+1.0000
13026	7.774	-0.001242	+1.0000
13027	8.393	-0.001181	+1.0000
13037	4.654	-0.001014	+1.0000
13038	4.595	-0.001246	+1.0000
13039	4.454	-0.001430	+1.0000
13040	4.016	-0.001508	+1.0000
13041	3.661	-0.001419	+1.0000
13043	4.197	-0.001009	+1.0000
13044	4.663	-0.001209	+1.0000
13045	5.182	-0.001337	+1.0000
13046	5.740	-0.001395	+1.0000
13047	6.326	-0.001399	+1.0000
13048	6.933	-0.001366	+1.0000
13049	7.557	-0.001309	+1.0000
13050	8.192	-0.001240	+1.0000
13051	8.838	-0.001165	+1.0000
13062	4.316	-0.001073	+1.0000
13063	4.251	-0.001358	+1.0000
13064	4.182	-0.001593	+1.0000
13065	3.712	-0.001695	+1.0000
13067	4.404	-0.001214	+1.0000
13068	4.950	-0.001388	+1.0000
13069	5.531	-0.001464	+1.0000
13070	6.138	-0.001471	+1.0000
13071	6.762	-0.001434	+1.0000
13072	7.400	-0.001370	+1.0000
13073	8.048	-0.001292	+1.0000
13074	8.704	-0.001209	+1.0000
13085	4.070	-0.001107	+1.0000
13086	4.001	-0.001442	+1.0000
13087	4.000	-0.001722	+1.0000
13089	4.245	-0.001227	+1.0000
13090	4.810	-0.001437	+1.0000
13091	5.406	-0.001526	+1.0000
13092	6.025	-0.001533	+1.0000
13093	6.660	-0.001491	+1.0000
13094	7.306	-0.001419	+1.0000
13095	7.962	-0.001334	+1.0000
13096	8.625	-0.001244	+1.0000
13107	3.935	-0.001097	+1.0000
13108	3.864	-0.001467	+1.0000
13109	3.585	-0.001771	+1.0000
13111	4.199	-0.001254	+1.0000
13112	4.769	-0.001483	+1.0000
13113	5.370	-0.001576	+1.0000
13114	5.992	-0.001580	+1.0000
13115	6.630	-0.001532	+1.0000
13116	7.280	-0.001454	+1.0000
13117	7.938	-0.001363	+1.0000
13118	8.602	-0.001267	+1.0000
13129	3.922	-0.001029	+1.0000
13130	3.842	-0.001419	+1.0000
13131	4.244	-0.001289	+1.0000
13132	4.831	-0.001520	+1.0000
13133	5.425	-0.001608	+1.0000
13134	6.041	-0.001607	+1.0000
13135	6.675	-0.001554	+1.0000
13136	7.320	-0.001472	+1.0000
13137	7.975	-0.001376	+1.0000
13138	8.636	-0.001277	+1.0000
13150	3.684	-0.001314	+1.0000
13151	4.101	-0.001334	+1.0000
13152	4.747	-0.001546	+1.0000
13153	5.407	-0.001621	+1.0000
13154	6.075	-0.001613	+1.0000
13155	6.746	-0.001555	+1.0000
13156	7.396	-0.001471	+1.0000
13157	8.055	-0.001374	+1.0000
13158	8.720	-0.001273	+1.0000
13170	3.655	-0.001169	+1.0000
13171	4.075	-0.001403	+1.0000
13172	4.725	-0.001567	+1.0000
13173	5.387	-0.001619	+1.0000
13174	6.058	-0.001599	+1.0000
13175	6.734	-0.001537	+1.0000
13176	7.415	-0.001451	+1.0000
13177	8.099	-0.001354	+1.0000
13178	8.765	-0.001256	+1.0000
13190	3.758	-0.000992	+1.0000
13191	4.168	-0.001502	+1.0000
13192	4.805	-0.001589	+1.0000
13193	5.458	-0.001603	+1.0000
13194	6.121	-0.001568	+1.0000
13195	6.791	-0.001500	+1.0000
13196	7.467	-0.001414	+1.0000
13197	8.147	-0.001320	+1.0000
13198	8.805	-0.001224	+1.0000
13211	3.793	-0.001583	+1.0000
13212	4.373	-0.001604	+1.0000
13213	4.984	-0.001604	+1.0000
13214	5.616	-0.001575	+1.0000
13215	6.229	-0.001521	+1.0000
13216	6.840	-0.001448	+1.0000
13217	7.466	-0.001363	+1.0000
13218	8.105	-0.001272	+1.0000
13219	8.752	-0.001181	+1.0000
13232	3.810	-0.000972	+1.0000
13233	3.655	-0.001894	+1.0000
13234	4.089	-0.001754	+1.0000
13235	4.558	-0.001661	+1.0000
13236	5.082	-0.001592	+1.0000
13237	5.643	-0.001528	+1.0000
13238	6.233	-0.001459	+1.0000
13239	6.843	-0.001381	+1.0000
13240	7.469	-0.001298	+1.0000
13241	8.108	-0.001212	+1.0000
13242	8.755	-0.001127	+1.0000
13255	3.888	-0.001079	+1.0000
13256	3.605	-0.001503	+1.0000
13257	3.544	-0.002139	+1.0000
13258	3.830	-0.001949	+1.0000
13259	4.213	-0.001773	+1.0000
13260	4.670	-0.001639	+1.0000
13261	5.182	-0.001539	+1.0000
13262	5.734	-0.001456	+1.0000
13263	6.315	-0.001378	+1.0000
13264	6.918	-0.001300	+1.0000
13265	7.538	-0.001222	+1.0000
13266	8.171	-0.001143	+1.0000
13267	8.814	-0.001065	+1.0000
13281	3.995	-0.001124	+1.0000
13282	3.761	-0.001488	+1.0000
13283	3.648	-0.001782	+1.0000
13284	3.668	-0.001925	+1.0000
13285	3.817	-0.001909	+1.0000
13286	4.084	-0.001795	+1.0000
13287	4.445	-0.001659	+1.0000
13288	4.881	-0.001538	+1.0000
13289	5.372	-0.001439	+1.0000
13290	5.906	-0.001356	+1.0000
13291	6.472	-0.001280	+1.0000
13292	7.062	-0.001207	+1.0000
13293	7.670	-0.001136	+1.0000
13294	8.293	-0.001065	+1.0000
13295	8.927	-0.000996	+1.0000
13310	4.140	-0.001102	+1.0000
13311	4.037	-0.001363	+1.0000
13312	4.055	-0.001526	+1.0000
13313	4.191	-0.001575	+1.0000
13314	4.435	-0.001538	+1.0000
13315	4.770	-0.001462	+1.0000
13316	5.178	-0.001379	+1.0000
13317	5.644	-0.001302	+1.0000
13318	6.154	-0.001233	+1.0000
13319	6.699	-0.001168	+1.0000
13320	7.271	-0.001105	+1.0000
13321	7.863	-0.001043	+1.0000
13322	8.471	-0.000982	+1.0000
13323	8.690	+0.000806	-1.0000
13324	8.214	+0.000819	-1.0000
13325	7.772	+0.000818	-1.0000
13337	4.502	-0.000995	+1.0000
13338	4.518	-0.001155	+1.0000
13339	4.641	-0.001239	+1.0000
13340	4.862	-0.001258	+1.0000
13341	5.169	-0.001235	+1.0000
13342	5.548	-0.001193	+1.0000
13343	5.985	-0.001145	+1.0000
13344	6.469	-0.001096	+1.0000
13345	6.989	-0.001046	+1.0000
13346	7.539	-0.000996	+1.0000
13347	8.111	-0.000946	+1.0000
13349	8.594	+0.000827	-1.0000
13350	8.172	+0.000831	-1.0000
13351	7.790	+0.000819	-1.0000
13364	5.146	-0.000944	+1.0000
13365	5.347	-0.000995	+1.0000
13366	5.628	-0.001011	+1.0000
13367	5.978	-0.001003	+1.0000
13368	6.386	-0.000982	+1.0000
13369	6.841	-0.000954	+1.0000
13374	8.611	+0.000832	-1.0000
13375	8.249	+0.000826	-1.0000
13376	7.934	+0.000803	-1.0000
13397	8.740	+0.000820	-1.0000
13398	8.443	+0.000803	-1.0000
13557	6.398	-0.000932	+1.0000
13558	6.713	-0.000957	+1.0000
13559	7.084	-0.000975	+1.0000
13560	7.501	-0.000983	+1.0000
13561	7.959	-0.000979	+1.0000
13562	8.449	-0.000965	+1.0000
13563	8.968	-0.000942	+1.0000
13581	5.888	-0.000959	+1.0000
13582	6.229	-0.000998	+1.0000
13583	6.626	-0.001027	+1.0000
13584	7.071	-0.001042	+1.0000
13585	7.555	-0.001041	+1.0000
13586	8.070	-0.001026	+1.0000
13587	8.611	-0.001000	+1.0000
13598	5.621	-0.000943	+1.0000
13599	5.281	-0.000985	+1.0000
13600	5.016	-0.000981	+1.0000
13601	4.839	-0.000942	+1.0000
13606	5.420	-0.000966	+1.0000
13607	5.788	-0.001026	+1.0000
13608	6.214	-0.001072	+1.0000
13609	6.687	-0.001097	+1.0000
13610	7.196	-0.001101	+1.0000
13611	7.735	-0.001086	+1.0000
13612	8.299	-0.001057	+1.0000
13613	8.881	-0.001018	+1.0000
13624	5.567	-0.000934	+1.0000
13625	5.224	-0.001029	+1.0000
13626	4.856	-0.001067	+1.0000
13627	4.566	-0.001038	+1.0000
13628	4.371	-0.000952	+1.0000
13633	5.006	-0.000945	+1.0000
13634	5.403	-0.001039	+1.0000
13635	5.857	-0.001110	+1.0000
13636	6.356	-0.001149	+1.0000
13637	6.890	-0.001159	+1.0000
13638	7.451	-0.001145	+1.0000
13639	8.035	-0.001113	+1.0000
13640	8.635	-0.001069	+1.0000
13651	5.194	-0.001004	+1.0000
13652	4.895	-0.001115	+1.0000
13653	4.500	-0.001149	+1.0000
13654	4.186	-0.001082	+1.0000
13661	5.086	-0.001038	+1.0000
13662	5.566	-0.001140	+1.0000
13663	6.088	-0.001196	+1.0000
13664	6.644	-0.001213	+1.0000
13665	7.224	-0.001199	+1.0000
13666	7.825	-0.001164	+1.0000
13667	8.440	-0.001115	+1.0000
13678	4.893	-0.001062	+1.0000
13679	4.648	-0.001189	+1.0000
13680	4.231	-0.001214	+1.0000
13681	3.895	-0.001098	+1.0000
13687	4.849	-0.001029	+1.0000
13688	5.350	-0.001165	+1.0000
13689	5.892	-0.001238	+1.0000
13690	6.465	-0.001262	+1.0000
13691	7.060	-0.001248	+1.0000
13692	7.673	-0.001209	+1.0000
13693	8.300	-0.001156	+1.0000
13694	8.937	-0.001094	+1.0000
13705	4.677	-0.001097	+1.0000
13706	4.332	-0.001234	+1.0000
13707	3.957	-0.001237	+1.0000
13708	3.679	-0.001047	+1.0000
13711	4.706	-0.001021	+1.0000
13712	5.221	-0.001187	+1.0000
13713	5.775	-0.001275	+1.0000
13714	6.358	-0.001303	+1.0000
13715	6.962	-0.001288	+1.0000
13716	7.583	-0.001246	+1.0000
13717	8.217	-0.001188	+1.0000
13718	8.860	-0.001122	+1.0000
13730	4.438	-0.001097	+1.0000
13731	3.952	-0.001238	+1.0000
13734	4.664	-0.001022	+1.0000
13735	5.183	-0.001210	+1.0000
13736	5.741	-0.001306	+1.0000
13737	6.327	-0.001334	+1.0000
13738	6.934	-0.001318	+1.0000
13739	7.557	-0.001272	+1.0000
13740	8.193	-0.001210	+1.0000
13741	8.838	-0.001140	+1.0000
13753	4.187	-0.001063	+1.0000
13754	3.666	-0.001212	+1.0000
13756	4.558	-0.001039	+1.0000
13757	5.147	-0.001233	+1.0000
13758	5.761	-0.001329	+1.0000
13759	6.373	-0.001355	+1.0000
13760	6.977	-0.001335	+1.0000
13761	7.596	-0.001286	+1.0000
13762	8.229	-0.001221	+1.0000
13763	8.872	-0.001148	+1.0000
13774	4.042	-0.001003	+1.0000
13776	4.426	-0.001078	+1.0000
13777	5.030	-0.001260	+1.0000
13778	5.656	-0.001345	+1.0000
13779	6.298	-0.001363	+1.0000
13780	6.952	-0.001338	+1.0000
13781	7.613	-0.001286	+1.0000
13782	8.281	-0.001219	+1.0000
13783	8.954	-0.001145	+1.0000
13796	4.401	-0.001148	+1.0000
13797	5.009	-0.001292	+1.0000
13798	5.638	-0.001354	+1.0000
13799	6.282	-0.001359	+1.0000
13800	6.936	-0.001328	+1.0000
13801	7.599	-0.001273	+1.0000
13802	8.268	-0.001205	+1.0000
13803	8.942	-0.001131	+1.0000
13815	3.578	-0.001098	+1.0000
13816	3.925	-0.001083	+1.0000
13817	4.488	-0.001240	+1.0000
13818	5.085	-0.001325	+1.0000
13819	5.705	-0.001355	+1.0000
13820	6.342	-0.001343	+1.0000
13821	6.991	-0.001304	+1.0000
13822	7.650	-0.001246	+1.0000
13823	8.315	-0.001178	+1.0000
13824	8.985	-0.001106	+1.0000
13836	3.815	-0.000978	+1.0000
13837	3.660	-0.001204	+1.0000
13838	4.142	-0.001276	+1.0000
13839	4.679	-0.001326	+1.0000
13840	5.254	-0.001349	+1.0000
13841	5.857	-0.001344	+1.0000
13842	6.479	-0.001315	+1.0000
13843	7.115	-0.001267	+1.0000
13844	7.763	-0.001208	+1.0000
13845	8.403	-0.001140	+1.0000
13858	3.765	-0.001101	+1.0000
13859	3.654	-0.001473	+1.0000
13860	4.016	-0.001431	+1.0000
13861	4.459	-0.001400	+1.0000
13862	4.961	-0.001375	+1.0000
13863	5.507	-0.001348	+1.0000
13864	6.064	-0.001314	+1.0000
13865	6.616	-0.001271	+1.0000
13866	7.194	-0.001218	+1.0000
13867	7.792	-0.001157	+1.0000
13868	8.406	-0.001092	+1.0000
13882	3.970	-0.001162	+1.0000
13883	3.823	-0.001383	+1.0000
13884	3.801	-0.001524	+1.0000
13885	3.907	-0.001573	+1.0000
13886	4.130	-0.001549	+1.0000
13887	4.427	-0.001490	+1.0000
13888	4.762	-0.001424	+1.0000
13889	5.171	-0.001365	+1.0000
13890	5.638	-0.001312	+1.0000
13891	6.149	-0.001262	+1.0000
13892	6.694	-0.001210	+1.0000
13893	7.266	-0.001155	+1.0000
13894	7.858	-0.001096	+1.0000
13895	8.467	-0.001035	+1.0000
13908	4.522	-0.000933	+1.0000
13909	4.368	-0.001161	+1.0000
13910	4.271	-0.001335	+1.0000
13911	4.287	-0.001430	+1.0000
13912	4.416	-0.001447	+1.0000
13913	4.648	-0.001412	+1.0000
13914	4.969	-0.001355	+1.0000
13915	5.362	-0.001295	+1.0000
13916	5.813	-0.001239	+1.0000
13917	6.310	-0.001186	+1.0000
13918	6.842	-0.001134	+1.0000
13919	7.403	-0.001081	+1.0000
13920	7.985	-0.001026	+1.0000
13921	8.585	-0.000971	+1.0000
13936	4.607	-0.001090	+1.0000
13937	4.623	-0.001205	+1.0000
13938	4.743	-0.001255	+1.0000
13939	4.959	-0.001254	+1.0000
13940	5.261	-0.001223	+1.0000
13941	5.634	-0.001181	+1.0000
13942	6.065	-0.001135	+1.0000
13943	6.543	-0.001090	+1.0000
13944	7.058	-0.001044	+1.0000
13945	7.602	-0.000997	+1.0000
13946	8.170	-0.000949	+1.0000
13962	5.034	-0.000964	+1.0000
13963	5.144	-0.001035	+1.0000
13964	5.345	-0.001063	+1.0000
13965	5.626	-0.001060	+1.0000
13966	5.976	-0.001041	+1.0000
13967	6.384	-0.001012	+1.0000
13968	6.839	-0.000980	+1.0000
13969	7.333	-0.000944	+1.0000
14179	7.423	-0.000934	+1.0000
14180	7.885	-0.000937	+1.0000
14202	6.612	-0.000952	+1.0000
14203	7.058	-0.000975	+1.0000
14204	7.542	-0.000983	+1.0000
14205	8.058	-0.000976	+1.0000
14206	8.600	-0.000956	+1.0000
14227	6.278	-0.000976	+1.0000
14228	6.745	-0.001011	+1.0000
14229	7.251	-0.001025	+1.0000
14230	7.786	-0.001019	+1.0000
14231	8.346	-0.000999	+1.0000
14232	8.926	-0.000968	+1.0000
14253	6.007	-0.000994	+1.0000
14254	6.494	-0.001042	+1.0000
14255	7.017	-0.001063	+1.0000
14256	7.569	-0.001059	+1.0000
14257	8.144	-0.001038	+1.0000
14258	8.737	-0.001004	+1.0000
14280	5.808	-0.001007	+1.0000
14281	6.310	-0.001069	+1.0000
14282	6.848	-0.001096	+1.0000
14283	7.412	-0.001094	+1.0000
14284	7.999	-0.001072	+1.0000
14285	8.602	-0.001036	+1.0000
14307	5.688	-0.001017	+1.0000
14308	6.201	-0.001091	+1.0000
14309	6.747	-0.001124	+1.0000
14310	7.319	-0.001123	+1.0000
14311	7.912	-0.001100	+1.0000
14312	8.522	-0.001060	+1.0000
14334	5.654	-0.001029	+1.0000
14335	6.169	-0.001111	+1.0000
14336	6.718	-0.001145	+1.0000
14337	7.293	-0.001144	+1.0000
14338	7.888	-0.001119	+1.0000
14339	8.499	-0.001077	+1.0000
14357	5.499	-0.001044	+1.0000
14358	6.077	-0.001127	+1.0000
14359	6.679	-0.001160	+1.0000
14360	7.298	-0.001157	+1.0000
14361	7.925	-0.001129	+1.0000
14362	8.533	-0.001086	+1.0000
14379	5.389	-0.001067	+1.0000
14380	5.978	-0.001141	+1.0000
14381	6.589	-0.001168	+1.0000
14382	7.216	-0.001161	+1.0000
14383	7.855	-0.001130	+1.0000
14384	8.504	-0.001084	+1.0000
14399	4.808	-0.000984	+1.0000
14400	5.370	-0.001095	+1.0000
14401	5.961	-0.001152	+1.0000
14402	6.573	-0.001169	+1.0000
14403	7.201	-0.001155	+1.0000
14404	7.842	-0.001120	+1.0000
14405	8.492	-0.001073	+1.0000
14419	4.376	-0.000938	+1.0000
14420	4.887	-0.001053	+1.0000
14421	5.441	-0.001125	+1.0000
14422	6.025	-0.001158	+1.0000
14423	6.631	-0.001160	+1.0000
14424	7.254	-0.001139	+1.0000
14425	7.891	-0.001101	+1.0000
14426	8.537	-0.001052	+1.0000
14439	3.615	-0.000992	+1.0000
14440	3.791	-0.000933	+1.0000
14441	4.140	-0.000994	+1.0000
14442	4.571	-0.001062	+1.0000
14443	5.063	-0.001115	+1.0000
14444	5.599	-0.001146	+1.0000
14445	6.168	-0.001154	+1.0000
14446	6.762	-0.001141	+1.0000
14447	7.374	-0.001112	+1.0000
14448	8.001	-0.001071	+1.0000
14449	8.638	-0.001022	+1.0000
14462	3.974	-0.000981	+1.0000
14463	3.828	-0.001070	+1.0000
14464	3.806	-0.001107	+1.0000
14465	3.912	-0.001116	+1.0000
14466	4.135	-0.001121	+1.0000
14467	4.458	-0.001131	+1.0000
14468	4.861	-0.001143	+1.0000
14469	5.325	-0.001150	+1.0000
14470	5.837	-0.001147	+1.0000
14471	6.385	-0.001134	+1.0000
14472	6.960	-0.001109	+1.0000
14473	7.557	-0.001074	+1.0000
14474	8.163	-0.001031	+1.0000
14475	8.751	-0.000983	+1.0000
14489	4.285	-0.001026	+1.0000
14490	4.265	-0.001116	+1.0000
14491	4.360	-0.001163	+1.0000
14492	4.561	-0.001178	+1.0000
14493	4.856	-0.001174	+1.0000
14494	5.228	-0.001161	+1.0000
14495	5.663	-0.001143	+1.0000
14496	6.139	-0.001121	+1.0000
14497	6.612	-0.001095	+1.0000
14498	7.122	-0.001063	+1.0000
14499	7.662	-0.001025	+1.0000
14500	8.226	-0.000982	+1.0000
14501	8.809	-0.000936	+1.0000
14516	4.783	-0.001022	+1.0000
14517	4.868	-0.001095	+1.0000
14518	5.041	-0.001127	+1.0000
14519	5.245	-0.001130	+1.0000
14520	5.531	-0.001116	+1.0000
14521	5.887	-0.001093	+1.0000
14522	6.301	-0.001066	+1.0000
14523	6.762	-0.001036	+1.0000
14524	7.261	-0.001002	+1.0000
14525	7.792	-0.000965	+1.0000
14542	5.223	-0.000961	+1.0000
14543	5.329	-0.001011	+1.0000
14544	5.523	-0.001029	+1.0000
14545	5.796	-0.001026	+1.0000
14546	6.136	-0.001010	+1.0000
14547	6.534	-0.000987	+1.0000
14548	6.980	-0.000960	+1.0000
14815	7.438	-0.000941	+1.0000
14816	7.961	-0.000943	+1.0000
14839	6.775	-0.000939	+1.0000
14840	7.278	-0.000964	+1.0000
14841	7.812	-0.000968	+1.0000
14842	8.370	-0.000956	+1.0000
14843	8.948	-0.000931	+1.0000
14865	6.673	-0.000954	+1.0000
14866	7.184	-0.000983	+1.0000
14867	7.724	-0.000989	+1.0000
14868	8.288	-0.000976	+1.0000
14869	8.871	-0.000950	+1.0000
14891	6.620	-0.000966	+1.0000
14892	7.156	-0.000998	+1.0000
14893	7.698	-0.001004	+1.0000
14894	8.264	-0.000990	+1.0000
14895	8.849	-0.000963	+1.0000
14917	6.454	-0.000978	+1.0000
14918	7.024	-0.001009	+1.0000
14919	7.615	-0.001014	+1.0000
14920	8.223	-0.000998	+1.0000
14921	8.845	-0.000969	+1.0000
14943	6.361	-0.000989	+1.0000
14944	6.938	-0.001015	+1.0000
14945	7.536	-0.001016	+1.0000
14946	8.150	-0.000998	+1.0000
14947	8.778	-0.000967	+1.0000
14968	5.793	-0.000951	+1.0000
14969	6.344	-0.000998	+1.0000
14970	6.923	-0.001016	+1.0000
14971	7.522	-0.001012	+1.0000
14972	8.137	-0.000991	+1.0000
14973	8.765	-0.000958	+1.0000
14993	5.859	-0.000972	+1.0000
14994	6.405	-0.001003	+1.0000
14995	6.978	-0.001011	+1.0000
14996	7.573	-0.001000	+1.0000
14997	8.184	-0.000976	+1.0000
14998	8.809	-0.000941	+1.0000
15017	5.510	-0.000955	+1.0000
15018	6.006	-0.000986	+1.0000
15019	6.540	-0.000999	+1.0000
15020	7.102	-0.000996	+1.0000
15021	7.688	-0.000980	+1.0000
15022	8.291	-0.000952	+1.0000
15040	4.959	-0.000931	+1.0000
15041	5.325	-0.000957	+1.0000
15042	5.752	-0.000976	+1.0000
15043	6.229	-0.000985	+1.0000
15044	6.745	-0.000984	+1.0000
15045	7.292	-0.000972	+1.0000
15046	7.863	-0.000950	+1.0000
15063	5.053	-0.000936	+1.0000
15064	5.320	-0.000954	+1.0000
15065	5.662	-0.000964	+1.0000
15066	6.066	-0.000968	+1.0000
15067	6.520	-0.000964	+1.0000
15068	7.015	-0.000953	+1.0000
15069	7.542	-0.000935	+1.0000
15088	6.062	-0.000932	+1.0000
