geometric-optimize called with the following command line:
relax_shell.py shell8p2 run

                                        [91m())))))))))))))))/[0m                     
                                    [91m())))))))))))))))))))))))),[0m                
                                [91m*)))))))))))))))))))))))))))))))))[0m             
                        [94m#,[0m    [91m()))))))))/[0m                [91m.)))))))))),[0m          
                      [94m#%%%%,[0m  [91m())))))[0m                        [91m.))))))))*[0m        
                      [94m*%%%%%%,[0m  [91m))[0m              [93m..[0m              [91m,))))))).[0m      
                        [94m*%%%%%%,[0m         [93m***************/.[0m        [91m.)))))))[0m     
                [94m#%%/[0m      [94m(%%%%%%,[0m    [93m/*********************.[0m       [91m)))))))[0m    
              [94m.%%%%%%#[0m      [94m*%%%%%%,[0m  [93m*******/,[0m     [93m**********,[0m      [91m.))))))[0m   
                [94m.%%%%%%/[0m      [94m*%%%%%%,[0m  [93m**[0m              [93m********[0m      [91m.))))))[0m  
          [94m##[0m      [94m.%%%%%%/[0m      [94m(%%%%%%,[0m                  [93m,******[0m      [91m/)))))[0m  
        [94m%%%%%%[0m      [94m.%%%%%%#[0m      [94m*%%%%%%,[0m    [92m,/////.[0m       [93m******[0m      [91m))))))[0m 
      [94m#%[0m      [94m%%[0m      [94m.%%%%%%/[0m      [94m*%%%%%%,[0m  [92m////////,[0m      [93m*****/[0m     [91m,)))))[0m 
    [94m#%%[0m  [94m%%%[0m  [94m%%%#[0m      [94m.%%%%%%/[0m      [94m(%%%%%%,[0m  [92m///////.[0m     [93m/*****[0m      [91m))))).[0m
  [94m#%%%%.[0m      [94m%%%%%#[0m      [94m/%%%%%%*[0m      [94m#%%%%%%[0m   [92m/////)[0m     [93m******[0m      [91m))))),[0m
    [94m#%%%%##%[0m  [94m%%%#[0m      [94m.%%%%%%/[0m      [94m(%%%%%%,[0m  [92m///////.[0m     [93m/*****[0m      [91m))))).[0m
      [94m##[0m     [94m%%%[0m      [94m.%%%%%%/[0m      [94m*%%%%%%,[0m  [92m////////.[0m      [93m*****/[0m     [91m,)))))[0m 
        [94m#%%%%#[0m      [94m/%%%%%%/[0m      [94m(%%%%%%[0m      [92m/)/)//[0m       [93m******[0m      [91m))))))[0m 
          [94m##[0m      [94m.%%%%%%/[0m      [94m(%%%%%%,[0m                  [93m*******[0m      [91m))))))[0m  
                [94m.%%%%%%/[0m      [94m*%%%%%%,[0m  [93m**.[0m             [93m/*******[0m      [91m.))))))[0m  
              [94m*%%%%%%/[0m      [94m(%%%%%%[0m   [93m********/*..,*/*********[0m       [91m*))))))[0m   
                [94m#%%/[0m      [94m(%%%%%%,[0m    [93m*********************/[0m        [91m)))))))[0m    
                        [94m*%%%%%%,[0m         [93m,**************/[0m         [91m,))))))/[0m     
                      [94m(%%%%%%[0m   [91m()[0m                              [91m))))))))[0m       
                      [94m#%%%%,[0m  [91m())))))[0m                        [91m,)))))))),[0m        
                        [94m#,[0m    [91m())))))))))[0m                [91m,)))))))))).[0m          
                                 [91m()))))))))))))))))))))))))))))))/[0m             
                                    [91m())))))))))))))))))))))))).[0m                
                                         [91m())))))))))))))),[0m                     

-=# [1;94m geomeTRIC started. Version: 1.1.1 [0m #=-
Current date and time: 2026-07-29 17:23:21
#========================================================#
#| [92m    Arguments passed to driver run_optimizer():     [0m |#
#========================================================#
bothre                    0.0 
constraints               constraints.txt 
convergence_cmax          0.01 
convergence_dmax          0.015 
convergence_drms          0.01 
convergence_energy        1e-05 
convergence_gmax          0.006 
convergence_grms          0.003 
coordsys                  hdlc 
customengine              <ash.interfaces.interface_geometric_new.ASHengineclass object at 0x149eada48c90> 
input                     dummyinputname 
irc                       False 
logIni                    /home/18660916/envs/ash/lib/python3.11/site-packages/ash/log.ini 
maxiter                   400 
prefix                    geometric_OPTtraj 
rigid                     False 
subfrctor                 1 
transition                False 
verbose                   0 
----------------------------------------------------------
Custom engine selected.
$freeze
xyz 25
xyz 26
xyz 27
xyz 28
xyz 29
xyz 30
xyz 31
xyz 32
xyz 33
xyz 34
xyz 35
xyz 36
xyz 37
xyz 38
xyz 39
xyz 40
xyz 41
xyz 42
xyz 43
xyz 44
xyz 45
xyz 46
xyz 47
xyz 48
xyz 49
xyz 50
xyz 51
xyz 52
xyz 53
xyz 54
xyz 55
xyz 56
xyz 57
xyz 58
xyz 59
xyz 60
xyz 61
xyz 62
xyz 63
xyz 64
xyz 65
xyz 66
xyz 67
xyz 68
xyz 69
xyz 70
xyz 71
xyz 72
xyz 73
xyz 74
xyz 75
xyz 76
xyz 77
xyz 78
xyz 79
xyz 80
xyz 81
xyz 82
xyz 83
xyz 84
xyz 85
xyz 86
xyz 87
xyz 88
xyz 89
xyz 90
xyz 91
xyz 92
xyz 93
xyz 94
xyz 95
xyz 96
xyz 97
xyz 98
xyz 99
xyz 100
Bonds will be generated from interatomic distances less than 1.20 times sum of covalent radii
300 internal coordinates being used (instead of 300 Cartesians)
<class 'geometric.internal.CartesianX'> : 100
<class 'geometric.internal.CartesianY'> : 100
<class 'geometric.internal.CartesianZ'> : 100
<class 'geometric.internal.Distance'> : 144
<class 'geometric.internal.Angle'> : 176
<class 'geometric.internal.OutOfPlane'> : 570
<class 'geometric.internal.Dihedral'> : 971
Constraint                         Current      Target       Diff.
Cartesian-X 25                    67.06110    67.06110     0.00000
Cartesian-Y 25                    31.21890    31.21890     0.00000
Cartesian-Z 25                    45.40400    45.40400     0.00000
Cartesian-X 26                    68.24492    68.24492     0.00000
Cartesian-Y 26                    31.28068    31.28068     0.00000
Cartesian-Z 26                    45.00746    45.00746     0.00000
Cartesian-X 27                    66.34982    66.34982     0.00000
Cartesian-Y 27                    30.19152    30.19152     0.00000
Cartesian-Z 27                    45.43656    45.43656     0.00000
Cartesian-X 28                    66.60312    66.60312     0.00000
Cartesian-Y 28                    32.15475    32.15475     0.00000
Cartesian-Z 28                    45.75676    45.75676     0.00000
Cartesian-X 29                    60.94920    60.94920     0.00000
Cartesian-Y 29                    22.42780    22.42780     0.00000
Cartesian-Z 29                    52.26980    52.26980     0.00000
Cartesian-X 30                    62.13303    62.13303     0.00000
Cartesian-Y 30                    22.48958    22.48958     0.00000
Cartesian-Z 30                    51.87326    51.87326     0.00000
Cartesian-X 31                    60.23792    60.23792     0.00000
Cartesian-Y 31                    21.40042    21.40042     0.00000
Cartesian-Z 31                    52.30236    52.30236     0.00000
Cartesian-X 32                    60.49122    60.49122     0.00000
Cartesian-Y 32                    23.36365    23.36365     0.00000
Cartesian-Z 32                    52.62256    52.62256     0.00000
Cartesian-X 33                    60.29000    60.29000     0.00000
Cartesian-Y 33                    45.74590    45.74590     0.00000
Cartesian-Z 33                    60.12010    60.12010     0.00000
Cartesian-X 34                    60.44058    60.44058     0.00000
Cartesian-Y 34                    46.13112    46.13112     0.00000
Cartesian-Z 34                    58.85605    58.85605     0.00000
Cartesian-X 35                    60.13006    60.13006     0.00000
Cartesian-Y 35                    46.79362    46.79362     0.00000
Cartesian-Z 35                    59.55230    59.55230     0.00000
Cartesian-X 36                    60.63675    60.63675     0.00000
Cartesian-Y 36                    45.17608    45.17608     0.00000
Cartesian-Z 36                    59.11971    59.11971     0.00000
Cartesian-X 37                    59.88110    59.88110     0.00000
Cartesian-Y 37                    46.61830    46.61830     0.00000
Cartesian-Z 37                    61.03695    61.03695     0.00000
Cartesian-X 38                    60.07727    60.07727     0.00000
Cartesian-Y 38                    45.66327    45.66327     0.00000
Cartesian-Z 38                    61.30062    61.30062     0.00000
Cartesian-X 39                    59.99545    59.99545     0.00000
Cartesian-Y 39                    46.91084    46.91084     0.00000
Cartesian-Z 39                    60.07703    60.07703     0.00000
Cartesian-X 40                    60.54832    60.54832     0.00000
Cartesian-Y 40                    44.48828    44.48828     0.00000
Cartesian-Z 40                    60.46731    60.46731     0.00000
Cartesian-X 41                    60.66267    60.66267     0.00000
Cartesian-Y 41                    44.78081    44.78081     0.00000
Cartesian-Z 41                    59.50738    59.50738     0.00000
Cartesian-X 42                    60.23780    60.23780     0.00000
Cartesian-Y 42                    45.15078    45.15078     0.00000
Cartesian-Z 42                    61.16356    61.16356     0.00000
Cartesian-X 43                    65.94230    65.94230     0.00000
Cartesian-Y 43                    32.41320    32.41320     0.00000
Cartesian-Z 43                    65.05370    65.05370     0.00000
Cartesian-X 44                    66.09288    66.09288     0.00000
Cartesian-Y 44                    32.79842    32.79842     0.00000
Cartesian-Z 44                    63.78965    63.78965     0.00000
Cartesian-X 45                    65.78236    65.78236     0.00000
Cartesian-Y 45                    33.46092    33.46092     0.00000
Cartesian-Z 45                    64.48590    64.48590     0.00000
Cartesian-X 46                    66.28905    66.28905     0.00000
Cartesian-Y 46                    31.84338    31.84338     0.00000
Cartesian-Z 46                    64.05331    64.05331     0.00000
Cartesian-X 47                    65.53340    65.53340     0.00000
Cartesian-Y 47                    33.28560    33.28560     0.00000
Cartesian-Z 47                    65.97055    65.97055     0.00000
Cartesian-X 48                    65.72957    65.72957     0.00000
Cartesian-Y 48                    32.33057    32.33057     0.00000
Cartesian-Z 48                    66.23422    66.23422     0.00000
Cartesian-X 49                    65.64775    65.64775     0.00000
Cartesian-Y 49                    33.57814    33.57814     0.00000
Cartesian-Z 49                    65.01063    65.01063     0.00000
Cartesian-X 50                    66.20062    66.20062     0.00000
Cartesian-Y 50                    31.15558    31.15558     0.00000
Cartesian-Z 50                    65.40090    65.40090     0.00000
Cartesian-X 51                    66.31497    66.31497     0.00000
Cartesian-Y 51                    31.44811    31.44811     0.00000
Cartesian-Z 51                    64.44098    64.44098     0.00000
Cartesian-X 52                    65.89010    65.89010     0.00000
Cartesian-Y 52                    31.81808    31.81808     0.00000
Cartesian-Z 52                    66.09716    66.09716     0.00000
Cartesian-X 53                    60.36560    60.36560     0.00000
Cartesian-Y 53                    26.37370    26.37370     0.00000
Cartesian-Z 53                    64.44940    64.44940     0.00000
Cartesian-X 54                    60.51618    60.51618     0.00000
Cartesian-Y 54                    26.75892    26.75892     0.00000
Cartesian-Z 54                    63.18535    63.18535     0.00000
Cartesian-X 55                    60.20566    60.20566     0.00000
Cartesian-Y 55                    27.42142    27.42142     0.00000
Cartesian-Z 55                    63.88160    63.88160     0.00000
Cartesian-X 56                    60.71235    60.71235     0.00000
Cartesian-Y 56                    25.80388    25.80388     0.00000
Cartesian-Z 56                    63.44901    63.44901     0.00000
Cartesian-X 57                    59.95670    59.95670     0.00000
Cartesian-Y 57                    27.24610    27.24610     0.00000
Cartesian-Z 57                    65.36625    65.36625     0.00000
Cartesian-X 58                    60.15287    60.15287     0.00000
Cartesian-Y 58                    26.29107    26.29107     0.00000
Cartesian-Z 58                    65.62992    65.62992     0.00000
Cartesian-X 59                    60.07105    60.07105     0.00000
Cartesian-Y 59                    27.53864    27.53864     0.00000
Cartesian-Z 59                    64.40633    64.40633     0.00000
Cartesian-X 60                    60.62392    60.62392     0.00000
Cartesian-Y 60                    25.11608    25.11608     0.00000
Cartesian-Z 60                    64.79660    64.79660     0.00000
Cartesian-X 61                    60.73827    60.73827     0.00000
Cartesian-Y 61                    25.40861    25.40861     0.00000
Cartesian-Z 61                    63.83668    63.83668     0.00000
Cartesian-X 62                    60.31340    60.31340     0.00000
Cartesian-Y 62                    25.77858    25.77858     0.00000
Cartesian-Z 62                    65.49286    65.49286     0.00000
Cartesian-X 63                    54.33830    54.33830     0.00000
Cartesian-Y 63                    23.34980    23.34980     0.00000
Cartesian-Z 63                    51.27940    51.27940     0.00000
Cartesian-X 64                    55.52213    55.52213     0.00000
Cartesian-Y 64                    23.41158    23.41158     0.00000
Cartesian-Z 64                    50.88286    50.88286     0.00000
Cartesian-X 65                    53.62702    53.62702     0.00000
Cartesian-Y 65                    22.32242    22.32242     0.00000
Cartesian-Z 65                    51.31196    51.31196     0.00000
Cartesian-X 66                    53.88032    53.88032     0.00000
Cartesian-Y 66                    24.28565    24.28565     0.00000
Cartesian-Z 66                    51.63216    51.63216     0.00000
Cartesian-X 67                    54.36270    54.36270     0.00000
Cartesian-Y 67                    35.33710    35.33710     0.00000
Cartesian-Z 67                    66.60610    66.60610     0.00000
Cartesian-X 68                    54.51328    54.51328     0.00000
Cartesian-Y 68                    35.72232    35.72232     0.00000
Cartesian-Z 68                    65.34205    65.34205     0.00000
Cartesian-X 69                    54.20276    54.20276     0.00000
Cartesian-Y 69                    36.38482    36.38482     0.00000
Cartesian-Z 69                    66.03830    66.03830     0.00000
Cartesian-X 70                    54.70945    54.70945     0.00000
Cartesian-Y 70                    34.76728    34.76728     0.00000
Cartesian-Z 70                    65.60571    65.60571     0.00000
Cartesian-X 71                    53.95380    53.95380     0.00000
Cartesian-Y 71                    36.20950    36.20950     0.00000
Cartesian-Z 71                    67.52295    67.52295     0.00000
Cartesian-X 72                    54.14997    54.14997     0.00000
Cartesian-Y 72                    35.25447    35.25447     0.00000
Cartesian-Z 72                    67.78662    67.78662     0.00000
Cartesian-X 73                    54.06815    54.06815     0.00000
Cartesian-Y 73                    36.50204    36.50204     0.00000
Cartesian-Z 73                    66.56303    66.56303     0.00000
Cartesian-X 74                    54.62102    54.62102     0.00000
Cartesian-Y 74                    34.07948    34.07948     0.00000
Cartesian-Z 74                    66.95331    66.95331     0.00000
Cartesian-X 75                    54.73537    54.73537     0.00000
Cartesian-Y 75                    34.37201    34.37201     0.00000
Cartesian-Z 75                    65.99338    65.99338     0.00000
Cartesian-X 76                    54.31050    54.31050     0.00000
Cartesian-Y 76                    34.74198    34.74198     0.00000
Cartesian-Z 76                    67.64956    67.64956     0.00000
Cartesian-X 77                    50.32010    50.32010     0.00000
Cartesian-Y 77                    31.37760    31.37760     0.00000
Cartesian-Z 77                    63.34690    63.34690     0.00000
Cartesian-X 78                    50.47068    50.47068     0.00000
Cartesian-Y 78                    31.76282    31.76282     0.00000
Cartesian-Z 78                    62.08285    62.08285     0.00000
Cartesian-X 79                    50.16016    50.16016     0.00000
Cartesian-Y 79                    32.42532    32.42532     0.00000
Cartesian-Z 79                    62.77910    62.77910     0.00000
Cartesian-X 80                    50.66685    50.66685     0.00000
Cartesian-Y 80                    30.80778    30.80778     0.00000
Cartesian-Z 80                    62.34651    62.34651     0.00000
Cartesian-X 81                    49.91120    49.91120     0.00000
Cartesian-Y 81                    32.25000    32.25000     0.00000
Cartesian-Z 81                    64.26375    64.26375     0.00000
Cartesian-X 82                    50.10737    50.10737     0.00000
Cartesian-Y 82                    31.29497    31.29497     0.00000
Cartesian-Z 82                    64.52742    64.52742     0.00000
Cartesian-X 83                    50.02555    50.02555     0.00000
Cartesian-Y 83                    32.54254    32.54254     0.00000
Cartesian-Z 83                    63.30383    63.30383     0.00000
Cartesian-X 84                    50.57842    50.57842     0.00000
Cartesian-Y 84                    30.11998    30.11998     0.00000
Cartesian-Z 84                    63.69411    63.69411     0.00000
Cartesian-X 85                    50.69277    50.69277     0.00000
Cartesian-Y 85                    30.41251    30.41251     0.00000
Cartesian-Z 85                    62.73418    62.73418     0.00000
Cartesian-X 86                    50.26790    50.26790     0.00000
Cartesian-Y 86                    30.78248    30.78248     0.00000
Cartesian-Z 86                    64.39036    64.39036     0.00000
Cartesian-X 87                    48.15690    48.15690     0.00000
Cartesian-Y 87                    38.37280    38.37280     0.00000
Cartesian-Z 87                    60.57290    60.57290     0.00000
Cartesian-X 88                    48.30748    48.30748     0.00000
Cartesian-Y 88                    38.75802    38.75802     0.00000
Cartesian-Z 88                    59.30885    59.30885     0.00000
Cartesian-X 89                    47.99696    47.99696     0.00000
Cartesian-Y 89                    39.42052    39.42052     0.00000
Cartesian-Z 89                    60.00510    60.00510     0.00000
Cartesian-X 90                    48.50365    48.50365     0.00000
Cartesian-Y 90                    37.80298    37.80298     0.00000
Cartesian-Z 90                    59.57251    59.57251     0.00000
Cartesian-X 91                    47.74800    47.74800     0.00000
Cartesian-Y 91                    39.24520    39.24520     0.00000
Cartesian-Z 91                    61.48975    61.48975     0.00000
Cartesian-X 92                    47.94417    47.94417     0.00000
Cartesian-Y 92                    38.29017    38.29017     0.00000
Cartesian-Z 92                    61.75342    61.75342     0.00000
Cartesian-X 93                    47.86235    47.86235     0.00000
Cartesian-Y 93                    39.53774    39.53774     0.00000
Cartesian-Z 93                    60.52983    60.52983     0.00000
Cartesian-X 94                    48.41522    48.41522     0.00000
Cartesian-Y 94                    37.11518    37.11518     0.00000
Cartesian-Z 94                    60.92010    60.92010     0.00000
Cartesian-X 95                    48.52957    48.52957     0.00000
Cartesian-Y 95                    37.40771    37.40771     0.00000
Cartesian-Z 95                    59.96018    59.96018     0.00000
Cartesian-X 96                    48.10470    48.10470     0.00000
Cartesian-Y 96                    37.77768    37.77768     0.00000
Cartesian-Z 96                    61.61636    61.61636     0.00000
Cartesian-X 97                    56.26950    56.26950     0.00000
Cartesian-Y 97                    32.15260    32.15260     0.00000
Cartesian-Z 97                    44.03970    44.03970     0.00000
Cartesian-X 98                    57.45332    57.45332     0.00000
Cartesian-Y 98                    32.21438    32.21438     0.00000
Cartesian-Z 98                    43.64316    43.64316     0.00000
Cartesian-X 99                    55.55822    55.55822     0.00000
Cartesian-Y 99                    31.12522    31.12522     0.00000
Cartesian-Z 99                    44.07226    44.07226     0.00000
Cartesian-X 100                   55.81152    55.81152     0.00000
Cartesian-Y 100                   33.08845    33.08845     0.00000
Cartesian-Z 100                   44.39246    44.39246     0.00000
> ===== Optimization Info: ====
> Job type: Energy minimization
> Maximum number of optimization cycles: 400
> Initial / maximum trust radius (Angstrom): 0.100 / 0.300
> Convergence Criteria:
> Will converge when all 5 criteria are reached:
>  |Delta-E| < 1.00e-05
>  RMS-Ortho-Grad < 3.00e-03
>  Max-Ortho-Grad < 6.00e-03
>  RMS-Disp  < 1.00e-02
>  Max-Disp  < 1.50e-02
> 
> Constraints are requested. The following criterion is added:
>  Max Constraint Violation (in Angstroms/degrees) < 1.00e-02 
> === End Optimization Info ===
Step    0 : Gradient = 4.785e-03/2.821e-02 (rms/max) Energy = -840.0741500619
Hessian Eigenvalues: 2.63687e-02 2.63687e-02 2.63687e-02 ... 5.78010e-01 5.78010e-01 5.78010e-01
Step    1 : Displace = [0m1.295e-02[0m/[0m7.079e-02[0m (rms/max) Trust = 1.000e-01 (=) Grad_T = [92m2.300e-03[0m/[0m1.417e-02[0m (rms/max) E (change) = -840.0779820904 ([0m-3.832e-03[0m) Quality = [0m1.213[0m
Hessian Eigenvalues: 2.07635e-02 2.63687e-02 2.63687e-02 ... 5.78010e-01 5.78010e-01 5.78011e-01
Step    2 : Displace = [0m2.055e-02[0m/[0m9.113e-02[0m (rms/max) Trust = 1.414e-01 ([92m+[0m) Grad_T = [92m2.340e-03[0m/[0m1.495e-02[0m (rms/max) E (change) = -840.0816634811 ([0m-3.681e-03[0m) Quality = [0m1.454[0m
Hessian Eigenvalues: 8.07780e-03 2.63687e-02 2.63687e-02 ... 5.78010e-01 5.78010e-01 6.11183e-01
Step    3 : Displace = [0m4.049e-02[0m/[0m1.874e-01[0m (rms/max) Trust = 2.000e-01 ([92m+[0m) Grad_T = [0m4.116e-03[0m/[0m2.337e-02[0m (rms/max) E (change) = -840.0866107733 ([0m-4.947e-03[0m) Quality = [0m1.532[0m
Hessian Eigenvalues: 3.14875e-03 2.63687e-02 2.63687e-02 ... 5.78010e-01 5.78010e-01 6.24023e-01
Step    4 : Displace = [0m8.283e-02[0m/[0m3.839e-01[0m (rms/max) Trust = 2.828e-01 ([92m+[0m) Grad_T = [0m5.126e-03[0m/[0m2.376e-02[0m (rms/max) E (change) = -840.0941490510 ([0m-7.538e-03[0m) Quality = [0m1.386[0m
Hessian Eigenvalues: 2.00914e-03 2.63687e-02 2.63687e-02 ... 5.78010e-01 5.78011e-01 6.00593e-01
Step    5 : Displace = [0m8.118e-02[0m/[0m3.881e-01[0m (rms/max) Trust = 3.000e-01 ([92m+[0m) Grad_T = [0m4.396e-03[0m/[0m1.748e-02[0m (rms/max) E (change) = -840.1014430648 ([0m-7.294e-03[0m) Quality = [0m1.447[0m
Hessian Eigenvalues: 1.78946e-03 2.63686e-02 2.63687e-02 ... 5.78010e-01 5.78013e-01 5.98159e-01
Step    6 : Displace = [0m8.743e-02[0m/[0m4.014e-01[0m (rms/max) Trust = 3.000e-01 (=) Grad_T = [0m3.518e-03[0m/[0m1.374e-02[0m (rms/max) E (change) = -840.1127326204 ([0m-1.129e-02[0m) Quality = [0m1.527[0m
Hessian Eigenvalues: 1.39405e-03 2.21097e-02 2.63687e-02 ... 5.78010e-01 5.78014e-01 6.13936e-01
Step    7 : Displace = [0m1.232e-01[0m/[0m5.457e-01[0m (rms/max) Trust = 3.000e-01 (=) Grad_T = [0m4.895e-03[0m/[0m2.142e-02[0m (rms/max) E (change) = -840.1280879754 ([0m-1.536e-02[0m) Quality = [0m1.468[0m
Hessian Eigenvalues: 8.17391e-04 1.71081e-02 2.63687e-02 ... 5.78011e-01 5.78420e-01 6.18300e-01
Step    8 : Displace = [0m2.100e-01[0m/[0m8.695e-01[0m (rms/max) Trust = 3.000e-01 (=) Grad_T = [0m9.866e-03[0m/[0m4.535e-02[0m (rms/max) E (change) = -840.1416379888 ([0m-1.355e-02[0m) Quality = [0m1.134[0m
Hessian Eigenvalues: 7.88189e-04 1.45279e-02 2.63687e-02 ... 5.78012e-01 5.79823e-01 6.16014e-01
ashpath: /home/18660916/envs/ash/lib/python3.11/site-packages/ash
Sys path: ['/home/18660916/envs/ash/lib/python3.11/site-packages/ash', '/home/18660916/system_development/phase2b_charge_design/05d_shell_ladder/relax/run_shell8p2', '/home/18660916/envs/ash/lib/python311.zip', '/home/18660916/envs/ash/lib/python3.11', '/home/18660916/envs/ash/lib/python3.11/lib-dynload', '/home/18660916/envs/ash/lib/python3.11/site-packages']
--------------------------------------------------------------------------------
--------------------------------------------------------------------------------
                                           ASH                                            
                              A MULTISCALE MODELLING PROGRAM                              
                                        Version: 0.9dev                                        
                               Git commit version: Unknown                                
--------------------------------------------------------------------------------
--------------------------------------------------------------------------------
ASH path: /home/18660916/envs/ash/lib/python3.11/site-packages/ash
Python version: 3.11.15
Python interpreter: /home/18660916/envs/ash/bin/python3

ASH Settings after reading defaults and ~/ash_user_settings.ini : 
See https://ash.readthedocs.io/en/latest/basics.html#ash-settings on how to change settings.
	 debugflag :  False
	 load_julia :  False
	 julia_library :  pythoncall
	 use_ANSI_color :  False
	 print_logo :  False
	 print_input :  True
	 scale :  1.0
	 tol :  0.1
	 conndepth :  10
	 connectivity_code :  julia
	 nonbondedMM_code :  julia
	 print_exit_footer :  True
	 print_full_timings :  True

Note: ASH can use ANSI escape sequences for displaying color. Use e.g. less -R to display
To turn on/off escape sequences, set: 'use_ANSI_color = False' in
~/ash_user_settings.ini

Input script: /home/18660916/system_development/phase2b_charge_design/05d_shell_ladder/relax/run_shell8p2/relax_shell.py
================================================================================
   > import sys, openmm
   > from ash import Fragment, ORCATheory, OpenMMTheory, QMMMTheory, Optimizer
   > name=sys.argv[1]; RUN=(len(sys.argv)>2 and sys.argv[2]=="run")
   > ORCADIR="/home/apps2/ORCA/6.0.1"
   > coords="\n".join(open("%s_coords.xyz"%name).read().splitlines()[2:])
   > mmcharges=[float(x) for x in open("%s_charges.txt"%name).read().split(",")]
   > frag=Fragment(coordsstring=coords, charge=-2, mult=1)
   > els=[a.split()[0] for a in coords.strip().split("\n")]
   > print(">> %s: %d atoms (24 QM + %d MM), MM net %+.2f"%(name,frag.numatoms,frag.numatoms-24,sum(mmcharges)))
   > assert len(mmcharges)==frag.numatoms
   > LJ={"C":(3.40,0.086),"N":(3.25,0.170),"O":(2.96,0.210),"H":(1.06,0.016)}
   > orca=ORCATheory(orcadir=ORCADIR,orcasimpleinput="! B3LYP D3BJ def2-SVP def2/J RIJCOSX CPCM TightSCF",
   >     orcablocks="%cpcm epsilon 4.0 end\n%scf MaxIter 300 Guess PModel end",numcores=8,autostart=False)
   > mm=OpenMMTheory(fragment=frag,dummysystem=True,platform="CPU",numcores=1,autoconstraints=None,rigidwater=False)
   > lj=openmm.CustomBondForce("4*eps*((sig/r)^12 - (sig/r)^6)")
   > lj.addPerBondParameter("sig");lj.addPerBondParameter("eps");lj.setUsesPeriodicBoundaryConditions(False)
   > ang=openmm.unit.angstrom;kcal=openmm.unit.kilocalorie_per_mole;npair=0
   > for i in range(24):
   >     si,ei=LJ[els[i]]
   >     for j in range(24,frag.numatoms):
   >         sj,ej=LJ[els[j]]
   >         sig=((si+sj)/2*ang).value_in_unit(openmm.unit.nanometer)
   >         eps=(((ei*ej)**0.5)*kcal).value_in_unit(openmm.unit.kilojoule_per_mole)
   >         lj.addBond(i,j,[sig,eps]);npair+=1
   > lj.setForceGroup(11);mm.system.addForce(lj)
   > print(">> LJ pairs: %d"%npair)
   > qmmm=QMMMTheory(qm_theory=orca,mm_theory=mm,fragment=frag,qmatoms=list(range(24)),charges=mmcharges,
   >     embedding="elstat",qm_charge=-2,qm_mult=1,numcores=8)
   > FROZEN=list(range(24,frag.numatoms))
   > CONV={"convergence_energy":1e-5,"convergence_grms":3.0e-3,"convergence_gmax":6.0e-3,"convergence_drms":1.0e-2,"convergence_dmax":1.5e-2}
   > if not RUN:
   >     print("\n=== DRY RUN OK %s: %d pairs, MM %+.0f, %d frozen ==="%(name,npair,sum(mmcharges),len(FROZEN))); sys.exit(0)
   > Optimizer(theory=qmmm,fragment=frag,coordsystem="hdlc",frozenatoms=FROZEN,maxiter=400,conv_criteria=CONV,charge=-2,mult=1)
   > frag.write_xyzfile("%s_relaxed.xyz"%name); print(">> DONE -> %s_relaxed.xyz"%name)
================================================================================ 


--------------------------------------------------------------------------------
                                New ASH fragment                                
--------------------------------------------------------------------------------

ASH Fragment creation
Getting coordinates from string: C     60.11193800    34.38396900    57.21013200
H     60.60719900    33.42993900    57.38460900
H     60.72469300    35.27181800    57.05919300
C     58.78057700    34.50353200    57.15195800
C     58.09218200    35.83426100    56.89335400
O     58.81246700    36.81821800    56.57878900
O     56.83954900    35.84891700    57.00961700
O     57.93461500    33.42640300    57.34599800
C     57.67693600    32.53773200    56.20080600
H     57.01901700    31.76376900    56.62407200
C     58.98648700    31.96184000    55.79317200
H     59.46393000    31.24298300    56.46049600
C     59.68310500    32.48267100    54.76815100
C     59.06432100    33.48370900    53.89317900
H     59.70236100    33.90454400    53.11096900
C     57.78125300    33.86565900    54.03153300
H     57.33218100    34.60235400    53.35662900
C     56.88979900    33.27109300    55.08618200
H     56.34719000    34.09064800    55.58588000
O     55.96286300    32.39770700    54.43466800
H     55.31084500    32.10952700    55.09277000
C     61.12320000    32.06212600    54.53420800
O     61.78496200    31.70232800    55.54338100
O     61.54107100    32.10651300    53.35273800
C     67.061100    31.218900    45.404000
O     68.244925    31.280676    45.007463
O     66.349816    30.191517    45.436559
H     66.603121    32.154750    45.756761
C     60.949200    22.427800    52.269800
O     62.133025    22.489576    51.873263
O     60.237916    21.400417    52.302359
H     60.491221    23.363650    52.622561
C     60.290000    45.745900    60.120100
N     60.440577    46.131120    58.856046
H     60.130060    46.793622    59.552300
H     60.636746    45.176082    59.119713
N     59.881101    46.618304    61.036949
H     60.077270    45.663266    61.300616
H     59.995449    46.910840    60.077028
N     60.548321    44.488276    60.467305
H     60.662670    44.780811    59.507384
H     60.237804    45.150778    61.163559
C     65.942300    32.413200    65.053700
N     66.092877    32.798420    63.789646
H     65.782360    33.460922    64.485900
H     66.289046    31.843382    64.053313
N     65.533401    33.285604    65.970549
H     65.729570    32.330566    66.234216
H     65.647749    33.578140    65.010628
N     66.200621    31.155576    65.400905
H     66.314970    31.448111    64.440984
H     65.890104    31.818078    66.097159
C     60.365600    26.373700    64.449400
N     60.516177    26.758920    63.185346
H     60.205660    27.421422    63.881600
H     60.712346    25.803882    63.449013
N     59.956701    27.246104    65.366249
H     60.152870    26.291066    65.629916
H     60.071049    27.538640    64.406328
N     60.623921    25.116076    64.796605
H     60.738270    25.408611    63.836684
H     60.313404    25.778578    65.492859
C     54.338300    23.349800    51.279400
O     55.522125    23.411576    50.882863
O     53.627016    22.322417    51.311959
H     53.880321    24.285650    51.632161
C     54.362700    35.337100    66.606100
N     54.513277    35.722320    65.342046
H     54.202760    36.384822    66.038300
H     54.709446    34.767282    65.605713
N     53.953801    36.209504    67.522949
H     54.149970    35.254466    67.786616
H     54.068149    36.502040    66.563028
N     54.621021    34.079476    66.953305
H     54.735370    34.372011    65.993384
H     54.310504    34.741978    67.649559
C     50.320100    31.377600    63.346900
N     50.470677    31.762820    62.082846
H     50.160160    32.425322    62.779100
H     50.666846    30.807782    62.346513
N     49.911201    32.250004    64.263749
H     50.107370    31.294966    64.527416
H     50.025549    32.542540    63.303828
N     50.578421    30.119976    63.694105
H     50.692770    30.412511    62.734184
H     50.267904    30.782478    64.390359
C     48.156900    38.372800    60.572900
N     48.307477    38.758020    59.308846
H     47.996960    39.420522    60.005100
H     48.503646    37.802982    59.572513
N     47.748001    39.245204    61.489749
H     47.944170    38.290166    61.753416
H     47.862349    39.537740    60.529828
N     48.415221    37.115176    60.920105
H     48.529570    37.407711    59.960184
H     48.104704    37.777678    61.616359
C     56.269500    32.152600    44.039700
O     57.453325    32.214376    43.643163
O     55.558216    31.125217    44.072259
H     55.811521    33.088450    44.392461
Creating/Updating fragment attributes...
Number of Atoms in fragment: 100
Formula: H48C20N18O14
Label: CHHCCOOOCHCHCCHCHCHOHCOOCOOHCOOHCNHHNHHNHHCNHHNHHNHHCNHHNHHNHHCOOHCNHHNHHNHHCNHHNHHNHHCNHHNHHNHHCOOH
Charge: -2 Mult: 1

--------------------------------------------------------------------------------
>> shell8p2: 100 atoms (24 QM + 76 MM), MM net +2.00


                     #####################################                      
                     #                                   #                      
                     #     ORCATheory initialization     #                      
                     #                                   #                      
                     #####################################                      
Checking for ORCA location
 Using orcadir path provided: /home/apps2/ORCA/6.0.1 
Checking if ORCA binary works... yes 
ORCA parallel job requested with numcores: 8 . Make sure that the correct OpenMPI version (for the ORCA version) is available in your environment
OpenMPI binary directory found: /apps/openmpi/4.1.1/bin
Testing that mpirun is executable... yes 
OpenMPI version (mpirun -V): mpirun (Open MPI) 4.1.1

Report bugs to http://www.open-mpi.org/community/help/

bind_to_core_option: True

Creating ORCA object
ORCA dir: /home/apps2/ORCA/6.0.1
! B3LYP D3BJ def2-SVP def2/J RIJCOSX CPCM TightSCF
%cpcm epsilon 4.0 end
%scf MaxIter 300 Guess PModel end

ORCATheory object created!


                           #########################                            
                           #                       #                            
                           #     OpenMM Theory     #                            
                           #                       #                            
                           #########################                            
OpenMM CPU threads set to: 1
Imported OpenMM library version: 8.5.2

--------------------------------------------------------------------------------
                             Defining OpenMM object                             
--------------------------------------------------------------------------------

Printlevel: 2
No automatic constraints
AutoConstraint setting: None
Rigidwater constraints: False
Hydrogenmass option: 1.5 Da
Using platform: CPU

--------------------------------------------------------------------------------
                            Setting up force fields.                            
--------------------------------------------------------------------------------

Note: OpenMM will fail in this step if parameters are missing in topology and
      parameter files (e.g. nonbonded entries).

Defining new basic single-chain, multi-residue topology
Inside write_xmlfile_nonbonded
Wrote XML-file: dummy.xml
residueTemplates: {}
System is non-periodic.
nonbonded noPBC Method is: NoCutoff
Nonbonded cutoff : 20 Angstrom

----------------------
OpenMM system created.
----------------------
OpenMM Forces defined: [<openmm.openmm.NonbondedForce; proxy of <Swig Object of type 'OpenMM::NonbondedForce *' at 0x149eafea9cf0> >, <openmm.openmm.CMMotionRemover; proxy of <Swig Object of type 'OpenMM::CMMotionRemover *' at 0x149eafebe970> >]

Setting charges
Number of atoms in OpenMM system: 100

System constraints defined upon system creation: 0
Use printlevel =>3 to see list of all constraints

----------------------------------------------------------------------------
Time to calculate step (OpenMM object creation): 0.445 seconds, 0.0 minutes.
----------------------------------------------------------------------------
>> LJ pairs: 1824


                            ########################                            
                            #                      #                            
                            #     QM/MM Theory     #                            
                            #                      #                            
                            ########################                            
QM-theory: ORCATheory
MM-theory: OpenMMTheory
All atoms in fragment: 100
QM region (24 atoms): [0, 1, 2, 3, 4, 5, 6, 7, 8, 9, 10, 11, 12, 13, 14, 15, 16, 17, 18, 19, 20, 21, 22, 23]
MM region (76 atoms)
QM/MM object selected to use 8 cores
Embedding: elstat
Reading in charges
Updating charges in OpenMM object.
Updating simulation object for modified Nonbonded force.

--------------------------------------------------------------------
Time to calculate step (update_charges): 0.002 seconds, 0.0 minutes.
--------------------------------------------------------------------
QM-region coordinates (before linkatoms):
   0    C  60.11193800   34.38396900   57.21013200
   1    H  60.60719900   33.42993900   57.38460900
   2    H  60.72469300   35.27181800   57.05919300
   3    C  58.78057700   34.50353200   57.15195800
   4    C  58.09218200   35.83426100   56.89335400
   5    O  58.81246700   36.81821800   56.57878900
   6    O  56.83954900   35.84891700   57.00961700
   7    O  57.93461500   33.42640300   57.34599800
   8    C  57.67693600   32.53773200   56.20080600
   9    H  57.01901700   31.76376900   56.62407200
  10    C  58.98648700   31.96184000   55.79317200
  11    H  59.46393000   31.24298300   56.46049600
  12    C  59.68310500   32.48267100   54.76815100
  13    C  59.06432100   33.48370900   53.89317900
  14    H  59.70236100   33.90454400   53.11096900
  15    C  57.78125300   33.86565900   54.03153300
  16    H  57.33218100   34.60235400   53.35662900
  17    C  56.88979900   33.27109300   55.08618200
  18    H  56.34719000   34.09064800   55.58588000
  19    O  55.96286300   32.39770700   54.43466800
  20    H  55.31084500   32.10952700   55.09277000
  21    C  61.12320000   32.06212600   54.53420800
  22    O  61.78496200   31.70232800   55.54338100
  23    O  61.54107100   32.10651300   53.35273800

Determining QM-MM/HL-LL boundary
Parameters determing connectivity:
Scaling factor: 1.0
Tolerance: 0.30000000000000004
QM atoms: [0, 1, 2, 3, 4, 5, 6, 7, 8, 9, 10, 11, 12, 13, 14, 15, 16, 17, 18, 19, 20, 21, 22, 23]
QM atoms to be excluded from boundary creation (excludeboundaryatomlist):  []
QM-MM boundary dictionary: {}

------------------------------------------------------------------------
Time to calculate step (get_boundary_atoms): 0.002 seconds, 0.0 minutes.
------------------------------------------------------------------------
No covalent QM-MM boundary. Linkatoms and dipole_correction options set to False
Removing constraints in OpenMM object for atoms: [0, 1, 2, 3, 4, 5, 6, 7, 8, 9, 10, 11, 12, 13, 14, 15, 16, 17, 18, 19, 20, 21, 22, 23]
Removing bonded terms for QM-region in MMtheory
Modifying bonded forces.


Number of bonded terms removed:
Harmonic Bond terms: 0
Harmonic Angle terms: 0
Periodic Torsion terms: 0
Custom Torsion terms: 0
CMAP Torsion terms: 0
CustomBond terms 0


--------------------------------------------------------------------------
Time to calculate step (modify_bonded_forces): 0.005 seconds, 0.0 minutes.
--------------------------------------------------------------------------
Removing nonbonded terms for QM-region in MMtheory (QM-QM interactions)
Add exceptions/exclusions. Removing i-j interactions for list: 24 atoms
Case Nonbondedforce. Adding Exception for ij pair.
Number of exceptions (Nonbondedforce) added: 276
Number of exclusions (CustomNonbondedforce) added: 0

--------------------------------------------------------------------
Time to calculate step (add exceptions): 0.002 seconds, 0.0 minutes.
--------------------------------------------------------------------
Charges of QM atoms set to 0 (since Electrostatic Embedding):
Setting QM charges to Zero

-------------------------------------------------------------------
Time to calculate step (ZeroQMCharges): 0.000 seconds, 0.0 minutes.
-------------------------------------------------------------------
Updating charges in OpenMM object.
Updating simulation object for modified Nonbonded force.

--------------------------------------------------------------------
Time to calculate step (update_charges): 0.000 seconds, 0.0 minutes.
--------------------------------------------------------------------
Deleting Coulombexceptions for atomlist: [0, 1, 2, 3, 4, 5, 6, 7, 8, 9, 10, 11, 12, 13, 14, 15, 16, 17, 18, 19, 20, 21, 22, 23]

-----------------------------------------------------------------------
Time to calculate step (delete_exceptions): 0.007 seconds, 0.0 minutes.
-----------------------------------------------------------------------


---------------------------------------------------------------------------
Time to calculate step (QM/MM object creation): 0.100 seconds, 0.0 minutes.
---------------------------------------------------------------------------


                 #############################################                  
                 #                                           #                  
                 #     geomeTRICOptimizer initialization     #                  
                 #                                           #                  
                 #############################################                  
Creating optimizer object
User-defined convergence criteria:
Theory is not periodic
Printlevel: 2
Coordinate system:  hdlc
Max iterations:  400
Frozen atoms: [24, 25, 26, 27, 28, 29, 30, 31, 32, 33, 34, 35, 36, 37, 38, 39, 40, 41, 42, 43, 44, 45, 46, 47, 48, 49, 50, 51, 52, 53, 54, 55, 56, 57, 58, 59, 60, 61, 62, 63, 64, 65, 66, 67, 68, 69, 70, 71, 72, 73, 74, 75, 76, 77, 78, 79, 80, 81, 82, 83, 84, 85, 86, 87, 88, 89, 90, 91, 92, 93, 94, 95, 96, 97, 98, 99]
Active Region: False
TS Optimization: False
Hessian Option: None
Convergence criteria: {'convergence_energy': 1e-05, 'convergence_grms': 0.003, 'convergence_gmax': 0.006, 'convergence_drms': 0.01, 'convergence_dmax': 0.015, 'convergence_cmax': 0.01}


--------------------------------------------------------------------------------
                            Running geomeTRIC object                            
--------------------------------------------------------------------------------

 
Doing geometry optimization on fragment. Formula: H48C20N18O14 Label: CHHCCOOOCHCHCCHCHCHOHCOOCOOHCOOHCNHHNHHNHHCNHHNHHNHHCNHHNHHNHHCOOHCNHHNHHNHHCNHHNHHNHHCNHHNHHNHHCOOH  
No constraints provided to run method.
Testing if constraints present in optimizer object
No constraints in optimizer object.
Now testing if constraints in fragment object 
No constraints in fragment object.

Constraints:  None
constrainvalue:  False
Inside define_constraints
Constraints: None
Inside write_constraintsfile
Writing frozen atom constraints
Wrote XYZ file:  initialxyzfiletric.xyz
No Hessian option provided.
self.constraintsfile: constraints.txt
Convergence criteria: {'convergence_energy': 1e-05, 'convergence_grms': 0.003, 'convergence_gmax': 0.006, 'convergence_drms': 0.01, 'convergence_dmax': 0.015, 'convergence_cmax': 0.01}
Hessian option: None
Coordinate system: hdlc
Starting optimization

-------------------------------------------------------------------------------------
Time to calculate step (Time spent before run_optimizer): 6.388 seconds, 0.1 minutes.
-------------------------------------------------------------------------------------
geometric called detect_dft option option for ASHengineclass.

Convergence criteria: {'convergence_energy': 1e-05, 'convergence_grms': 0.003, 'convergence_gmax': 0.006, 'convergence_drms': 0.01, 'convergence_dmax': 0.015, 'convergence_cmax': 0.01}

Replacing coordinates in fragment.
Creating/Updating fragment attributes...
Number of Atoms in fragment: 100
Formula: H48C20N18O14
Label: CHHCCOOOCHCHCCHCHCHOHCOOCOOHCOOHCNHHNHHNHHCNHHNHHNHHCNHHNHHNHHCOOHCNHHNHHNHHCNHHNHHNHHCNHHNHHNHHCOOH
Charge: -2 Mult: 1

--------------------------------------------------------------------------------
Wrote XYZ file:  Fragment-currentgeo.xyz
Current geometry (Å) in step 0 (print_atoms_list region)
---------------------------------------------------
        C  60.11193800   34.38396900   57.21013200
        H  60.60719900   33.42993900   57.38460900
        H  60.72469300   35.27181800   57.05919300
        C  58.78057700   34.50353200   57.15195800
        C  58.09218200   35.83426100   56.89335400
        O  58.81246700   36.81821800   56.57878900
        O  56.83954900   35.84891700   57.00961700
        O  57.93461500   33.42640300   57.34599800
        C  57.67693600   32.53773200   56.20080600
        H  57.01901700   31.76376900   56.62407200
        C  58.98648700   31.96184000   55.79317200
        H  59.46393000   31.24298300   56.46049600
        C  59.68310500   32.48267100   54.76815100
        C  59.06432100   33.48370900   53.89317900
        H  59.70236100   33.90454400   53.11096900
        C  57.78125300   33.86565900   54.03153300
        H  57.33218100   34.60235400   53.35662900
        C  56.88979900   33.27109300   55.08618200
        H  56.34719000   34.09064800   55.58588000
        O  55.96286300   32.39770700   54.43466800
        H  55.31084500   32.10952700   55.09277000
        C  61.12320000   32.06212600   54.53420800
        O  61.78496200   31.70232800   55.54338100
        O  61.54107100   32.10651300   53.35273800
        C  67.06110000   31.21890000   45.40400000
        O  68.24492500   31.28067600   45.00746300
        O  66.34981600   30.19151700   45.43655900
        H  66.60312100   32.15475000   45.75676100
        C  60.94920000   22.42780000   52.26980000
        O  62.13302500   22.48957600   51.87326300
        O  60.23791600   21.40041700   52.30235900
        H  60.49122100   23.36365000   52.62256100
        C  60.29000000   45.74590000   60.12010000
        N  60.44057700   46.13112000   58.85604600
        H  60.13006000   46.79362200   59.55230000
        H  60.63674600   45.17608200   59.11971300
        N  59.88110100   46.61830400   61.03694900
        H  60.07727000   45.66326600   61.30061600
        H  59.99544900   46.91084000   60.07702800
        N  60.54832100   44.48827600   60.46730500
        H  60.66267000   44.78081100   59.50738400
        H  60.23780400   45.15077800   61.16355900
        C  65.94230000   32.41320000   65.05370000
        N  66.09287700   32.79842000   63.78964600
        H  65.78236000   33.46092200   64.48590000
        H  66.28904600   31.84338200   64.05331300
        N  65.53340100   33.28560400   65.97054900
        H  65.72957000   32.33056600   66.23421600
        H  65.64774900   33.57814000   65.01062800
        N  66.20062100   31.15557600   65.40090500
        H  66.31497000   31.44811100   64.44098400
        H  65.89010400   31.81807800   66.09715900
        C  60.36560000   26.37370000   64.44940000
        N  60.51617700   26.75892000   63.18534600
        H  60.20566000   27.42142200   63.88160000
        H  60.71234600   25.80388200   63.44901300
        N  59.95670100   27.24610400   65.36624900
        H  60.15287000   26.29106600   65.62991600
        H  60.07104900   27.53864000   64.40632800
        N  60.62392100   25.11607600   64.79660500
        H  60.73827000   25.40861100   63.83668400
        H  60.31340400   25.77857800   65.49285900
        C  54.33830000   23.34980000   51.27940000
        O  55.52212500   23.41157600   50.88286300
        O  53.62701600   22.32241700   51.31195900
        H  53.88032100   24.28565000   51.63216100
        C  54.36270000   35.33710000   66.60610000
        N  54.51327700   35.72232000   65.34204600
        H  54.20276000   36.38482200   66.03830000
        H  54.70944600   34.76728200   65.60571300
        N  53.95380100   36.20950400   67.52294900
        H  54.14997000   35.25446600   67.78661600
        H  54.06814900   36.50204000   66.56302800
        N  54.62102100   34.07947600   66.95330500
        H  54.73537000   34.37201100   65.99338400
        H  54.31050400   34.74197800   67.64955900
        C  50.32010000   31.37760000   63.34690000
        N  50.47067700   31.76282000   62.08284600
        H  50.16016000   32.42532200   62.77910000
        H  50.66684600   30.80778200   62.34651300
        N  49.91120100   32.25000400   64.26374900
        H  50.10737000   31.29496600   64.52741600
        H  50.02554900   32.54254000   63.30382800
        N  50.57842100   30.11997600   63.69410500
        H  50.69277000   30.41251100   62.73418400
        H  50.26790400   30.78247800   64.39035900
        C  48.15690000   38.37280000   60.57290000
        N  48.30747700   38.75802000   59.30884600
        H  47.99696000   39.42052200   60.00510000
        H  48.50364600   37.80298200   59.57251300
        N  47.74800100   39.24520400   61.48974900
        H  47.94417000   38.29016600   61.75341600
        H  47.86234900   39.53774000   60.52982800
        N  48.41522100   37.11517600   60.92010500
        H  48.52957000   37.40771100   59.96018400
        H  48.10470400   37.77767800   61.61635900
        C  56.26950000   32.15260000   44.03970000
        O  57.45332500   32.21437600   43.64316300
        O  55.55821600   31.12521700   44.07225900
        H  55.81152100   33.08845000   44.39246100

Note: printed only print_atoms_list (this is not necessarily all atoms) 
  ------------RUNNING QM/MM MODULE------------- 
QM Module: ORCATheory
MM Module: OpenMMTheory
Charge provided from QMMMTheory object:  -2
Mult provided from QMMMTheory object:  1
QM-region Charge: -2 Mult: 1
Embedding: Electrostatic
First QMMMTheory run. Running runprep
Inside QMMMTheory runprep

-------------------------------------------------------------
Time to calculate step (runprep): 0.000 seconds, 0.0 minutes.
-------------------------------------------------------------
Number of pointcharges (to QM program): 76
Number of charge coordinates: 76
Running QM/MM object with 8 cores available

-------------------------------------------------------------------
Time to calculate step (before-QMstep): 0.000 seconds, 0.0 minutes.
-------------------------------------------------------------------
  ------------RUNNING ORCA INTERFACE------------- 
Object-label: ORCA
Run-label: None
Running ORCA with 8 cores available
Moreadfile option not active
No orca.gbw file is present in dir.
Checking if a file orca.gbw exists in parentdir:
Found no file. ORCA will guess new orbitals
Creating inputfile: orca.inp
ORCA input:
! B3LYP D3BJ def2-SVP def2/J RIJCOSX CPCM TightSCF

! Noautostart


%cpcm epsilon 4.0 end
%scf MaxIter 300 Guess PModel end
Charge: -2  Mult: 1
Pointcharge embedding is on!
 ORCA Calculation starting. 
Found warning messages in ORCA outputfile:
WARNING: The chosen methods will break translational/rotational symmetry
 WARNING: The chosen methods will break translational symmetry
 WARNING: The chosen methods will break translational symmetry
 Warning: op=0 Small HOMO/LUMO gap (   0.097) - skipping pre-diagonalization

 ORCA Calculation done. 
ORCA converged in 14 iterations
ORCA energy: -836.57292527649
  ------------ENDING ORCA-INTERFACE------------- 

----------------------------------------------------------------
Time to calculate step (ORCA run): 122.932 seconds, 2.0 minutes.
----------------------------------------------------------------

---------------------------------------------------------------
Time to calculate step (QM step): 122.932 seconds, 2.0 minutes.
---------------------------------------------------------------

----------------------------------------------------------------------
Time to calculate step (QMpcgrad prepare): 0.000 seconds, 0.0 minutes.
----------------------------------------------------------------------

--------------------------------------------------------------------------
Time to calculate step (linkatomgrad prepare): 0.000 seconds, 0.0 minutes.
--------------------------------------------------------------------------

----------------------------------------------------------------------------
Time to calculate step (QM/MM gradient prepare): 0.000 seconds, 0.0 minutes.
----------------------------------------------------------------------------
Using OpenMM theory as part of QM/MM.
Using MM on full system. Charges for QM region [0, 1, 2, 3, 4, 5, 6, 7, 8, 9, 10, 11, 12, 13, 14, 15, 16, 17, 18, 19, 20, 21, 22, 23] have been set to zero 

--------------------------------------------------------------------------------
                   Creating/updating OpenMM simulation object                   
--------------------------------------------------------------------------------

Integrator name: VerletIntegrator
Timestep: 0.001
Temperature: 300
Coupling frequency: 1
Properties: {'Threads': '1'}
Topology: <Topology; 1 chains, 1 residues, 100 atoms, 0 bonds>

----------------------------------------------------------------------------------
Time to calculate step (creating/updating simulation): 0.002 seconds, 0.0 minutes.
----------------------------------------------------------------------------------

--------------------------------------------------------------------------------
                     Running Single-point OpenMM Interface                      
--------------------------------------------------------------------------------

Number of OpenMM system constraints defined: 0

-----------------------------------------------------------------------------------
Time to calculate step (OpenMMTheory.run: const-check): 0.003 seconds, 0.0 minutes.
-----------------------------------------------------------------------------------
Updating coordinates.

------------------------------------------------------------------------
Time to calculate step (Creating pos array): 0.000 seconds, 0.0 minutes.
------------------------------------------------------------------------

---------------------------------------------------------------------------
Time to calculate step (Updating MM positions): 0.000 seconds, 0.0 minutes.
---------------------------------------------------------------------------
Calling OpenMM getState.

---------------------------------------------------------------------
Time to calculate step (OpenMM getState): 0.001 seconds, 0.0 minutes.
---------------------------------------------------------------------
OpenMM Energy: -3.501224785431316 Eh
OpenMM Energy: -2197.0517236826954 kcal/mol

-----------------------
Ending OpenMM interface
-----------------------

----------------------------------------------------------------
Time to calculate step (OpenMM run): 0.004 seconds, 0.0 minutes.
----------------------------------------------------------------

-------------------------------------------------------------
Time to calculate step (MM step): 0.004 seconds, 0.0 minutes.
-------------------------------------------------------------

Note: You are using electrostatic embedding. This means that the QM-energy is actually the polarized QM-energy
Note: MM energy also contains the QM-MM Lennard-Jones interaction

QM energy:              -836.572925276490 
MM energy:                -3.501224785431
QM/MM energy:           -840.074150061921 

  ------------ENDING QM/MM MODULE------------- 

-----------------------------------------------------------------
Time to calculate step (QM/MM run): 122.937 seconds, 2.0 minutes.
-----------------------------------------------------------------

Convergence criteria: {'convergence_energy': 1e-05, 'convergence_grms': 0.003, 'convergence_gmax': 0.006, 'convergence_drms': 0.01, 'convergence_dmax': 0.015, 'convergence_cmax': 0.01}

Replacing coordinates in fragment.
Creating/Updating fragment attributes...
Number of Atoms in fragment: 100
Formula: H48C20N18O14
Label: CHHCCOOOCHCHCCHCHCHOHCOOCOOHCOOHCNHHNHHNHHCNHHNHHNHHCNHHNHHNHHCOOHCNHHNHHNHHCNHHNHHNHHCNHHNHHNHHCOOH
Charge: -2 Mult: 1

--------------------------------------------------------------------------------
Wrote XYZ file:  Fragment-currentgeo.xyz
Current geometry (Å) in step 0 (print_atoms_list region)
---------------------------------------------------
        C  60.10230378   34.39016531   57.23163178
        H  60.60559415   33.43015588   57.36529686
        H  60.71615188   35.27590304   57.05775219
        C  58.76538221   34.51009945   57.16197460
        C  58.06456703   35.85181513   56.89606960
        O  58.81742016   36.82535616   56.64001820
        O  56.81393137   35.88655418   57.06715628
        O  57.92863071   33.43054238   57.36174347
        C  57.67938511   32.53847250   56.20520896
        H  57.01105857   31.77000324   56.63002734
        C  58.98186181   31.95562845   55.79241194
        H  59.46413532   31.23470275   56.45676064
        C  59.68834859   32.47769233   54.77226491
        C  59.06914708   33.47753878   53.89346671
        H  59.70036161   33.89378260   53.10492564
        C  57.78813190   33.86448028   54.03853816
        H  57.33826138   34.59577011   53.35898803
        C  56.89324250   33.27146543   55.09092522
        H  56.34882991   34.09099496   55.59402417
        O  55.97414153   32.39486039   54.43797156
        H  55.31884812   32.10617479   55.08891080
        C  61.14002370   32.05528340   54.53942914
        O  61.76174418   31.71382810   55.58761508
        O  61.54964462   32.13973770   53.36581682
        C  67.06110000   31.21890000   45.40400000
        O  68.24492500   31.28067600   45.00746300
        O  66.34981600   30.19151700   45.43655900
        H  66.60312100   32.15475000   45.75676100
        C  60.94920000   22.42780000   52.26980000
        O  62.13302500   22.48957600   51.87326300
        O  60.23791600   21.40041700   52.30235900
        H  60.49122100   23.36365000   52.62256100
        C  60.29000000   45.74590000   60.12010000
        N  60.44057700   46.13112000   58.85604600
        H  60.13006000   46.79362200   59.55230000
        H  60.63674600   45.17608200   59.11971300
        N  59.88110100   46.61830400   61.03694900
        H  60.07727000   45.66326600   61.30061600
        H  59.99544900   46.91084000   60.07702800
        N  60.54832100   44.48827600   60.46730500
        H  60.66267000   44.78081100   59.50738400
        H  60.23780400   45.15077800   61.16355900
        C  65.94230000   32.41320000   65.05370000
        N  66.09287700   32.79842000   63.78964600
        H  65.78236000   33.46092200   64.48590000
        H  66.28904600   31.84338200   64.05331300
        N  65.53340100   33.28560400   65.97054900
        H  65.72957000   32.33056600   66.23421600
        H  65.64774900   33.57814000   65.01062800
        N  66.20062100   31.15557600   65.40090500
        H  66.31497000   31.44811100   64.44098400
        H  65.89010400   31.81807800   66.09715900
        C  60.36560000   26.37370000   64.44940000
        N  60.51617700   26.75892000   63.18534600
        H  60.20566000   27.42142200   63.88160000
        H  60.71234600   25.80388200   63.44901300
        N  59.95670100   27.24610400   65.36624900
        H  60.15287000   26.29106600   65.62991600
        H  60.07104900   27.53864000   64.40632800
        N  60.62392100   25.11607600   64.79660500
        H  60.73827000   25.40861100   63.83668400
        H  60.31340400   25.77857800   65.49285900
        C  54.33830000   23.34980000   51.27940000
        O  55.52212500   23.41157600   50.88286300
        O  53.62701600   22.32241700   51.31195900
        H  53.88032100   24.28565000   51.63216100
        C  54.36270000   35.33710000   66.60610000
        N  54.51327700   35.72232000   65.34204600
        H  54.20276000   36.38482200   66.03830000
        H  54.70944600   34.76728200   65.60571300
        N  53.95380100   36.20950400   67.52294900
        H  54.14997000   35.25446600   67.78661600
        H  54.06814900   36.50204000   66.56302800
        N  54.62102100   34.07947600   66.95330500
        H  54.73537000   34.37201100   65.99338400
        H  54.31050400   34.74197800   67.64955900
        C  50.32010000   31.37760000   63.34690000
        N  50.47067700   31.76282000   62.08284600
        H  50.16016000   32.42532200   62.77910000
        H  50.66684600   30.80778200   62.34651300
        N  49.91120100   32.25000400   64.26374900
        H  50.10737000   31.29496600   64.52741600
        H  50.02554900   32.54254000   63.30382800
        N  50.57842100   30.11997600   63.69410500
        H  50.69277000   30.41251100   62.73418400
        H  50.26790400   30.78247800   64.39035900
        C  48.15690000   38.37280000   60.57290000
        N  48.30747700   38.75802000   59.30884600
        H  47.99696000   39.42052200   60.00510000
        H  48.50364600   37.80298200   59.57251300
        N  47.74800100   39.24520400   61.48974900
        H  47.94417000   38.29016600   61.75341600
        H  47.86234900   39.53774000   60.52982800
        N  48.41522100   37.11517600   60.92010500
        H  48.52957000   37.40771100   59.96018400
        H  48.10470400   37.77767800   61.61635900
        C  56.26950000   32.15260000   44.03970000
        O  57.45332500   32.21437600   43.64316300
        O  55.55821600   31.12521700   44.07225900
        H  55.81152100   33.08845000   44.39246100

Note: printed only print_atoms_list (this is not necessarily all atoms) 
  ------------RUNNING QM/MM MODULE------------- 
QM Module: ORCATheory
MM Module: OpenMMTheory
Charge provided from QMMMTheory object:  -2
Mult provided from QMMMTheory object:  1
QM-region Charge: -2 Mult: 1
Embedding: Electrostatic
Number of pointcharges (to QM program): 76
Number of charge coordinates: 76
Running QM/MM object with 8 cores available

-------------------------------------------------------------------
Time to calculate step (before-QMstep): 0.000 seconds, 0.0 minutes.
-------------------------------------------------------------------
  ------------RUNNING ORCA INTERFACE------------- 
Object-label: ORCA
Run-label: None
Running ORCA with 8 cores available
Moreadfile option not active
A GBW-file with same basename : orca.gbw is present
Autostart is False. ORCA will ignore any file present
Creating inputfile: orca.inp
ORCA input:
! B3LYP D3BJ def2-SVP def2/J RIJCOSX CPCM TightSCF

! Noautostart

%cpcm epsilon 4.0 end
%scf MaxIter 300 Guess PModel end
Charge: -2  Mult: 1
Pointcharge embedding is on!
 ORCA Calculation starting. 
Found warning messages in ORCA outputfile:
WARNING: The chosen methods will break translational/rotational symmetry
 WARNING: The chosen methods will break translational symmetry
 WARNING: The chosen methods will break translational symmetry

 ORCA Calculation done. 
ORCA converged in 12 iterations
ORCA energy: -836.576756141217
  ------------ENDING ORCA-INTERFACE------------- 

----------------------------------------------------------------
Time to calculate step (ORCA run): 119.973 seconds, 2.0 minutes.
----------------------------------------------------------------

---------------------------------------------------------------
Time to calculate step (QM step): 119.973 seconds, 2.0 minutes.
---------------------------------------------------------------

----------------------------------------------------------------------
Time to calculate step (QMpcgrad prepare): 0.000 seconds, 0.0 minutes.
----------------------------------------------------------------------

--------------------------------------------------------------------------
Time to calculate step (linkatomgrad prepare): 0.000 seconds, 0.0 minutes.
--------------------------------------------------------------------------

----------------------------------------------------------------------------
Time to calculate step (QM/MM gradient prepare): 0.000 seconds, 0.0 minutes.
----------------------------------------------------------------------------
Using OpenMM theory as part of QM/MM.
Using MM on full system. Charges for QM region [0, 1, 2, 3, 4, 5, 6, 7, 8, 9, 10, 11, 12, 13, 14, 15, 16, 17, 18, 19, 20, 21, 22, 23] have been set to zero 

--------------------------------------------------------------------------------
                   Creating/updating OpenMM simulation object                   
--------------------------------------------------------------------------------

Integrator name: VerletIntegrator
Timestep: 0.001
Temperature: 300
Coupling frequency: 1
Properties: {'Threads': '1'}
Topology: <Topology; 1 chains, 1 residues, 100 atoms, 0 bonds>

----------------------------------------------------------------------------------
Time to calculate step (creating/updating simulation): 0.002 seconds, 0.0 minutes.
----------------------------------------------------------------------------------

--------------------------------------------------------------------------------
                     Running Single-point OpenMM Interface                      
--------------------------------------------------------------------------------

Number of OpenMM system constraints defined: 0

-----------------------------------------------------------------------------------
Time to calculate step (OpenMMTheory.run: const-check): 0.002 seconds, 0.0 minutes.
-----------------------------------------------------------------------------------
Updating coordinates.

------------------------------------------------------------------------
Time to calculate step (Creating pos array): 0.000 seconds, 0.0 minutes.
------------------------------------------------------------------------

---------------------------------------------------------------------------
Time to calculate step (Updating MM positions): 0.000 seconds, 0.0 minutes.
---------------------------------------------------------------------------
Calling OpenMM getState.

---------------------------------------------------------------------
Time to calculate step (OpenMM getState): 0.000 seconds, 0.0 minutes.
---------------------------------------------------------------------
OpenMM Energy: -3.501225949221853 Eh
OpenMM Energy: -2197.0524539722833 kcal/mol

-----------------------
Ending OpenMM interface
-----------------------

----------------------------------------------------------------
Time to calculate step (OpenMM run): 0.002 seconds, 0.0 minutes.
----------------------------------------------------------------

-------------------------------------------------------------
Time to calculate step (MM step): 0.003 seconds, 0.0 minutes.
-------------------------------------------------------------

Note: You are using electrostatic embedding. This means that the QM-energy is actually the polarized QM-energy
Note: MM energy also contains the QM-MM Lennard-Jones interaction

QM energy:              -836.576756141217 
MM energy:                -3.501225949222
QM/MM energy:           -840.077982090439 

  ------------ENDING QM/MM MODULE------------- 

-----------------------------------------------------------------
Time to calculate step (QM/MM run): 119.976 seconds, 2.0 minutes.
-----------------------------------------------------------------
geometric called save_guess_files option option for ASHengineclass.
This option is currently unsupported in ASH. Continuing.

Convergence criteria: {'convergence_energy': 1e-05, 'convergence_grms': 0.003, 'convergence_gmax': 0.006, 'convergence_drms': 0.01, 'convergence_dmax': 0.015, 'convergence_cmax': 0.01}

Replacing coordinates in fragment.
Creating/Updating fragment attributes...
Number of Atoms in fragment: 100
Formula: H48C20N18O14
Label: CHHCCOOOCHCHCCHCHCHOHCOOCOOHCOOHCNHHNHHNHHCNHHNHHNHHCNHHNHHNHHCOOHCNHHNHHNHHCNHHNHHNHHCNHHNHHNHHCOOH
Charge: -2 Mult: 1

--------------------------------------------------------------------------------
Wrote XYZ file:  Fragment-currentgeo.xyz
Current geometry (Å) in step 0 (print_atoms_list region)
---------------------------------------------------
        C  60.08059859   34.40028292   57.25704241
        H  60.59388689   33.43403721   57.32927315
        H  60.69218792   35.28608934   57.06101422
        C  58.73739481   34.51529957   57.18753588
        C  58.04554626   35.89365227   56.97892062
        O  58.79761373   36.86031270   56.72282752
        O  56.79100266   35.93427053   57.14775917
        O  57.91256957   33.43156816   57.38579137
        C  57.67677587   32.53717858   56.21288672
        H  56.99456702   31.77912974   56.64004389
        C  58.96906305   31.94665992   55.79550926
        H  59.46089064   31.22296176   56.45270954
        C  59.68512299   32.47265603   54.78187316
        C  59.07261898   33.46799764   53.89422600
        H  59.69768089   33.87383791   53.09626815
        C  57.79645770   33.86553326   54.04897101
        H  57.34551509   34.58722868   53.36139378
        C  56.89736019   33.27403269   55.09911566
        H  56.34863073   34.09144003   55.60709330
        O  55.99262582   32.39278879   54.44160233
        H  55.33241396   32.09976092   55.08231816
        C  61.16211832   32.06938338   54.57525302
        O  61.76111316   31.71649951   55.63917961
        O  61.57281512   32.18552665   53.41638334
        C  67.06110000   31.21890000   45.40400000
        O  68.24492500   31.28067600   45.00746300
        O  66.34981600   30.19151700   45.43655900
        H  66.60312100   32.15475000   45.75676100
        C  60.94920000   22.42780000   52.26980000
        O  62.13302500   22.48957600   51.87326300
        O  60.23791600   21.40041700   52.30235900
        H  60.49122100   23.36365000   52.62256100
        C  60.29000000   45.74590000   60.12010000
        N  60.44057700   46.13112000   58.85604600
        H  60.13006000   46.79362200   59.55230000
        H  60.63674600   45.17608200   59.11971300
        N  59.88110100   46.61830400   61.03694900
        H  60.07727000   45.66326600   61.30061600
        H  59.99544900   46.91084000   60.07702800
        N  60.54832100   44.48827600   60.46730500
        H  60.66267000   44.78081100   59.50738400
        H  60.23780400   45.15077800   61.16355900
        C  65.94230000   32.41320000   65.05370000
        N  66.09287700   32.79842000   63.78964600
        H  65.78236000   33.46092200   64.48590000
        H  66.28904600   31.84338200   64.05331300
        N  65.53340100   33.28560400   65.97054900
        H  65.72957000   32.33056600   66.23421600
        H  65.64774900   33.57814000   65.01062800
        N  66.20062100   31.15557600   65.40090500
        H  66.31497000   31.44811100   64.44098400
        H  65.89010400   31.81807800   66.09715900
        C  60.36560000   26.37370000   64.44940000
        N  60.51617700   26.75892000   63.18534600
        H  60.20566000   27.42142200   63.88160000
        H  60.71234600   25.80388200   63.44901300
        N  59.95670100   27.24610400   65.36624900
        H  60.15287000   26.29106600   65.62991600
        H  60.07104900   27.53864000   64.40632800
        N  60.62392100   25.11607600   64.79660500
        H  60.73827000   25.40861100   63.83668400
        H  60.31340400   25.77857800   65.49285900
        C  54.33830000   23.34980000   51.27940000
        O  55.52212500   23.41157600   50.88286300
        O  53.62701600   22.32241700   51.31195900
        H  53.88032100   24.28565000   51.63216100
        C  54.36270000   35.33710000   66.60610000
        N  54.51327700   35.72232000   65.34204600
        H  54.20276000   36.38482200   66.03830000
        H  54.70944600   34.76728200   65.60571300
        N  53.95380100   36.20950400   67.52294900
        H  54.14997000   35.25446600   67.78661600
        H  54.06814900   36.50204000   66.56302800
        N  54.62102100   34.07947600   66.95330500
        H  54.73537000   34.37201100   65.99338400
        H  54.31050400   34.74197800   67.64955900
        C  50.32010000   31.37760000   63.34690000
        N  50.47067700   31.76282000   62.08284600
        H  50.16016000   32.42532200   62.77910000
        H  50.66684600   30.80778200   62.34651300
        N  49.91120100   32.25000400   64.26374900
        H  50.10737000   31.29496600   64.52741600
        H  50.02554900   32.54254000   63.30382800
        N  50.57842100   30.11997600   63.69410500
        H  50.69277000   30.41251100   62.73418400
        H  50.26790400   30.78247800   64.39035900
        C  48.15690000   38.37280000   60.57290000
        N  48.30747700   38.75802000   59.30884600
        H  47.99696000   39.42052200   60.00510000
        H  48.50364600   37.80298200   59.57251300
        N  47.74800100   39.24520400   61.48974900
        H  47.94417000   38.29016600   61.75341600
        H  47.86234900   39.53774000   60.52982800
        N  48.41522100   37.11517600   60.92010500
        H  48.52957000   37.40771100   59.96018400
        H  48.10470400   37.77767800   61.61635900
        C  56.26950000   32.15260000   44.03970000
        O  57.45332500   32.21437600   43.64316300
        O  55.55821600   31.12521700   44.07225900
        H  55.81152100   33.08845000   44.39246100

Note: printed only print_atoms_list (this is not necessarily all atoms) 
  ------------RUNNING QM/MM MODULE------------- 
QM Module: ORCATheory
MM Module: OpenMMTheory
Charge provided from QMMMTheory object:  -2
Mult provided from QMMMTheory object:  1
QM-region Charge: -2 Mult: 1
Embedding: Electrostatic
Number of pointcharges (to QM program): 76
Number of charge coordinates: 76
Running QM/MM object with 8 cores available

-------------------------------------------------------------------
Time to calculate step (before-QMstep): 0.000 seconds, 0.0 minutes.
-------------------------------------------------------------------
  ------------RUNNING ORCA INTERFACE------------- 
Object-label: ORCA
Run-label: None
Running ORCA with 8 cores available
Moreadfile option not active
A GBW-file with same basename : orca.gbw is present
Autostart is False. ORCA will ignore any file present
Creating inputfile: orca.inp
ORCA input:
! B3LYP D3BJ def2-SVP def2/J RIJCOSX CPCM TightSCF

! Noautostart

%cpcm epsilon 4.0 end
%scf MaxIter 300 Guess PModel end
Charge: -2  Mult: 1
Pointcharge embedding is on!
 ORCA Calculation starting. 
Found warning messages in ORCA outputfile:
WARNING: The chosen methods will break translational/rotational symmetry
 WARNING: The chosen methods will break translational symmetry
 WARNING: The chosen methods will break translational symmetry

 ORCA Calculation done. 
ORCA converged in 12 iterations
ORCA energy: -836.580435467358
  ------------ENDING ORCA-INTERFACE------------- 

----------------------------------------------------------------
Time to calculate step (ORCA run): 119.123 seconds, 2.0 minutes.
----------------------------------------------------------------

---------------------------------------------------------------
Time to calculate step (QM step): 119.123 seconds, 2.0 minutes.
---------------------------------------------------------------

----------------------------------------------------------------------
Time to calculate step (QMpcgrad prepare): 0.000 seconds, 0.0 minutes.
----------------------------------------------------------------------

--------------------------------------------------------------------------
Time to calculate step (linkatomgrad prepare): 0.000 seconds, 0.0 minutes.
--------------------------------------------------------------------------

----------------------------------------------------------------------------
Time to calculate step (QM/MM gradient prepare): 0.000 seconds, 0.0 minutes.
----------------------------------------------------------------------------
Using OpenMM theory as part of QM/MM.
Using MM on full system. Charges for QM region [0, 1, 2, 3, 4, 5, 6, 7, 8, 9, 10, 11, 12, 13, 14, 15, 16, 17, 18, 19, 20, 21, 22, 23] have been set to zero 

--------------------------------------------------------------------------------
                   Creating/updating OpenMM simulation object                   
--------------------------------------------------------------------------------

Integrator name: VerletIntegrator
Timestep: 0.001
Temperature: 300
Coupling frequency: 1
Properties: {'Threads': '1'}
Topology: <Topology; 1 chains, 1 residues, 100 atoms, 0 bonds>

----------------------------------------------------------------------------------
Time to calculate step (creating/updating simulation): 0.002 seconds, 0.0 minutes.
----------------------------------------------------------------------------------

--------------------------------------------------------------------------------
                     Running Single-point OpenMM Interface                      
--------------------------------------------------------------------------------

Number of OpenMM system constraints defined: 0

-----------------------------------------------------------------------------------
Time to calculate step (OpenMMTheory.run: const-check): 0.002 seconds, 0.0 minutes.
-----------------------------------------------------------------------------------
Updating coordinates.

------------------------------------------------------------------------
Time to calculate step (Creating pos array): 0.000 seconds, 0.0 minutes.
------------------------------------------------------------------------

---------------------------------------------------------------------------
Time to calculate step (Updating MM positions): 0.000 seconds, 0.0 minutes.
---------------------------------------------------------------------------
Calling OpenMM getState.

---------------------------------------------------------------------
Time to calculate step (OpenMM getState): 0.000 seconds, 0.0 minutes.
---------------------------------------------------------------------
OpenMM Energy: -3.5012280137437806 Eh
OpenMM Energy: -2197.053749479352 kcal/mol

-----------------------
Ending OpenMM interface
-----------------------

----------------------------------------------------------------
Time to calculate step (OpenMM run): 0.003 seconds, 0.0 minutes.
----------------------------------------------------------------

-------------------------------------------------------------
Time to calculate step (MM step): 0.003 seconds, 0.0 minutes.
-------------------------------------------------------------

Note: You are using electrostatic embedding. This means that the QM-energy is actually the polarized QM-energy
Note: MM energy also contains the QM-MM Lennard-Jones interaction

QM energy:              -836.580435467358 
MM energy:                -3.501228013744
QM/MM energy:           -840.081663481102 

  ------------ENDING QM/MM MODULE------------- 

-----------------------------------------------------------------
Time to calculate step (QM/MM run): 119.126 seconds, 2.0 minutes.
-----------------------------------------------------------------
geometric called save_guess_files option option for ASHengineclass.
This option is currently unsupported in ASH. Continuing.

Convergence criteria: {'convergence_energy': 1e-05, 'convergence_grms': 0.003, 'convergence_gmax': 0.006, 'convergence_drms': 0.01, 'convergence_dmax': 0.015, 'convergence_cmax': 0.01}

Replacing coordinates in fragment.
Creating/Updating fragment attributes...
Number of Atoms in fragment: 100
Formula: H48C20N18O14
Label: CHHCCOOOCHCHCCHCHCHOHCOOCOOHCOOHCNHHNHHNHHCNHHNHHNHHCNHHNHHNHHCOOHCNHHNHHNHHCNHHNHHNHHCNHHNHHNHHCOOH
Charge: -2 Mult: 1

--------------------------------------------------------------------------------
Wrote XYZ file:  Fragment-currentgeo.xyz
Current geometry (Å) in step 1 (print_atoms_list region)
---------------------------------------------------
        C  60.03979207   34.41928272   57.28610331
        H  60.55734293   33.44741920   57.26568946
        H  60.63975617   35.31095989   57.07760795
        C  58.69175680   34.53683920   57.24357296
        C  58.00383024   35.95269250   57.12491865
        O  58.75876872   36.92056377   56.90931829
        O  56.75186012   36.00067662   57.32872935
        O  57.87889069   33.44546952   57.42209660
        C  57.66557331   32.53738541   56.23224517
        H  56.96357378   31.79814987   56.66168572
        C  58.94891497   31.93870294   55.81688347
        H  59.45039303   31.20933263   56.46138786
        C  59.67753787   32.46826444   54.81206039
        C  59.07767485   33.45235551   53.90491990
        H  59.69755095   33.82950238   53.08783097
        C  57.80962718   33.87131756   54.06831248
        H  57.35500118   34.57485871   53.36546492
        C  56.90357318   33.28248003   55.11563245
        H  56.34491219   34.09422998   55.62760076
        O  56.02401569   32.39423318   54.44475688
        H  55.35610581   32.08684894   55.06985322
        C  61.18831484   32.09869669   54.65413781
        O  61.76259559   31.72875706   55.72888450
        O  61.64353122   32.27344028   53.52706159
        C  67.06110000   31.21890000   45.40400000
        O  68.24492500   31.28067600   45.00746300
        O  66.34981600   30.19151700   45.43655900
        H  66.60312100   32.15475000   45.75676100
        C  60.94920000   22.42780000   52.26980000
        O  62.13302500   22.48957600   51.87326300
        O  60.23791600   21.40041700   52.30235900
        H  60.49122100   23.36365000   52.62256100
        C  60.29000000   45.74590000   60.12010000
        N  60.44057700   46.13112000   58.85604600
        H  60.13006000   46.79362200   59.55230000
        H  60.63674600   45.17608200   59.11971300
        N  59.88110100   46.61830400   61.03694900
        H  60.07727000   45.66326600   61.30061600
        H  59.99544900   46.91084000   60.07702800
        N  60.54832100   44.48827600   60.46730500
        H  60.66267000   44.78081100   59.50738400
        H  60.23780400   45.15077800   61.16355900
        C  65.94230000   32.41320000   65.05370000
        N  66.09287700   32.79842000   63.78964600
        H  65.78236000   33.46092200   64.48590000
        H  66.28904600   31.84338200   64.05331300
        N  65.53340100   33.28560400   65.97054900
        H  65.72957000   32.33056600   66.23421600
        H  65.64774900   33.57814000   65.01062800
        N  66.20062100   31.15557600   65.40090500
        H  66.31497000   31.44811100   64.44098400
        H  65.89010400   31.81807800   66.09715900
        C  60.36560000   26.37370000   64.44940000
        N  60.51617700   26.75892000   63.18534600
        H  60.20566000   27.42142200   63.88160000
        H  60.71234600   25.80388200   63.44901300
        N  59.95670100   27.24610400   65.36624900
        H  60.15287000   26.29106600   65.62991600
        H  60.07104900   27.53864000   64.40632800
        N  60.62392100   25.11607600   64.79660500
        H  60.73827000   25.40861100   63.83668400
        H  60.31340400   25.77857800   65.49285900
        C  54.33830000   23.34980000   51.27940000
        O  55.52212500   23.41157600   50.88286300
        O  53.62701600   22.32241700   51.31195900
        H  53.88032100   24.28565000   51.63216100
        C  54.36270000   35.33710000   66.60610000
        N  54.51327700   35.72232000   65.34204600
        H  54.20276000   36.38482200   66.03830000
        H  54.70944600   34.76728200   65.60571300
        N  53.95380100   36.20950400   67.52294900
        H  54.14997000   35.25446600   67.78661600
        H  54.06814900   36.50204000   66.56302800
        N  54.62102100   34.07947600   66.95330500
        H  54.73537000   34.37201100   65.99338400
        H  54.31050400   34.74197800   67.64955900
        C  50.32010000   31.37760000   63.34690000
        N  50.47067700   31.76282000   62.08284600
        H  50.16016000   32.42532200   62.77910000
        H  50.66684600   30.80778200   62.34651300
        N  49.91120100   32.25000400   64.26374900
        H  50.10737000   31.29496600   64.52741600
        H  50.02554900   32.54254000   63.30382800
        N  50.57842100   30.11997600   63.69410500
        H  50.69277000   30.41251100   62.73418400
        H  50.26790400   30.78247800   64.39035900
        C  48.15690000   38.37280000   60.57290000
        N  48.30747700   38.75802000   59.30884600
        H  47.99696000   39.42052200   60.00510000
        H  48.50364600   37.80298200   59.57251300
        N  47.74800100   39.24520400   61.48974900
        H  47.94417000   38.29016600   61.75341600
        H  47.86234900   39.53774000   60.52982800
        N  48.41522100   37.11517600   60.92010500
        H  48.52957000   37.40771100   59.96018400
        H  48.10470400   37.77767800   61.61635900
        C  56.26950000   32.15260000   44.03970000
        O  57.45332500   32.21437600   43.64316300
        O  55.55821600   31.12521700   44.07225900
        H  55.81152100   33.08845000   44.39246100

Note: printed only print_atoms_list (this is not necessarily all atoms) 
  ------------RUNNING QM/MM MODULE------------- 
QM Module: ORCATheory
MM Module: OpenMMTheory
Charge provided from QMMMTheory object:  -2
Mult provided from QMMMTheory object:  1
QM-region Charge: -2 Mult: 1
Embedding: Electrostatic
Number of pointcharges (to QM program): 76
Number of charge coordinates: 76
Running QM/MM object with 8 cores available

-------------------------------------------------------------------
Time to calculate step (before-QMstep): 0.000 seconds, 0.0 minutes.
-------------------------------------------------------------------
  ------------RUNNING ORCA INTERFACE------------- 
Object-label: ORCA
Run-label: None
Running ORCA with 8 cores available
Moreadfile option not active
A GBW-file with same basename : orca.gbw is present
Autostart is False. ORCA will ignore any file present
Creating inputfile: orca.inp
ORCA input:
! B3LYP D3BJ def2-SVP def2/J RIJCOSX CPCM TightSCF

! Noautostart

%cpcm epsilon 4.0 end
%scf MaxIter 300 Guess PModel end
Charge: -2  Mult: 1
Pointcharge embedding is on!
 ORCA Calculation starting. 
Found warning messages in ORCA outputfile:
WARNING: The chosen methods will break translational/rotational symmetry
 WARNING: The chosen methods will break translational symmetry
 WARNING: The chosen methods will break translational symmetry

 ORCA Calculation done. 
ORCA converged in 12 iterations
ORCA energy: -836.585378501657
  ------------ENDING ORCA-INTERFACE------------- 

----------------------------------------------------------------
Time to calculate step (ORCA run): 116.674 seconds, 1.9 minutes.
----------------------------------------------------------------

---------------------------------------------------------------
Time to calculate step (QM step): 116.675 seconds, 1.9 minutes.
---------------------------------------------------------------

----------------------------------------------------------------------
Time to calculate step (QMpcgrad prepare): 0.000 seconds, 0.0 minutes.
----------------------------------------------------------------------

--------------------------------------------------------------------------
Time to calculate step (linkatomgrad prepare): 0.000 seconds, 0.0 minutes.
--------------------------------------------------------------------------

----------------------------------------------------------------------------
Time to calculate step (QM/MM gradient prepare): 0.000 seconds, 0.0 minutes.
----------------------------------------------------------------------------
Using OpenMM theory as part of QM/MM.
Using MM on full system. Charges for QM region [0, 1, 2, 3, 4, 5, 6, 7, 8, 9, 10, 11, 12, 13, 14, 15, 16, 17, 18, 19, 20, 21, 22, 23] have been set to zero 

--------------------------------------------------------------------------------
                   Creating/updating OpenMM simulation object                   
--------------------------------------------------------------------------------

Integrator name: VerletIntegrator
Timestep: 0.001
Temperature: 300
Coupling frequency: 1
Properties: {'Threads': '1'}
Topology: <Topology; 1 chains, 1 residues, 100 atoms, 0 bonds>

----------------------------------------------------------------------------------
Time to calculate step (creating/updating simulation): 0.002 seconds, 0.0 minutes.
----------------------------------------------------------------------------------

--------------------------------------------------------------------------------
                     Running Single-point OpenMM Interface                      
--------------------------------------------------------------------------------

Number of OpenMM system constraints defined: 0

-----------------------------------------------------------------------------------
Time to calculate step (OpenMMTheory.run: const-check): 0.003 seconds, 0.0 minutes.
-----------------------------------------------------------------------------------
Updating coordinates.

------------------------------------------------------------------------
Time to calculate step (Creating pos array): 0.000 seconds, 0.0 minutes.
------------------------------------------------------------------------

---------------------------------------------------------------------------
Time to calculate step (Updating MM positions): 0.000 seconds, 0.0 minutes.
---------------------------------------------------------------------------
Calling OpenMM getState.

---------------------------------------------------------------------
Time to calculate step (OpenMM getState): 0.001 seconds, 0.0 minutes.
---------------------------------------------------------------------
OpenMM Energy: -3.501232271618768 Eh
OpenMM Energy: -2197.056421336246 kcal/mol

-----------------------
Ending OpenMM interface
-----------------------

----------------------------------------------------------------
Time to calculate step (OpenMM run): 0.004 seconds, 0.0 minutes.
----------------------------------------------------------------

-------------------------------------------------------------
Time to calculate step (MM step): 0.004 seconds, 0.0 minutes.
-------------------------------------------------------------

Note: You are using electrostatic embedding. This means that the QM-energy is actually the polarized QM-energy
Note: MM energy also contains the QM-MM Lennard-Jones interaction

QM energy:              -836.585378501657 
MM energy:                -3.501232271619
QM/MM energy:           -840.086610773276 

  ------------ENDING QM/MM MODULE------------- 

-----------------------------------------------------------------
Time to calculate step (QM/MM run): 116.679 seconds, 1.9 minutes.
-----------------------------------------------------------------
geometric called save_guess_files option option for ASHengineclass.
This option is currently unsupported in ASH. Continuing.

Convergence criteria: {'convergence_energy': 1e-05, 'convergence_grms': 0.003, 'convergence_gmax': 0.006, 'convergence_drms': 0.01, 'convergence_dmax': 0.015, 'convergence_cmax': 0.01}

Replacing coordinates in fragment.
Creating/Updating fragment attributes...
Number of Atoms in fragment: 100
Formula: H48C20N18O14
Label: CHHCCOOOCHCHCCHCHCHOHCOOCOOHCOOHCNHHNHHNHHCNHHNHHNHHCNHHNHHNHHCOOHCNHHNHHNHHCNHHNHHNHHCNHHNHHNHHCOOH
Charge: -2 Mult: 1

--------------------------------------------------------------------------------
Wrote XYZ file:  Fragment-currentgeo.xyz
Current geometry (Å) in step 2 (print_atoms_list region)
---------------------------------------------------
        C  59.95883549   34.46031394   57.31318817
        H  60.47223054   33.49173848   57.15585667
        H  60.53358354   35.37144131   57.12742036
        C  58.60572031   34.58587461   57.36056729
        C  57.92665968   36.04496745   57.45178238
        O  58.67804282   37.02538366   57.29786345
        O  56.68022602   36.08817260   57.69557566
        O  57.80424223   33.48163464   57.48544297
        C  57.63949290   32.54577419   56.27583943
        H  56.90899152   31.83623084   56.70598305
        C  58.92215434   31.93848100   55.87709543
        H  59.42143359   31.19910966   56.51126521
        C  59.67573887   32.46464575   54.88311581
        C  59.08945900   33.42479043   53.94010822
        H  59.70622560   33.73810991   53.09085639
        C  57.83409782   33.88265062   54.10688406
        H  57.37415292   34.55209022   53.37384861
        C  56.91261169   33.30142325   55.14797707
        H  56.33118945   34.10116858   55.65953187
        O  56.07516099   32.40391986   54.44519538
        H  55.39898482   32.06073527   55.04390515
        C  61.23310268   32.16883138   54.81404732
        O  61.72144920   31.76078577   55.92200672
        O  61.79740875   32.45961703   53.75630198
        C  67.06110000   31.21890000   45.40400000
        O  68.24492500   31.28067600   45.00746300
        O  66.34981600   30.19151700   45.43655900
        H  66.60312100   32.15475000   45.75676100
        C  60.94920000   22.42780000   52.26980000
        O  62.13302500   22.48957600   51.87326300
        O  60.23791600   21.40041700   52.30235900
        H  60.49122100   23.36365000   52.62256100
        C  60.29000000   45.74590000   60.12010000
        N  60.44057700   46.13112000   58.85604600
        H  60.13006000   46.79362200   59.55230000
        H  60.63674600   45.17608200   59.11971300
        N  59.88110100   46.61830400   61.03694900
        H  60.07727000   45.66326600   61.30061600
        H  59.99544900   46.91084000   60.07702800
        N  60.54832100   44.48827600   60.46730500
        H  60.66267000   44.78081100   59.50738400
        H  60.23780400   45.15077800   61.16355900
        C  65.94230000   32.41320000   65.05370000
        N  66.09287700   32.79842000   63.78964600
        H  65.78236000   33.46092200   64.48590000
        H  66.28904600   31.84338200   64.05331300
        N  65.53340100   33.28560400   65.97054900
        H  65.72957000   32.33056600   66.23421600
        H  65.64774900   33.57814000   65.01062800
        N  66.20062100   31.15557600   65.40090500
        H  66.31497000   31.44811100   64.44098400
        H  65.89010400   31.81807800   66.09715900
        C  60.36560000   26.37370000   64.44940000
        N  60.51617700   26.75892000   63.18534600
        H  60.20566000   27.42142200   63.88160000
        H  60.71234600   25.80388200   63.44901300
        N  59.95670100   27.24610400   65.36624900
        H  60.15287000   26.29106600   65.62991600
        H  60.07104900   27.53864000   64.40632800
        N  60.62392100   25.11607600   64.79660500
        H  60.73827000   25.40861100   63.83668400
        H  60.31340400   25.77857800   65.49285900
        C  54.33830000   23.34980000   51.27940000
        O  55.52212500   23.41157600   50.88286300
        O  53.62701600   22.32241700   51.31195900
        H  53.88032100   24.28565000   51.63216100
        C  54.36270000   35.33710000   66.60610000
        N  54.51327700   35.72232000   65.34204600
        H  54.20276000   36.38482200   66.03830000
        H  54.70944600   34.76728200   65.60571300
        N  53.95380100   36.20950400   67.52294900
        H  54.14997000   35.25446600   67.78661600
        H  54.06814900   36.50204000   66.56302800
        N  54.62102100   34.07947600   66.95330500
        H  54.73537000   34.37201100   65.99338400
        H  54.31050400   34.74197800   67.64955900
        C  50.32010000   31.37760000   63.34690000
        N  50.47067700   31.76282000   62.08284600
        H  50.16016000   32.42532200   62.77910000
        H  50.66684600   30.80778200   62.34651300
        N  49.91120100   32.25000400   64.26374900
        H  50.10737000   31.29496600   64.52741600
        H  50.02554900   32.54254000   63.30382800
        N  50.57842100   30.11997600   63.69410500
        H  50.69277000   30.41251100   62.73418400
        H  50.26790400   30.78247800   64.39035900
        C  48.15690000   38.37280000   60.57290000
        N  48.30747700   38.75802000   59.30884600
        H  47.99696000   39.42052200   60.00510000
        H  48.50364600   37.80298200   59.57251300
        N  47.74800100   39.24520400   61.48974900
        H  47.94417000   38.29016600   61.75341600
        H  47.86234900   39.53774000   60.52982800
        N  48.41522100   37.11517600   60.92010500
        H  48.52957000   37.40771100   59.96018400
        H  48.10470400   37.77767800   61.61635900
        C  56.26950000   32.15260000   44.03970000
        O  57.45332500   32.21437600   43.64316300
        O  55.55821600   31.12521700   44.07225900
        H  55.81152100   33.08845000   44.39246100

Note: printed only print_atoms_list (this is not necessarily all atoms) 
  ------------RUNNING QM/MM MODULE------------- 
QM Module: ORCATheory
MM Module: OpenMMTheory
Charge provided from QMMMTheory object:  -2
Mult provided from QMMMTheory object:  1
QM-region Charge: -2 Mult: 1
Embedding: Electrostatic
Number of pointcharges (to QM program): 76
Number of charge coordinates: 76
Running QM/MM object with 8 cores available

-------------------------------------------------------------------
Time to calculate step (before-QMstep): 0.000 seconds, 0.0 minutes.
-------------------------------------------------------------------
  ------------RUNNING ORCA INTERFACE------------- 
Object-label: ORCA
Run-label: None
Running ORCA with 8 cores available
Moreadfile option not active
A GBW-file with same basename : orca.gbw is present
Autostart is False. ORCA will ignore any file present
Creating inputfile: orca.inp
ORCA input:
! B3LYP D3BJ def2-SVP def2/J RIJCOSX CPCM TightSCF

! Noautostart

%cpcm epsilon 4.0 end
%scf MaxIter 300 Guess PModel end
Charge: -2  Mult: 1
Pointcharge embedding is on!
 ORCA Calculation starting. 
Found warning messages in ORCA outputfile:
WARNING: The chosen methods will break translational/rotational symmetry
 WARNING: The chosen methods will break translational symmetry
 WARNING: The chosen methods will break translational symmetry

 ORCA Calculation done. 
ORCA converged in 14 iterations
ORCA energy: -836.592907056188
  ------------ENDING ORCA-INTERFACE------------- 

----------------------------------------------------------------
Time to calculate step (ORCA run): 131.068 seconds, 2.2 minutes.
----------------------------------------------------------------

---------------------------------------------------------------
Time to calculate step (QM step): 131.068 seconds, 2.2 minutes.
---------------------------------------------------------------

----------------------------------------------------------------------
Time to calculate step (QMpcgrad prepare): 0.000 seconds, 0.0 minutes.
----------------------------------------------------------------------

--------------------------------------------------------------------------
Time to calculate step (linkatomgrad prepare): 0.000 seconds, 0.0 minutes.
--------------------------------------------------------------------------

----------------------------------------------------------------------------
Time to calculate step (QM/MM gradient prepare): 0.000 seconds, 0.0 minutes.
----------------------------------------------------------------------------
Using OpenMM theory as part of QM/MM.
Using MM on full system. Charges for QM region [0, 1, 2, 3, 4, 5, 6, 7, 8, 9, 10, 11, 12, 13, 14, 15, 16, 17, 18, 19, 20, 21, 22, 23] have been set to zero 

--------------------------------------------------------------------------------
                   Creating/updating OpenMM simulation object                   
--------------------------------------------------------------------------------

Integrator name: VerletIntegrator
Timestep: 0.001
Temperature: 300
Coupling frequency: 1
Properties: {'Threads': '1'}
Topology: <Topology; 1 chains, 1 residues, 100 atoms, 0 bonds>

----------------------------------------------------------------------------------
Time to calculate step (creating/updating simulation): 0.002 seconds, 0.0 minutes.
----------------------------------------------------------------------------------

--------------------------------------------------------------------------------
                     Running Single-point OpenMM Interface                      
--------------------------------------------------------------------------------

Number of OpenMM system constraints defined: 0

-----------------------------------------------------------------------------------
Time to calculate step (OpenMMTheory.run: const-check): 0.002 seconds, 0.0 minutes.
-----------------------------------------------------------------------------------
Updating coordinates.

------------------------------------------------------------------------
Time to calculate step (Creating pos array): 0.000 seconds, 0.0 minutes.
------------------------------------------------------------------------

---------------------------------------------------------------------------
Time to calculate step (Updating MM positions): 0.000 seconds, 0.0 minutes.
---------------------------------------------------------------------------
Calling OpenMM getState.

---------------------------------------------------------------------
Time to calculate step (OpenMM getState): 0.000 seconds, 0.0 minutes.
---------------------------------------------------------------------
OpenMM Energy: -3.501241994819896 Eh
OpenMM Energy: -2197.062522737072 kcal/mol

-----------------------
Ending OpenMM interface
-----------------------

----------------------------------------------------------------
Time to calculate step (OpenMM run): 0.004 seconds, 0.0 minutes.
----------------------------------------------------------------

-------------------------------------------------------------
Time to calculate step (MM step): 0.004 seconds, 0.0 minutes.
-------------------------------------------------------------

Note: You are using electrostatic embedding. This means that the QM-energy is actually the polarized QM-energy
Note: MM energy also contains the QM-MM Lennard-Jones interaction

QM energy:              -836.592907056188 
MM energy:                -3.501241994820
QM/MM energy:           -840.094149051008 

  ------------ENDING QM/MM MODULE------------- 

-----------------------------------------------------------------
Time to calculate step (QM/MM run): 131.072 seconds, 2.2 minutes.
-----------------------------------------------------------------
geometric called save_guess_files option option for ASHengineclass.
This option is currently unsupported in ASH. Continuing.
geometric called clearCalcs option for ASHengineclass.
This option is currently unsupported in ASH. Continuing.

Convergence criteria: {'convergence_energy': 1e-05, 'convergence_grms': 0.003, 'convergence_gmax': 0.006, 'convergence_drms': 0.01, 'convergence_dmax': 0.015, 'convergence_cmax': 0.01}

Replacing coordinates in fragment.
Creating/Updating fragment attributes...
Number of Atoms in fragment: 100
Formula: H48C20N18O14
Label: CHHCCOOOCHCHCCHCHCHOHCOOCOOHCOOHCNHHNHHNHHCNHHNHHNHHCNHHNHHNHHCOOHCNHHNHHNHHCNHHNHHNHHCNHHNHHNHHCOOH
Charge: -2 Mult: 1

--------------------------------------------------------------------------------
Wrote XYZ file:  Fragment-currentgeo.xyz
Current geometry (Å) in step 3 (print_atoms_list region)
---------------------------------------------------
        C  59.87507192   34.51902250   57.32324655
        H  60.38076862   33.56528001   57.08836763
        H  60.43501580   35.44569368   57.19027380
        C  58.52749327   34.63793495   57.47834000
        C  57.85078921   36.09447031   57.76038485
        O  58.60514913   37.09129653   57.70172866
        O  56.61792809   36.12046752   58.06448008
        O  57.72589407   33.52646008   57.54237262
        C  57.61278803   32.56818433   56.32247935
        H  56.86976456   31.87211962   56.74767385
        C  58.90535610   31.95643141   55.95173102
        H  59.38560185   31.21260375   56.59410551
        C  59.67659006   32.46882957   54.96015235
        C  59.10353552   33.40398950   53.98371294
        H  59.72296891   33.66190709   53.11676932
        C  57.85680660   33.89003649   54.13883438
        H  57.39658234   34.53087540   53.37992692
        C  56.91799442   33.32146232   55.17461010
        H  56.31275897   34.11203740   55.67335828
        O  56.11052224   32.41813732   54.44144713
        H  55.43540684   32.03689908   55.02051127
        C  61.25400377   32.24731105   54.99400811
        O  61.69554103   31.79553455   56.10064120
        O  61.90723910   32.63462585   54.01211234
        C  67.06110000   31.21890000   45.40400000
        O  68.24492500   31.28067600   45.00746300
        O  66.34981600   30.19151700   45.43655900
        H  66.60312100   32.15475000   45.75676100
        C  60.94920000   22.42780000   52.26980000
        O  62.13302500   22.48957600   51.87326300
        O  60.23791600   21.40041700   52.30235900
        H  60.49122100   23.36365000   52.62256100
        C  60.29000000   45.74590000   60.12010000
        N  60.44057700   46.13112000   58.85604600
        H  60.13006000   46.79362200   59.55230000
        H  60.63674600   45.17608200   59.11971300
        N  59.88110100   46.61830400   61.03694900
        H  60.07727000   45.66326600   61.30061600
        H  59.99544900   46.91084000   60.07702800
        N  60.54832100   44.48827600   60.46730500
        H  60.66267000   44.78081100   59.50738400
        H  60.23780400   45.15077800   61.16355900
        C  65.94230000   32.41320000   65.05370000
        N  66.09287700   32.79842000   63.78964600
        H  65.78236000   33.46092200   64.48590000
        H  66.28904600   31.84338200   64.05331300
        N  65.53340100   33.28560400   65.97054900
        H  65.72957000   32.33056600   66.23421600
        H  65.64774900   33.57814000   65.01062800
        N  66.20062100   31.15557600   65.40090500
        H  66.31497000   31.44811100   64.44098400
        H  65.89010400   31.81807800   66.09715900
        C  60.36560000   26.37370000   64.44940000
        N  60.51617700   26.75892000   63.18534600
        H  60.20566000   27.42142200   63.88160000
        H  60.71234600   25.80388200   63.44901300
        N  59.95670100   27.24610400   65.36624900
        H  60.15287000   26.29106600   65.62991600
        H  60.07104900   27.53864000   64.40632800
        N  60.62392100   25.11607600   64.79660500
        H  60.73827000   25.40861100   63.83668400
        H  60.31340400   25.77857800   65.49285900
        C  54.33830000   23.34980000   51.27940000
        O  55.52212500   23.41157600   50.88286300
        O  53.62701600   22.32241700   51.31195900
        H  53.88032100   24.28565000   51.63216100
        C  54.36270000   35.33710000   66.60610000
        N  54.51327700   35.72232000   65.34204600
        H  54.20276000   36.38482200   66.03830000
        H  54.70944600   34.76728200   65.60571300
        N  53.95380100   36.20950400   67.52294900
        H  54.14997000   35.25446600   67.78661600
        H  54.06814900   36.50204000   66.56302800
        N  54.62102100   34.07947600   66.95330500
        H  54.73537000   34.37201100   65.99338400
        H  54.31050400   34.74197800   67.64955900
        C  50.32010000   31.37760000   63.34690000
        N  50.47067700   31.76282000   62.08284600
        H  50.16016000   32.42532200   62.77910000
        H  50.66684600   30.80778200   62.34651300
        N  49.91120100   32.25000400   64.26374900
        H  50.10737000   31.29496600   64.52741600
        H  50.02554900   32.54254000   63.30382800
        N  50.57842100   30.11997600   63.69410500
        H  50.69277000   30.41251100   62.73418400
        H  50.26790400   30.78247800   64.39035900
        C  48.15690000   38.37280000   60.57290000
        N  48.30747700   38.75802000   59.30884600
        H  47.99696000   39.42052200   60.00510000
        H  48.50364600   37.80298200   59.57251300
        N  47.74800100   39.24520400   61.48974900
        H  47.94417000   38.29016600   61.75341600
        H  47.86234900   39.53774000   60.52982800
        N  48.41522100   37.11517600   60.92010500
        H  48.52957000   37.40771100   59.96018400
        H  48.10470400   37.77767800   61.61635900
        C  56.26950000   32.15260000   44.03970000
        O  57.45332500   32.21437600   43.64316300
        O  55.55821600   31.12521700   44.07225900
        H  55.81152100   33.08845000   44.39246100

Note: printed only print_atoms_list (this is not necessarily all atoms) 
  ------------RUNNING QM/MM MODULE------------- 
QM Module: ORCATheory
MM Module: OpenMMTheory
Charge provided from QMMMTheory object:  -2
Mult provided from QMMMTheory object:  1
QM-region Charge: -2 Mult: 1
Embedding: Electrostatic
Number of pointcharges (to QM program): 76
Number of charge coordinates: 76
Running QM/MM object with 8 cores available

-------------------------------------------------------------------
Time to calculate step (before-QMstep): 0.000 seconds, 0.0 minutes.
-------------------------------------------------------------------
  ------------RUNNING ORCA INTERFACE------------- 
Object-label: ORCA
Run-label: None
Running ORCA with 8 cores available
Moreadfile option not active
A GBW-file with same basename : orca.gbw is present
Autostart is False. ORCA will ignore any file present
Creating inputfile: orca.inp
ORCA input:
! B3LYP D3BJ def2-SVP def2/J RIJCOSX CPCM TightSCF

! Noautostart

%cpcm epsilon 4.0 end
%scf MaxIter 300 Guess PModel end
Charge: -2  Mult: 1
Pointcharge embedding is on!
 ORCA Calculation starting. 
Found warning messages in ORCA outputfile:
WARNING: The chosen methods will break translational/rotational symmetry
 WARNING: The chosen methods will break translational symmetry
 WARNING: The chosen methods will break translational symmetry

 ORCA Calculation done. 
ORCA converged in 14 iterations
ORCA energy: -836.600189902944
  ------------ENDING ORCA-INTERFACE------------- 

----------------------------------------------------------------
Time to calculate step (ORCA run): 127.690 seconds, 2.1 minutes.
----------------------------------------------------------------

---------------------------------------------------------------
Time to calculate step (QM step): 127.690 seconds, 2.1 minutes.
---------------------------------------------------------------

----------------------------------------------------------------------
Time to calculate step (QMpcgrad prepare): 0.000 seconds, 0.0 minutes.
----------------------------------------------------------------------

--------------------------------------------------------------------------
Time to calculate step (linkatomgrad prepare): 0.000 seconds, 0.0 minutes.
--------------------------------------------------------------------------

----------------------------------------------------------------------------
Time to calculate step (QM/MM gradient prepare): 0.000 seconds, 0.0 minutes.
----------------------------------------------------------------------------
Using OpenMM theory as part of QM/MM.
Using MM on full system. Charges for QM region [0, 1, 2, 3, 4, 5, 6, 7, 8, 9, 10, 11, 12, 13, 14, 15, 16, 17, 18, 19, 20, 21, 22, 23] have been set to zero 

--------------------------------------------------------------------------------
                   Creating/updating OpenMM simulation object                   
--------------------------------------------------------------------------------

Integrator name: VerletIntegrator
Timestep: 0.001
Temperature: 300
Coupling frequency: 1
Properties: {'Threads': '1'}
Topology: <Topology; 1 chains, 1 residues, 100 atoms, 0 bonds>

----------------------------------------------------------------------------------
Time to calculate step (creating/updating simulation): 0.002 seconds, 0.0 minutes.
----------------------------------------------------------------------------------

--------------------------------------------------------------------------------
                     Running Single-point OpenMM Interface                      
--------------------------------------------------------------------------------

Number of OpenMM system constraints defined: 0

-----------------------------------------------------------------------------------
Time to calculate step (OpenMMTheory.run: const-check): 0.002 seconds, 0.0 minutes.
-----------------------------------------------------------------------------------
Updating coordinates.

------------------------------------------------------------------------
Time to calculate step (Creating pos array): 0.000 seconds, 0.0 minutes.
------------------------------------------------------------------------

---------------------------------------------------------------------------
Time to calculate step (Updating MM positions): 0.000 seconds, 0.0 minutes.
---------------------------------------------------------------------------
Calling OpenMM getState.

---------------------------------------------------------------------
Time to calculate step (OpenMM getState): 0.000 seconds, 0.0 minutes.
---------------------------------------------------------------------
OpenMM Energy: -3.501253161903582 Eh
OpenMM Energy: -2197.0695301878827 kcal/mol

-----------------------
Ending OpenMM interface
-----------------------

----------------------------------------------------------------
Time to calculate step (OpenMM run): 0.002 seconds, 0.0 minutes.
----------------------------------------------------------------

-------------------------------------------------------------
Time to calculate step (MM step): 0.003 seconds, 0.0 minutes.
-------------------------------------------------------------

Note: You are using electrostatic embedding. This means that the QM-energy is actually the polarized QM-energy
Note: MM energy also contains the QM-MM Lennard-Jones interaction

QM energy:              -836.600189902944 
MM energy:                -3.501253161904
QM/MM energy:           -840.101443064848 

  ------------ENDING QM/MM MODULE------------- 

-----------------------------------------------------------------
Time to calculate step (QM/MM run): 127.693 seconds, 2.1 minutes.
-----------------------------------------------------------------
geometric called save_guess_files option option for ASHengineclass.
This option is currently unsupported in ASH. Continuing.

Convergence criteria: {'convergence_energy': 1e-05, 'convergence_grms': 0.003, 'convergence_gmax': 0.006, 'convergence_drms': 0.01, 'convergence_dmax': 0.015, 'convergence_cmax': 0.01}

Replacing coordinates in fragment.
Creating/Updating fragment attributes...
Number of Atoms in fragment: 100
Formula: H48C20N18O14
Label: CHHCCOOOCHCHCCHCHCHOHCOOCOOHCOOHCNHHNHHNHHCNHHNHHNHHCNHHNHHNHHCOOHCNHHNHHNHHCNHHNHHNHHCNHHNHHNHHCOOH
Charge: -2 Mult: 1

--------------------------------------------------------------------------------
Wrote XYZ file:  Fragment-currentgeo.xyz
Current geometry (Å) in step 4 (print_atoms_list region)
---------------------------------------------------
        C  59.77320812   34.61952183   57.33673898
        H  60.27732691   33.68864138   57.07960720
        H  60.33394317   35.55148668   57.28748916
        C  58.45015462   34.69544836   57.61155958
        C  57.77893121   36.08950623   58.09594708
        O  58.53335154   37.09838208   58.12823612
        O  56.56406227   36.07213818   58.44065946
        O  57.63652734   33.58372994   57.59763556
        C  57.58178105   32.61216688   56.37808833
        H  56.84512222   31.90751532   56.78937085
        C  58.90111607   32.00588855   56.06147730
        H  59.34416889   31.26808563   56.73458683
        C  59.68783278   32.49283120   55.07044081
        C  59.12779049   33.39333505   54.05332190
        H  59.75632946   33.60714454   53.18284238
        C  57.88154963   33.88975528   54.16787549
        H  57.43007938   34.50677530   53.38344687
        C  56.91924522   33.34414614   55.19651473
        H  56.28761770   34.13192353   55.66016931
        O  56.13127228   32.43571495   54.43707475
        H  55.46726311   32.01565974   55.00454935
        C  61.24765161   32.33021181   55.19632339
        O  61.64331149   31.83877648   56.29159663
        O  61.96458557   32.80890597   54.29481586
        C  67.06110000   31.21890000   45.40400000
        O  68.24492500   31.28067600   45.00746300
        O  66.34981600   30.19151700   45.43655900
        H  66.60312100   32.15475000   45.75676100
        C  60.94920000   22.42780000   52.26980000
        O  62.13302500   22.48957600   51.87326300
        O  60.23791600   21.40041700   52.30235900
        H  60.49122100   23.36365000   52.62256100
        C  60.29000000   45.74590000   60.12010000
        N  60.44057700   46.13112000   58.85604600
        H  60.13006000   46.79362200   59.55230000
        H  60.63674600   45.17608200   59.11971300
        N  59.88110100   46.61830400   61.03694900
        H  60.07727000   45.66326600   61.30061600
        H  59.99544900   46.91084000   60.07702800
        N  60.54832100   44.48827600   60.46730500
        H  60.66267000   44.78081100   59.50738400
        H  60.23780400   45.15077800   61.16355900
        C  65.94230000   32.41320000   65.05370000
        N  66.09287700   32.79842000   63.78964600
        H  65.78236000   33.46092200   64.48590000
        H  66.28904600   31.84338200   64.05331300
        N  65.53340100   33.28560400   65.97054900
        H  65.72957000   32.33056600   66.23421600
        H  65.64774900   33.57814000   65.01062800
        N  66.20062100   31.15557600   65.40090500
        H  66.31497000   31.44811100   64.44098400
        H  65.89010400   31.81807800   66.09715900
        C  60.36560000   26.37370000   64.44940000
        N  60.51617700   26.75892000   63.18534600
        H  60.20566000   27.42142200   63.88160000
        H  60.71234600   25.80388200   63.44901300
        N  59.95670100   27.24610400   65.36624900
        H  60.15287000   26.29106600   65.62991600
        H  60.07104900   27.53864000   64.40632800
        N  60.62392100   25.11607600   64.79660500
        H  60.73827000   25.40861100   63.83668400
        H  60.31340400   25.77857800   65.49285900
        C  54.33830000   23.34980000   51.27940000
        O  55.52212500   23.41157600   50.88286300
        O  53.62701600   22.32241700   51.31195900
        H  53.88032100   24.28565000   51.63216100
        C  54.36270000   35.33710000   66.60610000
        N  54.51327700   35.72232000   65.34204600
        H  54.20276000   36.38482200   66.03830000
        H  54.70944600   34.76728200   65.60571300
        N  53.95380100   36.20950400   67.52294900
        H  54.14997000   35.25446600   67.78661600
        H  54.06814900   36.50204000   66.56302800
        N  54.62102100   34.07947600   66.95330500
        H  54.73537000   34.37201100   65.99338400
        H  54.31050400   34.74197800   67.64955900
        C  50.32010000   31.37760000   63.34690000
        N  50.47067700   31.76282000   62.08284600
        H  50.16016000   32.42532200   62.77910000
        H  50.66684600   30.80778200   62.34651300
        N  49.91120100   32.25000400   64.26374900
        H  50.10737000   31.29496600   64.52741600
        H  50.02554900   32.54254000   63.30382800
        N  50.57842100   30.11997600   63.69410500
        H  50.69277000   30.41251100   62.73418400
        H  50.26790400   30.78247800   64.39035900
        C  48.15690000   38.37280000   60.57290000
        N  48.30747700   38.75802000   59.30884600
        H  47.99696000   39.42052200   60.00510000
        H  48.50364600   37.80298200   59.57251300
        N  47.74800100   39.24520400   61.48974900
        H  47.94417000   38.29016600   61.75341600
        H  47.86234900   39.53774000   60.52982800
        N  48.41522100   37.11517600   60.92010500
        H  48.52957000   37.40771100   59.96018400
        H  48.10470400   37.77767800   61.61635900
        C  56.26950000   32.15260000   44.03970000
        O  57.45332500   32.21437600   43.64316300
        O  55.55821600   31.12521700   44.07225900
        H  55.81152100   33.08845000   44.39246100

Note: printed only print_atoms_list (this is not necessarily all atoms) 
  ------------RUNNING QM/MM MODULE------------- 
QM Module: ORCATheory
MM Module: OpenMMTheory
Charge provided from QMMMTheory object:  -2
Mult provided from QMMMTheory object:  1
QM-region Charge: -2 Mult: 1
Embedding: Electrostatic
Number of pointcharges (to QM program): 76
Number of charge coordinates: 76
Running QM/MM object with 8 cores available

-------------------------------------------------------------------
Time to calculate step (before-QMstep): 0.000 seconds, 0.0 minutes.
-------------------------------------------------------------------
  ------------RUNNING ORCA INTERFACE------------- 
Object-label: ORCA
Run-label: None
Running ORCA with 8 cores available
Moreadfile option not active
A GBW-file with same basename : orca.gbw is present
Autostart is False. ORCA will ignore any file present
Creating inputfile: orca.inp
ORCA input:
! B3LYP D3BJ def2-SVP def2/J RIJCOSX CPCM TightSCF

! Noautostart

%cpcm epsilon 4.0 end
%scf MaxIter 300 Guess PModel end
Charge: -2  Mult: 1
Pointcharge embedding is on!
 ORCA Calculation starting. 
Found warning messages in ORCA outputfile:
WARNING: The chosen methods will break translational/rotational symmetry
 WARNING: The chosen methods will break translational symmetry
 WARNING: The chosen methods will break translational symmetry
 Warning: op=0 Small HOMO/LUMO gap (   0.098) - skipping pre-diagonalization

 ORCA Calculation done. 
ORCA converged in 14 iterations
ORCA energy: -836.611465577182
  ------------ENDING ORCA-INTERFACE------------- 

----------------------------------------------------------------
Time to calculate step (ORCA run): 120.213 seconds, 2.0 minutes.
----------------------------------------------------------------

---------------------------------------------------------------
Time to calculate step (QM step): 120.213 seconds, 2.0 minutes.
---------------------------------------------------------------

----------------------------------------------------------------------
Time to calculate step (QMpcgrad prepare): 0.000 seconds, 0.0 minutes.
----------------------------------------------------------------------

--------------------------------------------------------------------------
Time to calculate step (linkatomgrad prepare): 0.000 seconds, 0.0 minutes.
--------------------------------------------------------------------------

----------------------------------------------------------------------------
Time to calculate step (QM/MM gradient prepare): 0.000 seconds, 0.0 minutes.
----------------------------------------------------------------------------
Using OpenMM theory as part of QM/MM.
Using MM on full system. Charges for QM region [0, 1, 2, 3, 4, 5, 6, 7, 8, 9, 10, 11, 12, 13, 14, 15, 16, 17, 18, 19, 20, 21, 22, 23] have been set to zero 

--------------------------------------------------------------------------------
                   Creating/updating OpenMM simulation object                   
--------------------------------------------------------------------------------

Integrator name: VerletIntegrator
Timestep: 0.001
Temperature: 300
Coupling frequency: 1
Properties: {'Threads': '1'}
Topology: <Topology; 1 chains, 1 residues, 100 atoms, 0 bonds>

----------------------------------------------------------------------------------
Time to calculate step (creating/updating simulation): 0.002 seconds, 0.0 minutes.
----------------------------------------------------------------------------------

--------------------------------------------------------------------------------
                     Running Single-point OpenMM Interface                      
--------------------------------------------------------------------------------

Number of OpenMM system constraints defined: 0

-----------------------------------------------------------------------------------
Time to calculate step (OpenMMTheory.run: const-check): 0.002 seconds, 0.0 minutes.
-----------------------------------------------------------------------------------
Updating coordinates.

------------------------------------------------------------------------
Time to calculate step (Creating pos array): 0.000 seconds, 0.0 minutes.
------------------------------------------------------------------------

---------------------------------------------------------------------------
Time to calculate step (Updating MM positions): 0.000 seconds, 0.0 minutes.
---------------------------------------------------------------------------
Calling OpenMM getState.

---------------------------------------------------------------------
Time to calculate step (OpenMM getState): 0.001 seconds, 0.0 minutes.
---------------------------------------------------------------------
OpenMM Energy: -3.5012670432199675 Eh
OpenMM Energy: -2197.078240845427 kcal/mol

-----------------------
Ending OpenMM interface
-----------------------

----------------------------------------------------------------
Time to calculate step (OpenMM run): 0.004 seconds, 0.0 minutes.
----------------------------------------------------------------

-------------------------------------------------------------
Time to calculate step (MM step): 0.004 seconds, 0.0 minutes.
-------------------------------------------------------------

Note: You are using electrostatic embedding. This means that the QM-energy is actually the polarized QM-energy
Note: MM energy also contains the QM-MM Lennard-Jones interaction

QM energy:              -836.611465577182 
MM energy:                -3.501267043220
QM/MM energy:           -840.112732620402 

  ------------ENDING QM/MM MODULE------------- 

-----------------------------------------------------------------
Time to calculate step (QM/MM run): 120.218 seconds, 2.0 minutes.
-----------------------------------------------------------------
geometric called save_guess_files option option for ASHengineclass.
This option is currently unsupported in ASH. Continuing.

Convergence criteria: {'convergence_energy': 1e-05, 'convergence_grms': 0.003, 'convergence_gmax': 0.006, 'convergence_drms': 0.01, 'convergence_dmax': 0.015, 'convergence_cmax': 0.01}

Replacing coordinates in fragment.
Creating/Updating fragment attributes...
Number of Atoms in fragment: 100
Formula: H48C20N18O14
Label: CHHCCOOOCHCHCCHCHCHOHCOOCOOHCOOHCNHHNHHNHHCNHHNHHNHHCNHHNHHNHHCOOHCNHHNHHNHHCNHHNHHNHHCNHHNHHNHHCOOH
Charge: -2 Mult: 1

--------------------------------------------------------------------------------
Wrote XYZ file:  Fragment-currentgeo.xyz
Current geometry (Å) in step 5 (print_atoms_list region)
---------------------------------------------------
        C  59.62280023   34.79931997   57.40105959
        H  60.14665031   33.90008077   57.09520659
        H  60.18939629   35.72862163   57.47635554
        C  58.33935465   34.77093064   57.79374164
        C  57.68630391   36.01813006   58.51664489
        O  58.42885551   37.03635527   58.70498268
        O  56.50394366   35.91739918   58.93844209
        O  57.50963541   33.66753246   57.66910589
        C  57.53386000   32.69619781   56.46243711
        H  56.81913573   31.95721055   56.84722360
        C  58.89198676   32.10650683   56.24064047
        H  59.28678925   31.40093355   56.97724430
        C  59.70605145   32.54902847   55.25446237
        C  59.17044938   33.39487322   54.17609372
        H  59.82575787   33.57611522   53.32170382
        C  57.91530071   33.87998782   54.20964163
        H  57.49527851   34.46778384   53.38422050
        C  56.91389682   33.37867765   55.22422741
        H  56.25368912   34.17805933   55.61756865
        O  56.14589600   32.45523714   54.44694452
        H  55.50288267   31.99408540   55.00652398
        C  61.21823422   32.44519764   55.48763831
        O  61.55986595   31.88267643   56.55807207
        O  61.97500785   33.02393516   54.67708392
        C  67.06110000   31.21890000   45.40400000
        O  68.24492500   31.28067600   45.00746300
        O  66.34981600   30.19151700   45.43655900
        H  66.60312100   32.15475000   45.75676100
        C  60.94920000   22.42780000   52.26980000
        O  62.13302500   22.48957600   51.87326300
        O  60.23791600   21.40041700   52.30235900
        H  60.49122100   23.36365000   52.62256100
        C  60.29000000   45.74590000   60.12010000
        N  60.44057700   46.13112000   58.85604600
        H  60.13006000   46.79362200   59.55230000
        H  60.63674600   45.17608200   59.11971300
        N  59.88110100   46.61830400   61.03694900
        H  60.07727000   45.66326600   61.30061600
        H  59.99544900   46.91084000   60.07702800
        N  60.54832100   44.48827600   60.46730500
        H  60.66267000   44.78081100   59.50738400
        H  60.23780400   45.15077800   61.16355900
        C  65.94230000   32.41320000   65.05370000
        N  66.09287700   32.79842000   63.78964600
        H  65.78236000   33.46092200   64.48590000
        H  66.28904600   31.84338200   64.05331300
        N  65.53340100   33.28560400   65.97054900
        H  65.72957000   32.33056600   66.23421600
        H  65.64774900   33.57814000   65.01062800
        N  66.20062100   31.15557600   65.40090500
        H  66.31497000   31.44811100   64.44098400
        H  65.89010400   31.81807800   66.09715900
        C  60.36560000   26.37370000   64.44940000
        N  60.51617700   26.75892000   63.18534600
        H  60.20566000   27.42142200   63.88160000
        H  60.71234600   25.80388200   63.44901300
        N  59.95670100   27.24610400   65.36624900
        H  60.15287000   26.29106600   65.62991600
        H  60.07104900   27.53864000   64.40632800
        N  60.62392100   25.11607600   64.79660500
        H  60.73827000   25.40861100   63.83668400
        H  60.31340400   25.77857800   65.49285900
        C  54.33830000   23.34980000   51.27940000
        O  55.52212500   23.41157600   50.88286300
        O  53.62701600   22.32241700   51.31195900
        H  53.88032100   24.28565000   51.63216100
        C  54.36270000   35.33710000   66.60610000
        N  54.51327700   35.72232000   65.34204600
        H  54.20276000   36.38482200   66.03830000
        H  54.70944600   34.76728200   65.60571300
        N  53.95380100   36.20950400   67.52294900
        H  54.14997000   35.25446600   67.78661600
        H  54.06814900   36.50204000   66.56302800
        N  54.62102100   34.07947600   66.95330500
        H  54.73537000   34.37201100   65.99338400
        H  54.31050400   34.74197800   67.64955900
        C  50.32010000   31.37760000   63.34690000
        N  50.47067700   31.76282000   62.08284600
        H  50.16016000   32.42532200   62.77910000
        H  50.66684600   30.80778200   62.34651300
        N  49.91120100   32.25000400   64.26374900
        H  50.10737000   31.29496600   64.52741600
        H  50.02554900   32.54254000   63.30382800
        N  50.57842100   30.11997600   63.69410500
        H  50.69277000   30.41251100   62.73418400
        H  50.26790400   30.78247800   64.39035900
        C  48.15690000   38.37280000   60.57290000
        N  48.30747700   38.75802000   59.30884600
        H  47.99696000   39.42052200   60.00510000
        H  48.50364600   37.80298200   59.57251300
        N  47.74800100   39.24520400   61.48974900
        H  47.94417000   38.29016600   61.75341600
        H  47.86234900   39.53774000   60.52982800
        N  48.41522100   37.11517600   60.92010500
        H  48.52957000   37.40771100   59.96018400
        H  48.10470400   37.77767800   61.61635900
        C  56.26950000   32.15260000   44.03970000
        O  57.45332500   32.21437600   43.64316300
        O  55.55821600   31.12521700   44.07225900
        H  55.81152100   33.08845000   44.39246100

Note: printed only print_atoms_list (this is not necessarily all atoms) 
  ------------RUNNING QM/MM MODULE------------- 
QM Module: ORCATheory
MM Module: OpenMMTheory
Charge provided from QMMMTheory object:  -2
Mult provided from QMMMTheory object:  1
QM-region Charge: -2 Mult: 1
Embedding: Electrostatic
Number of pointcharges (to QM program): 76
Number of charge coordinates: 76
Running QM/MM object with 8 cores available

-------------------------------------------------------------------
Time to calculate step (before-QMstep): 0.000 seconds, 0.0 minutes.
-------------------------------------------------------------------
  ------------RUNNING ORCA INTERFACE------------- 
Object-label: ORCA
Run-label: None
Running ORCA with 8 cores available
Moreadfile option not active
A GBW-file with same basename : orca.gbw is present
Autostart is False. ORCA will ignore any file present
Creating inputfile: orca.inp
ORCA input:
! B3LYP D3BJ def2-SVP def2/J RIJCOSX CPCM TightSCF

! Noautostart

%cpcm epsilon 4.0 end
%scf MaxIter 300 Guess PModel end
Charge: -2  Mult: 1
Pointcharge embedding is on!
 ORCA Calculation starting. 
Found warning messages in ORCA outputfile:
WARNING: The chosen methods will break translational/rotational symmetry
 WARNING: The chosen methods will break translational symmetry
 WARNING: The chosen methods will break translational symmetry
 Warning: op=0 Small HOMO/LUMO gap (   0.098) - skipping pre-diagonalization

 ORCA Calculation done. 
ORCA converged in 14 iterations
ORCA energy: -836.62679713759
  ------------ENDING ORCA-INTERFACE------------- 

----------------------------------------------------------------
Time to calculate step (ORCA run): 119.996 seconds, 2.0 minutes.
----------------------------------------------------------------

---------------------------------------------------------------
Time to calculate step (QM step): 119.996 seconds, 2.0 minutes.
---------------------------------------------------------------

----------------------------------------------------------------------
Time to calculate step (QMpcgrad prepare): 0.000 seconds, 0.0 minutes.
----------------------------------------------------------------------

--------------------------------------------------------------------------
Time to calculate step (linkatomgrad prepare): 0.000 seconds, 0.0 minutes.
--------------------------------------------------------------------------

----------------------------------------------------------------------------
Time to calculate step (QM/MM gradient prepare): 0.000 seconds, 0.0 minutes.
----------------------------------------------------------------------------
Using OpenMM theory as part of QM/MM.
Using MM on full system. Charges for QM region [0, 1, 2, 3, 4, 5, 6, 7, 8, 9, 10, 11, 12, 13, 14, 15, 16, 17, 18, 19, 20, 21, 22, 23] have been set to zero 

--------------------------------------------------------------------------------
                   Creating/updating OpenMM simulation object                   
--------------------------------------------------------------------------------

Integrator name: VerletIntegrator
Timestep: 0.001
Temperature: 300
Coupling frequency: 1
Properties: {'Threads': '1'}
Topology: <Topology; 1 chains, 1 residues, 100 atoms, 0 bonds>

----------------------------------------------------------------------------------
Time to calculate step (creating/updating simulation): 0.002 seconds, 0.0 minutes.
----------------------------------------------------------------------------------

--------------------------------------------------------------------------------
                     Running Single-point OpenMM Interface                      
--------------------------------------------------------------------------------

Number of OpenMM system constraints defined: 0

-----------------------------------------------------------------------------------
Time to calculate step (OpenMMTheory.run: const-check): 0.002 seconds, 0.0 minutes.
-----------------------------------------------------------------------------------
Updating coordinates.

------------------------------------------------------------------------
Time to calculate step (Creating pos array): 0.000 seconds, 0.0 minutes.
------------------------------------------------------------------------

---------------------------------------------------------------------------
Time to calculate step (Updating MM positions): 0.000 seconds, 0.0 minutes.
---------------------------------------------------------------------------
Calling OpenMM getState.

---------------------------------------------------------------------
Time to calculate step (OpenMM getState): 0.000 seconds, 0.0 minutes.
---------------------------------------------------------------------
OpenMM Energy: -3.5012908378258927 Eh
OpenMM Energy: -2197.0931721860766 kcal/mol

-----------------------
Ending OpenMM interface
-----------------------

----------------------------------------------------------------
Time to calculate step (OpenMM run): 0.002 seconds, 0.0 minutes.
----------------------------------------------------------------

-------------------------------------------------------------
Time to calculate step (MM step): 0.003 seconds, 0.0 minutes.
-------------------------------------------------------------

Note: You are using electrostatic embedding. This means that the QM-energy is actually the polarized QM-energy
Note: MM energy also contains the QM-MM Lennard-Jones interaction

QM energy:              -836.626797137590 
MM energy:                -3.501290837826
QM/MM energy:           -840.128087975416 

  ------------ENDING QM/MM MODULE------------- 

-----------------------------------------------------------------
Time to calculate step (QM/MM run): 119.999 seconds, 2.0 minutes.
-----------------------------------------------------------------
geometric called save_guess_files option option for ASHengineclass.
This option is currently unsupported in ASH. Continuing.

Convergence criteria: {'convergence_energy': 1e-05, 'convergence_grms': 0.003, 'convergence_gmax': 0.006, 'convergence_drms': 0.01, 'convergence_dmax': 0.015, 'convergence_cmax': 0.01}

Replacing coordinates in fragment.
Creating/Updating fragment attributes...
Number of Atoms in fragment: 100
Formula: H48C20N18O14
Label: CHHCCOOOCHCHCCHCHCHOHCOOCOOHCOOHCNHHNHHNHHCNHHNHHNHHCNHHNHHNHHCOOHCNHHNHHNHHCNHHNHHNHHCNHHNHHNHHCOOH
Charge: -2 Mult: 1

--------------------------------------------------------------------------------
Wrote XYZ file:  Fragment-currentgeo.xyz
Current geometry (Å) in step 6 (print_atoms_list region)
---------------------------------------------------
        C  59.36302872   35.11473812   57.55215153
        H  59.91381813   34.27952366   57.05803377
        H  59.92799359   36.01651522   57.82697012
        C  58.12623276   34.92125337   58.10946213
        C  57.51829394   35.87932625   59.25926145
        O  58.24834212   36.88157695   59.61697791
        O  56.38442546   35.64755919   59.79612643
        O  57.30704818   33.82103356   57.78270479
        C  57.44741961   32.84492892   56.60808057
        H  56.75059602   32.06156635   56.95101751
        C  58.84276637   32.27063070   56.53644406
        H  59.18829785   31.64241525   57.37025327
        C  59.72344750   32.63402837   55.56581351
        C  59.24551231   33.39697296   54.38994290
        H  59.95049458   33.53471858   53.56596557
        C  57.98032067   33.86438983   54.29461289
        H  57.61977384   34.39309100   53.39628323
        C  56.90801324   33.44142190   55.27808995
        H  56.21532405   34.26772308   55.55409035
        O  56.18113019   32.47963274   54.49258068
        H  55.56569611   31.96455980   55.03486604
        C  61.19528798   32.60255813   55.95819731
        O  61.44928844   31.96870626   57.01992433
        O  61.99396326   33.39956462   55.34202842
        C  67.06110000   31.21890000   45.40400000
        O  68.24492500   31.28067600   45.00746300
        O  66.34981600   30.19151700   45.43655900
        H  66.60312100   32.15475000   45.75676100
        C  60.94920000   22.42780000   52.26980000
        O  62.13302500   22.48957600   51.87326300
        O  60.23791600   21.40041700   52.30235900
        H  60.49122100   23.36365000   52.62256100
        C  60.29000000   45.74590000   60.12010000
        N  60.44057700   46.13112000   58.85604600
        H  60.13006000   46.79362200   59.55230000
        H  60.63674600   45.17608200   59.11971300
        N  59.88110100   46.61830400   61.03694900
        H  60.07727000   45.66326600   61.30061600
        H  59.99544900   46.91084000   60.07702800
        N  60.54832100   44.48827600   60.46730500
        H  60.66267000   44.78081100   59.50738400
        H  60.23780400   45.15077800   61.16355900
        C  65.94230000   32.41320000   65.05370000
        N  66.09287700   32.79842000   63.78964600
        H  65.78236000   33.46092200   64.48590000
        H  66.28904600   31.84338200   64.05331300
        N  65.53340100   33.28560400   65.97054900
        H  65.72957000   32.33056600   66.23421600
        H  65.64774900   33.57814000   65.01062800
        N  66.20062100   31.15557600   65.40090500
        H  66.31497000   31.44811100   64.44098400
        H  65.89010400   31.81807800   66.09715900
        C  60.36560000   26.37370000   64.44940000
        N  60.51617700   26.75892000   63.18534600
        H  60.20566000   27.42142200   63.88160000
        H  60.71234600   25.80388200   63.44901300
        N  59.95670100   27.24610400   65.36624900
        H  60.15287000   26.29106600   65.62991600
        H  60.07104900   27.53864000   64.40632800
        N  60.62392100   25.11607600   64.79660500
        H  60.73827000   25.40861100   63.83668400
        H  60.31340400   25.77857800   65.49285900
        C  54.33830000   23.34980000   51.27940000
        O  55.52212500   23.41157600   50.88286300
        O  53.62701600   22.32241700   51.31195900
        H  53.88032100   24.28565000   51.63216100
        C  54.36270000   35.33710000   66.60610000
        N  54.51327700   35.72232000   65.34204600
        H  54.20276000   36.38482200   66.03830000
        H  54.70944600   34.76728200   65.60571300
        N  53.95380100   36.20950400   67.52294900
        H  54.14997000   35.25446600   67.78661600
        H  54.06814900   36.50204000   66.56302800
        N  54.62102100   34.07947600   66.95330500
        H  54.73537000   34.37201100   65.99338400
        H  54.31050400   34.74197800   67.64955900
        C  50.32010000   31.37760000   63.34690000
        N  50.47067700   31.76282000   62.08284600
        H  50.16016000   32.42532200   62.77910000
        H  50.66684600   30.80778200   62.34651300
        N  49.91120100   32.25000400   64.26374900
        H  50.10737000   31.29496600   64.52741600
        H  50.02554900   32.54254000   63.30382800
        N  50.57842100   30.11997600   63.69410500
        H  50.69277000   30.41251100   62.73418400
        H  50.26790400   30.78247800   64.39035900
        C  48.15690000   38.37280000   60.57290000
        N  48.30747700   38.75802000   59.30884600
        H  47.99696000   39.42052200   60.00510000
        H  48.50364600   37.80298200   59.57251300
        N  47.74800100   39.24520400   61.48974900
        H  47.94417000   38.29016600   61.75341600
        H  47.86234900   39.53774000   60.52982800
        N  48.41522100   37.11517600   60.92010500
        H  48.52957000   37.40771100   59.96018400
        H  48.10470400   37.77767800   61.61635900
        C  56.26950000   32.15260000   44.03970000
        O  57.45332500   32.21437600   43.64316300
        O  55.55821600   31.12521700   44.07225900
        H  55.81152100   33.08845000   44.39246100

Note: printed only print_atoms_list (this is not necessarily all atoms) 
  ------------RUNNING QM/MM MODULE------------- 
QM Module: ORCATheory
MM Module: OpenMMTheory
Charge provided from QMMMTheory object:  -2
Mult provided from QMMMTheory object:  1
QM-region Charge: -2 Mult: 1
Embedding: Electrostatic
Number of pointcharges (to QM program): 76
Number of charge coordinates: 76
Running QM/MM object with 8 cores available

-------------------------------------------------------------------
Time to calculate step (before-QMstep): 0.000 seconds, 0.0 minutes.
-------------------------------------------------------------------
  ------------RUNNING ORCA INTERFACE------------- 
Object-label: ORCA
Run-label: None
Running ORCA with 8 cores available
Moreadfile option not active
A GBW-file with same basename : orca.gbw is present
Autostart is False. ORCA will ignore any file present
Creating inputfile: orca.inp
ORCA input:
! B3LYP D3BJ def2-SVP def2/J RIJCOSX CPCM TightSCF

! Noautostart

%cpcm epsilon 4.0 end
%scf MaxIter 300 Guess PModel end
Charge: -2  Mult: 1
Pointcharge embedding is on!
 ORCA Calculation starting. 
Found warning messages in ORCA outputfile:
WARNING: The chosen methods will break translational/rotational symmetry
 WARNING: The chosen methods will break translational symmetry
 WARNING: The chosen methods will break translational symmetry
 Warning: op=0 Small HOMO/LUMO gap (   0.100) - skipping pre-diagonalization

 ORCA Calculation done. 
ORCA converged in 14 iterations
ORCA energy: -836.640283205661
  ------------ENDING ORCA-INTERFACE------------- 

----------------------------------------------------------------
Time to calculate step (ORCA run): 122.897 seconds, 2.0 minutes.
----------------------------------------------------------------

---------------------------------------------------------------
Time to calculate step (QM step): 122.897 seconds, 2.0 minutes.
---------------------------------------------------------------

----------------------------------------------------------------------
Time to calculate step (QMpcgrad prepare): 0.000 seconds, 0.0 minutes.
----------------------------------------------------------------------

--------------------------------------------------------------------------
Time to calculate step (linkatomgrad prepare): 0.000 seconds, 0.0 minutes.
--------------------------------------------------------------------------

----------------------------------------------------------------------------
Time to calculate step (QM/MM gradient prepare): 0.000 seconds, 0.0 minutes.
----------------------------------------------------------------------------
Using OpenMM theory as part of QM/MM.
Using MM on full system. Charges for QM region [0, 1, 2, 3, 4, 5, 6, 7, 8, 9, 10, 11, 12, 13, 14, 15, 16, 17, 18, 19, 20, 21, 22, 23] have been set to zero 

--------------------------------------------------------------------------------
                   Creating/updating OpenMM simulation object                   
--------------------------------------------------------------------------------

Integrator name: VerletIntegrator
Timestep: 0.001
Temperature: 300
Coupling frequency: 1
Properties: {'Threads': '1'}
Topology: <Topology; 1 chains, 1 residues, 100 atoms, 0 bonds>

----------------------------------------------------------------------------------
Time to calculate step (creating/updating simulation): 0.002 seconds, 0.0 minutes.
----------------------------------------------------------------------------------

--------------------------------------------------------------------------------
                     Running Single-point OpenMM Interface                      
--------------------------------------------------------------------------------

Number of OpenMM system constraints defined: 0

-----------------------------------------------------------------------------------
Time to calculate step (OpenMMTheory.run: const-check): 0.003 seconds, 0.0 minutes.Step    9 : Displace = [0m2.367e-01[0m/[0m9.096e-01[0m (rms/max) Trust = 3.000e-01 (=) Grad_T = [0m1.550e-02[0m/[0m5.691e-02[0m (rms/max) E (change) = -840.1481000951 ([0m-6.462e-03[0m) Quality = [0m0.245[0m
Hessian Eigenvalues: 1.11256e-03 1.30333e-02 2.63687e-02 ... 5.78010e-01 5.79670e-01 6.03428e-01
Step   10 : Displace = [0m7.762e-02[0m/[0m4.560e-01[0m (rms/max) Trust = 1.184e-01 ([91m-[0m) Grad_T = [0m8.837e-03[0m/[0m4.507e-02[0m (rms/max) E (change) = -840.1702455356 ([0m-2.215e-02[0m) Quality = [0m0.628[0m
Hessian Eigenvalues: 1.40109e-03 1.60930e-02 2.63687e-02 ... 5.78010e-01 5.79787e-01 6.03424e-01
Step   11 : Displace = [0m1.166e-01[0m/[0m5.961e-01[0m (rms/max) Trust = 1.184e-01 (=) Grad_T = [0m1.420e-02[0m/[0m7.654e-02[0m (rms/max) E (change) = -840.1660279060 ([91m+4.218e-03[0m) Quality = [91m-0.128[0m
Hessian Eigenvalues: 2.11988e-03 1.88306e-02 2.63687e-02 ... 5.78010e-01 5.80159e-01 6.06299e-01
Step   12 : Displace = [0m5.582e-02[0m/[0m3.743e-01[0m (rms/max) Trust = 5.832e-02 ([91m-[0m) Grad_T = [0m1.016e-02[0m/[0m6.087e-02[0m (rms/max) E (change) = -840.1845959608 ([0m-1.857e-02[0m) Quality = [0m0.620[0m
Hessian Eigenvalues: 2.43303e-03 1.78008e-02 2.63687e-02 ... 5.78010e-01 5.89150e-01 6.02987e-01
Step   13 : Displace = [0m5.792e-02[0m/[0m2.305e-01[0m (rms/max) Trust = 5.832e-02 (=) Grad_T = [0m1.143e-02[0m/[0m7.123e-02[0m (rms/max) E (change) = -840.1876458152 ([0m-3.050e-03[0m) Quality = [0m0.142[0m
Hessian Eigenvalues: 2.24382e-03 1.97163e-02 2.63687e-02 ... 5.78010e-01 5.81396e-01 6.40604e-01
Step   14 : Displace = [0m2.835e-02[0m/[0m1.373e-01[0m (rms/max) Trust = 2.896e-02 ([91m-[0m) Grad_T = [0m3.147e-03[0m/[0m1.149e-02[0m (rms/max) E (change) = -840.2022421385 ([0m-1.460e-02[0m) Quality = [0m0.988[0m
Hessian Eigenvalues: 2.17639e-03 1.90587e-02 2.63687e-02 ... 5.78010e-01 5.86149e-01 6.46775e-01
Step   15 : Displace = [0m4.057e-02[0m/[0m1.599e-01[0m (rms/max) Trust = 4.095e-02 ([92m+[0m) Grad_T = [92m2.424e-03[0m/[0m1.026e-02[0m (rms/max) E (change) = -840.2080370740 ([0m-5.795e-03[0m) Quality = [0m1.140[0m
Hessian Eigenvalues: 1.16449e-03 1.84828e-02 2.63685e-02 ... 5.78011e-01 6.02120e-01 6.48033e-01
Step   16 : Displace = [0m5.689e-02[0m/[0m2.026e-01[0m (rms/max) Trust = 5.792e-02 ([92m+[0m) Grad_T = [92m2.726e-03[0m/[0m1.211e-02[0m (rms/max) E (change) = -840.2153264827 ([0m-7.289e-03[0m) Quality = [0m1.089[0m
Hessian Eigenvalues: 7.47844e-04 1.52630e-02 2.29065e-02 ... 5.78011e-01 6.05117e-01 6.39478e-01
Step   17 : Displace = [0m7.937e-02[0m/[0m2.967e-01[0m (rms/max) Trust = 8.191e-02 ([92m+[0m) Grad_T = [92m2.557e-03[0m/[0m9.442e-03[0m (rms/max) E (change) = -840.2250602130 ([0m-9.734e-03[0m) Quality = [0m1.024[0m
Hessian Eigenvalues: 6.03643e-04 1.28060e-02 2.16891e-02 ... 5.78011e-01 6.05226e-01 6.59669e-01
Step   18 : Displace = [0m1.116e-01[0m/[0m4.038e-01[0m (rms/max) Trust = 1.158e-01 ([92m+[0m) Grad_T = [0m4.917e-03[0m/[0m2.329e-02[0m (rms/max) E (change) = -840.2327970472 ([0m-7.737e-03[0m) Quality = [0m0.701[0m
Hessian Eigenvalues: 7.50479e-04 1.04852e-02 2.15353e-02 ... 6.04507e-01 6.11965e-01 6.55065e-01
Step   19 : Displace = [0m1.139e-01[0m/[0m4.354e-01[0m (rms/max) Trust = 1.158e-01 (=) Grad_T = [0m6.627e-03[0m/[0m3.470e-02[0m (rms/max) E (change) = -840.2432376529 ([0m-1.044e-02[0m) Quality = [0m0.835[0m
Hessian Eigenvalues: 6.08706e-04 1.01512e-02 2.18608e-02 ... 6.05128e-01 6.16701e-01 6.80032e-01

-----------------------------------------------------------------------------------
Updating coordinates.

------------------------------------------------------------------------
Time to calculate step (Creating pos array): 0.000 seconds, 0.0 minutes.
------------------------------------------------------------------------

---------------------------------------------------------------------------
Time to calculate step (Updating MM positions): 0.000 seconds, 0.0 minutes.
---------------------------------------------------------------------------
Calling OpenMM getState.

---------------------------------------------------------------------
Time to calculate step (OpenMM getState): 0.000 seconds, 0.0 minutes.
---------------------------------------------------------------------
OpenMM Energy: -3.501354783095543 Eh
OpenMM Energy: -2197.133298448604 kcal/mol

-----------------------
Ending OpenMM interface
-----------------------

----------------------------------------------------------------
Time to calculate step (OpenMM run): 0.004 seconds, 0.0 minutes.
----------------------------------------------------------------

-------------------------------------------------------------
Time to calculate step (MM step): 0.004 seconds, 0.0 minutes.
-------------------------------------------------------------

Note: You are using electrostatic embedding. This means that the QM-energy is actually the polarized QM-energy
Note: MM energy also contains the QM-MM Lennard-Jones interaction

QM energy:              -836.640283205661 
MM energy:                -3.501354783096
QM/MM energy:           -840.141637988757 

  ------------ENDING QM/MM MODULE------------- 

-----------------------------------------------------------------
Time to calculate step (QM/MM run): 122.902 seconds, 2.0 minutes.
-----------------------------------------------------------------
geometric called save_guess_files option option for ASHengineclass.
This option is currently unsupported in ASH. Continuing.

Convergence criteria: {'convergence_energy': 1e-05, 'convergence_grms': 0.003, 'convergence_gmax': 0.006, 'convergence_drms': 0.01, 'convergence_dmax': 0.015, 'convergence_cmax': 0.01}

Replacing coordinates in fragment.
Creating/Updating fragment attributes...
Number of Atoms in fragment: 100
Formula: H48C20N18O14
Label: CHHCCOOOCHCHCCHCHCHOHCOOCOOHCOOHCNHHNHHNHHCNHHNHHNHHCNHHNHHNHHCOOHCNHHNHHNHHCNHHNHHNHHCNHHNHHNHHCOOH
Charge: -2 Mult: 1

--------------------------------------------------------------------------------
Wrote XYZ file:  Fragment-currentgeo.xyz
Current geometry (Å) in step 7 (print_atoms_list region)
---------------------------------------------------
        C  59.05644015   35.55517640   57.84871164
        H  59.64219431   34.86008965   57.12965719
        H  59.63166698   36.36391326   58.37056965
        C  57.90081326   35.06283739   58.47607420
        C  57.35375994   35.49849048   59.90079173
        O  58.09498571   36.44145839   60.30857709
        O  56.31654106   35.04272271   60.53475268
        O  57.11409735   34.00874681   57.88069805
        C  57.33393561   33.07991070   56.78261251
        H  56.70535616   32.19875141   57.06075987
        C  58.76866148   32.55009928   56.93215784
        H  59.06441101   32.08132118   57.90444332
        C  59.71361925   32.80331569   55.99281283
        C  59.34524309   33.46007360   54.70587244
        H  60.14704648   33.62779824   53.97643392
        C  58.06078763   33.82685004   54.39880848
        H  57.80406303   34.30185559   53.42544099
        C  56.89418769   33.51871597   55.33003587
        H  56.20552496   34.40636763   55.41429306
        O  56.17095158   32.50002978   54.59897698
        H  55.59329597   31.97371546   55.15876028
        C  61.08161176   32.74202445   56.50173499
        O  61.42215342   32.08401623   57.48284710
        O  61.78552283   33.60744638   55.95383254
        C  67.06110000   31.21890000   45.40400000
        O  68.24492500   31.28067600   45.00746300
        O  66.34981600   30.19151700   45.43655900
        H  66.60312100   32.15475000   45.75676100
        C  60.94920000   22.42780000   52.26980000
        O  62.13302500   22.48957600   51.87326300
        O  60.23791600   21.40041700   52.30235900
        H  60.49122100   23.36365000   52.62256100
        C  60.29000000   45.74590000   60.12010000
        N  60.44057700   46.13112000   58.85604600
        H  60.13006000   46.79362200   59.55230000
        H  60.63674600   45.17608200   59.11971300
        N  59.88110100   46.61830400   61.03694900
        H  60.07727000   45.66326600   61.30061600
        H  59.99544900   46.91084000   60.07702800
        N  60.54832100   44.48827600   60.46730500
        H  60.66267000   44.78081100   59.50738400
        H  60.23780400   45.15077800   61.16355900
        C  65.94230000   32.41320000   65.05370000
        N  66.09287700   32.79842000   63.78964600
        H  65.78236000   33.46092200   64.48590000
        H  66.28904600   31.84338200   64.05331300
        N  65.53340100   33.28560400   65.97054900
        H  65.72957000   32.33056600   66.23421600
        H  65.64774900   33.57814000   65.01062800
        N  66.20062100   31.15557600   65.40090500
        H  66.31497000   31.44811100   64.44098400
        H  65.89010400   31.81807800   66.09715900
        C  60.36560000   26.37370000   64.44940000
        N  60.51617700   26.75892000   63.18534600
        H  60.20566000   27.42142200   63.88160000
        H  60.71234600   25.80388200   63.44901300
        N  59.95670100   27.24610400   65.36624900
        H  60.15287000   26.29106600   65.62991600
        H  60.07104900   27.53864000   64.40632800
        N  60.62392100   25.11607600   64.79660500
        H  60.73827000   25.40861100   63.83668400
        H  60.31340400   25.77857800   65.49285900
        C  54.33830000   23.34980000   51.27940000
        O  55.52212500   23.41157600   50.88286300
        O  53.62701600   22.32241700   51.31195900
        H  53.88032100   24.28565000   51.63216100
        C  54.36270000   35.33710000   66.60610000
        N  54.51327700   35.72232000   65.34204600
        H  54.20276000   36.38482200   66.03830000
        H  54.70944600   34.76728200   65.60571300
        N  53.95380100   36.20950400   67.52294900
        H  54.14997000   35.25446600   67.78661600
        H  54.06814900   36.50204000   66.56302800
        N  54.62102100   34.07947600   66.95330500
        H  54.73537000   34.37201100   65.99338400
        H  54.31050400   34.74197800   67.64955900
        C  50.32010000   31.37760000   63.34690000
        N  50.47067700   31.76282000   62.08284600
        H  50.16016000   32.42532200   62.77910000
        H  50.66684600   30.80778200   62.34651300
        N  49.91120100   32.25000400   64.26374900
        H  50.10737000   31.29496600   64.52741600
        H  50.02554900   32.54254000   63.30382800
        N  50.57842100   30.11997600   63.69410500
        H  50.69277000   30.41251100   62.73418400
        H  50.26790400   30.78247800   64.39035900
        C  48.15690000   38.37280000   60.57290000
        N  48.30747700   38.75802000   59.30884600
        H  47.99696000   39.42052200   60.00510000
        H  48.50364600   37.80298200   59.57251300
        N  47.74800100   39.24520400   61.48974900
        H  47.94417000   38.29016600   61.75341600
        H  47.86234900   39.53774000   60.52982800
        N  48.41522100   37.11517600   60.92010500
        H  48.52957000   37.40771100   59.96018400
        H  48.10470400   37.77767800   61.61635900
        C  56.26950000   32.15260000   44.03970000
        O  57.45332500   32.21437600   43.64316300
        O  55.55821600   31.12521700   44.07225900
        H  55.81152100   33.08845000   44.39246100

Note: printed only print_atoms_list (this is not necessarily all atoms) 
  ------------RUNNING QM/MM MODULE------------- 
QM Module: ORCATheory
MM Module: OpenMMTheory
Charge provided from QMMMTheory object:  -2
Mult provided from QMMMTheory object:  1
QM-region Charge: -2 Mult: 1
Embedding: Electrostatic
Number of pointcharges (to QM program): 76
Number of charge coordinates: 76
Running QM/MM object with 8 cores available

-------------------------------------------------------------------
Time to calculate step (before-QMstep): 0.000 seconds, 0.0 minutes.
-------------------------------------------------------------------
  ------------RUNNING ORCA INTERFACE------------- 
Object-label: ORCA
Run-label: None
Running ORCA with 8 cores available
Moreadfile option not active
A GBW-file with same basename : orca.gbw is present
Autostart is False. ORCA will ignore any file present
Creating inputfile: orca.inp
ORCA input:
! B3LYP D3BJ def2-SVP def2/J RIJCOSX CPCM TightSCF

! Noautostart

%cpcm epsilon 4.0 end
%scf MaxIter 300 Guess PModel end
Charge: -2  Mult: 1
Pointcharge embedding is on!
 ORCA Calculation starting. 
Found warning messages in ORCA outputfile:
WARNING: The chosen methods will break translational/rotational symmetry
 WARNING: The chosen methods will break translational symmetry
 WARNING: The chosen methods will break translational symmetry
 Warning: op=0 Small HOMO/LUMO gap (   0.071) - skipping pre-diagonalization

 ORCA Calculation done. 
ORCA converged in 12 iterations
ORCA energy: -836.646640725903
  ------------ENDING ORCA-INTERFACE------------- 

----------------------------------------------------------------
Time to calculate step (ORCA run): 114.591 seconds, 1.9 minutes.
----------------------------------------------------------------

---------------------------------------------------------------
Time to calculate step (QM step): 114.591 seconds, 1.9 minutes.
---------------------------------------------------------------

----------------------------------------------------------------------
Time to calculate step (QMpcgrad prepare): 0.000 seconds, 0.0 minutes.
----------------------------------------------------------------------

--------------------------------------------------------------------------
Time to calculate step (linkatomgrad prepare): 0.000 seconds, 0.0 minutes.
--------------------------------------------------------------------------

----------------------------------------------------------------------------
Time to calculate step (QM/MM gradient prepare): 0.000 seconds, 0.0 minutes.
----------------------------------------------------------------------------
Using OpenMM theory as part of QM/MM.
Using MM on full system. Charges for QM region [0, 1, 2, 3, 4, 5, 6, 7, 8, 9, 10, 11, 12, 13, 14, 15, 16, 17, 18, 19, 20, 21, 22, 23] have been set to zero 

--------------------------------------------------------------------------------
                   Creating/updating OpenMM simulation object                   
--------------------------------------------------------------------------------

Integrator name: VerletIntegrator
Timestep: 0.001
Temperature: 300
Coupling frequency: 1
Properties: {'Threads': '1'}
Topology: <Topology; 1 chains, 1 residues, 100 atoms, 0 bonds>

----------------------------------------------------------------------------------
Time to calculate step (creating/updating simulation): 0.002 seconds, 0.0 minutes.
----------------------------------------------------------------------------------

--------------------------------------------------------------------------------
                     Running Single-point OpenMM Interface                      
--------------------------------------------------------------------------------

Number of OpenMM system constraints defined: 0

-----------------------------------------------------------------------------------
Time to calculate step (OpenMMTheory.run: const-check): 0.002 seconds, 0.0 minutes.
-----------------------------------------------------------------------------------
Updating coordinates.

------------------------------------------------------------------------
Time to calculate step (Creating pos array): 0.000 seconds, 0.0 minutes.
------------------------------------------------------------------------

---------------------------------------------------------------------------
Time to calculate step (Updating MM positions): 0.000 seconds, 0.0 minutes.
---------------------------------------------------------------------------
Calling OpenMM getState.

---------------------------------------------------------------------
Time to calculate step (OpenMM getState): 0.000 seconds, 0.0 minutes.
---------------------------------------------------------------------
OpenMM Energy: -3.5014593691679727 Eh
OpenMM Energy: -2197.1989271999087 kcal/mol

-----------------------
Ending OpenMM interface
-----------------------

----------------------------------------------------------------
Time to calculate step (OpenMM run): 0.004 seconds, 0.0 minutes.
----------------------------------------------------------------

-------------------------------------------------------------
Time to calculate step (MM step): 0.004 seconds, 0.0 minutes.
-------------------------------------------------------------

Note: You are using electrostatic embedding. This means that the QM-energy is actually the polarized QM-energy
Note: MM energy also contains the QM-MM Lennard-Jones interaction

QM energy:              -836.646640725903 
MM energy:                -3.501459369168
QM/MM energy:           -840.148100095071 

  ------------ENDING QM/MM MODULE------------- 

-----------------------------------------------------------------
Time to calculate step (QM/MM run): 114.595 seconds, 1.9 minutes.
-----------------------------------------------------------------
geometric called save_guess_files option option for ASHengineclass.
This option is currently unsupported in ASH. Continuing.
geometric called clearCalcs option for ASHengineclass.
This option is currently unsupported in ASH. Continuing.

Convergence criteria: {'convergence_energy': 1e-05, 'convergence_grms': 0.003, 'convergence_gmax': 0.006, 'convergence_drms': 0.01, 'convergence_dmax': 0.015, 'convergence_cmax': 0.01}

Replacing coordinates in fragment.
Creating/Updating fragment attributes...
Number of Atoms in fragment: 100
Formula: H48C20N18O14
Label: CHHCCOOOCHCHCCHCHCHOHCOOCOOHCOOHCNHHNHHNHHCNHHNHHNHHCNHHNHHNHHCOOHCNHHNHHNHHCNHHNHHNHHCNHHNHHNHHCOOH
Charge: -2 Mult: 1

--------------------------------------------------------------------------------
Wrote XYZ file:  Fragment-currentgeo.xyz
Current geometry (Å) in step 8 (print_atoms_list region)
---------------------------------------------------
        C  59.14351141   35.39729180   57.88393051
        H  59.70470518   34.76097207   57.19735064
        H  59.66412486   36.26655677   58.31351477
        C  57.96515402   34.96971868   58.30743674
        C  57.43332284   35.56185656   59.55606798
        O  58.12874449   36.48132121   60.09307492
        O  56.38741051   35.05209826   60.06567125
        O  57.10182471   33.97697531   57.89908424
        C  57.34870988   33.04527035   56.78395557
        H  56.70845174   32.18003411   57.04243326
        C  58.75909648   32.52216384   56.85018116
        H  59.08295817   32.05406920   57.79330037
        C  59.68628840   32.78640694   55.91340342
        C  59.31966518   33.47274052   54.66839271
        H  60.11723204   33.68047047   53.94872291
        C  58.04725323   33.83263642   54.40544735
        H  57.78859407   34.32061737   53.45330095
        C  56.89844203   33.50343649   55.33854025
        H  56.23683905   34.39275313   55.44983615
        O  56.16641336   32.49300964   54.62812496
        H  55.56996177   32.00272130   55.20071631
        C  61.11444906   32.70324316   56.36221309
        O  61.40927854   31.98587673   57.35345221
        O  61.81275390   33.55903232   55.77296654
        C  67.06110000   31.21890000   45.40400000
        O  68.24492500   31.28067600   45.00746300
        O  66.34981600   30.19151700   45.43655900
        H  66.60312100   32.15475000   45.75676100
        C  60.94920000   22.42780000   52.26980000
        O  62.13302500   22.48957600   51.87326300
        O  60.23791600   21.40041700   52.30235900
        H  60.49122100   23.36365000   52.62256100
        C  60.29000000   45.74590000   60.12010000
        N  60.44057700   46.13112000   58.85604600
        H  60.13006000   46.79362200   59.55230000
        H  60.63674600   45.17608200   59.11971300
        N  59.88110100   46.61830400   61.03694900
        H  60.07727000   45.66326600   61.30061600
        H  59.99544900   46.91084000   60.07702800
        N  60.54832100   44.48827600   60.46730500
        H  60.66267000   44.78081100   59.50738400
        H  60.23780400   45.15077800   61.16355900
        C  65.94230000   32.41320000   65.05370000
        N  66.09287700   32.79842000   63.78964600
        H  65.78236000   33.46092200   64.48590000
        H  66.28904600   31.84338200   64.05331300
        N  65.53340100   33.28560400   65.97054900
        H  65.72957000   32.33056600   66.23421600
        H  65.64774900   33.57814000   65.01062800
        N  66.20062100   31.15557600   65.40090500
        H  66.31497000   31.44811100   64.44098400
        H  65.89010400   31.81807800   66.09715900
        C  60.36560000   26.37370000   64.44940000
        N  60.51617700   26.75892000   63.18534600
        H  60.20566000   27.42142200   63.88160000
        H  60.71234600   25.80388200   63.44901300
        N  59.95670100   27.24610400   65.36624900
        H  60.15287000   26.29106600   65.62991600
        H  60.07104900   27.53864000   64.40632800
        N  60.62392100   25.11607600   64.79660500
        H  60.73827000   25.40861100   63.83668400
        H  60.31340400   25.77857800   65.49285900
        C  54.33830000   23.34980000   51.27940000
        O  55.52212500   23.41157600   50.88286300
        O  53.62701600   22.32241700   51.31195900
        H  53.88032100   24.28565000   51.63216100
        C  54.36270000   35.33710000   66.60610000
        N  54.51327700   35.72232000   65.34204600
        H  54.20276000   36.38482200   66.03830000
        H  54.70944600   34.76728200   65.60571300
        N  53.95380100   36.20950400   67.52294900
        H  54.14997000   35.25446600   67.78661600
        H  54.06814900   36.50204000   66.56302800
        N  54.62102100   34.07947600   66.95330500
        H  54.73537000   34.37201100   65.99338400
        H  54.31050400   34.74197800   67.64955900
        C  50.32010000   31.37760000   63.34690000
        N  50.47067700   31.76282000   62.08284600
        H  50.16016000   32.42532200   62.77910000
        H  50.66684600   30.80778200   62.34651300
        N  49.91120100   32.25000400   64.26374900
        H  50.10737000   31.29496600   64.52741600
        H  50.02554900   32.54254000   63.30382800
        N  50.57842100   30.11997600   63.69410500
        H  50.69277000   30.41251100   62.73418400
        H  50.26790400   30.78247800   64.39035900
        C  48.15690000   38.37280000   60.57290000
        N  48.30747700   38.75802000   59.30884600
        H  47.99696000   39.42052200   60.00510000
        H  48.50364600   37.80298200   59.57251300
        N  47.74800100   39.24520400   61.48974900
        H  47.94417000   38.29016600   61.75341600
        H  47.86234900   39.53774000   60.52982800
        N  48.41522100   37.11517600   60.92010500
        H  48.52957000   37.40771100   59.96018400
        H  48.10470400   37.77767800   61.61635900
        C  56.26950000   32.15260000   44.03970000
        O  57.45332500   32.21437600   43.64316300
        O  55.55821600   31.12521700   44.07225900
        H  55.81152100   33.08845000   44.39246100

Note: printed only print_atoms_list (this is not necessarily all atoms) 
  ------------RUNNING QM/MM MODULE------------- 
QM Module: ORCATheory
MM Module: OpenMMTheory
Charge provided from QMMMTheory object:  -2
Mult provided from QMMMTheory object:  1
QM-region Charge: -2 Mult: 1
Embedding: Electrostatic
Number of pointcharges (to QM program): 76
Number of charge coordinates: 76
Running QM/MM object with 8 cores available

-------------------------------------------------------------------
Time to calculate step (before-QMstep): 0.000 seconds, 0.0 minutes.
-------------------------------------------------------------------
  ------------RUNNING ORCA INTERFACE------------- 
Object-label: ORCA
Run-label: None
Running ORCA with 8 cores available
Moreadfile option not active
A GBW-file with same basename : orca.gbw is present
Autostart is False. ORCA will ignore any file present
Creating inputfile: orca.inp
ORCA input:
! B3LYP D3BJ def2-SVP def2/J RIJCOSX CPCM TightSCF

! Noautostart

%cpcm epsilon 4.0 end
%scf MaxIter 300 Guess PModel end
Charge: -2  Mult: 1
Pointcharge embedding is on!
 ORCA Calculation starting. 
Found warning messages in ORCA outputfile:
WARNING: The chosen methods will break translational/rotational symmetry
 WARNING: The chosen methods will break translational symmetry
 WARNING: The chosen methods will break translational symmetry

 ORCA Calculation done. 
ORCA converged in 12 iterations
ORCA energy: -836.668842956564
  ------------ENDING ORCA-INTERFACE------------- 

----------------------------------------------------------------
Time to calculate step (ORCA run): 118.945 seconds, 2.0 minutes.
----------------------------------------------------------------

---------------------------------------------------------------
Time to calculate step (QM step): 118.945 seconds, 2.0 minutes.
---------------------------------------------------------------

----------------------------------------------------------------------
Time to calculate step (QMpcgrad prepare): 0.000 seconds, 0.0 minutes.
----------------------------------------------------------------------

--------------------------------------------------------------------------
Time to calculate step (linkatomgrad prepare): 0.000 seconds, 0.0 minutes.
--------------------------------------------------------------------------

----------------------------------------------------------------------------
Time to calculate step (QM/MM gradient prepare): 0.000 seconds, 0.0 minutes.
----------------------------------------------------------------------------
Using OpenMM theory as part of QM/MM.
Using MM on full system. Charges for QM region [0, 1, 2, 3, 4, 5, 6, 7, 8, 9, 10, 11, 12, 13, 14, 15, 16, 17, 18, 19, 20, 21, 22, 23] have been set to zero 

--------------------------------------------------------------------------------
                   Creating/updating OpenMM simulation object                   
--------------------------------------------------------------------------------

Integrator name: VerletIntegrator
Timestep: 0.001
Temperature: 300
Coupling frequency: 1
Properties: {'Threads': '1'}
Topology: <Topology; 1 chains, 1 residues, 100 atoms, 0 bonds>

----------------------------------------------------------------------------------
Time to calculate step (creating/updating simulation): 0.002 seconds, 0.0 minutes.
----------------------------------------------------------------------------------

--------------------------------------------------------------------------------
                     Running Single-point OpenMM Interface                      
--------------------------------------------------------------------------------

Number of OpenMM system constraints defined: 0

-----------------------------------------------------------------------------------
Time to calculate step (OpenMMTheory.run: const-check): 0.002 seconds, 0.0 minutes.
-----------------------------------------------------------------------------------
Updating coordinates.

------------------------------------------------------------------------
Time to calculate step (Creating pos array): 0.000 seconds, 0.0 minutes.
------------------------------------------------------------------------

---------------------------------------------------------------------------
Time to calculate step (Updating MM positions): 0.000 seconds, 0.0 minutes.
---------------------------------------------------------------------------
Calling OpenMM getState.

---------------------------------------------------------------------
Time to calculate step (OpenMM getState): 0.000 seconds, 0.0 minutes.
---------------------------------------------------------------------
OpenMM Energy: -3.5014025790098025 Eh
OpenMM Energy: -2197.163290837623 kcal/mol

-----------------------
Ending OpenMM interface
-----------------------

----------------------------------------------------------------
Time to calculate step (OpenMM run): 0.003 seconds, 0.0 minutes.
----------------------------------------------------------------

-------------------------------------------------------------
Time to calculate step (MM step): 0.004 seconds, 0.0 minutes.
-------------------------------------------------------------

Note: You are using electrostatic embedding. This means that the QM-energy is actually the polarized QM-energy
Note: MM energy also contains the QM-MM Lennard-Jones interaction

QM energy:              -836.668842956564 
MM energy:                -3.501402579010
QM/MM energy:           -840.170245535574 

  ------------ENDING QM/MM MODULE------------- 

-----------------------------------------------------------------
Time to calculate step (QM/MM run): 118.950 seconds, 2.0 minutes.
-----------------------------------------------------------------
geometric called save_guess_files option option for ASHengineclass.
This option is currently unsupported in ASH. Continuing.

Convergence criteria: {'convergence_energy': 1e-05, 'convergence_grms': 0.003, 'convergence_gmax': 0.006, 'convergence_drms': 0.01, 'convergence_dmax': 0.015, 'convergence_cmax': 0.01}

Replacing coordinates in fragment.
Creating/Updating fragment attributes...
Number of Atoms in fragment: 100
Formula: H48C20N18O14
Label: CHHCCOOOCHCHCCHCHCHOHCOOCOOHCOOHCNHHNHHNHHCNHHNHHNHHCNHHNHHNHHCOOHCNHHNHHNHHCNHHNHHNHHCNHHNHHNHHCOOH
Charge: -2 Mult: 1

--------------------------------------------------------------------------------
Wrote XYZ file:  Fragment-currentgeo.xyz
Current geometry (Å) in step 9 (print_atoms_list region)
---------------------------------------------------
        C  58.99111527   35.46691400   57.94462886
        H  59.51632720   34.99503128   57.05111764
        H  59.49777947   36.30705579   58.42343560
        C  57.80821155   35.03275345   58.45998742
        C  57.35546951   35.59369258   59.95226268
        O  57.98640989   36.48113375   60.71234499
        O  56.34260394   35.00253625   60.47531584
        O  56.96442668   34.05864395   57.95424376
        C  57.31849295   33.08111134   56.85387667
        H  56.62398145   32.26018695   57.09788833
        C  58.71644976   32.56937520   56.95813315
        H  59.02565044   32.11727347   57.90091052
        C  59.69507436   32.80720142   56.04704116
        C  59.34715450   33.44812936   54.76036250
        H  60.14569616   33.61208759   54.03327512
        C  58.09436277   33.83865457   54.48738762
        H  57.84461729   34.27830010   53.51209168
        C  56.92349937   33.53556843   55.39605056
        H  56.26300979   34.42209242   55.49528380
        O  56.22937710   32.51382762   54.68206349
        H  55.62534108   32.00440384   55.23870253
        C  61.17787254   32.85618022   56.62736840
        O  61.33668208   31.98910540   57.58327439
        O  61.93385987   33.78534370   56.15802886
        C  67.06110000   31.21890000   45.40400000
        O  68.24492500   31.28067600   45.00746300
        O  66.34981600   30.19151700   45.43655900
        H  66.60312100   32.15475000   45.75676100
        C  60.94920000   22.42780000   52.26980000
        O  62.13302500   22.48957600   51.87326300
        O  60.23791600   21.40041700   52.30235900
        H  60.49122100   23.36365000   52.62256100
        C  60.29000000   45.74590000   60.12010000
        N  60.44057700   46.13112000   58.85604600
        H  60.13006000   46.79362200   59.55230000
        H  60.63674600   45.17608200   59.11971300
        N  59.88110100   46.61830400   61.03694900
        H  60.07727000   45.66326600   61.30061600
        H  59.99544900   46.91084000   60.07702800
        N  60.54832100   44.48827600   60.46730500
        H  60.66267000   44.78081100   59.50738400
        H  60.23780400   45.15077800   61.16355900
        C  65.94230000   32.41320000   65.05370000
        N  66.09287700   32.79842000   63.78964600
        H  65.78236000   33.46092200   64.48590000
        H  66.28904600   31.84338200   64.05331300
        N  65.53340100   33.28560400   65.97054900
        H  65.72957000   32.33056600   66.23421600
        H  65.64774900   33.57814000   65.01062800
        N  66.20062100   31.15557600   65.40090500
        H  66.31497000   31.44811100   64.44098400
        H  65.89010400   31.81807800   66.09715900
        C  60.36560000   26.37370000   64.44940000
        N  60.51617700   26.75892000   63.18534600
        H  60.20566000   27.42142200   63.88160000
        H  60.71234600   25.80388200   63.44901300
        N  59.95670100   27.24610400   65.36624900
        H  60.15287000   26.29106600   65.62991600
        H  60.07104900   27.53864000   64.40632800
        N  60.62392100   25.11607600   64.79660500
        H  60.73827000   25.40861100   63.83668400
        H  60.31340400   25.77857800   65.49285900
        C  54.33830000   23.34980000   51.27940000
        O  55.52212500   23.41157600   50.88286300
        O  53.62701600   22.32241700   51.31195900
        H  53.88032100   24.28565000   51.63216100
        C  54.36270000   35.33710000   66.60610000
        N  54.51327700   35.72232000   65.34204600
        H  54.20276000   36.38482200   66.03830000
        H  54.70944600   34.76728200   65.60571300
        N  53.95380100   36.20950400   67.52294900
        H  54.14997000   35.25446600   67.78661600
        H  54.06814900   36.50204000   66.56302800
        N  54.62102100   34.07947600   66.95330500
        H  54.73537000   34.37201100   65.99338400
        H  54.31050400   34.74197800   67.64955900
        C  50.32010000   31.37760000   63.34690000
        N  50.47067700   31.76282000   62.08284600
        H  50.16016000   32.42532200   62.77910000
        H  50.66684600   30.80778200   62.34651300
        N  49.91120100   32.25000400   64.26374900
        H  50.10737000   31.29496600   64.52741600
        H  50.02554900   32.54254000   63.30382800
        N  50.57842100   30.11997600   63.69410500
        H  50.69277000   30.41251100   62.73418400
        H  50.26790400   30.78247800   64.39035900
        C  48.15690000   38.37280000   60.57290000
        N  48.30747700   38.75802000   59.30884600
        H  47.99696000   39.42052200   60.00510000
        H  48.50364600   37.80298200   59.57251300
        N  47.74800100   39.24520400   61.48974900
        H  47.94417000   38.29016600   61.75341600
        H  47.86234900   39.53774000   60.52982800
        N  48.41522100   37.11517600   60.92010500
        H  48.52957000   37.40771100   59.96018400
        H  48.10470400   37.77767800   61.61635900
        C  56.26950000   32.15260000   44.03970000
        O  57.45332500   32.21437600   43.64316300
        O  55.55821600   31.12521700   44.07225900
        H  55.81152100   33.08845000   44.39246100

Note: printed only print_atoms_list (this is not necessarily all atoms) 
  ------------RUNNING QM/MM MODULE------------- 
QM Module: ORCATheory
MM Module: OpenMMTheory
Charge provided from QMMMTheory object:  -2
Mult provided from QMMMTheory object:  1
QM-region Charge: -2 Mult: 1
Embedding: Electrostatic
Number of pointcharges (to QM program): 76
Number of charge coordinates: 76
Running QM/MM object with 8 cores available

-------------------------------------------------------------------
Time to calculate step (before-QMstep): 0.000 seconds, 0.0 minutes.
-------------------------------------------------------------------
  ------------RUNNING ORCA INTERFACE------------- 
Object-label: ORCA
Run-label: None
Running ORCA with 8 cores available
Moreadfile option not active
A GBW-file with same basename : orca.gbw is present
Autostart is False. ORCA will ignore any file present
Creating inputfile: orca.inp
ORCA input:
! B3LYP D3BJ def2-SVP def2/J RIJCOSX CPCM TightSCF

! Noautostart

%cpcm epsilon 4.0 end
%scf MaxIter 300 Guess PModel end
Charge: -2  Mult: 1
Pointcharge embedding is on!
 ORCA Calculation starting. 
Found warning messages in ORCA outputfile:
WARNING: The chosen methods will break translational/rotational symmetry
 WARNING: The chosen methods will break translational symmetry
 WARNING: The chosen methods will break translational symmetry

 ORCA Calculation done. 
ORCA converged in 14 iterations
ORCA energy: -836.664552921152
  ------------ENDING ORCA-INTERFACE------------- 

----------------------------------------------------------------
Time to calculate step (ORCA run): 115.456 seconds, 1.9 minutes.
----------------------------------------------------------------

---------------------------------------------------------------
Time to calculate step (QM step): 115.456 seconds, 1.9 minutes.
---------------------------------------------------------------

----------------------------------------------------------------------
Time to calculate step (QMpcgrad prepare): 0.000 seconds, 0.0 minutes.
----------------------------------------------------------------------

--------------------------------------------------------------------------
Time to calculate step (linkatomgrad prepare): 0.000 seconds, 0.0 minutes.
--------------------------------------------------------------------------

----------------------------------------------------------------------------
Time to calculate step (QM/MM gradient prepare): 0.000 seconds, 0.0 minutes.
----------------------------------------------------------------------------
Using OpenMM theory as part of QM/MM.
Using MM on full system. Charges for QM region [0, 1, 2, 3, 4, 5, 6, 7, 8, 9, 10, 11, 12, 13, 14, 15, 16, 17, 18, 19, 20, 21, 22, 23] have been set to zero 

--------------------------------------------------------------------------------
                   Creating/updating OpenMM simulation object                   
--------------------------------------------------------------------------------

Integrator name: VerletIntegrator
Timestep: 0.001
Temperature: 300
Coupling frequency: 1
Properties: {'Threads': '1'}
Topology: <Topology; 1 chains, 1 residues, 100 atoms, 0 bonds>

----------------------------------------------------------------------------------
Time to calculate step (creating/updating simulation): 0.002 seconds, 0.0 minutes.
----------------------------------------------------------------------------------

--------------------------------------------------------------------------------
                     Running Single-point OpenMM Interface                      
--------------------------------------------------------------------------------

Number of OpenMM system constraints defined: 0

-----------------------------------------------------------------------------------
Time to calculate step (OpenMMTheory.run: const-check): 0.002 seconds, 0.0 minutes.
-----------------------------------------------------------------------------------
Updating coordinates.

------------------------------------------------------------------------
Time to calculate step (Creating pos array): 0.000 seconds, 0.0 minutes.
------------------------------------------------------------------------

---------------------------------------------------------------------------
Time to calculate step (Updating MM positions): 0.000 seconds, 0.0 minutes.
---------------------------------------------------------------------------
Calling OpenMM getState.

---------------------------------------------------------------------
Time to calculate step (OpenMM getState): 0.000 seconds, 0.0 minutes.
---------------------------------------------------------------------
OpenMM Energy: -3.5014749848888425 Eh
OpenMM Energy: -2197.208726212699 kcal/mol

-----------------------
Ending OpenMM interface
-----------------------

----------------------------------------------------------------
Time to calculate step (OpenMM run): 0.004 seconds, 0.0 minutes.
----------------------------------------------------------------

-------------------------------------------------------------
Time to calculate step (MM step): 0.004 seconds, 0.0 minutes.
-------------------------------------------------------------

Note: You are using electrostatic embedding. This means that the QM-energy is actually the polarized QM-energy
Note: MM energy also contains the QM-MM Lennard-Jones interaction

QM energy:              -836.664552921152 
MM energy:                -3.501474984889
QM/MM energy:           -840.166027906041 

  ------------ENDING QM/MM MODULE------------- 

-----------------------------------------------------------------
Time to calculate step (QM/MM run): 115.460 seconds, 1.9 minutes.
-----------------------------------------------------------------
geometric called save_guess_files option option for ASHengineclass.
This option is currently unsupported in ASH. Continuing.

Convergence criteria: {'convergence_energy': 1e-05, 'convergence_grms': 0.003, 'convergence_gmax': 0.006, 'convergence_drms': 0.01, 'convergence_dmax': 0.015, 'convergence_cmax': 0.01}

Replacing coordinates in fragment.
Creating/Updating fragment attributes...
Number of Atoms in fragment: 100
Formula: H48C20N18O14
Label: CHHCCOOOCHCHCCHCHCHOHCOOCOOHCOOHCNHHNHHNHHCNHHNHHNHHCNHHNHHNHHCOOHCNHHNHHNHHCNHHNHHNHHCNHHNHHNHHCOOH
Charge: -2 Mult: 1

--------------------------------------------------------------------------------
Wrote XYZ file:  Fragment-currentgeo.xyz
Current geometry (Å) in step 10 (print_atoms_list region)
---------------------------------------------------
        C  59.02866583   35.38298730   57.92174592
        H  59.54494461   34.92027383   57.05204145
        H  59.54524259   36.22795832   58.34485229
        C  57.84555090   34.98339185   58.49194771
        C  57.32691008   35.58938216   59.88917861
        O  58.03289329   36.50039775   60.32803486
        O  56.28318564   35.11747928   60.34842048
        O  57.05830320   34.00041977   57.91583768
        C  57.34686085   33.04512743   56.81375933
        H  56.61981774   32.25623150   57.07456154
        C  58.72393530   32.53662522   56.91052146
        H  59.04101067   32.06232682   57.82766453
        C  59.68397947   32.79783520   55.99976222
        C  59.33617169   33.45453921   54.73378173
        H  60.12336614   33.62028564   53.99850183
        C  58.08704204   33.85169220   54.48706181
        H  57.81883297   34.29950372   53.52955682
        C  56.93388366   33.53114905   55.39681741
        H  56.28720869   34.41613429   55.53171063
        O  56.22776146   32.51850507   54.69365436
        H  55.61392893   32.03088288   55.26188636
        C  61.17655035   32.77987885   56.51628715
        O  61.41662683   32.05652065   57.52106663
        O  61.91759719   33.67089053   56.01501363
        C  67.06110000   31.21890000   45.40400000
        O  68.24492500   31.28067600   45.00746300
        O  66.34981600   30.19151700   45.43655900
        H  66.60312100   32.15475000   45.75676100
        C  60.94920000   22.42780000   52.26980000
        O  62.13302500   22.48957600   51.87326300
        O  60.23791600   21.40041700   52.30235900
        H  60.49122100   23.36365000   52.62256100
        C  60.29000000   45.74590000   60.12010000
        N  60.44057700   46.13112000   58.85604600
        H  60.13006000   46.79362200   59.55230000
        H  60.63674600   45.17608200   59.11971300
        N  59.88110100   46.61830400   61.03694900
        H  60.07727000   45.66326600   61.30061600
        H  59.99544900   46.91084000   60.07702800
        N  60.54832100   44.48827600   60.46730500
        H  60.66267000   44.78081100   59.50738400
        H  60.23780400   45.15077800   61.16355900
        C  65.94230000   32.41320000   65.05370000
        N  66.09287700   32.79842000   63.78964600
        H  65.78236000   33.46092200   64.48590000
        H  66.28904600   31.84338200   64.05331300
        N  65.53340100   33.28560400   65.97054900
        H  65.72957000   32.33056600   66.23421600
        H  65.64774900   33.57814000   65.01062800
        N  66.20062100   31.15557600   65.40090500
        H  66.31497000   31.44811100   64.44098400
        H  65.89010400   31.81807800   66.09715900
        C  60.36560000   26.37370000   64.44940000
        N  60.51617700   26.75892000   63.18534600
        H  60.20566000   27.42142200   63.88160000
        H  60.71234600   25.80388200   63.44901300
        N  59.95670100   27.24610400   65.36624900
        H  60.15287000   26.29106600   65.62991600
        H  60.07104900   27.53864000   64.40632800
        N  60.62392100   25.11607600   64.79660500
        H  60.73827000   25.40861100   63.83668400
        H  60.31340400   25.77857800   65.49285900
        C  54.33830000   23.34980000   51.27940000
        O  55.52212500   23.41157600   50.88286300
        O  53.62701600   22.32241700   51.31195900
        H  53.88032100   24.28565000   51.63216100
        C  54.36270000   35.33710000   66.60610000
        N  54.51327700   35.72232000   65.34204600
        H  54.20276000   36.38482200   66.03830000
        H  54.70944600   34.76728200   65.60571300
        N  53.95380100   36.20950400   67.52294900
        H  54.14997000   35.25446600   67.78661600
        H  54.06814900   36.50204000   66.56302800
        N  54.62102100   34.07947600   66.95330500
        H  54.73537000   34.37201100   65.99338400
        H  54.31050400   34.74197800   67.64955900
        C  50.32010000   31.37760000   63.34690000
        N  50.47067700   31.76282000   62.08284600
        H  50.16016000   32.42532200   62.77910000
        H  50.66684600   30.80778200   62.34651300
        N  49.91120100   32.25000400   64.26374900
        H  50.10737000   31.29496600   64.52741600
        H  50.02554900   32.54254000   63.30382800
        N  50.57842100   30.11997600   63.69410500
        H  50.69277000   30.41251100   62.73418400
        H  50.26790400   30.78247800   64.39035900
        C  48.15690000   38.37280000   60.57290000
        N  48.30747700   38.75802000   59.30884600
        H  47.99696000   39.42052200   60.00510000
        H  48.50364600   37.80298200   59.57251300
        N  47.74800100   39.24520400   61.48974900
        H  47.94417000   38.29016600   61.75341600
        H  47.86234900   39.53774000   60.52982800
        N  48.41522100   37.11517600   60.92010500
        H  48.52957000   37.40771100   59.96018400
        H  48.10470400   37.77767800   61.61635900
        C  56.26950000   32.15260000   44.03970000
        O  57.45332500   32.21437600   43.64316300
        O  55.55821600   31.12521700   44.07225900
        H  55.81152100   33.08845000   44.39246100

Note: printed only print_atoms_list (this is not necessarily all atoms) 
  ------------RUNNING QM/MM MODULE------------- 
QM Module: ORCATheory
MM Module: OpenMMTheory
Charge provided from QMMMTheory object:  -2
Mult provided from QMMMTheory object:  1
QM-region Charge: -2 Mult: 1
Embedding: Electrostatic
Number of pointcharges (to QM program): 76
Number of charge coordinates: 76
Running QM/MM object with 8 cores available

-------------------------------------------------------------------
Time to calculate step (before-QMstep): 0.000 seconds, 0.0 minutes.
-------------------------------------------------------------------
  ------------RUNNING ORCA INTERFACE------------- 
Object-label: ORCA
Run-label: None
Running ORCA with 8 cores available
Moreadfile option not active
A GBW-file with same basename : orca.gbw is present
Autostart is False. ORCA will ignore any file present
Creating inputfile: orca.inp
ORCA input:
! B3LYP D3BJ def2-SVP def2/J RIJCOSX CPCM TightSCF

! Noautostart

%cpcm epsilon 4.0 end
%scf MaxIter 300 Guess PModel end
Charge: -2  Mult: 1
Pointcharge embedding is on!
 ORCA Calculation starting. 
Found warning messages in ORCA outputfile:
WARNING: The chosen methods will break translational/rotational symmetry
 WARNING: The chosen methods will break translational symmetry
 WARNING: The chosen methods will break translational symmetry

 ORCA Calculation done. 
ORCA converged in 12 iterations
ORCA energy: -836.683146617635
  ------------ENDING ORCA-INTERFACE------------- 

----------------------------------------------------------------
Time to calculate step (ORCA run): 115.210 seconds, 1.9 minutes.
----------------------------------------------------------------

---------------------------------------------------------------
Time to calculate step (QM step): 115.210 seconds, 1.9 minutes.
---------------------------------------------------------------

----------------------------------------------------------------------
Time to calculate step (QMpcgrad prepare): 0.000 seconds, 0.0 minutes.
----------------------------------------------------------------------

--------------------------------------------------------------------------
Time to calculate step (linkatomgrad prepare): 0.000 seconds, 0.0 minutes.
--------------------------------------------------------------------------

----------------------------------------------------------------------------
Time to calculate step (QM/MM gradient prepare): 0.000 seconds, 0.0 minutes.
----------------------------------------------------------------------------
Using OpenMM theory as part of QM/MM.
Using MM on full system. Charges for QM region [0, 1, 2, 3, 4, 5, 6, 7, 8, 9, 10, 11, 12, 13, 14, 15, 16, 17, 18, 19, 20, 21, 22, 23] have been set to zero 

--------------------------------------------------------------------------------
                   Creating/updating OpenMM simulation object                   
--------------------------------------------------------------------------------

Integrator name: VerletIntegrator
Timestep: 0.001
Temperature: 300
Coupling frequency: 1
Properties: {'Threads': '1'}
Topology: <Topology; 1 chains, 1 residues, 100 atoms, 0 bonds>

----------------------------------------------------------------------------------
Time to calculate step (creating/updating simulation): 0.002 seconds, 0.0 minutes.
----------------------------------------------------------------------------------

--------------------------------------------------------------------------------
                     Running Single-point OpenMM Interface                      
--------------------------------------------------------------------------------

Number of OpenMM system constraints defined: 0

-----------------------------------------------------------------------------------
Time to calculate step (OpenMMTheory.run: const-check): 0.002 seconds, 0.0 minutes.
-----------------------------------------------------------------------------------
Updating coordinates.

------------------------------------------------------------------------
Time to calculate step (Creating pos array): 0.000 seconds, 0.0 minutes.
------------------------------------------------------------------------

---------------------------------------------------------------------------
Time to calculate step (Updating MM positions): 0.000 seconds, 0.0 minutes.
---------------------------------------------------------------------------
Calling OpenMM getState.

---------------------------------------------------------------------
Time to calculate step (OpenMM getState): 0.000 seconds, 0.0 minutes.
---------------------------------------------------------------------
OpenMM Energy: -3.501449343143122 Eh
OpenMM Energy: -2197.1926357743273 kcal/mol

-----------------------
Ending OpenMM interface
-----------------------

----------------------------------------------------------------
Time to calculate step (OpenMM run): 0.003 seconds, 0.0 minutes.
----------------------------------------------------------------

-------------------------------------------------------------
Time to calculate step (MM step): 0.003 seconds, 0.0 minutes.
-------------------------------------------------------------

Note: You are using electrostatic embedding. This means that the QM-energy is actually the polarized QM-energy
Note: MM energy also contains the QM-MM Lennard-Jones interaction

QM energy:              -836.683146617635 
MM energy:                -3.501449343143
QM/MM energy:           -840.184595960778 

  ------------ENDING QM/MM MODULE------------- 

-----------------------------------------------------------------
Time to calculate step (QM/MM run): 115.213 seconds, 1.9 minutes.
-----------------------------------------------------------------
geometric called save_guess_files option option for ASHengineclass.
This option is currently unsupported in ASH. Continuing.

Convergence criteria: {'convergence_energy': 1e-05, 'convergence_grms': 0.003, 'convergence_gmax': 0.006, 'convergence_drms': 0.01, 'convergence_dmax': 0.015, 'convergence_cmax': 0.01}

Replacing coordinates in fragment.
Creating/Updating fragment attributes...
Number of Atoms in fragment: 100
Formula: H48C20N18O14
Label: CHHCCOOOCHCHCCHCHCHOHCOOCOOHCOOHCNHHNHHNHHCNHHNHHNHHCNHHNHHNHHCOOHCNHHNHHNHHCNHHNHHNHHCNHHNHHNHHCOOH
Charge: -2 Mult: 1

--------------------------------------------------------------------------------
Wrote XYZ file:  Fragment-currentgeo.xyz
Current geometry (Å) in step 11 (print_atoms_list region)
---------------------------------------------------
        C  58.99833345   35.47682453   57.94955306
        H  59.49902781   35.00312203   57.13139055
        H  59.47216866   36.29818443   58.55768878
        C  57.83164882   35.00117647   58.41854853
        C  57.31420391   35.48316575   59.83321775
        O  57.98627074   36.37779921   60.41286490
        O  56.31889000   34.89649711   60.39980299
        O  56.97675915   34.05750258   57.96210275
        C  57.31272182   33.09936691   56.87748607
        H  56.62606445   32.26698278   57.10898054
        C  58.71686288   32.61578727   57.01396300
        H  59.01770171   32.17717614   57.97383378
        C  59.67990851   32.86209828   56.11511478
        C  59.36830463   33.49425407   54.82741168
        H  60.18313207   33.67258681   54.11740115
        C  58.10201429   33.85153562   54.51576436
        H  57.86049776   34.28739420   53.53607326
        C  56.92365521   33.54770614   55.41796938
        H  56.27974529   34.45319582   55.49888963
        O  56.21740206   32.51937483   54.73067304
        H  55.60611552   32.05828493   55.31693143
        C  61.11162495   32.77502491   56.61617322
        O  61.46423598   32.11303804   57.58900588
        O  61.79364364   33.61230717   56.06073303
        C  67.06110000   31.21890000   45.40400000
        O  68.24492500   31.28067600   45.00746300
        O  66.34981600   30.19151700   45.43655900
        H  66.60312100   32.15475000   45.75676100
        C  60.94920000   22.42780000   52.26980000
        O  62.13302500   22.48957600   51.87326300
        O  60.23791600   21.40041700   52.30235900
        H  60.49122100   23.36365000   52.62256100
        C  60.29000000   45.74590000   60.12010000
        N  60.44057700   46.13112000   58.85604600
        H  60.13006000   46.79362200   59.55230000
        H  60.63674600   45.17608200   59.11971300
        N  59.88110100   46.61830400   61.03694900
        H  60.07727000   45.66326600   61.30061600
        H  59.99544900   46.91084000   60.07702800
        N  60.54832100   44.48827600   60.46730500
        H  60.66267000   44.78081100   59.50738400
        H  60.23780400   45.15077800   61.16355900
        C  65.94230000   32.41320000   65.05370000
        N  66.09287700   32.79842000   63.78964600
        H  65.78236000   33.46092200   64.48590000
        H  66.28904600   31.84338200   64.05331300
        N  65.53340100   33.28560400   65.97054900
        H  65.72957000   32.33056600   66.23421600
        H  65.64774900   33.57814000   65.01062800
        N  66.20062100   31.15557600   65.40090500
        H  66.31497000   31.44811100   64.44098400
        H  65.89010400   31.81807800   66.09715900
        C  60.36560000   26.37370000   64.44940000
        N  60.51617700   26.75892000   63.18534600
        H  60.20566000   27.42142200   63.88160000
        H  60.71234600   25.80388200   63.44901300
        N  59.95670100   27.24610400   65.36624900
        H  60.15287000   26.29106600   65.62991600
        H  60.07104900   27.53864000   64.40632800
        N  60.62392100   25.11607600   64.79660500
        H  60.73827000   25.40861100   63.83668400
        H  60.31340400   25.77857800   65.49285900
        C  54.33830000   23.34980000   51.27940000
        O  55.52212500   23.41157600   50.88286300
        O  53.62701600   22.32241700   51.31195900
        H  53.88032100   24.28565000   51.63216100
        C  54.36270000   35.33710000   66.60610000
        N  54.51327700   35.72232000   65.34204600
        H  54.20276000   36.38482200   66.03830000
        H  54.70944600   34.76728200   65.60571300
        N  53.95380100   36.20950400   67.52294900
        H  54.14997000   35.25446600   67.78661600
        H  54.06814900   36.50204000   66.56302800
        N  54.62102100   34.07947600   66.95330500
        H  54.73537000   34.37201100   65.99338400
        H  54.31050400   34.74197800   67.64955900
        C  50.32010000   31.37760000   63.34690000
        N  50.47067700   31.76282000   62.08284600
        H  50.16016000   32.42532200   62.77910000
        H  50.66684600   30.80778200   62.34651300
        N  49.91120100   32.25000400   64.26374900
        H  50.10737000   31.29496600   64.52741600
        H  50.02554900   32.54254000   63.30382800
        N  50.57842100   30.11997600   63.69410500
        H  50.69277000   30.41251100   62.73418400
        H  50.26790400   30.78247800   64.39035900
        C  48.15690000   38.37280000   60.57290000
        N  48.30747700   38.75802000   59.30884600
        H  47.99696000   39.42052200   60.00510000
        H  48.50364600   37.80298200   59.57251300
        N  47.74800100   39.24520400   61.48974900
        H  47.94417000   38.29016600   61.75341600
        H  47.86234900   39.53774000   60.52982800
        N  48.41522100   37.11517600   60.92010500
        H  48.52957000   37.40771100   59.96018400
        H  48.10470400   37.77767800   61.61635900
        C  56.26950000   32.15260000   44.03970000
        O  57.45332500   32.21437600   43.64316300
        O  55.55821600   31.12521700   44.07225900
        H  55.81152100   33.08845000   44.39246100

Note: printed only print_atoms_list (this is not necessarily all atoms) 
  ------------RUNNING QM/MM MODULE------------- 
QM Module: ORCATheory
MM Module: OpenMMTheory
Charge provided from QMMMTheory object:  -2
Mult provided from QMMMTheory object:  1
QM-region Charge: -2 Mult: 1
Embedding: Electrostatic
Number of pointcharges (to QM program): 76
Number of charge coordinates: 76
Running QM/MM object with 8 cores available

-------------------------------------------------------------------
Time to calculate step (before-QMstep): 0.000 seconds, 0.0 minutes.
-------------------------------------------------------------------
  ------------RUNNING ORCA INTERFACE------------- 
Object-label: ORCA
Run-label: None
Running ORCA with 8 cores available
Moreadfile option not active
A GBW-file with same basename : orca.gbw is present
Autostart is False. ORCA will ignore any file present
Creating inputfile: orca.inp
ORCA input:
! B3LYP D3BJ def2-SVP def2/J RIJCOSX CPCM TightSCF

! Noautostart

%cpcm epsilon 4.0 end
%scf MaxIter 300 Guess PModel end
Charge: -2  Mult: 1
Pointcharge embedding is on!
 ORCA Calculation starting. 
Found warning messages in ORCA outputfile:
WARNING: The chosen methods will break translational/rotational symmetry
 WARNING: The chosen methods will break translational symmetry
 WARNING: The chosen methods will break translational symmetry

 ORCA Calculation done. 
ORCA converged in 12 iterations
ORCA energy: -836.686188067699
  ------------ENDING ORCA-INTERFACE------------- 

----------------------------------------------------------------
Time to calculate step (ORCA run): 116.474 seconds, 1.9 minutes.
----------------------------------------------------------------

---------------------------------------------------------------
Time to calculate step (QM step): 116.474 seconds, 1.9 minutes.
---------------------------------------------------------------

----------------------------------------------------------------------
Time to calculate step (QMpcgrad prepare): 0.000 seconds, 0.0 minutes.
----------------------------------------------------------------------

--------------------------------------------------------------------------
Time to calculate step (linkatomgrad prepare): 0.000 seconds, 0.0 minutes.
--------------------------------------------------------------------------

----------------------------------------------------------------------------
Time to calculate step (QM/MM gradient prepare): 0.000 seconds, 0.0 minutes.
----------------------------------------------------------------------------
Using OpenMM theory as part of QM/MM.
Using MM on full system. Charges for QM region [0, 1, 2, 3, 4, 5, 6, 7, 8, 9, 10, 11, 12, 13, 14, 15, 16, 17, 18, 19, 20, 21, 22, 23] have been set to zero 

--------------------------------------------------------------------------------
                   Creating/updating OpenMM simulation object                   
--------------------------------------------------------------------------------

Integrator name: VerletIntegrator
Timestep: 0.001
Temperature: 300
Coupling frequency: 1
Properties: {'Threads': '1'}
Topology: <Topology; 1 chains, 1 residues, 100 atoms, 0 bonds>

----------------------------------------------------------------------------------
Time to calculate step (creating/updating simulation): 0.002 seconds, 0.0 minutes.
----------------------------------------------------------------------------------

--------------------------------------------------------------------------------
                     Running Single-point OpenMM Interface                      
--------------------------------------------------------------------------------

Number of OpenMM system constraints defined: 0

-----------------------------------------------------------------------------------
Time to calculate step (OpenMMTheory.run: const-check): 0.002 seconds, 0.0 minutes.
-----------------------------------------------------------------------------------
Updating coordinates.

------------------------------------------------------------------------
Time to calculate step (Creating pos array): 0.000 seconds, 0.0 minutes.
------------------------------------------------------------------------

---------------------------------------------------------------------------
Time to calculate step (Updating MM positions): 0.000 seconds, 0.0 minutes.
---------------------------------------------------------------------------
Calling OpenMM getState.

---------------------------------------------------------------------
Time to calculate step (OpenMM getState): 0.000 seconds, 0.0 minutes.
---------------------------------------------------------------------
OpenMM Energy: -3.501457747467109 Eh
OpenMM Energy: -2197.1979095672523 kcal/mol

-----------------------
Ending OpenMM interface
-----------------------

----------------------------------------------------------------
Time to calculate step (OpenMM run): 0.002 seconds, 0.0 minutes.
----------------------------------------------------------------

-------------------------------------------------------------
Time to calculate step (MM step): 0.003 seconds, 0.0 minutes.
-------------------------------------------------------------

Note: You are using electrostatic embedding. This means that the QM-energy is actually the polarized QM-energy
Note: MM energy also contains the QM-MM Lennard-Jones interaction

QM energy:              -836.686188067699 
MM energy:                -3.501457747467
QM/MM energy:           -840.187645815166 

  ------------ENDING QM/MM MODULE------------- 

-----------------------------------------------------------------
Time to calculate step (QM/MM run): 116.476 seconds, 1.9 minutes.
-----------------------------------------------------------------
geometric called save_guess_files option option for ASHengineclass.
This option is currently unsupported in ASH. Continuing.

Convergence criteria: {'convergence_energy': 1e-05, 'convergence_grms': 0.003, 'convergence_gmax': 0.006, 'convergence_drms': 0.01, 'convergence_dmax': 0.015, 'convergence_cmax': 0.01}

Replacing coordinates in fragment.
Creating/Updating fragment attributes...
Number of Atoms in fragment: 100
Formula: H48C20N18O14
Label: CHHCCOOOCHCHCCHCHCHOHCOOCOOHCOOHCNHHNHHNHHCNHHNHHNHHCNHHNHHNHHCOOHCNHHNHHNHHCNHHNHHNHHCNHHNHHNHHCOOH
Charge: -2 Mult: 1

--------------------------------------------------------------------------------
Wrote XYZ file:  Fragment-currentgeo.xyz
Current geometry (Å) in step 12 (print_atoms_list region)
---------------------------------------------------
        C  58.94808601   35.49160249   58.01869012
        H  59.44605829   35.08909830   57.12028059
        H  59.45449165   36.29668292   58.56847317
        C  57.79138593   35.00198272   58.51045037
        C  57.29107623   35.46694823   59.90630695
        O  57.96454291   36.36249731   60.47479033
        O  56.29394686   34.87102862   60.42457178
        O  56.97056380   34.05792812   57.96318498
        C  57.30804353   33.10885806   56.88530362
        H  56.60957912   32.28266639   57.11465706
        C  58.71145390   32.62452196   57.04709604
        H  59.00643512   32.19853044   58.01547083
        C  59.68599351   32.86592005   56.14868582
        C  59.37465974   33.49657701   54.85807506
        H  60.19602052   33.67338072   54.15623085
        C  58.11235408   33.85180822   54.53523704
        H  57.87640833   34.28130297   53.55241251
        C  56.93032976   33.55457447   55.42973056
        H  56.28932603   34.46363266   55.50706130
        O  56.22516577   32.52394671   54.74840046
        H  55.61044772   32.07078051   55.33690513
        C  61.13149872   32.81337698   56.66144501
        O  61.39292868   32.04333019   57.62923641
        O  61.83986461   33.71536723   56.15067854
        C  67.06110000   31.21890000   45.40400000
        O  68.24492500   31.28067600   45.00746300
        O  66.34981600   30.19151700   45.43655900
        H  66.60312100   32.15475000   45.75676100
        C  60.94920000   22.42780000   52.26980000
        O  62.13302500   22.48957600   51.87326300
        O  60.23791600   21.40041700   52.30235900
        H  60.49122100   23.36365000   52.62256100
        C  60.29000000   45.74590000   60.12010000
        N  60.44057700   46.13112000   58.85604600
        H  60.13006000   46.79362200   59.55230000
        H  60.63674600   45.17608200   59.11971300
        N  59.88110100   46.61830400   61.03694900
        H  60.07727000   45.66326600   61.30061600
        H  59.99544900   46.91084000   60.07702800
        N  60.54832100   44.48827600   60.46730500
        H  60.66267000   44.78081100   59.50738400
        H  60.23780400   45.15077800   61.16355900
        C  65.94230000   32.41320000   65.05370000
        N  66.09287700   32.79842000   63.78964600
        H  65.78236000   33.46092200   64.48590000
        H  66.28904600   31.84338200   64.05331300
        N  65.53340100   33.28560400   65.97054900
        H  65.72957000   32.33056600   66.23421600
        H  65.64774900   33.57814000   65.01062800
        N  66.20062100   31.15557600   65.40090500
        H  66.31497000   31.44811100   64.44098400
        H  65.89010400   31.81807800   66.09715900
        C  60.36560000   26.37370000   64.44940000
        N  60.51617700   26.75892000   63.18534600
        H  60.20566000   27.42142200   63.88160000
        H  60.71234600   25.80388200   63.44901300
        N  59.95670100   27.24610400   65.36624900
        H  60.15287000   26.29106600   65.62991600
        H  60.07104900   27.53864000   64.40632800
        N  60.62392100   25.11607600   64.79660500
        H  60.73827000   25.40861100   63.83668400
        H  60.31340400   25.77857800   65.49285900
        C  54.33830000   23.34980000   51.27940000
        O  55.52212500   23.41157600   50.88286300
        O  53.62701600   22.32241700   51.31195900
        H  53.88032100   24.28565000   51.63216100
        C  54.36270000   35.33710000   66.60610000
        N  54.51327700   35.72232000   65.34204600
        H  54.20276000   36.38482200   66.03830000
        H  54.70944600   34.76728200   65.60571300
        N  53.95380100   36.20950400   67.52294900
        H  54.14997000   35.25446600   67.78661600
        H  54.06814900   36.50204000   66.56302800
        N  54.62102100   34.07947600   66.95330500
        H  54.73537000   34.37201100   65.99338400
        H  54.31050400   34.74197800   67.64955900
        C  50.32010000   31.37760000   63.34690000
        N  50.47067700   31.76282000   62.08284600
        H  50.16016000   32.42532200   62.77910000
        H  50.66684600   30.80778200   62.34651300
        N  49.91120100   32.25000400   64.26374900
        H  50.10737000   31.29496600   64.52741600
        H  50.02554900   32.54254000   63.30382800
        N  50.57842100   30.11997600   63.69410500
        H  50.69277000   30.41251100   62.73418400
        H  50.26790400   30.78247800   64.39035900
        C  48.15690000   38.37280000   60.57290000
        N  48.30747700   38.75802000   59.30884600
        H  47.99696000   39.42052200   60.00510000
        H  48.50364600   37.80298200   59.57251300
        N  47.74800100   39.24520400   61.48974900
        H  47.94417000   38.29016600   61.75341600
        H  47.86234900   39.53774000   60.52982800
        N  48.41522100   37.11517600   60.92010500
        H  48.52957000   37.40771100   59.96018400
        H  48.10470400   37.77767800   61.61635900
        C  56.26950000   32.15260000   44.03970000
        O  57.45332500   32.21437600   43.64316300
        O  55.55821600   31.12521700   44.07225900
        H  55.81152100   33.08845000   44.39246100

Note: printed only print_atoms_list (this is not necessarily all atoms) 
  ------------RUNNING QM/MM MODULE------------- 
QM Module: ORCATheory
MM Module: OpenMMTheory
Charge provided from QMMMTheory object:  -2
Mult provided from QMMMTheory object:  1
QM-region Charge: -2 Mult: 1
Embedding: Electrostatic
Number of pointcharges (to QM program): 76
Number of charge coordinates: 76
Running QM/MM object with 8 cores available

-------------------------------------------------------------------
Time to calculate step (before-QMstep): 0.000 seconds, 0.0 minutes.
-------------------------------------------------------------------
  ------------RUNNING ORCA INTERFACE------------- 
Object-label: ORCA
Run-label: None
Running ORCA with 8 cores available
Moreadfile option not active
A GBW-file with same basename : orca.gbw is present
Autostart is False. ORCA will ignore any file present
Creating inputfile: orca.inp
ORCA input:
! B3LYP D3BJ def2-SVP def2/J RIJCOSX CPCM TightSCF

! Noautostart

%cpcm epsilon 4.0 end
%scf MaxIter 300 Guess PModel end
Charge: -2  Mult: 1
Pointcharge embedding is on!
 ORCA Calculation starting. 
Found warning messages in ORCA outputfile:
WARNING: The chosen methods will break translational/rotational symmetry
 WARNING: The chosen methods will break translational symmetry
 WARNING: The chosen methods will break translational symmetry

 ORCA Calculation done. 
ORCA converged in 12 iterations
ORCA energy: -836.700773072163
  ------------ENDING ORCA-INTERFACE------------- 

----------------------------------------------------------------
Time to calculate step (ORCA run): 108.817 seconds, 1.8 minutes.
----------------------------------------------------------------

---------------------------------------------------------------
Time to calculate step (QM step): 108.817 seconds, 1.8 minutes.
---------------------------------------------------------------

----------------------------------------------------------------------
Time to calculate step (QMpcgrad prepare): 0.000 seconds, 0.0 minutes.
----------------------------------------------------------------------

--------------------------------------------------------------------------
Time to calculate step (linkatomgrad prepare): 0.000 seconds, 0.0 minutes.
--------------------------------------------------------------------------

----------------------------------------------------------------------------
Time to calculate step (QM/MM gradient prepare): 0.000 seconds, 0.0 minutes.
----------------------------------------------------------------------------
Using OpenMM theory as part of QM/MM.
Using MM on full system. Charges for QM region [0, 1, 2, 3, 4, 5, 6, 7, 8, 9, 10, 11, 12, 13, 14, 15, 16, 17, 18, 19, 20, 21, 22, 23] have been set to zero 

--------------------------------------------------------------------------------
                   Creating/updating OpenMM simulation object                   
--------------------------------------------------------------------------------

Integrator name: VerletIntegrator
Timestep: 0.001
Temperature: 300
Coupling frequency: 1
Properties: {'Threads': '1'}
Topology: <Topology; 1 chains, 1 residues, 100 atoms, 0 bonds>

----------------------------------------------------------------------------------
Time to calculate step (creating/updating simulation): 0.003 seconds, 0.0 minutes.
----------------------------------------------------------------------------------

--------------------------------------------------------------------------------
                     Running Single-point OpenMM Interface                      
--------------------------------------------------------------------------------

Number of OpenMM system constraints defined: 0

-----------------------------------------------------------------------------------
Time to calculate step (OpenMMTheory.run: const-check): 0.003 seconds, 0.0 minutes.
-----------------------------------------------------------------------------------
Updating coordinates.

------------------------------------------------------------------------
Time to calculate step (Creating pos array): 0.000 seconds, 0.0 minutes.
------------------------------------------------------------------------

---------------------------------------------------------------------------
Time to calculate step (Updating MM positions): 0.000 seconds, 0.0 minutes.
---------------------------------------------------------------------------
Calling OpenMM getState.

---------------------------------------------------------------------
Time to calculate step (OpenMM getState): 0.001 seconds, 0.0 minutes.
---------------------------------------------------------------------
OpenMM Energy: -3.501469066377851 Eh
OpenMM Energy: -2197.205012290979 kcal/mol

-----------------------
Ending OpenMM interface
-----------------------

----------------------------------------------------------------
Time to calculate step (OpenMM run): 0.004 seconds, 0.0 minutes.
----------------------------------------------------------------

-------------------------------------------------------------
Time to calculate step (MM step): 0.005 seconds, 0.0 minutes.
-------------------------------------------------------------

Note: You are using electrostatic embedding. This means that the QM-energy is actually the polarized QM-energy
Note: MM energy also contains the QM-MM Lennard-Jones interaction

QM energy:              -836.700773072163 
MM energy:                -3.501469066378
QM/MM energy:           -840.202242138541 

  ------------ENDING QM/MM MODULE------------- 

-----------------------------------------------------------------
Time to calculate step (QM/MM run): 108.822 seconds, 1.8 minutes.
-----------------------------------------------------------------
geometric called save_guess_files option option for ASHengineclass.
This option is currently unsupported in ASH. Continuing.
geometric called clearCalcs option for ASHengineclass.
This option is currently unsupported in ASH. Continuing.

Convergence criteria: {'convergence_energy': 1e-05, 'convergence_grms': 0.003, 'convergence_gmax': 0.006, 'convergence_drms': 0.01, 'convergence_dmax': 0.015, 'convergence_cmax': 0.01}

Replacing coordinates in fragment.
Creating/Updating fragment attributes...
Number of Atoms in fragment: 100
Formula: H48C20N18O14
Label: CHHCCOOOCHCHCCHCHCHOHCOOCOOHCOOHCNHHNHHNHHCNHHNHHNHHCNHHNHHNHHCOOHCNHHNHHNHHCNHHNHHNHHCNHHNHHNHHCOOH
Charge: -2 Mult: 1

--------------------------------------------------------------------------------
Wrote XYZ file:  Fragment-currentgeo.xyz
Current geometry (Å) in step 13 (print_atoms_list region)
---------------------------------------------------
        C  58.87744487   35.52519632   58.06309831
        H  59.35260649   35.19716404   57.12544816
        H  59.39455868   36.29667430   58.62950535
        C  57.73281488   35.01568233   58.58281119
        C  57.25975935   35.42459231   60.02747231
        O  57.90533097   36.32760493   60.63625352
        O  56.26171755   34.81276051   60.49828290
        O  56.91757163   34.09144224   57.98533661
        C  57.29571557   33.13085550   56.92263520
        H  56.58560647   32.31071224   57.14003798
        C  58.69345356   32.65703336   57.10988907
        H  58.97618629   32.24269789   58.08102268
        C  59.68365549   32.88880538   56.22232899
        C  59.38805379   33.50341600   54.91863988
        H  60.21758365   33.67338267   54.22748947
        C  58.13513589   33.85666155   54.58183523
        H  57.91021745   34.27070327   53.59173791
        C  56.94282248   33.57046151   55.46279506
        H  56.30677616   34.48113464   55.53096139
        O  56.24447427   32.53578046   54.78589361
        H  55.61824145   32.09495178   55.37513632
        C  61.13189445   32.85311157   56.76364319
        O  61.38934238   32.07947944   57.72399364
        O  61.85256692   33.75711029   56.27831981
        C  67.06110000   31.21890000   45.40400000
        O  68.24492500   31.28067600   45.00746300
        O  66.34981600   30.19151700   45.43655900
        H  66.60312100   32.15475000   45.75676100
        C  60.94920000   22.42780000   52.26980000
        O  62.13302500   22.48957600   51.87326300
        O  60.23791600   21.40041700   52.30235900
        H  60.49122100   23.36365000   52.62256100
        C  60.29000000   45.74590000   60.12010000
        N  60.44057700   46.13112000   58.85604600
        H  60.13006000   46.79362200   59.55230000
        H  60.63674600   45.17608200   59.11971300
        N  59.88110100   46.61830400   61.03694900
        H  60.07727000   45.66326600   61.30061600
        H  59.99544900   46.91084000   60.07702800
        N  60.54832100   44.48827600   60.46730500
        H  60.66267000   44.78081100   59.50738400
        H  60.23780400   45.15077800   61.16355900
        C  65.94230000   32.41320000   65.05370000
        N  66.09287700   32.79842000   63.78964600
        H  65.78236000   33.46092200   64.48590000
        H  66.28904600   31.84338200   64.05331300
        N  65.53340100   33.28560400   65.97054900
        H  65.72957000   32.33056600   66.23421600
        H  65.64774900   33.57814000   65.01062800
        N  66.20062100   31.15557600   65.40090500
        H  66.31497000   31.44811100   64.44098400
        H  65.89010400   31.81807800   66.09715900
        C  60.36560000   26.37370000   64.44940000
        N  60.51617700   26.75892000   63.18534600
        H  60.20566000   27.42142200   63.88160000
        H  60.71234600   25.80388200   63.44901300
        N  59.95670100   27.24610400   65.36624900
        H  60.15287000   26.29106600   65.62991600
        H  60.07104900   27.53864000   64.40632800
        N  60.62392100   25.11607600   64.79660500
        H  60.73827000   25.40861100   63.83668400
        H  60.31340400   25.77857800   65.49285900
        C  54.33830000   23.34980000   51.27940000
        O  55.52212500   23.41157600   50.88286300
        O  53.62701600   22.32241700   51.31195900
        H  53.88032100   24.28565000   51.63216100
        C  54.36270000   35.33710000   66.60610000
        N  54.51327700   35.72232000   65.34204600
        H  54.20276000   36.38482200   66.03830000
        H  54.70944600   34.76728200   65.60571300
        N  53.95380100   36.20950400   67.52294900
        H  54.14997000   35.25446600   67.78661600
        H  54.06814900   36.50204000   66.56302800
        N  54.62102100   34.07947600   66.95330500
        H  54.73537000   34.37201100   65.99338400
        H  54.31050400   34.74197800   67.64955900
        C  50.32010000   31.37760000   63.34690000
        N  50.47067700   31.76282000   62.08284600
        H  50.16016000   32.42532200   62.77910000
        H  50.66684600   30.80778200   62.34651300
        N  49.91120100   32.25000400   64.26374900
        H  50.10737000   31.29496600   64.52741600
        H  50.02554900   32.54254000   63.30382800
        N  50.57842100   30.11997600   63.69410500
        H  50.69277000   30.41251100   62.73418400
        H  50.26790400   30.78247800   64.39035900
        C  48.15690000   38.37280000   60.57290000
        N  48.30747700   38.75802000   59.30884600
        H  47.99696000   39.42052200   60.00510000
        H  48.50364600   37.80298200   59.57251300
        N  47.74800100   39.24520400   61.48974900
        H  47.94417000   38.29016600   61.75341600
        H  47.86234900   39.53774000   60.52982800
        N  48.41522100   37.11517600   60.92010500
        H  48.52957000   37.40771100   59.96018400
        H  48.10470400   37.77767800   61.61635900
        C  56.26950000   32.15260000   44.03970000
        O  57.45332500   32.21437600   43.64316300
        O  55.55821600   31.12521700   44.07225900
        H  55.81152100   33.08845000   44.39246100

Note: printed only print_atoms_list (this is not necessarily all atoms) 
  ------------RUNNING QM/MM MODULE------------- 
QM Module: ORCATheory
MM Module: OpenMMTheory
Charge provided from QMMMTheory object:  -2
Mult provided from QMMMTheory object:  1
QM-region Charge: -2 Mult: 1
Embedding: Electrostatic
Number of pointcharges (to QM program): 76
Number of charge coordinates: 76
Running QM/MM object with 8 cores available

-------------------------------------------------------------------
Time to calculate step (before-QMstep): 0.000 seconds, 0.0 minutes.
-------------------------------------------------------------------
  ------------RUNNING ORCA INTERFACE------------- 
Object-label: ORCA
Run-label: None
Running ORCA with 8 cores available
Moreadfile option not active
A GBW-file with same basename : orca.gbw is present
Autostart is False. ORCA will ignore any file present
Creating inputfile: orca.inp
ORCA input:
! B3LYP D3BJ def2-SVP def2/J RIJCOSX CPCM TightSCF

! Noautostart

%cpcm epsilon 4.0 end
%scf MaxIter 300 Guess PModel end
Charge: -2  Mult: 1
Pointcharge embedding is on!
 ORCA Calculation starting. 
Found warning messages in ORCA outputfile:
WARNING: The chosen methods will break translational/rotational symmetry
 WARNING: The chosen methods will break translational symmetry
 WARNING: The chosen methods will break translational symmetry

 ORCA Calculation done. 
ORCA converged in 12 iterations
ORCA energy: -836.706543461164
  ------------ENDING ORCA-INTERFACE------------- 

---------------------------------------------------------------
Time to calculate step (ORCA run): 97.123 seconds, 1.6 minutes.
---------------------------------------------------------------

--------------------------------------------------------------
Time to calculate step (QM step): 97.123 seconds, 1.6 minutes.
--------------------------------------------------------------

----------------------------------------------------------------------
Time to calculate step (QMpcgrad prepare): 0.000 seconds, 0.0 minutes.
----------------------------------------------------------------------

--------------------------------------------------------------------------
Time to calculate step (linkatomgrad prepare): 0.000 seconds, 0.0 minutes.
--------------------------------------------------------------------------

----------------------------------------------------------------------------
Time to calculate step (QM/MM gradient prepare): 0.000 seconds, 0.0 minutes.
----------------------------------------------------------------------------
Using OpenMM theory as part of QM/MM.
Using MM on full system. Charges for QM region [0, 1, 2, 3, 4, 5, 6, 7, 8, 9, 10, 11, 12, 13, 14, 15, 16, 17, 18, 19, 20, 21, 22, 23] have been set to zero 

--------------------------------------------------------------------------------
                   Creating/updating OpenMM simulation object                   
--------------------------------------------------------------------------------

Integrator name: VerletIntegrator
Timestep: 0.001
Temperature: 300
Coupling frequency: 1
Properties: {'Threads': '1'}
Topology: <Topology; 1 chains, 1 residues, 100 atoms, 0 bonds>

----------------------------------------------------------------------------------
Time to calculate step (creating/updating simulation): 0.002 seconds, 0.0 minutes.
----------------------------------------------------------------------------------

--------------------------------------------------------------------------------
                     Running Single-point OpenMM Interface                      
--------------------------------------------------------------------------------

Number of OpenMM system constraints defined: 0

-----------------------------------------------------------------------------------
Time to calculate step (OpenMMTheory.run: const-check): 0.002 seconds, 0.0 minutes.
-----------------------------------------------------------------------------------
Updating coordinates.

------------------------------------------------------------------------
Time to calculate step (Creating pos array): 0.000 seconds, 0.0 minutes.
------------------------------------------------------------------------

---------------------------------------------------------------------------
Time to calculate step (Updating MM positions): 0.000 seconds, 0.0 minutes.
---------------------------------------------------------------------------
Calling OpenMM getState.

---------------------------------------------------------------------
Time to calculate step (OpenMM getState): 0.000 seconds, 0.0 minutes.
---------------------------------------------------------------------
OpenMM Energy: -3.501493612878559 Eh
OpenMM Energy: -2197.2204154527285 kcal/mol

-----------------------
Ending OpenMM interface
-----------------------

----------------------------------------------------------------
Time to calculate step (OpenMM run): 0.004 seconds, 0.0 minutes.
----------------------------------------------------------------

-------------------------------------------------------------
Time to calculate step (MM step): 0.004 seconds, 0.0 minutes.
-------------------------------------------------------------

Note: You are using electrostatic embedding. This means that the QM-energy is actually the polarized QM-energy
Note: MM energy also contains the QM-MM Lennard-Jones interaction

QM energy:              -836.706543461164 
MM energy:                -3.501493612879
QM/MM energy:           -840.208037074043 

  ------------ENDING QM/MM MODULE------------- 

----------------------------------------------------------------
Time to calculate step (QM/MM run): 97.127 seconds, 1.6 minutes.
----------------------------------------------------------------
geometric called save_guess_files option option for ASHengineclass.
This option is currently unsupported in ASH. Continuing.

Convergence criteria: {'convergence_energy': 1e-05, 'convergence_grms': 0.003, 'convergence_gmax': 0.006, 'convergence_drms': 0.01, 'convergence_dmax': 0.015, 'convergence_cmax': 0.01}

Replacing coordinates in fragment.
Creating/Updating fragment attributes...
Number of Atoms in fragment: 100
Formula: H48C20N18O14
Label: CHHCCOOOCHCHCCHCHCHOHCOOCOOHCOOHCNHHNHHNHHCNHHNHHNHHCNHHNHHNHHCOOHCNHHNHHNHHCNHHNHHNHHCNHHNHHNHHCOOH
Charge: -2 Mult: 1

--------------------------------------------------------------------------------
Wrote XYZ file:  Fragment-currentgeo.xyz
Current geometry (Å) in step 14 (print_atoms_list region)
---------------------------------------------------
        C  58.78080435   35.58447975   58.13318968
        H  59.21024662   35.35297147   57.14789821
        H  59.30228653   36.30175537   58.77511621
        C  57.65576870   35.02777232   58.65694508
        C  57.20040571   35.34297832   60.13917432
        O  57.82881438   36.24054805   60.75231370
        O  56.22478532   34.70410424   60.62070798
        O  56.84253058   34.13678816   58.01962490
        C  57.27844441   33.16329117   56.98457743
        H  56.56246545   32.34425967   57.18358435
        C  58.67294117   32.71096114   57.21028767
        H  58.93292396   32.31307206   58.19059160
        C  59.68261927   32.93264896   56.34043364
        C  59.41074603   33.52433128   55.02100003
        H  60.25460708   33.68702173   54.34757633
        C  58.16677689   33.86642075   54.65492057
        H  57.96021484   34.25953727   53.65378354
        C  56.95926386   33.59297927   55.51682317
        H  56.33041425   34.50782842   55.56804079
        O  56.26897472   32.55287313   54.84563416
        H  55.62090500   32.14217820   55.43728508
        C  61.12475110   32.91162458   56.90946630
        O  61.36688353   32.10410915   57.84752935
        O  61.86247694   33.81571899   56.45091041
        C  67.06110000   31.21890000   45.40400000
        O  68.24492500   31.28067600   45.00746300
        O  66.34981600   30.19151700   45.43655900
        H  66.60312100   32.15475000   45.75676100
        C  60.94920000   22.42780000   52.26980000
        O  62.13302500   22.48957600   51.87326300
        O  60.23791600   21.40041700   52.30235900
        H  60.49122100   23.36365000   52.62256100
        C  60.29000000   45.74590000   60.12010000
        N  60.44057700   46.13112000   58.85604600
        H  60.13006000   46.79362200   59.55230000
        H  60.63674600   45.17608200   59.11971300
        N  59.88110100   46.61830400   61.03694900
        H  60.07727000   45.66326600   61.30061600
        H  59.99544900   46.91084000   60.07702800
        N  60.54832100   44.48827600   60.46730500
        H  60.66267000   44.78081100   59.50738400
        H  60.23780400   45.15077800   61.16355900
        C  65.94230000   32.41320000   65.05370000
        N  66.09287700   32.79842000   63.78964600
        H  65.78236000   33.46092200   64.48590000
        H  66.28904600   31.84338200   64.05331300
        N  65.53340100   33.28560400   65.97054900
        H  65.72957000   32.33056600   66.23421600
        H  65.64774900   33.57814000   65.01062800
        N  66.20062100   31.15557600   65.40090500
        H  66.31497000   31.44811100   64.44098400
        H  65.89010400   31.81807800   66.09715900
        C  60.36560000   26.37370000   64.44940000
        N  60.51617700   26.75892000   63.18534600
        H  60.20566000   27.42142200   63.88160000
        H  60.71234600   25.80388200   63.44901300
        N  59.95670100   27.24610400   65.36624900
        H  60.15287000   26.29106600   65.62991600
        H  60.07104900   27.53864000   64.40632800
        N  60.62392100   25.11607600   64.79660500
        H  60.73827000   25.40861100   63.83668400
        H  60.31340400   25.77857800   65.49285900
        C  54.33830000   23.34980000   51.27940000
        O  55.52212500   23.41157600   50.88286300
        O  53.62701600   22.32241700   51.31195900
        H  53.88032100   24.28565000   51.63216100
        C  54.36270000   35.33710000   66.60610000
        N  54.51327700   35.72232000   65.34204600
        H  54.20276000   36.38482200   66.03830000
        H  54.70944600   34.76728200   65.60571300
        N  53.95380100   36.20950400   67.52294900
        H  54.14997000   35.25446600   67.78661600
        H  54.06814900   36.50204000   66.56302800
        N  54.62102100   34.07947600   66.95330500
        H  54.73537000   34.37201100   65.99338400
        H  54.31050400   34.74197800   67.64955900
        C  50.32010000   31.37760000   63.34690000
        N  50.47067700   31.76282000   62.08284600
        H  50.16016000   32.42532200   62.77910000
        H  50.66684600   30.80778200   62.34651300
        N  49.91120100   32.25000400   64.26374900
        H  50.10737000   31.29496600   64.52741600
        H  50.02554900   32.54254000   63.30382800
        N  50.57842100   30.11997600   63.69410500
        H  50.69277000   30.41251100   62.73418400
        H  50.26790400   30.78247800   64.39035900
        C  48.15690000   38.37280000   60.57290000
        N  48.30747700   38.75802000   59.30884600
        H  47.99696000   39.42052200   60.00510000
        H  48.50364600   37.80298200   59.57251300
        N  47.74800100   39.24520400   61.48974900
        H  47.94417000   38.29016600   61.75341600
        H  47.86234900   39.53774000   60.52982800
        N  48.41522100   37.11517600   60.92010500
        H  48.52957000   37.40771100   59.96018400
        H  48.10470400   37.77767800   61.61635900
        C  56.26950000   32.15260000   44.03970000
        O  57.45332500   32.21437600   43.64316300
        O  55.55821600   31.12521700   44.07225900
        H  55.81152100   33.08845000   44.39246100

Note: printed only print_atoms_list (this is not necessarily all atoms) 
  ------------RUNNING QM/MM MODULE------------- 
QM Module: ORCATheory
MM Module: OpenMMTheory
Charge provided from QMMMTheory object:  -2
Mult provided from QMMMTheory object:  1
QM-region Charge: -2 Mult: 1
Embedding: Electrostatic
Number of pointcharges (to QM program): 76
Number of charge coordinates: 76
Running QM/MM object with 8 cores available

-------------------------------------------------------------------
Time to calculate step (before-QMstep): 0.000 seconds, 0.0 minutes.
-------------------------------------------------------------------
  ------------RUNNING ORCA INTERFACE------------- 
Object-label: ORCA
Run-label: None
Running ORCA with 8 cores available
Moreadfile option not active
A GBW-file with same basename : orca.gbw is present
Autostart is False. ORCA will ignore any file present
Creating inputfile: orca.inp
ORCA input:
! B3LYP D3BJ def2-SVP def2/J RIJCOSX CPCM TightSCF

! Noautostart

%cpcm epsilon 4.0 end
%scf MaxIter 300 Guess PModel end
Charge: -2  Mult: 1
Pointcharge embedding is on!
 ORCA Calculation starting. 
Found warning messages in ORCA outputfile:
WARNING: The chosen methods will break translational/rotational symmetry
 WARNING: The chosen methods will break translational symmetry
 WARNING: The chosen methods will break translational symmetry

 ORCA Calculation done. 
ORCA converged in 12 iterations
ORCA energy: -836.713799440594
  ------------ENDING ORCA-INTERFACE------------- 

----------------------------------------------------------------
Time to calculate step (ORCA run): 113.910 seconds, 1.9 minutes.
----------------------------------------------------------------

---------------------------------------------------------------
Time to calculate step (QM step): 113.910 seconds, 1.9 minutes.
---------------------------------------------------------------

----------------------------------------------------------------------
Time to calculate step (QMpcgrad prepare): 0.000 seconds, 0.0 minutes.
----------------------------------------------------------------------

--------------------------------------------------------------------------
Time to calculate step (linkatomgrad prepare): 0.000 seconds, 0.0 minutes.
--------------------------------------------------------------------------

----------------------------------------------------------------------------
Time to calculate step (QM/MM gradient prepare): 0.000 seconds, 0.0 minutes.
----------------------------------------------------------------------------
Using OpenMM theory as part of QM/MM.
Using MM on full system. Charges for QM region [0, 1, 2, 3, 4, 5, 6, 7, 8, 9, 10, 11, 12, 13, 14, 15, 16, 17, 18, 19, 20, 21, 22, 23] have been set to zero 

--------------------------------------------------------------------------------
                   Creating/updating OpenMM simulation object                   
--------------------------------------------------------------------------------

Integrator name: VerletIntegrator
Timestep: 0.001
Temperature: 300
Coupling frequency: 1
Properties: {'Threads': '1'}
Topology: <Topology; 1 chains, 1 residues, 100 atoms, 0 bonds>

----------------------------------------------------------------------------------
Time to calculate step (creating/updating simulation): 0.002 seconds, 0.0 minutes.
----------------------------------------------------------------------------------

--------------------------------------------------------------------------------
                     Running Single-point OpenMM Interface                      
--------------------------------------------------------------------------------

Number of OpenMM system constraints defined: 0

-----------------------------------------------------------------------------------
Time to calculate step (OpenMMTheory.run: const-check): 0.002 seconds, 0.0 minutes.
-----------------------------------------------------------------------------------
Updating coordinates.

------------------------------------------------------------------------
Time to calculate step (Creating pos array): 0.000 seconds, 0.0 minutes.
------------------------------------------------------------------------

---------------------------------------------------------------------------
Time to calculate step (Updating MM positions): 0.000 seconds, 0.0 minutes.
---------------------------------------------------------------------------
Calling OpenMM getState.

---------------------------------------------------------------------
Time to calculate step (OpenMM getState): 0.000 seconds, 0.0 minutes.
---------------------------------------------------------------------
OpenMM Energy: -3.5015270421213365 Eh
OpenMM Energy: -2197.241392619282 kcal/mol

-----------------------
Ending OpenMM interface
-----------------------

----------------------------------------------------------------
Time to calculate step (OpenMM run): 0.002 seconds, 0.0 minutes.
----------------------------------------------------------------

-------------------------------------------------------------
Time to calculate step (MM step): 0.003 seconds, 0.0 minutes.
-------------------------------------------------------------

Note: You are using electrostatic embedding. This means that the QM-energy is actually the polarized QM-energy
Note: MM energy also contains the QM-MM Lennard-Jones interaction

QM energy:              -836.713799440594 
MM energy:                -3.501527042121
QM/MM energy:           -840.215326482715 

  ------------ENDING QM/MM MODULE------------- 

-----------------------------------------------------------------
Time to calculate step (QM/MM run): 113.913 seconds, 1.9 minutes.
-----------------------------------------------------------------
geometric called save_guess_files option option for ASHengineclass.
This option is currently unsupported in ASH. Continuing.

Convergence criteria: {'convergence_energy': 1e-05, 'convergence_grms': 0.003, 'convergence_gmax': 0.006, 'convergence_drms': 0.01, 'convergence_dmax': 0.015, 'convergence_cmax': 0.01}

Replacing coordinates in fragment.
Creating/Updating fragment attributes...
Number of Atoms in fragment: 100
Formula: H48C20N18O14
Label: CHHCCOOOCHCHCCHCHCHOHCOOCOOHCOOHCNHHNHHNHHCNHHNHHNHHCNHHNHHNHHCOOHCNHHNHHNHHCNHHNHHNHHCNHHNHHNHHCOOH
Charge: -2 Mult: 1

--------------------------------------------------------------------------------
Wrote XYZ file:  Fragment-currentgeo.xyz
Current geometry (Å) in step 15 (print_atoms_list region)
---------------------------------------------------
        C  58.63305958   35.65417016   58.26489618
        H  58.99311683   35.56297868   57.24139171
        H  59.19527345   36.29072970   58.93201705
        C  57.54055397   35.03944753   58.77013466
        C  57.10671359   35.24751433   60.25339459
        O  57.71032193   36.12834729   60.92303566
        O  56.17167027   34.53107955   60.72710689
        O  56.74828403   34.19020085   58.05532382
        C  57.25350878   33.20320590   57.06825210
        H  56.53703717   32.38082797   57.24774007
        C  58.64589220   32.78932519   57.36386871
        H  58.87323717   32.40678886   58.35697799
        C  59.68155181   33.00830136   56.52322206
        C  59.44835905   33.56592438   55.18270117
        H  60.31190644   33.71349366   54.53037481
        C  58.21234662   33.88590953   54.76531007
        H  58.03135201   34.25092793   53.74932339
        C  56.98221242   33.62309132   55.59600793
        H  56.36159012   34.54435023   55.62730835
        O  56.30057597   32.57598540   54.93034315
        H  55.61366384   32.22284391   55.52026281
        C  61.10451376   32.97400153   57.11167542
        O  61.34994734   32.15213659   58.02586969
        O  61.85499994   33.87154914   56.67944002
        C  67.06110000   31.21890000   45.40400000
        O  68.24492500   31.28067600   45.00746300
        O  66.34981600   30.19151700   45.43655900
        H  66.60312100   32.15475000   45.75676100
        C  60.94920000   22.42780000   52.26980000
        O  62.13302500   22.48957600   51.87326300
        O  60.23791600   21.40041700   52.30235900
        H  60.49122100   23.36365000   52.62256100
        C  60.29000000   45.74590000   60.12010000
        N  60.44057700   46.13112000   58.85604600
        H  60.13006000   46.79362200   59.55230000
        H  60.63674600   45.17608200   59.11971300
        N  59.88110100   46.61830400   61.03694900
        H  60.07727000   45.66326600   61.30061600
        H  59.99544900   46.91084000   60.07702800
        N  60.54832100   44.48827600   60.46730500
        H  60.66267000   44.78081100   59.50738400
        H  60.23780400   45.15077800   61.16355900
        C  65.94230000   32.41320000   65.05370000
        N  66.09287700   32.79842000   63.78964600
        H  65.78236000   33.46092200   64.48590000
        H  66.28904600   31.84338200   64.05331300
        N  65.53340100   33.28560400   65.97054900
        H  65.72957000   32.33056600   66.23421600
        H  65.64774900   33.57814000   65.01062800
        N  66.20062100   31.15557600   65.40090500
        H  66.31497000   31.44811100   64.44098400
        H  65.89010400   31.81807800   66.09715900
        C  60.36560000   26.37370000   64.44940000
        N  60.51617700   26.75892000   63.18534600
        H  60.20566000   27.42142200   63.88160000
        H  60.71234600   25.80388200   63.44901300
        N  59.95670100   27.24610400   65.36624900
        H  60.15287000   26.29106600   65.62991600
        H  60.07104900   27.53864000   64.40632800
        N  60.62392100   25.11607600   64.79660500
        H  60.73827000   25.40861100   63.83668400
        H  60.31340400   25.77857800   65.49285900
        C  54.33830000   23.34980000   51.27940000
        O  55.52212500   23.41157600   50.88286300
        O  53.62701600   22.32241700   51.31195900
        H  53.88032100   24.28565000   51.63216100
        C  54.36270000   35.33710000   66.60610000
        N  54.51327700   35.72232000   65.34204600
        H  54.20276000   36.38482200   66.03830000
        H  54.70944600   34.76728200   65.60571300
        N  53.95380100   36.20950400   67.52294900
        H  54.14997000   35.25446600   67.78661600
        H  54.06814900   36.50204000   66.56302800
        N  54.62102100   34.07947600   66.95330500
        H  54.73537000   34.37201100   65.99338400
        H  54.31050400   34.74197800   67.64955900
        C  50.32010000   31.37760000   63.34690000
        N  50.47067700   31.76282000   62.08284600
        H  50.16016000   32.42532200   62.77910000
        H  50.66684600   30.80778200   62.34651300
        N  49.91120100   32.25000400   64.26374900
        H  50.10737000   31.29496600   64.52741600
        H  50.02554900   32.54254000   63.30382800
        N  50.57842100   30.11997600   63.69410500
        H  50.69277000   30.41251100   62.73418400
        H  50.26790400   30.78247800   64.39035900
        C  48.15690000   38.37280000   60.57290000
        N  48.30747700   38.75802000   59.30884600
        H  47.99696000   39.42052200   60.00510000
        H  48.50364600   37.80298200   59.57251300
        N  47.74800100   39.24520400   61.48974900
        H  47.94417000   38.29016600   61.75341600
        H  47.86234900   39.53774000   60.52982800
        N  48.41522100   37.11517600   60.92010500
        H  48.52957000   37.40771100   59.96018400
        H  48.10470400   37.77767800   61.61635900
        C  56.26950000   32.15260000   44.03970000
        O  57.45332500   32.21437600   43.64316300
        O  55.55821600   31.12521700   44.07225900
        H  55.81152100   33.08845000   44.39246100

Note: printed only print_atoms_list (this is not necessarily all atoms) 
  ------------RUNNING QM/MM MODULE------------- 
QM Module: ORCATheory
MM Module: OpenMMTheory
Charge provided from QMMMTheory object:  -2
Mult provided from QMMMTheory object:  1
QM-region Charge: -2 Mult: 1
Embedding: Electrostatic
Number of pointcharges (to QM program): 76
Number of charge coordinates: 76
Running QM/MM object with 8 cores available

-------------------------------------------------------------------
Time to calculate step (before-QMstep): 0.000 seconds, 0.0 minutes.
-------------------------------------------------------------------
  ------------RUNNING ORCA INTERFACE------------- 
Object-label: ORCA
Run-label: None
Running ORCA with 8 cores available
Moreadfile option not active
A GBW-file with same basename : orca.gbw is present
Autostart is False. ORCA will ignore any file present
Creating inputfile: orca.inp
ORCA input:
! B3LYP D3BJ def2-SVP def2/J RIJCOSX CPCM TightSCF

! Noautostart

%cpcm epsilon 4.0 end
%scf MaxIter 300 Guess PModel end
Charge: -2  Mult: 1
Pointcharge embedding is on!
 ORCA Calculation starting. 
Found warning messages in ORCA outputfile:
WARNING: The chosen methods will break translational/rotational symmetry
 WARNING: The chosen methods will break translational symmetry
 WARNING: The chosen methods will break translational symmetry

 ORCA Calculation done. 
ORCA converged in 12 iterations
ORCA energy: -836.723487700494
  ------------ENDING ORCA-INTERFACE------------- 

---------------------------------------------------------------
Time to calculate step (ORCA run): 97.701 seconds, 1.6 minutes.
---------------------------------------------------------------

--------------------------------------------------------------
Time to calculate step (QM step): 97.701 seconds, 1.6 minutes.
--------------------------------------------------------------

----------------------------------------------------------------------
Time to calculate step (QMpcgrad prepare): 0.000 seconds, 0.0 minutes.
----------------------------------------------------------------------

--------------------------------------------------------------------------
Time to calculate step (linkatomgrad prepare): 0.000 seconds, 0.0 minutes.
--------------------------------------------------------------------------

----------------------------------------------------------------------------
Time to calculate step (QM/MM gradient prepare): 0.000 seconds, 0.0 minutes.
----------------------------------------------------------------------------
Using OpenMM theory as part of QM/MM.
Using MM on full system. Charges for QM region [0, 1, 2, 3, 4, 5, 6, 7, 8, 9, 10, 11, 12, 13, 14, 15, 16, 17, 18, 19, 20, 21, 22, 23] have been set to zero 

--------------------------------------------------------------------------------
                   Creating/updating OpenMM simulation object                   
--------------------------------------------------------------------------------

Integrator name: VerletIntegrator
Timestep: 0.001
Temperature: 300
Coupling frequency: 1
Properties: {'Threads': '1'}
Topology: <Topology; 1 chains, 1 residues, 100 atoms, 0 bonds>

----------------------------------------------------------------------------------
Time to calculate step (creating/updating simulation): 0.002 seconds, 0.0 minutes.
----------------------------------------------------------------------------------

--------------------------------------------------------------------------------
                     Running Single-point OpenMM Interface                      
--------------------------------------------------------------------------------

Number of OpenMM system constraints defined: 0

-----------------------------------------------------------------------------------
Time to calculate step (OpenMMTheory.run: const-check): 0.002 seconds, 0.0 minutes.
-----------------------------------------------------------------------------------
Updating coordinates.

------------------------------------------------------------------------
Time to calculate step (Creating pos array): 0.000 seconds, 0.0 minutes.
------------------------------------------------------------------------

---------------------------------------------------------------------------
Time to calculate step (Updating MM positions): 0.000 seconds, 0.0 minutes.
---------------------------------------------------------------------------
Calling OpenMM getState.

---------------------------------------------------------------------
Time to calculate step (OpenMM getState): 0.000 seconds, 0.0 minutes.
---------------------------------------------------------------------
OpenMM Energy: -3.5015725125120594 Eh
OpenMM Energy: -2197.2699257202503 kcal/mol

-----------------------
Ending OpenMM interface
-----------------------

----------------------------------------------------------------
Time to calculate step (OpenMM run): 0.002 seconds, 0.0 minutes.
----------------------------------------------------------------

-------------------------------------------------------------
Time to calculate step (MM step): 0.003 seconds, 0.0 minutes.
-------------------------------------------------------------

Note: You are using electrostatic embedding. This means that the QM-energy is actually the polarized QM-energy
Note: MM energy also contains the QM-MM Lennard-Jones interaction

QM energy:              -836.723487700494 
MM energy:                -3.501572512512
QM/MM energy:           -840.225060213006 

  ------------ENDING QM/MM MODULE------------- 

----------------------------------------------------------------
Time to calculate step (QM/MM run): 97.703 seconds, 1.6 minutes.
----------------------------------------------------------------
geometric called save_guess_files option option for ASHengineclass.
This option is currently unsupported in ASH. Continuing.

Convergence criteria: {'convergence_energy': 1e-05, 'convergence_grms': 0.003, 'convergence_gmax': 0.006, 'convergence_drms': 0.01, 'convergence_dmax': 0.015, 'convergence_cmax': 0.01}

Replacing coordinates in fragment.
Creating/Updating fragment attributes...
Number of Atoms in fragment: 100
Formula: H48C20N18O14
Label: CHHCCOOOCHCHCCHCHCHOHCOOCOOHCOOHCNHHNHHNHHCNHHNHHNHHCNHHNHHNHHCOOHCNHHNHHNHHCNHHNHHNHHCNHHNHHNHHCOOH
Charge: -2 Mult: 1

--------------------------------------------------------------------------------
Wrote XYZ file:  Fragment-currentgeo.xyz
Current geometry (Å) in step 16 (print_atoms_list region)
---------------------------------------------------
        C  58.44637024   35.77511111   58.42666553
        H  58.69071814   35.85126730   57.32897751
        H  59.03935012   36.28154154   59.22318313
        C  57.40156508   35.05654116   58.90598417
        C  57.00729110   35.08812077   60.42683465
        O  57.55741232   35.96932426   61.17206970
        O  56.10249893   34.27979061   60.82433134
        O  56.58917082   34.28099773   58.13800295
        C  57.21102477   33.26761482   57.20260967
        H  56.52398759   32.41705798   57.35228511
        C  58.60903915   32.90747262   57.57890446
        H  58.78888464   32.53504986   58.59132685
        C  59.67900393   33.12030973   56.77725549
        C  59.49899960   33.62940451   55.40832271
        H  60.38875684   33.75330938   54.78206936
        C  58.27268459   33.91097980   54.91701105
        H  58.13197616   34.23788063   53.87728234
        C  57.00685462   33.66186337   55.70576434
        H  56.39046117   34.58951251   55.69816071
        O  56.34070322   32.60452121   55.03408426
        H  55.59844096   32.32304419   55.59908322
        C  61.07756577   33.04838601   57.38711367
        O  61.30201530   32.20095378   58.28276003
        O  61.83967056   33.97330302   57.01148153
        C  67.06110000   31.21890000   45.40400000
        O  68.24492500   31.28067600   45.00746300
        O  66.34981600   30.19151700   45.43655900
        H  66.60312100   32.15475000   45.75676100
        C  60.94920000   22.42780000   52.26980000
        O  62.13302500   22.48957600   51.87326300
        O  60.23791600   21.40041700   52.30235900
        H  60.49122100   23.36365000   52.62256100
        C  60.29000000   45.74590000   60.12010000
        N  60.44057700   46.13112000   58.85604600
        H  60.13006000   46.79362200   59.55230000
        H  60.63674600   45.17608200   59.11971300
        N  59.88110100   46.61830400   61.03694900
        H  60.07727000   45.66326600   61.30061600
        H  59.99544900   46.91084000   60.07702800
        N  60.54832100   44.48827600   60.46730500
        H  60.66267000   44.78081100   59.50738400
        H  60.23780400   45.15077800   61.16355900
        C  65.94230000   32.41320000   65.05370000
        N  66.09287700   32.79842000   63.78964600
        H  65.78236000   33.46092200   64.48590000
        H  66.28904600   31.84338200   64.05331300
        N  65.53340100   33.28560400   65.97054900
        H  65.72957000   32.33056600   66.23421600
        H  65.64774900   33.57814000   65.01062800
        N  66.20062100   31.15557600   65.40090500
        H  66.31497000   31.44811100   64.44098400
        H  65.89010400   31.81807800   66.09715900
        C  60.36560000   26.37370000   64.44940000
        N  60.51617700   26.75892000   63.18534600
        H  60.20566000   27.42142200   63.88160000
        H  60.71234600   25.80388200   63.44901300
        N  59.95670100   27.24610400   65.36624900
        H  60.15287000   26.29106600   65.62991600
        H  60.07104900   27.53864000   64.40632800
        N  60.62392100   25.11607600   64.79660500
        H  60.73827000   25.40861100   63.83668400
        H  60.31340400   25.77857800   65.49285900
        C  54.33830000   23.34980000   51.27940000
        O  55.52212500   23.41157600   50.88286300
        O  53.62701600   22.32241700   51.31195900
        H  53.88032100   24.28565000   51.63216100
        C  54.36270000   35.33710000   66.60610000
        N  54.51327700   35.72232000   65.34204600
        H  54.20276000   36.38482200   66.03830000
        H  54.70944600   34.76728200   65.60571300
        N  53.95380100   36.20950400   67.52294900
        H  54.14997000   35.25446600   67.78661600
        H  54.06814900   36.50204000   66.56302800
        N  54.62102100   34.07947600   66.95330500
        H  54.73537000   34.37201100   65.99338400
        H  54.31050400   34.74197800   67.64955900
        C  50.32010000   31.37760000   63.34690000
        N  50.47067700   31.76282000   62.08284600
        H  50.16016000   32.42532200   62.77910000
        H  50.66684600   30.80778200   62.34651300
        N  49.91120100   32.25000400   64.26374900
        H  50.10737000   31.29496600   64.52741600
        H  50.02554900   32.54254000   63.30382800
        N  50.57842100   30.11997600   63.69410500
        H  50.69277000   30.41251100   62.73418400
        H  50.26790400   30.78247800   64.39035900
        C  48.15690000   38.37280000   60.57290000
        N  48.30747700   38.75802000   59.30884600
        H  47.99696000   39.42052200   60.00510000
        H  48.50364600   37.80298200   59.57251300
        N  47.74800100   39.24520400   61.48974900
        H  47.94417000   38.29016600   61.75341600
        H  47.86234900   39.53774000   60.52982800
        N  48.41522100   37.11517600   60.92010500
        H  48.52957000   37.40771100   59.96018400
        H  48.10470400   37.77767800   61.61635900
        C  56.26950000   32.15260000   44.03970000
        O  57.45332500   32.21437600   43.64316300
        O  55.55821600   31.12521700   44.07225900
        H  55.81152100   33.08845000   44.39246100

Note: printed only print_atoms_list (this is not necessarily all atoms) 
  ------------RUNNING QM/MM MODULE------------- 
QM Module: ORCATheory
MM Module: OpenMMTheory
Charge provided from QMMMTheory object:  -2
Mult provided from QMMMTheory object:  1
QM-region Charge: -2 Mult: 1
Embedding: Electrostatic
Number of pointcharges (to QM program): 76
Number of charge coordinates: 76
Running QM/MM object with 8 cores available

-------------------------------------------------------------------
Time to calculate step (before-QMstep): 0.000 seconds, 0.0 minutes.
-------------------------------------------------------------------
  ------------RUNNING ORCA INTERFACE------------- 
Object-label: ORCA
Run-label: None
Running ORCA with 8 cores available
Moreadfile option not active
A GBW-file with same basename : orca.gbw is present
Autostart is False. ORCA will ignore any file present
Creating inputfile: orca.inp
ORCA input:
! B3LYP D3BJ def2-SVP def2/J RIJCOSX CPCM TightSCF

! Noautostart

%cpcm epsilon 4.0 end
%scf MaxIter 300 Guess PModel end
Charge: -2  Mult: 1
Pointcharge embedding is on!
 ORCA Calculation starting. 
Found warning messages in ORCA outputfile:
WARNING: The chosen methods will break translational/rotational symmetry
 WARNING: The chosen methods will break translational symmetry
 WARNING: The chosen methods will break translational symmetry

 ORCA Calculation done. 
ORCA converged in 12 iterations
ORCA energy: -836.731156339839
  ------------ENDING ORCA-INTERFACE------------- 

---------------------------------------------------------------
Time to calculate step (ORCA run): 98.177 seconds, 1.6 minutes.
---------------------------------------------------------------

--------------------------------------------------------------
Time to calculate step (QM step): 98.177 seconds, 1.6 minutes.
--------------------------------------------------------------

----------------------------------------------------------------------
Time to calculate step (QMpcgrad prepare): 0.000 seconds, 0.0 minutes.
----------------------------------------------------------------------

--------------------------------------------------------------------------
Time to calculate step (linkatomgrad prepare): 0.000 seconds, 0.0 minutes.
--------------------------------------------------------------------------

----------------------------------------------------------------------------
Time to calculate step (QM/MM gradient prepare): 0.000 seconds, 0.0 minutes.
----------------------------------------------------------------------------
Using OpenMM theory as part of QM/MM.
Using MM on full system. Charges for QM region [0, 1, 2, 3, 4, 5, 6, 7, 8, 9, 10, 11, 12, 13, 14, 15, 16, 17, 18, 19, 20, 21, 22, 23] have been set to zero 

--------------------------------------------------------------------------------
                   Creating/updating OpenMM simulation object                   
--------------------------------------------------------------------------------

Integrator name: VerletIntegrator
Timestep: 0.001
Temperature: 300
Coupling frequency: 1
Properties: {'Threads': '1'}
Topology: <Topology; 1 chains, 1 residues, 100 atoms, 0 bonds>

----------------------------------------------------------------------------------
Time to calculate step (creating/updating simulation): 0.002 seconds, 0.0 minutes.
----------------------------------------------------------------------------------

--------------------------------------------------------------------------------
                     Running Single-point OpenMM Interface                      
--------------------------------------------------------------------------------

Number of OpenMM system constraints defined: 0

-----------------------------------------------------------------------------------
Time to calculate step (OpenMMTheory.run: const-check): 0.002 seconds, 0.0 minutes.
-----------------------------------------------------------------------------------
Updating coordinates.

------------------------------------------------------------------------
Time to calculate step (Creating pos array): 0.000 seconds, 0.0 minutes.
------------------------------------------------------------------------

---------------------------------------------------------------------------
Time to calculate step (Updating MM positions): 0.000 seconds, 0.0 minutes.
---------------------------------------------------------------------------
Calling OpenMM getState.

---------------------------------------------------------------------
Time to calculate step (OpenMM getState): 0.000 seconds, 0.0 minutes.
---------------------------------------------------------------------
OpenMM Energy: -3.501640707318656 Eh
OpenMM Energy: -2197.3127186074717 kcal/mol

-----------------------
Ending OpenMM interface
-----------------------

----------------------------------------------------------------
Time to calculate step (OpenMM run): 0.003 seconds, 0.0 minutes.
----------------------------------------------------------------

-------------------------------------------------------------
Time to calculate step (MM step): 0.004 seconds, 0.0 minutes.
-------------------------------------------------------------

Note: You are using electrostatic embedding. This means that the QM-energy is actually the polarized QM-energy
Note: MM energy also contains the QM-MM Lennard-Jones interaction

QM energy:              -836.731156339839 
MM energy:                -3.501640707319
QM/MM energy:           -840.232797047158 

  ------------ENDING QM/MM MODULE------------- 

----------------------------------------------------------------
Time to calculate step (QM/MM run): 98.181 seconds, 1.6 minutes.
----------------------------------------------------------------
geometric called save_guess_files option option for ASHengineclass.
This option is currently unsupported in ASH. Continuing.

Convergence criteria: {'convergence_energy': 1e-05, 'convergence_grms': 0.003, 'convergence_gmax': 0.006, 'convergence_drms': 0.01, 'convergence_dmax': 0.015, 'convergence_cmax': 0.01}

Replacing coordinates in fragment.
Creating/Updating fragment attributes...
Number of Atoms in fragment: 100
Formula: H48C20N18O14
Label: CHHCCOOOCHCHCCHCHCHOHCOOCOOHCOOHCNHHNHHNHHCNHHNHHNHHCNHHNHHNHHCOOHCNHHNHHNHHCNHHNHHNHHCNHHNHHNHHCOOH
Charge: -2 Mult: 1

--------------------------------------------------------------------------------
Wrote XYZ file:  Fragment-currentgeo.xyz
Current geometry (Å) in step 17 (print_atoms_list region)
---------------------------------------------------
        C  58.20894124   35.89447130   58.65238805
        H  58.37166042   36.04383586   57.62750162
        H  58.90394271   36.31920108   59.35255562
        C  57.22388107   35.08943396   59.08215325
        C  56.85988782   34.94129106   60.59653160
        O  57.39460372   35.81902888   61.33363570
        O  56.00120084   34.07668736   60.95861954
        O  56.49444076   34.33639624   58.19471971
        C  57.17751816   33.31550262   57.33123428
        H  56.52097508   32.43932988   57.47361243
        C  58.57005384   33.01526685   57.79604690
        H  58.69537873   32.63733575   58.82237124
        C  59.67757910   33.23931738   57.04479556
        C  59.54546570   33.70157656   55.65206266
        H  60.45908591   33.80106309   55.05380247
        C  58.33303192   33.94181027   55.09340180
        H  58.23630246   34.23636410   54.03714886
        C  57.03510055   33.69651184   55.83185974
        H  56.42040747   34.62706507   55.79932143
        O  56.38155272   32.63926516   55.13974693
        H  55.56859847   32.43979676   55.64726842
        C  61.05288286   33.14626076   57.69952197
        O  61.22555699   32.23571754   58.56267910
        O  61.84419123   34.06549087   57.35792390
        C  67.06110000   31.21890000   45.40400000
        O  68.24492500   31.28067600   45.00746300
        O  66.34981600   30.19151700   45.43655900
        H  66.60312100   32.15475000   45.75676100
        C  60.94920000   22.42780000   52.26980000
        O  62.13302500   22.48957600   51.87326300
        O  60.23791600   21.40041700   52.30235900
        H  60.49122100   23.36365000   52.62256100
        C  60.29000000   45.74590000   60.12010000
        N  60.44057700   46.13112000   58.85604600
        H  60.13006000   46.79362200   59.55230000
        H  60.63674600   45.17608200   59.11971300
        N  59.88110100   46.61830400   61.03694900
        H  60.07727000   45.66326600   61.30061600
        H  59.99544900   46.91084000   60.07702800
        N  60.54832100   44.48827600   60.46730500
        H  60.66267000   44.78081100   59.50738400
        H  60.23780400   45.15077800   61.16355900
        C  65.94230000   32.41320000   65.05370000
        N  66.09287700   32.79842000   63.78964600
        H  65.78236000   33.46092200   64.48590000
        H  66.28904600   31.84338200   64.05331300
        N  65.53340100   33.28560400   65.97054900
        H  65.72957000   32.33056600   66.23421600
        H  65.64774900   33.57814000   65.01062800
        N  66.20062100   31.15557600   65.40090500
        H  66.31497000   31.44811100   64.44098400
        H  65.89010400   31.81807800   66.09715900
        C  60.36560000   26.37370000   64.44940000
        N  60.51617700   26.75892000   63.18534600
        H  60.20566000   27.42142200   63.88160000
        H  60.71234600   25.80388200   63.44901300
        N  59.95670100   27.24610400   65.36624900
        H  60.15287000   26.29106600   65.62991600
        H  60.07104900   27.53864000   64.40632800
        N  60.62392100   25.11607600   64.79660500
        H  60.73827000   25.40861100   63.83668400
        H  60.31340400   25.77857800   65.49285900
        C  54.33830000   23.34980000   51.27940000
        O  55.52212500   23.41157600   50.88286300
        O  53.62701600   22.32241700   51.31195900
        H  53.88032100   24.28565000   51.63216100
        C  54.36270000   35.33710000   66.60610000
        N  54.51327700   35.72232000   65.34204600
        H  54.20276000   36.38482200   66.03830000Step   20 : Displace = [0m1.621e-01[0m/[0m6.417e-01[0m (rms/max) Trust = 1.638e-01 ([92m+[0m) Grad_T = [0m1.132e-02[0m/[0m6.359e-02[0m (rms/max) E (change) = -840.2426791872 ([91m+5.585e-04[0m) Quality = [91m-0.045[0m
Hessian Eigenvalues: 8.74895e-04 1.01531e-02 2.20109e-02 ... 6.06078e-01 6.45272e-01 9.65400e-01
Step   21 : Displace = [0m8.423e-02[0m/[0m3.032e-01[0m (rms/max) Trust = 8.106e-02 ([91m-[0m) Grad_T = [0m1.933e-02[0m/[0m9.348e-02[0m (rms/max) E (change) = -840.2304801712 ([91m+1.220e-02[0m) Quality = [91m-0.398[0m
Hessian Eigenvalues: 8.84363e-04 1.51298e-02 2.20317e-02 ... 6.06261e-01 6.36208e-01 1.19199e+00
Step   22 : Displace = [0m3.976e-02[0m/[0m1.629e-01[0m (rms/max) Trust = 4.053e-02 ([91m-[0m) Grad_T = [0m1.331e-02[0m/[0m7.993e-02[0m (rms/max) E (change) = -840.2601121077 ([0m-2.963e-02[0m) Quality = [0m0.699[0m
Hessian Eigenvalues: 8.84825e-04 1.69735e-02 2.20394e-02 ... 6.12907e-01 6.48622e-01 8.71589e-01
Step   23 : Displace = [0m3.477e-02[0m/[0m1.665e-01[0m (rms/max) Trust = 4.053e-02 (=) Grad_T = [0m1.506e-02[0m/[0m8.893e-02[0m (rms/max) E (change) = -840.2591502280 ([91m+9.619e-04[0m) Quality = [91m-0.043[0m
Hessian Eigenvalues: 8.78789e-04 1.68609e-02 2.19989e-02 ... 6.12022e-01 6.50219e-01 1.51281e+00
Step   24 : Displace = [0m1.762e-02[0m/[0m1.206e-01[0m (rms/max) Trust = 1.738e-02 ([91m-[0m) Grad_T = [0m3.614e-03[0m/[0m1.951e-02[0m (rms/max) E (change) = -840.2749626394 ([0m-1.581e-02[0m) Quality = [0m0.898[0m
Hessian Eigenvalues: 8.76497e-04 1.72259e-02 2.20503e-02 ... 6.11598e-01 6.47779e-01 1.50290e+00
Step   25 : Displace = [0m2.385e-02[0m/[0m9.660e-02[0m (rms/max) Trust = 2.458e-02 ([92m+[0m) Grad_T = [0m4.169e-03[0m/[0m1.959e-02[0m (rms/max) E (change) = -840.2783102273 ([0m-3.348e-03[0m) Quality = [0m0.709[0m
Hessian Eigenvalues: 7.50303e-04 1.74232e-02 2.13787e-02 ... 6.40038e-01 6.46202e-01 1.52740e+00
Step   26 : Displace = [0m2.399e-02[0m/[0m7.630e-02[0m (rms/max) Trust = 2.458e-02 (=) Grad_T = [92m2.432e-03[0m/[0m1.177e-02[0m (rms/max) E (change) = -840.2826803735 ([0m-4.370e-03[0m) Quality = [0m1.171[0m
Hessian Eigenvalues: 6.21143e-04 1.49425e-02 1.88831e-02 ... 6.32398e-01 6.62785e-01 1.68719e+00
Step   27 : Displace = [0m3.410e-02[0m/[0m1.221e-01[0m (rms/max) Trust = 3.477e-02 ([92m+[0m) Grad_T = [92m2.156e-03[0m/[0m1.297e-02[0m (rms/max) E (change) = -840.2881256782 ([0m-5.445e-03[0m) Quality = [0m1.059[0m
Hessian Eigenvalues: 4.18210e-04 1.12513e-02 1.86481e-02 ... 6.36898e-01 7.12363e-01 1.68025e+00
Step   28 : Displace = [0m4.832e-02[0m/[0m1.651e-01[0m (rms/max) Trust = 4.917e-02 ([92m+[0m) Grad_T = [92m2.614e-03[0m/[0m1.215e-02[0m (rms/max) E (change) = -840.2949699768 ([0m-6.844e-03[0m) Quality = [0m1.048[0m
Hessian Eigenvalues: 2.58851e-04 7.08608e-03 1.84611e-02 ... 6.40867e-01 6.95558e-01 1.67997e+00
Step   29 : Displace = [0m6.931e-02[0m/[0m2.344e-01[0m (rms/max) Trust = 6.954e-02 ([92m+[0m) Grad_T = [92m2.487e-03[0m/[0m1.012e-02[0m (rms/max) E (change) = -840.3049010990 ([0m-9.931e-03[0m) Quality = [0m1.033[0m
Hessian Eigenvalues: 2.06290e-04 4.87536e-03 1.93658e-02 ... 6.44801e-01 6.77591e-01 1.63243e+00

        H  54.70944600   34.76728200   65.60571300
        N  53.95380100   36.20950400   67.52294900
        H  54.14997000   35.25446600   67.78661600
        H  54.06814900   36.50204000   66.56302800
        N  54.62102100   34.07947600   66.95330500
        H  54.73537000   34.37201100   65.99338400
        H  54.31050400   34.74197800   67.64955900
        C  50.32010000   31.37760000   63.34690000
        N  50.47067700   31.76282000   62.08284600
        H  50.16016000   32.42532200   62.77910000
        H  50.66684600   30.80778200   62.34651300
        N  49.91120100   32.25000400   64.26374900
        H  50.10737000   31.29496600   64.52741600
        H  50.02554900   32.54254000   63.30382800
        N  50.57842100   30.11997600   63.69410500
        H  50.69277000   30.41251100   62.73418400
        H  50.26790400   30.78247800   64.39035900
        C  48.15690000   38.37280000   60.57290000
        N  48.30747700   38.75802000   59.30884600
        H  47.99696000   39.42052200   60.00510000
        H  48.50364600   37.80298200   59.57251300
        N  47.74800100   39.24520400   61.48974900
        H  47.94417000   38.29016600   61.75341600
        H  47.86234900   39.53774000   60.52982800
        N  48.41522100   37.11517600   60.92010500
        H  48.52957000   37.40771100   59.96018400
        H  48.10470400   37.77767800   61.61635900
        C  56.26950000   32.15260000   44.03970000
        O  57.45332500   32.21437600   43.64316300
        O  55.55821600   31.12521700   44.07225900
        H  55.81152100   33.08845000   44.39246100

Note: printed only print_atoms_list (this is not necessarily all atoms) 
  ------------RUNNING QM/MM MODULE------------- 
QM Module: ORCATheory
MM Module: OpenMMTheory
Charge provided from QMMMTheory object:  -2
Mult provided from QMMMTheory object:  1
QM-region Charge: -2 Mult: 1
Embedding: Electrostatic
Number of pointcharges (to QM program): 76
Number of charge coordinates: 76
Running QM/MM object with 8 cores available

-------------------------------------------------------------------
Time to calculate step (before-QMstep): 0.000 seconds, 0.0 minutes.
-------------------------------------------------------------------
  ------------RUNNING ORCA INTERFACE------------- 
Object-label: ORCA
Run-label: None
Running ORCA with 8 cores available
Moreadfile option not active
A GBW-file with same basename : orca.gbw is present
Autostart is False. ORCA will ignore any file present
Creating inputfile: orca.inp
ORCA input:
! B3LYP D3BJ def2-SVP def2/J RIJCOSX CPCM TightSCF

! Noautostart

%cpcm epsilon 4.0 end
%scf MaxIter 300 Guess PModel end
Charge: -2  Mult: 1
Pointcharge embedding is on!
 ORCA Calculation starting. 
Found warning messages in ORCA outputfile:
WARNING: The chosen methods will break translational/rotational symmetry
 WARNING: The chosen methods will break translational symmetry
 WARNING: The chosen methods will break translational symmetry

 ORCA Calculation done. 
ORCA converged in 12 iterations
ORCA energy: -836.741511074344
  ------------ENDING ORCA-INTERFACE------------- 

----------------------------------------------------------------
Time to calculate step (ORCA run): 102.332 seconds, 1.7 minutes.
----------------------------------------------------------------

---------------------------------------------------------------
Time to calculate step (QM step): 102.332 seconds, 1.7 minutes.
---------------------------------------------------------------

----------------------------------------------------------------------
Time to calculate step (QMpcgrad prepare): 0.000 seconds, 0.0 minutes.
----------------------------------------------------------------------

--------------------------------------------------------------------------
Time to calculate step (linkatomgrad prepare): 0.000 seconds, 0.0 minutes.
--------------------------------------------------------------------------

----------------------------------------------------------------------------
Time to calculate step (QM/MM gradient prepare): 0.000 seconds, 0.0 minutes.
----------------------------------------------------------------------------
Using OpenMM theory as part of QM/MM.
Using MM on full system. Charges for QM region [0, 1, 2, 3, 4, 5, 6, 7, 8, 9, 10, 11, 12, 13, 14, 15, 16, 17, 18, 19, 20, 21, 22, 23] have been set to zero 

--------------------------------------------------------------------------------
                   Creating/updating OpenMM simulation object                   
--------------------------------------------------------------------------------

Integrator name: VerletIntegrator
Timestep: 0.001
Temperature: 300
Coupling frequency: 1
Properties: {'Threads': '1'}
Topology: <Topology; 1 chains, 1 residues, 100 atoms, 0 bonds>

----------------------------------------------------------------------------------
Time to calculate step (creating/updating simulation): 0.002 seconds, 0.0 minutes.
----------------------------------------------------------------------------------

--------------------------------------------------------------------------------
                     Running Single-point OpenMM Interface                      
--------------------------------------------------------------------------------

Number of OpenMM system constraints defined: 0

-----------------------------------------------------------------------------------
Time to calculate step (OpenMMTheory.run: const-check): 0.002 seconds, 0.0 minutes.
-----------------------------------------------------------------------------------
Updating coordinates.

------------------------------------------------------------------------
Time to calculate step (Creating pos array): 0.000 seconds, 0.0 minutes.
------------------------------------------------------------------------

---------------------------------------------------------------------------
Time to calculate step (Updating MM positions): 0.000 seconds, 0.0 minutes.
---------------------------------------------------------------------------
Calling OpenMM getState.

---------------------------------------------------------------------
Time to calculate step (OpenMM getState): 0.000 seconds, 0.0 minutes.
---------------------------------------------------------------------
OpenMM Energy: -3.5017265785467013 Eh
OpenMM Energy: -2197.366603616619 kcal/mol

-----------------------
Ending OpenMM interface
-----------------------

----------------------------------------------------------------
Time to calculate step (OpenMM run): 0.004 seconds, 0.0 minutes.
----------------------------------------------------------------

-------------------------------------------------------------
Time to calculate step (MM step): 0.004 seconds, 0.0 minutes.
-------------------------------------------------------------

Note: You are using electrostatic embedding. This means that the QM-energy is actually the polarized QM-energy
Note: MM energy also contains the QM-MM Lennard-Jones interaction

QM energy:              -836.741511074344 
MM energy:                -3.501726578547
QM/MM energy:           -840.243237652891 

  ------------ENDING QM/MM MODULE------------- 

-----------------------------------------------------------------
Time to calculate step (QM/MM run): 102.337 seconds, 1.7 minutes.
-----------------------------------------------------------------
geometric called save_guess_files option option for ASHengineclass.
This option is currently unsupported in ASH. Continuing.
geometric called clearCalcs option for ASHengineclass.
This option is currently unsupported in ASH. Continuing.

Convergence criteria: {'convergence_energy': 1e-05, 'convergence_grms': 0.003, 'convergence_gmax': 0.006, 'convergence_drms': 0.01, 'convergence_dmax': 0.015, 'convergence_cmax': 0.01}

Replacing coordinates in fragment.
Creating/Updating fragment attributes...
Number of Atoms in fragment: 100
Formula: H48C20N18O14
Label: CHHCCOOOCHCHCCHCHCHOHCOOCOOHCOOHCNHHNHHNHHCNHHNHHNHHCNHHNHHNHHCOOHCNHHNHHNHHCNHHNHHNHHCNHHNHHNHHCOOH
Charge: -2 Mult: 1

--------------------------------------------------------------------------------
Wrote XYZ file:  Fragment-currentgeo.xyz
Current geometry (Å) in step 18 (print_atoms_list region)
---------------------------------------------------
        C  57.90786612   36.01260572   58.98406316
        H  57.90804711   36.47277937   57.90394610
        H  58.68185550   36.38330312   59.59685993
        C  56.99339568   35.05669290   59.39295405
        C  56.65555454   34.77000910   60.85183824
        O  57.18306247   35.57084729   61.66808190
        O  55.89537017   33.82246980   61.19129574
        O  56.39051129   34.40531146   58.30047570
        C  57.12610636   33.39769343   57.51028912
        H  56.49976850   32.49210407   57.63739288
        C  58.49383350   33.16834772   58.09252014
        H  58.56262568   32.79464377   59.12634513
        C  59.65219741   33.38413936   57.40066167
        C  59.59694276   33.78511630   55.97614687
        H  60.54423123   33.86876860   55.42819170
        C  58.41635209   33.97225048   55.33707600
        H  58.38212890   34.22336164   54.26530431
        C  57.07464466   33.74871678   56.00313163
        H  56.47113302   34.68451984   55.92160051
        O  56.43260001   32.69386737   55.28980382
        H  55.54374575   32.57530170   55.69798818
        C  61.00332662   33.28571848   58.14830162
        O  61.14606585   32.35265551   58.98536354
        O  61.82782561   34.17394131   57.84836983
        C  67.06110000   31.21890000   45.40400000
        O  68.24492500   31.28067600   45.00746300
        O  66.34981600   30.19151700   45.43655900
        H  66.60312100   32.15475000   45.75676100
        C  60.94920000   22.42780000   52.26980000
        O  62.13302500   22.48957600   51.87326300
        O  60.23791600   21.40041700   52.30235900
        H  60.49122100   23.36365000   52.62256100
        C  60.29000000   45.74590000   60.12010000
        N  60.44057700   46.13112000   58.85604600
        H  60.13006000   46.79362200   59.55230000
        H  60.63674600   45.17608200   59.11971300
        N  59.88110100   46.61830400   61.03694900
        H  60.07727000   45.66326600   61.30061600
        H  59.99544900   46.91084000   60.07702800
        N  60.54832100   44.48827600   60.46730500
        H  60.66267000   44.78081100   59.50738400
        H  60.23780400   45.15077800   61.16355900
        C  65.94230000   32.41320000   65.05370000
        N  66.09287700   32.79842000   63.78964600
        H  65.78236000   33.46092200   64.48590000
        H  66.28904600   31.84338200   64.05331300
        N  65.53340100   33.28560400   65.97054900
        H  65.72957000   32.33056600   66.23421600
        H  65.64774900   33.57814000   65.01062800
        N  66.20062100   31.15557600   65.40090500
        H  66.31497000   31.44811100   64.44098400
        H  65.89010400   31.81807800   66.09715900
        C  60.36560000   26.37370000   64.44940000
        N  60.51617700   26.75892000   63.18534600
        H  60.20566000   27.42142200   63.88160000
        H  60.71234600   25.80388200   63.44901300
        N  59.95670100   27.24610400   65.36624900
        H  60.15287000   26.29106600   65.62991600
        H  60.07104900   27.53864000   64.40632800
        N  60.62392100   25.11607600   64.79660500
        H  60.73827000   25.40861100   63.83668400
        H  60.31340400   25.77857800   65.49285900
        C  54.33830000   23.34980000   51.27940000
        O  55.52212500   23.41157600   50.88286300
        O  53.62701600   22.32241700   51.31195900
        H  53.88032100   24.28565000   51.63216100
        C  54.36270000   35.33710000   66.60610000
        N  54.51327700   35.72232000   65.34204600
        H  54.20276000   36.38482200   66.03830000
        H  54.70944600   34.76728200   65.60571300
        N  53.95380100   36.20950400   67.52294900
        H  54.14997000   35.25446600   67.78661600
        H  54.06814900   36.50204000   66.56302800
        N  54.62102100   34.07947600   66.95330500
        H  54.73537000   34.37201100   65.99338400
        H  54.31050400   34.74197800   67.64955900
        C  50.32010000   31.37760000   63.34690000
        N  50.47067700   31.76282000   62.08284600
        H  50.16016000   32.42532200   62.77910000
        H  50.66684600   30.80778200   62.34651300
        N  49.91120100   32.25000400   64.26374900
        H  50.10737000   31.29496600   64.52741600
        H  50.02554900   32.54254000   63.30382800
        N  50.57842100   30.11997600   63.69410500
        H  50.69277000   30.41251100   62.73418400
        H  50.26790400   30.78247800   64.39035900
        C  48.15690000   38.37280000   60.57290000
        N  48.30747700   38.75802000   59.30884600
        H  47.99696000   39.42052200   60.00510000
        H  48.50364600   37.80298200   59.57251300
        N  47.74800100   39.24520400   61.48974900
        H  47.94417000   38.29016600   61.75341600
        H  47.86234900   39.53774000   60.52982800
        N  48.41522100   37.11517600   60.92010500
        H  48.52957000   37.40771100   59.96018400
        H  48.10470400   37.77767800   61.61635900
        C  56.26950000   32.15260000   44.03970000
        O  57.45332500   32.21437600   43.64316300
        O  55.55821600   31.12521700   44.07225900
        H  55.81152100   33.08845000   44.39246100

Note: printed only print_atoms_list (this is not necessarily all atoms) 
  ------------RUNNING QM/MM MODULE------------- 
QM Module: ORCATheory
MM Module: OpenMMTheory
Charge provided from QMMMTheory object:  -2
Mult provided from QMMMTheory object:  1
QM-region Charge: -2 Mult: 1
Embedding: Electrostatic
Number of pointcharges (to QM program): 76
Number of charge coordinates: 76
Running QM/MM object with 8 cores available

-------------------------------------------------------------------
Time to calculate step (before-QMstep): 0.000 seconds, 0.0 minutes.
-------------------------------------------------------------------
  ------------RUNNING ORCA INTERFACE------------- 
Object-label: ORCA
Run-label: None
Running ORCA with 8 cores available
Moreadfile option not active
A GBW-file with same basename : orca.gbw is present
Autostart is False. ORCA will ignore any file present
Creating inputfile: orca.inp
ORCA input:
! B3LYP D3BJ def2-SVP def2/J RIJCOSX CPCM TightSCF

! Noautostart

%cpcm epsilon 4.0 end
%scf MaxIter 300 Guess PModel end
Charge: -2  Mult: 1
Pointcharge embedding is on!
 ORCA Calculation starting. 
Found warning messages in ORCA outputfile:
WARNING: The chosen methods will break translational/rotational symmetry
 WARNING: The chosen methods will break translational symmetry
 WARNING: The chosen methods will break translational symmetry
 Warning: op=0 Small HOMO/LUMO gap (   0.086) - skipping pre-diagonalization

 ORCA Calculation done. 
ORCA converged in 16 iterations
ORCA energy: -836.740780749897
  ------------ENDING ORCA-INTERFACE------------- 

----------------------------------------------------------------
Time to calculate step (ORCA run): 109.737 seconds, 1.8 minutes.
----------------------------------------------------------------

---------------------------------------------------------------
Time to calculate step (QM step): 109.738 seconds, 1.8 minutes.
---------------------------------------------------------------

----------------------------------------------------------------------
Time to calculate step (QMpcgrad prepare): 0.000 seconds, 0.0 minutes.
----------------------------------------------------------------------

--------------------------------------------------------------------------
Time to calculate step (linkatomgrad prepare): 0.000 seconds, 0.0 minutes.
--------------------------------------------------------------------------

----------------------------------------------------------------------------
Time to calculate step (QM/MM gradient prepare): 0.000 seconds, 0.0 minutes.
----------------------------------------------------------------------------
Using OpenMM theory as part of QM/MM.
Using MM on full system. Charges for QM region [0, 1, 2, 3, 4, 5, 6, 7, 8, 9, 10, 11, 12, 13, 14, 15, 16, 17, 18, 19, 20, 21, 22, 23] have been set to zero 

--------------------------------------------------------------------------------
                   Creating/updating OpenMM simulation object                   
--------------------------------------------------------------------------------

Integrator name: VerletIntegrator
Timestep: 0.001
Temperature: 300
Coupling frequency: 1
Properties: {'Threads': '1'}
Topology: <Topology; 1 chains, 1 residues, 100 atoms, 0 bonds>

----------------------------------------------------------------------------------
Time to calculate step (creating/updating simulation): 0.002 seconds, 0.0 minutes.
----------------------------------------------------------------------------------

--------------------------------------------------------------------------------
                     Running Single-point OpenMM Interface                      
--------------------------------------------------------------------------------

Number of OpenMM system constraints defined: 0

-----------------------------------------------------------------------------------
Time to calculate step (OpenMMTheory.run: const-check): 0.002 seconds, 0.0 minutes.
-----------------------------------------------------------------------------------
Updating coordinates.

------------------------------------------------------------------------
Time to calculate step (Creating pos array): 0.000 seconds, 0.0 minutes.
------------------------------------------------------------------------

---------------------------------------------------------------------------
Time to calculate step (Updating MM positions): 0.000 seconds, 0.0 minutes.
---------------------------------------------------------------------------
Calling OpenMM getState.

---------------------------------------------------------------------
Time to calculate step (OpenMM getState): 0.000 seconds, 0.0 minutes.
---------------------------------------------------------------------
OpenMM Energy: -3.501898437344315 Eh
OpenMM Energy: -2197.474446640323 kcal/mol

-----------------------
Ending OpenMM interface
-----------------------

----------------------------------------------------------------
Time to calculate step (OpenMM run): 0.004 seconds, 0.0 minutes.
----------------------------------------------------------------

-------------------------------------------------------------
Time to calculate step (MM step): 0.004 seconds, 0.0 minutes.
-------------------------------------------------------------

Note: You are using electrostatic embedding. This means that the QM-energy is actually the polarized QM-energy
Note: MM energy also contains the QM-MM Lennard-Jones interaction

QM energy:              -836.740780749897 
MM energy:                -3.501898437344
QM/MM energy:           -840.242679187241 

  ------------ENDING QM/MM MODULE------------- 

-----------------------------------------------------------------
Time to calculate step (QM/MM run): 109.742 seconds, 1.8 minutes.
-----------------------------------------------------------------
geometric called save_guess_files option option for ASHengineclass.
This option is currently unsupported in ASH. Continuing.

Convergence criteria: {'convergence_energy': 1e-05, 'convergence_grms': 0.003, 'convergence_gmax': 0.006, 'convergence_drms': 0.01, 'convergence_dmax': 0.015, 'convergence_cmax': 0.01}

Replacing coordinates in fragment.
Creating/Updating fragment attributes...
Number of Atoms in fragment: 100
Formula: H48C20N18O14
Label: CHHCCOOOCHCHCCHCHCHOHCOOCOOHCOOHCNHHNHHNHHCNHHNHHNHHCNHHNHHNHHCOOHCNHHNHHNHHCNHHNHHNHHCNHHNHHNHHCOOH
Charge: -2 Mult: 1

--------------------------------------------------------------------------------
Wrote XYZ file:  Fragment-currentgeo.xyz
Current geometry (Å) in step 19 (print_atoms_list region)
---------------------------------------------------
        C  57.83010855   35.95429283   59.07420061
        H  57.80721295   36.38528215   58.00637016
        H  58.49188260   36.39176919   59.86920732
        C  56.93260381   35.04717785   59.33860163
        C  56.55571077   34.86284889   60.73591580
        O  57.07268795   35.49051946   61.72968158
        O  55.85209275   33.86134338   61.00539419
        O  56.20923668   34.38193705   58.49360490
        C  57.11272709   33.37611867   57.67928599
        H  56.55926139   32.44252540   57.80283070
        C  58.46617504   33.20315098   58.19759096
        H  58.51637547   32.74613729   59.17450606
        C  59.61759107   33.44311527   57.54307644
        C  59.59102734   33.84417434   56.14255072
        H  60.52725817   33.92575235   55.60069364
        C  58.43463451   34.01642937   55.52977051
        H  58.42387063   34.26470315   54.47458324
        C  57.08463106   33.76026062   56.16385750
        H  56.47412532   34.66856137   56.09197087
        O  56.47824873   32.73356113   55.37423446
        H  55.51806972   32.66329524   55.62640678
        C  60.97296478   33.32882502   58.33562558
        O  61.10655348   32.46348148   59.21064602
        O  61.83691095   34.12397953   58.00333491
        C  67.06110000   31.21890000   45.40400000
        O  68.24492500   31.28067600   45.00746300
        O  66.34981600   30.19151700   45.43655900
        H  66.60312100   32.15475000   45.75676100
        C  60.94920000   22.42780000   52.26980000
        O  62.13302500   22.48957600   51.87326300
        O  60.23791600   21.40041700   52.30235900
        H  60.49122100   23.36365000   52.62256100
        C  60.29000000   45.74590000   60.12010000
        N  60.44057700   46.13112000   58.85604600
        H  60.13006000   46.79362200   59.55230000
        H  60.63674600   45.17608200   59.11971300
        N  59.88110100   46.61830400   61.03694900
        H  60.07727000   45.66326600   61.30061600
        H  59.99544900   46.91084000   60.07702800
        N  60.54832100   44.48827600   60.46730500
        H  60.66267000   44.78081100   59.50738400
        H  60.23780400   45.15077800   61.16355900
        C  65.94230000   32.41320000   65.05370000
        N  66.09287700   32.79842000   63.78964600
        H  65.78236000   33.46092200   64.48590000
        H  66.28904600   31.84338200   64.05331300
        N  65.53340100   33.28560400   65.97054900
        H  65.72957000   32.33056600   66.23421600
        H  65.64774900   33.57814000   65.01062800
        N  66.20062100   31.15557600   65.40090500
        H  66.31497000   31.44811100   64.44098400
        H  65.89010400   31.81807800   66.09715900
        C  60.36560000   26.37370000   64.44940000
        N  60.51617700   26.75892000   63.18534600
        H  60.20566000   27.42142200   63.88160000
        H  60.71234600   25.80388200   63.44901300
        N  59.95670100   27.24610400   65.36624900
        H  60.15287000   26.29106600   65.62991600
        H  60.07104900   27.53864000   64.40632800
        N  60.62392100   25.11607600   64.79660500
        H  60.73827000   25.40861100   63.83668400
        H  60.31340400   25.77857800   65.49285900
        C  54.33830000   23.34980000   51.27940000
        O  55.52212500   23.41157600   50.88286300
        O  53.62701600   22.32241700   51.31195900
        H  53.88032100   24.28565000   51.63216100
        C  54.36270000   35.33710000   66.60610000
        N  54.51327700   35.72232000   65.34204600
        H  54.20276000   36.38482200   66.03830000
        H  54.70944600   34.76728200   65.60571300
        N  53.95380100   36.20950400   67.52294900
        H  54.14997000   35.25446600   67.78661600
        H  54.06814900   36.50204000   66.56302800
        N  54.62102100   34.07947600   66.95330500
        H  54.73537000   34.37201100   65.99338400
        H  54.31050400   34.74197800   67.64955900
        C  50.32010000   31.37760000   63.34690000
        N  50.47067700   31.76282000   62.08284600
        H  50.16016000   32.42532200   62.77910000
        H  50.66684600   30.80778200   62.34651300
        N  49.91120100   32.25000400   64.26374900
        H  50.10737000   31.29496600   64.52741600
        H  50.02554900   32.54254000   63.30382800
        N  50.57842100   30.11997600   63.69410500
        H  50.69277000   30.41251100   62.73418400
        H  50.26790400   30.78247800   64.39035900
        C  48.15690000   38.37280000   60.57290000
        N  48.30747700   38.75802000   59.30884600
        H  47.99696000   39.42052200   60.00510000
        H  48.50364600   37.80298200   59.57251300
        N  47.74800100   39.24520400   61.48974900
        H  47.94417000   38.29016600   61.75341600
        H  47.86234900   39.53774000   60.52982800
        N  48.41522100   37.11517600   60.92010500
        H  48.52957000   37.40771100   59.96018400
        H  48.10470400   37.77767800   61.61635900
        C  56.26950000   32.15260000   44.03970000
        O  57.45332500   32.21437600   43.64316300
        O  55.55821600   31.12521700   44.07225900
        H  55.81152100   33.08845000   44.39246100

Note: printed only print_atoms_list (this is not necessarily all atoms) 
  ------------RUNNING QM/MM MODULE------------- 
QM Module: ORCATheory
MM Module: OpenMMTheory
Charge provided from QMMMTheory object:  -2
Mult provided from QMMMTheory object:  1
QM-region Charge: -2 Mult: 1
Embedding: Electrostatic
Number of pointcharges (to QM program): 76
Number of charge coordinates: 76
Running QM/MM object with 8 cores available

-------------------------------------------------------------------
Time to calculate step (before-QMstep): 0.000 seconds, 0.0 minutes.
-------------------------------------------------------------------
  ------------RUNNING ORCA INTERFACE------------- 
Object-label: ORCA
Run-label: None
Running ORCA with 8 cores available
Moreadfile option not active
A GBW-file with same basename : orca.gbw is present
Autostart is False. ORCA will ignore any file present
Creating inputfile: orca.inp
ORCA input:
! B3LYP D3BJ def2-SVP def2/J RIJCOSX CPCM TightSCF

! Noautostart

%cpcm epsilon 4.0 end
%scf MaxIter 300 Guess PModel end
Charge: -2  Mult: 1
Pointcharge embedding is on!
 ORCA Calculation starting. 
Found warning messages in ORCA outputfile:
WARNING: The chosen methods will break translational/rotational symmetry
 WARNING: The chosen methods will break translational symmetry
 WARNING: The chosen methods will break translational symmetry

 ORCA Calculation done. 
ORCA converged in 15 iterations
ORCA energy: -836.728565448696
  ------------ENDING ORCA-INTERFACE------------- 

----------------------------------------------------------------
Time to calculate step (ORCA run): 110.233 seconds, 1.8 minutes.
----------------------------------------------------------------

---------------------------------------------------------------
Time to calculate step (QM step): 110.233 seconds, 1.8 minutes.
---------------------------------------------------------------

----------------------------------------------------------------------
Time to calculate step (QMpcgrad prepare): 0.000 seconds, 0.0 minutes.
----------------------------------------------------------------------

--------------------------------------------------------------------------
Time to calculate step (linkatomgrad prepare): 0.000 seconds, 0.0 minutes.
--------------------------------------------------------------------------

----------------------------------------------------------------------------
Time to calculate step (QM/MM gradient prepare): 0.000 seconds, 0.0 minutes.
----------------------------------------------------------------------------
Using OpenMM theory as part of QM/MM.
Using MM on full system. Charges for QM region [0, 1, 2, 3, 4, 5, 6, 7, 8, 9, 10, 11, 12, 13, 14, 15, 16, 17, 18, 19, 20, 21, 22, 23] have been set to zero 

--------------------------------------------------------------------------------
                   Creating/updating OpenMM simulation object                   
--------------------------------------------------------------------------------

Integrator name: VerletIntegrator
Timestep: 0.001
Temperature: 300
Coupling frequency: 1
Properties: {'Threads': '1'}
Topology: <Topology; 1 chains, 1 residues, 100 atoms, 0 bonds>

----------------------------------------------------------------------------------
Time to calculate step (creating/updating simulation): 0.002 seconds, 0.0 minutes.
----------------------------------------------------------------------------------

--------------------------------------------------------------------------------
                     Running Single-point OpenMM Interface                      
--------------------------------------------------------------------------------

Number of OpenMM system constraints defined: 0

-----------------------------------------------------------------------------------
Time to calculate step (OpenMMTheory.run: const-check): 0.002 seconds, 0.0 minutes.
-----------------------------------------------------------------------------------
Updating coordinates.

------------------------------------------------------------------------
Time to calculate step (Creating pos array): 0.000 seconds, 0.0 minutes.
------------------------------------------------------------------------

---------------------------------------------------------------------------
Time to calculate step (Updating MM positions): 0.000 seconds, 0.0 minutes.
---------------------------------------------------------------------------
Calling OpenMM getState.

---------------------------------------------------------------------
Time to calculate step (OpenMM getState): 0.000 seconds, 0.0 minutes.
---------------------------------------------------------------------
OpenMM Energy: -3.5019147224667306 Eh
OpenMM Energy: -2197.484665708925 kcal/mol

-----------------------
Ending OpenMM interface
-----------------------

----------------------------------------------------------------
Time to calculate step (OpenMM run): 0.003 seconds, 0.0 minutes.
----------------------------------------------------------------

-------------------------------------------------------------
Time to calculate step (MM step): 0.004 seconds, 0.0 minutes.
-------------------------------------------------------------

Note: You are using electrostatic embedding. This means that the QM-energy is actually the polarized QM-energy
Note: MM energy also contains the QM-MM Lennard-Jones interaction

QM energy:              -836.728565448696 
MM energy:                -3.501914722467
QM/MM energy:           -840.230480171163 

  ------------ENDING QM/MM MODULE------------- 

-----------------------------------------------------------------
Time to calculate step (QM/MM run): 110.237 seconds, 1.8 minutes.
-----------------------------------------------------------------
geometric called save_guess_files option option for ASHengineclass.
This option is currently unsupported in ASH. Continuing.

Convergence criteria: {'convergence_energy': 1e-05, 'convergence_grms': 0.003, 'convergence_gmax': 0.006, 'convergence_drms': 0.01, 'convergence_dmax': 0.015, 'convergence_cmax': 0.01}

Replacing coordinates in fragment.
Creating/Updating fragment attributes...
Number of Atoms in fragment: 100
Formula: H48C20N18O14
Label: CHHCCOOOCHCHCCHCHCHOHCOOCOOHCOOHCNHHNHHNHHCNHHNHHNHHCNHHNHHNHHCOOHCNHHNHHNHHCNHHNHHNHHCNHHNHHNHHCOOH
Charge: -2 Mult: 1

--------------------------------------------------------------------------------
Wrote XYZ file:  Fragment-currentgeo.xyz
Current geometry (Å) in step 20 (print_atoms_list region)
---------------------------------------------------
        C  57.80296562   36.09521691   59.02824273
        H  57.90168649   36.30138163   58.03543383
        H  58.45396746   36.50072776   59.84386082
        C  56.92339382   35.14564840   59.38022342
        C  56.56401967   34.79389092   60.87485414
        O  57.07507631   35.48799575   61.83423295
        O  55.86614397   33.71726699   61.07913907
        O  56.24880726   34.40037828   58.47511678
        C  57.11066444   33.40236761   57.64793941
        H  56.54639603   32.46710743   57.77379778
        C  58.46845461   33.20767843   58.20507611
        H  58.53245536   32.78541679   59.20515094
        C  59.61865263   33.42695094   57.54175308
        C  59.59421444   33.83622797   56.13807973
        H  60.54150093   33.93113033   55.60275048
        C  58.42914186   33.99942127   55.48937186
        H  58.41286023   34.24304088   54.42455226
        C  57.07552289   33.76281940   56.12446133
        H  56.47290147   34.68593575   56.03249077
        O  56.46625033   32.72931723   55.36039059
        H  55.54286358   32.62903712   55.64085686
        C  60.96668921   33.30887340   58.31268085
        O  61.06662363   32.44491571   59.21056517
        O  61.81604676   34.19427049   58.04582076
        C  67.06110000   31.21890000   45.40400000
        O  68.24492500   31.28067600   45.00746300
        O  66.34981600   30.19151700   45.43655900
        H  66.60312100   32.15475000   45.75676100
        C  60.94920000   22.42780000   52.26980000
        O  62.13302500   22.48957600   51.87326300
        O  60.23791600   21.40041700   52.30235900
        H  60.49122100   23.36365000   52.62256100
        C  60.29000000   45.74590000   60.12010000
        N  60.44057700   46.13112000   58.85604600
        H  60.13006000   46.79362200   59.55230000
        H  60.63674600   45.17608200   59.11971300
        N  59.88110100   46.61830400   61.03694900
        H  60.07727000   45.66326600   61.30061600
        H  59.99544900   46.91084000   60.07702800
        N  60.54832100   44.48827600   60.46730500
        H  60.66267000   44.78081100   59.50738400
        H  60.23780400   45.15077800   61.16355900
        C  65.94230000   32.41320000   65.05370000
        N  66.09287700   32.79842000   63.78964600
        H  65.78236000   33.46092200   64.48590000
        H  66.28904600   31.84338200   64.05331300
        N  65.53340100   33.28560400   65.97054900
        H  65.72957000   32.33056600   66.23421600
        H  65.64774900   33.57814000   65.01062800
        N  66.20062100   31.15557600   65.40090500
        H  66.31497000   31.44811100   64.44098400
        H  65.89010400   31.81807800   66.09715900
        C  60.36560000   26.37370000   64.44940000
        N  60.51617700   26.75892000   63.18534600
        H  60.20566000   27.42142200   63.88160000
        H  60.71234600   25.80388200   63.44901300
        N  59.95670100   27.24610400   65.36624900
        H  60.15287000   26.29106600   65.62991600
        H  60.07104900   27.53864000   64.40632800
        N  60.62392100   25.11607600   64.79660500
        H  60.73827000   25.40861100   63.83668400
        H  60.31340400   25.77857800   65.49285900
        C  54.33830000   23.34980000   51.27940000
        O  55.52212500   23.41157600   50.88286300
        O  53.62701600   22.32241700   51.31195900
        H  53.88032100   24.28565000   51.63216100
        C  54.36270000   35.33710000   66.60610000
        N  54.51327700   35.72232000   65.34204600
        H  54.20276000   36.38482200   66.03830000
        H  54.70944600   34.76728200   65.60571300
        N  53.95380100   36.20950400   67.52294900
        H  54.14997000   35.25446600   67.78661600
        H  54.06814900   36.50204000   66.56302800
        N  54.62102100   34.07947600   66.95330500
        H  54.73537000   34.37201100   65.99338400
        H  54.31050400   34.74197800   67.64955900
        C  50.32010000   31.37760000   63.34690000
        N  50.47067700   31.76282000   62.08284600
        H  50.16016000   32.42532200   62.77910000
        H  50.66684600   30.80778200   62.34651300
        N  49.91120100   32.25000400   64.26374900
        H  50.10737000   31.29496600   64.52741600
        H  50.02554900   32.54254000   63.30382800
        N  50.57842100   30.11997600   63.69410500
        H  50.69277000   30.41251100   62.73418400
        H  50.26790400   30.78247800   64.39035900
        C  48.15690000   38.37280000   60.57290000
        N  48.30747700   38.75802000   59.30884600
        H  47.99696000   39.42052200   60.00510000
        H  48.50364600   37.80298200   59.57251300
        N  47.74800100   39.24520400   61.48974900
        H  47.94417000   38.29016600   61.75341600
        H  47.86234900   39.53774000   60.52982800
        N  48.41522100   37.11517600   60.92010500
        H  48.52957000   37.40771100   59.96018400
        H  48.10470400   37.77767800   61.61635900
        C  56.26950000   32.15260000   44.03970000
        O  57.45332500   32.21437600   43.64316300
        O  55.55821600   31.12521700   44.07225900
        H  55.81152100   33.08845000   44.39246100

Note: printed only print_atoms_list (this is not necessarily all atoms) 
  ------------RUNNING QM/MM MODULE------------- 
QM Module: ORCATheory
MM Module: OpenMMTheory
Charge provided from QMMMTheory object:  -2
Mult provided from QMMMTheory object:  1
QM-region Charge: -2 Mult: 1
Embedding: Electrostatic
Number of pointcharges (to QM program): 76
Number of charge coordinates: 76
Running QM/MM object with 8 cores available

-------------------------------------------------------------------
Time to calculate step (before-QMstep): 0.000 seconds, 0.0 minutes.
-------------------------------------------------------------------
  ------------RUNNING ORCA INTERFACE------------- 
Object-label: ORCA
Run-label: None
Running ORCA with 8 cores available
Moreadfile option not active
A GBW-file with same basename : orca.gbw is present
Autostart is False. ORCA will ignore any file present
Creating inputfile: orca.inp
ORCA input:
! B3LYP D3BJ def2-SVP def2/J RIJCOSX CPCM TightSCF

! Noautostart

%cpcm epsilon 4.0 end
%scf MaxIter 300 Guess PModel end
Charge: -2  Mult: 1
Pointcharge embedding is on!
 ORCA Calculation starting. 
Found warning messages in ORCA outputfile:
WARNING: The chosen methods will break translational/rotational symmetry
 WARNING: The chosen methods will break translational symmetry
 WARNING: The chosen methods will break translational symmetry

 ORCA Calculation done. 
ORCA converged in 12 iterations
ORCA energy: -836.758160010751
  ------------ENDING ORCA-INTERFACE------------- 

---------------------------------------------------------------
Time to calculate step (ORCA run): 96.261 seconds, 1.6 minutes.
---------------------------------------------------------------

--------------------------------------------------------------
Time to calculate step (QM step): 96.261 seconds, 1.6 minutes.
--------------------------------------------------------------

----------------------------------------------------------------------
Time to calculate step (QMpcgrad prepare): 0.000 seconds, 0.0 minutes.
----------------------------------------------------------------------

--------------------------------------------------------------------------
Time to calculate step (linkatomgrad prepare): 0.000 seconds, 0.0 minutes.
--------------------------------------------------------------------------

----------------------------------------------------------------------------
Time to calculate step (QM/MM gradient prepare): 0.000 seconds, 0.0 minutes.
----------------------------------------------------------------------------
Using OpenMM theory as part of QM/MM.
Using MM on full system. Charges for QM region [0, 1, 2, 3, 4, 5, 6, 7, 8, 9, 10, 11, 12, 13, 14, 15, 16, 17, 18, 19, 20, 21, 22, 23] have been set to zero 

--------------------------------------------------------------------------------
                   Creating/updating OpenMM simulation object                   
--------------------------------------------------------------------------------

Integrator name: VerletIntegrator
Timestep: 0.001
Temperature: 300
Coupling frequency: 1
Properties: {'Threads': '1'}
Topology: <Topology; 1 chains, 1 residues, 100 atoms, 0 bonds>

----------------------------------------------------------------------------------
Time to calculate step (creating/updating simulation): 0.003 seconds, 0.0 minutes.
----------------------------------------------------------------------------------

--------------------------------------------------------------------------------
                     Running Single-point OpenMM Interface                      
--------------------------------------------------------------------------------

Number of OpenMM system constraints defined: 0

-----------------------------------------------------------------------------------
Time to calculate step (OpenMMTheory.run: const-check): 0.003 seconds, 0.0 minutes.
-----------------------------------------------------------------------------------
Updating coordinates.

------------------------------------------------------------------------
Time to calculate step (Creating pos array): 0.000 seconds, 0.0 minutes.
------------------------------------------------------------------------

---------------------------------------------------------------------------
Time to calculate step (Updating MM positions): 0.000 seconds, 0.0 minutes.
---------------------------------------------------------------------------
Calling OpenMM getState.

---------------------------------------------------------------------
Time to calculate step (OpenMM getState): 0.001 seconds, 0.0 minutes.
---------------------------------------------------------------------
OpenMM Energy: -3.501952096907997 Eh
OpenMM Energy: -2197.5081185249073 kcal/mol

-----------------------
Ending OpenMM interface
-----------------------

----------------------------------------------------------------
Time to calculate step (OpenMM run): 0.004 seconds, 0.0 minutes.
----------------------------------------------------------------

-------------------------------------------------------------
Time to calculate step (MM step): 0.005 seconds, 0.0 minutes.
-------------------------------------------------------------

Note: You are using electrostatic embedding. This means that the QM-energy is actually the polarized QM-energy
Note: MM energy also contains the QM-MM Lennard-Jones interaction

QM energy:              -836.758160010751 
MM energy:                -3.501952096908
QM/MM energy:           -840.260112107659 

  ------------ENDING QM/MM MODULE------------- 

----------------------------------------------------------------
Time to calculate step (QM/MM run): 96.267 seconds, 1.6 minutes.
----------------------------------------------------------------
geometric called save_guess_files option option for ASHengineclass.
This option is currently unsupported in ASH. Continuing.

Convergence criteria: {'convergence_energy': 1e-05, 'convergence_grms': 0.003, 'convergence_gmax': 0.006, 'convergence_drms': 0.01, 'convergence_dmax': 0.015, 'convergence_cmax': 0.01}

Replacing coordinates in fragment.
Creating/Updating fragment attributes...
Number of Atoms in fragment: 100
Formula: H48C20N18O14
Label: CHHCCOOOCHCHCCHCHCHOHCOOCOOHCOOHCNHHNHHNHHCNHHNHHNHHCNHHNHHNHHCOOHCNHHNHHNHHCNHHNHHNHHCNHHNHHNHHCOOH
Charge: -2 Mult: 1

--------------------------------------------------------------------------------
Wrote XYZ file:  Fragment-currentgeo.xyz
Current geometry (Å) in step 21 (print_atoms_list region)
---------------------------------------------------
        C  57.79450228   36.03821037   59.13002256
        H  57.91203281   36.32270671   58.06759521
        H  58.43131388   36.56852857   59.81152431
        C  56.90589203   35.08621878   59.48298056
        C  56.57342756   34.71997997   60.95391511
        O  57.09936400   35.53682792   61.68970473
        O  55.76398670   33.83216398   61.14715084
        O  56.32269533   34.33980574   58.45400667
        C  57.11984055   33.38873351   57.62032487
        H  56.52446124   32.46689028   57.74058029
        C  58.48035834   33.18839538   58.22185845
        H  58.53484811   32.77609909   59.23549301
        C  59.63225579   33.42409619   57.56617674
        C  59.59424219   33.84176760   56.15903823
        H  60.54447323   33.94902296   55.62582605
        C  58.42298783   33.99843491   55.48884977
        H  58.39505131   34.24409903   54.42087085
        C  57.07479886   33.76250141   56.12086217
        H  56.47964455   34.69731730   56.03805909
        O  56.46687578   32.73008650   55.36375126
        H  55.54943951   32.63889747   55.63468489
        C  60.95860592   33.32225187   58.32634730
        O  61.00558715   32.43730807   59.22722072
        O  61.80413861   34.18187181   58.03188994
        C  67.06110000   31.21890000   45.40400000
        O  68.24492500   31.28067600   45.00746300
        O  66.34981600   30.19151700   45.43655900
        H  66.60312100   32.15475000   45.75676100
        C  60.94920000   22.42780000   52.26980000
        O  62.13302500   22.48957600   51.87326300
        O  60.23791600   21.40041700   52.30235900
        H  60.49122100   23.36365000   52.62256100
        C  60.29000000   45.74590000   60.12010000
        N  60.44057700   46.13112000   58.85604600
        H  60.13006000   46.79362200   59.55230000
        H  60.63674600   45.17608200   59.11971300
        N  59.88110100   46.61830400   61.03694900
        H  60.07727000   45.66326600   61.30061600
        H  59.99544900   46.91084000   60.07702800
        N  60.54832100   44.48827600   60.46730500
        H  60.66267000   44.78081100   59.50738400
        H  60.23780400   45.15077800   61.16355900
        C  65.94230000   32.41320000   65.05370000
        N  66.09287700   32.79842000   63.78964600
        H  65.78236000   33.46092200   64.48590000
        H  66.28904600   31.84338200   64.05331300
        N  65.53340100   33.28560400   65.97054900
        H  65.72957000   32.33056600   66.23421600
        H  65.64774900   33.57814000   65.01062800
        N  66.20062100   31.15557600   65.40090500
        H  66.31497000   31.44811100   64.44098400
        H  65.89010400   31.81807800   66.09715900
        C  60.36560000   26.37370000   64.44940000
        N  60.51617700   26.75892000   63.18534600
        H  60.20566000   27.42142200   63.88160000
        H  60.71234600   25.80388200   63.44901300
        N  59.95670100   27.24610400   65.36624900
        H  60.15287000   26.29106600   65.62991600
        H  60.07104900   27.53864000   64.40632800
        N  60.62392100   25.11607600   64.79660500
        H  60.73827000   25.40861100   63.83668400
        H  60.31340400   25.77857800   65.49285900
        C  54.33830000   23.34980000   51.27940000
        O  55.52212500   23.41157600   50.88286300
        O  53.62701600   22.32241700   51.31195900
        H  53.88032100   24.28565000   51.63216100
        C  54.36270000   35.33710000   66.60610000
        N  54.51327700   35.72232000   65.34204600
        H  54.20276000   36.38482200   66.03830000
        H  54.70944600   34.76728200   65.60571300
        N  53.95380100   36.20950400   67.52294900
        H  54.14997000   35.25446600   67.78661600
        H  54.06814900   36.50204000   66.56302800
        N  54.62102100   34.07947600   66.95330500
        H  54.73537000   34.37201100   65.99338400
        H  54.31050400   34.74197800   67.64955900
        C  50.32010000   31.37760000   63.34690000
        N  50.47067700   31.76282000   62.08284600
        H  50.16016000   32.42532200   62.77910000
        H  50.66684600   30.80778200   62.34651300
        N  49.91120100   32.25000400   64.26374900
        H  50.10737000   31.29496600   64.52741600
        H  50.02554900   32.54254000   63.30382800
        N  50.57842100   30.11997600   63.69410500
        H  50.69277000   30.41251100   62.73418400
        H  50.26790400   30.78247800   64.39035900
        C  48.15690000   38.37280000   60.57290000
        N  48.30747700   38.75802000   59.30884600
        H  47.99696000   39.42052200   60.00510000
        H  48.50364600   37.80298200   59.57251300
        N  47.74800100   39.24520400   61.48974900
        H  47.94417000   38.29016600   61.75341600
        H  47.86234900   39.53774000   60.52982800
        N  48.41522100   37.11517600   60.92010500
        H  48.52957000   37.40771100   59.96018400
        H  48.10470400   37.77767800   61.61635900
        C  56.26950000   32.15260000   44.03970000
        O  57.45332500   32.21437600   43.64316300
        O  55.55821600   31.12521700   44.07225900
        H  55.81152100   33.08845000   44.39246100

Note: printed only print_atoms_list (this is not necessarily all atoms) 
  ------------RUNNING QM/MM MODULE------------- 
QM Module: ORCATheory
MM Module: OpenMMTheory
Charge provided from QMMMTheory object:  -2
Mult provided from QMMMTheory object:  1
QM-region Charge: -2 Mult: 1
Embedding: Electrostatic
Number of pointcharges (to QM program): 76
Number of charge coordinates: 76
Running QM/MM object with 8 cores available

-------------------------------------------------------------------
Time to calculate step (before-QMstep): 0.000 seconds, 0.0 minutes.
-------------------------------------------------------------------
  ------------RUNNING ORCA INTERFACE------------- 
Object-label: ORCA
Run-label: None
Running ORCA with 8 cores available
Moreadfile option not active
A GBW-file with same basename : orca.gbw is present
Autostart is False. ORCA will ignore any file present
Creating inputfile: orca.inp
ORCA input:
! B3LYP D3BJ def2-SVP def2/J RIJCOSX CPCM TightSCF

! Noautostart

%cpcm epsilon 4.0 end
%scf MaxIter 300 Guess PModel end
Charge: -2  Mult: 1
Pointcharge embedding is on!
 ORCA Calculation starting. 
Found warning messages in ORCA outputfile:
WARNING: The chosen methods will break translational/rotational symmetry
 WARNING: The chosen methods will break translational symmetry
 WARNING: The chosen methods will break translational symmetry

 ORCA Calculation done. 
ORCA converged in 12 iterations
ORCA energy: -836.757196050366
  ------------ENDING ORCA-INTERFACE------------- 

---------------------------------------------------------------
Time to calculate step (ORCA run): 95.978 seconds, 1.6 minutes.
---------------------------------------------------------------

--------------------------------------------------------------
Time to calculate step (QM step): 95.978 seconds, 1.6 minutes.
--------------------------------------------------------------

----------------------------------------------------------------------
Time to calculate step (QMpcgrad prepare): 0.000 seconds, 0.0 minutes.
----------------------------------------------------------------------

--------------------------------------------------------------------------
Time to calculate step (linkatomgrad prepare): 0.000 seconds, 0.0 minutes.
--------------------------------------------------------------------------

----------------------------------------------------------------------------
Time to calculate step (QM/MM gradient prepare): 0.000 seconds, 0.0 minutes.
----------------------------------------------------------------------------
Using OpenMM theory as part of QM/MM.
Using MM on full system. Charges for QM region [0, 1, 2, 3, 4, 5, 6, 7, 8, 9, 10, 11, 12, 13, 14, 15, 16, 17, 18, 19, 20, 21, 22, 23] have been set to zero 

--------------------------------------------------------------------------------
                   Creating/updating OpenMM simulation object                   
--------------------------------------------------------------------------------

Integrator name: VerletIntegrator
Timestep: 0.001
Temperature: 300
Coupling frequency: 1
Properties: {'Threads': '1'}
Topology: <Topology; 1 chains, 1 residues, 100 atoms, 0 bonds>

----------------------------------------------------------------------------------
Time to calculate step (creating/updating simulation): 0.002 seconds, 0.0 minutes.
----------------------------------------------------------------------------------

--------------------------------------------------------------------------------
                     Running Single-point OpenMM Interface                      
--------------------------------------------------------------------------------

Number of OpenMM system constraints defined: 0

-----------------------------------------------------------------------------------
Time to calculate step (OpenMMTheory.run: const-check): 0.002 seconds, 0.0 minutes.
-----------------------------------------------------------------------------------
Updating coordinates.

------------------------------------------------------------------------
Time to calculate step (Creating pos array): 0.000 seconds, 0.0 minutes.
------------------------------------------------------------------------

---------------------------------------------------------------------------
Time to calculate step (Updating MM positions): 0.000 seconds, 0.0 minutes.
---------------------------------------------------------------------------
Calling OpenMM getState.

---------------------------------------------------------------------
Time to calculate step (OpenMM getState): 0.001 seconds, 0.0 minutes.
---------------------------------------------------------------------
OpenMM Energy: -3.501954177667654 Eh
OpenMM Energy: -2197.5094242213054 kcal/mol

-----------------------
Ending OpenMM interface
-----------------------

----------------------------------------------------------------
Time to calculate step (OpenMM run): 0.004 seconds, 0.0 minutes.
----------------------------------------------------------------

-------------------------------------------------------------
Time to calculate step (MM step): 0.004 seconds, 0.0 minutes.
-------------------------------------------------------------

Note: You are using electrostatic embedding. This means that the QM-energy is actually the polarized QM-energy
Note: MM energy also contains the QM-MM Lennard-Jones interaction

QM energy:              -836.757196050366 
MM energy:                -3.501954177668
QM/MM energy:           -840.259150228034 

  ------------ENDING QM/MM MODULE------------- 

----------------------------------------------------------------
Time to calculate step (QM/MM run): 95.983 seconds, 1.6 minutes.
----------------------------------------------------------------
geometric called save_guess_files option option for ASHengineclass.
This option is currently unsupported in ASH. Continuing.

Convergence criteria: {'convergence_energy': 1e-05, 'convergence_grms': 0.003, 'convergence_gmax': 0.006, 'convergence_drms': 0.01, 'convergence_dmax': 0.015, 'convergence_cmax': 0.01}

Replacing coordinates in fragment.
Creating/Updating fragment attributes...
Number of Atoms in fragment: 100
Formula: H48C20N18O14
Label: CHHCCOOOCHCHCCHCHCHOHCOOCOOHCOOHCNHHNHHNHHCNHHNHHNHHCNHHNHHNHHCOOHCNHHNHHNHHCNHHNHHNHHCNHHNHHNHHCOOH
Charge: -2 Mult: 1

--------------------------------------------------------------------------------
Wrote XYZ file:  Fragment-currentgeo.xyz
Current geometry (Å) in step 22 (print_atoms_list region)
---------------------------------------------------
        C  57.80499045   36.04507406   59.10759504
        H  57.94631284   36.31520045   58.04548537
        H  58.40690492   36.57486335   59.83247165
        C  56.91355728   35.10114636   59.42960198
        C  56.57604860   34.75952397   60.91198272
        O  57.07258598   35.50749499   61.80471419
        O  55.79779992   33.80057613   61.14141365
        O  56.27795717   34.34820240   58.47582326
        C  57.11246160   33.39028688   57.64004532
        H  56.53012670   32.46173793   57.75265180
        C  58.47294759   33.19211819   58.22405042
        H  58.53384986   32.78015371   59.23625939
        C  59.62528956   33.42488715   57.56385563
        C  59.59105137   33.84406227   56.15706121
        H  60.54209960   33.95369764   55.62802676
        C  58.42429541   33.99847433   55.49596862
        H  58.39903212   34.24297542   54.42726844
        C  57.07296379   33.76270614   56.12897789
        H  56.47716063   34.69575335   56.04024001
        O  56.47208891   32.72971173   55.36628447
        H  55.54841486   32.63543788   55.62886500
        C  60.95160977   33.32033796   58.33668639
        O  61.01083450   32.44147513   59.24139863
        O  61.80009227   34.18625851   58.04446890
        C  67.06110000   31.21890000   45.40400000
        O  68.24492500   31.28067600   45.00746300
        O  66.34981600   30.19151700   45.43655900
        H  66.60312100   32.15475000   45.75676100
        C  60.94920000   22.42780000   52.26980000
        O  62.13302500   22.48957600   51.87326300
        O  60.23791600   21.40041700   52.30235900
        H  60.49122100   23.36365000   52.62256100
        C  60.29000000   45.74590000   60.12010000
        N  60.44057700   46.13112000   58.85604600
        H  60.13006000   46.79362200   59.55230000
        H  60.63674600   45.17608200   59.11971300
        N  59.88110100   46.61830400   61.03694900
        H  60.07727000   45.66326600   61.30061600
        H  59.99544900   46.91084000   60.07702800
        N  60.54832100   44.48827600   60.46730500
        H  60.66267000   44.78081100   59.50738400
        H  60.23780400   45.15077800   61.16355900
        C  65.94230000   32.41320000   65.05370000
        N  66.09287700   32.79842000   63.78964600
        H  65.78236000   33.46092200   64.48590000
        H  66.28904600   31.84338200   64.05331300
        N  65.53340100   33.28560400   65.97054900
        H  65.72957000   32.33056600   66.23421600
        H  65.64774900   33.57814000   65.01062800
        N  66.20062100   31.15557600   65.40090500
        H  66.31497000   31.44811100   64.44098400
        H  65.89010400   31.81807800   66.09715900
        C  60.36560000   26.37370000   64.44940000
        N  60.51617700   26.75892000   63.18534600
        H  60.20566000   27.42142200   63.88160000
        H  60.71234600   25.80388200   63.44901300
        N  59.95670100   27.24610400   65.36624900
        H  60.15287000   26.29106600   65.62991600
        H  60.07104900   27.53864000   64.40632800
        N  60.62392100   25.11607600   64.79660500
        H  60.73827000   25.40861100   63.83668400
        H  60.31340400   25.77857800   65.49285900
        C  54.33830000   23.34980000   51.27940000
        O  55.52212500   23.41157600   50.88286300
        O  53.62701600   22.32241700   51.31195900
        H  53.88032100   24.28565000   51.63216100
        C  54.36270000   35.33710000   66.60610000
        N  54.51327700   35.72232000   65.34204600
        H  54.20276000   36.38482200   66.03830000
        H  54.70944600   34.76728200   65.60571300
        N  53.95380100   36.20950400   67.52294900
        H  54.14997000   35.25446600   67.78661600
        H  54.06814900   36.50204000   66.56302800
        N  54.62102100   34.07947600   66.95330500
        H  54.73537000   34.37201100   65.99338400
        H  54.31050400   34.74197800   67.64955900
        C  50.32010000   31.37760000   63.34690000
        N  50.47067700   31.76282000   62.08284600
        H  50.16016000   32.42532200   62.77910000
        H  50.66684600   30.80778200   62.34651300
        N  49.91120100   32.25000400   64.26374900
        H  50.10737000   31.29496600   64.52741600
        H  50.02554900   32.54254000   63.30382800
        N  50.57842100   30.11997600   63.69410500
        H  50.69277000   30.41251100   62.73418400
        H  50.26790400   30.78247800   64.39035900
        C  48.15690000   38.37280000   60.57290000
        N  48.30747700   38.75802000   59.30884600
        H  47.99696000   39.42052200   60.00510000
        H  48.50364600   37.80298200   59.57251300
        N  47.74800100   39.24520400   61.48974900
        H  47.94417000   38.29016600   61.75341600
        H  47.86234900   39.53774000   60.52982800
        N  48.41522100   37.11517600   60.92010500
        H  48.52957000   37.40771100   59.96018400
        H  48.10470400   37.77767800   61.61635900
        C  56.26950000   32.15260000   44.03970000
        O  57.45332500   32.21437600   43.64316300
        O  55.55821600   31.12521700   44.07225900
        H  55.81152100   33.08845000   44.39246100

Note: printed only print_atoms_list (this is not necessarily all atoms) 
  ------------RUNNING QM/MM MODULE------------- 
QM Module: ORCATheory
MM Module: OpenMMTheory
Charge provided from QMMMTheory object:  -2
Mult provided from QMMMTheory object:  1
QM-region Charge: -2 Mult: 1
Embedding: Electrostatic
Number of pointcharges (to QM program): 76
Number of charge coordinates: 76
Running QM/MM object with 8 cores available

-------------------------------------------------------------------
Time to calculate step (before-QMstep): 0.000 seconds, 0.0 minutes.
-------------------------------------------------------------------
  ------------RUNNING ORCA INTERFACE------------- 
Object-label: ORCA
Run-label: None
Running ORCA with 8 cores available
Moreadfile option not active
A GBW-file with same basename : orca.gbw is present
Autostart is False. ORCA will ignore any file present
Creating inputfile: orca.inp
ORCA input:
! B3LYP D3BJ def2-SVP def2/J RIJCOSX CPCM TightSCF

! Noautostart

%cpcm epsilon 4.0 end
%scf MaxIter 300 Guess PModel end
Charge: -2  Mult: 1
Pointcharge embedding is on!
 ORCA Calculation starting. 
Found warning messages in ORCA outputfile:
WARNING: The chosen methods will break translational/rotational symmetry
 WARNING: The chosen methods will break translational symmetry
 WARNING: The chosen methods will break translational symmetry

 ORCA Calculation done. 
ORCA converged in 12 iterations
ORCA energy: -836.772992738494
  ------------ENDING ORCA-INTERFACE------------- 

---------------------------------------------------------------
Time to calculate step (ORCA run): 99.345 seconds, 1.7 minutes.
---------------------------------------------------------------

--------------------------------------------------------------
Time to calculate step (QM step): 99.345 seconds, 1.7 minutes.
--------------------------------------------------------------

----------------------------------------------------------------------
Time to calculate step (QMpcgrad prepare): 0.000 seconds, 0.0 minutes.
----------------------------------------------------------------------

--------------------------------------------------------------------------
Time to calculate step (linkatomgrad prepare): 0.000 seconds, 0.0 minutes.
--------------------------------------------------------------------------

----------------------------------------------------------------------------
Time to calculate step (QM/MM gradient prepare): 0.000 seconds, 0.0 minutes.
----------------------------------------------------------------------------
Using OpenMM theory as part of QM/MM.
Using MM on full system. Charges for QM region [0, 1, 2, 3, 4, 5, 6, 7, 8, 9, 10, 11, 12, 13, 14, 15, 16, 17, 18, 19, 20, 21, 22, 23] have been set to zero 

--------------------------------------------------------------------------------
                   Creating/updating OpenMM simulation object                   
--------------------------------------------------------------------------------

Integrator name: VerletIntegrator
Timestep: 0.001
Temperature: 300
Coupling frequency: 1
Properties: {'Threads': '1'}
Topology: <Topology; 1 chains, 1 residues, 100 atoms, 0 bonds>

----------------------------------------------------------------------------------
Time to calculate step (creating/updating simulation): 0.002 seconds, 0.0 minutes.
----------------------------------------------------------------------------------

--------------------------------------------------------------------------------
                     Running Single-point OpenMM Interface                      
--------------------------------------------------------------------------------

Number of OpenMM system constraints defined: 0

-----------------------------------------------------------------------------------
Time to calculate step (OpenMMTheory.run: const-check): 0.002 seconds, 0.0 minutes.
-----------------------------------------------------------------------------------
Updating coordinates.

------------------------------------------------------------------------
Time to calculate step (Creating pos array): 0.000 seconds, 0.0 minutes.
------------------------------------------------------------------------

---------------------------------------------------------------------------
Time to calculate step (Updating MM positions): 0.000 seconds, 0.0 minutes.
---------------------------------------------------------------------------
Calling OpenMM getState.

---------------------------------------------------------------------
Time to calculate step (OpenMM getState): 0.000 seconds, 0.0 minutes.
---------------------------------------------------------------------
OpenMM Energy: -3.501969900875502 Eh
OpenMM Energy: -2197.5192906831926 kcal/mol

-----------------------
Ending OpenMM interface
-----------------------

----------------------------------------------------------------
Time to calculate step (OpenMM run): 0.004 seconds, 0.0 minutes.
----------------------------------------------------------------

-------------------------------------------------------------
Time to calculate step (MM step): 0.004 seconds, 0.0 minutes.
-------------------------------------------------------------

Note: You are using electrostatic embedding. This means that the QM-energy is actually the polarized QM-energy
Note: MM energy also contains the QM-MM Lennard-Jones interaction

QM energy:              -836.772992738494 
MM energy:                -3.501969900876
QM/MM energy:           -840.274962639370 

  ------------ENDING QM/MM MODULE------------- 

----------------------------------------------------------------
Time to calculate step (QM/MM run): 99.349 seconds, 1.7 minutes.
----------------------------------------------------------------
geometric called save_guess_files option option for ASHengineclass.
This option is currently unsupported in ASH. Continuing.
geometric called clearCalcs option for ASHengineclass.
This option is currently unsupported in ASH. Continuing.

Convergence criteria: {'convergence_energy': 1e-05, 'convergence_grms': 0.003, 'convergence_gmax': 0.006, 'convergence_drms': 0.01, 'convergence_dmax': 0.015, 'convergence_cmax': 0.01}

Replacing coordinates in fragment.
Creating/Updating fragment attributes...
Number of Atoms in fragment: 100
Formula: H48C20N18O14
Label: CHHCCOOOCHCHCCHCHCHOHCOOCOOHCOOHCNHHNHHNHHCNHHNHHNHHCNHHNHHNHHCOOHCNHHNHHNHHCNHHNHHNHHCNHHNHHNHHCOOH
Charge: -2 Mult: 1

--------------------------------------------------------------------------------
Wrote XYZ file:  Fragment-currentgeo.xyz
Current geometry (Å) in step 23 (print_atoms_list region)
---------------------------------------------------
        C  57.75660582   36.07526896   59.13055851
        H  57.93033849   36.28856430   58.08477387
        H  58.33476064   36.60716645   59.90252409
        C  56.89114923   35.09419808   59.47957381
        C  56.53418575   34.77245687   60.92163940
        O  57.03469916   35.49407848   61.82641804
        O  55.78532106   33.77557427   61.14165997
        O  56.29979071   34.33019395   58.52928659
        C  57.10553067   33.39128494   57.67652165
        H  56.52417076   32.46092348   57.77804003
        C  58.45385667   33.19246791   58.25456326
        H  58.51316069   32.78155460   59.26433724
        C  59.61000262   33.42657408   57.59964104
        C  59.59055637   33.85406984   56.19838212
        H  60.54174545   33.97828559   55.67915561
        C  58.43215347   34.00485092   55.54285155
        H  58.41479787   34.25094884   54.47817837
        C  57.07739469   33.76754749   56.16637486
        H  56.48701457   34.70210857   56.07501660
        O  56.48241735   32.73783715   55.39384594
        H  55.54016218   32.65886062   55.61689758
        C  60.93103225   33.32575782   58.39865248
        O  61.00282866   32.48092782   59.32211804
        O  61.78843098   34.18821299   58.11040370
        C  67.06110000   31.21890000   45.40400000
        O  68.24492500   31.28067600   45.00746300
        O  66.34981600   30.19151700   45.43655900
        H  66.60312100   32.15475000   45.75676100
        C  60.94920000   22.42780000   52.26980000
        O  62.13302500   22.48957600   51.87326300
        O  60.23791600   21.40041700   52.30235900
        H  60.49122100   23.36365000   52.62256100
        C  60.29000000   45.74590000   60.12010000
        N  60.44057700   46.13112000   58.85604600
        H  60.13006000   46.79362200   59.55230000
        H  60.63674600   45.17608200   59.11971300
        N  59.88110100   46.61830400   61.03694900
        H  60.07727000   45.66326600   61.30061600
        H  59.99544900   46.91084000   60.07702800
        N  60.54832100   44.48827600   60.46730500
        H  60.66267000   44.78081100   59.50738400
        H  60.23780400   45.15077800   61.16355900
        C  65.94230000   32.41320000   65.05370000
        N  66.09287700   32.79842000   63.78964600
        H  65.78236000   33.46092200   64.48590000
        H  66.28904600   31.84338200   64.05331300
        N  65.53340100   33.28560400   65.97054900
        H  65.72957000   32.33056600   66.23421600
        H  65.64774900   33.57814000   65.01062800
        N  66.20062100   31.15557600   65.40090500
        H  66.31497000   31.44811100   64.44098400
        H  65.89010400   31.81807800   66.09715900
        C  60.36560000   26.37370000   64.44940000
        N  60.51617700   26.75892000   63.18534600
        H  60.20566000   27.42142200   63.88160000
        H  60.71234600   25.80388200   63.44901300
        N  59.95670100   27.24610400   65.36624900
        H  60.15287000   26.29106600   65.62991600
        H  60.07104900   27.53864000   64.40632800
        N  60.62392100   25.11607600   64.79660500
        H  60.73827000   25.40861100   63.83668400
        H  60.31340400   25.77857800   65.49285900
        C  54.33830000   23.34980000   51.27940000
        O  55.52212500   23.41157600   50.88286300
        O  53.62701600   22.32241700   51.31195900
        H  53.88032100   24.28565000   51.63216100
        C  54.36270000   35.33710000   66.60610000
        N  54.51327700   35.72232000   65.34204600
        H  54.20276000   36.38482200   66.03830000
        H  54.70944600   34.76728200   65.60571300
        N  53.95380100   36.20950400   67.52294900
        H  54.14997000   35.25446600   67.78661600
        H  54.06814900   36.50204000   66.56302800
        N  54.62102100   34.07947600   66.95330500
        H  54.73537000   34.37201100   65.99338400
        H  54.31050400   34.74197800   67.64955900
        C  50.32010000   31.37760000   63.34690000
        N  50.47067700   31.76282000   62.08284600
        H  50.16016000   32.42532200   62.77910000
        H  50.66684600   30.80778200   62.34651300
        N  49.91120100   32.25000400   64.26374900
        H  50.10737000   31.29496600   64.52741600
        H  50.02554900   32.54254000   63.30382800
        N  50.57842100   30.11997600   63.69410500
        H  50.69277000   30.41251100   62.73418400
        H  50.26790400   30.78247800   64.39035900
        C  48.15690000   38.37280000   60.57290000
        N  48.30747700   38.75802000   59.30884600
        H  47.99696000   39.42052200   60.00510000
        H  48.50364600   37.80298200   59.57251300
        N  47.74800100   39.24520400   61.48974900
        H  47.94417000   38.29016600   61.75341600
        H  47.86234900   39.53774000   60.52982800
        N  48.41522100   37.11517600   60.92010500
        H  48.52957000   37.40771100   59.96018400
        H  48.10470400   37.77767800   61.61635900
        C  56.26950000   32.15260000   44.03970000
        O  57.45332500   32.21437600   43.64316300
        O  55.55821600   31.12521700   44.07225900
        H  55.81152100   33.08845000   44.39246100

Note: printed only print_atoms_list (this is not necessarily all atoms) 
  ------------RUNNING QM/MM MODULE------------- 
QM Module: ORCATheory
MM Module: OpenMMTheory
Charge provided from QMMMTheory object:  -2
Mult provided from QMMMTheory object:  1
QM-region Charge: -2 Mult: 1
Embedding: Electrostatic
Number of pointcharges (to QM program): 76
Number of charge coordinates: 76
Running QM/MM object with 8 cores available

-------------------------------------------------------------------
Time to calculate step (before-QMstep): 0.000 seconds, 0.0 minutes.
-------------------------------------------------------------------
  ------------RUNNING ORCA INTERFACE------------- 
Object-label: ORCA
Run-label: None
Running ORCA with 8 cores available
Moreadfile option not active
A GBW-file with same basename : orca.gbw is present
Autostart is False. ORCA will ignore any file present
Creating inputfile: orca.inp
ORCA input:
! B3LYP D3BJ def2-SVP def2/J RIJCOSX CPCM TightSCF

! Noautostart

%cpcm epsilon 4.0 end
%scf MaxIter 300 Guess PModel end
Charge: -2  Mult: 1
Pointcharge embedding is on!
 ORCA Calculation starting. 
Found warning messages in ORCA outputfile:
WARNING: The chosen methods will break translational/rotational symmetry
 WARNING: The chosen methods will break translational symmetry
 WARNING: The chosen methods will break translational symmetry

 ORCA Calculation done. 
ORCA converged in 12 iterations
ORCA energy: -836.77631900058
  ------------ENDING ORCA-INTERFACE------------- 

----------------------------------------------------------------
Time to calculate step (ORCA run): 100.725 seconds, 1.7 minutes.
----------------------------------------------------------------

---------------------------------------------------------------
Time to calculate step (QM step): 100.725 seconds, 1.7 minutes.
---------------------------------------------------------------

----------------------------------------------------------------------
Time to calculate step (QMpcgrad prepare): 0.000 seconds, 0.0 minutes.
----------------------------------------------------------------------

--------------------------------------------------------------------------
Time to calculate step (linkatomgrad prepare): 0.000 seconds, 0.0 minutes.
--------------------------------------------------------------------------

----------------------------------------------------------------------------
Time to calculate step (QM/MM gradient prepare): 0.000 seconds, 0.0 minutes.
----------------------------------------------------------------------------
Using OpenMM theory as part of QM/MM.
Using MM on full system. Charges for QM region [0, 1, 2, 3, 4, 5, 6, 7, 8, 9, 10, 11, 12, 13, 14, 15, 16, 17, 18, 19, 20, 21, 22, 23] have been set to zero 

--------------------------------------------------------------------------------
                   Creating/updating OpenMM simulation object                   
--------------------------------------------------------------------------------

Integrator name: VerletIntegrator
Timestep: 0.001
Temperature: 300
Coupling frequency: 1
Properties: {'Threads': '1'}
Topology: <Topology; 1 chains, 1 residues, 100 atoms, 0 bonds>

----------------------------------------------------------------------------------
Time to calculate step (creating/updating simulation): 0.002 seconds, 0.0 minutes.
----------------------------------------------------------------------------------

--------------------------------------------------------------------------------
                     Running Single-point OpenMM Interface                      
--------------------------------------------------------------------------------

Number of OpenMM system constraints defined: 0

-----------------------------------------------------------------------------------
Time to calculate step (OpenMMTheory.run: const-check): 0.002 seconds, 0.0 minutes.
-----------------------------------------------------------------------------------
Updating coordinates.

------------------------------------------------------------------------
Time to calculate step (Creating pos array): 0.000 seconds, 0.0 minutes.
------------------------------------------------------------------------

---------------------------------------------------------------------------
Time to calculate step (Updating MM positions): 0.000 seconds, 0.0 minutes.
---------------------------------------------------------------------------
Calling OpenMM getState.

---------------------------------------------------------------------
Time to calculate step (OpenMM getState): 0.000 seconds, 0.0 minutes.
---------------------------------------------------------------------
OpenMM Energy: -3.5019912267638333 Eh
OpenMM Energy: -2197.5326728801633 kcal/mol

-----------------------
Ending OpenMM interface
-----------------------

----------------------------------------------------------------
Time to calculate step (OpenMM run): 0.002 seconds, 0.0 minutes.
----------------------------------------------------------------

-------------------------------------------------------------
Time to calculate step (MM step): 0.003 seconds, 0.0 minutes.
-------------------------------------------------------------

Note: You are using electrostatic embedding. This means that the QM-energy is actually the polarized QM-energy
Note: MM energy also contains the QM-MM Lennard-Jones interaction

QM energy:              -836.776319000580 
MM energy:                -3.501991226764
QM/MM energy:           -840.278310227344 

  ------------ENDING QM/MM MODULE------------- 

-----------------------------------------------------------------
Time to calculate step (QM/MM run): 100.728 seconds, 1.7 minutes.
-----------------------------------------------------------------
geometric called save_guess_files option option for ASHengineclass.
This option is currently unsupported in ASH. Continuing.

Convergence criteria: {'convergence_energy': 1e-05, 'convergence_grms': 0.003, 'convergence_gmax': 0.006, 'convergence_drms': 0.01, 'convergence_dmax': 0.015, 'convergence_cmax': 0.01}

Replacing coordinates in fragment.
Creating/Updating fragment attributes...
Number of Atoms in fragment: 100
Formula: H48C20N18O14
Label: CHHCCOOOCHCHCCHCHCHOHCOOCOOHCOOHCNHHNHHNHHCNHHNHHNHHCNHHNHHNHHCOOHCNHHNHHNHHCNHHNHHNHHCNHHNHHNHHCOOH
Charge: -2 Mult: 1

--------------------------------------------------------------------------------
Wrote XYZ file:  Fragment-currentgeo.xyz
Current geometry (Å) in step 24 (print_atoms_list region)
---------------------------------------------------
        C  57.71677348   36.08843076   59.17268807
        H  57.91447143   36.31081991   58.12611920
        H  58.26819174   36.64014431   59.94303632
        C  56.86593957   35.09338924   59.50787760
        C  56.51232188   34.74657910   60.97308866
        O  56.99532406   35.47004509   61.89263838
        O  55.75477814   33.75828721   61.17706893
        O  56.26888072   34.33212907   58.55564572
        C  57.09602794   33.39663444   57.71181486
        H  56.51946380   32.45932059   57.79320572
        C  58.44310034   33.19935028   58.29943298
        H  58.49801599   32.79387655   59.31109121
        C  59.60457240   33.43620876   57.65395680
        C  59.59493756   33.86539199   56.24988036
        H  60.54965268   33.99930118   55.73788240
        C  58.43963171   34.01105978   55.58280412
        H  58.42842874   34.25323090   54.51563820
        C  57.07947347   33.77437850   56.19826110
        H  56.49216554   34.71103426   56.10083726
        O  56.49364351   32.74314539   55.42194858
        H  55.54180896   32.67885987   55.61539771
        C  60.91682567   33.34724745   58.46999762
        O  60.97280518   32.50370997   59.40058168
        O  61.77876600   34.19972417   58.17817241
        C  67.06110000   31.21890000   45.40400000
        O  68.24492500   31.28067600   45.00746300
        O  66.34981600   30.19151700   45.43655900
        H  66.60312100   32.15475000   45.75676100
        C  60.94920000   22.42780000   52.26980000
        O  62.13302500   22.48957600   51.87326300
        O  60.23791600   21.40041700   52.30235900
        H  60.49122100   23.36365000   52.62256100
        C  60.29000000   45.74590000   60.12010000
        N  60.44057700   46.13112000   58.85604600
        H  60.13006000   46.79362200   59.55230000
        H  60.63674600   45.17608200   59.11971300
        N  59.88110100   46.61830400   61.03694900
        H  60.07727000   45.66326600   61.30061600
        H  59.99544900   46.91084000   60.07702800
        N  60.54832100   44.48827600   60.46730500
        H  60.66267000   44.78081100   59.50738400
        H  60.23780400   45.15077800   61.16355900
        C  65.94230000   32.41320000   65.05370000
        N  66.09287700   32.79842000   63.78964600
        H  65.78236000   33.46092200   64.48590000
        H  66.28904600   31.84338200   64.05331300
        N  65.53340100   33.28560400   65.97054900
        H  65.72957000   32.33056600   66.23421600
        H  65.64774900   33.57814000   65.01062800
        N  66.20062100   31.15557600   65.40090500
        H  66.31497000   31.44811100   64.44098400
        H  65.89010400   31.81807800   66.09715900
        C  60.36560000   26.37370000   64.44940000
        N  60.51617700   26.75892000   63.18534600
        H  60.20566000   27.42142200   63.88160000
        H  60.71234600   25.80388200   63.44901300
        N  59.95670100   27.24610400   65.36624900
        H  60.15287000   26.29106600   65.62991600
        H  60.07104900   27.53864000   64.40632800
        N  60.62392100   25.11607600   64.79660500
        H  60.73827000   25.40861100   63.83668400
        H  60.31340400   25.77857800   65.49285900
        C  54.33830000   23.34980000   51.27940000
        O  55.52212500   23.41157600   50.88286300
        O  53.62701600   22.32241700   51.31195900
        H  53.88032100   24.28565000   51.63216100
        C  54.36270000   35.33710000   66.60610000
        N  54.51327700   35.72232000   65.34204600
        H  54.20276000   36.38482200   66.03830000
        H  54.70944600   34.76728200   65.60571300
        N  53.95380100   36.20950400   67.52294900
        H  54.14997000   35.25446600   67.78661600
        H  54.06814900   36.50204000   66.56302800
        N  54.62102100   34.07947600   66.95330500
        H  54.73537000   34.37201100   65.99338400
        H  54.31050400   34.74197800   67.64955900
        C  50.32010000   31.37760000   63.34690000
        N  50.47067700   31.76282000   62.08284600
        H  50.16016000   32.42532200   62.77910000
        H  50.66684600   30.80778200   62.34651300
        N  49.91120100   32.25000400   64.26374900
        H  50.10737000   31.29496600   64.52741600
        H  50.02554900   32.54254000   63.30382800
        N  50.57842100   30.11997600   63.69410500
        H  50.69277000   30.41251100   62.73418400
        H  50.26790400   30.78247800   64.39035900
        C  48.15690000   38.37280000   60.57290000
        N  48.30747700   38.75802000   59.30884600
        H  47.99696000   39.42052200   60.00510000
        H  48.50364600   37.80298200   59.57251300
        N  47.74800100   39.24520400   61.48974900
        H  47.94417000   38.29016600   61.75341600
        H  47.86234900   39.53774000   60.52982800
        N  48.41522100   37.11517600   60.92010500
        H  48.52957000   37.40771100   59.96018400
        H  48.10470400   37.77767800   61.61635900
        C  56.26950000   32.15260000   44.03970000
        O  57.45332500   32.21437600   43.64316300
        O  55.55821600   31.12521700   44.07225900
        H  55.81152100   33.08845000   44.39246100

Note: printed only print_atoms_list (this is not necessarily all atoms) 
  ------------RUNNING QM/MM MODULE------------- 
QM Module: ORCATheory
MM Module: OpenMMTheory
Charge provided from QMMMTheory object:  -2
Mult provided from QMMMTheory object:  1
QM-region Charge: -2 Mult: 1
Embedding: Electrostatic
Number of pointcharges (to QM program): 76
Number of charge coordinates: 76
Running QM/MM object with 8 cores available

-------------------------------------------------------------------
Time to calculate step (before-QMstep): 0.000 seconds, 0.0 minutes.
-------------------------------------------------------------------
  ------------RUNNING ORCA INTERFACE------------- 
Object-label: ORCA
Run-label: None
Running ORCA with 8 cores available
Moreadfile option not active
A GBW-file with same basename : orca.gbw is present
Autostart is False. ORCA will ignore any file present
Creating inputfile: orca.inp
ORCA input:
! B3LYP D3BJ def2-SVP def2/J RIJCOSX CPCM TightSCF

! Noautostart

%cpcm epsilon 4.0 end
%scf MaxIter 300 Guess PModel end
Charge: -2  Mult: 1
Pointcharge embedding is on!
 ORCA Calculation starting. 
Found warning messages in ORCA outputfile:
WARNING: The chosen methods will break translational/rotational symmetry
 WARNING: The chosen methods will break translational symmetry
 WARNING: The chosen methods will break translational symmetry

 ORCA Calculation done. 
ORCA converged in 12 iterations
ORCA energy: -836.78064634131
  ------------ENDING ORCA-INTERFACE------------- 

---------------------------------------------------------------
Time to calculate step (ORCA run): 98.104 seconds, 1.6 minutes.
---------------------------------------------------------------

--------------------------------------------------------------
Time to calculate step (QM step): 98.104 seconds, 1.6 minutes.
--------------------------------------------------------------

----------------------------------------------------------------------
Time to calculate step (QMpcgrad prepare): 0.000 seconds, 0.0 minutes.
----------------------------------------------------------------------

--------------------------------------------------------------------------
Time to calculate step (linkatomgrad prepare): 0.000 seconds, 0.0 minutes.
--------------------------------------------------------------------------

----------------------------------------------------------------------------
Time to calculate step (QM/MM gradient prepare): 0.000 seconds, 0.0 minutes.
----------------------------------------------------------------------------
Using OpenMM theory as part of QM/MM.
Using MM on full system. Charges for QM region [0, 1, 2, 3, 4, 5, 6, 7, 8, 9, 10, 11, 12, 13, 14, 15, 16, 17, 18, 19, 20, 21, 22, 23] have been set to zero 

--------------------------------------------------------------------------------
                   Creating/updating OpenMM simulation object                   
--------------------------------------------------------------------------------

Integrator name: VerletIntegrator
Timestep: 0.001
Temperature: 300
Coupling frequency: 1
Properties: {'Threads': '1'}
Topology: <Topology; 1 chains, 1 residues, 100 atoms, 0 bonds>

----------------------------------------------------------------------------------
Time to calculate step (creating/updating simulation): 0.002 seconds, 0.0 minutes.
----------------------------------------------------------------------------------

--------------------------------------------------------------------------------
                     Running Single-point OpenMM Interface                      
--------------------------------------------------------------------------------

Number of OpenMM system constraints defined: 0

-----------------------------------------------------------------------------------
Time to calculate step (OpenMMTheory.run: const-check): 0.002 seconds, 0.0 minutes.
-----------------------------------------------------------------------------------
Updating coordinates.

------------------------------------------------------------------------
Time to calculate step (Creating pos array): 0.000 seconds, 0.0 minutes.
------------------------------------------------------------------------

---------------------------------------------------------------------------
Time to calculate step (Updating MM positions): 0.000 seconds, 0.0 minutes.
---------------------------------------------------------------------------
Calling OpenMM getState.

---------------------------------------------------------------------
Time to calculate step (OpenMM getState): 0.000 seconds, 0.0 minutes.
---------------------------------------------------------------------
OpenMM Energy: -3.5020340322101267 Eh
OpenMM Energy: -2197.559533703254 kcal/mol

-----------------------
Ending OpenMM interface
-----------------------

----------------------------------------------------------------
Time to calculate step (OpenMM run): 0.002 seconds, 0.0 minutes.
----------------------------------------------------------------

-------------------------------------------------------------
Time to calculate step (MM step): 0.003 seconds, 0.0 minutes.
-------------------------------------------------------------

Note: You are using electrostatic embedding. This means that the QM-energy is actually the polarized QM-energy
Note: MM energy also contains the QM-MM Lennard-Jones interaction

QM energy:              -836.780646341310 
MM energy:                -3.502034032210
QM/MM energy:           -840.282680373520 

  ------------ENDING QM/MM MODULE------------- 

----------------------------------------------------------------
Time to calculate step (QM/MM run): 98.107 seconds, 1.6 minutes.
----------------------------------------------------------------
geometric called save_guess_files option option for ASHengineclass.
This option is currently unsupported in ASH. Continuing.

Convergence criteria: {'convergence_energy': 1e-05, 'convergence_grms': 0.003, 'convergence_gmax': 0.006, 'convergence_drms': 0.01, 'convergence_dmax': 0.015, 'convergence_cmax': 0.01}

Replacing coordinates in fragment.
Creating/Updating fragment attributes...
Number of Atoms in fragment: 100
Formula: H48C20N18O14
Label: CHHCCOOOCHCHCCHCHCHOHCOOCOOHCOOHCNHHNHHNHHCNHHNHHNHHCNHHNHHNHHCOOHCNHHNHHNHHCNHHNHHNHHCNHHNHHNHHCOOH
Charge: -2 Mult: 1

--------------------------------------------------------------------------------
Wrote XYZ file:  Fragment-currentgeo.xyz
Current geometry (Å) in step 25 (print_atoms_list region)
---------------------------------------------------
        C  57.66539064   36.08863845   59.24645782
        H  57.91422197   36.29527880   58.19695094
        H  58.16218853   36.69443464   60.00335801
        C  56.83013759   35.09070928   59.55319912
        C  56.46176177   34.73811442   61.03047554
        O  56.93272275   35.46421918   61.95033320
        O  55.69939603   33.75453544   61.22236091
        O  56.25053684   34.31190416   58.59404042
        C  57.08614281   33.38977901   57.75782969
        H  56.51256224   32.44817006   57.81107551
        C  58.43054901   33.18914544   58.35938847
        H  58.47712371   32.79081901   59.37432478
        C  59.59556418   33.43845928   57.72994494
        C  59.59593527   33.88194690   56.32869738
        H  60.55495314   34.03653802   55.82713204
        C  58.44506224   34.02330442   55.64543519
        H  58.43988741   34.26853243   54.57882547
        C  57.08020829   33.77969056   56.24638266
        H  56.49623414   34.71877375   56.14950019
        O  56.50529687   32.75112034   55.46235363
        H  55.54956260   32.71060426   55.60866222
        C  60.89253529   33.36646680   58.56234238
        O  60.91767039   32.54126845   59.51865243
        O  61.76349859   34.21390136   58.26992345
        C  67.06110000   31.21890000   45.40400000
        O  68.24492500   31.28067600   45.00746300
        O  66.34981600   30.19151700   45.43655900
        H  66.60312100   32.15475000   45.75676100
        C  60.94920000   22.42780000   52.26980000
        O  62.13302500   22.48957600   51.87326300
        O  60.23791600   21.40041700   52.30235900
        H  60.49122100   23.36365000   52.62256100
        C  60.29000000   45.74590000   60.12010000
        N  60.44057700   46.13112000   58.85604600
        H  60.13006000   46.79362200   59.55230000
        H  60.63674600   45.17608200   59.11971300
        N  59.88110100   46.61830400   61.03694900
        H  60.07727000   45.66326600   61.30061600
        H  59.99544900   46.91084000   60.07702800
        N  60.54832100   44.48827600   60.46730500
        H  60.66267000   44.78081100   59.50738400
        H  60.23780400   45.15077800   61.16355900
        C  65.94230000   32.41320000   65.05370000
        N  66.09287700   32.79842000   63.78964600
        H  65.78236000   33.46092200   64.48590000
        H  66.28904600   31.84338200   64.05331300
        N  65.53340100   33.28560400   65.97054900
        H  65.72957000   32.33056600   66.23421600
        H  65.64774900   33.57814000   65.01062800
        N  66.20062100   31.15557600   65.40090500
        H  66.31497000   31.44811100   64.44098400
        H  65.89010400   31.81807800   66.09715900
        C  60.36560000   26.37370000   64.44940000
        N  60.51617700   26.75892000   63.18534600
        H  60.20566000   27.42142200   63.88160000
        H  60.71234600   25.80388200   63.44901300
        N  59.95670100   27.24610400   65.36624900
        H  60.15287000   26.29106600   65.62991600
        H  60.07104900   27.53864000   64.40632800
        N  60.62392100   25.11607600   64.79660500
        H  60.73827000   25.40861100   63.83668400
        H  60.31340400   25.77857800   65.49285900
        C  54.33830000   23.34980000   51.27940000
        O  55.52212500   23.41157600   50.88286300
        O  53.62701600   22.32241700   51.31195900
        H  53.88032100   24.28565000   51.63216100
        C  54.36270000   35.33710000   66.60610000
        N  54.51327700   35.72232000   65.34204600
        H  54.20276000   36.38482200   66.03830000
        H  54.70944600   34.76728200   65.60571300
        N  53.95380100   36.20950400   67.52294900
        H  54.14997000   35.25446600   67.78661600
        H  54.06814900   36.50204000   66.56302800
        N  54.62102100   34.07947600   66.95330500
        H  54.73537000   34.37201100   65.99338400
        H  54.31050400   34.74197800   67.64955900
        C  50.32010000   31.37760000   63.34690000
        N  50.47067700   31.76282000   62.08284600
        H  50.16016000   32.42532200   62.77910000
        H  50.66684600   30.80778200   62.34651300
        N  49.91120100   32.25000400   64.26374900
        H  50.10737000   31.29496600   64.52741600
        H  50.02554900   32.54254000   63.30382800
        N  50.57842100   30.11997600   63.69410500
        H  50.69277000   30.41251100   62.73418400
        H  50.26790400   30.78247800   64.39035900
        C  48.15690000   38.37280000   60.57290000
        N  48.30747700   38.75802000   59.30884600
        H  47.99696000   39.42052200   60.00510000
        H  48.50364600   37.80298200   59.57251300
        N  47.74800100   39.24520400   61.48974900
        H  47.94417000   38.29016600   61.75341600
        H  47.86234900   39.53774000   60.52982800
        N  48.41522100   37.11517600   60.92010500
        H  48.52957000   37.40771100   59.96018400
        H  48.10470400   37.77767800   61.61635900
        C  56.26950000   32.15260000   44.03970000
        O  57.45332500   32.21437600   43.64316300
        O  55.55821600   31.12521700   44.07225900
        H  55.81152100   33.08845000   44.39246100

Note: printed only print_atoms_list (this is not necessarily all atoms) 
  ------------RUNNING QM/MM MODULE------------- 
QM Module: ORCATheory
MM Module: OpenMMTheory
Charge provided from QMMMTheory object:  -2
Mult provided from QMMMTheory object:  1
QM-region Charge: -2 Mult: 1
Embedding: Electrostatic
Number of pointcharges (to QM program): 76
Number of charge coordinates: 76
Running QM/MM object with 8 cores available

-------------------------------------------------------------------
Time to calculate step (before-QMstep): 0.000 seconds, 0.0 minutes.
-------------------------------------------------------------------
  ------------RUNNING ORCA INTERFACE------------- 
Object-label: ORCA
Run-label: None
Running ORCA with 8 cores available
Moreadfile option not active
A GBW-file with same basename : orca.gbw is present
Autostart is False. ORCA will ignore any file present
Creating inputfile: orca.inp
ORCA input:
! B3LYP D3BJ def2-SVP def2/J RIJCOSX CPCM TightSCF

! Noautostart

%cpcm epsilon 4.0 end
%scf MaxIter 300 Guess PModel end
Charge: -2  Mult: 1
Pointcharge embedding is on!
 ORCA Calculation starting. 
Found warning messages in ORCA outputfile:
WARNING: The chosen methods will break translational/rotational symmetry
 WARNING: The chosen methods will break translational symmetry
 WARNING: The chosen methods will break translational symmetry

 ORCA Calculation done. 
ORCA converged in 12 iterations
ORCA energy: -836.786033844783
  ------------ENDING ORCA-INTERFACE------------- 

---------------------------------------------------------------
Time to calculate step (ORCA run): 93.352 seconds, 1.6 minutes.
---------------------------------------------------------------

--------------------------------------------------------------
Time to calculate step (QM step): 93.352 seconds, 1.6 minutes.
--------------------------------------------------------------

----------------------------------------------------------------------
Time to calculate step (QMpcgrad prepare): 0.000 seconds, 0.0 minutes.
----------------------------------------------------------------------

--------------------------------------------------------------------------
Time to calculate step (linkatomgrad prepare): 0.000 seconds, 0.0 minutes.
--------------------------------------------------------------------------

----------------------------------------------------------------------------
Time to calculate step (QM/MM gradient prepare): 0.000 seconds, 0.0 minutes.
----------------------------------------------------------------------------
Using OpenMM theory as part of QM/MM.
Using MM on full system. Charges for QM region [0, 1, 2, 3, 4, 5, 6, 7, 8, 9, 10, 11, 12, 13, 14, 15, 16, 17, 18, 19, 20, 21, 22, 23] have been set to zero 

--------------------------------------------------------------------------------
                   Creating/updating OpenMM simulation object                   
--------------------------------------------------------------------------------

Integrator name: VerletIntegrator
Timestep: 0.001
Temperature: 300
Coupling frequency: 1
Properties: {'Threads': '1'}
Topology: <Topology; 1 chains, 1 residues, 100 atoms, 0 bonds>

----------------------------------------------------------------------------------
Time to calculate step (creating/updating simulation): 0.002 seconds, 0.0 minutes.
----------------------------------------------------------------------------------

--------------------------------------------------------------------------------
                     Running Single-point OpenMM Interface                      
--------------------------------------------------------------------------------

Number of OpenMM system constraints defined: 0

-----------------------------------------------------------------------------------
Time to calculate step (OpenMMTheory.run: const-check): 0.002 seconds, 0.0 minutes.
-----------------------------------------------------------------------------------
Updating coordinates.

------------------------------------------------------------------------
Time to calculate step (Creating pos array): 0.000 seconds, 0.0 minutes.
------------------------------------------------------------------------

---------------------------------------------------------------------------
Time to calculate step (Updating MM positions): 0.000 seconds, 0.0 minutes.
---------------------------------------------------------------------------
Calling OpenMM getState.

---------------------------------------------------------------------
Time to calculate step (OpenMM getState): 0.000 seconds, 0.0 minutes.
---------------------------------------------------------------------
OpenMM Energy: -3.5020918334439495 Eh
OpenMM Energy: -2197.5958045250904 kcal/mol

-----------------------
Ending OpenMM interface
-----------------------

----------------------------------------------------------------
Time to calculate step (OpenMM run): 0.004 seconds, 0.0 minutes.
----------------------------------------------------------------

-------------------------------------------------------------
Time to calculate step (MM step): 0.004 seconds, 0.0 minutes.
-------------------------------------------------------------

Note: You are using electrostatic embedding. This means that the QM-energy is actually the polarized QM-energy
Note: MM energy also contains the QM-MM Lennard-Jones interaction

QM energy:              -836.786033844783 
MM energy:                -3.502091833444
QM/MM energy:           -840.288125678227 

  ------------ENDING QM/MM MODULE------------- 

----------------------------------------------------------------
Time to calculate step (QM/MM run): 93.357 seconds, 1.6 minutes.
----------------------------------------------------------------
geometric called save_guess_files option option for ASHengineclass.
This option is currently unsupported in ASH. Continuing.

Convergence criteria: {'convergence_energy': 1e-05, 'convergence_grms': 0.003, 'convergence_gmax': 0.006, 'convergence_drms': 0.01, 'convergence_dmax': 0.015, 'convergence_cmax': 0.01}

Replacing coordinates in fragment.
Creating/Updating fragment attributes...
Number of Atoms in fragment: 100
Formula: H48C20N18O14
Label: CHHCCOOOCHCHCCHCHCHOHCOOCOOHCOOHCNHHNHHNHHCNHHNHHNHHCNHHNHHNHHCOOHCNHHNHHNHHCNHHNHHNHHCNHHNHHNHHCOOH
Charge: -2 Mult: 1

--------------------------------------------------------------------------------
Wrote XYZ file:  Fragment-currentgeo.xyz
Current geometry (Å) in step 26 (print_atoms_list region)
---------------------------------------------------
        C  57.58877669   36.10334275   59.32624931
        H  57.88200509   36.29748910   58.28091172
        H  58.01709500   36.73683872   60.10789281
        C  56.77984145   35.07571331   59.62238804
        C  56.38629446   34.71987827   61.09990318
        O  56.82925734   35.45520509   62.02907742
        O  55.62210040   33.73417265   61.26838879
        O  56.22127139   34.28755627   58.65584627
        C  57.07259594   33.38077899   57.82731846
        H  56.50318633   32.43572317   57.84705388
        C  58.41099817   33.18286212   58.44921765
        H  58.44143526   32.78817673   59.46610049
        C  59.58457932   33.45283996   57.84489710
        C  59.60108675   33.90732243   56.44401215
        H  60.56525799   34.08196451   55.95667870
        C  58.45845048   34.04325380   55.74184776
        H  58.46544259   34.29249715   54.67540773
        C  57.08620744   33.78739278   56.31966628
        H  56.50417621   34.72773385   56.22439616
        O  56.52400319   32.76104081   55.52521812
        H  55.55578843   32.76707116   55.60429452
        C  60.86098397   33.40163436   58.70268606
        O  60.85838453   32.59465570   59.68173752
        O  61.74292775   34.22215475   58.39109777
        C  67.06110000   31.21890000   45.40400000
        O  68.24492500   31.28067600   45.00746300
        O  66.34981600   30.19151700   45.43655900
        H  66.60312100   32.15475000   45.75676100
        C  60.94920000   22.42780000   52.26980000
        O  62.13302500   22.48957600   51.87326300
        O  60.23791600   21.40041700   52.30235900
        H  60.49122100   23.36365000   52.62256100
        C  60.29000000   45.74590000   60.12010000
        N  60.44057700   46.13112000   58.85604600
        H  60.13006000   46.79362200   59.55230000
        H  60.63674600   45.17608200   59.11971300
        N  59.88110100   46.61830400   61.03694900
        H  60.07727000   45.66326600   61.30061600
        H  59.99544900   46.91084000   60.07702800
        N  60.54832100   44.48827600   60.46730500
        H  60.66267000   44.78081100   59.50738400
        H  60.23780400   45.15077800   61.16355900
        C  65.94230000   32.41320000   65.05370000
        N  66.09287700   32.79842000   63.78964600
        H  65.78236000   33.46092200   64.48590000
        H  66.28904600   31.84338200   64.05331300
        N  65.53340100   33.28560400   65.97054900
        H  65.72957000   32.33056600   66.23421600
        H  65.64774900   33.57814000   65.01062800
        N  66.20062100   31.15557600   65.40090500
        H  66.31497000   31.44811100   64.44098400
        H  65.89010400   31.81807800   66.09715900
        C  60.36560000   26.37370000   64.44940000
        N  60.51617700   26.75892000   63.18534600
        H  60.20566000   27.42142200   63.88160000
        H  60.71234600   25.80388200   63.44901300
        N  59.95670100   27.24610400   65.36624900
        H  60.15287000   26.29106600   65.62991600
        H  60.07104900   27.53864000   64.40632800
        N  60.62392100   25.11607600   64.79660500
        H  60.73827000   25.40861100   63.83668400
        H  60.31340400   25.77857800   65.49285900
        C  54.33830000   23.34980000   51.27940000
        O  55.52212500   23.41157600   50.88286300
        O  53.62701600   22.32241700   51.31195900
        H  53.88032100   24.28565000   51.63216100
        C  54.36270000   35.33710000   66.60610000
        N  54.51327700   35.72232000   65.34204600
        H  54.20276000   36.38482200   66.03830000
        H  54.70944600   34.76728200   65.60571300
        N  53.95380100   36.20950400   67.52294900
        H  54.14997000   35.25446600   67.78661600
        H  54.06814900   36.50204000   66.56302800
        N  54.62102100   34.07947600   66.95330500
        H  54.73537000   34.37201100   65.99338400
        H  54.31050400   34.74197800   67.64955900
        C  50.32010000   31.37760000   63.34690000
        N  50.47067700   31.76282000   62.08284600
        H  50.16016000   32.42532200   62.77910000
        H  50.66684600   30.80778200   62.34651300
        N  49.91120100   32.25000400   64.26374900
        H  50.10737000   31.29496600   64.52741600
        H  50.02554900   32.54254000   63.30382800
        N  50.57842100   30.11997600   63.69410500
        H  50.69277000   30.41251100   62.73418400
        H  50.26790400   30.78247800   64.39035900
        C  48.15690000   38.37280000   60.57290000
        N  48.30747700   38.75802000   59.30884600
        H  47.99696000   39.42052200   60.00510000
        H  48.50364600   37.80298200   59.57251300
        N  47.74800100   39.24520400   61.48974900
        H  47.94417000   38.29016600   61.75341600
        H  47.86234900   39.53774000   60.52982800
        N  48.41522100   37.11517600   60.92010500
        H  48.52957000   37.40771100   59.96018400
        H  48.10470400   37.77767800   61.61635900
        C  56.26950000   32.15260000   44.03970000
        O  57.45332500   32.21437600   43.64316300
        O  55.55821600   31.12521700   44.07225900
        H  55.81152100   33.08845000   44.39246100

Note: printed only print_atoms_list (this is not necessarily all atoms) 
  ------------RUNNING QM/MM MODULE------------- 
QM Module: ORCATheory
MM Module: OpenMMTheory
Charge provided from QMMMTheory object:  -2
Mult provided from QMMMTheory object:  1
QM-region Charge: -2 Mult: 1
Embedding: Electrostatic
Number of pointcharges (to QM program): 76
Number of charge coordinates: 76
Running QM/MM object with 8 cores available

-------------------------------------------------------------------
Time to calculate step (before-QMstep): 0.000 seconds, 0.0 minutes.
-------------------------------------------------------------------
  ------------RUNNING ORCA INTERFACE------------- 
Object-label: ORCA
Run-label: None
Running ORCA with 8 cores available
Moreadfile option not active
A GBW-file with same basename : orca.gbw is present
Autostart is False. ORCA will ignore any file present
Creating inputfile: orca.inp
ORCA input:
! B3LYP D3BJ def2-SVP def2/J RIJCOSX CPCM TightSCF

! Noautostart

%cpcm epsilon 4.0 end
%scf MaxIter 300 Guess PModel end
Charge: -2  Mult: 1
Pointcharge embedding is on!
 ORCA Calculation starting. 
Found warning messages in ORCA outputfile:
WARNING: The chosen methods will break translational/rotational symmetry
 WARNING: The chosen methods will break translational symmetry
 WARNING: The chosen methods will break translational symmetry

 ORCA Calculation done. 
ORCA converged in 12 iterations
ORCA energy: -836.792792681542
  ------------ENDING ORCA-INTERFACE------------- 

---------------------------------------------------------------
Time to calculate step (ORCA run): 95.555 seconds, 1.6 minutes.
---------------------------------------------------------------

--------------------------------------------------------------
Time to calculate step (QM step): 95.555 seconds, 1.6 minutes.
--------------------------------------------------------------

----------------------------------------------------------------------
Time to calculate step (QMpcgrad prepare): 0.000 seconds, 0.0 minutes.
----------------------------------------------------------------------

--------------------------------------------------------------------------
Time to calculate step (linkatomgrad prepare): 0.000 seconds, 0.0 minutes.
--------------------------------------------------------------------------

----------------------------------------------------------------------------
Time to calculate step (QM/MM gradient prepare): 0.000 seconds, 0.0 minutes.
----------------------------------------------------------------------------
Using OpenMM theory as part of QM/MM.
Using MM on full system. Charges for QM region [0, 1, 2, 3, 4, 5, 6, 7, 8, 9, 10, 11, 12, 13, 14, 15, 16, 17, 18, 19, 20, 21, 22, 23] have been set to zero 

--------------------------------------------------------------------------------
                   Creating/updating OpenMM simulation object                   
--------------------------------------------------------------------------------

Integrator name: VerletIntegrator
Timestep: 0.001
Temperature: 300
Coupling frequency: 1
Properties: {'Threads': '1'}
Topology: <Topology; 1 chains, 1 residues, 100 atoms, 0 bonds>

----------------------------------------------------------------------------------
Time to calculate step (creating/updating simulation): 0.002 seconds, 0.0 minutes.
----------------------------------------------------------------------------------

--------------------------------------------------------------------------------
                     Running Single-point OpenMM Interface                      
--------------------------------------------------------------------------------

Number of OpenMM system constraints defined: 0

-----------------------------------------------------------------------------------
Time to calculate step (OpenMMTheory.run: const-check): 0.002 seconds, 0.0 minutes.
-----------------------------------------------------------------------------------
Updating coordinates.

------------------------------------------------------------------------
Time to calculate step (Creating pos array): 0.000 seconds, 0.0 minutes.
------------------------------------------------------------------------

---------------------------------------------------------------------------
Time to calculate step (Updating MM positions): 0.000 seconds, 0.0 minutes.
---------------------------------------------------------------------------
Calling OpenMM getState.

---------------------------------------------------------------------
Time to calculate step (OpenMM getState): 0.000 seconds, 0.0 minutes.
---------------------------------------------------------------------
OpenMM Energy: -3.5021772952716606 Eh
OpenMM Energy: -2197.6494326316497 kcal/mol

-----------------------
Ending OpenMM interface
-----------------------

----------------------------------------------------------------
Time to calculate step (OpenMM run): 0.004 seconds, 0.0 minutes.
----------------------------------------------------------------

-------------------------------------------------------------
Time to calculate step (MM step): 0.004 seconds, 0.0 minutes.
-------------------------------------------------------------

Note: You are using electrostatic embedding. This means that the QM-energy is actually the polarized QM-energy
Note: MM energy also contains the QM-MM Lennard-Jones interaction

QM energy:              -836.792792681542 
MM energy:                -3.502177295272
QM/MM energy:           -840.294969976814 

  ------------ENDING QM/MM MODULE------------- 

----------------------------------------------------------------
Time to calculate step (QM/MM run): 95.559 seconds, 1.6 minutes.
----------------------------------------------------------------
geometric called save_guess_files option option for ASHengineclass.
This option is currently unsupported in ASH. Continuing.

Convergence criteria: {'convergence_energy': 1e-05, 'convergence_grms': 0.003, 'convergence_gmax': 0.006, 'convergence_drms': 0.01, 'convergence_dmax': 0.015, 'convergence_cmax': 0.01}

Replacing coordinates in fragment.
Creating/Updating fragment attributes...
Number of Atoms in fragment: 100
Formula: H48C20N18O14
Label: CHHCCOOOCHCHCCHCHCHOHCOOCOOHCOOHCNHHNHHNHHCNHHNHHNHHCNHHNHHNHHCOOHCNHHNHHNHHCNHHNHHNHHCNHHNHHNHHCOOH
Charge: -2 Mult: 1

--------------------------------------------------------------------------------
Wrote XYZ file:  Fragment-currentgeo.xyz
Current geometry (Å) in step 27 (print_atoms_list region)
---------------------------------------------------
        C  57.48292741   36.11014401   59.44019011
        H  57.83364196   36.28861385   58.40734490
        H  57.81968606   36.77939181   60.23857173
        C  56.70218932   35.05102112   59.72005099
        C  56.26331822   34.71028386   61.19046837
        O  56.66945751   35.46224550   62.12083527
        O  55.49726053   33.72917929   61.35625561
        O  56.18642615   34.24347507   58.74653539
        C  57.05319211   33.35962189   57.92706902
        H  56.48844613   32.41310673   57.90499599
        C  58.37942652   33.16103334   58.57399515
        H  58.38954112   32.76681689   59.59166046
        C  59.56337231   33.46272473   58.00272035
        C  59.60588238   33.93958975   56.60797449
        H  60.57632571   34.13963434   56.14209807
        C  58.47709114   34.07481226   55.88553573
        H  58.50458492   34.33864171   54.82223923
        C  57.09481397   33.79576439   56.42766009
        H  56.50990543   34.73451874   56.34033546
        O  56.54689103   32.77716571   55.61140223
        H  55.57483909   32.84774263   55.59515262
        C  60.81552785   33.43349462   58.89360890
        O  60.78920065   32.68959866   59.92101939
        O  61.71715491   34.23974343   58.57442419
        C  67.06110000   31.21890000   45.40400000
        O  68.24492500   31.28067600   45.00746300
        O  66.34981600   30.19151700   45.43655900
        H  66.60312100   32.15475000   45.75676100
        C  60.94920000   22.42780000   52.26980000
        O  62.13302500   22.48957600   51.87326300
        O  60.23791600   21.40041700   52.30235900
        H  60.49122100   23.36365000   52.62256100
        C  60.29000000   45.74590000   60.12010000
        N  60.44057700   46.13112000   58.85604600
        H  60.13006000   46.79362200   59.55230000
        H  60.63674600   45.17608200   59.11971300
        N  59.88110100   46.61830400   61.03694900
        H  60.07727000   45.66326600   61.30061600
        H  59.99544900   46.91084000   60.07702800
        N  60.54832100   44.48827600   60.46730500
        H  60.66267000   44.78081100   59.50738400
        H  60.23780400   45.15077800   61.16355900
        C  65.94230000   32.41320000   65.05370000
        N  66.09287700   32.79842000   63.78964600
        H  65.78236000   33.46092200   64.48590000
        H  66.28904600   31.84338200   64.05331300
        N  65.53340100   33.28560400   65.97054900
        H  65.72957000   32.33056600   66.23421600
        H  65.64774900   33.57814000   65.01062800
        N  66.20062100   31.15557600   65.40090500
        H  66.31497000   31.44811100   64.44098400
        H  65.89010400   31.81807800   66.09715900
        C  60.36560000   26.37370000   64.44940000
        N  60.51617700   26.75892000   63.18534600
        H  60.20566000   27.42142200   63.88160000
        H  60.71234600   25.80388200   63.44901300
        N  59.95670100   27.24610400   65.36624900
        H  60.15287000   26.29106600   65.62991600
        H  60.07104900   27.53864000   64.40632800
        N  60.62392100   25.11607600   64.79660500
        H  60.73827000   25.40861100   63.83668400
        H  60.31340400   25.77857800   65.49285900
        C  54.33830000   23.34980000   51.27940000
        O  55.52212500   23.41157600   50.88286300
        O  53.62701600   22.32241700   51.31195900
        H  53.88032100   24.28565000   51.63216100
        C  54.36270000   35.33710000   66.60610000
        N  54.51327700   35.72232000   65.34204600
        H  54.20276000   36.38482200   66.03830000
        H  54.70944600   34.76728200   65.60571300
        N  53.95380100   36.20950400   67.52294900
        H  54.14997000   35.25446600   67.78661600
        H  54.06814900   36.50204000   66.56302800
        N  54.62102100   34.07947600   66.95330500
        H  54.73537000   34.37201100   65.99338400
        H  54.31050400   34.74197800   67.64955900
        C  50.32010000   31.37760000   63.34690000
        N  50.47067700   31.76282000   62.08284600
        H  50.16016000   32.42532200   62.77910000
        H  50.66684600   30.80778200   62.34651300
        N  49.91120100   32.25000400   64.26374900
        H  50.10737000   31.29496600   64.52741600
        H  50.02554900   32.54254000   63.30382800
        N  50.57842100   30.11997600   63.69410500
        H  50.69277000   30.41251100   62.73418400
        H  50.26790400   30.78247800   64.39035900
        C  48.15690000   38.37280000   60.57290000
        N  48.30747700   38.75802000   59.30884600
        H  47.99696000   39.42052200   60.00510000
        H  48.50364600   37.80298200   59.57251300
        N  47.74800100   39.24520400   61.48974900
        H  47.94417000   38.29016600   61.75341600
        H  47.86234900   39.53774000   60.52982800
        N  48.41522100   37.11517600   60.92010500
        H  48.52957000   37.40771100   59.96018400
        H  48.10470400   37.77767800   61.61635900
        C  56.26950000   32.15260000   44.03970000
        O  57.45332500   32.21437600   43.64316300
        O  55.55821600   31.12521700   44.07225900
        H  55.81152100   33.08845000   44.39246100

Note: printed only print_atoms_list (this is not necessarily all atoms) 
  ------------RUNNING QM/MM MODULE------------- 
QM Module: ORCATheory
MM Module: OpenMMTheory
Charge provided from QMMMTheory object:  -2
Mult provided from QMMMTheory object:  1
QM-region Charge: -2 Mult: 1
Embedding: Electrostatic
Number of pointcharges (to QM program): 76
Number of charge coordinates: 76
Running QM/MM object with 8 cores available

-------------------------------------------------------------------
Time to calculate step (before-QMstep): 0.000 seconds, 0.0 minutes.
-------------------------------------------------------------------
  ------------RUNNING ORCA INTERFACE------------- 
Object-label: ORCA
Run-label: None
Running ORCA with 8 cores available
Moreadfile option not active
A GBW-file with same basename : orca.gbw is present
Autostart is False. ORCA will ignore any file present
Creating inputfile: orca.inp
ORCA input:
! B3LYP D3BJ def2-SVP def2/J RIJCOSX CPCM TightSCF

! Noautostart

%cpcm epsilon 4.0 end
%scf MaxIter 300 Guess PModel end
Charge: -2  Mult: 1
Pointcharge embedding is on!
 ORCA Calculation starting. 
Found warning messages in ORCA outputfile:
WARNING: The chosen methods will break translational/rotational symmetry
 WARNING: The chosen methods will break translational symmetry
 WARNING: The chosen methods will break translational symmetry

 ORCA Calculation done. 
ORCA converged in 12 iterations
ORCA energy: -836.802585722319
  ------------ENDING ORCA-INTERFACE------------- 

---------------------------------------------------------------
Time to calculate step (ORCA run): 96.089 seconds, 1.6 minutes.
---------------------------------------------------------------

--------------------------------------------------------------
Time to calculate step (QM step): 96.089 seconds, 1.6 minutes.
--------------------------------------------------------------

----------------------------------------------------------------------
Time to calculate step (QMpcgrad prepare): 0.000 seconds, 0.0 minutes.
----------------------------------------------------------------------

--------------------------------------------------------------------------
Time to calculate step (linkatomgrad prepare): 0.000 seconds, 0.0 minutes.
--------------------------------------------------------------------------

----------------------------------------------------------------------------
Time to calculate step (QM/MM gradient prepare): 0.000 seconds, 0.0 minutes.
----------------------------------------------------------------------------
Using OpenMM theory as part of QM/MM.
Using MM on full system. Charges for QM region [0, 1, 2, 3, 4, 5, 6, 7, 8, 9, 10, 11, 12, 13, 14, 15, 16, 17, 18, 19, 20, 21, 22, 23] have been set to zero 

--------------------------------------------------------------------------------
                   Creating/updating OpenMM simulation object                   
--------------------------------------------------------------------------------

Integrator name: VerletIntegrator
Timestep: 0.001
Temperature: 300
Coupling frequency: 1
Properties: {'Threads': '1'}
Topology: <Topology; 1 chains, 1 residues, 100 atoms, 0 bonds>

----------------------------------------------------------------------------------
Time to calculate step (creating/updating simulation): 0.002 seconds, 0.0 minutes.
----------------------------------------------------------------------------------

--------------------------------------------------------------------------------
                     Running Single-point OpenMM Interface                      
--------------------------------------------------------------------------------

Number of OpenMM system constraints defined: 0

-----------------------------------------------------------------------------------
Time to calculate step (OpenMMTheory.run: const-check): 0.002 seconds, 0.0 minutes.
-----------------------------------------------------------------------------------
Updating coordinates.

------------------------------------------------------------------------
Time to calculate step (Creating pos array): 0.000 seconds, 0.0 minutes.
------------------------------------------------------------------------

---------------------------------------------------------------------------
Time to calculate step (Updating MM positions): 0.000 seconds, 0.0 minutes.
---------------------------------------------------------------------------
Calling OpenMM getState.

---------------------------------------------------------------------
Time to calculate step (OpenMM getState): 0.000 seconds, 0.0 minutes.
Step   30 : Displace = [0m9.849e-02[0m/[0m3.157e-01[0m (rms/max) Trust = 9.834e-02 ([92m+[0m) Grad_T = [92m2.224e-03[0m/[0m8.772e-03[0m (rms/max) E (change) = -840.3190820329 ([0m-1.418e-02[0m) Quality = [0m1.022[0m
Hessian Eigenvalues: 1.72854e-04 4.70225e-03 1.86829e-02 ... 6.43707e-01 6.77913e-01 1.65752e+00
Step   31 : Displace = [0m1.391e-01[0m/[0m4.218e-01[0m (rms/max) Trust = 1.391e-01 ([92m+[0m) Grad_T = [0m3.234e-03[0m/[0m1.324e-02[0m (rms/max) E (change) = -840.3380627967 ([0m-1.898e-02[0m) Quality = [0m1.017[0m
Hessian Eigenvalues: 2.61290e-04 3.63490e-03 1.71513e-02 ... 6.46534e-01 6.90503e-01 1.65440e+00
Step   32 : Displace = [0m1.968e-01[0m/[0m5.577e-01[0m (rms/max) Trust = 1.967e-01 ([92m+[0m) Grad_T = [0m5.772e-03[0m/[0m3.533e-02[0m (rms/max) E (change) = -840.3615626320 ([0m-2.350e-02[0m) Quality = [0m0.951[0m
Hessian Eigenvalues: 1.96997e-04 4.44322e-03 1.57306e-02 ... 6.45730e-01 6.90763e-01 1.65326e+00
Step   33 : Displace = [0m2.793e-01[0m/[0m7.457e-01[0m (rms/max) Trust = 2.781e-01 ([92m+[0m) Grad_T = [0m1.657e-02[0m/[0m1.055e-01[0m (rms/max) E (change) = -840.3467679678 ([91m+1.479e-02[0m) Quality = [91m-0.477[0m
Hessian Eigenvalues: 1.05374e-03 4.67337e-03 1.42227e-02 ... 6.45917e-01 6.81121e-01 1.66892e+00
Step   34 : Displace = [0m8.297e-02[0m/[0m2.977e-01[0m (rms/max) Trust = 1.391e-01 ([91m-[0m) Grad_T = [0m5.522e-03[0m/[0m2.520e-02[0m (rms/max) E (change) = -840.3840097907 ([0m-3.724e-02[0m) Quality = [0m0.846[0m
Hessian Eigenvalues: 1.13689e-03 4.63430e-03 1.50851e-02 ... 6.47187e-01 6.73946e-01 1.67615e+00
Step   35 : Displace = [0m1.201e-01[0m/[0m3.681e-01[0m (rms/max) Trust = 1.967e-01 ([92m+[0m) Grad_T = [0m1.620e-02[0m/[0m1.124e-01[0m (rms/max) E (change) = -840.3846252935 ([0m-6.155e-04[0m) Quality = [0m0.064[0m
Hessian Eigenvalues: 7.80313e-04 4.61613e-03 2.18291e-02 ... 6.67869e-01 8.85445e-01 1.67628e+00
Step   36 : Displace = [0m6.028e-02[0m/[0m1.689e-01[0m (rms/max) Trust = 6.004e-02 ([91m-[0m) Grad_T = [0m6.820e-03[0m/[0m3.103e-02[0m (rms/max) E (change) = -840.4049409731 ([0m-2.032e-02[0m) Quality = [0m1.147[0m
Hessian Eigenvalues: 6.48670e-04 4.67764e-03 2.10163e-02 ... 6.57956e-01 1.18884e+00 1.68653e+00
Step   37 : Displace = [0m8.480e-02[0m/[0m2.240e-01[0m (rms/max) Trust = 8.490e-02 ([92m+[0m) Grad_T = [0m6.944e-03[0m/[0m2.603e-02[0m (rms/max) E (change) = -840.4166778284 ([0m-1.174e-02[0m) Quality = [0m0.963[0m
Hessian Eigenvalues: 4.40713e-04 5.52127e-03 1.92427e-02 ... 6.55261e-01 1.16037e+00 1.66444e+00
Step   38 : Displace = [0m1.213e-01[0m/[0m3.462e-01[0m (rms/max) Trust = 1.201e-01 ([92m+[0m) Grad_T = [0m6.555e-03[0m/[0m3.800e-02[0m (rms/max) E (change) = -840.4346043956 ([0m-1.793e-02[0m) Quality = [0m1.199[0m
Hessian Eigenvalues: 3.24898e-04 7.37492e-03 1.24246e-02 ... 6.56906e-01 1.14643e+00 1.65172e+00
Step   39 : Displace = [0m1.698e-01[0m/[0m5.059e-01[0m (rms/max) Trust = 1.698e-01 ([92m+[0m) Grad_T = [0m2.224e-02[0m/[0m1.587e-01[0m (rms/max) E (change) = -840.4366744263 ([0m-2.070e-03[0m) Quality = [0m0.079[0m
Hessian Eigenvalues: 6.04499e-04 7.16402e-03 1.32167e-02 ... 6.56931e-01 1.64462e+00 2.57325e+00
Step   40 : Displace = [0m8.573e-02[0m/[0m2.588e-01[0m (rms/max) Trust = 8.489e-02 ([91m-[0m) Grad_T = [0m9.346e-03[0m/[0m4.723e-02[0m (rms/max) E (change) = -840.4577107554 ([0m-2.104e-02[0m) Quality = [0m0.639[0m
Hessian Eigenvalues: 5.30946e-04 7.94134e-03 1.24679e-02 ... 6.57005e-01 1.64198e+00 3.37136e+00
---------------------------------------------------------------------
OpenMM Energy: -3.502315376707774 Eh
OpenMM Energy: -2197.7360800410033 kcal/mol

-----------------------
Ending OpenMM interface
-----------------------

----------------------------------------------------------------
Time to calculate step (OpenMM run): 0.002 seconds, 0.0 minutes.
----------------------------------------------------------------

-------------------------------------------------------------
Time to calculate step (MM step): 0.003 seconds, 0.0 minutes.
-------------------------------------------------------------

Note: You are using electrostatic embedding. This means that the QM-energy is actually the polarized QM-energy
Note: MM energy also contains the QM-MM Lennard-Jones interaction

QM energy:              -836.802585722319 
MM energy:                -3.502315376708
QM/MM energy:           -840.304901099027 

  ------------ENDING QM/MM MODULE------------- 

----------------------------------------------------------------
Time to calculate step (QM/MM run): 96.092 seconds, 1.6 minutes.
----------------------------------------------------------------
geometric called save_guess_files option option for ASHengineclass.
This option is currently unsupported in ASH. Continuing.
geometric called clearCalcs option for ASHengineclass.
This option is currently unsupported in ASH. Continuing.

Convergence criteria: {'convergence_energy': 1e-05, 'convergence_grms': 0.003, 'convergence_gmax': 0.006, 'convergence_drms': 0.01, 'convergence_dmax': 0.015, 'convergence_cmax': 0.01}

Replacing coordinates in fragment.
Creating/Updating fragment attributes...
Number of Atoms in fragment: 100
Formula: H48C20N18O14
Label: CHHCCOOOCHCHCCHCHCHOHCOOCOOHCOOHCNHHNHHNHHCNHHNHHNHHCNHHNHHNHHCOOHCNHHNHHNHHCNHHNHHNHHCNHHNHHNHHCOOH
Charge: -2 Mult: 1

--------------------------------------------------------------------------------
Wrote XYZ file:  Fragment-currentgeo.xyz
Current geometry (Å) in step 28 (print_atoms_list region)
---------------------------------------------------
        C  57.33957261   36.09483824   59.59529377
        H  57.74632547   36.25391962   58.58599273
        H  57.57871449   36.79415111   60.39527412
        C  56.58224026   35.01825556   59.86660222
        C  56.06136744   34.72026227   61.30203083
        O  56.41069446   35.50538380   62.23469564
        O  55.30332690   33.72107280   61.44660894
        O  56.14404612   34.17789873   58.88515818
        C  57.03098111   33.32217164   58.07074972
        H  56.47334236   32.37518460   58.00101342
        C  58.33789893   33.12434747   58.75448158
        H  58.31927712   32.71903977   59.76696852
        C  59.53230316   33.47886183   58.23424113
        C  59.60844537   33.98367264   56.84799004
        H  60.58920520   34.21331255   56.41774654
        C  58.50072329   34.12140564   56.09638216
        H  58.56070830   34.41832983   55.04301122
        C  57.10770405   33.80458125   56.58626865
        H  56.51076458   34.73579135   56.51729949
        O  56.57245258   32.80584626   55.72948683
        H  55.62164122   32.96125019   55.58900428
        C  60.75484925   33.49224305   59.16673322
        O  60.69195426   32.81812043   60.24376646
        O  61.68664314   34.24278738   58.80750986
        C  67.06110000   31.21890000   45.40400000
        O  68.24492500   31.28067600   45.00746300
        O  66.34981600   30.19151700   45.43655900
        H  66.60312100   32.15475000   45.75676100
        C  60.94920000   22.42780000   52.26980000
        O  62.13302500   22.48957600   51.87326300
        O  60.23791600   21.40041700   52.30235900
        H  60.49122100   23.36365000   52.62256100
        C  60.29000000   45.74590000   60.12010000
        N  60.44057700   46.13112000   58.85604600
        H  60.13006000   46.79362200   59.55230000
        H  60.63674600   45.17608200   59.11971300
        N  59.88110100   46.61830400   61.03694900
        H  60.07727000   45.66326600   61.30061600
        H  59.99544900   46.91084000   60.07702800
        N  60.54832100   44.48827600   60.46730500
        H  60.66267000   44.78081100   59.50738400
        H  60.23780400   45.15077800   61.16355900
        C  65.94230000   32.41320000   65.05370000
        N  66.09287700   32.79842000   63.78964600
        H  65.78236000   33.46092200   64.48590000
        H  66.28904600   31.84338200   64.05331300
        N  65.53340100   33.28560400   65.97054900
        H  65.72957000   32.33056600   66.23421600
        H  65.64774900   33.57814000   65.01062800
        N  66.20062100   31.15557600   65.40090500
        H  66.31497000   31.44811100   64.44098400
        H  65.89010400   31.81807800   66.09715900
        C  60.36560000   26.37370000   64.44940000
        N  60.51617700   26.75892000   63.18534600
        H  60.20566000   27.42142200   63.88160000
        H  60.71234600   25.80388200   63.44901300
        N  59.95670100   27.24610400   65.36624900
        H  60.15287000   26.29106600   65.62991600
        H  60.07104900   27.53864000   64.40632800
        N  60.62392100   25.11607600   64.79660500
        H  60.73827000   25.40861100   63.83668400
        H  60.31340400   25.77857800   65.49285900
        C  54.33830000   23.34980000   51.27940000
        O  55.52212500   23.41157600   50.88286300
        O  53.62701600   22.32241700   51.31195900
        H  53.88032100   24.28565000   51.63216100
        C  54.36270000   35.33710000   66.60610000
        N  54.51327700   35.72232000   65.34204600
        H  54.20276000   36.38482200   66.03830000
        H  54.70944600   34.76728200   65.60571300
        N  53.95380100   36.20950400   67.52294900
        H  54.14997000   35.25446600   67.78661600
        H  54.06814900   36.50204000   66.56302800
        N  54.62102100   34.07947600   66.95330500
        H  54.73537000   34.37201100   65.99338400
        H  54.31050400   34.74197800   67.64955900
        C  50.32010000   31.37760000   63.34690000
        N  50.47067700   31.76282000   62.08284600
        H  50.16016000   32.42532200   62.77910000
        H  50.66684600   30.80778200   62.34651300
        N  49.91120100   32.25000400   64.26374900
        H  50.10737000   31.29496600   64.52741600
        H  50.02554900   32.54254000   63.30382800
        N  50.57842100   30.11997600   63.69410500
        H  50.69277000   30.41251100   62.73418400
        H  50.26790400   30.78247800   64.39035900
        C  48.15690000   38.37280000   60.57290000
        N  48.30747700   38.75802000   59.30884600
        H  47.99696000   39.42052200   60.00510000
        H  48.50364600   37.80298200   59.57251300
        N  47.74800100   39.24520400   61.48974900
        H  47.94417000   38.29016600   61.75341600
        H  47.86234900   39.53774000   60.52982800
        N  48.41522100   37.11517600   60.92010500
        H  48.52957000   37.40771100   59.96018400
        H  48.10470400   37.77767800   61.61635900
        C  56.26950000   32.15260000   44.03970000
        O  57.45332500   32.21437600   43.64316300
        O  55.55821600   31.12521700   44.07225900
        H  55.81152100   33.08845000   44.39246100

Note: printed only print_atoms_list (this is not necessarily all atoms) 
  ------------RUNNING QM/MM MODULE------------- 
QM Module: ORCATheory
MM Module: OpenMMTheory
Charge provided from QMMMTheory object:  -2
Mult provided from QMMMTheory object:  1
QM-region Charge: -2 Mult: 1
Embedding: Electrostatic
Number of pointcharges (to QM program): 76
Number of charge coordinates: 76
Running QM/MM object with 8 cores available

-------------------------------------------------------------------
Time to calculate step (before-QMstep): 0.000 seconds, 0.0 minutes.
-------------------------------------------------------------------
  ------------RUNNING ORCA INTERFACE------------- 
Object-label: ORCA
Run-label: None
Running ORCA with 8 cores available
Moreadfile option not active
A GBW-file with same basename : orca.gbw is present
Autostart is False. ORCA will ignore any file present
Creating inputfile: orca.inp
ORCA input:
! B3LYP D3BJ def2-SVP def2/J RIJCOSX CPCM TightSCF

! Noautostart

%cpcm epsilon 4.0 end
%scf MaxIter 300 Guess PModel end
Charge: -2  Mult: 1
Pointcharge embedding is on!
 ORCA Calculation starting. 
Found warning messages in ORCA outputfile:
WARNING: The chosen methods will break translational/rotational symmetry
 WARNING: The chosen methods will break translational symmetry
 WARNING: The chosen methods will break translational symmetry

 ORCA Calculation done. 
ORCA converged in 12 iterations
ORCA energy: -836.81655699569
  ------------ENDING ORCA-INTERFACE------------- 

---------------------------------------------------------------
Time to calculate step (ORCA run): 95.341 seconds, 1.6 minutes.
---------------------------------------------------------------

--------------------------------------------------------------
Time to calculate step (QM step): 95.341 seconds, 1.6 minutes.
--------------------------------------------------------------

----------------------------------------------------------------------
Time to calculate step (QMpcgrad prepare): 0.000 seconds, 0.0 minutes.
----------------------------------------------------------------------

--------------------------------------------------------------------------
Time to calculate step (linkatomgrad prepare): 0.000 seconds, 0.0 minutes.
--------------------------------------------------------------------------

----------------------------------------------------------------------------
Time to calculate step (QM/MM gradient prepare): 0.000 seconds, 0.0 minutes.
----------------------------------------------------------------------------
Using OpenMM theory as part of QM/MM.
Using MM on full system. Charges for QM region [0, 1, 2, 3, 4, 5, 6, 7, 8, 9, 10, 11, 12, 13, 14, 15, 16, 17, 18, 19, 20, 21, 22, 23] have been set to zero 

--------------------------------------------------------------------------------
                   Creating/updating OpenMM simulation object                   
--------------------------------------------------------------------------------

Integrator name: VerletIntegrator
Timestep: 0.001
Temperature: 300
Coupling frequency: 1
Properties: {'Threads': '1'}
Topology: <Topology; 1 chains, 1 residues, 100 atoms, 0 bonds>

----------------------------------------------------------------------------------
Time to calculate step (creating/updating simulation): 0.002 seconds, 0.0 minutes.
----------------------------------------------------------------------------------

--------------------------------------------------------------------------------
                     Running Single-point OpenMM Interface                      
--------------------------------------------------------------------------------

Number of OpenMM system constraints defined: 0

-----------------------------------------------------------------------------------
Time to calculate step (OpenMMTheory.run: const-check): 0.002 seconds, 0.0 minutes.
-----------------------------------------------------------------------------------
Updating coordinates.

------------------------------------------------------------------------
Time to calculate step (Creating pos array): 0.000 seconds, 0.0 minutes.
------------------------------------------------------------------------

---------------------------------------------------------------------------
Time to calculate step (Updating MM positions): 0.000 seconds, 0.0 minutes.
---------------------------------------------------------------------------
Calling OpenMM getState.

---------------------------------------------------------------------
Time to calculate step (OpenMM getState): 0.000 seconds, 0.0 minutes.
---------------------------------------------------------------------
OpenMM Energy: -3.502525037204899 Eh
OpenMM Energy: -2197.867643989286 kcal/mol

-----------------------
Ending OpenMM interface
-----------------------

----------------------------------------------------------------
Time to calculate step (OpenMM run): 0.004 seconds, 0.0 minutes.
----------------------------------------------------------------

-------------------------------------------------------------
Time to calculate step (MM step): 0.004 seconds, 0.0 minutes.
-------------------------------------------------------------

Note: You are using electrostatic embedding. This means that the QM-energy is actually the polarized QM-energy
Note: MM energy also contains the QM-MM Lennard-Jones interaction

QM energy:              -836.816556995690 
MM energy:                -3.502525037205
QM/MM energy:           -840.319082032895 

  ------------ENDING QM/MM MODULE------------- 

----------------------------------------------------------------
Time to calculate step (QM/MM run): 95.345 seconds, 1.6 minutes.
----------------------------------------------------------------
geometric called save_guess_files option option for ASHengineclass.
This option is currently unsupported in ASH. Continuing.

Convergence criteria: {'convergence_energy': 1e-05, 'convergence_grms': 0.003, 'convergence_gmax': 0.006, 'convergence_drms': 0.01, 'convergence_dmax': 0.015, 'convergence_cmax': 0.01}

Replacing coordinates in fragment.
Creating/Updating fragment attributes...
Number of Atoms in fragment: 100
Formula: H48C20N18O14
Label: CHHCCOOOCHCHCCHCHCHOHCOOCOOHCOOHCNHHNHHNHHCNHHNHHNHHCNHHNHHNHHCOOHCNHHNHHNHHCNHHNHHNHHCNHHNHHNHHCOOH
Charge: -2 Mult: 1

--------------------------------------------------------------------------------
Wrote XYZ file:  Fragment-currentgeo.xyz
Current geometry (Å) in step 29 (print_atoms_list region)
---------------------------------------------------
        C  57.12173039   36.08682826   59.82100397
        H  57.57666184   36.27085311   58.84363602
        H  57.26767762   36.79635746   60.63605569
        C  56.39384912   34.97124897   60.05791529
        C  55.78457262   34.70766917   61.45983165
        O  56.06220338   35.52290540   62.39021616
        O  55.04102420   33.69934403   61.62187969
        O  56.04728484   34.09454811   59.07560744
        C  56.99517805   33.28252592   58.27346581
        H  56.45981083   32.32769947   58.15390725
        C  58.27730850   33.10374984   59.02039436
        H  58.22025812   32.67673672   60.02426752
        C  59.48503531   33.52090256   58.57283742
        C  59.61079949   34.04807062   57.19698905
        H  60.61036912   34.30290774   56.82240556
        C  58.53469731   34.18042945   56.39365045
        H  58.64548233   34.51807905   55.35428224
        C  57.12266435   33.82256423   56.80954119
        H  56.50953841   34.74212458   56.75470566
        O  56.60660856   32.85423687   55.89573296
        H  55.71045598   33.11053482   55.59358979
        C  60.67938074   33.57430497   59.54870010
        O  60.56016045   32.99309820   60.67851490
        O  61.65376402   34.26322275   59.16229474
        C  67.06110000   31.21890000   45.40400000
        O  68.24492500   31.28067600   45.00746300
        O  66.34981600   30.19151700   45.43655900
        H  66.60312100   32.15475000   45.75676100
        C  60.94920000   22.42780000   52.26980000
        O  62.13302500   22.48957600   51.87326300
        O  60.23791600   21.40041700   52.30235900
        H  60.49122100   23.36365000   52.62256100
        C  60.29000000   45.74590000   60.12010000
        N  60.44057700   46.13112000   58.85604600
        H  60.13006000   46.79362200   59.55230000
        H  60.63674600   45.17608200   59.11971300
        N  59.88110100   46.61830400   61.03694900
        H  60.07727000   45.66326600   61.30061600
        H  59.99544900   46.91084000   60.07702800
        N  60.54832100   44.48827600   60.46730500
        H  60.66267000   44.78081100   59.50738400
        H  60.23780400   45.15077800   61.16355900
        C  65.94230000   32.41320000   65.05370000
        N  66.09287700   32.79842000   63.78964600
        H  65.78236000   33.46092200   64.48590000
        H  66.28904600   31.84338200   64.05331300
        N  65.53340100   33.28560400   65.97054900
        H  65.72957000   32.33056600   66.23421600
        H  65.64774900   33.57814000   65.01062800
        N  66.20062100   31.15557600   65.40090500
        H  66.31497000   31.44811100   64.44098400
        H  65.89010400   31.81807800   66.09715900
        C  60.36560000   26.37370000   64.44940000
        N  60.51617700   26.75892000   63.18534600
        H  60.20566000   27.42142200   63.88160000
        H  60.71234600   25.80388200   63.44901300
        N  59.95670100   27.24610400   65.36624900
        H  60.15287000   26.29106600   65.62991600
        H  60.07104900   27.53864000   64.40632800
        N  60.62392100   25.11607600   64.79660500
        H  60.73827000   25.40861100   63.83668400
        H  60.31340400   25.77857800   65.49285900
        C  54.33830000   23.34980000   51.27940000
        O  55.52212500   23.41157600   50.88286300
        O  53.62701600   22.32241700   51.31195900
        H  53.88032100   24.28565000   51.63216100
        C  54.36270000   35.33710000   66.60610000
        N  54.51327700   35.72232000   65.34204600
        H  54.20276000   36.38482200   66.03830000
        H  54.70944600   34.76728200   65.60571300
        N  53.95380100   36.20950400   67.52294900
        H  54.14997000   35.25446600   67.78661600
        H  54.06814900   36.50204000   66.56302800
        N  54.62102100   34.07947600   66.95330500
        H  54.73537000   34.37201100   65.99338400
        H  54.31050400   34.74197800   67.64955900
        C  50.32010000   31.37760000   63.34690000
        N  50.47067700   31.76282000   62.08284600
        H  50.16016000   32.42532200   62.77910000
        H  50.66684600   30.80778200   62.34651300
        N  49.91120100   32.25000400   64.26374900
        H  50.10737000   31.29496600   64.52741600
        H  50.02554900   32.54254000   63.30382800
        N  50.57842100   30.11997600   63.69410500
        H  50.69277000   30.41251100   62.73418400
        H  50.26790400   30.78247800   64.39035900
        C  48.15690000   38.37280000   60.57290000
        N  48.30747700   38.75802000   59.30884600
        H  47.99696000   39.42052200   60.00510000
        H  48.50364600   37.80298200   59.57251300
        N  47.74800100   39.24520400   61.48974900
        H  47.94417000   38.29016600   61.75341600
        H  47.86234900   39.53774000   60.52982800
        N  48.41522100   37.11517600   60.92010500
        H  48.52957000   37.40771100   59.96018400
        H  48.10470400   37.77767800   61.61635900
        C  56.26950000   32.15260000   44.03970000
        O  57.45332500   32.21437600   43.64316300
        O  55.55821600   31.12521700   44.07225900
        H  55.81152100   33.08845000   44.39246100

Note: printed only print_atoms_list (this is not necessarily all atoms) 
  ------------RUNNING QM/MM MODULE------------- 
QM Module: ORCATheory
MM Module: OpenMMTheory
Charge provided from QMMMTheory object:  -2
Mult provided from QMMMTheory object:  1
QM-region Charge: -2 Mult: 1
Embedding: Electrostatic
Number of pointcharges (to QM program): 76
Number of charge coordinates: 76
Running QM/MM object with 8 cores available

-------------------------------------------------------------------
Time to calculate step (before-QMstep): 0.000 seconds, 0.0 minutes.
-------------------------------------------------------------------
  ------------RUNNING ORCA INTERFACE------------- 
Object-label: ORCA
Run-label: None
Running ORCA with 8 cores available
Moreadfile option not active
A GBW-file with same basename : orca.gbw is present
Autostart is False. ORCA will ignore any file present
Creating inputfile: orca.inp
ORCA input:
! B3LYP D3BJ def2-SVP def2/J RIJCOSX CPCM TightSCF

! Noautostart

%cpcm epsilon 4.0 end
%scf MaxIter 300 Guess PModel end
Charge: -2  Mult: 1
Pointcharge embedding is on!
 ORCA Calculation starting. 
Found warning messages in ORCA outputfile:
WARNING: The chosen methods will break translational/rotational symmetry
 WARNING: The chosen methods will break translational symmetry
 WARNING: The chosen methods will break translational symmetry

 ORCA Calculation done. 
ORCA converged in 12 iterations
ORCA energy: -836.835269414191
  ------------ENDING ORCA-INTERFACE------------- 

---------------------------------------------------------------
Time to calculate step (ORCA run): 95.988 seconds, 1.6 minutes.
---------------------------------------------------------------

--------------------------------------------------------------
Time to calculate step (QM step): 95.988 seconds, 1.6 minutes.
--------------------------------------------------------------

----------------------------------------------------------------------
Time to calculate step (QMpcgrad prepare): 0.000 seconds, 0.0 minutes.
----------------------------------------------------------------------

--------------------------------------------------------------------------
Time to calculate step (linkatomgrad prepare): 0.000 seconds, 0.0 minutes.
--------------------------------------------------------------------------

----------------------------------------------------------------------------
Time to calculate step (QM/MM gradient prepare): 0.000 seconds, 0.0 minutes.
----------------------------------------------------------------------------
Using OpenMM theory as part of QM/MM.
Using MM on full system. Charges for QM region [0, 1, 2, 3, 4, 5, 6, 7, 8, 9, 10, 11, 12, 13, 14, 15, 16, 17, 18, 19, 20, 21, 22, 23] have been set to zero 

--------------------------------------------------------------------------------
                   Creating/updating OpenMM simulation object                   
--------------------------------------------------------------------------------

Integrator name: VerletIntegrator
Timestep: 0.001
Temperature: 300
Coupling frequency: 1
Properties: {'Threads': '1'}
Topology: <Topology; 1 chains, 1 residues, 100 atoms, 0 bonds>

----------------------------------------------------------------------------------
Time to calculate step (creating/updating simulation): 0.002 seconds, 0.0 minutes.
----------------------------------------------------------------------------------

--------------------------------------------------------------------------------
                     Running Single-point OpenMM Interface                      
--------------------------------------------------------------------------------

Number of OpenMM system constraints defined: 0

-----------------------------------------------------------------------------------
Time to calculate step (OpenMMTheory.run: const-check): 0.002 seconds, 0.0 minutes.
-----------------------------------------------------------------------------------
Updating coordinates.

------------------------------------------------------------------------
Time to calculate step (Creating pos array): 0.000 seconds, 0.0 minutes.
------------------------------------------------------------------------

---------------------------------------------------------------------------
Time to calculate step (Updating MM positions): 0.000 seconds, 0.0 minutes.
---------------------------------------------------------------------------
Calling OpenMM getState.

---------------------------------------------------------------------
Time to calculate step (OpenMM getState): 0.000 seconds, 0.0 minutes.
---------------------------------------------------------------------
OpenMM Energy: -3.5027933825203483 Eh
OpenMM Energy: -2198.0360332170508 kcal/mol

-----------------------
Ending OpenMM interface
-----------------------

----------------------------------------------------------------
Time to calculate step (OpenMM run): 0.003 seconds, 0.0 minutes.
----------------------------------------------------------------

-------------------------------------------------------------
Time to calculate step (MM step): 0.003 seconds, 0.0 minutes.
-------------------------------------------------------------

Note: You are using electrostatic embedding. This means that the QM-energy is actually the polarized QM-energy
Note: MM energy also contains the QM-MM Lennard-Jones interaction

QM energy:              -836.835269414191 
MM energy:                -3.502793382520
QM/MM energy:           -840.338062796711 

  ------------ENDING QM/MM MODULE------------- 

----------------------------------------------------------------
Time to calculate step (QM/MM run): 95.992 seconds, 1.6 minutes.
----------------------------------------------------------------
geometric called save_guess_files option option for ASHengineclass.
This option is currently unsupported in ASH. Continuing.

Convergence criteria: {'convergence_energy': 1e-05, 'convergence_grms': 0.003, 'convergence_gmax': 0.006, 'convergence_drms': 0.01, 'convergence_dmax': 0.015, 'convergence_cmax': 0.01}

Replacing coordinates in fragment.
Creating/Updating fragment attributes...
Number of Atoms in fragment: 100
Formula: H48C20N18O14
Label: CHHCCOOOCHCHCCHCHCHOHCOOCOOHCOOHCNHHNHHNHHCNHHNHHNHHCNHHNHHNHHCOOHCNHHNHHNHHCNHHNHHNHHCNHHNHHNHHCOOH
Charge: -2 Mult: 1

--------------------------------------------------------------------------------
Wrote XYZ file:  Fragment-currentgeo.xyz
Current geometry (Å) in step 30 (print_atoms_list region)
---------------------------------------------------
        C  56.83707343   36.02319966   60.12148312
        H  57.34555485   36.25555340   59.18977616
        H  56.89050109   36.73135347   60.93977867
        C  56.11568669   34.89663565   60.32773951
        C  55.36583852   34.70257042   61.67488814
        O  55.53127047   35.58356003   62.58388642
        O  54.63058719   33.68621397   61.84168309
        O  55.90273038   33.95227935   59.37554751
        C  56.95064625   33.22442192   58.57065369
        H  56.45550996   32.25570112   58.39644361
        C  58.19031624   33.07432894   59.39987873
        H  58.08833302   32.60216786   60.38322540
        C  59.39539572   33.57466315   59.04683749
        C  59.58661441   34.13207511   57.69547354
        H  60.60620920   34.41853517   57.41162511
        C  58.56387277   34.26347198   56.83015227
        H  58.74706773   34.67750283   55.82718385
        C  57.13572207   33.85317164   57.14127078
        H  56.49382075   34.75127462   57.11165591
        O  56.65839863   32.94608772   56.13237539
        H  55.90757056   33.29000153   55.66693705
        C  60.56356068   33.67484006   60.06218118
        O  60.38192955   33.24495060   61.24811911
        O  61.59466321   34.26154761   59.63169943
        C  67.06110000   31.21890000   45.40400000
        O  68.24492500   31.28067600   45.00746300
        O  66.34981600   30.19151700   45.43655900
        H  66.60312100   32.15475000   45.75676100
        C  60.94920000   22.42780000   52.26980000
        O  62.13302500   22.48957600   51.87326300
        O  60.23791600   21.40041700   52.30235900
        H  60.49122100   23.36365000   52.62256100
        C  60.29000000   45.74590000   60.12010000
        N  60.44057700   46.13112000   58.85604600
        H  60.13006000   46.79362200   59.55230000
        H  60.63674600   45.17608200   59.11971300
        N  59.88110100   46.61830400   61.03694900
        H  60.07727000   45.66326600   61.30061600
        H  59.99544900   46.91084000   60.07702800
        N  60.54832100   44.48827600   60.46730500
        H  60.66267000   44.78081100   59.50738400
        H  60.23780400   45.15077800   61.16355900
        C  65.94230000   32.41320000   65.05370000
        N  66.09287700   32.79842000   63.78964600
        H  65.78236000   33.46092200   64.48590000
        H  66.28904600   31.84338200   64.05331300
        N  65.53340100   33.28560400   65.97054900
        H  65.72957000   32.33056600   66.23421600
        H  65.64774900   33.57814000   65.01062800
        N  66.20062100   31.15557600   65.40090500
        H  66.31497000   31.44811100   64.44098400
        H  65.89010400   31.81807800   66.09715900
        C  60.36560000   26.37370000   64.44940000
        N  60.51617700   26.75892000   63.18534600
        H  60.20566000   27.42142200   63.88160000
        H  60.71234600   25.80388200   63.44901300
        N  59.95670100   27.24610400   65.36624900
        H  60.15287000   26.29106600   65.62991600
        H  60.07104900   27.53864000   64.40632800
        N  60.62392100   25.11607600   64.79660500
        H  60.73827000   25.40861100   63.83668400
        H  60.31340400   25.77857800   65.49285900
        C  54.33830000   23.34980000   51.27940000
        O  55.52212500   23.41157600   50.88286300
        O  53.62701600   22.32241700   51.31195900
        H  53.88032100   24.28565000   51.63216100
        C  54.36270000   35.33710000   66.60610000
        N  54.51327700   35.72232000   65.34204600
        H  54.20276000   36.38482200   66.03830000
        H  54.70944600   34.76728200   65.60571300
        N  53.95380100   36.20950400   67.52294900
        H  54.14997000   35.25446600   67.78661600
        H  54.06814900   36.50204000   66.56302800
        N  54.62102100   34.07947600   66.95330500
        H  54.73537000   34.37201100   65.99338400
        H  54.31050400   34.74197800   67.64955900
        C  50.32010000   31.37760000   63.34690000
        N  50.47067700   31.76282000   62.08284600
        H  50.16016000   32.42532200   62.77910000
        H  50.66684600   30.80778200   62.34651300
        N  49.91120100   32.25000400   64.26374900
        H  50.10737000   31.29496600   64.52741600
        H  50.02554900   32.54254000   63.30382800
        N  50.57842100   30.11997600   63.69410500
        H  50.69277000   30.41251100   62.73418400
        H  50.26790400   30.78247800   64.39035900
        C  48.15690000   38.37280000   60.57290000
        N  48.30747700   38.75802000   59.30884600
        H  47.99696000   39.42052200   60.00510000
        H  48.50364600   37.80298200   59.57251300
        N  47.74800100   39.24520400   61.48974900
        H  47.94417000   38.29016600   61.75341600
        H  47.86234900   39.53774000   60.52982800
        N  48.41522100   37.11517600   60.92010500
        H  48.52957000   37.40771100   59.96018400
        H  48.10470400   37.77767800   61.61635900
        C  56.26950000   32.15260000   44.03970000
        O  57.45332500   32.21437600   43.64316300
        O  55.55821600   31.12521700   44.07225900
        H  55.81152100   33.08845000   44.39246100

Note: printed only print_atoms_list (this is not necessarily all atoms) 
  ------------RUNNING QM/MM MODULE------------- 
QM Module: ORCATheory
MM Module: OpenMMTheory
Charge provided from QMMMTheory object:  -2
Mult provided from QMMMTheory object:  1
QM-region Charge: -2 Mult: 1
Embedding: Electrostatic
Number of pointcharges (to QM program): 76
Number of charge coordinates: 76
Running QM/MM object with 8 cores available

-------------------------------------------------------------------
Time to calculate step (before-QMstep): 0.000 seconds, 0.0 minutes.
-------------------------------------------------------------------
  ------------RUNNING ORCA INTERFACE------------- 
Object-label: ORCA
Run-label: None
Running ORCA with 8 cores available
Moreadfile option not active
A GBW-file with same basename : orca.gbw is present
Autostart is False. ORCA will ignore any file present
Creating inputfile: orca.inp
ORCA input:
! B3LYP D3BJ def2-SVP def2/J RIJCOSX CPCM TightSCF

! Noautostart

%cpcm epsilon 4.0 end
%scf MaxIter 300 Guess PModel end
Charge: -2  Mult: 1
Pointcharge embedding is on!
 ORCA Calculation starting. 
Found warning messages in ORCA outputfile:
WARNING: The chosen methods will break translational/rotational symmetry
 WARNING: The chosen methods will break translational symmetry
 WARNING: The chosen methods will break translational symmetry

 ORCA Calculation done. 
ORCA converged in 12 iterations
ORCA energy: -836.859186677613
  ------------ENDING ORCA-INTERFACE------------- 

---------------------------------------------------------------
Time to calculate step (ORCA run): 94.895 seconds, 1.6 minutes.
---------------------------------------------------------------

--------------------------------------------------------------
Time to calculate step (QM step): 94.895 seconds, 1.6 minutes.
--------------------------------------------------------------

----------------------------------------------------------------------
Time to calculate step (QMpcgrad prepare): 0.000 seconds, 0.0 minutes.
----------------------------------------------------------------------

--------------------------------------------------------------------------
Time to calculate step (linkatomgrad prepare): 0.000 seconds, 0.0 minutes.
--------------------------------------------------------------------------

----------------------------------------------------------------------------
Time to calculate step (QM/MM gradient prepare): 0.000 seconds, 0.0 minutes.
----------------------------------------------------------------------------
Using OpenMM theory as part of QM/MM.
Using MM on full system. Charges for QM region [0, 1, 2, 3, 4, 5, 6, 7, 8, 9, 10, 11, 12, 13, 14, 15, 16, 17, 18, 19, 20, 21, 22, 23] have been set to zero 

--------------------------------------------------------------------------------
                   Creating/updating OpenMM simulation object                   
--------------------------------------------------------------------------------

Integrator name: VerletIntegrator
Timestep: 0.001
Temperature: 300
Coupling frequency: 1
Properties: {'Threads': '1'}
Topology: <Topology; 1 chains, 1 residues, 100 atoms, 0 bonds>

----------------------------------------------------------------------------------
Time to calculate step (creating/updating simulation): 0.002 seconds, 0.0 minutes.
----------------------------------------------------------------------------------

--------------------------------------------------------------------------------
                     Running Single-point OpenMM Interface                      
--------------------------------------------------------------------------------

Number of OpenMM system constraints defined: 0

-----------------------------------------------------------------------------------
Time to calculate step (OpenMMTheory.run: const-check): 0.002 seconds, 0.0 minutes.
-----------------------------------------------------------------------------------
Updating coordinates.

------------------------------------------------------------------------
Time to calculate step (Creating pos array): 0.000 seconds, 0.0 minutes.
------------------------------------------------------------------------

---------------------------------------------------------------------------
Time to calculate step (Updating MM positions): 0.000 seconds, 0.0 minutes.
---------------------------------------------------------------------------
Calling OpenMM getState.

---------------------------------------------------------------------
Time to calculate step (OpenMM getState): 0.000 seconds, 0.0 minutes.
---------------------------------------------------------------------
OpenMM Energy: -3.5023759544360304 Eh
OpenMM Energy: -2197.7740931394014 kcal/mol

-----------------------
Ending OpenMM interface
-----------------------

----------------------------------------------------------------
Time to calculate step (OpenMM run): 0.003 seconds, 0.0 minutes.
----------------------------------------------------------------

-------------------------------------------------------------
Time to calculate step (MM step): 0.004 seconds, 0.0 minutes.
-------------------------------------------------------------

Note: You are using electrostatic embedding. This means that the QM-energy is actually the polarized QM-energy
Note: MM energy also contains the QM-MM Lennard-Jones interaction

QM energy:              -836.859186677613 
MM energy:                -3.502375954436
QM/MM energy:           -840.361562632049 

  ------------ENDING QM/MM MODULE------------- 

----------------------------------------------------------------
Time to calculate step (QM/MM run): 94.899 seconds, 1.6 minutes.
----------------------------------------------------------------
geometric called save_guess_files option option for ASHengineclass.
This option is currently unsupported in ASH. Continuing.

Convergence criteria: {'convergence_energy': 1e-05, 'convergence_grms': 0.003, 'convergence_gmax': 0.006, 'convergence_drms': 0.01, 'convergence_dmax': 0.015, 'convergence_cmax': 0.01}

Replacing coordinates in fragment.
Creating/Updating fragment attributes...
Number of Atoms in fragment: 100
Formula: H48C20N18O14
Label: CHHCCOOOCHCHCCHCHCHOHCOOCOOHCOOHCNHHNHHNHHCNHHNHHNHHCNHHNHHNHHCOOHCNHHNHHNHHCNHHNHHNHHCNHHNHHNHHCOOH
Charge: -2 Mult: 1

--------------------------------------------------------------------------------
Wrote XYZ file:  Fragment-currentgeo.xyz
Current geometry (Å) in step 31 (print_atoms_list region)
---------------------------------------------------
        C  56.37291595   36.02042966   60.59346610
        H  56.92000144   36.36303882   59.70628071
        H  56.32973004   36.72236764   61.42429960
        C  55.72422488   34.83530392   60.70503861
        C  54.85542597   34.58350388   62.01557485
        O  54.89838779   35.48811583   62.93327236
        O  54.16812093   33.50964238   62.10696616
        O  55.69211850   33.84451352   59.75442745
        C  56.87985006   33.22273576   59.00403780
        H  56.45915285   32.22451175   58.74670993
        C  58.05947412   33.13673336   59.95887234
        H  57.87846219   32.61507151   60.90986791
        C  59.28052417   33.71268772   59.73414016
        C  59.57503256   34.27383252   58.40014825
        H  60.61429201   34.59561456   58.21925439
        C  58.62072944   34.35649336   57.44275171
        H  58.89592598   34.79991105   56.45904046
        C  57.13944716   33.91701078   57.62238889
        H  56.52037807   34.81928343   57.55933282
        O  56.64053674   33.03495334   56.59301161
        H  56.25446902   33.61037328   55.62823942
        C  60.40166009   33.84046344   60.81637899
        O  60.11015145   33.53227151   62.03321505
        O  61.51314726   34.30164871   60.38876729
        C  67.06110000   31.21890000   45.40400000
        O  68.24492500   31.28067600   45.00746300
        O  66.34981600   30.19151700   45.43655900
        H  66.60312100   32.15475000   45.75676100
        C  60.94920000   22.42780000   52.26980000
        O  62.13302500   22.48957600   51.87326300
        O  60.23791600   21.40041700   52.30235900
        H  60.49122100   23.36365000   52.62256100
        C  60.29000000   45.74590000   60.12010000
        N  60.44057700   46.13112000   58.85604600
        H  60.13006000   46.79362200   59.55230000
        H  60.63674600   45.17608200   59.11971300
        N  59.88110100   46.61830400   61.03694900
        H  60.07727000   45.66326600   61.30061600
        H  59.99544900   46.91084000   60.07702800
        N  60.54832100   44.48827600   60.46730500
        H  60.66267000   44.78081100   59.50738400
        H  60.23780400   45.15077800   61.16355900
        C  65.94230000   32.41320000   65.05370000
        N  66.09287700   32.79842000   63.78964600
        H  65.78236000   33.46092200   64.48590000
        H  66.28904600   31.84338200   64.05331300
        N  65.53340100   33.28560400   65.97054900
        H  65.72957000   32.33056600   66.23421600
        H  65.64774900   33.57814000   65.01062800
        N  66.20062100   31.15557600   65.40090500
        H  66.31497000   31.44811100   64.44098400
        H  65.89010400   31.81807800   66.09715900
        C  60.36560000   26.37370000   64.44940000
        N  60.51617700   26.75892000   63.18534600
        H  60.20566000   27.42142200   63.88160000
        H  60.71234600   25.80388200   63.44901300
        N  59.95670100   27.24610400   65.36624900
        H  60.15287000   26.29106600   65.62991600
        H  60.07104900   27.53864000   64.40632800
        N  60.62392100   25.11607600   64.79660500
        H  60.73827000   25.40861100   63.83668400
        H  60.31340400   25.77857800   65.49285900
        C  54.33830000   23.34980000   51.27940000
        O  55.52212500   23.41157600   50.88286300
        O  53.62701600   22.32241700   51.31195900
        H  53.88032100   24.28565000   51.63216100
        C  54.36270000   35.33710000   66.60610000
        N  54.51327700   35.72232000   65.34204600
        H  54.20276000   36.38482200   66.03830000
        H  54.70944600   34.76728200   65.60571300
        N  53.95380100   36.20950400   67.52294900
        H  54.14997000   35.25446600   67.78661600
        H  54.06814900   36.50204000   66.56302800
        N  54.62102100   34.07947600   66.95330500
        H  54.73537000   34.37201100   65.99338400
        H  54.31050400   34.74197800   67.64955900
        C  50.32010000   31.37760000   63.34690000
        N  50.47067700   31.76282000   62.08284600
        H  50.16016000   32.42532200   62.77910000
        H  50.66684600   30.80778200   62.34651300
        N  49.91120100   32.25000400   64.26374900
        H  50.10737000   31.29496600   64.52741600
        H  50.02554900   32.54254000   63.30382800
        N  50.57842100   30.11997600   63.69410500
        H  50.69277000   30.41251100   62.73418400
        H  50.26790400   30.78247800   64.39035900
        C  48.15690000   38.37280000   60.57290000
        N  48.30747700   38.75802000   59.30884600
        H  47.99696000   39.42052200   60.00510000
        H  48.50364600   37.80298200   59.57251300
        N  47.74800100   39.24520400   61.48974900
        H  47.94417000   38.29016600   61.75341600
        H  47.86234900   39.53774000   60.52982800
        N  48.41522100   37.11517600   60.92010500
        H  48.52957000   37.40771100   59.96018400
        H  48.10470400   37.77767800   61.61635900
        C  56.26950000   32.15260000   44.03970000
        O  57.45332500   32.21437600   43.64316300
        O  55.55821600   31.12521700   44.07225900
        H  55.81152100   33.08845000   44.39246100

Note: printed only print_atoms_list (this is not necessarily all atoms) 
  ------------RUNNING QM/MM MODULE------------- 
QM Module: ORCATheory
MM Module: OpenMMTheory
Charge provided from QMMMTheory object:  -2
Mult provided from QMMMTheory object:  1
QM-region Charge: -2 Mult: 1
Embedding: Electrostatic
Number of pointcharges (to QM program): 76
Number of charge coordinates: 76
Running QM/MM object with 8 cores available

-------------------------------------------------------------------
Time to calculate step (before-QMstep): 0.000 seconds, 0.0 minutes.
-------------------------------------------------------------------
  ------------RUNNING ORCA INTERFACE------------- 
Object-label: ORCA
Run-label: None
Running ORCA with 8 cores available
Moreadfile option not active
A GBW-file with same basename : orca.gbw is present
Autostart is False. ORCA will ignore any file present
Creating inputfile: orca.inp
ORCA input:
! B3LYP D3BJ def2-SVP def2/J RIJCOSX CPCM TightSCF

! Noautostart

%cpcm epsilon 4.0 end
%scf MaxIter 300 Guess PModel end
Charge: -2  Mult: 1
Pointcharge embedding is on!
 ORCA Calculation starting. 
Found warning messages in ORCA outputfile:
WARNING: The chosen methods will break translational/rotational symmetry
 WARNING: The chosen methods will break translational symmetry
 WARNING: The chosen methods will break translational symmetry

 ORCA Calculation done. 
ORCA converged in 12 iterations
ORCA energy: -836.858573377069
  ------------ENDING ORCA-INTERFACE------------- 

---------------------------------------------------------------
Time to calculate step (ORCA run): 89.708 seconds, 1.5 minutes.
---------------------------------------------------------------

--------------------------------------------------------------
Time to calculate step (QM step): 89.708 seconds, 1.5 minutes.
--------------------------------------------------------------

----------------------------------------------------------------------
Time to calculate step (QMpcgrad prepare): 0.000 seconds, 0.0 minutes.
----------------------------------------------------------------------

--------------------------------------------------------------------------
Time to calculate step (linkatomgrad prepare): 0.000 seconds, 0.0 minutes.
--------------------------------------------------------------------------

----------------------------------------------------------------------------
Time to calculate step (QM/MM gradient prepare): 0.000 seconds, 0.0 minutes.
----------------------------------------------------------------------------
Using OpenMM theory as part of QM/MM.
Using MM on full system. Charges for QM region [0, 1, 2, 3, 4, 5, 6, 7, 8, 9, 10, 11, 12, 13, 14, 15, 16, 17, 18, 19, 20, 21, 22, 23] have been set to zero 

--------------------------------------------------------------------------------
                   Creating/updating OpenMM simulation object                   
--------------------------------------------------------------------------------

Integrator name: VerletIntegrator
Timestep: 0.001
Temperature: 300
Coupling frequency: 1
Properties: {'Threads': '1'}
Topology: <Topology; 1 chains, 1 residues, 100 atoms, 0 bonds>

----------------------------------------------------------------------------------
Time to calculate step (creating/updating simulation): 0.002 seconds, 0.0 minutes.
----------------------------------------------------------------------------------

--------------------------------------------------------------------------------
                     Running Single-point OpenMM Interface                      
--------------------------------------------------------------------------------

Number of OpenMM system constraints defined: 0

-----------------------------------------------------------------------------------
Time to calculate step (OpenMMTheory.run: const-check): 0.002 seconds, 0.0 minutes.
-----------------------------------------------------------------------------------
Updating coordinates.

------------------------------------------------------------------------
Time to calculate step (Creating pos array): 0.000 seconds, 0.0 minutes.
------------------------------------------------------------------------

---------------------------------------------------------------------------
Time to calculate step (Updating MM positions): 0.000 seconds, 0.0 minutes.
---------------------------------------------------------------------------
Calling OpenMM getState.

---------------------------------------------------------------------
Time to calculate step (OpenMM getState): 0.000 seconds, 0.0 minutes.
---------------------------------------------------------------------
OpenMM Energy: -3.4881945907427228 Eh
OpenMM Energy: -2188.8751530667164 kcal/mol

-----------------------
Ending OpenMM interface
-----------------------

----------------------------------------------------------------
Time to calculate step (OpenMM run): 0.003 seconds, 0.0 minutes.
----------------------------------------------------------------

-------------------------------------------------------------
Time to calculate step (MM step): 0.003 seconds, 0.0 minutes.
-------------------------------------------------------------

Note: You are using electrostatic embedding. This means that the QM-energy is actually the polarized QM-energy
Note: MM energy also contains the QM-MM Lennard-Jones interaction

QM energy:              -836.858573377069 
MM energy:                -3.488194590743
QM/MM energy:           -840.346767967812 

  ------------ENDING QM/MM MODULE------------- 

----------------------------------------------------------------
Time to calculate step (QM/MM run): 89.711 seconds, 1.5 minutes.
----------------------------------------------------------------
geometric called save_guess_files option option for ASHengineclass.
This option is currently unsupported in ASH. Continuing.

Convergence criteria: {'convergence_energy': 1e-05, 'convergence_grms': 0.003, 'convergence_gmax': 0.006, 'convergence_drms': 0.01, 'convergence_dmax': 0.015, 'convergence_cmax': 0.01}

Replacing coordinates in fragment.
Creating/Updating fragment attributes...
Number of Atoms in fragment: 100
Formula: H48C20N18O14
Label: CHHCCOOOCHCHCCHCHCHOHCOOCOOHCOOHCNHHNHHNHHCNHHNHHNHHCNHHNHHNHHCOOHCNHHNHHNHHCNHHNHHNHHCNHHNHHNHHCOOH
Charge: -2 Mult: 1

--------------------------------------------------------------------------------
Wrote XYZ file:  Fragment-currentgeo.xyz
Current geometry (Å) in step 32 (print_atoms_list region)
---------------------------------------------------
        C  56.50943367   35.93466081   60.44199429
        H  57.04560841   36.23053477   59.56674457
        H  56.52881620   36.60394429   61.28251018
        C  55.79160689   34.79863219   60.56678260
        C  54.92082309   34.63520975   61.85267418
        O  55.04214182   35.57682532   62.65784370
        O  54.19820327   33.62330121   62.06781604
        O  55.70210126   33.77731772   59.70009490
        C  56.90132893   33.19851981   58.92026819
        H  56.48440313   32.19867081   58.70859040
        C  58.07906027   33.11732415   59.85484858
        H  57.93421550   32.57883497   60.79779974
        C  59.27145074   33.67995376   59.59129432
        C  59.52336390   34.24559109   58.26590449
        H  60.55546583   34.55182713   58.08852436
        C  58.56866547   34.35142018   57.32332698
        H  58.79655864   34.81155494   56.36088631
        C  57.14327807   33.90884744   57.54324325
        H  56.48536576   34.79605365   57.52626396
        O  56.72933397   33.03817696   56.49624720
        H  56.17387165   33.49339015   55.84832437
        C  60.43061815   33.78003487   60.60765643
        O  60.18229031   33.43716921   61.79180044
        O  61.51025038   34.23319691   60.15155820
        C  67.06110000   31.21890000   45.40400000
        O  68.24492500   31.28067600   45.00746300
        O  66.34981600   30.19151700   45.43655900
        H  66.60312100   32.15475000   45.75676100
        C  60.94920000   22.42780000   52.26980000
        O  62.13302500   22.48957600   51.87326300
        O  60.23791600   21.40041700   52.30235900
        H  60.49122100   23.36365000   52.62256100
        C  60.29000000   45.74590000   60.12010000
        N  60.44057700   46.13112000   58.85604600
        H  60.13006000   46.79362200   59.55230000
        H  60.63674600   45.17608200   59.11971300
        N  59.88110100   46.61830400   61.03694900
        H  60.07727000   45.66326600   61.30061600
        H  59.99544900   46.91084000   60.07702800
        N  60.54832100   44.48827600   60.46730500
        H  60.66267000   44.78081100   59.50738400
        H  60.23780400   45.15077800   61.16355900
        C  65.94230000   32.41320000   65.05370000
        N  66.09287700   32.79842000   63.78964600
        H  65.78236000   33.46092200   64.48590000
        H  66.28904600   31.84338200   64.05331300
        N  65.53340100   33.28560400   65.97054900
        H  65.72957000   32.33056600   66.23421600
        H  65.64774900   33.57814000   65.01062800
        N  66.20062100   31.15557600   65.40090500
        H  66.31497000   31.44811100   64.44098400
        H  65.89010400   31.81807800   66.09715900
        C  60.36560000   26.37370000   64.44940000
        N  60.51617700   26.75892000   63.18534600
        H  60.20566000   27.42142200   63.88160000
        H  60.71234600   25.80388200   63.44901300
        N  59.95670100   27.24610400   65.36624900
        H  60.15287000   26.29106600   65.62991600
        H  60.07104900   27.53864000   64.40632800
        N  60.62392100   25.11607600   64.79660500
        H  60.73827000   25.40861100   63.83668400
        H  60.31340400   25.77857800   65.49285900
        C  54.33830000   23.34980000   51.27940000
        O  55.52212500   23.41157600   50.88286300
        O  53.62701600   22.32241700   51.31195900
        H  53.88032100   24.28565000   51.63216100
        C  54.36270000   35.33710000   66.60610000
        N  54.51327700   35.72232000   65.34204600
        H  54.20276000   36.38482200   66.03830000
        H  54.70944600   34.76728200   65.60571300
        N  53.95380100   36.20950400   67.52294900
        H  54.14997000   35.25446600   67.78661600
        H  54.06814900   36.50204000   66.56302800
        N  54.62102100   34.07947600   66.95330500
        H  54.73537000   34.37201100   65.99338400
        H  54.31050400   34.74197800   67.64955900
        C  50.32010000   31.37760000   63.34690000
        N  50.47067700   31.76282000   62.08284600
        H  50.16016000   32.42532200   62.77910000
        H  50.66684600   30.80778200   62.34651300
        N  49.91120100   32.25000400   64.26374900
        H  50.10737000   31.29496600   64.52741600
        H  50.02554900   32.54254000   63.30382800
        N  50.57842100   30.11997600   63.69410500
        H  50.69277000   30.41251100   62.73418400
        H  50.26790400   30.78247800   64.39035900
        C  48.15690000   38.37280000   60.57290000
        N  48.30747700   38.75802000   59.30884600
        H  47.99696000   39.42052200   60.00510000
        H  48.50364600   37.80298200   59.57251300
        N  47.74800100   39.24520400   61.48974900
        H  47.94417000   38.29016600   61.75341600
        H  47.86234900   39.53774000   60.52982800
        N  48.41522100   37.11517600   60.92010500
        H  48.52957000   37.40771100   59.96018400
        H  48.10470400   37.77767800   61.61635900
        C  56.26950000   32.15260000   44.03970000
        O  57.45332500   32.21437600   43.64316300
        O  55.55821600   31.12521700   44.07225900
        H  55.81152100   33.08845000   44.39246100

Note: printed only print_atoms_list (this is not necessarily all atoms) 
  ------------RUNNING QM/MM MODULE------------- 
QM Module: ORCATheory
MM Module: OpenMMTheory
Charge provided from QMMMTheory object:  -2
Mult provided from QMMMTheory object:  1
QM-region Charge: -2 Mult: 1
Embedding: Electrostatic
Number of pointcharges (to QM program): 76
Number of charge coordinates: 76
Running QM/MM object with 8 cores available

-------------------------------------------------------------------
Time to calculate step (before-QMstep): 0.000 seconds, 0.0 minutes.
-------------------------------------------------------------------
  ------------RUNNING ORCA INTERFACE------------- 
Object-label: ORCA
Run-label: None
Running ORCA with 8 cores available
Moreadfile option not active
A GBW-file with same basename : orca.gbw is present
Autostart is False. ORCA will ignore any file present
Creating inputfile: orca.inp
ORCA input:
! B3LYP D3BJ def2-SVP def2/J RIJCOSX CPCM TightSCF

! Noautostart

%cpcm epsilon 4.0 end
%scf MaxIter 300 Guess PModel end
Charge: -2  Mult: 1
Pointcharge embedding is on!
 ORCA Calculation starting. 
Found warning messages in ORCA outputfile:
WARNING: The chosen methods will break translational/rotational symmetry
 WARNING: The chosen methods will break translational symmetry
 WARNING: The chosen methods will break translational symmetry

 ORCA Calculation done. 
ORCA converged in 12 iterations
ORCA energy: -836.883309738637
  ------------ENDING ORCA-INTERFACE------------- 

---------------------------------------------------------------
Time to calculate step (ORCA run): 93.476 seconds, 1.6 minutes.
---------------------------------------------------------------

--------------------------------------------------------------
Time to calculate step (QM step): 93.476 seconds, 1.6 minutes.
--------------------------------------------------------------

----------------------------------------------------------------------
Time to calculate step (QMpcgrad prepare): 0.000 seconds, 0.0 minutes.
----------------------------------------------------------------------

--------------------------------------------------------------------------
Time to calculate step (linkatomgrad prepare): 0.000 seconds, 0.0 minutes.
--------------------------------------------------------------------------

----------------------------------------------------------------------------
Time to calculate step (QM/MM gradient prepare): 0.000 seconds, 0.0 minutes.
----------------------------------------------------------------------------
Using OpenMM theory as part of QM/MM.
Using MM on full system. Charges for QM region [0, 1, 2, 3, 4, 5, 6, 7, 8, 9, 10, 11, 12, 13, 14, 15, 16, 17, 18, 19, 20, 21, 22, 23] have been set to zero 

--------------------------------------------------------------------------------
                   Creating/updating OpenMM simulation object                   
--------------------------------------------------------------------------------

Integrator name: VerletIntegrator
Timestep: 0.001
Temperature: 300
Coupling frequency: 1
Properties: {'Threads': '1'}
Topology: <Topology; 1 chains, 1 residues, 100 atoms, 0 bonds>

----------------------------------------------------------------------------------
Time to calculate step (creating/updating simulation): 0.002 seconds, 0.0 minutes.
----------------------------------------------------------------------------------

--------------------------------------------------------------------------------
                     Running Single-point OpenMM Interface                      
--------------------------------------------------------------------------------

Number of OpenMM system constraints defined: 0

-----------------------------------------------------------------------------------
Time to calculate step (OpenMMTheory.run: const-check): 0.002 seconds, 0.0 minutes.
-----------------------------------------------------------------------------------
Updating coordinates.

------------------------------------------------------------------------
Time to calculate step (Creating pos array): 0.000 seconds, 0.0 minutes.
------------------------------------------------------------------------

---------------------------------------------------------------------------
Time to calculate step (Updating MM positions): 0.000 seconds, 0.0 minutes.
---------------------------------------------------------------------------
Calling OpenMM getState.

---------------------------------------------------------------------
Time to calculate step (OpenMM getState): 0.000 seconds, 0.0 minutes.
---------------------------------------------------------------------
OpenMM Energy: -3.500700052040754 Eh
OpenMM Energy: -2196.7224485087604 kcal/mol

-----------------------
Ending OpenMM interface
-----------------------

----------------------------------------------------------------
Time to calculate step (OpenMM run): 0.002 seconds, 0.0 minutes.
----------------------------------------------------------------

-------------------------------------------------------------
Time to calculate step (MM step): 0.003 seconds, 0.0 minutes.
-------------------------------------------------------------

Note: You are using electrostatic embedding. This means that the QM-energy is actually the polarized QM-energy
Note: MM energy also contains the QM-MM Lennard-Jones interaction

QM energy:              -836.883309738637 
MM energy:                -3.500700052041
QM/MM energy:           -840.384009790678 

  ------------ENDING QM/MM MODULE------------- 

----------------------------------------------------------------
Time to calculate step (QM/MM run): 93.479 seconds, 1.6 minutes.
----------------------------------------------------------------
geometric called save_guess_files option option for ASHengineclass.
This option is currently unsupported in ASH. Continuing.
geometric called clearCalcs option for ASHengineclass.
This option is currently unsupported in ASH. Continuing.

Convergence criteria: {'convergence_energy': 1e-05, 'convergence_grms': 0.003, 'convergence_gmax': 0.006, 'convergence_drms': 0.01, 'convergence_dmax': 0.015, 'convergence_cmax': 0.01}

Replacing coordinates in fragment.
Creating/Updating fragment attributes...
Number of Atoms in fragment: 100
Formula: H48C20N18O14
Label: CHHCCOOOCHCHCCHCHCHOHCOOCOOHCOOHCNHHNHHNHHCNHHNHHNHHCNHHNHHNHHCOOHCNHHNHHNHHCNHHNHHNHHCNHHNHHNHHCOOH
Charge: -2 Mult: 1

--------------------------------------------------------------------------------
Wrote XYZ file:  Fragment-currentgeo.xyz
Current geometry (Å) in step 33 (print_atoms_list region)
---------------------------------------------------
        C  56.36661307   35.89174856   60.61318759
        H  57.04087677   36.15788379   59.75303034
        H  56.19451603   36.59851542   61.47619497
        C  55.66544591   34.71856543   60.73409509
        C  54.70000210   34.62743510   61.97611935
        O  54.71920128   35.61368935   62.77424085
        O  53.95846149   33.62686242   62.18062390
        O  55.67308380   33.65175656   59.87888057
        C  56.86831800   33.16812408   59.09465751
        H  56.48292326   32.16365478   58.81864802
        C  58.01345716   33.08241230   60.07323849
        H  57.84491209   32.55003293   61.01894967
        C  59.20767973   33.68405141   59.85512535
        C  59.48924000   34.30001198   58.54955111
        H  60.51692774   34.65949648   58.42335494
        C  58.55981020   34.40693350   57.58407058
        H  58.81006143   34.89735350   56.63419210
        C  57.13086961   33.93759641   57.74724256
        H  56.47258752   34.82625525   57.75518314
        O  56.75594885   33.11277961   56.64658623
        H  56.31868657   33.53326338   55.99130131
        C  60.32306283   33.81713315   60.93017809
        O  60.01627059   33.57670733   62.15555603
        O  61.43975945   34.19782232   60.46348333
        C  67.06110000   31.21890000   45.40400000
        O  68.24492500   31.28067600   45.00746300
        O  66.34981600   30.19151700   45.43655900
        H  66.60312100   32.15475000   45.75676100
        C  60.94920000   22.42780000   52.26980000
        O  62.13302500   22.48957600   51.87326300
        O  60.23791600   21.40041700   52.30235900
        H  60.49122100   23.36365000   52.62256100
        C  60.29000000   45.74590000   60.12010000
        N  60.44057700   46.13112000   58.85604600
        H  60.13006000   46.79362200   59.55230000
        H  60.63674600   45.17608200   59.11971300
        N  59.88110100   46.61830400   61.03694900
        H  60.07727000   45.66326600   61.30061600
        H  59.99544900   46.91084000   60.07702800
        N  60.54832100   44.48827600   60.46730500
        H  60.66267000   44.78081100   59.50738400
        H  60.23780400   45.15077800   61.16355900
        C  65.94230000   32.41320000   65.05370000
        N  66.09287700   32.79842000   63.78964600
        H  65.78236000   33.46092200   64.48590000
        H  66.28904600   31.84338200   64.05331300
        N  65.53340100   33.28560400   65.97054900
        H  65.72957000   32.33056600   66.23421600
        H  65.64774900   33.57814000   65.01062800
        N  66.20062100   31.15557600   65.40090500
        H  66.31497000   31.44811100   64.44098400
        H  65.89010400   31.81807800   66.09715900
        C  60.36560000   26.37370000   64.44940000
        N  60.51617700   26.75892000   63.18534600
        H  60.20566000   27.42142200   63.88160000
        H  60.71234600   25.80388200   63.44901300
        N  59.95670100   27.24610400   65.36624900
        H  60.15287000   26.29106600   65.62991600
        H  60.07104900   27.53864000   64.40632800
        N  60.62392100   25.11607600   64.79660500
        H  60.73827000   25.40861100   63.83668400
        H  60.31340400   25.77857800   65.49285900
        C  54.33830000   23.34980000   51.27940000
        O  55.52212500   23.41157600   50.88286300
        O  53.62701600   22.32241700   51.31195900
        H  53.88032100   24.28565000   51.63216100
        C  54.36270000   35.33710000   66.60610000
        N  54.51327700   35.72232000   65.34204600
        H  54.20276000   36.38482200   66.03830000
        H  54.70944600   34.76728200   65.60571300
        N  53.95380100   36.20950400   67.52294900
        H  54.14997000   35.25446600   67.78661600
        H  54.06814900   36.50204000   66.56302800
        N  54.62102100   34.07947600   66.95330500
        H  54.73537000   34.37201100   65.99338400
        H  54.31050400   34.74197800   67.64955900
        C  50.32010000   31.37760000   63.34690000
        N  50.47067700   31.76282000   62.08284600
        H  50.16016000   32.42532200   62.77910000
        H  50.66684600   30.80778200   62.34651300
        N  49.91120100   32.25000400   64.26374900
        H  50.10737000   31.29496600   64.52741600
        H  50.02554900   32.54254000   63.30382800
        N  50.57842100   30.11997600   63.69410500
        H  50.69277000   30.41251100   62.73418400
        H  50.26790400   30.78247800   64.39035900
        C  48.15690000   38.37280000   60.57290000
        N  48.30747700   38.75802000   59.30884600
        H  47.99696000   39.42052200   60.00510000
        H  48.50364600   37.80298200   59.57251300
        N  47.74800100   39.24520400   61.48974900
        H  47.94417000   38.29016600   61.75341600
        H  47.86234900   39.53774000   60.52982800
        N  48.41522100   37.11517600   60.92010500
        H  48.52957000   37.40771100   59.96018400
        H  48.10470400   37.77767800   61.61635900
        C  56.26950000   32.15260000   44.03970000
        O  57.45332500   32.21437600   43.64316300
        O  55.55821600   31.12521700   44.07225900
        H  55.81152100   33.08845000   44.39246100

Note: printed only print_atoms_list (this is not necessarily all atoms) 
  ------------RUNNING QM/MM MODULE------------- 
QM Module: ORCATheory
MM Module: OpenMMTheory
Charge provided from QMMMTheory object:  -2
Mult provided from QMMMTheory object:  1
QM-region Charge: -2 Mult: 1
Embedding: Electrostatic
Number of pointcharges (to QM program): 76
Number of charge coordinates: 76
Running QM/MM object with 8 cores available

-------------------------------------------------------------------
Time to calculate step (before-QMstep): 0.000 seconds, 0.0 minutes.
-------------------------------------------------------------------
  ------------RUNNING ORCA INTERFACE------------- 
Object-label: ORCA
Run-label: None
Running ORCA with 8 cores available
Moreadfile option not active
A GBW-file with same basename : orca.gbw is present
Autostart is False. ORCA will ignore any file present
Creating inputfile: orca.inp
ORCA input:
! B3LYP D3BJ def2-SVP def2/J RIJCOSX CPCM TightSCF

! Noautostart

%cpcm epsilon 4.0 end
%scf MaxIter 300 Guess PModel end
Charge: -2  Mult: 1
Pointcharge embedding is on!
 ORCA Calculation starting. 
Found warning messages in ORCA outputfile:
WARNING: The chosen methods will break translational/rotational symmetry
 WARNING: The chosen methods will break translational symmetry
 WARNING: The chosen methods will break translational symmetry

 ORCA Calculation done. 
ORCA converged in 12 iterations
ORCA energy: -836.888237776933
  ------------ENDING ORCA-INTERFACE------------- 

---------------------------------------------------------------
Time to calculate step (ORCA run): 89.983 seconds, 1.5 minutes.
---------------------------------------------------------------

--------------------------------------------------------------
Time to calculate step (QM step): 89.983 seconds, 1.5 minutes.
--------------------------------------------------------------

----------------------------------------------------------------------
Time to calculate step (QMpcgrad prepare): 0.000 seconds, 0.0 minutes.
----------------------------------------------------------------------

--------------------------------------------------------------------------
Time to calculate step (linkatomgrad prepare): 0.000 seconds, 0.0 minutes.
--------------------------------------------------------------------------

----------------------------------------------------------------------------
Time to calculate step (QM/MM gradient prepare): 0.000 seconds, 0.0 minutes.
----------------------------------------------------------------------------
Using OpenMM theory as part of QM/MM.
Using MM on full system. Charges for QM region [0, 1, 2, 3, 4, 5, 6, 7, 8, 9, 10, 11, 12, 13, 14, 15, 16, 17, 18, 19, 20, 21, 22, 23] have been set to zero 

--------------------------------------------------------------------------------
                   Creating/updating OpenMM simulation object                   
--------------------------------------------------------------------------------

Integrator name: VerletIntegrator
Timestep: 0.001
Temperature: 300
Coupling frequency: 1
Properties: {'Threads': '1'}
Topology: <Topology; 1 chains, 1 residues, 100 atoms, 0 bonds>

----------------------------------------------------------------------------------
Time to calculate step (creating/updating simulation): 0.002 seconds, 0.0 minutes.
----------------------------------------------------------------------------------

--------------------------------------------------------------------------------
                     Running Single-point OpenMM Interface                      
--------------------------------------------------------------------------------

Number of OpenMM system constraints defined: 0

-----------------------------------------------------------------------------------
Time to calculate step (OpenMMTheory.run: const-check): 0.002 seconds, 0.0 minutes.
-----------------------------------------------------------------------------------
Updating coordinates.

------------------------------------------------------------------------
Time to calculate step (Creating pos array): 0.000 seconds, 0.0 minutes.
------------------------------------------------------------------------

---------------------------------------------------------------------------
Time to calculate step (Updating MM positions): 0.000 seconds, 0.0 minutes.
---------------------------------------------------------------------------
Calling OpenMM getState.

---------------------------------------------------------------------
Time to calculate step (OpenMM getState): 0.000 seconds, 0.0 minutes.
---------------------------------------------------------------------
OpenMM Energy: -3.496387516609739 Eh
OpenMM Energy: -2194.016291668566 kcal/mol

-----------------------
Ending OpenMM interface
-----------------------

----------------------------------------------------------------
Time to calculate step (OpenMM run): 0.004 seconds, 0.0 minutes.
----------------------------------------------------------------

-------------------------------------------------------------
Time to calculate step (MM step): 0.004 seconds, 0.0 minutes.
-------------------------------------------------------------

Note: You are using electrostatic embedding. This means that the QM-energy is actually the polarized QM-energy
Note: MM energy also contains the QM-MM Lennard-Jones interaction

QM energy:              -836.888237776933 
MM energy:                -3.496387516610
QM/MM energy:           -840.384625293543 

  ------------ENDING QM/MM MODULE------------- 

----------------------------------------------------------------
Time to calculate step (QM/MM run): 89.988 seconds, 1.5 minutes.
----------------------------------------------------------------
geometric called save_guess_files option option for ASHengineclass.
This option is currently unsupported in ASH. Continuing.

Convergence criteria: {'convergence_energy': 1e-05, 'convergence_grms': 0.003, 'convergence_gmax': 0.006, 'convergence_drms': 0.01, 'convergence_dmax': 0.015, 'convergence_cmax': 0.01}

Replacing coordinates in fragment.
Creating/Updating fragment attributes...
Number of Atoms in fragment: 100
Formula: H48C20N18O14
Label: CHHCCOOOCHCHCCHCHCHOHCOOCOOHCOOHCNHHNHHNHHCNHHNHHNHHCNHHNHHNHHCOOHCNHHNHHNHHCNHHNHHNHHCNHHNHHNHHCOOH
Charge: -2 Mult: 1

--------------------------------------------------------------------------------
Wrote XYZ file:  Fragment-currentgeo.xyz
Current geometry (Å) in step 34 (print_atoms_list region)
---------------------------------------------------
        C  56.30077698   35.82395914   60.66101954
        H  56.98722857   36.07341770   59.82330665
        H  56.15625913   36.53962585   61.48498994
        C  55.59039700   34.68620216   60.78022187
        C  54.59226209   34.59852997   61.98140412
        O  54.54917334   35.62915836   62.73972243
        O  53.85580210   33.57571885   62.16626631
        O  55.63308685   33.60738416   59.96173439
        C  56.85200359   33.17532943   59.20840548
        H  56.50525283   32.16662000   58.91074139
        C  57.97771039   33.10576990   60.19474853
        H  57.79711345   32.55657466   61.12677648
        C  59.16582598   33.71105273   59.98476406
        C  59.45670465   34.34258330   58.69687096
        H  60.47073859   34.70648341   58.56794028
        C  58.53803933   34.43702531   57.73467538
        H  58.78836274   34.91445389   56.77481569
        C  57.11083326   33.95517742   57.88588322
        H  56.46495727   34.85404607   57.88535793
        O  56.74543470   33.09999802   56.82309791
        H  56.43954469   33.60474911   56.02196917
        C  60.27294352   33.80713549   61.05906187
        O  59.95689284   33.58113683   62.27797488
        O  61.40423381   34.16955917   60.61576469
        C  67.06110000   31.21890000   45.40400000
        O  68.24492500   31.28067600   45.00746300
        O  66.34981600   30.19151700   45.43655900
        H  66.60312100   32.15475000   45.75676100
        C  60.94920000   22.42780000   52.26980000
        O  62.13302500   22.48957600   51.87326300
        O  60.23791600   21.40041700   52.30235900
        H  60.49122100   23.36365000   52.62256100
        C  60.29000000   45.74590000   60.12010000
        N  60.44057700   46.13112000   58.85604600
        H  60.13006000   46.79362200   59.55230000
        H  60.63674600   45.17608200   59.11971300
        N  59.88110100   46.61830400   61.03694900
        H  60.07727000   45.66326600   61.30061600
        H  59.99544900   46.91084000   60.07702800
        N  60.54832100   44.48827600   60.46730500
        H  60.66267000   44.78081100   59.50738400
        H  60.23780400   45.15077800   61.16355900
        C  65.94230000   32.41320000   65.05370000
        N  66.09287700   32.79842000   63.78964600
        H  65.78236000   33.46092200   64.48590000
        H  66.28904600   31.84338200   64.05331300
        N  65.53340100   33.28560400   65.97054900
        H  65.72957000   32.33056600   66.23421600
        H  65.64774900   33.57814000   65.01062800
        N  66.20062100   31.15557600   65.40090500
        H  66.31497000   31.44811100   64.44098400
        H  65.89010400   31.81807800   66.09715900
        C  60.36560000   26.37370000   64.44940000
        N  60.51617700   26.75892000   63.18534600
        H  60.20566000   27.42142200   63.88160000
        H  60.71234600   25.80388200   63.44901300
        N  59.95670100   27.24610400   65.36624900
        H  60.15287000   26.29106600   65.62991600
        H  60.07104900   27.53864000   64.40632800
        N  60.62392100   25.11607600   64.79660500
        H  60.73827000   25.40861100   63.83668400
        H  60.31340400   25.77857800   65.49285900
        C  54.33830000   23.34980000   51.27940000
        O  55.52212500   23.41157600   50.88286300
        O  53.62701600   22.32241700   51.31195900
        H  53.88032100   24.28565000   51.63216100
        C  54.36270000   35.33710000   66.60610000
        N  54.51327700   35.72232000   65.34204600
        H  54.20276000   36.38482200   66.03830000
        H  54.70944600   34.76728200   65.60571300
        N  53.95380100   36.20950400   67.52294900
        H  54.14997000   35.25446600   67.78661600
        H  54.06814900   36.50204000   66.56302800
        N  54.62102100   34.07947600   66.95330500
        H  54.73537000   34.37201100   65.99338400
        H  54.31050400   34.74197800   67.64955900
        C  50.32010000   31.37760000   63.34690000
        N  50.47067700   31.76282000   62.08284600
        H  50.16016000   32.42532200   62.77910000
        H  50.66684600   30.80778200   62.34651300
        N  49.91120100   32.25000400   64.26374900
        H  50.10737000   31.29496600   64.52741600
        H  50.02554900   32.54254000   63.30382800
        N  50.57842100   30.11997600   63.69410500
        H  50.69277000   30.41251100   62.73418400
        H  50.26790400   30.78247800   64.39035900
        C  48.15690000   38.37280000   60.57290000
        N  48.30747700   38.75802000   59.30884600
        H  47.99696000   39.42052200   60.00510000
        H  48.50364600   37.80298200   59.57251300
        N  47.74800100   39.24520400   61.48974900
        H  47.94417000   38.29016600   61.75341600
        H  47.86234900   39.53774000   60.52982800
        N  48.41522100   37.11517600   60.92010500
        H  48.52957000   37.40771100   59.96018400
        H  48.10470400   37.77767800   61.61635900
        C  56.26950000   32.15260000   44.03970000
        O  57.45332500   32.21437600   43.64316300
        O  55.55821600   31.12521700   44.07225900
        H  55.81152100   33.08845000   44.39246100

Note: printed only print_atoms_list (this is not necessarily all atoms) 
  ------------RUNNING QM/MM MODULE------------- 
QM Module: ORCATheory
MM Module: OpenMMTheory
Charge provided from QMMMTheory object:  -2
Mult provided from QMMMTheory object:  1
QM-region Charge: -2 Mult: 1
Embedding: Electrostatic
Number of pointcharges (to QM program): 76
Number of charge coordinates: 76
Running QM/MM object with 8 cores available

-------------------------------------------------------------------
Time to calculate step (before-QMstep): 0.000 seconds, 0.0 minutes.
-------------------------------------------------------------------
  ------------RUNNING ORCA INTERFACE------------- 
Object-label: ORCA
Run-label: None
Running ORCA with 8 cores available
Moreadfile option not active
A GBW-file with same basename : orca.gbw is present
Autostart is False. ORCA will ignore any file present
Creating inputfile: orca.inp
ORCA input:
! B3LYP D3BJ def2-SVP def2/J RIJCOSX CPCM TightSCF

! Noautostart

%cpcm epsilon 4.0 end
%scf MaxIter 300 Guess PModel end
Charge: -2  Mult: 1
Pointcharge embedding is on!
 ORCA Calculation starting. 
Found warning messages in ORCA outputfile:
WARNING: The chosen methods will break translational/rotational symmetry
 WARNING: The chosen methods will break translational symmetry
 WARNING: The chosen methods will break translational symmetry

 ORCA Calculation done. 
ORCA converged in 14 iterations
ORCA energy: -836.907394535592
  ------------ENDING ORCA-INTERFACE------------- 

----------------------------------------------------------------
Time to calculate step (ORCA run): 103.407 seconds, 1.7 minutes.
----------------------------------------------------------------

---------------------------------------------------------------
Time to calculate step (QM step): 103.407 seconds, 1.7 minutes.
---------------------------------------------------------------

----------------------------------------------------------------------
Time to calculate step (QMpcgrad prepare): 0.000 seconds, 0.0 minutes.
----------------------------------------------------------------------

--------------------------------------------------------------------------
Time to calculate step (linkatomgrad prepare): 0.000 seconds, 0.0 minutes.
--------------------------------------------------------------------------

----------------------------------------------------------------------------
Time to calculate step (QM/MM gradient prepare): 0.000 seconds, 0.0 minutes.
----------------------------------------------------------------------------
Using OpenMM theory as part of QM/MM.
Using MM on full system. Charges for QM region [0, 1, 2, 3, 4, 5, 6, 7, 8, 9, 10, 11, 12, 13, 14, 15, 16, 17, 18, 19, 20, 21, 22, 23] have been set to zero 

--------------------------------------------------------------------------------
                   Creating/updating OpenMM simulation object                   
--------------------------------------------------------------------------------

Integrator name: VerletIntegrator
Timestep: 0.001
Temperature: 300
Coupling frequency: 1
Properties: {'Threads': '1'}
Topology: <Topology; 1 chains, 1 residues, 100 atoms, 0 bonds>

----------------------------------------------------------------------------------
Time to calculate step (creating/updating simulation): 0.002 seconds, 0.0 minutes.
----------------------------------------------------------------------------------

--------------------------------------------------------------------------------
                     Running Single-point OpenMM Interface                      
--------------------------------------------------------------------------------

Number of OpenMM system constraints defined: 0

-----------------------------------------------------------------------------------
Time to calculate step (OpenMMTheory.run: const-check): 0.002 seconds, 0.0 minutes.
-----------------------------------------------------------------------------------
Updating coordinates.

------------------------------------------------------------------------
Time to calculate step (Creating pos array): 0.000 seconds, 0.0 minutes.
------------------------------------------------------------------------

---------------------------------------------------------------------------
Time to calculate step (Updating MM positions): 0.000 seconds, 0.0 minutes.
---------------------------------------------------------------------------
Calling OpenMM getState.

---------------------------------------------------------------------
Time to calculate step (OpenMM getState): 0.000 seconds, 0.0 minutes.
---------------------------------------------------------------------
OpenMM Energy: -3.497546437460465 Eh
OpenMM Energy: -2194.7435254820857 kcal/mol

-----------------------
Ending OpenMM interface
-----------------------

----------------------------------------------------------------
Time to calculate step (OpenMM run): 0.002 seconds, 0.0 minutes.
----------------------------------------------------------------

-------------------------------------------------------------
Time to calculate step (MM step): 0.003 seconds, 0.0 minutes.
-------------------------------------------------------------

Note: You are using electrostatic embedding. This means that the QM-energy is actually the polarized QM-energy
Note: MM energy also contains the QM-MM Lennard-Jones interaction

QM energy:              -836.907394535592 
MM energy:                -3.497546437460
QM/MM energy:           -840.404940973052 

  ------------ENDING QM/MM MODULE------------- 

-----------------------------------------------------------------
Time to calculate step (QM/MM run): 103.410 seconds, 1.7 minutes.
-----------------------------------------------------------------
geometric called save_guess_files option option for ASHengineclass.
This option is currently unsupported in ASH. Continuing.

Convergence criteria: {'convergence_energy': 1e-05, 'convergence_grms': 0.003, 'convergence_gmax': 0.006, 'convergence_drms': 0.01, 'convergence_dmax': 0.015, 'convergence_cmax': 0.01}

Replacing coordinates in fragment.
Creating/Updating fragment attributes...
Number of Atoms in fragment: 100
Formula: H48C20N18O14
Label: CHHCCOOOCHCHCCHCHCHOHCOOCOOHCOOHCNHHNHHNHHCNHHNHHNHHCNHHNHHNHHCOOHCNHHNHHNHHCNHHNHHNHHCNHHNHHNHHCOOH
Charge: -2 Mult: 1

--------------------------------------------------------------------------------
Wrote XYZ file:  Fragment-currentgeo.xyz
Current geometry (Å) in step 35 (print_atoms_list region)
---------------------------------------------------
        C  56.17094283   35.78006509   60.76265186
        H  56.84233476   36.00027966   59.96274148
        H  56.09635161   36.51354971   61.52018913
        C  55.46181210   34.64746079   60.87451606
        C  54.43997549   34.53836091   62.01117730
        O  54.35190027   35.58355842   62.72916236
        O  53.74150177   33.48174558   62.18973424
        O  55.52323062   33.56195295   60.08649825
        C  56.80698674   33.20270831   59.36520868
        H  56.55148575   32.17147053   59.03535652
        C  57.92097565   33.18545693   60.38540041
        H  57.71505952   32.61089516   61.29823989
        C  59.11966781   33.78905529   60.20681197
        C  59.42384189   34.40788517   58.91246823
        H  60.44425385   34.76729213   58.80252848
        C  58.52002455   34.47312730   57.91657645
        H  58.77913149   34.92491760   56.94537501
        C  57.08702849   33.98383188   58.04673087
        H  56.44449335   34.88917728   58.02307597
        O  56.74116469   33.11869828   56.99344324
        H  56.57021701   33.64365291   56.16140085
        C  60.21740930   33.82619488   61.27818173
        O  59.89789377   33.56923985   62.46490333
        O  61.36194105   34.15820855   60.87603046
        C  67.06110000   31.21890000   45.40400000
        O  68.24492500   31.28067600   45.00746300
        O  66.34981600   30.19151700   45.43655900
        H  66.60312100   32.15475000   45.75676100
        C  60.94920000   22.42780000   52.26980000
        O  62.13302500   22.48957600   51.87326300
        O  60.23791600   21.40041700   52.30235900
        H  60.49122100   23.36365000   52.62256100
        C  60.29000000   45.74590000   60.12010000
        N  60.44057700   46.13112000   58.85604600
        H  60.13006000   46.79362200   59.55230000
        H  60.63674600   45.17608200   59.11971300
        N  59.88110100   46.61830400   61.03694900
        H  60.07727000   45.66326600   61.30061600
        H  59.99544900   46.91084000   60.07702800
        N  60.54832100   44.48827600   60.46730500
        H  60.66267000   44.78081100   59.50738400
        H  60.23780400   45.15077800   61.16355900
        C  65.94230000   32.41320000   65.05370000
        N  66.09287700   32.79842000   63.78964600
        H  65.78236000   33.46092200   64.48590000
        H  66.28904600   31.84338200   64.05331300
        N  65.53340100   33.28560400   65.97054900
        H  65.72957000   32.33056600   66.23421600
        H  65.64774900   33.57814000   65.01062800
        N  66.20062100   31.15557600   65.40090500
        H  66.31497000   31.44811100   64.44098400
        H  65.89010400   31.81807800   66.09715900
        C  60.36560000   26.37370000   64.44940000
        N  60.51617700   26.75892000   63.18534600
        H  60.20566000   27.42142200   63.88160000
        H  60.71234600   25.80388200   63.44901300
        N  59.95670100   27.24610400   65.36624900
        H  60.15287000   26.29106600   65.62991600
        H  60.07104900   27.53864000   64.40632800
        N  60.62392100   25.11607600   64.79660500
        H  60.73827000   25.40861100   63.83668400
        H  60.31340400   25.77857800   65.49285900
        C  54.33830000   23.34980000   51.27940000
        O  55.52212500   23.41157600   50.88286300
        O  53.62701600   22.32241700   51.31195900
        H  53.88032100   24.28565000   51.63216100
        C  54.36270000   35.33710000   66.60610000
        N  54.51327700   35.72232000   65.34204600
        H  54.20276000   36.38482200   66.03830000
        H  54.70944600   34.76728200   65.60571300
        N  53.95380100   36.20950400   67.52294900
        H  54.14997000   35.25446600   67.78661600
        H  54.06814900   36.50204000   66.56302800
        N  54.62102100   34.07947600   66.95330500
        H  54.73537000   34.37201100   65.99338400
        H  54.31050400   34.74197800   67.64955900
        C  50.32010000   31.37760000   63.34690000
        N  50.47067700   31.76282000   62.08284600
        H  50.16016000   32.42532200   62.77910000
        H  50.66684600   30.80778200   62.34651300
        N  49.91120100   32.25000400   64.26374900
        H  50.10737000   31.29496600   64.52741600
        H  50.02554900   32.54254000   63.30382800
        N  50.57842100   30.11997600   63.69410500
        H  50.69277000   30.41251100   62.73418400
        H  50.26790400   30.78247800   64.39035900
        C  48.15690000   38.37280000   60.57290000
        N  48.30747700   38.75802000   59.30884600
        H  47.99696000   39.42052200   60.00510000
        H  48.50364600   37.80298200   59.57251300
        N  47.74800100   39.24520400   61.48974900
        H  47.94417000   38.29016600   61.75341600
        H  47.86234900   39.53774000   60.52982800
        N  48.41522100   37.11517600   60.92010500
        H  48.52957000   37.40771100   59.96018400
        H  48.10470400   37.77767800   61.61635900
        C  56.26950000   32.15260000   44.03970000
        O  57.45332500   32.21437600   43.64316300
        O  55.55821600   31.12521700   44.07225900
        H  55.81152100   33.08845000   44.39246100

Note: printed only print_atoms_list (this is not necessarily all atoms) 
  ------------RUNNING QM/MM MODULE------------- 
QM Module: ORCATheory
MM Module: OpenMMTheory
Charge provided from QMMMTheory object:  -2
Mult provided from QMMMTheory object:  1
QM-region Charge: -2 Mult: 1
Embedding: Electrostatic
Number of pointcharges (to QM program): 76
Number of charge coordinates: 76
Running QM/MM object with 8 cores available

-------------------------------------------------------------------
Time to calculate step (before-QMstep): 0.000 seconds, 0.0 minutes.
-------------------------------------------------------------------
  ------------RUNNING ORCA INTERFACE------------- 
Object-label: ORCA
Run-label: None
Running ORCA with 8 cores available
Moreadfile option not active
A GBW-file with same basename : orca.gbw is present
Autostart is False. ORCA will ignore any file present
Creating inputfile: orca.inp
ORCA input:
! B3LYP D3BJ def2-SVP def2/J RIJCOSX CPCM TightSCF

! Noautostart

%cpcm epsilon 4.0 end
%scf MaxIter 300 Guess PModel end
Charge: -2  Mult: 1
Pointcharge embedding is on!
 ORCA Calculation starting. 
Found warning messages in ORCA outputfile:
WARNING: The chosen methods will break translational/rotational symmetry
 WARNING: The chosen methods will break translational symmetry
 WARNING: The chosen methods will break translational symmetry

 ORCA Calculation done. 
ORCA converged in 14 iterations
ORCA energy: -836.918292400577
  ------------ENDING ORCA-INTERFACE------------- 

----------------------------------------------------------------
Time to calculate step (ORCA run): 105.246 seconds, 1.8 minutes.
----------------------------------------------------------------

---------------------------------------------------------------
Time to calculate step (QM step): 105.246 seconds, 1.8 minutes.
---------------------------------------------------------------

----------------------------------------------------------------------
Time to calculate step (QMpcgrad prepare): 0.000 seconds, 0.0 minutes.
----------------------------------------------------------------------

--------------------------------------------------------------------------
Time to calculate step (linkatomgrad prepare): 0.000 seconds, 0.0 minutes.
--------------------------------------------------------------------------

----------------------------------------------------------------------------
Time to calculate step (QM/MM gradient prepare): 0.000 seconds, 0.0 minutes.
----------------------------------------------------------------------------
Using OpenMM theory as part of QM/MM.
Using MM on full system. Charges for QM region [0, 1, 2, 3, 4, 5, 6, 7, 8, 9, 10, 11, 12, 13, 14, 15, 16, 17, 18, 19, 20, 21, 22, 23] have been set to zero 

--------------------------------------------------------------------------------
                   Creating/updating OpenMM simulation object                   
--------------------------------------------------------------------------------

Integrator name: VerletIntegrator
Timestep: 0.001
Temperature: 300
Coupling frequency: 1
Properties: {'Threads': '1'}
Topology: <Topology; 1 chains, 1 residues, 100 atoms, 0 bonds>

----------------------------------------------------------------------------------
Time to calculate step (creating/updating simulation): 0.002 seconds, 0.0 minutes.
----------------------------------------------------------------------------------

--------------------------------------------------------------------------------
                     Running Single-point OpenMM Interface                      
--------------------------------------------------------------------------------

Number of OpenMM system constraints defined: 0

-----------------------------------------------------------------------------------
Time to calculate step (OpenMMTheory.run: const-check): 0.002 seconds, 0.0 minutes.
-----------------------------------------------------------------------------------
Updating coordinates.

------------------------------------------------------------------------
Time to calculate step (Creating pos array): 0.000 seconds, 0.0 minutes.
------------------------------------------------------------------------

---------------------------------------------------------------------------
Time to calculate step (Updating MM positions): 0.000 seconds, 0.0 minutes.
---------------------------------------------------------------------------
Calling OpenMM getState.

---------------------------------------------------------------------
Time to calculate step (OpenMM getState): 0.000 seconds, 0.0 minutes.
---------------------------------------------------------------------
OpenMM Energy: -3.498385427855218 Eh
OpenMM Energy: -2195.269999903441 kcal/mol

-----------------------
Ending OpenMM interface
-----------------------

----------------------------------------------------------------
Time to calculate step (OpenMM run): 0.003 seconds, 0.0 minutes.
----------------------------------------------------------------

-------------------------------------------------------------
Time to calculate step (MM step): 0.004 seconds, 0.0 minutes.
-------------------------------------------------------------

Note: You are using electrostatic embedding. This means that the QM-energy is actually the polarized QM-energy
Note: MM energy also contains the QM-MM Lennard-Jones interaction

QM energy:              -836.918292400577 
MM energy:                -3.498385427855
QM/MM energy:           -840.416677828432 

  ------------ENDING QM/MM MODULE------------- 

-----------------------------------------------------------------
Time to calculate step (QM/MM run): 105.250 seconds, 1.8 minutes.
-----------------------------------------------------------------
geometric called save_guess_files option option for ASHengineclass.
This option is currently unsupported in ASH. Continuing.

Convergence criteria: {'convergence_energy': 1e-05, 'convergence_grms': 0.003, 'convergence_gmax': 0.006, 'convergence_drms': 0.01, 'convergence_dmax': 0.015, 'convergence_cmax': 0.01}

Replacing coordinates in fragment.
Creating/Updating fragment attributes...
Number of Atoms in fragment: 100
Formula: H48C20N18O14
Label: CHHCCOOOCHCHCCHCHCHOHCOOCOOHCOOHCNHHNHHNHHCNHHNHHNHHCNHHNHHNHHCOOHCNHHNHHNHHCNHHNHHNHHCNHHNHHNHHCOOH
Charge: -2 Mult: 1

--------------------------------------------------------------------------------
Wrote XYZ file:  Fragment-currentgeo.xyz
Current geometry (Å) in step 36 (print_atoms_list region)
---------------------------------------------------
        C  56.05785132   35.66212142   60.86519908
        H  56.82057645   35.79881475   60.11735220
        H  55.89793294   36.45188139   61.56351800
        C  55.31338886   34.55325129   60.98416352
        C  54.18497793   34.53527999   62.03680997
        O  54.00251286   35.62718406   62.66250068
        O  53.49584072   33.48475091   62.25633593
        O  55.46592443   33.41969962   60.27038565
        C  56.76058025   33.17630674   59.57797310
        H  56.59146609   32.15265037   59.21014783
        C  57.85108534   33.18782601   60.61685279
        H  57.64098177   32.60072471   61.51192036
        C  59.03598467   33.81532143   60.47254681
        C  59.35147339   34.47051900   59.20073135
        H  60.35879799   34.86038969   59.10078570
        C  58.46217917   34.53168957   58.20672837
        H  58.72720171   34.99785381   57.24445656
        C  57.02904366   34.00754370   58.29598329
        H  56.38789418   34.91217323   58.27494309
        O  56.70540413   33.17716881   57.20660635
        H  56.83132311   33.65519450   56.31934523
        C  60.11672370   33.82612372   61.56401092
        O  59.73858267   33.59804060   62.74404624
        O  61.29048144   34.07208128   61.19060767
        C  67.06110000   31.21890000   45.40400000
        O  68.24492500   31.28067600   45.00746300
        O  66.34981600   30.19151700   45.43655900
        H  66.60312100   32.15475000   45.75676100
        C  60.94920000   22.42780000   52.26980000
        O  62.13302500   22.48957600   51.87326300
        O  60.23791600   21.40041700   52.30235900
        H  60.49122100   23.36365000   52.62256100
        C  60.29000000   45.74590000   60.12010000
        N  60.44057700   46.13112000   58.85604600
        H  60.13006000   46.79362200   59.55230000
        H  60.63674600   45.17608200   59.11971300
        N  59.88110100   46.61830400   61.03694900
        H  60.07727000   45.66326600   61.30061600
        H  59.99544900   46.91084000   60.07702800
        N  60.54832100   44.48827600   60.46730500
        H  60.66267000   44.78081100   59.50738400
        H  60.23780400   45.15077800   61.16355900
        C  65.94230000   32.41320000   65.05370000
        N  66.09287700   32.79842000   63.78964600
        H  65.78236000   33.46092200   64.48590000
        H  66.28904600   31.84338200   64.05331300
        N  65.53340100   33.28560400   65.97054900
        H  65.72957000   32.33056600   66.23421600
        H  65.64774900   33.57814000   65.01062800
        N  66.20062100   31.15557600   65.40090500
        H  66.31497000   31.44811100   64.44098400
        H  65.89010400   31.81807800   66.09715900
        C  60.36560000   26.37370000   64.44940000
        N  60.51617700   26.75892000   63.18534600
        H  60.20566000   27.42142200   63.88160000
        H  60.71234600   25.80388200   63.44901300
        N  59.95670100   27.24610400   65.36624900
        H  60.15287000   26.29106600   65.62991600
        H  60.07104900   27.53864000   64.40632800
        N  60.62392100   25.11607600   64.79660500
        H  60.73827000   25.40861100   63.83668400
        H  60.31340400   25.77857800   65.49285900
        C  54.33830000   23.34980000   51.27940000
        O  55.52212500   23.41157600   50.88286300
        O  53.62701600   22.32241700   51.31195900
        H  53.88032100   24.28565000   51.63216100
        C  54.36270000   35.33710000   66.60610000
        N  54.51327700   35.72232000   65.34204600
        H  54.20276000   36.38482200   66.03830000
        H  54.70944600   34.76728200   65.60571300
        N  53.95380100   36.20950400   67.52294900
        H  54.14997000   35.25446600   67.78661600
        H  54.06814900   36.50204000   66.56302800
        N  54.62102100   34.07947600   66.95330500
        H  54.73537000   34.37201100   65.99338400
        H  54.31050400   34.74197800   67.64955900
        C  50.32010000   31.37760000   63.34690000
        N  50.47067700   31.76282000   62.08284600
        H  50.16016000   32.42532200   62.77910000
        H  50.66684600   30.80778200   62.34651300
        N  49.91120100   32.25000400   64.26374900
        H  50.10737000   31.29496600   64.52741600
        H  50.02554900   32.54254000   63.30382800
        N  50.57842100   30.11997600   63.69410500
        H  50.69277000   30.41251100   62.73418400
        H  50.26790400   30.78247800   64.39035900
        C  48.15690000   38.37280000   60.57290000
        N  48.30747700   38.75802000   59.30884600
        H  47.99696000   39.42052200   60.00510000
        H  48.50364600   37.80298200   59.57251300
        N  47.74800100   39.24520400   61.48974900
        H  47.94417000   38.29016600   61.75341600
        H  47.86234900   39.53774000   60.52982800
        N  48.41522100   37.11517600   60.92010500
        H  48.52957000   37.40771100   59.96018400
        H  48.10470400   37.77767800   61.61635900
        C  56.26950000   32.15260000   44.03970000
        O  57.45332500   32.21437600   43.64316300
        O  55.55821600   31.12521700   44.07225900
        H  55.81152100   33.08845000   44.39246100

Note: printed only print_atoms_list (this is not necessarily all atoms) 
  ------------RUNNING QM/MM MODULE------------- 
QM Module: ORCATheory
MM Module: OpenMMTheory
Charge provided from QMMMTheory object:  -2
Mult provided from QMMMTheory object:  1
QM-region Charge: -2 Mult: 1
Embedding: Electrostatic
Number of pointcharges (to QM program): 76
Number of charge coordinates: 76
Running QM/MM object with 8 cores available

-------------------------------------------------------------------
Time to calculate step (before-QMstep): 0.000 seconds, 0.0 minutes.
-------------------------------------------------------------------
  ------------RUNNING ORCA INTERFACE------------- 
Object-label: ORCA
Run-label: None
Running ORCA with 8 cores available
Moreadfile option not active
A GBW-file with same basename : orca.gbw is present
Autostart is False. ORCA will ignore any file present
Creating inputfile: orca.inp
ORCA input:
! B3LYP D3BJ def2-SVP def2/J RIJCOSX CPCM TightSCF

! Noautostart

%cpcm epsilon 4.0 end
%scf MaxIter 300 Guess PModel end
Charge: -2  Mult: 1
Pointcharge embedding is on!
 ORCA Calculation starting. 
Found warning messages in ORCA outputfile:
WARNING: The chosen methods will break translational/rotational symmetry
 WARNING: The chosen methods will break translational symmetry
 WARNING: The chosen methods will break translational symmetry

 ORCA Calculation done. 
ORCA converged in 10 iterations
ORCA energy: -836.93311163792
  ------------ENDING ORCA-INTERFACE------------- 

---------------------------------------------------------------
Time to calculate step (ORCA run): 85.669 seconds, 1.4 minutes.
---------------------------------------------------------------

--------------------------------------------------------------
Time to calculate step (QM step): 85.669 seconds, 1.4 minutes.
--------------------------------------------------------------

----------------------------------------------------------------------
Time to calculate step (QMpcgrad prepare): 0.000 seconds, 0.0 minutes.
----------------------------------------------------------------------

--------------------------------------------------------------------------
Time to calculate step (linkatomgrad prepare): 0.000 seconds, 0.0 minutes.
--------------------------------------------------------------------------

----------------------------------------------------------------------------
Time to calculate step (QM/MM gradient prepare): 0.000 seconds, 0.0 minutes.
----------------------------------------------------------------------------
Using OpenMM theory as part of QM/MM.
Using MM on full system. Charges for QM region [0, 1, 2, 3, 4, 5, 6, 7, 8, 9, 10, 11, 12, 13, 14, 15, 16, 17, 18, 19, 20, 21, 22, 23] have been set to zero 

--------------------------------------------------------------------------------
                   Creating/updating OpenMM simulation object                   
--------------------------------------------------------------------------------

Integrator name: VerletIntegrator
Timestep: 0.001
Temperature: 300
Coupling frequency: 1
Properties: {'Threads': '1'}
Topology: <Topology; 1 chains, 1 residues, 100 atoms, 0 bonds>

----------------------------------------------------------------------------------
Time to calculate step (creating/updating simulation): 0.002 seconds, 0.0 minutes.
----------------------------------------------------------------------------------

--------------------------------------------------------------------------------
                     Running Single-point OpenMM Interface                      
--------------------------------------------------------------------------------

Number of OpenMM system constraints defined: 0

-----------------------------------------------------------------------------------
Time to calculate step (OpenMMTheory.run: const-check): 0.002 seconds, 0.0 minutes.
-----------------------------------------------------------------------------------
Updating coordinates.

------------------------------------------------------------------------
Time to calculate step (Creating pos array): 0.000 seconds, 0.0 minutes.
------------------------------------------------------------------------

---------------------------------------------------------------------------
Time to calculate step (Updating MM positions): 0.000 seconds, 0.0 minutes.
---------------------------------------------------------------------------
Calling OpenMM getState.

---------------------------------------------------------------------
Time to calculate step (OpenMM getState): 0.000 seconds, 0.0 minutes.
---------------------------------------------------------------------
OpenMM Energy: -3.501492757680736 Eh
OpenMM Energy: -2197.2198788079927 kcal/mol

-----------------------
Ending OpenMM interface
-----------------------

----------------------------------------------------------------
Time to calculate step (OpenMM run): 0.003 seconds, 0.0 minutes.
----------------------------------------------------------------

-------------------------------------------------------------
Time to calculate step (MM step): 0.003 seconds, 0.0 minutes.
-------------------------------------------------------------

Note: You are using electrostatic embedding. This means that the QM-energy is actually the polarized QM-energy
Note: MM energy also contains the QM-MM Lennard-Jones interaction

QM energy:              -836.933111637920 
MM energy:                -3.501492757681
QM/MM energy:           -840.434604395601 

  ------------ENDING QM/MM MODULE------------- 

----------------------------------------------------------------
Time to calculate step (QM/MM run): 85.672 seconds, 1.4 minutes.
----------------------------------------------------------------
geometric called save_guess_files option option for ASHengineclass.
This option is currently unsupported in ASH. Continuing.

Convergence criteria: {'convergence_energy': 1e-05, 'convergence_grms': 0.003, 'convergence_gmax': 0.006, 'convergence_drms': 0.01, 'convergence_dmax': 0.015, 'convergence_cmax': 0.01}

Replacing coordinates in fragment.
Creating/Updating fragment attributes...
Number of Atoms in fragment: 100
Formula: H48C20N18O14
Label: CHHCCOOOCHCHCCHCHCHOHCOOCOOHCOOHCNHHNHHNHHCNHHNHHNHHCNHHNHHNHHCOOHCNHHNHHNHHCNHHNHHNHHCNHHNHHNHHCOOH
Charge: -2 Mult: 1

--------------------------------------------------------------------------------
Wrote XYZ file:  Fragment-currentgeo.xyz
Current geometry (Å) in step 37 (print_atoms_list region)
---------------------------------------------------
        C  55.89017483   35.56182259   61.03345823
        H  56.81683449   35.56082311   60.37307412
        H  55.54827988   36.48779379   61.60801444
        C  55.11127165   34.45352847   61.13885994
        C  53.86158295   34.45903865   62.09502596
        O  53.53215731   35.56976217   62.61031391
        O  53.24914728   33.36383419   62.33934062
        O  55.37936958   33.26835456   60.50315816
        C  56.67548831   33.17614831   59.88231537
        H  56.69360605   32.16696799   59.45421208
        C  57.73812177   33.26656258   60.95061510
        H  57.53217685   32.71982140   61.86212117
        C  58.92052712   33.87904790   60.83615976
        C  59.24567699   34.57000460   59.57226107
        H  60.24033627   35.01562728   59.47230932
        C  58.36431420   34.60844779   58.56519063
        H  58.61626224   35.04603134   57.60586398
        C  56.95202447   34.04892720   58.61833963
        H  56.29467838   34.94889380   58.59546960
        O  56.72905749   33.26448194   57.46526891
        H  57.04522692   33.56899996   56.71412407
        C  59.94247601   33.80759762   62.01316658
        O  59.46615229   33.55354006   63.16747603
        O  61.14885967   33.96553849   61.74746363
        C  67.06110000   31.21890000   45.40400000
        O  68.24492500   31.28067600   45.00746300
        O  66.34981600   30.19151700   45.43655900
        H  66.60312100   32.15475000   45.75676100
        C  60.94920000   22.42780000   52.26980000
        O  62.13302500   22.48957600   51.87326300
        O  60.23791600   21.40041700   52.30235900
        H  60.49122100   23.36365000   52.62256100
        C  60.29000000   45.74590000   60.12010000
        N  60.44057700   46.13112000   58.85604600
        H  60.13006000   46.79362200   59.55230000
        H  60.63674600   45.17608200   59.11971300
        N  59.88110100   46.61830400   61.03694900
        H  60.07727000   45.66326600   61.30061600
        H  59.99544900   46.91084000   60.07702800
        N  60.54832100   44.48827600   60.46730500
        H  60.66267000   44.78081100   59.50738400
        H  60.23780400   45.15077800   61.16355900
        C  65.94230000   32.41320000   65.05370000
        N  66.09287700   32.79842000   63.78964600
        H  65.78236000   33.46092200   64.48590000
        H  66.28904600   31.84338200   64.05331300
        N  65.53340100   33.28560400   65.97054900
        H  65.72957000   32.33056600   66.23421600
        H  65.64774900   33.57814000   65.01062800
        N  66.20062100   31.15557600   65.40090500
        H  66.31497000   31.44811100   64.44098400
        H  65.89010400   31.81807800   66.09715900
        C  60.36560000   26.37370000   64.44940000
        N  60.51617700   26.75892000   63.18534600
        H  60.20566000   27.42142200   63.88160000
        H  60.71234600   25.80388200   63.44901300
        N  59.95670100   27.24610400   65.36624900
        H  60.15287000   26.29106600   65.62991600
        H  60.07104900   27.53864000   64.40632800
        N  60.62392100   25.11607600   64.79660500
        H  60.73827000   25.40861100   63.83668400
        H  60.31340400   25.77857800   65.49285900
        C  54.33830000   23.34980000   51.27940000
        O  55.52212500   23.41157600   50.88286300
        O  53.62701600   22.32241700   51.31195900
        H  53.88032100   24.28565000   51.63216100
        C  54.36270000   35.33710000   66.60610000
        N  54.51327700   35.72232000   65.34204600
        H  54.20276000   36.38482200   66.03830000
        H  54.70944600   34.76728200   65.60571300
        N  53.95380100   36.20950400   67.52294900
        H  54.14997000   35.25446600   67.78661600
        H  54.06814900   36.50204000   66.56302800
        N  54.62102100   34.07947600   66.95330500
        H  54.73537000   34.37201100   65.99338400
        H  54.31050400   34.74197800   67.64955900
        C  50.32010000   31.37760000   63.34690000
        N  50.47067700   31.76282000   62.08284600
        H  50.16016000   32.42532200   62.77910000
        H  50.66684600   30.80778200   62.34651300
        N  49.91120100   32.25000400   64.26374900
        H  50.10737000   31.29496600   64.52741600
        H  50.02554900   32.54254000   63.30382800
        N  50.57842100   30.11997600   63.69410500
        H  50.69277000   30.41251100   62.73418400
        H  50.26790400   30.78247800   64.39035900
        C  48.15690000   38.37280000   60.57290000
        N  48.30747700   38.75802000   59.30884600
        H  47.99696000   39.42052200   60.00510000
        H  48.50364600   37.80298200   59.57251300
        N  47.74800100   39.24520400   61.48974900
        H  47.94417000   38.29016600   61.75341600
        H  47.86234900   39.53774000   60.52982800
        N  48.41522100   37.11517600   60.92010500
        H  48.52957000   37.40771100   59.96018400
        H  48.10470400   37.77767800   61.61635900
        C  56.26950000   32.15260000   44.03970000
        O  57.45332500   32.21437600   43.64316300
        O  55.55821600   31.12521700   44.07225900
        H  55.81152100   33.08845000   44.39246100

Note: printed only print_atoms_list (this is not necessarily all atoms) 
  ------------RUNNING QM/MM MODULE------------- 
QM Module: ORCATheory
MM Module: OpenMMTheory
Charge provided from QMMMTheory object:  -2
Mult provided from QMMMTheory object:  1
QM-region Charge: -2 Mult: 1
Embedding: Electrostatic
Number of pointcharges (to QM program): 76
Number of charge coordinates: 76
Running QM/MM object with 8 cores available

-------------------------------------------------------------------
Time to calculate step (before-QMstep): 0.000 seconds, 0.0 minutes.
-------------------------------------------------------------------
  ------------RUNNING ORCA INTERFACE------------- 
Object-label: ORCA
Run-label: None
Running ORCA with 8 cores available
Moreadfile option not active
A GBW-file with same basename : orca.gbw is present
Autostart is False. ORCA will ignore any file present
Creating inputfile: orca.inp
ORCA input:
! B3LYP D3BJ def2-SVP def2/J RIJCOSX CPCM TightSCF

! Noautostart

%cpcm epsilon 4.0 end
%scf MaxIter 300 Guess PModel end
Charge: -2  Mult: 1
Pointcharge embedding is on!
 ORCA Calculation starting. 
Found warning messages in ORCA outputfile:
WARNING: The chosen methods will break translational/rotational symmetry
 WARNING: The chosen methods will break translational symmetry
 WARNING: The chosen methods will break translational symmetry

 ORCA Calculation done. 
ORCA converged in 12 iterations
ORCA energy: -836.932641104252
  ------------ENDING ORCA-INTERFACE------------- 

---------------------------------------------------------------
Time to calculate step (ORCA run): 96.294 seconds, 1.6 minutes.
---------------------------------------------------------------

--------------------------------------------------------------
Time to calculate step (QM step): 96.294 seconds, 1.6 minutes.
--------------------------------------------------------------

----------------------------------------------------------------------
Time to calculate step (QMpcgrad prepare): 0.000 seconds, 0.0 minutes.
----------------------------------------------------------------------

--------------------------------------------------------------------------
Time to calculate step (linkatomgrad prepare): 0.000 seconds, 0.0 minutes.
--------------------------------------------------------------------------

----------------------------------------------------------------------------
Time to calculate step (QM/MM gradient prepare): 0.000 seconds, 0.0 minutes.
----------------------------------------------------------------------------
Using OpenMM theory as part of QM/MM.
Using MM on full system. Charges for QM region [0, 1, 2, 3, 4, 5, 6, 7, 8, 9, 10, 11, 12, 13, 14, 15, 16, 17, 18, 19, 20, 21, 22, 23] have been set to zero 

--------------------------------------------------------------------------------
                   Creating/updating OpenMM simulation object                   
--------------------------------------------------------------------------------

Integrator name: VerletIntegrator
Timestep: 0.001
Temperature: 300
Coupling frequency: 1
Properties: {'Threads': '1'}
Topology: <Topology; 1 chains, 1 residues, 100 atoms, 0 bonds>

----------------------------------------------------------------------------------
Time to calculate step (creating/updating simulation): 0.002 seconds, 0.0 minutes.
----------------------------------------------------------------------------------

--------------------------------------------------------------------------------
                     Running Single-point OpenMM Interface                      
--------------------------------------------------------------------------------

Number of OpenMM system constraints defined: 0

-----------------------------------------------------------------------------------
Time to calculate step (OpenMMTheory.run: const-check): 0.002 seconds, 0.0 minutes.
-----------------------------------------------------------------------------------
Updating coordinates.

------------------------------------------------------------------------
Time to calculate step (Creating pos array): 0.000 seconds, 0.0 minutes.
------------------------------------------------------------------------

---------------------------------------------------------------------------
Time to calculate step (Updating MM positions): 0.000 seconds, 0.0 minutes.
---------------------------------------------------------------------------
Calling OpenMM getState.

---------------------------------------------------------------------
Time to calculate step (OpenMM getState): 0.000 seconds, 0.0 minutes.
---------------------------------------------------------------------
OpenMM Energy: -3.504033322041952 Eh
OpenMM Energy: -2198.8141070141223 kcal/mol

-----------------------
Ending OpenMM interface
-----------------------

----------------------------------------------------------------
Time to calculate step (OpenMM run): 0.003 seconds, 0.0 minutes.
----------------------------------------------------------------

-------------------------------------------------------------
Time to calculate step (MM step): 0.003 seconds, 0.0 minutes.
-------------------------------------------------------------

Note: You are using electrostatic embedding. This means that the QM-energy is actually the polarized QM-energy
Note: MM energy also contains the QM-MM Lennard-Jones interaction

QM energy:              -836.932641104252 
MM energy:                -3.504033322042
QM/MM energy:           -840.436674426294 

  ------------ENDING QM/MM MODULE------------- 

----------------------------------------------------------------
Time to calculate step (QM/MM run): 96.297 seconds, 1.6 minutes.
----------------------------------------------------------------
geometric called save_guess_files option option for ASHengineclass.
This option is currently unsupported in ASH. Continuing.
geometric called clearCalcs option for ASHengineclass.
This option is currently unsupported in ASH. Continuing.

Convergence criteria: {'convergence_energy': 1e-05, 'convergence_grms': 0.003, 'convergence_gmax': 0.006, 'convergence_drms': 0.01, 'convergence_dmax': 0.015, 'convergence_cmax': 0.01}

Replacing coordinates in fragment.
Creating/Updating fragment attributes...
Number of Atoms in fragment: 100
Formula: H48C20N18O14
Label: CHHCCOOOCHCHCCHCHCHOHCOOCOOHCOOHCNHHNHHNHHCNHHNHHNHHCNHHNHHNHHCOOHCNHHNHHNHHCNHHNHHNHHCNHHNHHNHHCOOH
Charge: -2 Mult: 1

--------------------------------------------------------------------------------
Wrote XYZ file:  Fragment-currentgeo.xyz
Current geometry (Å) in step 38 (print_atoms_list region)
---------------------------------------------------
        C  55.71379671   35.60858190   61.18016756
        H  56.61451047   35.70371017   60.51713694
        H  55.38476993   36.50938752   61.80945250
        C  54.99093534   34.44878230   61.22441353
        C  53.76897636   34.35134084   62.18731147
        O  53.42503431   35.43416969   62.73571969
        O  53.19966192   33.22862385   62.39576711
        O  55.30360033   33.29686378   60.53187992
        C  56.66871744   33.22611648   59.98487254
        H  56.72103346   32.20420924   59.56828280
        C  57.68379314   33.35336407   61.12119907
        H  57.45127629   32.82476831   62.04798093
        C  58.89153089   33.95703017   61.03422682
        C  59.25128882   34.62224442   59.75400800
        H  60.26173639   35.06490477   59.68653615
        C  58.39332301   34.63163261   58.69245459
        H  58.67592179   35.04143243   57.73044101
        C  56.97590198   34.07654800   58.71610987
        H  56.31670055   34.97317220   58.69428761
        O  56.72488706   33.22019301   57.62347502
        H  57.09199337   33.69463704   56.79103647
        C  59.89403867   33.86006523   62.24042564
        O  59.38672843   33.57102892   63.37724229
        O  61.11273331   34.01671401   62.01268334
        C  67.06110000   31.21890000   45.40400000
        O  68.24492500   31.28067600   45.00746300
        O  66.34981600   30.19151700   45.43655900
        H  66.60312100   32.15475000   45.75676100
        C  60.94920000   22.42780000   52.26980000
        O  62.13302500   22.48957600   51.87326300
        O  60.23791600   21.40041700   52.30235900
        H  60.49122100   23.36365000   52.62256100
        C  60.29000000   45.74590000   60.12010000
        N  60.44057700   46.13112000   58.85604600
        H  60.13006000   46.79362200   59.55230000
        H  60.63674600   45.17608200   59.11971300
        N  59.88110100   46.61830400   61.03694900
        H  60.07727000   45.66326600   61.30061600
        H  59.99544900   46.91084000   60.07702800
        N  60.54832100   44.48827600   60.46730500
        H  60.66267000   44.78081100   59.50738400
        H  60.23780400   45.15077800   61.16355900
        C  65.94230000   32.41320000   65.05370000
        N  66.09287700   32.79842000   63.78964600
        H  65.78236000   33.46092200   64.48590000
        H  66.28904600   31.84338200   64.05331300
        N  65.53340100   33.28560400   65.97054900
        H  65.72957000   32.33056600   66.23421600
        H  65.64774900   33.57814000   65.01062800
        N  66.20062100   31.15557600   65.40090500
        H  66.31497000   31.44811100   64.44098400
        H  65.89010400   31.81807800   66.09715900
        C  60.36560000   26.37370000   64.44940000
        N  60.51617700   26.75892000   63.18534600
        H  60.20566000   27.42142200   63.88160000
        H  60.71234600   25.80388200   63.44901300
        N  59.95670100   27.24610400   65.36624900
        H  60.15287000   26.29106600   65.62991600
        H  60.07104900   27.53864000   64.40632800
        N  60.62392100   25.11607600   64.79660500
        H  60.73827000   25.40861100   63.83668400
        H  60.31340400   25.77857800   65.49285900
        C  54.33830000   23.34980000   51.27940000
        O  55.52212500   23.41157600   50.88286300
        O  53.62701600   22.32241700   51.31195900
        H  53.88032100   24.28565000   51.63216100
        C  54.36270000   35.33710000   66.60610000
        N  54.51327700   35.72232000   65.34204600
        H  54.20276000   36.38482200   66.03830000
        H  54.70944600   34.76728200   65.60571300
        N  53.95380100   36.20950400   67.52294900
        H  54.14997000   35.25446600   67.78661600
        H  54.06814900   36.50204000   66.56302800
        N  54.62102100   34.07947600   66.95330500
        H  54.73537000   34.37201100   65.99338400
        H  54.31050400   34.74197800   67.64955900
        C  50.32010000   31.37760000   63.34690000
        N  50.47067700   31.76282000   62.08284600
        H  50.16016000   32.42532200   62.77910000
        H  50.66684600   30.80778200   62.34651300
        N  49.91120100   32.25000400   64.26374900
        H  50.10737000   31.29496600   64.52741600
        H  50.02554900   32.54254000   63.30382800
        N  50.57842100   30.11997600   63.69410500Step   41 : Displace = [0m8.355e-02[0m/[0m2.514e-01[0m (rms/max) Trust = 8.489e-02 (=) Grad_T = [0m1.082e-02[0m/[0m4.772e-02[0m (rms/max) E (change) = -840.4604963287 ([0m-2.786e-03[0m) Quality = [0m0.165[0m
Hessian Eigenvalues: 5.92903e-04 8.97143e-03 1.58437e-02 ... 6.60287e-01 1.63406e+00 2.98034e+00
Step   42 : Displace = [0m4.321e-02[0m/[0m1.428e-01[0m (rms/max) Trust = 4.177e-02 ([91m-[0m) Grad_T = [0m4.775e-03[0m/[0m1.629e-02[0m (rms/max) E (change) = -840.4765532103 ([0m-1.606e-02[0m) Quality = [0m1.052[0m
Hessian Eigenvalues: 5.14649e-04 9.39781e-03 1.54000e-02 ... 6.56337e-01 1.62370e+00 3.08637e+00
Step   43 : Displace = [0m5.933e-02[0m/[0m1.809e-01[0m (rms/max) Trust = 5.908e-02 ([92m+[0m) Grad_T = [0m5.941e-03[0m/[0m2.580e-02[0m (rms/max) E (change) = -840.4829750060 ([0m-6.422e-03[0m) Quality = [0m0.640[0m
Hessian Eigenvalues: 5.93453e-04 9.24905e-03 1.61318e-02 ... 6.55279e-01 1.63625e+00 3.13217e+00
Step   44 : Displace = [0m5.826e-02[0m/[0m1.493e-01[0m (rms/max) Trust = 5.908e-02 (=) Grad_T = [0m3.072e-03[0m/[0m1.456e-02[0m (rms/max) E (change) = -840.4919646738 ([0m-8.990e-03[0m) Quality = [0m1.218[0m
Hessian Eigenvalues: 4.31668e-04 8.36035e-03 1.66590e-02 ... 6.69621e-01 1.63038e+00 3.13427e+00
Step   45 : Displace = [0m8.238e-02[0m/[0m2.071e-01[0m (rms/max) Trust = 8.355e-02 ([92m+[0m) Grad_T = [0m5.191e-03[0m/[0m2.140e-02[0m (rms/max) E (change) = -840.5017366007 ([0m-9.772e-03[0m) Quality = [0m0.810[0m
Hessian Eigenvalues: 2.96588e-04 7.99609e-03 1.67581e-02 ... 6.80813e-01 1.62656e+00 3.33875e+00
Step   46 : Displace = [0m1.179e-01[0m/[0m3.025e-01[0m (rms/max) Trust = 1.182e-01 ([92m+[0m) Grad_T = [0m3.820e-03[0m/[0m2.511e-02[0m (rms/max) E (change) = -840.5166587998 ([0m-1.492e-02[0m) Quality = [0m1.045[0m
Hessian Eigenvalues: 2.82011e-04 7.49260e-03 1.57719e-02 ... 6.76896e-01 1.63579e+00 3.01824e+00
