geometric-optimize called with the following command line:
relax_barrier.py shell5p0ts run

                                        [91m())))))))))))))))/[0m                     
                                    [91m())))))))))))))))))))))))),[0m                
                                [91m*)))))))))))))))))))))))))))))))))[0m             
                        [94m#,[0m    [91m()))))))))/[0m                [91m.)))))))))),[0m          
                      [94m#%%%%,[0m  [91m())))))[0m                        [91m.))))))))*[0m        
                      [94m*%%%%%%,[0m  [91m))[0m              [93m..[0m              [91m,))))))).[0m      
                        [94m*%%%%%%,[0m         [93m***************/.[0m        [91m.)))))))[0m     
                [94m#%%/[0m      [94m(%%%%%%,[0m    [93m/*********************.[0m       [91m)))))))[0m    
              [94m.%%%%%%#[0m      [94m*%%%%%%,[0m  [93m*******/,[0m     [93m**********,[0m      [91m.))))))[0m   
                [94m.%%%%%%/[0m      [94m*%%%%%%,[0m  [93m**[0m              [93m********[0m      [91m.))))))[0m  
          [94m##[0m      [94m.%%%%%%/[0m      [94m(%%%%%%,[0m                  [93m,******[0m      [91m/)))))[0m  
        [94m%%%%%%[0m      [94m.%%%%%%#[0m      [94m*%%%%%%,[0m    [92m,/////.[0m       [93m******[0m      [91m))))))[0m 
      [94m#%[0m      [94m%%[0m      [94m.%%%%%%/[0m      [94m*%%%%%%,[0m  [92m////////,[0m      [93m*****/[0m     [91m,)))))[0m 
    [94m#%%[0m  [94m%%%[0m  [94m%%%#[0m      [94m.%%%%%%/[0m      [94m(%%%%%%,[0m  [92m///////.[0m     [93m/*****[0m      [91m))))).[0m
  [94m#%%%%.[0m      [94m%%%%%#[0m      [94m/%%%%%%*[0m      [94m#%%%%%%[0m   [92m/////)[0m     [93m******[0m      [91m))))),[0m
    [94m#%%%%##%[0m  [94m%%%#[0m      [94m.%%%%%%/[0m      [94m(%%%%%%,[0m  [92m///////.[0m     [93m/*****[0m      [91m))))).[0m
      [94m##[0m     [94m%%%[0m      [94m.%%%%%%/[0m      [94m*%%%%%%,[0m  [92m////////.[0m      [93m*****/[0m     [91m,)))))[0m 
        [94m#%%%%#[0m      [94m/%%%%%%/[0m      [94m(%%%%%%[0m      [92m/)/)//[0m       [93m******[0m      [91m))))))[0m 
          [94m##[0m      [94m.%%%%%%/[0m      [94m(%%%%%%,[0m                  [93m*******[0m      [91m))))))[0m  
                [94m.%%%%%%/[0m      [94m*%%%%%%,[0m  [93m**.[0m             [93m/*******[0m      [91m.))))))[0m  
              [94m*%%%%%%/[0m      [94m(%%%%%%[0m   [93m********/*..,*/*********[0m       [91m*))))))[0m   
                [94m#%%/[0m      [94m(%%%%%%,[0m    [93m*********************/[0m        [91m)))))))[0m    
                        [94m*%%%%%%,[0m         [93m,**************/[0m         [91m,))))))/[0m     
                      [94m(%%%%%%[0m   [91m()[0m                              [91m))))))))[0m       
                      [94m#%%%%,[0m  [91m())))))[0m                        [91m,)))))))),[0m        
                        [94m#,[0m    [91m())))))))))[0m                [91m,)))))))))).[0m          
                                 [91m()))))))))))))))))))))))))))))))/[0m             
                                    [91m())))))))))))))))))))))))).[0m                
                                         [91m())))))))))))))),[0m                     

-=# [1;94m geomeTRIC started. Version: 1.1.1 [0m #=-
Current date and time: 2026-07-29 17:06:04
#========================================================#
#| [92m    Arguments passed to driver run_optimizer():     [0m |#
#========================================================#
bothre                    0.0 
constraints               constraints.txt 
convergence_cmax          0.01 
convergence_dmax          0.015 
convergence_drms          0.01 
convergence_energy        1e-05 
convergence_gmax          0.006 
convergence_grms          0.003 
coordsys                  hdlc 
customengine              <ash.interfaces.interface_geometric_new.ASHengineclass object at 0x145e228d0c50> 
input                     dummyinputname 
irc                       False 
logIni                    /home/18660916/envs/ash/lib/python3.11/site-packages/ash/log.ini 
maxiter                   400 
prefix                    geometric_OPTtraj 
rigid                     False 
subfrctor                 1 
transition                False 
verbose                   0 
----------------------------------------------------------
Custom engine selected.
$freeze
xyz 25
xyz 26
xyz 27
xyz 28
xyz 29
xyz 30
xyz 31
xyz 32
xyz 33
xyz 34
xyz 35
xyz 36
xyz 37
xyz 38
xyz 39
xyz 40
xyz 41
xyz 42
xyz 43
xyz 44
xyz 45
xyz 46
xyz 47
xyz 48
xyz 49
xyz 50
xyz 51
xyz 52
xyz 53
xyz 54
xyz 55
xyz 56
xyz 57
xyz 58
xyz 59
xyz 60
xyz 61
xyz 62
xyz 63
xyz 64
xyz 65
xyz 66
xyz 67
xyz 68
xyz 69
xyz 70
xyz 71
xyz 72
xyz 73
xyz 74
xyz 75
xyz 76
xyz 77
xyz 78
xyz 79
xyz 80
xyz 81
xyz 82
xyz 83
xyz 84
xyz 85
xyz 86
xyz 87
xyz 88
Bonds will be generated from interatomic distances less than 1.20 times sum of covalent radii
264 internal coordinates being used (instead of 264 Cartesians)
<class 'geometric.internal.CartesianX'> : 88
<class 'geometric.internal.CartesianY'> : 88
<class 'geometric.internal.CartesianZ'> : 88
<class 'geometric.internal.Distance'> : 113
<class 'geometric.internal.Angle'> : 129
<class 'geometric.internal.OutOfPlane'> : 387
<class 'geometric.internal.Dihedral'> : 655
Constraint                         Current      Target       Diff.
Cartesian-X 25                    60.13150    60.13150     0.00000
Cartesian-Y 25                    27.30170    27.30170     0.00000
Cartesian-Z 25                    49.17930    49.17930     0.00000
Cartesian-X 26                    61.31533    61.31533     0.00000
Cartesian-Y 26                    27.36348    27.36348     0.00000
Cartesian-Z 26                    48.78276    48.78276     0.00000
Cartesian-X 27                    59.42022    59.42022     0.00000
Cartesian-Y 27                    26.27432    26.27432     0.00000
Cartesian-Z 27                    49.21186    49.21186     0.00000
Cartesian-X 28                    59.67352    59.67352     0.00000
Cartesian-Y 28                    28.23755    28.23755     0.00000
Cartesian-Z 28                    49.53206    49.53206     0.00000
Cartesian-X 29                    66.27590    66.27590     0.00000
Cartesian-Y 29                    27.70220    27.70220     0.00000
Cartesian-Z 29                    52.54990    52.54990     0.00000
Cartesian-X 30                    67.45973    67.45973     0.00000
Cartesian-Y 30                    27.76398    27.76398     0.00000
Cartesian-Z 30                    52.15336    52.15336     0.00000
Cartesian-X 31                    65.56462    65.56462     0.00000
Cartesian-Y 31                    26.67482    26.67482     0.00000
Cartesian-Z 31                    52.58246    52.58246     0.00000
Cartesian-X 32                    65.81792    65.81792     0.00000
Cartesian-Y 32                    28.63805    28.63805     0.00000
Cartesian-Z 32                    52.90266    52.90266     0.00000
Cartesian-X 33                    59.66970    59.66970     0.00000
Cartesian-Y 33                    36.29460    36.29460     0.00000
Cartesian-Z 33                    63.69690    63.69690     0.00000
Cartesian-X 34                    59.82028    59.82028     0.00000
Cartesian-Y 34                    36.67982    36.67982     0.00000
Cartesian-Z 34                    62.43285    62.43285     0.00000
Cartesian-X 35                    59.50976    59.50976     0.00000
Cartesian-Y 35                    37.34232    37.34232     0.00000
Cartesian-Z 35                    63.12910    63.12910     0.00000
Cartesian-X 36                    60.01645    60.01645     0.00000
Cartesian-Y 36                    35.72478    35.72478     0.00000
Cartesian-Z 36                    62.69651    62.69651     0.00000
Cartesian-X 37                    59.26080    59.26080     0.00000
Cartesian-Y 37                    37.16700    37.16700     0.00000
Cartesian-Z 37                    64.61375    64.61375     0.00000
Cartesian-X 38                    59.45697    59.45697     0.00000
Cartesian-Y 38                    36.21197    36.21197     0.00000
Cartesian-Z 38                    64.87742    64.87742     0.00000
Cartesian-X 39                    59.37515    59.37515     0.00000
Cartesian-Y 39                    37.45954    37.45954     0.00000
Cartesian-Z 39                    63.65383    63.65383     0.00000
Cartesian-X 40                    59.92802    59.92802     0.00000
Cartesian-Y 40                    35.03698    35.03698     0.00000
Cartesian-Z 40                    64.04411    64.04411     0.00000
Cartesian-X 41                    60.04237    60.04237     0.00000
Cartesian-Y 41                    35.32951    35.32951     0.00000
Cartesian-Z 41                    63.08418    63.08418     0.00000
Cartesian-X 42                    59.61750    59.61750     0.00000
Cartesian-Y 42                    35.69948    35.69948     0.00000
Cartesian-Z 42                    64.74036    64.74036     0.00000
Cartesian-X 43                    59.29540    59.29540     0.00000
Cartesian-Y 43                    32.04470    32.04470     0.00000
Cartesian-Z 43                    47.20100    47.20100     0.00000
Cartesian-X 44                    60.47922    60.47922     0.00000
Cartesian-Y 44                    32.10648    32.10648     0.00000
Cartesian-Z 44                    46.80446    46.80446     0.00000
Cartesian-X 45                    58.58412    58.58412     0.00000
Cartesian-Y 45                    31.01732    31.01732     0.00000
Cartesian-Z 45                    47.23356    47.23356     0.00000
Cartesian-X 46                    58.83742    58.83742     0.00000
Cartesian-Y 46                    32.98055    32.98055     0.00000
Cartesian-Z 46                    47.55376    47.55376     0.00000
Cartesian-X 47                    60.63320    60.63320     0.00000
Cartesian-Y 47                    25.40040    25.40040     0.00000
Cartesian-Z 47                    54.04170    54.04170     0.00000
Cartesian-X 48                    61.81702    61.81702     0.00000
Cartesian-Y 48                    25.46218    25.46218     0.00000
Cartesian-Z 48                    53.64516    53.64516     0.00000
Cartesian-X 49                    59.92192    59.92192     0.00000
Cartesian-Y 49                    24.37302    24.37302     0.00000
Cartesian-Z 49                    54.07426    54.07426     0.00000
Cartesian-X 50                    60.17522    60.17522     0.00000
Cartesian-Y 50                    26.33625    26.33625     0.00000
Cartesian-Z 50                    54.39446    54.39446     0.00000
Cartesian-X 51                    53.86860    53.86860     0.00000
Cartesian-Y 51                    29.40090    29.40090     0.00000
Cartesian-Z 51                    61.59910    61.59910     0.00000
Cartesian-X 52                    54.01918    54.01918     0.00000
Cartesian-Y 52                    29.78612    29.78612     0.00000
Cartesian-Z 52                    60.33505    60.33505     0.00000
Cartesian-X 53                    53.70866    53.70866     0.00000
Cartesian-Y 53                    30.44862    30.44862     0.00000
Cartesian-Z 53                    61.03130    61.03130     0.00000
Cartesian-X 54                    54.21535    54.21535     0.00000
Cartesian-Y 54                    28.83108    28.83108     0.00000
Cartesian-Z 54                    60.59871    60.59871     0.00000
Cartesian-X 55                    53.45970    53.45970     0.00000
Cartesian-Y 55                    30.27330    30.27330     0.00000
Cartesian-Z 55                    62.51595    62.51595     0.00000
Cartesian-X 56                    53.65587    53.65587     0.00000
Cartesian-Y 56                    29.31827    29.31827     0.00000
Cartesian-Z 56                    62.77962    62.77962     0.00000
Cartesian-X 57                    53.57405    53.57405     0.00000
Cartesian-Y 57                    30.56584    30.56584     0.00000
Cartesian-Z 57                    61.55603    61.55603     0.00000
Cartesian-X 58                    54.12692    54.12692     0.00000
Cartesian-Y 58                    28.14328    28.14328     0.00000
Cartesian-Z 58                    61.94630    61.94630     0.00000
Cartesian-X 59                    54.24127    54.24127     0.00000
Cartesian-Y 59                    28.43581    28.43581     0.00000
Cartesian-Z 59                    60.98638    60.98638     0.00000
Cartesian-X 60                    53.81640    53.81640     0.00000
Cartesian-Y 60                    28.80578    28.80578     0.00000
Cartesian-Z 60                    62.64256    62.64256     0.00000
Cartesian-X 61                    54.48960    54.48960     0.00000
Cartesian-Y 61                    34.81800    34.81800     0.00000
Cartesian-Z 61                    63.05660    63.05660     0.00000
Cartesian-X 62                    54.64018    54.64018     0.00000
Cartesian-Y 62                    35.20322    35.20322     0.00000
Cartesian-Z 62                    61.79255    61.79255     0.00000
Cartesian-X 63                    54.32966    54.32966     0.00000
Cartesian-Y 63                    35.86572    35.86572     0.00000
Cartesian-Z 63                    62.48880    62.48880     0.00000
Cartesian-X 64                    54.83635    54.83635     0.00000
Cartesian-Y 64                    34.24818    34.24818     0.00000
Cartesian-Z 64                    62.05621    62.05621     0.00000
Cartesian-X 65                    54.08070    54.08070     0.00000
Cartesian-Y 65                    35.69040    35.69040     0.00000
Cartesian-Z 65                    63.97345    63.97345     0.00000
Cartesian-X 66                    54.27687    54.27687     0.00000
Cartesian-Y 66                    34.73537    34.73537     0.00000
Cartesian-Z 66                    64.23712    64.23712     0.00000
Cartesian-X 67                    54.19505    54.19505     0.00000
Cartesian-Y 67                    35.98294    35.98294     0.00000
Cartesian-Z 67                    63.01353    63.01353     0.00000
Cartesian-X 68                    54.74792    54.74792     0.00000
Cartesian-Y 68                    33.56038    33.56038     0.00000
Cartesian-Z 68                    63.40380    63.40380     0.00000
Cartesian-X 69                    54.86227    54.86227     0.00000
Cartesian-Y 69                    33.85291    33.85291     0.00000
Cartesian-Z 69                    62.44388    62.44388     0.00000
Cartesian-X 70                    54.43740    54.43740     0.00000
Cartesian-Y 70                    34.22288    34.22288     0.00000
Cartesian-Z 70                    64.10006    64.10006     0.00000
Cartesian-X 71                    66.79830    66.79830     0.00000
Cartesian-Y 71                    33.28170    33.28170     0.00000
Cartesian-Z 71                    49.68530    49.68530     0.00000
Cartesian-X 72                    67.98212    67.98212     0.00000
Cartesian-Y 72                    33.34348    33.34348     0.00000
Cartesian-Z 72                    49.28876    49.28876     0.00000
Cartesian-X 73                    66.08702    66.08702     0.00000
Cartesian-Y 73                    32.25432    32.25432     0.00000
Cartesian-Z 73                    49.71786    49.71786     0.00000
Cartesian-X 74                    66.34032    66.34032     0.00000
Cartesian-Y 74                    34.21755    34.21755     0.00000
Cartesian-Z 74                    50.03806    50.03806     0.00000
Cartesian-X 75                    64.00380    64.00380     0.00000
Cartesian-Y 75                    29.65520    29.65520     0.00000
Cartesian-Z 75                    47.83790    47.83790     0.00000
Cartesian-X 76                    65.18762    65.18762     0.00000
Cartesian-Y 76                    29.71698    29.71698     0.00000
Cartesian-Z 76                    47.44136    47.44136     0.00000
Cartesian-X 77                    63.29252    63.29252     0.00000
Cartesian-Y 77                    28.62782    28.62782     0.00000
Cartesian-Z 77                    47.87046    47.87046     0.00000
Cartesian-X 78                    63.54582    63.54582     0.00000
Cartesian-Y 78                    30.59105    30.59105     0.00000
Cartesian-Z 78                    48.19066    48.19066     0.00000
Cartesian-X 79                    58.18900    58.18900     0.00000
Cartesian-Y 79                    31.08480    31.08480     0.00000
Cartesian-Z 79                    63.84250    63.84250     0.00000
Cartesian-X 80                    58.33958    58.33958     0.00000
Cartesian-Y 80                    31.47002    31.47002     0.00000
Cartesian-Z 80                    62.57845    62.57845     0.00000
Cartesian-X 81                    58.02906    58.02906     0.00000
Cartesian-Y 81                    32.13252    32.13252     0.00000
Cartesian-Z 81                    63.27470    63.27470     0.00000
Cartesian-X 82                    58.53575    58.53575     0.00000
Cartesian-Y 82                    30.51498    30.51498     0.00000
Cartesian-Z 82                    62.84211    62.84211     0.00000
Cartesian-X 83                    57.78010    57.78010     0.00000
Cartesian-Y 83                    31.95720    31.95720     0.00000
Cartesian-Z 83                    64.75935    64.75935     0.00000
Cartesian-X 84                    57.97627    57.97627     0.00000
Cartesian-Y 84                    31.00217    31.00217     0.00000
Cartesian-Z 84                    65.02302    65.02302     0.00000
Cartesian-X 85                    57.89445    57.89445     0.00000
Cartesian-Y 85                    32.24974    32.24974     0.00000
Cartesian-Z 85                    63.79943    63.79943     0.00000
Cartesian-X 86                    58.44732    58.44732     0.00000
Cartesian-Y 86                    29.82718    29.82718     0.00000
Cartesian-Z 86                    64.18971    64.18971     0.00000
Cartesian-X 87                    58.56167    58.56167     0.00000
Cartesian-Y 87                    30.11971    30.11971     0.00000
Cartesian-Z 87                    63.22978    63.22978     0.00000
Cartesian-X 88                    58.13680    58.13680     0.00000
Cartesian-Y 88                    30.48968    30.48968     0.00000
Cartesian-Z 88                    64.88596    64.88596     0.00000
> ===== Optimization Info: ====
> Job type: Energy minimization
> Maximum number of optimization cycles: 400
> Initial / maximum trust radius (Angstrom): 0.100 / 0.300
> Convergence Criteria:
> Will converge when all 5 criteria are reached:
>  |Delta-E| < 1.00e-05
>  RMS-Ortho-Grad < 3.00e-03
>  Max-Ortho-Grad < 6.00e-03
>  RMS-Disp  < 1.00e-02
>  Max-Disp  < 1.50e-02
> 
> Constraints are requested. The following criterion is added:
>  Max Constraint Violation (in Angstroms/degrees) < 1.00e-02 
> === End Optimization Info ===
Step    0 : Gradient = 1.017e-02/4.176e-02 (rms/max) Energy = -838.3835425069
Hessian Eigenvalues: 2.63687e-02 2.63687e-02 2.63687e-02 ... 5.78010e-01 5.78010e-01 5.78010e-01
Step    1 : Displace = [0m3.945e-02[0m/[0m2.693e-01[0m (rms/max) Trust = 1.000e-01 (=) Grad_T = [0m5.999e-03[0m/[0m2.723e-02[0m (rms/max) E (change) = -838.4105848381 ([0m-2.704e-02[0m) Quality = [0m1.429[0m
Hessian Eigenvalues: 1.55059e-02 2.63687e-02 2.63687e-02 ... 5.78010e-01 5.78010e-01 5.82919e-01
Step    2 : Displace = [0m8.243e-02[0m/[0m5.083e-01[0m (rms/max) Trust = 1.414e-01 ([92m+[0m) Grad_T = [0m7.955e-03[0m/[0m4.409e-02[0m (rms/max) E (change) = -838.4442146359 ([0m-3.363e-02[0m) Quality = [0m1.424[0m
Hessian Eigenvalues: 6.11922e-03 2.63687e-02 2.63687e-02 ... 5.78010e-01 5.78010e-01 6.16678e-01
Step    3 : Displace = [0m1.400e-01[0m/[0m7.982e-01[0m (rms/max) Trust = 2.000e-01 ([92m+[0m) Grad_T = [0m1.402e-02[0m/[0m5.753e-02[0m (rms/max) E (change) = -838.4766941390 ([0m-3.248e-02[0m) Quality = [0m1.234[0m
Hessian Eigenvalues: 3.91420e-03 2.63686e-02 2.63687e-02 ... 5.78010e-01 5.78010e-01 6.02899e-01
Step    4 : Displace = [0m1.365e-01[0m/[0m6.575e-01[0m (rms/max) Trust = 2.828e-01 ([92m+[0m) Grad_T = [0m1.404e-02[0m/[0m5.061e-02[0m (rms/max) E (change) = -838.5223876812 ([0m-4.569e-02[0m) Quality = [0m1.708[0m
Hessian Eigenvalues: 1.61385e-03 2.63673e-02 2.63687e-02 ... 5.78010e-01 5.78021e-01 5.92808e-01
Step    5 : Displace = [0m2.955e-01[0m/[0m1.147e+00[0m (rms/max) Trust = 3.000e-01 ([92m+[0m) Grad_T = [0m1.689e-02[0m/[0m7.329e-02[0m (rms/max) E (change) = -838.6420011860 ([0m-1.196e-01[0m) Quality = [0m1.210[0m
Hessian Eigenvalues: 1.40615e-03 2.29904e-02 2.63687e-02 ... 5.78010e-01 5.78031e-01 6.21639e-01
Step    6 : Displace = [0m2.942e-01[0m/[0m1.034e+00[0m (rms/max) Trust = 3.000e-01 (=) Grad_T = [0m4.045e-02[0m/[0m3.301e-01[0m (rms/max) E (change) = -838.6696019107 ([0m-2.760e-02[0m) Quality = [0m0.267[0m
Hessian Eigenvalues: 2.09428e-03 1.63194e-02 2.63686e-02 ... 5.78010e-01 5.78037e-01 6.13643e-01
Step    7 : Displace = [0m3.016e-01[0m/[0m1.347e+00[0m (rms/max) Trust = 3.000e-01 (=) Grad_T = [0m4.595e-01[0m/[0m2.771e+00[0m (rms/max) E (change) = -836.6546103243 ([91m+2.015e+00[0m) Quality = [91m-4.491[0m
[93mRejecting step - quality is lower than -1.0[0m
Hessian Eigenvalues: 2.09428e-03 1.63194e-02 2.63686e-02 ... 5.78010e-01 5.78037e-01 6.13643e-01
Step    8 : Displace = [0m1.521e-01[0m/[0m9.401e-01[0m (rms/max) Trust = 1.500e-01 ([1;91mx[0m) Grad_T = [0m1.342e-01[0m/[0m7.547e-01[0m (rms/max) E (change) = -838.2053407584 ([91m+4.643e-01[0m) Quality = [91m-1.263[0m
[93mRejecting step - quality is lower than -1.0[0m
Hessian Eigenvalues: 2.09428e-03 1.63194e-02 2.63686e-02 ... 5.78010e-01 5.78037e-01 6.13643e-01
Step    9 : Displace = [0m7.600e-02[0m/[0m6.191e-01[0m (rms/max) Trust = 7.500e-02 ([1;91mx[0m) Grad_T = [0m3.560e-02[0m/[0m1.862e-01[0m (rms/max) E (change) = -838.7058447280 ([0m-3.624e-02[0m) Quality = [0m0.132[0m
Hessian Eigenvalues: 2.22234e-03 2.05483e-02 2.63685e-02 ... 5.78010e-01 5.78020e-01 6.04224e-01
ashpath: /home/18660916/envs/ash/lib/python3.11/site-packages/ash
Sys path: ['/home/18660916/envs/ash/lib/python3.11/site-packages/ash', '/home/18660916/system_development/phase2b_charge_design/05d_shell_ladder/relax/run_barr_5p0', '/home/18660916/envs/ash/lib/python311.zip', '/home/18660916/envs/ash/lib/python3.11', '/home/18660916/envs/ash/lib/python3.11/lib-dynload', '/home/18660916/envs/ash/lib/python3.11/site-packages']
--------------------------------------------------------------------------------
--------------------------------------------------------------------------------
                                           ASH                                            
                              A MULTISCALE MODELLING PROGRAM                              
                                        Version: 0.9dev                                        
                               Git commit version: Unknown                                
--------------------------------------------------------------------------------
--------------------------------------------------------------------------------
ASH path: /home/18660916/envs/ash/lib/python3.11/site-packages/ash
Python version: 3.11.15
Python interpreter: /home/18660916/envs/ash/bin/python3

ASH Settings after reading defaults and ~/ash_user_settings.ini : 
See https://ash.readthedocs.io/en/latest/basics.html#ash-settings on how to change settings.
	 debugflag :  False
	 load_julia :  False
	 julia_library :  pythoncall
	 use_ANSI_color :  False
	 print_logo :  False
	 print_input :  True
	 scale :  1.0
	 tol :  0.1
	 conndepth :  10
	 connectivity_code :  julia
	 nonbondedMM_code :  julia
	 print_exit_footer :  True
	 print_full_timings :  True

Note: ASH can use ANSI escape sequences for displaying color. Use e.g. less -R to display
To turn on/off escape sequences, set: 'use_ANSI_color = False' in
~/ash_user_settings.ini

Input script: /home/18660916/system_development/phase2b_charge_design/05d_shell_ladder/relax/run_barr_5p0/relax_barrier.py
================================================================================
   > import sys, openmm
   > from ash import Fragment, ORCATheory, OpenMMTheory, QMMMTheory, Optimizer
   > name=sys.argv[1]; RUN=(len(sys.argv)>2 and sys.argv[2]=="run")
   > ORCADIR="/home/apps2/ORCA/6.0.1"
   > coords="\n".join(open("%s_coords.xyz"%name).read().splitlines()[2:])
   > mmcharges=[float(x) for x in open("%s_charges.txt"%name).read().split(",")]
   > frag=Fragment(coordsstring=coords, charge=-2, mult=1)
   > els=[a.split()[0] for a in coords.strip().split("\n")]
   > print(">> %s: %d atoms (24 QM + %d MM), MM net %+.2f"%(name,frag.numatoms,frag.numatoms-24,sum(mmcharges)))
   > assert len(mmcharges)==frag.numatoms
   > LJ={"C":(3.40,0.086),"N":(3.25,0.170),"O":(2.96,0.210),"H":(1.06,0.016)}
   > orca=ORCATheory(orcadir=ORCADIR,orcasimpleinput="! B3LYP D3BJ def2-SVP def2/J RIJCOSX CPCM TightSCF",
   >     orcablocks="%cpcm epsilon 4.0 end\n%scf MaxIter 300 Guess PModel end",numcores=8,autostart=False)
   > mm=OpenMMTheory(fragment=frag,dummysystem=True,platform="CPU",numcores=1,autoconstraints=None,rigidwater=False)
   > lj=openmm.CustomBondForce("4*eps*((sig/r)^12 - (sig/r)^6)")
   > lj.addPerBondParameter("sig");lj.addPerBondParameter("eps");lj.setUsesPeriodicBoundaryConditions(False)
   > ang=openmm.unit.angstrom;kcal=openmm.unit.kilocalorie_per_mole;npair=0
   > for i in range(24):
   >     si,ei=LJ[els[i]]
   >     for j in range(24,frag.numatoms):
   >         sj,ej=LJ[els[j]]
   >         sig=((si+sj)/2*ang).value_in_unit(openmm.unit.nanometer);eps=(((ei*ej)**0.5)*kcal).value_in_unit(openmm.unit.kilojoule_per_mole)
   >         lj.addBond(i,j,[sig,eps]);npair+=1
   > lj.setForceGroup(11);mm.system.addForce(lj)
   > qmmm=QMMMTheory(qm_theory=orca,mm_theory=mm,fragment=frag,qmatoms=list(range(24)),charges=mmcharges,embedding="elstat",qm_charge=-2,qm_mult=1,numcores=8)
   > FROZEN=list(range(24,frag.numatoms))
   > CONV={"convergence_energy":1e-5,"convergence_grms":3.0e-3,"convergence_gmax":6.0e-3,"convergence_drms":1.0e-2,"convergence_dmax":1.5e-2}
   > if not RUN:
   >     print("\n=== DRY RUN OK %s: %d pairs, MM %+.0f, %d frozen ==="%(name,npair,sum(mmcharges),len(FROZEN))); sys.exit(0)
   > result=Optimizer(theory=qmmm,fragment=frag,coordsystem="hdlc",frozenatoms=FROZEN,maxiter=400,conv_criteria=CONV,charge=-2,mult=1)
   > frag.write_xyzfile("%s_relaxed.xyz"%name)
   > # extract final energy
   > E=frag.energy if hasattr(frag,"energy") else None
   > print(">> DONE %s  FINAL ENERGY = %s Eh -> %s_relaxed.xyz"%(name,E,name))
   > open("%s_energy.txt"%name,"w").write(str(E))
================================================================================ 


--------------------------------------------------------------------------------
                                New ASH fragment                                
--------------------------------------------------------------------------------

ASH Fragment creation
Getting coordinates from string: C     60.14190600    34.25017500    56.86750500
H     60.65410400    33.35229400    57.20242100
H     60.73860600    35.07435300    56.47491200
C     58.80287300    34.45194900    57.16141800
C     58.13069700    35.79868100    56.84307300
O     58.86276300    36.77666300    56.53446600
O     56.87734100    35.82963400    56.93983700
O     58.04533200    33.51170800    57.60013500
C     57.53567900    32.20862600    56.01945400
H     56.92805500    31.57263500    56.66681400
C     58.86068700    31.87524000    55.78984900
H     59.36035100    31.12725100    56.40326400
C     59.64119800    32.67145500    54.96010600
C     58.97535300    33.57937300    54.02371700
H     59.61208400    34.05213900    53.27111900
C     57.64453400    33.77154800    54.05277400
H     57.14874400    34.42947900    53.33266900
C     56.77153500    33.13738000    55.09626400
H     56.36648800    33.96180100    55.70835200
O     55.70405500    32.44082700    54.44502300
H     55.04194600    32.20048300    55.11214300
C     61.07068900    32.21901900    54.67969600
O     61.72429900    31.71851300    55.62834500
O     61.44865900    32.31879300    53.48933100
C     60.131500    27.301700    49.179300
O     61.315325    27.363476    48.782763
O     59.420216    26.274317    49.211859
H     59.673521    28.237550    49.532061
C     66.275900    27.702200    52.549900
O     67.459725    27.763976    52.153363
O     65.564616    26.674817    52.582459
H     65.817921    28.638050    52.902661
C     59.669700    36.294600    63.696900
N     59.820277    36.679820    62.432846
H     59.509760    37.342322    63.129100
H     60.016446    35.724782    62.696513
N     59.260801    37.167004    64.613749
H     59.456970    36.211966    64.877416
H     59.375149    37.459540    63.653828
N     59.928021    35.036976    64.044105
H     60.042370    35.329511    63.084184
H     59.617504    35.699478    64.740359
C     59.295400    32.044700    47.201000
O     60.479225    32.106476    46.804463
O     58.584116    31.017317    47.233559
H     58.837421    32.980550    47.553761
C     60.633200    25.400400    54.041700
O     61.817025    25.462176    53.645163
O     59.921916    24.373017    54.074259
H     60.175221    26.336250    54.394461
C     53.868600    29.400900    61.599100
N     54.019177    29.786120    60.335046
H     53.708660    30.448622    61.031300
H     54.215346    28.831082    60.598713
N     53.459701    30.273304    62.515949
H     53.655870    29.318266    62.779616
H     53.574049    30.565840    61.556028
N     54.126921    28.143276    61.946305
H     54.241270    28.435811    60.986384
H     53.816404    28.805778    62.642559
C     54.489600    34.818000    63.056600
N     54.640177    35.203220    61.792546
H     54.329660    35.865722    62.488800
H     54.836346    34.248182    62.056213
N     54.080701    35.690404    63.973449
H     54.276870    34.735366    64.237116
H     54.195049    35.982940    63.013528
N     54.747921    33.560376    63.403805
H     54.862270    33.852911    62.443884
H     54.437404    34.222878    64.100059
C     66.798300    33.281700    49.685300
O     67.982125    33.343476    49.288763
O     66.087016    32.254317    49.717859
H     66.340321    34.217550    50.038061
C     64.003800    29.655200    47.837900
O     65.187625    29.716976    47.441363
O     63.292516    28.627817    47.870459
H     63.545821    30.591050    48.190661
C     58.189000    31.084800    63.842500
N     58.339577    31.470020    62.578446
H     58.029060    32.132522    63.274700
H     58.535746    30.514982    62.842113
N     57.780101    31.957204    64.759349
H     57.976270    31.002166    65.023016
H     57.894449    32.249740    63.799428
N     58.447321    29.827176    64.189705
H     58.561670    30.119711    63.229784
H     58.136804    30.489678    64.885959
Creating/Updating fragment attributes...
Number of Atoms in fragment: 88
Formula: O18H38N12C20
Label: CHHCCOOOCHCHCCHCHCHOHCOOCOOHCOOHCNHHNHHNHHCOOHCOOHCNHHNHHNHHCNHHNHHNHHCOOHCOOHCNHHNHHNHH
Charge: -2 Mult: 1

--------------------------------------------------------------------------------
>> shell5p0ts: 88 atoms (24 QM + 64 MM), MM net -2.00


                     #####################################                      
                     #                                   #                      
                     #     ORCATheory initialization     #                      
                     #                                   #                      
                     #####################################                      
Checking for ORCA location
 Using orcadir path provided: /home/apps2/ORCA/6.0.1 
Checking if ORCA binary works... yes 
ORCA parallel job requested with numcores: 8 . Make sure that the correct OpenMPI version (for the ORCA version) is available in your environment
OpenMPI binary directory found: /apps/openmpi/4.1.1/bin
Testing that mpirun is executable... yes 
OpenMPI version (mpirun -V): mpirun (Open MPI) 4.1.1

Report bugs to http://www.open-mpi.org/community/help/

bind_to_core_option: True

Creating ORCA object
ORCA dir: /home/apps2/ORCA/6.0.1
! B3LYP D3BJ def2-SVP def2/J RIJCOSX CPCM TightSCF
%cpcm epsilon 4.0 end
%scf MaxIter 300 Guess PModel end

ORCATheory object created!


                           #########################                            
                           #                       #                            
                           #     OpenMM Theory     #                            
                           #                       #                            
                           #########################                            
OpenMM CPU threads set to: 1
Imported OpenMM library version: 8.5.2

--------------------------------------------------------------------------------
                             Defining OpenMM object                             
--------------------------------------------------------------------------------

Printlevel: 2
No automatic constraints
AutoConstraint setting: None
Rigidwater constraints: False
Hydrogenmass option: 1.5 Da
Using platform: CPU

--------------------------------------------------------------------------------
                            Setting up force fields.                            
--------------------------------------------------------------------------------

Note: OpenMM will fail in this step if parameters are missing in topology and
      parameter files (e.g. nonbonded entries).

Defining new basic single-chain, multi-residue topology
Inside write_xmlfile_nonbonded
Wrote XML-file: dummy.xml
residueTemplates: {}
System is non-periodic.
nonbonded noPBC Method is: NoCutoff
Nonbonded cutoff : 20 Angstrom

----------------------
OpenMM system created.
----------------------
OpenMM Forces defined: [<openmm.openmm.NonbondedForce; proxy of <Swig Object of type 'OpenMM::NonbondedForce *' at 0x145e24defaf0> >, <openmm.openmm.CMMotionRemover; proxy of <Swig Object of type 'OpenMM::CMMotionRemover *' at 0x145e24def670> >]

Setting charges
Number of atoms in OpenMM system: 88

System constraints defined upon system creation: 0
Use printlevel =>3 to see list of all constraints

----------------------------------------------------------------------------
Time to calculate step (OpenMM object creation): 0.347 seconds, 0.0 minutes.
----------------------------------------------------------------------------


                            ########################                            
                            #                      #                            
                            #     QM/MM Theory     #                            
                            #                      #                            
                            ########################                            
QM-theory: ORCATheory
MM-theory: OpenMMTheory
All atoms in fragment: 88
QM region (24 atoms): [0, 1, 2, 3, 4, 5, 6, 7, 8, 9, 10, 11, 12, 13, 14, 15, 16, 17, 18, 19, 20, 21, 22, 23]
MM region (64 atoms)
QM/MM object selected to use 8 cores
Embedding: elstat
Reading in charges
Updating charges in OpenMM object.
Updating simulation object for modified Nonbonded force.

--------------------------------------------------------------------
Time to calculate step (update_charges): 0.002 seconds, 0.0 minutes.
--------------------------------------------------------------------
QM-region coordinates (before linkatoms):
   0    C  60.14190600   34.25017500   56.86750500
   1    H  60.65410400   33.35229400   57.20242100
   2    H  60.73860600   35.07435300   56.47491200
   3    C  58.80287300   34.45194900   57.16141800
   4    C  58.13069700   35.79868100   56.84307300
   5    O  58.86276300   36.77666300   56.53446600
   6    O  56.87734100   35.82963400   56.93983700
   7    O  58.04533200   33.51170800   57.60013500
   8    C  57.53567900   32.20862600   56.01945400
   9    H  56.92805500   31.57263500   56.66681400
  10    C  58.86068700   31.87524000   55.78984900
  11    H  59.36035100   31.12725100   56.40326400
  12    C  59.64119800   32.67145500   54.96010600
  13    C  58.97535300   33.57937300   54.02371700
  14    H  59.61208400   34.05213900   53.27111900
  15    C  57.64453400   33.77154800   54.05277400
  16    H  57.14874400   34.42947900   53.33266900
  17    C  56.77153500   33.13738000   55.09626400
  18    H  56.36648800   33.96180100   55.70835200
  19    O  55.70405500   32.44082700   54.44502300
  20    H  55.04194600   32.20048300   55.11214300
  21    C  61.07068900   32.21901900   54.67969600
  22    O  61.72429900   31.71851300   55.62834500
  23    O  61.44865900   32.31879300   53.48933100

Determining QM-MM/HL-LL boundary
Parameters determing connectivity:
Scaling factor: 1.0
Tolerance: 0.30000000000000004
QM atoms: [0, 1, 2, 3, 4, 5, 6, 7, 8, 9, 10, 11, 12, 13, 14, 15, 16, 17, 18, 19, 20, 21, 22, 23]
QM atoms to be excluded from boundary creation (excludeboundaryatomlist):  []
QM-MM boundary dictionary: {}

------------------------------------------------------------------------
Time to calculate step (get_boundary_atoms): 0.002 seconds, 0.0 minutes.
------------------------------------------------------------------------
No covalent QM-MM boundary. Linkatoms and dipole_correction options set to False
Removing constraints in OpenMM object for atoms: [0, 1, 2, 3, 4, 5, 6, 7, 8, 9, 10, 11, 12, 13, 14, 15, 16, 17, 18, 19, 20, 21, 22, 23]
Removing bonded terms for QM-region in MMtheory
Modifying bonded forces.


Number of bonded terms removed:
Harmonic Bond terms: 0
Harmonic Angle terms: 0
Periodic Torsion terms: 0
Custom Torsion terms: 0
CMAP Torsion terms: 0
CustomBond terms 0


--------------------------------------------------------------------------
Time to calculate step (modify_bonded_forces): 0.005 seconds, 0.0 minutes.
--------------------------------------------------------------------------
Removing nonbonded terms for QM-region in MMtheory (QM-QM interactions)
Add exceptions/exclusions. Removing i-j interactions for list: 24 atoms
Case Nonbondedforce. Adding Exception for ij pair.
Number of exceptions (Nonbondedforce) added: 276
Number of exclusions (CustomNonbondedforce) added: 0

--------------------------------------------------------------------
Time to calculate step (add exceptions): 0.002 seconds, 0.0 minutes.
--------------------------------------------------------------------
Charges of QM atoms set to 0 (since Electrostatic Embedding):
Setting QM charges to Zero

-------------------------------------------------------------------
Time to calculate step (ZeroQMCharges): 0.000 seconds, 0.0 minutes.
-------------------------------------------------------------------
Updating charges in OpenMM object.
Updating simulation object for modified Nonbonded force.

--------------------------------------------------------------------
Time to calculate step (update_charges): 0.001 seconds, 0.0 minutes.
--------------------------------------------------------------------
Deleting Coulombexceptions for atomlist: [0, 1, 2, 3, 4, 5, 6, 7, 8, 9, 10, 11, 12, 13, 14, 15, 16, 17, 18, 19, 20, 21, 22, 23]

-----------------------------------------------------------------------
Time to calculate step (delete_exceptions): 0.009 seconds, 0.0 minutes.
-----------------------------------------------------------------------


---------------------------------------------------------------------------
Time to calculate step (QM/MM object creation): 0.075 seconds, 0.0 minutes.
---------------------------------------------------------------------------


                 #############################################                  
                 #                                           #                  
                 #     geomeTRICOptimizer initialization     #                  
                 #                                           #                  
                 #############################################                  
Creating optimizer object
User-defined convergence criteria:
Theory is not periodic
Printlevel: 2
Coordinate system:  hdlc
Max iterations:  400
Frozen atoms: [24, 25, 26, 27, 28, 29, 30, 31, 32, 33, 34, 35, 36, 37, 38, 39, 40, 41, 42, 43, 44, 45, 46, 47, 48, 49, 50, 51, 52, 53, 54, 55, 56, 57, 58, 59, 60, 61, 62, 63, 64, 65, 66, 67, 68, 69, 70, 71, 72, 73, 74, 75, 76, 77, 78, 79, 80, 81, 82, 83, 84, 85, 86, 87]
Active Region: False
TS Optimization: False
Hessian Option: None
Convergence criteria: {'convergence_energy': 1e-05, 'convergence_grms': 0.003, 'convergence_gmax': 0.006, 'convergence_drms': 0.01, 'convergence_dmax': 0.015, 'convergence_cmax': 0.01}


--------------------------------------------------------------------------------
                            Running geomeTRIC object                            
--------------------------------------------------------------------------------

 
Doing geometry optimization on fragment. Formula: O18H38N12C20 Label: CHHCCOOOCHCHCCHCHCHOHCOOCOOHCOOHCNHHNHHNHHCOOHCOOHCNHHNHHNHHCNHHNHHNHHCOOHCOOHCNHHNHHNHH  
No constraints provided to run method.
Testing if constraints present in optimizer object
No constraints in optimizer object.
Now testing if constraints in fragment object 
No constraints in fragment object.

Constraints:  None
constrainvalue:  False
Inside define_constraints
Constraints: None
Inside write_constraintsfile
Writing frozen atom constraints
Wrote XYZ file:  initialxyzfiletric.xyz
No Hessian option provided.
self.constraintsfile: constraints.txt
Convergence criteria: {'convergence_energy': 1e-05, 'convergence_grms': 0.003, 'convergence_gmax': 0.006, 'convergence_drms': 0.01, 'convergence_dmax': 0.015, 'convergence_cmax': 0.01}
Hessian option: None
Coordinate system: hdlc
Starting optimization

-------------------------------------------------------------------------------------
Time to calculate step (Time spent before run_optimizer): 3.857 seconds, 0.1 minutes.
-------------------------------------------------------------------------------------
geometric called detect_dft option option for ASHengineclass.

Convergence criteria: {'convergence_energy': 1e-05, 'convergence_grms': 0.003, 'convergence_gmax': 0.006, 'convergence_drms': 0.01, 'convergence_dmax': 0.015, 'convergence_cmax': 0.01}

Replacing coordinates in fragment.
Creating/Updating fragment attributes...
Number of Atoms in fragment: 88
Formula: O18H38N12C20
Label: CHHCCOOOCHCHCCHCHCHOHCOOCOOHCOOHCNHHNHHNHHCOOHCOOHCNHHNHHNHHCNHHNHHNHHCOOHCOOHCNHHNHHNHH
Charge: -2 Mult: 1

--------------------------------------------------------------------------------
Wrote XYZ file:  Fragment-currentgeo.xyz
Current geometry (Å) in step 0 (print_atoms_list region)
---------------------------------------------------
        C  60.14190600   34.25017500   56.86750500
        H  60.65410400   33.35229400   57.20242100
        H  60.73860600   35.07435300   56.47491200
        C  58.80287300   34.45194900   57.16141800
        C  58.13069700   35.79868100   56.84307300
        O  58.86276300   36.77666300   56.53446600
        O  56.87734100   35.82963400   56.93983700
        O  58.04533200   33.51170800   57.60013500
        C  57.53567900   32.20862600   56.01945400
        H  56.92805500   31.57263500   56.66681400
        C  58.86068700   31.87524000   55.78984900
        H  59.36035100   31.12725100   56.40326400
        C  59.64119800   32.67145500   54.96010600
        C  58.97535300   33.57937300   54.02371700
        H  59.61208400   34.05213900   53.27111900
        C  57.64453400   33.77154800   54.05277400
        H  57.14874400   34.42947900   53.33266900
        C  56.77153500   33.13738000   55.09626400
        H  56.36648800   33.96180100   55.70835200
        O  55.70405500   32.44082700   54.44502300
        H  55.04194600   32.20048300   55.11214300
        C  61.07068900   32.21901900   54.67969600
        O  61.72429900   31.71851300   55.62834500
        O  61.44865900   32.31879300   53.48933100
        C  60.13150000   27.30170000   49.17930000
        O  61.31532500   27.36347600   48.78276300
        O  59.42021600   26.27431700   49.21185900
        H  59.67352100   28.23755000   49.53206100
        C  66.27590000   27.70220000   52.54990000
        O  67.45972500   27.76397600   52.15336300
        O  65.56461600   26.67481700   52.58245900
        H  65.81792100   28.63805000   52.90266100
        C  59.66970000   36.29460000   63.69690000
        N  59.82027700   36.67982000   62.43284600
        H  59.50976000   37.34232200   63.12910000
        H  60.01644600   35.72478200   62.69651300
        N  59.26080100   37.16700400   64.61374900
        H  59.45697000   36.21196600   64.87741600
        H  59.37514900   37.45954000   63.65382800
        N  59.92802100   35.03697600   64.04410500
        H  60.04237000   35.32951100   63.08418400
        H  59.61750400   35.69947800   64.74035900
        C  59.29540000   32.04470000   47.20100000
        O  60.47922500   32.10647600   46.80446300
        O  58.58411600   31.01731700   47.23355900
        H  58.83742100   32.98055000   47.55376100
        C  60.63320000   25.40040000   54.04170000
        O  61.81702500   25.46217600   53.64516300
        O  59.92191600   24.37301700   54.07425900
        H  60.17522100   26.33625000   54.39446100
        C  53.86860000   29.40090000   61.59910000
        N  54.01917700   29.78612000   60.33504600
        H  53.70866000   30.44862200   61.03130000
        H  54.21534600   28.83108200   60.59871300
        N  53.45970100   30.27330400   62.51594900
        H  53.65587000   29.31826600   62.77961600
        H  53.57404900   30.56584000   61.55602800
        N  54.12692100   28.14327600   61.94630500
        H  54.24127000   28.43581100   60.98638400
        H  53.81640400   28.80577800   62.64255900
        C  54.48960000   34.81800000   63.05660000
        N  54.64017700   35.20322000   61.79254600
        H  54.32966000   35.86572200   62.48880000
        H  54.83634600   34.24818200   62.05621300
        N  54.08070100   35.69040400   63.97344900
        H  54.27687000   34.73536600   64.23711600
        H  54.19504900   35.98294000   63.01352800
        N  54.74792100   33.56037600   63.40380500
        H  54.86227000   33.85291100   62.44388400
        H  54.43740400   34.22287800   64.10005900
        C  66.79830000   33.28170000   49.68530000
        O  67.98212500   33.34347600   49.28876300
        O  66.08701600   32.25431700   49.71785900
        H  66.34032100   34.21755000   50.03806100
        C  64.00380000   29.65520000   47.83790000
        O  65.18762500   29.71697600   47.44136300
        O  63.29251600   28.62781700   47.87045900
        H  63.54582100   30.59105000   48.19066100
        C  58.18900000   31.08480000   63.84250000
        N  58.33957700   31.47002000   62.57844600
        H  58.02906000   32.13252200   63.27470000
        H  58.53574600   30.51498200   62.84211300
        N  57.78010100   31.95720400   64.75934900
        H  57.97627000   31.00216600   65.02301600
        H  57.89444900   32.24974000   63.79942800
        N  58.44732100   29.82717600   64.18970500
        H  58.56167000   30.11971100   63.22978400
        H  58.13680400   30.48967800   64.88595900

Note: printed only print_atoms_list (this is not necessarily all atoms) 
  ------------RUNNING QM/MM MODULE------------- 
QM Module: ORCATheory
MM Module: OpenMMTheory
Charge provided from QMMMTheory object:  -2
Mult provided from QMMMTheory object:  1
QM-region Charge: -2 Mult: 1
Embedding: Electrostatic
First QMMMTheory run. Running runprep
Inside QMMMTheory runprep

-------------------------------------------------------------
Time to calculate step (runprep): 0.000 seconds, 0.0 minutes.
-------------------------------------------------------------
Number of pointcharges (to QM program): 64
Number of charge coordinates: 64
Running QM/MM object with 8 cores available

-------------------------------------------------------------------
Time to calculate step (before-QMstep): 0.000 seconds, 0.0 minutes.
-------------------------------------------------------------------
  ------------RUNNING ORCA INTERFACE------------- 
Object-label: ORCA
Run-label: None
Running ORCA with 8 cores available
Moreadfile option not active
No orca.gbw file is present in dir.
Checking if a file orca.gbw exists in parentdir:
Found no file. ORCA will guess new orbitals
Creating inputfile: orca.inp
ORCA input:
! B3LYP D3BJ def2-SVP def2/J RIJCOSX CPCM TightSCF

! Noautostart


%cpcm epsilon 4.0 end
%scf MaxIter 300 Guess PModel end
Charge: -2  Mult: 1
Pointcharge embedding is on!
 ORCA Calculation starting. 
Found warning messages in ORCA outputfile:
WARNING: The chosen methods will break translational/rotational symmetry
 WARNING: The chosen methods will break translational symmetry
 WARNING: The chosen methods will break translational symmetry
 Warning: op=0 Small HOMO/LUMO gap (   0.007) - skipping pre-diagonalization

 ORCA Calculation done. 
ORCA converged in 21 iterations
ORCA energy: -836.235051484227
  ------------ENDING ORCA-INTERFACE------------- 

----------------------------------------------------------------
Time to calculate step (ORCA run): 166.992 seconds, 2.8 minutes.
----------------------------------------------------------------

---------------------------------------------------------------
Time to calculate step (QM step): 166.992 seconds, 2.8 minutes.
---------------------------------------------------------------

----------------------------------------------------------------------
Time to calculate step (QMpcgrad prepare): 0.000 seconds, 0.0 minutes.
----------------------------------------------------------------------

--------------------------------------------------------------------------
Time to calculate step (linkatomgrad prepare): 0.000 seconds, 0.0 minutes.
--------------------------------------------------------------------------

----------------------------------------------------------------------------
Time to calculate step (QM/MM gradient prepare): 0.000 seconds, 0.0 minutes.
----------------------------------------------------------------------------
Using OpenMM theory as part of QM/MM.
Using MM on full system. Charges for QM region [0, 1, 2, 3, 4, 5, 6, 7, 8, 9, 10, 11, 12, 13, 14, 15, 16, 17, 18, 19, 20, 21, 22, 23] have been set to zero 

--------------------------------------------------------------------------------
                   Creating/updating OpenMM simulation object                   
--------------------------------------------------------------------------------

Integrator name: VerletIntegrator
Timestep: 0.001
Temperature: 300
Coupling frequency: 1
Properties: {'Threads': '1'}
Topology: <Topology; 1 chains, 1 residues, 88 atoms, 0 bonds>

----------------------------------------------------------------------------------
Time to calculate step (creating/updating simulation): 0.018 seconds, 0.0 minutes.
----------------------------------------------------------------------------------

--------------------------------------------------------------------------------
                     Running Single-point OpenMM Interface                      
--------------------------------------------------------------------------------

Number of OpenMM system constraints defined: 0

-----------------------------------------------------------------------------------
Time to calculate step (OpenMMTheory.run: const-check): 0.019 seconds, 0.0 minutes.
-----------------------------------------------------------------------------------
Updating coordinates.

------------------------------------------------------------------------
Time to calculate step (Creating pos array): 0.000 seconds, 0.0 minutes.
------------------------------------------------------------------------

---------------------------------------------------------------------------
Time to calculate step (Updating MM positions): 0.000 seconds, 0.0 minutes.
---------------------------------------------------------------------------
Calling OpenMM getState.

---------------------------------------------------------------------
Time to calculate step (OpenMM getState): 0.001 seconds, 0.0 minutes.
---------------------------------------------------------------------
OpenMM Energy: -2.148491022647352 Eh
OpenMM Energy: -1348.1984716507318 kcal/mol

-----------------------
Ending OpenMM interface
-----------------------

----------------------------------------------------------------
Time to calculate step (OpenMM run): 0.020 seconds, 0.0 minutes.
----------------------------------------------------------------

-------------------------------------------------------------
Time to calculate step (MM step): 0.021 seconds, 0.0 minutes.
-------------------------------------------------------------

Note: You are using electrostatic embedding. This means that the QM-energy is actually the polarized QM-energy
Note: MM energy also contains the QM-MM Lennard-Jones interaction

QM energy:              -836.235051484227 
MM energy:                -2.148491022647
QM/MM energy:           -838.383542506874 

  ------------ENDING QM/MM MODULE------------- 

-----------------------------------------------------------------
Time to calculate step (QM/MM run): 167.014 seconds, 2.8 minutes.
-----------------------------------------------------------------

Convergence criteria: {'convergence_energy': 1e-05, 'convergence_grms': 0.003, 'convergence_gmax': 0.006, 'convergence_drms': 0.01, 'convergence_dmax': 0.015, 'convergence_cmax': 0.01}

Replacing coordinates in fragment.
Creating/Updating fragment attributes...
Number of Atoms in fragment: 88
Formula: O18H38N12C20
Label: CHHCCOOOCHCHCCHCHCHOHCOOCOOHCOOHCNHHNHHNHHCOOHCOOHCNHHNHHNHHCNHHNHHNHHCOOHCOOHCNHHNHHNHH
Charge: -2 Mult: 1

--------------------------------------------------------------------------------
Wrote XYZ file:  Fragment-currentgeo.xyz
Current geometry (Å) in step 0 (print_atoms_list region)
---------------------------------------------------
        C  60.11459255   34.26597973   56.92749967
        H  60.65293057   33.35276088   57.19158504
        H  60.70984519   35.05472483   56.45526803
        C  58.78251674   34.47338246   57.25522839
        C  58.10684651   35.81121861   56.85712464
        O  58.85360526   36.78430691   56.58073705
        O  56.85285710   35.88233574   57.05147344
        O  58.02915222   33.59532809   57.86208476
        C  57.53945123   32.16963659   55.97539478
        H  56.91780057   31.56297088   56.65124324
        C  58.85133440   31.83637824   55.75875593
        H  59.36917653   31.09995191   56.37602836
        C  59.63818725   32.63915181   54.92091364
        C  58.98270875   33.57029418   54.00560879
        H  59.61808079   34.04869020   53.25893875
        C  57.65174867   33.76986100   54.04970532
        H  57.15220255   34.42764350   53.33274832
        C  56.77552127   33.12584406   55.08373826
        H  56.37435951   33.94485129   55.71730679
        O  55.69111118   32.44834639   54.43593732
        H  55.04805568   32.19709927   55.11209828
        C  61.08855129   32.22095381   54.69793832
        O  61.67752671   31.78039140   55.71963519
        O  61.43303784   32.35294230   53.51678330
        C  60.13150000   27.30170000   49.17930000
        O  61.31532500   27.36347600   48.78276300
        O  59.42021600   26.27431700   49.21185900
        H  59.67352100   28.23755000   49.53206100
        C  66.27590000   27.70220000   52.54990000
        O  67.45972500   27.76397600   52.15336300
        O  65.56461600   26.67481700   52.58245900
        H  65.81792100   28.63805000   52.90266100
        C  59.66970000   36.29460000   63.69690000
        N  59.82027700   36.67982000   62.43284600
        H  59.50976000   37.34232200   63.12910000
        H  60.01644600   35.72478200   62.69651300
        N  59.26080100   37.16700400   64.61374900
        H  59.45697000   36.21196600   64.87741600
        H  59.37514900   37.45954000   63.65382800
        N  59.92802100   35.03697600   64.04410500
        H  60.04237000   35.32951100   63.08418400
        H  59.61750400   35.69947800   64.74035900
        C  59.29540000   32.04470000   47.20100000
        O  60.47922500   32.10647600   46.80446300
        O  58.58411600   31.01731700   47.23355900
        H  58.83742100   32.98055000   47.55376100
        C  60.63320000   25.40040000   54.04170000
        O  61.81702500   25.46217600   53.64516300
        O  59.92191600   24.37301700   54.07425900
        H  60.17522100   26.33625000   54.39446100
        C  53.86860000   29.40090000   61.59910000
        N  54.01917700   29.78612000   60.33504600
        H  53.70866000   30.44862200   61.03130000
        H  54.21534600   28.83108200   60.59871300
        N  53.45970100   30.27330400   62.51594900
        H  53.65587000   29.31826600   62.77961600
        H  53.57404900   30.56584000   61.55602800
        N  54.12692100   28.14327600   61.94630500
        H  54.24127000   28.43581100   60.98638400
        H  53.81640400   28.80577800   62.64255900
        C  54.48960000   34.81800000   63.05660000
        N  54.64017700   35.20322000   61.79254600
        H  54.32966000   35.86572200   62.48880000
        H  54.83634600   34.24818200   62.05621300
        N  54.08070100   35.69040400   63.97344900
        H  54.27687000   34.73536600   64.23711600
        H  54.19504900   35.98294000   63.01352800
        N  54.74792100   33.56037600   63.40380500
        H  54.86227000   33.85291100   62.44388400
        H  54.43740400   34.22287800   64.10005900
        C  66.79830000   33.28170000   49.68530000
        O  67.98212500   33.34347600   49.28876300
        O  66.08701600   32.25431700   49.71785900
        H  66.34032100   34.21755000   50.03806100
        C  64.00380000   29.65520000   47.83790000
        O  65.18762500   29.71697600   47.44136300
        O  63.29251600   28.62781700   47.87045900
        H  63.54582100   30.59105000   48.19066100
        C  58.18900000   31.08480000   63.84250000
        N  58.33957700   31.47002000   62.57844600
        H  58.02906000   32.13252200   63.27470000
        H  58.53574600   30.51498200   62.84211300
        N  57.78010100   31.95720400   64.75934900
        H  57.97627000   31.00216600   65.02301600
        H  57.89444900   32.24974000   63.79942800
        N  58.44732100   29.82717600   64.18970500
        H  58.56167000   30.11971100   63.22978400
        H  58.13680400   30.48967800   64.88595900

Note: printed only print_atoms_list (this is not necessarily all atoms) 
  ------------RUNNING QM/MM MODULE------------- 
QM Module: ORCATheory
MM Module: OpenMMTheory
Charge provided from QMMMTheory object:  -2
Mult provided from QMMMTheory object:  1
QM-region Charge: -2 Mult: 1
Embedding: Electrostatic
Number of pointcharges (to QM program): 64
Number of charge coordinates: 64
Running QM/MM object with 8 cores available

-------------------------------------------------------------------
Time to calculate step (before-QMstep): 0.000 seconds, 0.0 minutes.
-------------------------------------------------------------------
  ------------RUNNING ORCA INTERFACE------------- 
Object-label: ORCA
Run-label: None
Running ORCA with 8 cores available
Moreadfile option not active
A GBW-file with same basename : orca.gbw is present
Autostart is False. ORCA will ignore any file present
Creating inputfile: orca.inp
ORCA input:
! B3LYP D3BJ def2-SVP def2/J RIJCOSX CPCM TightSCF

! Noautostart

%cpcm epsilon 4.0 end
%scf MaxIter 300 Guess PModel end
Charge: -2  Mult: 1
Pointcharge embedding is on!
 ORCA Calculation starting. 
Found warning messages in ORCA outputfile:
WARNING: The chosen methods will break translational/rotational symmetry
 WARNING: The chosen methods will break translational symmetry
 WARNING: The chosen methods will break translational symmetry
 Warning: op=0 Small HOMO/LUMO gap (  -0.026) - skipping pre-diagonalization

 ORCA Calculation done. 
ORCA converged in 20 iterations
ORCA energy: -836.26203099253
  ------------ENDING ORCA-INTERFACE------------- 

----------------------------------------------------------------
Time to calculate step (ORCA run): 159.315 seconds, 2.7 minutes.
----------------------------------------------------------------

---------------------------------------------------------------
Time to calculate step (QM step): 159.315 seconds, 2.7 minutes.
---------------------------------------------------------------

----------------------------------------------------------------------
Time to calculate step (QMpcgrad prepare): 0.000 seconds, 0.0 minutes.
----------------------------------------------------------------------

--------------------------------------------------------------------------
Time to calculate step (linkatomgrad prepare): 0.000 seconds, 0.0 minutes.
--------------------------------------------------------------------------

----------------------------------------------------------------------------
Time to calculate step (QM/MM gradient prepare): 0.000 seconds, 0.0 minutes.
----------------------------------------------------------------------------
Using OpenMM theory as part of QM/MM.
Using MM on full system. Charges for QM region [0, 1, 2, 3, 4, 5, 6, 7, 8, 9, 10, 11, 12, 13, 14, 15, 16, 17, 18, 19, 20, 21, 22, 23] have been set to zero 

--------------------------------------------------------------------------------
                   Creating/updating OpenMM simulation object                   
--------------------------------------------------------------------------------

Integrator name: VerletIntegrator
Timestep: 0.001
Temperature: 300
Coupling frequency: 1
Properties: {'Threads': '1'}
Topology: <Topology; 1 chains, 1 residues, 88 atoms, 0 bonds>

----------------------------------------------------------------------------------
Time to calculate step (creating/updating simulation): 0.005 seconds, 0.0 minutes.
----------------------------------------------------------------------------------

--------------------------------------------------------------------------------
                     Running Single-point OpenMM Interface                      
--------------------------------------------------------------------------------

Number of OpenMM system constraints defined: 0

-----------------------------------------------------------------------------------
Time to calculate step (OpenMMTheory.run: const-check): 0.005 seconds, 0.0 minutes.
-----------------------------------------------------------------------------------
Updating coordinates.

------------------------------------------------------------------------
Time to calculate step (Creating pos array): 0.000 seconds, 0.0 minutes.
------------------------------------------------------------------------

---------------------------------------------------------------------------
Time to calculate step (Updating MM positions): 0.001 seconds, 0.0 minutes.
---------------------------------------------------------------------------
Calling OpenMM getState.

---------------------------------------------------------------------
Time to calculate step (OpenMM getState): 0.001 seconds, 0.0 minutes.
---------------------------------------------------------------------
OpenMM Energy: -2.148553845554637 Eh
OpenMM Energy: -1348.2378936202413 kcal/mol

-----------------------
Ending OpenMM interface
-----------------------

----------------------------------------------------------------
Time to calculate step (OpenMM run): 0.008 seconds, 0.0 minutes.
----------------------------------------------------------------

-------------------------------------------------------------
Time to calculate step (MM step): 0.008 seconds, 0.0 minutes.
-------------------------------------------------------------

Note: You are using electrostatic embedding. This means that the QM-energy is actually the polarized QM-energy
Note: MM energy also contains the QM-MM Lennard-Jones interaction

QM energy:              -836.262030992530 
MM energy:                -2.148553845555
QM/MM energy:           -838.410584838085 

  ------------ENDING QM/MM MODULE------------- 

-----------------------------------------------------------------
Time to calculate step (QM/MM run): 159.324 seconds, 2.7 minutes.
-----------------------------------------------------------------
geometric called save_guess_files option option for ASHengineclass.
This option is currently unsupported in ASH. Continuing.

Convergence criteria: {'convergence_energy': 1e-05, 'convergence_grms': 0.003, 'convergence_gmax': 0.006, 'convergence_drms': 0.01, 'convergence_dmax': 0.015, 'convergence_cmax': 0.01}

Replacing coordinates in fragment.
Creating/Updating fragment attributes...
Number of Atoms in fragment: 88
Formula: O18H38N12C20
Label: CHHCCOOOCHCHCCHCHCHOHCOOCOOHCOOHCNHHNHHNHHCOOHCOOHCNHHNHHNHHCNHHNHHNHHCOOHCOOHCNHHNHHNHH
Charge: -2 Mult: 1

--------------------------------------------------------------------------------
Wrote XYZ file:  Fragment-currentgeo.xyz
Current geometry (Å) in step 0 (print_atoms_list region)
---------------------------------------------------
        C  60.05489803   34.30551888   57.07709484
        H  60.61334744   33.35379732   57.17629625
        H  60.60236444   35.01916787   56.42571584
        C  58.75364978   34.51832729   57.52004483
        C  58.07846619   35.87612143   57.08853588
        O  58.79674861   36.80262730   56.64815896
        O  56.80279943   35.96688431   57.24944765
        O  58.04245739   33.75030097   58.36299377
        C  57.51193409   32.06298473   55.88691548
        H  56.87555391   31.52580617   56.61728504
        C  58.80481391   31.77722491   55.72843834
        H  59.37083891   31.04745387   56.31854954
        C  59.60945681   32.59744917   54.85539501
        C  58.98909424   33.55314598   53.96846374
        H  59.62493308   34.04085325   53.22991410
        C  57.65838600   33.76320349   54.04197267
        H  57.15779555   34.42794852   53.33234601
        C  56.78268212   33.09504373   55.06331102
        H  56.40662445   33.90243383   55.74421650
        O  55.65820231   32.48332866   54.41364450
        H  55.05912654   32.18807116   55.10780714
        C  61.10756548   32.26701184   54.79175709
        O  61.65472502   31.91332084   55.87006058
        O  61.42028798   32.37509546   53.62035816
        C  60.13150000   27.30170000   49.17930000
        O  61.31532500   27.36347600   48.78276300
        O  59.42021600   26.27431700   49.21185900
        H  59.67352100   28.23755000   49.53206100
        C  66.27590000   27.70220000   52.54990000
        O  67.45972500   27.76397600   52.15336300
        O  65.56461600   26.67481700   52.58245900
        H  65.81792100   28.63805000   52.90266100
        C  59.66970000   36.29460000   63.69690000
        N  59.82027700   36.67982000   62.43284600
        H  59.50976000   37.34232200   63.12910000
        H  60.01644600   35.72478200   62.69651300
        N  59.26080100   37.16700400   64.61374900
        H  59.45697000   36.21196600   64.87741600
        H  59.37514900   37.45954000   63.65382800
        N  59.92802100   35.03697600   64.04410500
        H  60.04237000   35.32951100   63.08418400
        H  59.61750400   35.69947800   64.74035900
        C  59.29540000   32.04470000   47.20100000
        O  60.47922500   32.10647600   46.80446300
        O  58.58411600   31.01731700   47.23355900
        H  58.83742100   32.98055000   47.55376100
        C  60.63320000   25.40040000   54.04170000
        O  61.81702500   25.46217600   53.64516300
        O  59.92191600   24.37301700   54.07425900
        H  60.17522100   26.33625000   54.39446100
        C  53.86860000   29.40090000   61.59910000
        N  54.01917700   29.78612000   60.33504600
        H  53.70866000   30.44862200   61.03130000
        H  54.21534600   28.83108200   60.59871300
        N  53.45970100   30.27330400   62.51594900
        H  53.65587000   29.31826600   62.77961600
        H  53.57404900   30.56584000   61.55602800
        N  54.12692100   28.14327600   61.94630500
        H  54.24127000   28.43581100   60.98638400
        H  53.81640400   28.80577800   62.64255900
        C  54.48960000   34.81800000   63.05660000
        N  54.64017700   35.20322000   61.79254600
        H  54.32966000   35.86572200   62.48880000
        H  54.83634600   34.24818200   62.05621300
        N  54.08070100   35.69040400   63.97344900
        H  54.27687000   34.73536600   64.23711600
        H  54.19504900   35.98294000   63.01352800
        N  54.74792100   33.56037600   63.40380500
        H  54.86227000   33.85291100   62.44388400
        H  54.43740400   34.22287800   64.10005900
        C  66.79830000   33.28170000   49.68530000
        O  67.98212500   33.34347600   49.28876300
        O  66.08701600   32.25431700   49.71785900
        H  66.34032100   34.21755000   50.03806100
        C  64.00380000   29.65520000   47.83790000
        O  65.18762500   29.71697600   47.44136300
        O  63.29251600   28.62781700   47.87045900
        H  63.54582100   30.59105000   48.19066100
        C  58.18900000   31.08480000   63.84250000
        N  58.33957700   31.47002000   62.57844600
        H  58.02906000   32.13252200   63.27470000
        H  58.53574600   30.51498200   62.84211300
        N  57.78010100   31.95720400   64.75934900
        H  57.97627000   31.00216600   65.02301600
        H  57.89444900   32.24974000   63.79942800
        N  58.44732100   29.82717600   64.18970500
        H  58.56167000   30.11971100   63.22978400
        H  58.13680400   30.48967800   64.88595900

Note: printed only print_atoms_list (this is not necessarily all atoms) 
  ------------RUNNING QM/MM MODULE------------- 
QM Module: ORCATheory
MM Module: OpenMMTheory
Charge provided from QMMMTheory object:  -2
Mult provided from QMMMTheory object:  1
QM-region Charge: -2 Mult: 1
Embedding: Electrostatic
Number of pointcharges (to QM program): 64
Number of charge coordinates: 64
Running QM/MM object with 8 cores available

-------------------------------------------------------------------
Time to calculate step (before-QMstep): 0.000 seconds, 0.0 minutes.
-------------------------------------------------------------------
  ------------RUNNING ORCA INTERFACE------------- 
Object-label: ORCA
Run-label: None
Running ORCA with 8 cores available
Moreadfile option not active
A GBW-file with same basename : orca.gbw is present
Autostart is False. ORCA will ignore any file present
Creating inputfile: orca.inp
ORCA input:
! B3LYP D3BJ def2-SVP def2/J RIJCOSX CPCM TightSCF

! Noautostart

%cpcm epsilon 4.0 end
%scf MaxIter 300 Guess PModel end
Charge: -2  Mult: 1
Pointcharge embedding is on!
 ORCA Calculation starting. 
Found warning messages in ORCA outputfile:
WARNING: The chosen methods will break translational/rotational symmetry
 WARNING: The chosen methods will break translational symmetry
 WARNING: The chosen methods will break translational symmetry
 Warning: op=0 Small HOMO/LUMO gap (  -0.123) - skipping pre-diagonalization

 ORCA Calculation done. 
ORCA converged in 21 iterations
ORCA energy: -836.295476865871
  ------------ENDING ORCA-INTERFACE------------- 

----------------------------------------------------------------
Time to calculate step (ORCA run): 157.181 seconds, 2.6 minutes.
----------------------------------------------------------------

---------------------------------------------------------------
Time to calculate step (QM step): 157.181 seconds, 2.6 minutes.
---------------------------------------------------------------

----------------------------------------------------------------------
Time to calculate step (QMpcgrad prepare): 0.000 seconds, 0.0 minutes.
----------------------------------------------------------------------

--------------------------------------------------------------------------
Time to calculate step (linkatomgrad prepare): 0.000 seconds, 0.0 minutes.
--------------------------------------------------------------------------

----------------------------------------------------------------------------
Time to calculate step (QM/MM gradient prepare): 0.000 seconds, 0.0 minutes.
----------------------------------------------------------------------------
Using OpenMM theory as part of QM/MM.
Using MM on full system. Charges for QM region [0, 1, 2, 3, 4, 5, 6, 7, 8, 9, 10, 11, 12, 13, 14, 15, 16, 17, 18, 19, 20, 21, 22, 23] have been set to zero 

--------------------------------------------------------------------------------
                   Creating/updating OpenMM simulation object                   
--------------------------------------------------------------------------------

Integrator name: VerletIntegrator
Timestep: 0.001
Temperature: 300
Coupling frequency: 1
Properties: {'Threads': '1'}
Topology: <Topology; 1 chains, 1 residues, 88 atoms, 0 bonds>

----------------------------------------------------------------------------------
Time to calculate step (creating/updating simulation): 0.003 seconds, 0.0 minutes.
----------------------------------------------------------------------------------

--------------------------------------------------------------------------------
                     Running Single-point OpenMM Interface                      
--------------------------------------------------------------------------------

Number of OpenMM system constraints defined: 0

-----------------------------------------------------------------------------------
Time to calculate step (OpenMMTheory.run: const-check): 0.003 seconds, 0.0 minutes.
-----------------------------------------------------------------------------------
Updating coordinates.

------------------------------------------------------------------------
Time to calculate step (Creating pos array): 0.000 seconds, 0.0 minutes.
------------------------------------------------------------------------

---------------------------------------------------------------------------
Time to calculate step (Updating MM positions): 0.000 seconds, 0.0 minutes.
---------------------------------------------------------------------------
Calling OpenMM getState.

---------------------------------------------------------------------
Time to calculate step (OpenMM getState): 0.001 seconds, 0.0 minutes.
---------------------------------------------------------------------
OpenMM Energy: -2.1487377699884456 Eh
OpenMM Energy: -1348.3533079449678 kcal/mol

-----------------------
Ending OpenMM interface
-----------------------

----------------------------------------------------------------
Time to calculate step (OpenMM run): 0.005 seconds, 0.0 minutes.
----------------------------------------------------------------

-------------------------------------------------------------
Time to calculate step (MM step): 0.005 seconds, 0.0 minutes.
-------------------------------------------------------------

Note: You are using electrostatic embedding. This means that the QM-energy is actually the polarized QM-energy
Note: MM energy also contains the QM-MM Lennard-Jones interaction

QM energy:              -836.295476865871 
MM energy:                -2.148737769988
QM/MM energy:           -838.444214635859 

  ------------ENDING QM/MM MODULE------------- 

-----------------------------------------------------------------
Time to calculate step (QM/MM run): 157.187 seconds, 2.6 minutes.
-----------------------------------------------------------------
geometric called save_guess_files option option for ASHengineclass.
This option is currently unsupported in ASH. Continuing.

Convergence criteria: {'convergence_energy': 1e-05, 'convergence_grms': 0.003, 'convergence_gmax': 0.006, 'convergence_drms': 0.01, 'convergence_dmax': 0.015, 'convergence_cmax': 0.01}

Replacing coordinates in fragment.
Creating/Updating fragment attributes...
Number of Atoms in fragment: 88
Formula: O18H38N12C20
Label: CHHCCOOOCHCHCCHCHCHOHCOOCOOHCOOHCNHHNHHNHHCOOHCOOHCNHHNHHNHHCNHHNHHNHHCOOHCOOHCNHHNHHNHH
Charge: -2 Mult: 1

--------------------------------------------------------------------------------
Wrote XYZ file:  Fragment-currentgeo.xyz
Current geometry (Å) in step 1 (print_atoms_list region)
---------------------------------------------------
        C  59.95345895   34.38044370   57.36622070
        H  60.48031649   33.38241523   57.23075682
        H  60.33288713   34.96059531   56.44761112
        C  58.73577548   34.63750743   58.02422531
        C  57.99652423   35.93894987   57.42286371
        O  58.68362011   36.81413741   56.84005905
        O  56.71776069   36.05484673   57.66972334
        O  58.12234567   34.02861785   59.13798529
        C  57.44830798   31.90844079   55.74929534
        H  56.82785777   31.46119459   56.55960323
        C  58.74277669   31.68361143   55.66024090
        H  59.34005542   30.95538044   56.22340991
        C  59.58928630   32.54809098   54.78062912
        C  58.99618890   33.50966662   53.92228260
        H  59.63200242   34.01746186   53.19321545
        C  57.66035562   33.73667876   54.02258401
        H  57.16088575   34.43058512   53.33877501
        C  56.78605223   33.04343948   55.02459143
        H  56.49063895   33.83118128   55.78454779
        O  55.58726647   32.57221603   54.38114624
        H  55.06579250   32.16825048   55.08842213
        C  61.11949138   32.36061442   54.95697947
        O  61.63273102   32.14710779   56.08402887
        O  61.45239921   32.35363138   53.78173245
        C  60.13150000   27.30170000   49.17930000
        O  61.31532500   27.36347600   48.78276300
        O  59.42021600   26.27431700   49.21185900
        H  59.67352100   28.23755000   49.53206100
        C  66.27590000   27.70220000   52.54990000
        O  67.45972500   27.76397600   52.15336300
        O  65.56461600   26.67481700   52.58245900
        H  65.81792100   28.63805000   52.90266100
        C  59.66970000   36.29460000   63.69690000
        N  59.82027700   36.67982000   62.43284600
        H  59.50976000   37.34232200   63.12910000
        H  60.01644600   35.72478200   62.69651300
        N  59.26080100   37.16700400   64.61374900
        H  59.45697000   36.21196600   64.87741600
        H  59.37514900   37.45954000   63.65382800
        N  59.92802100   35.03697600   64.04410500
        H  60.04237000   35.32951100   63.08418400
        H  59.61750400   35.69947800   64.74035900
        C  59.29540000   32.04470000   47.20100000
        O  60.47922500   32.10647600   46.80446300
        O  58.58411600   31.01731700   47.23355900
        H  58.83742100   32.98055000   47.55376100
        C  60.63320000   25.40040000   54.04170000
        O  61.81702500   25.46217600   53.64516300
        O  59.92191600   24.37301700   54.07425900
        H  60.17522100   26.33625000   54.39446100
        C  53.86860000   29.40090000   61.59910000
        N  54.01917700   29.78612000   60.33504600
        H  53.70866000   30.44862200   61.03130000
        H  54.21534600   28.83108200   60.59871300
        N  53.45970100   30.27330400   62.51594900
        H  53.65587000   29.31826600   62.77961600
        H  53.57404900   30.56584000   61.55602800
        N  54.12692100   28.14327600   61.94630500
        H  54.24127000   28.43581100   60.98638400
        H  53.81640400   28.80577800   62.64255900
        C  54.48960000   34.81800000   63.05660000
        N  54.64017700   35.20322000   61.79254600
        H  54.32966000   35.86572200   62.48880000
        H  54.83634600   34.24818200   62.05621300
        N  54.08070100   35.69040400   63.97344900
        H  54.27687000   34.73536600   64.23711600
        H  54.19504900   35.98294000   63.01352800
        N  54.74792100   33.56037600   63.40380500
        H  54.86227000   33.85291100   62.44388400
        H  54.43740400   34.22287800   64.10005900
        C  66.79830000   33.28170000   49.68530000
        O  67.98212500   33.34347600   49.28876300
        O  66.08701600   32.25431700   49.71785900
        H  66.34032100   34.21755000   50.03806100
        C  64.00380000   29.65520000   47.83790000
        O  65.18762500   29.71697600   47.44136300
        O  63.29251600   28.62781700   47.87045900
        H  63.54582100   30.59105000   48.19066100
        C  58.18900000   31.08480000   63.84250000
        N  58.33957700   31.47002000   62.57844600
        H  58.02906000   32.13252200   63.27470000
        H  58.53574600   30.51498200   62.84211300
        N  57.78010100   31.95720400   64.75934900
        H  57.97627000   31.00216600   65.02301600
        H  57.89444900   32.24974000   63.79942800
        N  58.44732100   29.82717600   64.18970500
        H  58.56167000   30.11971100   63.22978400
        H  58.13680400   30.48967800   64.88595900

Note: printed only print_atoms_list (this is not necessarily all atoms) 
  ------------RUNNING QM/MM MODULE------------- 
QM Module: ORCATheory
MM Module: OpenMMTheory
Charge provided from QMMMTheory object:  -2
Mult provided from QMMMTheory object:  1
QM-region Charge: -2 Mult: 1
Embedding: Electrostatic
Number of pointcharges (to QM program): 64
Number of charge coordinates: 64
Running QM/MM object with 8 cores available

-------------------------------------------------------------------
Time to calculate step (before-QMstep): 0.000 seconds, 0.0 minutes.
-------------------------------------------------------------------
  ------------RUNNING ORCA INTERFACE------------- 
Object-label: ORCA
Run-label: None
Running ORCA with 8 cores available
Moreadfile option not active
A GBW-file with same basename : orca.gbw is present
Autostart is False. ORCA will ignore any file present
Creating inputfile: orca.inp
ORCA input:
! B3LYP D3BJ def2-SVP def2/J RIJCOSX CPCM TightSCF

! Noautostart

%cpcm epsilon 4.0 end
%scf MaxIter 300 Guess PModel end
Charge: -2  Mult: 1
Pointcharge embedding is on!
 ORCA Calculation starting. 
Found warning messages in ORCA outputfile:
WARNING: The chosen methods will break translational/rotational symmetry
 WARNING: The chosen methods will break translational symmetry
 WARNING: The chosen methods will break translational symmetry
 Warning: op=0 Small HOMO/LUMO gap (  -0.443) - skipping pre-diagonalization
 Warning: op=0 Small HOMO/LUMO gap (   0.084) - skipping pre-diagonalization

 ORCA Calculation done. 
ORCA converged in 31 iterations
ORCA energy: -836.327451075059
  ------------ENDING ORCA-INTERFACE------------- 

----------------------------------------------------------------
Time to calculate step (ORCA run): 195.655 seconds, 3.3 minutes.
----------------------------------------------------------------

---------------------------------------------------------------
Time to calculate step (QM step): 195.655 seconds, 3.3 minutes.
---------------------------------------------------------------

----------------------------------------------------------------------
Time to calculate step (QMpcgrad prepare): 0.000 seconds, 0.0 minutes.
----------------------------------------------------------------------

--------------------------------------------------------------------------
Time to calculate step (linkatomgrad prepare): 0.000 seconds, 0.0 minutes.
--------------------------------------------------------------------------

----------------------------------------------------------------------------
Time to calculate step (QM/MM gradient prepare): 0.000 seconds, 0.0 minutes.
----------------------------------------------------------------------------
Using OpenMM theory as part of QM/MM.
Using MM on full system. Charges for QM region [0, 1, 2, 3, 4, 5, 6, 7, 8, 9, 10, 11, 12, 13, 14, 15, 16, 17, 18, 19, 20, 21, 22, 23] have been set to zero 

--------------------------------------------------------------------------------
                   Creating/updating OpenMM simulation object                   
--------------------------------------------------------------------------------

Integrator name: VerletIntegrator
Timestep: 0.001
Temperature: 300
Coupling frequency: 1
Properties: {'Threads': '1'}
Topology: <Topology; 1 chains, 1 residues, 88 atoms, 0 bonds>

----------------------------------------------------------------------------------
Time to calculate step (creating/updating simulation): 0.002 seconds, 0.0 minutes.
----------------------------------------------------------------------------------

--------------------------------------------------------------------------------
                     Running Single-point OpenMM Interface                      
--------------------------------------------------------------------------------

Number of OpenMM system constraints defined: 0

-----------------------------------------------------------------------------------
Time to calculate step (OpenMMTheory.run: const-check): 0.003 seconds, 0.0 minutes.
-----------------------------------------------------------------------------------
Updating coordinates.

------------------------------------------------------------------------
Time to calculate step (Creating pos array): 0.000 seconds, 0.0 minutes.
------------------------------------------------------------------------

---------------------------------------------------------------------------
Time to calculate step (Updating MM positions): 0.000 seconds, 0.0 minutes.
---------------------------------------------------------------------------
Calling OpenMM getState.

---------------------------------------------------------------------
Time to calculate step (OpenMM getState): 0.001 seconds, 0.0 minutes.
---------------------------------------------------------------------
OpenMM Energy: -2.149243063904803 Eh
OpenMM Energy: -1348.6703846646685 kcal/mol

-----------------------
Ending OpenMM interface
-----------------------

----------------------------------------------------------------
Time to calculate step (OpenMM run): 0.004 seconds, 0.0 minutes.
----------------------------------------------------------------

-------------------------------------------------------------
Time to calculate step (MM step): 0.005 seconds, 0.0 minutes.
-------------------------------------------------------------

Note: You are using electrostatic embedding. This means that the QM-energy is actually the polarized QM-energy
Note: MM energy also contains the QM-MM Lennard-Jones interaction

QM energy:              -836.327451075059 
MM energy:                -2.149243063905
QM/MM energy:           -838.476694138964 

  ------------ENDING QM/MM MODULE------------- 

-----------------------------------------------------------------
Time to calculate step (QM/MM run): 195.660 seconds, 3.3 minutes.
-----------------------------------------------------------------
geometric called save_guess_files option option for ASHengineclass.
This option is currently unsupported in ASH. Continuing.

Convergence criteria: {'convergence_energy': 1e-05, 'convergence_grms': 0.003, 'convergence_gmax': 0.006, 'convergence_drms': 0.01, 'convergence_dmax': 0.015, 'convergence_cmax': 0.01}

Replacing coordinates in fragment.
Creating/Updating fragment attributes...
Number of Atoms in fragment: 88
Formula: O18H38N12C20
Label: CHHCCOOOCHCHCCHCHCHOHCOOCOOHCOOHCNHHNHHNHHCOOHCOOHCNHHNHHNHHCNHHNHHNHHCOOHCOOHCNHHNHHNHH
Charge: -2 Mult: 1

--------------------------------------------------------------------------------
Wrote XYZ file:  Fragment-currentgeo.xyz
Current geometry (Å) in step 2 (print_atoms_list region)
---------------------------------------------------
        C  59.81979885   34.40468613   57.63604918
        H  60.31658765   33.41462423   57.45735580
        H  60.01741251   34.94520715   56.64163038
        C  58.72296235   34.76765682   58.46057544
        C  57.91123043   36.02664030   57.84521364
        O  58.52974777   36.82279449   57.08972719
        O  56.63284152   36.09684795   58.12251701
        O  58.24214298   34.29454146   59.76026265
        C  57.40167064   31.79847145   55.63023735
        H  56.81661195   31.37987447   56.48005124
        C  58.71888344   31.59314318   55.56999196
        H  59.28558506   30.84601076   56.13074828
        C  59.60501200   32.51796323   54.75375583
        C  59.00292154   33.46338377   53.89101948
        H  59.63372836   33.99041452   53.16720914
        C  57.66138409   33.70131625   53.99815930
        H  57.16743710   34.42945604   53.34627897
        C  56.78132764   33.00114715   54.98409983
        H  56.57894644   33.75835780   55.81546728
        O  55.51386222   32.67666020   54.37037426
        H  55.06189664   32.14377644   55.04992642
        C  61.11255627   32.44483206   55.10524525
        O  61.58282910   32.38353257   56.26675186
        O  61.48746538   32.29804312   53.93115648
        C  60.13150000   27.30170000   49.17930000
        O  61.31532500   27.36347600   48.78276300
        O  59.42021600   26.27431700   49.21185900
        H  59.67352100   28.23755000   49.53206100
        C  66.27590000   27.70220000   52.54990000
        O  67.45972500   27.76397600   52.15336300
        O  65.56461600   26.67481700   52.58245900
        H  65.81792100   28.63805000   52.90266100
        C  59.66970000   36.29460000   63.69690000
        N  59.82027700   36.67982000   62.43284600
        H  59.50976000   37.34232200   63.12910000
        H  60.01644600   35.72478200   62.69651300
        N  59.26080100   37.16700400   64.61374900
        H  59.45697000   36.21196600   64.87741600
        H  59.37514900   37.45954000   63.65382800
        N  59.92802100   35.03697600   64.04410500
        H  60.04237000   35.32951100   63.08418400
        H  59.61750400   35.69947800   64.74035900
        C  59.29540000   32.04470000   47.20100000
        O  60.47922500   32.10647600   46.80446300
        O  58.58411600   31.01731700   47.23355900
        H  58.83742100   32.98055000   47.55376100
        C  60.63320000   25.40040000   54.04170000
        O  61.81702500   25.46217600   53.64516300
        O  59.92191600   24.37301700   54.07425900
        H  60.17522100   26.33625000   54.39446100
        C  53.86860000   29.40090000   61.59910000
        N  54.01917700   29.78612000   60.33504600
        H  53.70866000   30.44862200   61.03130000
        H  54.21534600   28.83108200   60.59871300
        N  53.45970100   30.27330400   62.51594900
        H  53.65587000   29.31826600   62.77961600
        H  53.57404900   30.56584000   61.55602800
        N  54.12692100   28.14327600   61.94630500
        H  54.24127000   28.43581100   60.98638400
        H  53.81640400   28.80577800   62.64255900
        C  54.48960000   34.81800000   63.05660000
        N  54.64017700   35.20322000   61.79254600
        H  54.32966000   35.86572200   62.48880000
        H  54.83634600   34.24818200   62.05621300
        N  54.08070100   35.69040400   63.97344900
        H  54.27687000   34.73536600   64.23711600
        H  54.19504900   35.98294000   63.01352800
        N  54.74792100   33.56037600   63.40380500
        H  54.86227000   33.85291100   62.44388400
        H  54.43740400   34.22287800   64.10005900
        C  66.79830000   33.28170000   49.68530000
        O  67.98212500   33.34347600   49.28876300
        O  66.08701600   32.25431700   49.71785900
        H  66.34032100   34.21755000   50.03806100
        C  64.00380000   29.65520000   47.83790000
        O  65.18762500   29.71697600   47.44136300
        O  63.29251600   28.62781700   47.87045900
        H  63.54582100   30.59105000   48.19066100
        C  58.18900000   31.08480000   63.84250000
        N  58.33957700   31.47002000   62.57844600
        H  58.02906000   32.13252200   63.27470000
        H  58.53574600   30.51498200   62.84211300
        N  57.78010100   31.95720400   64.75934900
        H  57.97627000   31.00216600   65.02301600
        H  57.89444900   32.24974000   63.79942800
        N  58.44732100   29.82717600   64.18970500
        H  58.56167000   30.11971100   63.22978400
        H  58.13680400   30.48967800   64.88595900

Note: printed only print_atoms_list (this is not necessarily all atoms) 
  ------------RUNNING QM/MM MODULE------------- 
QM Module: ORCATheory
MM Module: OpenMMTheory
Charge provided from QMMMTheory object:  -2
Mult provided from QMMMTheory object:  1
QM-region Charge: -2 Mult: 1
Embedding: Electrostatic
Number of pointcharges (to QM program): 64
Number of charge coordinates: 64
Running QM/MM object with 8 cores available

-------------------------------------------------------------------
Time to calculate step (before-QMstep): 0.000 seconds, 0.0 minutes.
-------------------------------------------------------------------
  ------------RUNNING ORCA INTERFACE------------- 
Object-label: ORCA
Run-label: None
Running ORCA with 8 cores available
Moreadfile option not active
A GBW-file with same basename : orca.gbw is present
Autostart is False. ORCA will ignore any file present
Creating inputfile: orca.inp
ORCA input:
! B3LYP D3BJ def2-SVP def2/J RIJCOSX CPCM TightSCF

! Noautostart

%cpcm epsilon 4.0 end
%scf MaxIter 300 Guess PModel end
Charge: -2  Mult: 1
Pointcharge embedding is on!
 ORCA Calculation starting. 
Found warning messages in ORCA outputfile:
WARNING: The chosen methods will break translational/rotational symmetry
 WARNING: The chosen methods will break translational symmetry
 WARNING: The chosen methods will break translational symmetry
 Warning: op=0 Small HOMO/LUMO gap (  -0.452) - skipping pre-diagonalization

 ORCA Calculation done. 
ORCA converged in 28 iterations
ORCA energy: -836.372410016646
  ------------ENDING ORCA-INTERFACE------------- 

----------------------------------------------------------------
Time to calculate step (ORCA run): 174.680 seconds, 2.9 minutes.
----------------------------------------------------------------

---------------------------------------------------------------
Time to calculate step (QM step): 174.680 seconds, 2.9 minutes.
---------------------------------------------------------------

----------------------------------------------------------------------
Time to calculate step (QMpcgrad prepare): 0.000 seconds, 0.0 minutes.
----------------------------------------------------------------------

--------------------------------------------------------------------------
Time to calculate step (linkatomgrad prepare): 0.000 seconds, 0.0 minutes.
--------------------------------------------------------------------------

----------------------------------------------------------------------------
Time to calculate step (QM/MM gradient prepare): 0.000 seconds, 0.0 minutes.
----------------------------------------------------------------------------
Using OpenMM theory as part of QM/MM.
Using MM on full system. Charges for QM region [0, 1, 2, 3, 4, 5, 6, 7, 8, 9, 10, 11, 12, 13, 14, 15, 16, 17, 18, 19, 20, 21, 22, 23] have been set to zero 

--------------------------------------------------------------------------------
                   Creating/updating OpenMM simulation object                   
--------------------------------------------------------------------------------

Integrator name: VerletIntegrator
Timestep: 0.001
Temperature: 300
Coupling frequency: 1
Properties: {'Threads': '1'}
Topology: <Topology; 1 chains, 1 residues, 88 atoms, 0 bonds>

----------------------------------------------------------------------------------
Time to calculate step (creating/updating simulation): 0.002 seconds, 0.0 minutes.
----------------------------------------------------------------------------------

--------------------------------------------------------------------------------
                     Running Single-point OpenMM Interface                      
--------------------------------------------------------------------------------

Number of OpenMM system constraints defined: 0

-----------------------------------------------------------------------------------
Time to calculate step (OpenMMTheory.run: const-check): 0.003 seconds, 0.0 minutes.
-----------------------------------------------------------------------------------
Updating coordinates.

------------------------------------------------------------------------
Time to calculate step (Creating pos array): 0.000 seconds, 0.0 minutes.
------------------------------------------------------------------------

---------------------------------------------------------------------------
Time to calculate step (Updating MM positions): 0.000 seconds, 0.0 minutes.
---------------------------------------------------------------------------
Calling OpenMM getState.

---------------------------------------------------------------------
Time to calculate step (OpenMM getState): 0.001 seconds, 0.0 minutes.
---------------------------------------------------------------------
OpenMM Energy: -2.149977664504168 Eh
OpenMM Energy: -1349.1313535004226 kcal/mol

-----------------------
Ending OpenMM interface
-----------------------

----------------------------------------------------------------
Time to calculate step (OpenMM run): 0.004 seconds, 0.0 minutes.
----------------------------------------------------------------

-------------------------------------------------------------
Time to calculate step (MM step): 0.004 seconds, 0.0 minutes.
-------------------------------------------------------------

Note: You are using electrostatic embedding. This means that the QM-energy is actually the polarized QM-energy
Note: MM energy also contains the QM-MM Lennard-Jones interaction

QM energy:              -836.372410016646 
MM energy:                -2.149977664504
QM/MM energy:           -838.522387681150 

  ------------ENDING QM/MM MODULE------------- 

-----------------------------------------------------------------
Time to calculate step (QM/MM run): 174.685 seconds, 2.9 minutes.
-----------------------------------------------------------------
geometric called save_guess_files option option for ASHengineclass.
This option is currently unsupported in ASH. Continuing.
geometric called clearCalcs option for ASHengineclass.
This option is currently unsupported in ASH. Continuing.

Convergence criteria: {'convergence_energy': 1e-05, 'convergence_grms': 0.003, 'convergence_gmax': 0.006, 'convergence_drms': 0.01, 'convergence_dmax': 0.015, 'convergence_cmax': 0.01}

Replacing coordinates in fragment.
Creating/Updating fragment attributes...
Number of Atoms in fragment: 88
Formula: O18H38N12C20
Label: CHHCCOOOCHCHCCHCHCHOHCOOCOOHCOOHCNHHNHHNHHCOOHCOOHCNHHNHHNHHCNHHNHHNHHCOOHCOOHCNHHNHHNHH
Charge: -2 Mult: 1

--------------------------------------------------------------------------------
Wrote XYZ file:  Fragment-currentgeo.xyz
Current geometry (Å) in step 3 (print_atoms_list region)
---------------------------------------------------
        C  59.43808370   34.44268100   58.29837736
        H  59.94637454   33.51197826   58.14603648
        H  59.32303162   34.96802131   57.33638866
        C  58.68336591   35.05587543   59.33767613
        C  57.70872231   36.17257090   58.74363594
        O  58.14314760   36.86388321   57.79040597
        O  56.48993081   36.14001224   59.20509484
        O  58.50998816   34.78120658   60.83880999
        C  57.35786567   31.64011445   55.42721615
        H  56.82515127   31.16012100   56.24954256
        C  58.71320411   31.43222138   55.38117891
        H  59.14787306   30.59113708   55.91937901
        C  59.65164907   32.49347863   54.78528228
        C  59.01769405   33.38176534   53.85167904
        H  59.63204936   33.93472536   53.12674868
        C  57.66899790   33.62330186   53.93933677
        H  57.19593273   34.40912315   53.34462344
        C  56.77711719   32.93271646   54.91498844
        H  56.76132100   33.59676458   55.85845115
        O  55.40820700   32.88178871   54.41572440
        H  55.03763560   32.10112154   54.91013213
        C  61.03233020   32.60861734   55.40472782
        O  61.47029567   32.84182603   56.54717088
        O  61.50940351   32.13595797   54.28553944
        C  60.13150000   27.30170000   49.17930000
        O  61.31532500   27.36347600   48.78276300
        O  59.42021600   26.27431700   49.21185900
        H  59.67352100   28.23755000   49.53206100
        C  66.27590000   27.70220000   52.54990000
        O  67.45972500   27.76397600   52.15336300
        O  65.56461600   26.67481700   52.58245900
        H  65.81792100   28.63805000   52.90266100
        C  59.66970000   36.29460000   63.69690000
        N  59.82027700   36.67982000   62.43284600
        H  59.50976000   37.34232200   63.12910000
        H  60.01644600   35.72478200   62.69651300
        N  59.26080100   37.16700400   64.61374900
        H  59.45697000   36.21196600   64.87741600
        H  59.37514900   37.45954000   63.65382800
        N  59.92802100   35.03697600   64.04410500
        H  60.04237000   35.32951100   63.08418400
        H  59.61750400   35.69947800   64.74035900
        C  59.29540000   32.04470000   47.20100000
        O  60.47922500   32.10647600   46.80446300
        O  58.58411600   31.01731700   47.23355900
        H  58.83742100   32.98055000   47.55376100
        C  60.63320000   25.40040000   54.04170000
        O  61.81702500   25.46217600   53.64516300
        O  59.92191600   24.37301700   54.07425900
        H  60.17522100   26.33625000   54.39446100
        C  53.86860000   29.40090000   61.59910000
        N  54.01917700   29.78612000   60.33504600
        H  53.70866000   30.44862200   61.03130000
        H  54.21534600   28.83108200   60.59871300
        N  53.45970100   30.27330400   62.51594900
        H  53.65587000   29.31826600   62.77961600
        H  53.57404900   30.56584000   61.55602800
        N  54.12692100   28.14327600   61.94630500
        H  54.24127000   28.43581100   60.98638400
        H  53.81640400   28.80577800   62.64255900
        C  54.48960000   34.81800000   63.05660000
        N  54.64017700   35.20322000   61.79254600
        H  54.32966000   35.86572200   62.48880000
        H  54.83634600   34.24818200   62.05621300
        N  54.08070100   35.69040400   63.97344900
        H  54.27687000   34.73536600   64.23711600
        H  54.19504900   35.98294000   63.01352800
        N  54.74792100   33.56037600   63.40380500
        H  54.86227000   33.85291100   62.44388400
        H  54.43740400   34.22287800   64.10005900
        C  66.79830000   33.28170000   49.68530000
        O  67.98212500   33.34347600   49.28876300
        O  66.08701600   32.25431700   49.71785900
        H  66.34032100   34.21755000   50.03806100
        C  64.00380000   29.65520000   47.83790000
        O  65.18762500   29.71697600   47.44136300
        O  63.29251600   28.62781700   47.87045900
        H  63.54582100   30.59105000   48.19066100
        C  58.18900000   31.08480000   63.84250000
        N  58.33957700   31.47002000   62.57844600
        H  58.02906000   32.13252200   63.27470000
        H  58.53574600   30.51498200   62.84211300
        N  57.78010100   31.95720400   64.75934900
        H  57.97627000   31.00216600   65.02301600
        H  57.89444900   32.24974000   63.79942800
        N  58.44732100   29.82717600   64.18970500
        H  58.56167000   30.11971100   63.22978400
        H  58.13680400   30.48967800   64.88595900

Note: printed only print_atoms_list (this is not necessarily all atoms) 
  ------------RUNNING QM/MM MODULE------------- 
QM Module: ORCATheory
MM Module: OpenMMTheory
Charge provided from QMMMTheory object:  -2
Mult provided from QMMMTheory object:  1
QM-region Charge: -2 Mult: 1
Embedding: Electrostatic
Number of pointcharges (to QM program): 64
Number of charge coordinates: 64
Running QM/MM object with 8 cores available

-------------------------------------------------------------------
Time to calculate step (before-QMstep): 0.000 seconds, 0.0 minutes.
-------------------------------------------------------------------
  ------------RUNNING ORCA INTERFACE------------- 
Object-label: ORCA
Run-label: None
Running ORCA with 8 cores available
Moreadfile option not active
A GBW-file with same basename : orca.gbw is present
Autostart is False. ORCA will ignore any file present
Creating inputfile: orca.inp
ORCA input:
! B3LYP D3BJ def2-SVP def2/J RIJCOSX CPCM TightSCF

! Noautostart

%cpcm epsilon 4.0 end
%scf MaxIter 300 Guess PModel end
Charge: -2  Mult: 1
Pointcharge embedding is on!
 ORCA Calculation starting. 
Found warning messages in ORCA outputfile:
WARNING: The chosen methods will break translational/rotational symmetry
 WARNING: The chosen methods will break translational symmetry
 WARNING: The chosen methods will break translational symmetry
 Warning: op=0 Small HOMO/LUMO gap (  -0.496) - skipping pre-diagonalization

 ORCA Calculation done. 
ORCA converged in 33 iterations
ORCA energy: -836.492226786592
  ------------ENDING ORCA-INTERFACE------------- 

----------------------------------------------------------------
Time to calculate step (ORCA run): 190.167 seconds, 3.2 minutes.
----------------------------------------------------------------

---------------------------------------------------------------
Time to calculate step (QM step): 190.167 seconds, 3.2 minutes.
---------------------------------------------------------------

----------------------------------------------------------------------
Time to calculate step (QMpcgrad prepare): 0.000 seconds, 0.0 minutes.
----------------------------------------------------------------------

--------------------------------------------------------------------------
Time to calculate step (linkatomgrad prepare): 0.000 seconds, 0.0 minutes.
--------------------------------------------------------------------------

----------------------------------------------------------------------------
Time to calculate step (QM/MM gradient prepare): 0.000 seconds, 0.0 minutes.
----------------------------------------------------------------------------
Using OpenMM theory as part of QM/MM.
Using MM on full system. Charges for QM region [0, 1, 2, 3, 4, 5, 6, 7, 8, 9, 10, 11, 12, 13, 14, 15, 16, 17, 18, 19, 20, 21, 22, 23] have been set to zero 

--------------------------------------------------------------------------------
                   Creating/updating OpenMM simulation object                   
--------------------------------------------------------------------------------

Integrator name: VerletIntegrator
Timestep: 0.001
Temperature: 300
Coupling frequency: 1
Properties: {'Threads': '1'}
Topology: <Topology; 1 chains, 1 residues, 88 atoms, 0 bonds>

----------------------------------------------------------------------------------
Time to calculate step (creating/updating simulation): 0.002 seconds, 0.0 minutes.
----------------------------------------------------------------------------------

--------------------------------------------------------------------------------
                     Running Single-point OpenMM Interface                      
--------------------------------------------------------------------------------

Number of OpenMM system constraints defined: 0

-----------------------------------------------------------------------------------
Time to calculate step (OpenMMTheory.run: const-check): 0.002 seconds, 0.0 minutes.
-----------------------------------------------------------------------------------
Updating coordinates.

------------------------------------------------------------------------
Time to calculate step (Creating pos array): 0.000 seconds, 0.0 minutes.
------------------------------------------------------------------------

---------------------------------------------------------------------------
Time to calculate step (Updating MM positions): 0.000 seconds, 0.0 minutes.
---------------------------------------------------------------------------
Calling OpenMM getState.

---------------------------------------------------------------------
Time to calculate step (OpenMM getState): 0.001 seconds, 0.0 minutes.
---------------------------------------------------------------------
OpenMM Energy: -2.149774399388248 Eh
OpenMM Energy: -1349.0038027144362 kcal/mol

-----------------------
Ending OpenMM interface
-----------------------

----------------------------------------------------------------
Time to calculate step (OpenMM run): 0.004 seconds, 0.0 minutes.
----------------------------------------------------------------

-------------------------------------------------------------
Time to calculate step (MM step): 0.004 seconds, 0.0 minutes.
-------------------------------------------------------------

Note: You are using electrostatic embedding. This means that the QM-energy is actually the polarized QM-energy
Note: MM energy also contains the QM-MM Lennard-Jones interaction

QM energy:              -836.492226786592 
MM energy:                -2.149774399388
QM/MM energy:           -838.642001185980 

  ------------ENDING QM/MM MODULE------------- 

-----------------------------------------------------------------
Time to calculate step (QM/MM run): 190.171 seconds, 3.2 minutes.
-----------------------------------------------------------------
geometric called save_guess_files option option for ASHengineclass.
This option is currently unsupported in ASH. Continuing.

Convergence criteria: {'convergence_energy': 1e-05, 'convergence_grms': 0.003, 'convergence_gmax': 0.006, 'convergence_drms': 0.01, 'convergence_dmax': 0.015, 'convergence_cmax': 0.01}

Replacing coordinates in fragment.
Creating/Updating fragment attributes...
Number of Atoms in fragment: 88
Formula: O18H38N12C20
Label: CHHCCOOOCHCHCCHCHCHOHCOOCOOHCOOHCNHHNHHNHHCOOHCOOHCNHHNHHNHHCNHHNHHNHHCOOHCOOHCNHHNHHNHH
Charge: -2 Mult: 1

--------------------------------------------------------------------------------
Wrote XYZ file:  Fragment-currentgeo.xyz
Current geometry (Å) in step 4 (print_atoms_list region)
---------------------------------------------------
        C  59.05356191   34.53287532   59.12197578
        H  59.63285117   33.65823681   58.98676834
        H  58.63002782   34.96715678   58.18197195
        C  58.62002528   35.31119911   60.16008712
        C  57.49633657   36.28622669   59.71107769
        O  57.70868131   36.89128623   58.63854615
        O  56.37239417   36.13720264   60.33513789
        O  58.71659568   35.04644270   61.63481359
        C  57.38144384   31.56424268   55.31251056
        H  56.83581207   30.92474942   55.98653239
        C  58.75617917   31.32494539   55.25056490
        H  59.06190351   30.36939980   55.69677284
        C  59.68322372   32.47414864   54.87436685
        C  59.03901985   33.32938501   53.85953967
        H  59.64338297   33.87629236   53.11900351
        C  57.69197910   33.55832435   53.89618525
        H  57.23535477   34.35479634   53.31140106
        C  56.80572002   32.88849253   54.89330463
        H  56.91195312   33.45483101   55.87569424
        O  55.42028669   32.96817962   54.49862242
        H  54.97285171   32.12552729   54.71374241
        C  60.87882348   32.71116645   55.65298794
        O  61.30391383   33.17106109   56.69751113
        O  61.41775110   32.04363301   54.61899337
        C  60.13150000   27.30170000   49.17930000
        O  61.31532500   27.36347600   48.78276300
        O  59.42021600   26.27431700   49.21185900
        H  59.67352100   28.23755000   49.53206100
        C  66.27590000   27.70220000   52.54990000
        O  67.45972500   27.76397600   52.15336300
        O  65.56461600   26.67481700   52.58245900
        H  65.81792100   28.63805000   52.90266100
        C  59.66970000   36.29460000   63.69690000
        N  59.82027700   36.67982000   62.43284600
        H  59.50976000   37.34232200   63.12910000
        H  60.01644600   35.72478200   62.69651300
        N  59.26080100   37.16700400   64.61374900
        H  59.45697000   36.21196600   64.87741600
        H  59.37514900   37.45954000   63.65382800
        N  59.92802100   35.03697600   64.04410500
        H  60.04237000   35.32951100   63.08418400
        H  59.61750400   35.69947800   64.74035900
        C  59.29540000   32.04470000   47.20100000
        O  60.47922500   32.10647600   46.80446300
        O  58.58411600   31.01731700   47.23355900
        H  58.83742100   32.98055000   47.55376100
        C  60.63320000   25.40040000   54.04170000
        O  61.81702500   25.46217600   53.64516300
        O  59.92191600   24.37301700   54.07425900
        H  60.17522100   26.33625000   54.39446100
        C  53.86860000   29.40090000   61.59910000
        N  54.01917700   29.78612000   60.33504600
        H  53.70866000   30.44862200   61.03130000
        H  54.21534600   28.83108200   60.59871300
        N  53.45970100   30.27330400   62.51594900
        H  53.65587000   29.31826600   62.77961600
        H  53.57404900   30.56584000   61.55602800
        N  54.12692100   28.14327600   61.94630500
        H  54.24127000   28.43581100   60.98638400
        H  53.81640400   28.80577800   62.64255900
        C  54.48960000   34.81800000   63.05660000
        N  54.64017700   35.20322000   61.79254600
        H  54.32966000   35.86572200   62.48880000
        H  54.83634600   34.24818200   62.05621300
        N  54.08070100   35.69040400   63.97344900
        H  54.27687000   34.73536600   64.23711600
        H  54.19504900   35.98294000   63.01352800
        N  54.74792100   33.56037600   63.40380500
        H  54.86227000   33.85291100   62.44388400
        H  54.43740400   34.22287800   64.10005900
        C  66.79830000   33.28170000   49.68530000
        O  67.98212500   33.34347600   49.28876300
        O  66.08701600   32.25431700   49.71785900
        H  66.34032100   34.21755000   50.03806100
        C  64.00380000   29.65520000   47.83790000
        O  65.18762500   29.71697600   47.44136300
        O  63.29251600   28.62781700   47.87045900
        H  63.54582100   30.59105000   48.19066100
        C  58.18900000   31.08480000   63.84250000
        N  58.33957700   31.47002000   62.57844600
        H  58.02906000   32.13252200   63.27470000
        H  58.53574600   30.51498200   62.84211300
        N  57.78010100   31.95720400   64.75934900
        H  57.97627000   31.00216600   65.02301600
        H  57.89444900   32.24974000   63.79942800
        N  58.44732100   29.82717600   64.18970500
        H  58.56167000   30.11971100   63.22978400
        H  58.13680400   30.48967800   64.88595900

Note: printed only print_atoms_list (this is not necessarily all atoms) 
  ------------RUNNING QM/MM MODULE------------- 
QM Module: ORCATheory
MM Module: OpenMMTheory
Charge provided from QMMMTheory object:  -2
Mult provided from QMMMTheory object:  1
QM-region Charge: -2 Mult: 1
Embedding: Electrostatic
Number of pointcharges (to QM program): 64
Number of charge coordinates: 64
Running QM/MM object with 8 cores available

-------------------------------------------------------------------
Time to calculate step (before-QMstep): 0.000 seconds, 0.0 minutes.
-------------------------------------------------------------------
  ------------RUNNING ORCA INTERFACE------------- 
Object-label: ORCA
Run-label: None
Running ORCA with 8 cores available
Moreadfile option not active
A GBW-file with same basename : orca.gbw is present
Autostart is False. ORCA will ignore any file present
Creating inputfile: orca.inp
ORCA input:
! B3LYP D3BJ def2-SVP def2/J RIJCOSX CPCM TightSCF

! Noautostart

%cpcm epsilon 4.0 end
%scf MaxIter 300 Guess PModel end
Charge: -2  Mult: 1
Pointcharge embedding is on!
 ORCA Calculation starting. 
Found warning messages in ORCA outputfile:
WARNING: The chosen methods will break translational/rotational symmetry
 WARNING: The chosen methods will break translational symmetry
 WARNING: The chosen methods will break translational symmetry
 Warning: op=0 Small HOMO/LUMO gap (  -1.634) - skipping pre-diagonalization

 ORCA Calculation done. 
ORCA converged in 32 iterations
ORCA energy: -836.647408929907
  ------------ENDING ORCA-INTERFACE------------- 

----------------------------------------------------------------
Time to calculate step (ORCA run): 185.853 seconds, 3.1 minutes.
----------------------------------------------------------------

---------------------------------------------------------------
Time to calculate step (QM step): 185.854 seconds, 3.1 minutes.
---------------------------------------------------------------

----------------------------------------------------------------------
Time to calculate step (QMpcgrad prepare): 0.000 seconds, 0.0 minutes.
----------------------------------------------------------------------

--------------------------------------------------------------------------
Time to calculate step (linkatomgrad prepare): 0.000 seconds, 0.0 minutes.
--------------------------------------------------------------------------

----------------------------------------------------------------------------
Time to calculate step (QM/MM gradient prepare): 0.000 seconds, 0.0 minutes.
----------------------------------------------------------------------------
Using OpenMM theory as part of QM/MM.
Using MM on full system. Charges for QM region [0, 1, 2, 3, 4, 5, 6, 7, 8, 9, 10, 11, 12, 13, 14, 15, 16, 17, 18, 19, 20, 21, 22, 23] have been set to zero 

--------------------------------------------------------------------------------
                   Creating/updating OpenMM simulation object                   
--------------------------------------------------------------------------------

Integrator name: VerletIntegrator
Timestep: 0.001
Temperature: 300
Coupling frequency: 1
Properties: {'Threads': '1'}
Topology: <Topology; 1 chains, 1 residues, 88 atoms, 0 bonds>

----------------------------------------------------------------------------------
Time to calculate step (creating/updating simulation): 0.002 seconds, 0.0 minutes.
----------------------------------------------------------------------------------

--------------------------------------------------------------------------------
                     Running Single-point OpenMM Interface                      
--------------------------------------------------------------------------------

Number of OpenMM system constraints defined: 0

-----------------------------------------------------------------------------------
Time to calculate step (OpenMMTheory.run: const-check): 0.002 seconds, 0.0 minutes.
-----------------------------------------------------------------------------------
Updating coordinates.

------------------------------------------------------------------------
Time to calculate step (Creating pos array): 0.000 seconds, 0.0 minutes.
------------------------------------------------------------------------

---------------------------------------------------------------------------
Time to calculate step (Updating MM positions): 0.000 seconds, 0.0 minutes.
---------------------------------------------------------------------------
Calling OpenMM getState.

---------------------------------------------------------------------
Time to calculate step (OpenMM getState): 0.001 seconds, 0.0 minutes.
---------------------------------------------------------------------
OpenMM Energy: -2.0221929808000882 Eh
OpenMM Energy: -1268.9452538359558 kcal/mol

-----------------------
Ending OpenMM interface
-----------------------

----------------------------------------------------------------
Time to calculate step (OpenMM run): 0.004 seconds, 0.0 minutes.
----------------------------------------------------------------

-------------------------------------------------------------
Time to calculate step (MM step): 0.004 seconds, 0.0 minutes.
-------------------------------------------------------------

Note: You are using electrostatic embedding. This means that the QM-energy is actually the polarized QM-energy
Note: MM energy also contains the QM-MM Lennard-Jones interaction

QM energy:              -836.647408929907 
MM energy:                -2.022192980800
QM/MM energy:           -838.669601910707 

  ------------ENDING QM/MM MODULE------------- 

-----------------------------------------------------------------
Time to calculate step (QM/MM run): 185.858 seconds, 3.1 minutes.
-----------------------------------------------------------------
geometric called save_guess_files option option for ASHengineclass.
This option is currently unsupported in ASH. Continuing.

Convergence criteria: {'convergence_energy': 1e-05, 'convergence_grms': 0.003, 'convergence_gmax': 0.006, 'convergence_drms': 0.01, 'convergence_dmax': 0.015, 'convergence_cmax': 0.01}

Replacing coordinates in fragment.
Creating/Updating fragment attributes...
Number of Atoms in fragment: 88
Formula: O18H38N12C20
Label: CHHCCOOOCHCHCCHCHCHOHCOOCOOHCOOHCNHHNHHNHHCOOHCOOHCNHHNHHNHHCNHHNHHNHHCOOHCOOHCNHHNHHNHH
Charge: -2 Mult: 1

--------------------------------------------------------------------------------
Wrote XYZ file:  Fragment-currentgeo.xyz
Current geometry (Å) in step 5 (print_atoms_list region)
---------------------------------------------------
        C  58.78481277   34.58066139   59.86571073
        H  59.52945760   34.00803031   60.34795326
        H  58.32188113   35.04469448   59.17508626
        C  58.35029899   35.21899128   60.28331303
        C  57.37356650   36.25258094   60.56749192
        O  57.35184924   36.92188849   59.61332231
        O  56.40040297   35.94731903   61.26975469
        O  58.37377015   34.39742247   60.79682270
        C  57.52347120   31.70698428   55.50918987
        H  56.96066412   30.76489152   55.70812108
        C  58.91720745   31.37042620   55.26385200
        H  59.04489477   30.29273785   55.55837730
        C  59.64539818   32.48995918   55.11454915
        C  59.05048162   33.35077043   53.97435607
        H  59.66023776   33.83953458   53.20412156
        C  57.73142007   33.52369905   53.89203290
        H  57.28394380   34.26366787   53.24441018
        C  56.86899980   32.91177678   54.97576548
        H  56.94592468   33.43941132   55.84245451
        O  55.59082611   32.83005530   54.55827084
        H  54.87698314   32.27288030   54.49875630
        C  60.65325273   32.63458813   55.68641137
        O  61.14449520   33.11026970   56.50624553
        O  61.21179393   32.03601918   54.68946596
        C  60.13150000   27.30170000   49.17930000
        O  61.31532500   27.36347600   48.78276300
        O  59.42021600   26.27431700   49.21185900
        H  59.67352100   28.23755000   49.53206100
        C  66.27590000   27.70220000   52.54990000
        O  67.45972500   27.76397600   52.15336300
        O  65.56461600   26.67481700   52.58245900
        H  65.81792100   28.63805000   52.90266100
        C  59.66970000   36.29460000   63.69690000
        N  59.82027700   36.67982000   62.43284600
        H  59.50976000   37.34232200   63.12910000
        H  60.01644600   35.72478200   62.69651300
        N  59.26080100   37.16700400   64.61374900
        H  59.45697000   36.21196600   64.87741600
        H  59.37514900   37.45954000   63.65382800
        N  59.92802100   35.03697600   64.04410500
        H  60.04237000   35.32951100   63.08418400
        H  59.61750400   35.69947800   64.74035900
        C  59.29540000   32.04470000   47.20100000
        O  60.47922500   32.10647600   46.80446300
        O  58.58411600   31.01731700   47.23355900
        H  58.83742100   32.98055000   47.55376100
        C  60.63320000   25.40040000   54.04170000
        O  61.81702500   25.46217600   53.64516300
        O  59.92191600   24.37301700   54.07425900
        H  60.17522100   26.33625000   54.39446100
        C  53.86860000   29.40090000   61.59910000
        N  54.01917700   29.78612000   60.33504600
        H  53.70866000   30.44862200   61.03130000
        H  54.21534600   28.83108200   60.59871300
        N  53.45970100   30.27330400   62.51594900
        H  53.65587000   29.31826600   62.77961600
        H  53.57404900   30.56584000   61.55602800
        N  54.12692100   28.14327600   61.94630500
        H  54.24127000   28.43581100   60.98638400
        H  53.81640400   28.80577800   62.64255900
        C  54.48960000   34.81800000   63.05660000
        N  54.64017700   35.20322000   61.79254600
        H  54.32966000   35.86572200   62.48880000
        H  54.83634600   34.24818200   62.05621300
        N  54.08070100   35.69040400   63.97344900
        H  54.27687000   34.73536600   64.23711600
        H  54.19504900   35.98294000   63.01352800
        N  54.74792100   33.56037600   63.40380500
        H  54.86227000   33.85291100   62.44388400
        H  54.43740400   34.22287800   64.10005900
        C  66.79830000   33.28170000   49.68530000
        O  67.98212500   33.34347600   49.28876300
        O  66.08701600   32.25431700   49.71785900
        H  66.34032100   34.21755000   50.03806100
        C  64.00380000   29.65520000   47.83790000
        O  65.18762500   29.71697600   47.44136300
        O  63.29251600   28.62781700   47.87045900
        H  63.54582100   30.59105000   48.19066100
        C  58.18900000   31.08480000   63.84250000
        N  58.33957700   31.47002000   62.57844600
        H  58.02906000   32.13252200   63.27470000
        H  58.53574600   30.51498200   62.84211300
        N  57.78010100   31.95720400   64.75934900
        H  57.97627000   31.00216600   65.02301600
        H  57.89444900   32.24974000   63.79942800
        N  58.44732100   29.82717600   64.18970500
        H  58.56167000   30.11971100   63.22978400
        H  58.13680400   30.48967800   64.88595900

Note: printed only print_atoms_list (this is not necessarily all atoms) 
  ------------RUNNING QM/MM MODULE------------- 
QM Module: ORCATheory
MM Module: OpenMMTheory
Charge provided from QMMMTheory object:  -2
Mult provided from QMMMTheory object:  1
QM-region Charge: -2 Mult: 1
Embedding: Electrostatic
Number of pointcharges (to QM program): 64
Number of charge coordinates: 64
Running QM/MM object with 8 cores available

-------------------------------------------------------------------
Time to calculate step (before-QMstep): 0.000 seconds, 0.0 minutes.
-------------------------------------------------------------------
  ------------RUNNING ORCA INTERFACE------------- 
Object-label: ORCA
Run-label: None
Running ORCA with 8 cores available
Moreadfile option not active
A GBW-file with same basename : orca.gbw is present
Autostart is False. ORCA will ignore any file present
Creating inputfile: orca.inp
ORCA input:
! B3LYP D3BJ def2-SVP def2/J RIJCOSX CPCM TightSCF

! Noautostart

%cpcm epsilon 4.0 end
%scf MaxIter 300 Guess PModel end
Charge: -2  Mult: 1
Pointcharge embedding is on!
 ORCA Calculation starting. 
Found warning messages in ORCA outputfile:
WARNING: The chosen methods will break translational/rotational symmetry
 WARNING: The chosen methods will break translational symmetry
 WARNING: The chosen methods will break translational symmetry
 Warning: op=0 Small HOMO/LUMO gap (  -0.574) - skipping pre-diagonalization

 ORCA Calculation done. 
ORCA converged in 28 iterations
ORCA energy: -834.75008222726
  ------------ENDING ORCA-INTERFACE------------- 

----------------------------------------------------------------
Time to calculate step (ORCA run): 178.689 seconds, 3.0 minutes.
----------------------------------------------------------------

---------------------------------------------------------------
Time to calculate step (QM step): 178.689 seconds, 3.0 minutes.
---------------------------------------------------------------

----------------------------------------------------------------------
Time to calculate step (QMpcgrad prepare): 0.000 seconds, 0.0 minutes.
----------------------------------------------------------------------

--------------------------------------------------------------------------
Time to calculate step (linkatomgrad prepare): 0.000 seconds, 0.0 minutes.
--------------------------------------------------------------------------

----------------------------------------------------------------------------
Time to calculate step (QM/MM gradient prepare): 0.000 seconds, 0.0 minutes.
----------------------------------------------------------------------------
Using OpenMM theory as part of QM/MM.
Using MM on full system. Charges for QM region [0, 1, 2, 3, 4, 5, 6, 7, 8, 9, 10, 11, 12, 13, 14, 15, 16, 17, 18, 19, 20, 21, 22, 23] have been set to zero 

--------------------------------------------------------------------------------
                   Creating/updating OpenMM simulation object                   
--------------------------------------------------------------------------------

Integrator name: VerletIntegrator
Timestep: 0.001
Temperature: 300
Coupling frequency: 1
Properties: {'Threads': '1'}
Topology: <Topology; 1 chains, 1 residues, 88 atoms, 0 bonds>

----------------------------------------------------------------------------------
Time to calculate step (creating/updating simulation): 0.002 seconds, 0.0 minutes.
----------------------------------------------------------------------------------

--------------------------------------------------------------------------------
                     Running Single-point OpenMM Interface                      
--------------------------------------------------------------------------------

Number of OpenMM system constraints defined: 0

-----------------------------------------------------------------------------------
Time to calculate step (OpenMMTheory.run: const-check): 0.002 seconds, 0.0 minutes.
-----------------------------------------------------------------------------------
Updating coordinates.

------------------------------------------------------------------------
Time to calculate step (Creating pos array): 0.000 seconds, 0.0 minutes.
------------------------------------------------------------------------

---------------------------------------------------------------------------
Time to calculate step (Updating MM positions): 0.000 seconds, 0.0 minutes.
---------------------------------------------------------------------------
Calling OpenMM getState.

---------------------------------------------------------------------
Time to calculate step (OpenMM getState): 0.001 seconds, 0.0 minutes.
---------------------------------------------------------------------
OpenMM Energy: -1.9045280969975737 Eh
OpenMM Energy: -1195.1094244853443 kcal/mol

-----------------------
Ending OpenMM interface
-----------------------

----------------------------------------------------------------
Time to calculate step (OpenMM run): 0.004 seconds, 0.0 minutes.
----------------------------------------------------------------

-------------------------------------------------------------
Time to calculate step (MM step): 0.004 seconds, 0.0 minutes.
-------------------------------------------------------------

Note: You are using electrostatic embedding. This means that the QM-energy is actually the polarized QM-energy
Note: MM energy also contains the QM-MM Lennard-Jones interaction

QM energy:              -834.750082227260 
MM energy:                -1.904528096998
QM/MM energy:           -836.654610324258 

  ------------ENDING QM/MM MODULE------------- 

-----------------------------------------------------------------
Time to calculate step (QM/MM run): 178.693 seconds, 3.0 minutes.
-----------------------------------------------------------------
geometric called load_guess_files option for ASHengineclass.
This option is currently unsupported in ASH. Continuing.

Convergence criteria: {'convergence_energy': 1e-05, 'convergence_grms': 0.003, 'convergence_gmax': 0.006, 'convergence_drms': 0.01, 'convergence_dmax': 0.015, 'convergence_cmax': 0.01}

Replacing coordinates in fragment.
Creating/Updating fragment attributes...
Number of Atoms in fragment: 88
Formula: O18H38N12C20
Label: CHHCCOOOCHCHCCHCHCHOHCOOCOOHCOOHCNHHNHHNHHCOOHCOOHCNHHNHHNHHCNHHNHHNHHCOOHCOOHCNHHNHHNHH
Charge: -2 Mult: 1

--------------------------------------------------------------------------------
Wrote XYZ file:  Fragment-currentgeo.xyz
Current geometry (Å) in step 6 (print_atoms_list region)
---------------------------------------------------
        C  58.96357572   34.55248557   59.39920297
        H  59.62556640   33.77161863   59.56709931
        H  58.62661810   35.04405758   58.60744794
        C  58.48307088   35.21247183   60.08628379
        C  57.45776131   36.23744324   59.98690937
        O  57.60712906   36.93285825   59.06133520
        O  56.40326254   36.02246396   60.59502327
        O  58.42530855   34.49326970   60.94106964
        C  57.47091249   31.66801349   55.43793607
        H  56.88721478   30.87610281   55.89451572
        C  58.84866140   31.37510633   55.28992026
        H  59.08367899   30.36952605   55.67198782
        C  59.65143562   32.47564972   54.99212618
        C  59.04124426   33.35831372   53.92687169
        H  59.65245501   33.86930465   53.17307477
        C  57.71551565   33.55954748   53.90479820
        H  57.25870895   34.31501057   53.27637497
        C  56.84171262   32.91694081   54.94635070
        H  56.89968194   33.47662187   55.84870022
        O  55.52966429   32.87664532   54.52149667
        H  54.92690816   32.18848030   54.62611946
        C  60.76720054   32.63652603   55.61648620
        O  61.24014298   33.06762936   56.54587149
        O  61.29995662   32.06645052   54.59059381
        C  60.13150000   27.30170000   49.17930000
        O  61.31532500   27.36347600   48.78276300
        O  59.42021600   26.27431700   49.21185900
        H  59.67352100   28.23755000   49.53206100
        C  66.27590000   27.70220000   52.54990000
        O  67.45972500   27.76397600   52.15336300
        O  65.56461600   26.67481700   52.58245900
        H  65.81792100   28.63805000   52.90266100
        C  59.66970000   36.29460000   63.69690000
        N  59.82027700   36.67982000   62.43284600
        H  59.50976000   37.34232200   63.12910000
        H  60.01644600   35.72478200   62.69651300
        N  59.26080100   37.16700400   64.61374900
        H  59.45697000   36.21196600   64.87741600
        H  59.37514900   37.45954000   63.65382800
        N  59.92802100   35.03697600   64.04410500
        H  60.04237000   35.32951100   63.08418400
        H  59.61750400   35.69947800   64.74035900
        C  59.29540000   32.04470000   47.20100000
        O  60.47922500   32.10647600   46.80446300
        O  58.58411600   31.01731700   47.23355900
        H  58.83742100   32.98055000   47.55376100
        C  60.63320000   25.40040000   54.04170000
        O  61.81702500   25.46217600   53.64516300
        O  59.92191600   24.37301700   54.07425900
        H  60.17522100   26.33625000   54.39446100
        C  53.86860000   29.40090000   61.59910000
        N  54.01917700   29.78612000   60.33504600
        H  53.70866000   30.44862200   61.03130000
        H  54.21534600   28.83108200   60.59871300
        N  53.45970100   30.27330400   62.51594900
        H  53.65587000   29.31826600   62.77961600
        H  53.57404900   30.56584000   61.55602800
        N  54.12692100   28.14327600   61.94630500
        H  54.24127000   28.43581100   60.98638400
        H  53.81640400   28.80577800   62.64255900
        C  54.48960000   34.81800000   63.05660000
        N  54.64017700   35.20322000   61.79254600
        H  54.32966000   35.86572200   62.48880000
        H  54.83634600   34.24818200   62.05621300
        N  54.08070100   35.69040400   63.97344900
        H  54.27687000   34.73536600   64.23711600
        H  54.19504900   35.98294000   63.01352800
        N  54.74792100   33.56037600   63.40380500
        H  54.86227000   33.85291100   62.44388400
        H  54.43740400   34.22287800   64.10005900
        C  66.79830000   33.28170000   49.68530000
        O  67.98212500   33.34347600   49.28876300
        O  66.08701600   32.25431700   49.71785900
        H  66.34032100   34.21755000   50.03806100
        C  64.00380000   29.65520000   47.83790000
        O  65.18762500   29.71697600   47.44136300
        O  63.29251600   28.62781700   47.87045900
        H  63.54582100   30.59105000   48.19066100
        C  58.18900000   31.08480000   63.84250000
        N  58.33957700   31.47002000   62.57844600
        H  58.02906000   32.13252200   63.27470000
        H  58.53574600   30.51498200   62.84211300
        N  57.78010100   31.95720400   64.75934900
        H  57.97627000   31.00216600   65.02301600
        H  57.89444900   32.24974000   63.79942800
        N  58.44732100   29.82717600   64.18970500
        H  58.56167000   30.11971100   63.22978400
        H  58.13680400   30.48967800   64.88595900

Note: printed only print_atoms_list (this is not necessarily all atoms) 
  ------------RUNNING QM/MM MODULE------------- 
QM Module: ORCATheory
MM Module: OpenMMTheory
Charge provided from QMMMTheory object:  -2
Mult provided from QMMMTheory object:  1
QM-region Charge: -2 Mult: 1
Embedding: Electrostatic
Number of pointcharges (to QM program): 64
Number of charge coordinates: 64
Running QM/MM object with 8 cores available

-------------------------------------------------------------------
Time to calculate step (before-QMstep): 0.000 seconds, 0.0 minutes.
-------------------------------------------------------------------
  ------------RUNNING ORCA INTERFACE------------- 
Object-label: ORCA
Run-label: None
Running ORCA with 8 cores available
Moreadfile option not active
A GBW-file with same basename : orca.gbw is present
Autostart is False. ORCA will ignore any file present
Creating inputfile: orca.inp
ORCA input:
! B3LYP D3BJ def2-SVP def2/J RIJCOSX CPCM TightSCF

! Noautostart

%cpcm epsilon 4.0 end
%scf MaxIter 300 Guess PModel end
Charge: -2  Mult: 1
Pointcharge embedding is on!
 ORCA Calculation starting. 
Found warning messages in ORCA outputfile:
WARNING: The chosen methods will break translational/rotational symmetry
 WARNING: The chosen methods will break translational symmetry
 WARNING: The chosen methods will break translational symmetry
 Warning: op=0 Small HOMO/LUMO gap (  -0.425) - skipping pre-diagonalization

 ORCA Calculation done. 
ORCA converged in 24 iterations
ORCA energy: -836.093299134278
  ------------ENDING ORCA-INTERFACE------------- 

----------------------------------------------------------------
Time to calculate step (ORCA run): 173.055 seconds, 2.9 minutes.
----------------------------------------------------------------

---------------------------------------------------------------
Time to calculate step (QM step): 173.056 seconds, 2.9 minutes.
---------------------------------------------------------------

----------------------------------------------------------------------
Time to calculate step (QMpcgrad prepare): 0.000 seconds, 0.0 minutes.
----------------------------------------------------------------------

--------------------------------------------------------------------------
Time to calculate step (linkatomgrad prepare): 0.000 seconds, 0.0 minutes.
--------------------------------------------------------------------------

----------------------------------------------------------------------------
Time to calculate step (QM/MM gradient prepare): 0.000 seconds, 0.0 minutes.
----------------------------------------------------------------------------
Using OpenMM theory as part of QM/MM.
Using MM on full system. Charges for QM region [0, 1, 2, 3, 4, 5, 6, 7, 8, 9, 10, 11, 12, 13, 14, 15, 16, 17, 18, 19, 20, 21, 22, 23] have been set to zero 

--------------------------------------------------------------------------------
                   Creating/updating OpenMM simulation object                   
--------------------------------------------------------------------------------

Integrator name: VerletIntegrator
Timestep: 0.001
Temperature: 300
Coupling frequency: 1
Properties: {'Threads': '1'}
Topology: <Topology; 1 chains, 1 residues, 88 atoms, 0 bonds>

----------------------------------------------------------------------------------
Time to calculate step (creating/updating simulation): 0.002 seconds, 0.0 minutes.
----------------------------------------------------------------------------------

--------------------------------------------------------------------------------
                     Running Single-point OpenMM Interface                      
--------------------------------------------------------------------------------

Number of OpenMM system constraints defined: 0

-----------------------------------------------------------------------------------
Time to calculate step (OpenMMTheory.run: const-check): 0.002 seconds, 0.0 minutes.
-----------------------------------------------------------------------------------
Updating coordinates.

------------------------------------------------------------------------
Time to calculate step (Creating pos array): 0.000 seconds, 0.0 minutes.
------------------------------------------------------------------------

---------------------------------------------------------------------------
Time to calculate step (Updating MM positions): 0.000 seconds, 0.0 minutes.
---------------------------------------------------------------------------
Calling OpenMM getState.

---------------------------------------------------------------------
Time to calculate step (OpenMM getState): 0.001 seconds, 0.0 minutes.
---------------------------------------------------------------------
OpenMM Energy: -2.1120416241655255 Eh
OpenMM Energy: -1325.3261287794844 kcal/mol

-----------------------
Ending OpenMM interface
-----------------------

----------------------------------------------------------------
Time to calculate step (OpenMM run): 0.004 seconds, 0.0 minutes.
----------------------------------------------------------------

-------------------------------------------------------------
Time to calculate step (MM step): 0.004 seconds, 0.0 minutes.
-------------------------------------------------------------

Note: You are using electrostatic embedding. This means that the QM-energy is actually the polarized QM-energy
Note: MM energy also contains the QM-MM Lennard-Jones interaction

QM energy:              -836.093299134278 
MM energy:                -2.112041624166
QM/MM energy:           -838.205340758444 

  ------------ENDING QM/MM MODULE------------- 

-----------------------------------------------------------------
Time to calculate step (QM/MM run): 173.060 seconds, 2.9 minutes.
-----------------------------------------------------------------
geometric called load_guess_files option for ASHengineclass.
This option is currently unsupported in ASH. Continuing.

Convergence criteria: {'convergence_energy': 1e-05, 'convergence_grms': 0.003, 'convergence_gmax': 0.006, 'convergence_drms': 0.01, 'convergence_dmax': 0.015, 'convergence_cmax': 0.01}

Replacing coordinates in fragment.
Creating/Updating fragment attributes...
Number of Atoms in fragment: 88
Formula: O18H38N12C20
Label: CHHCCOOOCHCHCCHCHCHOHCOOCOOHCOOHCNHHNHHNHHCOOHCOOHCNHHNHHNHHCNHHNHHNHHCOOHCOOHCNHHNHHNHH
Charge: -2 Mult: 1

--------------------------------------------------------------------------------
Wrote XYZ file:  Fragment-currentgeo.xyz
Current geometry (Å) in step 7 (print_atoms_list region)
---------------------------------------------------
        C  59.03658748   34.54813932   59.19145689
        H  59.62590505   33.66817681   59.12142066
        H  58.72803917   35.01330670   58.29209075
        C  58.52841891   35.20973251   60.09500711
        C  57.49825198   36.25333537   59.75241638
        O  57.71567966   36.93191699   58.78892742
        O  56.39330748   36.10543043   60.32803963
        O  58.46117513   34.63830787   61.23806952
        C  57.41485940   31.59487544   55.34841279
        H  56.84119343   30.92073886   55.97265809
        C  58.78577172   31.34392126   55.26875619
        H  59.08558697   30.38271716   55.69755702
        C  59.66335382   32.45788707   54.90285487
        C  59.03739782   33.34228767   53.87863285
        H  59.64822593   33.87574867   53.13814890
        C  57.70403987   33.56610966   53.90260779
        H  57.24402430   34.34695682   53.30055551
        C  56.81961420   32.90095281   54.91375389
        H  56.90012159   33.46618693   55.86435821
        O  55.46124698   32.93441230   54.50928022
        H  54.96653945   32.14083383   54.69000008
        C  60.84424120   32.68253896   55.63174113
        O  61.28273816   33.12985213   56.64204751
        O  61.36768661   32.06373532   54.60346502
        C  60.13150000   27.30170000   49.17930000
        O  61.31532500   27.36347600   48.78276300
        O  59.42021600   26.27431700   49.21185900
        H  59.67352100   28.23755000   49.53206100
        C  66.27590000   27.70220000   52.54990000
        O  67.45972500   27.76397600   52.15336300
        O  65.56461600   26.67481700   52.58245900
        H  65.81792100   28.63805000   52.90266100
        C  59.66970000   36.29460000   63.69690000
        N  59.82027700   36.67982000   62.43284600
        H  59.50976000   37.34232200   63.12910000
        H  60.01644600   35.72478200   62.69651300
        N  59.26080100   37.16700400   64.61374900
        H  59.45697000   36.21196600   64.87741600
        H  59.37514900   37.45954000   63.65382800
        N  59.92802100   35.03697600   64.04410500
        H  60.04237000   35.32951100   63.08418400
        H  59.61750400   35.69947800   64.74035900
        C  59.29540000   32.04470000   47.20100000
        O  60.47922500   32.10647600   46.80446300
        O  58.58411600   31.01731700   47.23355900
        H  58.83742100   32.98055000   47.55376100
        C  60.63320000   25.40040000   54.04170000
        O  61.81702500   25.46217600   53.64516300
        O  59.92191600   24.37301700   54.07425900
        H  60.17522100   26.33625000   54.39446100Step   10 : Displace = [0m3.585e-02[0m/[0m2.110e-01[0m (rms/max) Trust = 3.750e-02 ([91m-[0m) Grad_T = [0m1.397e-02[0m/[0m7.323e-02[0m (rms/max) E (change) = -838.7824761916 ([0m-7.663e-02[0m) Quality = [0m0.640[0m
Hessian Eigenvalues: 2.32116e-03 2.17883e-02 2.63685e-02 ... 5.78010e-01 5.78020e-01 5.99846e-01
Step   11 : Displace = [0m3.725e-02[0m/[0m2.008e-01[0m (rms/max) Trust = 3.750e-02 (=) Grad_T = [0m8.330e-03[0m/[0m4.357e-02[0m (rms/max) E (change) = -838.8159070098 ([0m-3.343e-02[0m) Quality = [0m1.022[0m
Hessian Eigenvalues: 2.12806e-03 2.14025e-02 2.25999e-02 ... 5.78010e-01 5.78028e-01 6.05352e-01
Step   12 : Displace = [0m5.063e-02[0m/[0m2.614e-01[0m (rms/max) Trust = 5.303e-02 ([92m+[0m) Grad_T = [0m6.122e-03[0m/[0m2.583e-02[0m (rms/max) E (change) = -838.8484212609 ([0m-3.251e-02[0m) Quality = [0m1.130[0m
Hessian Eigenvalues: 1.15450e-03 1.75113e-02 2.22560e-02 ... 5.78010e-01 5.78022e-01 6.16456e-01
Step   13 : Displace = [0m7.431e-02[0m/[0m4.239e-01[0m (rms/max) Trust = 7.500e-02 ([92m+[0m) Grad_T = [0m9.369e-03[0m/[0m4.072e-02[0m (rms/max) E (change) = -838.8818970853 ([0m-3.348e-02[0m) Quality = [0m0.904[0m
Hessian Eigenvalues: 2.11836e-03 1.41241e-02 2.22478e-02 ... 5.78011e-01 5.78022e-01 5.99871e-01
Step   14 : Displace = [0m1.052e-01[0m/[0m5.152e-01[0m (rms/max) Trust = 1.061e-01 ([92m+[0m) Grad_T = [0m1.001e-02[0m/[0m4.105e-02[0m (rms/max) E (change) = -838.9243036069 ([0m-4.241e-02[0m) Quality = [0m1.014[0m
Hessian Eigenvalues: 2.40181e-03 1.40611e-02 2.22553e-02 ... 5.78010e-01 5.78022e-01 6.07179e-01
Step   15 : Displace = [0m1.493e-01[0m/[0m5.996e-01[0m (rms/max) Trust = 1.500e-01 ([92m+[0m) Grad_T = [0m1.142e-02[0m/[0m7.276e-02[0m (rms/max) E (change) = -838.9665231244 ([0m-4.222e-02[0m) Quality = [0m0.946[0m
Hessian Eigenvalues: 2.85962e-03 1.32241e-02 2.22984e-02 ... 5.78019e-01 6.03304e-01 6.17328e-01
Step   16 : Displace = [0m1.639e-01[0m/[0m6.764e-01[0m (rms/max) Trust = 2.121e-01 ([92m+[0m) Grad_T = [0m2.553e-02[0m/[0m1.516e-01[0m (rms/max) E (change) = -838.9982683973 ([0m-3.175e-02[0m) Quality = [0m0.772[0m
Hessian Eigenvalues: 1.69314e-03 1.71877e-02 2.28285e-02 ... 5.78023e-01 5.88779e-01 6.41201e-01
Step   17 : Displace = [0m3.026e-01[0m/[0m1.013e+00[0m (rms/max) Trust = 3.000e-01 ([92m+[0m) Grad_T = [0m4.150e-01[0m/[0m2.772e+00[0m (rms/max) E (change) = -838.3025200136 ([91m+6.957e-01[0m) Quality = [91m-7.079[0m
[93mRejecting step - quality is lower than -1.0[0m
Hessian Eigenvalues: 1.69314e-03 1.71877e-02 2.28285e-02 ... 5.78023e-01 5.88779e-01 6.41201e-01
Step   18 : Displace = [0m1.505e-01[0m/[0m5.022e-01[0m (rms/max) Trust = 1.500e-01 ([1;91mx[0m) Grad_T = [0m1.327e-01[0m/[0m8.858e-01[0m (rms/max) E (change) = -838.8700051927 ([91m+1.283e-01[0m) Quality = [91m-1.513[0m
[93mRejecting step - quality is lower than -1.0[0m
Hessian Eigenvalues: 1.69314e-03 1.71877e-02 2.28285e-02 ... 5.78023e-01 5.88779e-01 6.41201e-01
Step   19 : Displace = [0m7.607e-02[0m/[0m2.556e-01[0m (rms/max) Trust = 7.500e-02 ([1;91mx[0m) Grad_T = [0m7.489e-02[0m/[0m4.943e-01[0m (rms/max) E (change) = -838.9653301540 ([91m+3.294e-02[0m) Quality = [91m-0.471[0m
Hessian Eigenvalues: 2.02403e-03 1.40666e-02 2.25084e-02 ... 5.78045e-01 6.01200e-01 2.13613e+00
Step   20 : Displace = [0m3.954e-02[0m/[0m2.055e-01[0m (rms/max) Trust = 3.750e-02 ([91m-[0m) Grad_T = [0m1.508e-02[0m/[0m7.606e-02[0m (rms/max) E (change) = -839.0610772888 ([0m-9.575e-02[0m) Quality = [0m0.633[0m
Hessian Eigenvalues: 2.02133e-03 1.56432e-02 2.29771e-02 ... 5.78040e-01 6.05721e-01 1.87396e+00

        C  53.86860000   29.40090000   61.59910000
        N  54.01917700   29.78612000   60.33504600
        H  53.70866000   30.44862200   61.03130000
        H  54.21534600   28.83108200   60.59871300
        N  53.45970100   30.27330400   62.51594900
        H  53.65587000   29.31826600   62.77961600
        H  53.57404900   30.56584000   61.55602800
        N  54.12692100   28.14327600   61.94630500
        H  54.24127000   28.43581100   60.98638400
        H  53.81640400   28.80577800   62.64255900
        C  54.48960000   34.81800000   63.05660000
        N  54.64017700   35.20322000   61.79254600
        H  54.32966000   35.86572200   62.48880000
        H  54.83634600   34.24818200   62.05621300
        N  54.08070100   35.69040400   63.97344900
        H  54.27687000   34.73536600   64.23711600
        H  54.19504900   35.98294000   63.01352800
        N  54.74792100   33.56037600   63.40380500
        H  54.86227000   33.85291100   62.44388400
        H  54.43740400   34.22287800   64.10005900
        C  66.79830000   33.28170000   49.68530000
        O  67.98212500   33.34347600   49.28876300
        O  66.08701600   32.25431700   49.71785900
        H  66.34032100   34.21755000   50.03806100
        C  64.00380000   29.65520000   47.83790000
        O  65.18762500   29.71697600   47.44136300
        O  63.29251600   28.62781700   47.87045900
        H  63.54582100   30.59105000   48.19066100
        C  58.18900000   31.08480000   63.84250000
        N  58.33957700   31.47002000   62.57844600
        H  58.02906000   32.13252200   63.27470000
        H  58.53574600   30.51498200   62.84211300
        N  57.78010100   31.95720400   64.75934900
        H  57.97627000   31.00216600   65.02301600
        H  57.89444900   32.24974000   63.79942800
        N  58.44732100   29.82717600   64.18970500
        H  58.56167000   30.11971100   63.22978400
        H  58.13680400   30.48967800   64.88595900

Note: printed only print_atoms_list (this is not necessarily all atoms) 
  ------------RUNNING QM/MM MODULE------------- 
QM Module: ORCATheory
MM Module: OpenMMTheory
Charge provided from QMMMTheory object:  -2
Mult provided from QMMMTheory object:  1
QM-region Charge: -2 Mult: 1
Embedding: Electrostatic
Number of pointcharges (to QM program): 64
Number of charge coordinates: 64
Running QM/MM object with 8 cores available

-------------------------------------------------------------------
Time to calculate step (before-QMstep): 0.000 seconds, 0.0 minutes.
-------------------------------------------------------------------
  ------------RUNNING ORCA INTERFACE------------- 
Object-label: ORCA
Run-label: None
Running ORCA with 8 cores available
Moreadfile option not active
A GBW-file with same basename : orca.gbw is present
Autostart is False. ORCA will ignore any file present
Creating inputfile: orca.inp
ORCA input:
! B3LYP D3BJ def2-SVP def2/J RIJCOSX CPCM TightSCF

! Noautostart

%cpcm epsilon 4.0 end
%scf MaxIter 300 Guess PModel end
Charge: -2  Mult: 1
Pointcharge embedding is on!
 ORCA Calculation starting. 
Found warning messages in ORCA outputfile:
WARNING: The chosen methods will break translational/rotational symmetry
 WARNING: The chosen methods will break translational symmetry
 WARNING: The chosen methods will break translational symmetry
 Warning: op=0 Small HOMO/LUMO gap (  -0.406) - skipping pre-diagonalization

 ORCA Calculation done. 
ORCA converged in 27 iterations
ORCA energy: -836.57177916958
  ------------ENDING ORCA-INTERFACE------------- 

----------------------------------------------------------------
Time to calculate step (ORCA run): 180.864 seconds, 3.0 minutes.
----------------------------------------------------------------

---------------------------------------------------------------
Time to calculate step (QM step): 180.864 seconds, 3.0 minutes.
---------------------------------------------------------------

----------------------------------------------------------------------
Time to calculate step (QMpcgrad prepare): 0.000 seconds, 0.0 minutes.
----------------------------------------------------------------------

--------------------------------------------------------------------------
Time to calculate step (linkatomgrad prepare): 0.000 seconds, 0.0 minutes.
--------------------------------------------------------------------------

----------------------------------------------------------------------------
Time to calculate step (QM/MM gradient prepare): 0.000 seconds, 0.0 minutes.
----------------------------------------------------------------------------
Using OpenMM theory as part of QM/MM.
Using MM on full system. Charges for QM region [0, 1, 2, 3, 4, 5, 6, 7, 8, 9, 10, 11, 12, 13, 14, 15, 16, 17, 18, 19, 20, 21, 22, 23] have been set to zero 

--------------------------------------------------------------------------------
                   Creating/updating OpenMM simulation object                   
--------------------------------------------------------------------------------

Integrator name: VerletIntegrator
Timestep: 0.001
Temperature: 300
Coupling frequency: 1
Properties: {'Threads': '1'}
Topology: <Topology; 1 chains, 1 residues, 88 atoms, 0 bonds>

----------------------------------------------------------------------------------
Time to calculate step (creating/updating simulation): 0.002 seconds, 0.0 minutes.
----------------------------------------------------------------------------------

--------------------------------------------------------------------------------
                     Running Single-point OpenMM Interface                      
--------------------------------------------------------------------------------

Number of OpenMM system constraints defined: 0

-----------------------------------------------------------------------------------
Time to calculate step (OpenMMTheory.run: const-check): 0.002 seconds, 0.0 minutes.
-----------------------------------------------------------------------------------
Updating coordinates.

------------------------------------------------------------------------
Time to calculate step (Creating pos array): 0.000 seconds, 0.0 minutes.
------------------------------------------------------------------------

---------------------------------------------------------------------------
Time to calculate step (Updating MM positions): 0.000 seconds, 0.0 minutes.
---------------------------------------------------------------------------
Calling OpenMM getState.

---------------------------------------------------------------------
Time to calculate step (OpenMM getState): 0.001 seconds, 0.0 minutes.
---------------------------------------------------------------------
OpenMM Energy: -2.1340655583952266 Eh
OpenMM Energy: -1339.1463561647645 kcal/mol

-----------------------
Ending OpenMM interface
-----------------------

----------------------------------------------------------------
Time to calculate step (OpenMM run): 0.004 seconds, 0.0 minutes.
----------------------------------------------------------------

-------------------------------------------------------------
Time to calculate step (MM step): 0.004 seconds, 0.0 minutes.
-------------------------------------------------------------

Note: You are using electrostatic embedding. This means that the QM-energy is actually the polarized QM-energy
Note: MM energy also contains the QM-MM Lennard-Jones interaction

QM energy:              -836.571779169580 
MM energy:                -2.134065558395
QM/MM energy:           -838.705844727975 

  ------------ENDING QM/MM MODULE------------- 

-----------------------------------------------------------------
Time to calculate step (QM/MM run): 180.869 seconds, 3.0 minutes.
-----------------------------------------------------------------
geometric called save_guess_files option option for ASHengineclass.
This option is currently unsupported in ASH. Continuing.
geometric called clearCalcs option for ASHengineclass.
This option is currently unsupported in ASH. Continuing.

Convergence criteria: {'convergence_energy': 1e-05, 'convergence_grms': 0.003, 'convergence_gmax': 0.006, 'convergence_drms': 0.01, 'convergence_dmax': 0.015, 'convergence_cmax': 0.01}

Replacing coordinates in fragment.
Creating/Updating fragment attributes...
Number of Atoms in fragment: 88
Formula: O18H38N12C20
Label: CHHCCOOOCHCHCCHCHCHOHCOOCOOHCOOHCNHHNHHNHHCOOHCOOHCNHHNHHNHHCNHHNHHNHHCOOHCOOHCNHHNHHNHH
Charge: -2 Mult: 1

--------------------------------------------------------------------------------
Wrote XYZ file:  Fragment-currentgeo.xyz
Current geometry (Å) in step 8 (print_atoms_list region)
---------------------------------------------------
        C  59.03352736   34.52230991   59.08934125
        H  59.62970463   33.62573330   59.02334740
        H  58.73894341   35.02246410   58.19572561
        C  58.51171638   35.15310804   60.22301439
        C  57.52927984   36.23435975   59.72521909
        O  57.71661152   36.96597031   58.75556419
        O  56.41180048   36.14402560   60.30720813
        O  58.40243328   34.55015059   61.42108608
        C  57.41991978   31.58322029   55.34514763
        H  56.82371618   30.91755066   55.97145236
        C  58.75247943   31.32862955   55.27318386
        H  59.11011349   30.39029177   55.69483898
        C  59.63443019   32.43566140   54.87504273
        C  59.04137598   33.34571025   53.87109140
        H  59.66069367   33.87254108   53.13954574
        C  57.71283913   33.57132668   53.90714133
        H  57.24892399   34.35064461   53.29931693
        C  56.82438106   32.90198821   54.91667475
        H  56.89656788   33.47930519   55.87054222
        O  55.46004368   32.94600701   54.50702631
        H  54.99156897   32.11685359   54.69587702
        C  60.86515526   32.68434311   55.62871804
        O  61.28451891   33.15924462   56.67724198
        O  61.33647779   32.06640506   54.59848627
        C  60.13150000   27.30170000   49.17930000
        O  61.31532500   27.36347600   48.78276300
        O  59.42021600   26.27431700   49.21185900
        H  59.67352100   28.23755000   49.53206100
        C  66.27590000   27.70220000   52.54990000
        O  67.45972500   27.76397600   52.15336300
        O  65.56461600   26.67481700   52.58245900
        H  65.81792100   28.63805000   52.90266100
        C  59.66970000   36.29460000   63.69690000
        N  59.82027700   36.67982000   62.43284600
        H  59.50976000   37.34232200   63.12910000
        H  60.01644600   35.72478200   62.69651300
        N  59.26080100   37.16700400   64.61374900
        H  59.45697000   36.21196600   64.87741600
        H  59.37514900   37.45954000   63.65382800
        N  59.92802100   35.03697600   64.04410500
        H  60.04237000   35.32951100   63.08418400
        H  59.61750400   35.69947800   64.74035900
        C  59.29540000   32.04470000   47.20100000
        O  60.47922500   32.10647600   46.80446300
        O  58.58411600   31.01731700   47.23355900
        H  58.83742100   32.98055000   47.55376100
        C  60.63320000   25.40040000   54.04170000
        O  61.81702500   25.46217600   53.64516300
        O  59.92191600   24.37301700   54.07425900
        H  60.17522100   26.33625000   54.39446100
        C  53.86860000   29.40090000   61.59910000
        N  54.01917700   29.78612000   60.33504600
        H  53.70866000   30.44862200   61.03130000
        H  54.21534600   28.83108200   60.59871300
        N  53.45970100   30.27330400   62.51594900
        H  53.65587000   29.31826600   62.77961600
        H  53.57404900   30.56584000   61.55602800
        N  54.12692100   28.14327600   61.94630500
        H  54.24127000   28.43581100   60.98638400
        H  53.81640400   28.80577800   62.64255900
        C  54.48960000   34.81800000   63.05660000
        N  54.64017700   35.20322000   61.79254600
        H  54.32966000   35.86572200   62.48880000
        H  54.83634600   34.24818200   62.05621300
        N  54.08070100   35.69040400   63.97344900
        H  54.27687000   34.73536600   64.23711600
        H  54.19504900   35.98294000   63.01352800
        N  54.74792100   33.56037600   63.40380500
        H  54.86227000   33.85291100   62.44388400
        H  54.43740400   34.22287800   64.10005900
        C  66.79830000   33.28170000   49.68530000
        O  67.98212500   33.34347600   49.28876300
        O  66.08701600   32.25431700   49.71785900
        H  66.34032100   34.21755000   50.03806100
        C  64.00380000   29.65520000   47.83790000
        O  65.18762500   29.71697600   47.44136300
        O  63.29251600   28.62781700   47.87045900
        H  63.54582100   30.59105000   48.19066100
        C  58.18900000   31.08480000   63.84250000
        N  58.33957700   31.47002000   62.57844600
        H  58.02906000   32.13252200   63.27470000
        H  58.53574600   30.51498200   62.84211300
        N  57.78010100   31.95720400   64.75934900
        H  57.97627000   31.00216600   65.02301600
        H  57.89444900   32.24974000   63.79942800
        N  58.44732100   29.82717600   64.18970500
        H  58.56167000   30.11971100   63.22978400
        H  58.13680400   30.48967800   64.88595900

Note: printed only print_atoms_list (this is not necessarily all atoms) 
  ------------RUNNING QM/MM MODULE------------- 
QM Module: ORCATheory
MM Module: OpenMMTheory
Charge provided from QMMMTheory object:  -2
Mult provided from QMMMTheory object:  1
QM-region Charge: -2 Mult: 1
Embedding: Electrostatic
Number of pointcharges (to QM program): 64
Number of charge coordinates: 64
Running QM/MM object with 8 cores available

-------------------------------------------------------------------
Time to calculate step (before-QMstep): 0.000 seconds, 0.0 minutes.
-------------------------------------------------------------------
  ------------RUNNING ORCA INTERFACE------------- 
Object-label: ORCA
Run-label: None
Running ORCA with 8 cores available
Moreadfile option not active
A GBW-file with same basename : orca.gbw is present
Autostart is False. ORCA will ignore any file present
Creating inputfile: orca.inp
ORCA input:
! B3LYP D3BJ def2-SVP def2/J RIJCOSX CPCM TightSCF

! Noautostart

%cpcm epsilon 4.0 end
%scf MaxIter 300 Guess PModel end
Charge: -2  Mult: 1
Pointcharge embedding is on!
 ORCA Calculation starting. 
Found warning messages in ORCA outputfile:
WARNING: The chosen methods will break translational/rotational symmetry
 WARNING: The chosen methods will break translational symmetry
 WARNING: The chosen methods will break translational symmetry
 Warning: op=0 Small HOMO/LUMO gap (  -0.435) - skipping pre-diagonalization

 ORCA Calculation done. 
ORCA converged in 23 iterations
ORCA energy: -836.645576241656
  ------------ENDING ORCA-INTERFACE------------- 

----------------------------------------------------------------
Time to calculate step (ORCA run): 152.230 seconds, 2.5 minutes.
----------------------------------------------------------------

---------------------------------------------------------------
Time to calculate step (QM step): 152.230 seconds, 2.5 minutes.
---------------------------------------------------------------

----------------------------------------------------------------------
Time to calculate step (QMpcgrad prepare): 0.000 seconds, 0.0 minutes.
----------------------------------------------------------------------

--------------------------------------------------------------------------
Time to calculate step (linkatomgrad prepare): 0.000 seconds, 0.0 minutes.
--------------------------------------------------------------------------

----------------------------------------------------------------------------
Time to calculate step (QM/MM gradient prepare): 0.000 seconds, 0.0 minutes.
----------------------------------------------------------------------------
Using OpenMM theory as part of QM/MM.
Using MM on full system. Charges for QM region [0, 1, 2, 3, 4, 5, 6, 7, 8, 9, 10, 11, 12, 13, 14, 15, 16, 17, 18, 19, 20, 21, 22, 23] have been set to zero 

--------------------------------------------------------------------------------
                   Creating/updating OpenMM simulation object                   
--------------------------------------------------------------------------------

Integrator name: VerletIntegrator
Timestep: 0.001
Temperature: 300
Coupling frequency: 1
Properties: {'Threads': '1'}
Topology: <Topology; 1 chains, 1 residues, 88 atoms, 0 bonds>

----------------------------------------------------------------------------------
Time to calculate step (creating/updating simulation): 0.003 seconds, 0.0 minutes.
----------------------------------------------------------------------------------

--------------------------------------------------------------------------------
                     Running Single-point OpenMM Interface                      
--------------------------------------------------------------------------------

Number of OpenMM system constraints defined: 0

-----------------------------------------------------------------------------------
Time to calculate step (OpenMMTheory.run: const-check): 0.003 seconds, 0.0 minutes.
-----------------------------------------------------------------------------------
Updating coordinates.

------------------------------------------------------------------------
Time to calculate step (Creating pos array): 0.000 seconds, 0.0 minutes.
------------------------------------------------------------------------

---------------------------------------------------------------------------
Time to calculate step (Updating MM positions): 0.000 seconds, 0.0 minutes.
---------------------------------------------------------------------------
Calling OpenMM getState.

---------------------------------------------------------------------
Time to calculate step (OpenMM getState): 0.001 seconds, 0.0 minutes.
---------------------------------------------------------------------
OpenMM Energy: -2.136899949946161 Eh
OpenMM Energy: -1340.9249637161802 kcal/mol

-----------------------
Ending OpenMM interface
-----------------------

----------------------------------------------------------------
Time to calculate step (OpenMM run): 0.004 seconds, 0.0 minutes.
----------------------------------------------------------------

-------------------------------------------------------------
Time to calculate step (MM step): 0.004 seconds, 0.0 minutes.
-------------------------------------------------------------

Note: You are using electrostatic embedding. This means that the QM-energy is actually the polarized QM-energy
Note: MM energy also contains the QM-MM Lennard-Jones interaction

QM energy:              -836.645576241656 
MM energy:                -2.136899949946
QM/MM energy:           -838.782476191602 

  ------------ENDING QM/MM MODULE------------- 

-----------------------------------------------------------------
Time to calculate step (QM/MM run): 152.235 seconds, 2.5 minutes.
-----------------------------------------------------------------
geometric called save_guess_files option option for ASHengineclass.
This option is currently unsupported in ASH. Continuing.

Convergence criteria: {'convergence_energy': 1e-05, 'convergence_grms': 0.003, 'convergence_gmax': 0.006, 'convergence_drms': 0.01, 'convergence_dmax': 0.015, 'convergence_cmax': 0.01}

Replacing coordinates in fragment.
Creating/Updating fragment attributes...
Number of Atoms in fragment: 88
Formula: O18H38N12C20
Label: CHHCCOOOCHCHCCHCHCHOHCOOCOOHCOOHCNHHNHHNHHCOOHCOOHCNHHNHHNHHCNHHNHHNHHCOOHCOOHCNHHNHHNHH
Charge: -2 Mult: 1

--------------------------------------------------------------------------------
Wrote XYZ file:  Fragment-currentgeo.xyz
Current geometry (Å) in step 9 (print_atoms_list region)
---------------------------------------------------
        C  59.02455347   34.49787845   59.12538589
        H  59.64334166   33.61661513   59.09395600
        H  58.78210421   34.98992393   58.18568172
        C  58.41699830   35.04531080   60.21516712
        C  57.49764111   36.22845303   59.80432020
        O  57.76931577   36.93769622   58.82532618
        O  56.41219550   36.23509652   60.49390121
        O  58.38712369   34.55175338   61.54757737
        C  57.41693351   31.56751544   55.34423015
        H  56.78716041   30.89173460   55.93457751
        C  58.73537072   31.31735028   55.27987526
        H  59.15358271   30.39481043   55.67660327
        C  59.61938678   32.42007599   54.85303052
        C  59.04508242   33.35574484   53.87806797
        H  59.69064122   33.86391698   53.15608682
        C  57.72144109   33.58241626   53.92075117
        H  57.25661432   34.34399810   53.28956776
        C  56.83292096   32.90756396   54.93186723
        H  56.89377382   33.50005474   55.88302455
        O  55.46840936   32.95679777   54.51739161
        H  55.04449176   32.07946080   54.68027487
        C  60.84667512   32.70021102   55.64304005
        O  61.27830268   33.15593505   56.68647668
        O  61.26383963   32.07540261   54.61367418
        C  60.13150000   27.30170000   49.17930000
        O  61.31532500   27.36347600   48.78276300
        O  59.42021600   26.27431700   49.21185900
        H  59.67352100   28.23755000   49.53206100
        C  66.27590000   27.70220000   52.54990000
        O  67.45972500   27.76397600   52.15336300
        O  65.56461600   26.67481700   52.58245900
        H  65.81792100   28.63805000   52.90266100
        C  59.66970000   36.29460000   63.69690000
        N  59.82027700   36.67982000   62.43284600
        H  59.50976000   37.34232200   63.12910000
        H  60.01644600   35.72478200   62.69651300
        N  59.26080100   37.16700400   64.61374900
        H  59.45697000   36.21196600   64.87741600
        H  59.37514900   37.45954000   63.65382800
        N  59.92802100   35.03697600   64.04410500
        H  60.04237000   35.32951100   63.08418400
        H  59.61750400   35.69947800   64.74035900
        C  59.29540000   32.04470000   47.20100000
        O  60.47922500   32.10647600   46.80446300
        O  58.58411600   31.01731700   47.23355900
        H  58.83742100   32.98055000   47.55376100
        C  60.63320000   25.40040000   54.04170000
        O  61.81702500   25.46217600   53.64516300
        O  59.92191600   24.37301700   54.07425900
        H  60.17522100   26.33625000   54.39446100
        C  53.86860000   29.40090000   61.59910000
        N  54.01917700   29.78612000   60.33504600
        H  53.70866000   30.44862200   61.03130000
        H  54.21534600   28.83108200   60.59871300
        N  53.45970100   30.27330400   62.51594900
        H  53.65587000   29.31826600   62.77961600
        H  53.57404900   30.56584000   61.55602800
        N  54.12692100   28.14327600   61.94630500
        H  54.24127000   28.43581100   60.98638400
        H  53.81640400   28.80577800   62.64255900
        C  54.48960000   34.81800000   63.05660000
        N  54.64017700   35.20322000   61.79254600
        H  54.32966000   35.86572200   62.48880000
        H  54.83634600   34.24818200   62.05621300
        N  54.08070100   35.69040400   63.97344900
        H  54.27687000   34.73536600   64.23711600
        H  54.19504900   35.98294000   63.01352800
        N  54.74792100   33.56037600   63.40380500
        H  54.86227000   33.85291100   62.44388400
        H  54.43740400   34.22287800   64.10005900
        C  66.79830000   33.28170000   49.68530000
        O  67.98212500   33.34347600   49.28876300
        O  66.08701600   32.25431700   49.71785900
        H  66.34032100   34.21755000   50.03806100
        C  64.00380000   29.65520000   47.83790000
        O  65.18762500   29.71697600   47.44136300
        O  63.29251600   28.62781700   47.87045900
        H  63.54582100   30.59105000   48.19066100
        C  58.18900000   31.08480000   63.84250000
        N  58.33957700   31.47002000   62.57844600
        H  58.02906000   32.13252200   63.27470000
        H  58.53574600   30.51498200   62.84211300
        N  57.78010100   31.95720400   64.75934900
        H  57.97627000   31.00216600   65.02301600
        H  57.89444900   32.24974000   63.79942800
        N  58.44732100   29.82717600   64.18970500
        H  58.56167000   30.11971100   63.22978400
        H  58.13680400   30.48967800   64.88595900

Note: printed only print_atoms_list (this is not necessarily all atoms) 
  ------------RUNNING QM/MM MODULE------------- 
QM Module: ORCATheory
MM Module: OpenMMTheory
Charge provided from QMMMTheory object:  -2
Mult provided from QMMMTheory object:  1
QM-region Charge: -2 Mult: 1
Embedding: Electrostatic
Number of pointcharges (to QM program): 64
Number of charge coordinates: 64
Running QM/MM object with 8 cores available

-------------------------------------------------------------------
Time to calculate step (before-QMstep): 0.000 seconds, 0.0 minutes.
-------------------------------------------------------------------
  ------------RUNNING ORCA INTERFACE------------- 
Object-label: ORCA
Run-label: None
Running ORCA with 8 cores available
Moreadfile option not active
A GBW-file with same basename : orca.gbw is present
Autostart is False. ORCA will ignore any file present
Creating inputfile: orca.inp
ORCA input:
! B3LYP D3BJ def2-SVP def2/J RIJCOSX CPCM TightSCF

! Noautostart

%cpcm epsilon 4.0 end
%scf MaxIter 300 Guess PModel end
Charge: -2  Mult: 1
Pointcharge embedding is on!
 ORCA Calculation starting. 
Found warning messages in ORCA outputfile:
WARNING: The chosen methods will break translational/rotational symmetry
 WARNING: The chosen methods will break translational symmetry
 WARNING: The chosen methods will break translational symmetry
 Warning: op=0 Small HOMO/LUMO gap (  -0.259) - skipping pre-diagonalization

 ORCA Calculation done. 
ORCA converged in 19 iterations
ORCA energy: -836.685165229735
  ------------ENDING ORCA-INTERFACE------------- 

----------------------------------------------------------------
Time to calculate step (ORCA run): 140.385 seconds, 2.3 minutes.
----------------------------------------------------------------

---------------------------------------------------------------
Time to calculate step (QM step): 140.385 seconds, 2.3 minutes.
---------------------------------------------------------------

----------------------------------------------------------------------
Time to calculate step (QMpcgrad prepare): 0.000 seconds, 0.0 minutes.
----------------------------------------------------------------------

--------------------------------------------------------------------------
Time to calculate step (linkatomgrad prepare): 0.000 seconds, 0.0 minutes.
--------------------------------------------------------------------------

----------------------------------------------------------------------------
Time to calculate step (QM/MM gradient prepare): 0.000 seconds, 0.0 minutes.
----------------------------------------------------------------------------
Using OpenMM theory as part of QM/MM.
Using MM on full system. Charges for QM region [0, 1, 2, 3, 4, 5, 6, 7, 8, 9, 10, 11, 12, 13, 14, 15, 16, 17, 18, 19, 20, 21, 22, 23] have been set to zero 

--------------------------------------------------------------------------------
                   Creating/updating OpenMM simulation object                   
--------------------------------------------------------------------------------

Integrator name: VerletIntegrator
Timestep: 0.001
Temperature: 300
Coupling frequency: 1
Properties: {'Threads': '1'}
Topology: <Topology; 1 chains, 1 residues, 88 atoms, 0 bonds>

----------------------------------------------------------------------------------
Time to calculate step (creating/updating simulation): 0.002 seconds, 0.0 minutes.
----------------------------------------------------------------------------------

--------------------------------------------------------------------------------
                     Running Single-point OpenMM Interface                      
--------------------------------------------------------------------------------

Number of OpenMM system constraints defined: 0

-----------------------------------------------------------------------------------
Time to calculate step (OpenMMTheory.run: const-check): 0.003 seconds, 0.0 minutes.
-----------------------------------------------------------------------------------
Updating coordinates.

------------------------------------------------------------------------
Time to calculate step (Creating pos array): 0.000 seconds, 0.0 minutes.
------------------------------------------------------------------------

---------------------------------------------------------------------------
Time to calculate step (Updating MM positions): 0.000 seconds, 0.0 minutes.
---------------------------------------------------------------------------
Calling OpenMM getState.

---------------------------------------------------------------------
Time to calculate step (OpenMM getState): 0.001 seconds, 0.0 minutes.
---------------------------------------------------------------------
OpenMM Energy: -2.1307417800592505 Eh
OpenMM Energy: -1337.0606537692538 kcal/mol

-----------------------
Ending OpenMM interface
-----------------------

----------------------------------------------------------------
Time to calculate step (OpenMM run): 0.004 seconds, 0.0 minutes.
----------------------------------------------------------------

-------------------------------------------------------------
Time to calculate step (MM step): 0.004 seconds, 0.0 minutes.
-------------------------------------------------------------

Note: You are using electrostatic embedding. This means that the QM-energy is actually the polarized QM-energy
Note: MM energy also contains the QM-MM Lennard-Jones interaction

QM energy:              -836.685165229735 
MM energy:                -2.130741780059
QM/MM energy:           -838.815907009794 

  ------------ENDING QM/MM MODULE------------- 

-----------------------------------------------------------------
Time to calculate step (QM/MM run): 140.389 seconds, 2.3 minutes.
-----------------------------------------------------------------
geometric called save_guess_files option option for ASHengineclass.
This option is currently unsupported in ASH. Continuing.

Convergence criteria: {'convergence_energy': 1e-05, 'convergence_grms': 0.003, 'convergence_gmax': 0.006, 'convergence_drms': 0.01, 'convergence_dmax': 0.015, 'convergence_cmax': 0.01}

Replacing coordinates in fragment.
Creating/Updating fragment attributes...
Number of Atoms in fragment: 88
Formula: O18H38N12C20
Label: CHHCCOOOCHCHCCHCHCHOHCOOCOOHCOOHCNHHNHHNHHCOOHCOOHCNHHNHHNHHCNHHNHHNHHCOOHCOOHCNHHNHHNHH
Charge: -2 Mult: 1

--------------------------------------------------------------------------------
Wrote XYZ file:  Fragment-currentgeo.xyz
Current geometry (Å) in step 10 (print_atoms_list region)
---------------------------------------------------
        C  58.98350273   34.45796564   59.24168170
        H  59.63617364   33.57997706   59.16157189
        H  58.82209618   34.94544929   58.26638959
        C  58.37179677   34.97340463   60.33136527
        C  57.52371208   36.23216735   59.93295787
        O  57.84914064   36.93461797   58.97801524
        O  56.49133066   36.42833179   60.66887473
        O  58.36185174   34.55610997   61.71783457
        C  57.41831068   31.55882772   55.34982923
        H  56.75155358   30.85414938   55.87241612
        C  58.73641491   31.31488899   55.28459301
        H  59.19426979   30.38968547   55.64331488
        C  59.62557864   32.41192720   54.84804450
        C  59.05368911   33.36609657   53.88962489
        H  59.72596149   33.85055511   53.17461406
        C  57.73416872   33.59314053   53.93542987
        H  57.26394268   34.32673019   53.27520373
        C  56.85147199   32.91386274   54.95627121
        H  56.89348252   33.52330620   55.89900113
        O  55.49660734   32.93273307   54.53050192
        H  55.08785750   32.06224276   54.65047785
        C  60.81197155   32.72164708   55.66629629
        O  61.25839403   33.17814361   56.69568860
        O  61.14243970   32.05024001   54.63811977
        C  60.13150000   27.30170000   49.17930000
        O  61.31532500   27.36347600   48.78276300
        O  59.42021600   26.27431700   49.21185900
        H  59.67352100   28.23755000   49.53206100
        C  66.27590000   27.70220000   52.54990000
        O  67.45972500   27.76397600   52.15336300
        O  65.56461600   26.67481700   52.58245900
        H  65.81792100   28.63805000   52.90266100
        C  59.66970000   36.29460000   63.69690000
        N  59.82027700   36.67982000   62.43284600
        H  59.50976000   37.34232200   63.12910000
        H  60.01644600   35.72478200   62.69651300
        N  59.26080100   37.16700400   64.61374900
        H  59.45697000   36.21196600   64.87741600
        H  59.37514900   37.45954000   63.65382800
        N  59.92802100   35.03697600   64.04410500
        H  60.04237000   35.32951100   63.08418400
        H  59.61750400   35.69947800   64.74035900
        C  59.29540000   32.04470000   47.20100000
        O  60.47922500   32.10647600   46.80446300
        O  58.58411600   31.01731700   47.23355900
        H  58.83742100   32.98055000   47.55376100
        C  60.63320000   25.40040000   54.04170000
        O  61.81702500   25.46217600   53.64516300
        O  59.92191600   24.37301700   54.07425900
        H  60.17522100   26.33625000   54.39446100
        C  53.86860000   29.40090000   61.59910000
        N  54.01917700   29.78612000   60.33504600
        H  53.70866000   30.44862200   61.03130000
        H  54.21534600   28.83108200   60.59871300
        N  53.45970100   30.27330400   62.51594900
        H  53.65587000   29.31826600   62.77961600
        H  53.57404900   30.56584000   61.55602800
        N  54.12692100   28.14327600   61.94630500
        H  54.24127000   28.43581100   60.98638400
        H  53.81640400   28.80577800   62.64255900
        C  54.48960000   34.81800000   63.05660000
        N  54.64017700   35.20322000   61.79254600
        H  54.32966000   35.86572200   62.48880000
        H  54.83634600   34.24818200   62.05621300
        N  54.08070100   35.69040400   63.97344900
        H  54.27687000   34.73536600   64.23711600
        H  54.19504900   35.98294000   63.01352800
        N  54.74792100   33.56037600   63.40380500
        H  54.86227000   33.85291100   62.44388400
        H  54.43740400   34.22287800   64.10005900
        C  66.79830000   33.28170000   49.68530000
        O  67.98212500   33.34347600   49.28876300
        O  66.08701600   32.25431700   49.71785900
        H  66.34032100   34.21755000   50.03806100
        C  64.00380000   29.65520000   47.83790000
        O  65.18762500   29.71697600   47.44136300
        O  63.29251600   28.62781700   47.87045900
        H  63.54582100   30.59105000   48.19066100
        C  58.18900000   31.08480000   63.84250000
        N  58.33957700   31.47002000   62.57844600
        H  58.02906000   32.13252200   63.27470000
        H  58.53574600   30.51498200   62.84211300
        N  57.78010100   31.95720400   64.75934900
        H  57.97627000   31.00216600   65.02301600
        H  57.89444900   32.24974000   63.79942800
        N  58.44732100   29.82717600   64.18970500
        H  58.56167000   30.11971100   63.22978400
        H  58.13680400   30.48967800   64.88595900

Note: printed only print_atoms_list (this is not necessarily all atoms) 
  ------------RUNNING QM/MM MODULE------------- 
QM Module: ORCATheory
MM Module: OpenMMTheory
Charge provided from QMMMTheory object:  -2
Mult provided from QMMMTheory object:  1
QM-region Charge: -2 Mult: 1
Embedding: Electrostatic
Number of pointcharges (to QM program): 64
Number of charge coordinates: 64
Running QM/MM object with 8 cores available

-------------------------------------------------------------------
Time to calculate step (before-QMstep): 0.000 seconds, 0.0 minutes.
-------------------------------------------------------------------
  ------------RUNNING ORCA INTERFACE------------- 
Object-label: ORCA
Run-label: None
Running ORCA with 8 cores available
Moreadfile option not active
A GBW-file with same basename : orca.gbw is present
Autostart is False. ORCA will ignore any file present
Creating inputfile: orca.inp
ORCA input:
! B3LYP D3BJ def2-SVP def2/J RIJCOSX CPCM TightSCF

! Noautostart

%cpcm epsilon 4.0 end
%scf MaxIter 300 Guess PModel end
Charge: -2  Mult: 1
Pointcharge embedding is on!
 ORCA Calculation starting. 
Found warning messages in ORCA outputfile:
WARNING: The chosen methods will break translational/rotational symmetry
 WARNING: The chosen methods will break translational symmetry
 WARNING: The chosen methods will break translational symmetry
 Warning: op=0 Small HOMO/LUMO gap (  -0.324) - skipping pre-diagonalization

 ORCA Calculation done. 
ORCA converged in 19 iterations
ORCA energy: -836.714584467262
  ------------ENDING ORCA-INTERFACE------------- 

----------------------------------------------------------------
Time to calculate step (ORCA run): 135.768 seconds, 2.3 minutes.
----------------------------------------------------------------

---------------------------------------------------------------
Time to calculate step (QM step): 135.768 seconds, 2.3 minutes.
---------------------------------------------------------------

----------------------------------------------------------------------
Time to calculate step (QMpcgrad prepare): 0.000 seconds, 0.0 minutes.
----------------------------------------------------------------------

--------------------------------------------------------------------------
Time to calculate step (linkatomgrad prepare): 0.000 seconds, 0.0 minutes.
--------------------------------------------------------------------------

----------------------------------------------------------------------------
Time to calculate step (QM/MM gradient prepare): 0.000 seconds, 0.0 minutes.
----------------------------------------------------------------------------
Using OpenMM theory as part of QM/MM.
Using MM on full system. Charges for QM region [0, 1, 2, 3, 4, 5, 6, 7, 8, 9, 10, 11, 12, 13, 14, 15, 16, 17, 18, 19, 20, 21, 22, 23] have been set to zero 

--------------------------------------------------------------------------------
                   Creating/updating OpenMM simulation object                   
--------------------------------------------------------------------------------

Integrator name: VerletIntegrator
Timestep: 0.001
Temperature: 300
Coupling frequency: 1
Properties: {'Threads': '1'}
Topology: <Topology; 1 chains, 1 residues, 88 atoms, 0 bonds>

----------------------------------------------------------------------------------
Time to calculate step (creating/updating simulation): 0.003 seconds, 0.0 minutes.
----------------------------------------------------------------------------------

--------------------------------------------------------------------------------
                     Running Single-point OpenMM Interface                      
--------------------------------------------------------------------------------

Number of OpenMM system constraints defined: 0

-----------------------------------------------------------------------------------
Time to calculate step (OpenMMTheory.run: const-check): 0.003 seconds, 0.0 minutes.
-----------------------------------------------------------------------------------
Updating coordinates.

------------------------------------------------------------------------
Time to calculate step (Creating pos array): 0.000 seconds, 0.0 minutes.
------------------------------------------------------------------------

---------------------------------------------------------------------------
Time to calculate step (Updating MM positions): 0.000 seconds, 0.0 minutes.
---------------------------------------------------------------------------
Calling OpenMM getState.

---------------------------------------------------------------------
Time to calculate step (OpenMM getState): 0.001 seconds, 0.0 minutes.
---------------------------------------------------------------------
OpenMM Energy: -2.133836793614247 Eh
OpenMM Energy: -1339.0028040973677 kcal/mol

-----------------------
Ending OpenMM interface
-----------------------

----------------------------------------------------------------
Time to calculate step (OpenMM run): 0.004 seconds, 0.0 minutes.
----------------------------------------------------------------

-------------------------------------------------------------
Time to calculate step (MM step): 0.004 seconds, 0.0 minutes.
-------------------------------------------------------------

Note: You are using electrostatic embedding. This means that the QM-energy is actually the polarized QM-energy
Note: MM energy also contains the QM-MM Lennard-Jones interaction

QM energy:              -836.714584467262 
MM energy:                -2.133836793614
QM/MM energy:           -838.848421260876 

  ------------ENDING QM/MM MODULE------------- 

-----------------------------------------------------------------
Time to calculate step (QM/MM run): 135.773 seconds, 2.3 minutes.
-----------------------------------------------------------------
geometric called save_guess_files option option for ASHengineclass.
This option is currently unsupported in ASH. Continuing.

Convergence criteria: {'convergence_energy': 1e-05, 'convergence_grms': 0.003, 'convergence_gmax': 0.006, 'convergence_drms': 0.01, 'convergence_dmax': 0.015, 'convergence_cmax': 0.01}

Replacing coordinates in fragment.
Creating/Updating fragment attributes...
Number of Atoms in fragment: 88
Formula: O18H38N12C20
Label: CHHCCOOOCHCHCCHCHCHOHCOOCOOHCOOHCNHHNHHNHHCOOHCOOHCNHHNHHNHHCNHHNHHNHHCOOHCOOHCNHHNHHNHH
Charge: -2 Mult: 1

--------------------------------------------------------------------------------
Wrote XYZ file:  Fragment-currentgeo.xyz
Current geometry (Å) in step 11 (print_atoms_list region)
---------------------------------------------------
        C  58.92554087   34.39916199   59.41755419
        H  59.59869224   33.52654513   59.32876355
        H  58.82171432   34.90081019   58.43680937
        C  58.33300041   34.94070047   60.51674819
        C  57.53921475   36.27196856   60.18231972
        O  57.89588365   36.90761480   59.16325046
        O  56.61606466   36.65332752   61.03318006
        O  58.34375618   34.55295413   61.90459297
        C  57.42427150   31.55649508   55.35225032
        H  56.72363557   30.81258498   55.78303198
        C  58.73685910   31.30289235   55.28202999
        H  59.22195610   30.36661382   55.59112119
        C  59.63382760   32.39130855   54.84143330
        C  59.06248446   33.37075256   53.89360161
        H  59.75511912   33.83341586   53.18399071
        C  57.74909905   33.60505080   53.94788200
        H  57.27076043   34.30863277   53.26123293
        C  56.86931382   32.92392501   54.98208644
        H  56.89763738   33.54034128   55.91987728
        O  55.51491481   32.92117928   54.56306450
        H  55.15441598   32.01975857   54.59337416
        C  60.76452398   32.74329496   55.71526970
        O  61.22527699   33.22596720   56.72210039
        O  61.03102078   32.01981125   54.69474175
        C  60.13150000   27.30170000   49.17930000
        O  61.31532500   27.36347600   48.78276300
        O  59.42021600   26.27431700   49.21185900
        H  59.67352100   28.23755000   49.53206100
        C  66.27590000   27.70220000   52.54990000
        O  67.45972500   27.76397600   52.15336300
        O  65.56461600   26.67481700   52.58245900
        H  65.81792100   28.63805000   52.90266100
        C  59.66970000   36.29460000   63.69690000
        N  59.82027700   36.67982000   62.43284600
        H  59.50976000   37.34232200   63.12910000
        H  60.01644600   35.72478200   62.69651300
        N  59.26080100   37.16700400   64.61374900
        H  59.45697000   36.21196600   64.87741600
        H  59.37514900   37.45954000   63.65382800
        N  59.92802100   35.03697600   64.04410500
        H  60.04237000   35.32951100   63.08418400
        H  59.61750400   35.69947800   64.74035900
        C  59.29540000   32.04470000   47.20100000
        O  60.47922500   32.10647600   46.80446300
        O  58.58411600   31.01731700   47.23355900
        H  58.83742100   32.98055000   47.55376100
        C  60.63320000   25.40040000   54.04170000
        O  61.81702500   25.46217600   53.64516300
        O  59.92191600   24.37301700   54.07425900
        H  60.17522100   26.33625000   54.39446100
        C  53.86860000   29.40090000   61.59910000
        N  54.01917700   29.78612000   60.33504600
        H  53.70866000   30.44862200   61.03130000
        H  54.21534600   28.83108200   60.59871300
        N  53.45970100   30.27330400   62.51594900
        H  53.65587000   29.31826600   62.77961600
        H  53.57404900   30.56584000   61.55602800
        N  54.12692100   28.14327600   61.94630500
        H  54.24127000   28.43581100   60.98638400
        H  53.81640400   28.80577800   62.64255900
        C  54.48960000   34.81800000   63.05660000
        N  54.64017700   35.20322000   61.79254600
        H  54.32966000   35.86572200   62.48880000
        H  54.83634600   34.24818200   62.05621300
        N  54.08070100   35.69040400   63.97344900
        H  54.27687000   34.73536600   64.23711600
        H  54.19504900   35.98294000   63.01352800
        N  54.74792100   33.56037600   63.40380500
        H  54.86227000   33.85291100   62.44388400
        H  54.43740400   34.22287800   64.10005900
        C  66.79830000   33.28170000   49.68530000
        O  67.98212500   33.34347600   49.28876300
        O  66.08701600   32.25431700   49.71785900
        H  66.34032100   34.21755000   50.03806100
        C  64.00380000   29.65520000   47.83790000
        O  65.18762500   29.71697600   47.44136300
        O  63.29251600   28.62781700   47.87045900
        H  63.54582100   30.59105000   48.19066100
        C  58.18900000   31.08480000   63.84250000
        N  58.33957700   31.47002000   62.57844600
        H  58.02906000   32.13252200   63.27470000
        H  58.53574600   30.51498200   62.84211300
        N  57.78010100   31.95720400   64.75934900
        H  57.97627000   31.00216600   65.02301600
        H  57.89444900   32.24974000   63.79942800
        N  58.44732100   29.82717600   64.18970500
        H  58.56167000   30.11971100   63.22978400
        H  58.13680400   30.48967800   64.88595900

Note: printed only print_atoms_list (this is not necessarily all atoms) 
  ------------RUNNING QM/MM MODULE------------- 
QM Module: ORCATheory
MM Module: OpenMMTheory
Charge provided from QMMMTheory object:  -2
Mult provided from QMMMTheory object:  1
QM-region Charge: -2 Mult: 1
Embedding: Electrostatic
Number of pointcharges (to QM program): 64
Number of charge coordinates: 64
Running QM/MM object with 8 cores available

-------------------------------------------------------------------
Time to calculate step (before-QMstep): 0.000 seconds, 0.0 minutes.
-------------------------------------------------------------------
  ------------RUNNING ORCA INTERFACE------------- 
Object-label: ORCA
Run-label: None
Running ORCA with 8 cores available
Moreadfile option not active
A GBW-file with same basename : orca.gbw is present
Autostart is False. ORCA will ignore any file present
Creating inputfile: orca.inp
ORCA input:
! B3LYP D3BJ def2-SVP def2/J RIJCOSX CPCM TightSCF

! Noautostart

%cpcm epsilon 4.0 end
%scf MaxIter 300 Guess PModel end
Charge: -2  Mult: 1
Pointcharge embedding is on!
 ORCA Calculation starting. 
Found warning messages in ORCA outputfile:
WARNING: The chosen methods will break translational/rotational symmetry
 WARNING: The chosen methods will break translational symmetry
 WARNING: The chosen methods will break translational symmetry
 Warning: op=0 Small HOMO/LUMO gap (  -1.717) - skipping pre-diagonalization
 Warning: op=0 Small HOMO/LUMO gap (   0.076) - skipping pre-diagonalization

 ORCA Calculation done. 
ORCA converged in 31 iterations
ORCA energy: -836.747675773773
  ------------ENDING ORCA-INTERFACE------------- 

----------------------------------------------------------------
Time to calculate step (ORCA run): 172.867 seconds, 2.9 minutes.
----------------------------------------------------------------

---------------------------------------------------------------
Time to calculate step (QM step): 172.867 seconds, 2.9 minutes.
---------------------------------------------------------------

----------------------------------------------------------------------
Time to calculate step (QMpcgrad prepare): 0.000 seconds, 0.0 minutes.
----------------------------------------------------------------------

--------------------------------------------------------------------------
Time to calculate step (linkatomgrad prepare): 0.000 seconds, 0.0 minutes.
--------------------------------------------------------------------------

----------------------------------------------------------------------------
Time to calculate step (QM/MM gradient prepare): 0.000 seconds, 0.0 minutes.
----------------------------------------------------------------------------
Using OpenMM theory as part of QM/MM.
Using MM on full system. Charges for QM region [0, 1, 2, 3, 4, 5, 6, 7, 8, 9, 10, 11, 12, 13, 14, 15, 16, 17, 18, 19, 20, 21, 22, 23] have been set to zero 

--------------------------------------------------------------------------------
                   Creating/updating OpenMM simulation object                   
--------------------------------------------------------------------------------

Integrator name: VerletIntegrator
Timestep: 0.001
Temperature: 300
Coupling frequency: 1
Properties: {'Threads': '1'}
Topology: <Topology; 1 chains, 1 residues, 88 atoms, 0 bonds>

----------------------------------------------------------------------------------
Time to calculate step (creating/updating simulation): 0.003 seconds, 0.0 minutes.
----------------------------------------------------------------------------------

--------------------------------------------------------------------------------
                     Running Single-point OpenMM Interface                      
--------------------------------------------------------------------------------

Number of OpenMM system constraints defined: 0

-----------------------------------------------------------------------------------
Time to calculate step (OpenMMTheory.run: const-check): 0.003 seconds, 0.0 minutes.
-----------------------------------------------------------------------------------
Updating coordinates.

------------------------------------------------------------------------
Time to calculate step (Creating pos array): 0.000 seconds, 0.0 minutes.
------------------------------------------------------------------------

---------------------------------------------------------------------------
Time to calculate step (Updating MM positions): 0.000 seconds, 0.0 minutes.
---------------------------------------------------------------------------
Calling OpenMM getState.

---------------------------------------------------------------------
Time to calculate step (OpenMM getState): 0.001 seconds, 0.0 minutes.
---------------------------------------------------------------------
OpenMM Energy: -2.134221311572867 Eh
OpenMM Energy: -1339.2440927593493 kcal/mol

-----------------------
Ending OpenMM interface
-----------------------

----------------------------------------------------------------
Time to calculate step (OpenMM run): 0.004 seconds, 0.0 minutes.
----------------------------------------------------------------

-------------------------------------------------------------
Time to calculate step (MM step): 0.004 seconds, 0.0 minutes.
-------------------------------------------------------------

Note: You are using electrostatic embedding. This means that the QM-energy is actually the polarized QM-energy
Note: MM energy also contains the QM-MM Lennard-Jones interaction

QM energy:              -836.747675773773 
MM energy:                -2.134221311573
QM/MM energy:           -838.881897085346 

  ------------ENDING QM/MM MODULE------------- 

-----------------------------------------------------------------
Time to calculate step (QM/MM run): 172.872 seconds, 2.9 minutes.
-----------------------------------------------------------------
geometric called save_guess_files option option for ASHengineclass.
This option is currently unsupported in ASH. Continuing.

Convergence criteria: {'convergence_energy': 1e-05, 'convergence_grms': 0.003, 'convergence_gmax': 0.006, 'convergence_drms': 0.01, 'convergence_dmax': 0.015, 'convergence_cmax': 0.01}

Replacing coordinates in fragment.
Creating/Updating fragment attributes...
Number of Atoms in fragment: 88
Formula: O18H38N12C20
Label: CHHCCOOOCHCHCCHCHCHOHCOOCOOHCOOHCNHHNHHNHHCOOHCOOHCNHHNHHNHHCNHHNHHNHHCOOHCOOHCNHHNHHNHH
Charge: -2 Mult: 1

--------------------------------------------------------------------------------
Wrote XYZ file:  Fragment-currentgeo.xyz
Current geometry (Å) in step 12 (print_atoms_list region)
---------------------------------------------------
        C  58.83432237   34.33499996   59.69127947
        H  59.52076463   33.46777352   59.61875024
        H  58.76224991   34.84915402   58.70927918
        C  58.27019086   34.91043359   60.80329507
        C  57.56121759   36.31593678   60.55322439
        O  57.89429221   36.92283858   59.52182572
        O  56.80206330   36.85112666   61.51206862
        O  58.31572457   34.52640619   62.15903090
        C  57.42272011   31.55200339   55.35419551
        H  56.69372934   30.76578557   55.66201238
        C  58.72871487   31.28725748   55.27227740
        H  59.23035091   30.33130058   55.50993590
        C  59.62386042   32.37260720   54.83486739
        C  59.06273596   33.36919370   53.88769724
        H  59.77255038   33.80571558   53.17917499
        C  57.75710379   33.61790055   53.95929597
        H  57.27105268   34.28842771   53.24727455
        C  56.88369026   32.93339099   55.01186050
        H  56.91088842   33.55058493   55.94811954
        O  55.52074618   32.90691134   54.62125899
        H  55.23818948   31.97239896   54.49521375
        C  60.71420216   32.74735764   55.78543901
        O  61.12918799   33.27675294   56.77998285
        O  61.06002863   31.99924929   54.79519737
        C  60.13150000   27.30170000   49.17930000
        O  61.31532500   27.36347600   48.78276300
        O  59.42021600   26.27431700   49.21185900
        H  59.67352100   28.23755000   49.53206100
        C  66.27590000   27.70220000   52.54990000
        O  67.45972500   27.76397600   52.15336300
        O  65.56461600   26.67481700   52.58245900
        H  65.81792100   28.63805000   52.90266100
        C  59.66970000   36.29460000   63.69690000
        N  59.82027700   36.67982000   62.43284600
        H  59.50976000   37.34232200   63.12910000
        H  60.01644600   35.72478200   62.69651300
        N  59.26080100   37.16700400   64.61374900
        H  59.45697000   36.21196600   64.87741600
        H  59.37514900   37.45954000   63.65382800
        N  59.92802100   35.03697600   64.04410500
        H  60.04237000   35.32951100   63.08418400
        H  59.61750400   35.69947800   64.74035900
        C  59.29540000   32.04470000   47.20100000
        O  60.47922500   32.10647600   46.80446300
        O  58.58411600   31.01731700   47.23355900
        H  58.83742100   32.98055000   47.55376100
        C  60.63320000   25.40040000   54.04170000
        O  61.81702500   25.46217600   53.64516300
        O  59.92191600   24.37301700   54.07425900
        H  60.17522100   26.33625000   54.39446100
        C  53.86860000   29.40090000   61.59910000
        N  54.01917700   29.78612000   60.33504600
        H  53.70866000   30.44862200   61.03130000
        H  54.21534600   28.83108200   60.59871300
        N  53.45970100   30.27330400   62.51594900
        H  53.65587000   29.31826600   62.77961600
        H  53.57404900   30.56584000   61.55602800
        N  54.12692100   28.14327600   61.94630500
        H  54.24127000   28.43581100   60.98638400
        H  53.81640400   28.80577800   62.64255900
        C  54.48960000   34.81800000   63.05660000
        N  54.64017700   35.20322000   61.79254600
        H  54.32966000   35.86572200   62.48880000
        H  54.83634600   34.24818200   62.05621300
        N  54.08070100   35.69040400   63.97344900
        H  54.27687000   34.73536600   64.23711600
        H  54.19504900   35.98294000   63.01352800
        N  54.74792100   33.56037600   63.40380500
        H  54.86227000   33.85291100   62.44388400
        H  54.43740400   34.22287800   64.10005900
        C  66.79830000   33.28170000   49.68530000
        O  67.98212500   33.34347600   49.28876300
        O  66.08701600   32.25431700   49.71785900
        H  66.34032100   34.21755000   50.03806100
        C  64.00380000   29.65520000   47.83790000
        O  65.18762500   29.71697600   47.44136300
        O  63.29251600   28.62781700   47.87045900
        H  63.54582100   30.59105000   48.19066100
        C  58.18900000   31.08480000   63.84250000
        N  58.33957700   31.47002000   62.57844600
        H  58.02906000   32.13252200   63.27470000
        H  58.53574600   30.51498200   62.84211300
        N  57.78010100   31.95720400   64.75934900
        H  57.97627000   31.00216600   65.02301600
        H  57.89444900   32.24974000   63.79942800
        N  58.44732100   29.82717600   64.18970500
        H  58.56167000   30.11971100   63.22978400
        H  58.13680400   30.48967800   64.88595900

Note: printed only print_atoms_list (this is not necessarily all atoms) 
  ------------RUNNING QM/MM MODULE------------- 
QM Module: ORCATheory
MM Module: OpenMMTheory
Charge provided from QMMMTheory object:  -2
Mult provided from QMMMTheory object:  1
QM-region Charge: -2 Mult: 1
Embedding: Electrostatic
Number of pointcharges (to QM program): 64
Number of charge coordinates: 64
Running QM/MM object with 8 cores available

-------------------------------------------------------------------
Time to calculate step (before-QMstep): 0.000 seconds, 0.0 minutes.
-------------------------------------------------------------------
  ------------RUNNING ORCA INTERFACE------------- 
Object-label: ORCA
Run-label: None
Running ORCA with 8 cores available
Moreadfile option not active
A GBW-file with same basename : orca.gbw is present
Autostart is False. ORCA will ignore any file present
Creating inputfile: orca.inp
ORCA input:
! B3LYP D3BJ def2-SVP def2/J RIJCOSX CPCM TightSCF

! Noautostart

%cpcm epsilon 4.0 end
%scf MaxIter 300 Guess PModel end
Charge: -2  Mult: 1
Pointcharge embedding is on!
 ORCA Calculation starting. 
Found warning messages in ORCA outputfile:
WARNING: The chosen methods will break translational/rotational symmetry
 WARNING: The chosen methods will break translational symmetry
 WARNING: The chosen methods will break translational symmetry
 Warning: op=0 Small HOMO/LUMO gap (  -1.654) - skipping pre-diagonalization
 Warning: op=0 Small HOMO/LUMO gap (   0.056) - skipping pre-diagonalization

 ORCA Calculation done. 
ORCA converged in 33 iterations
ORCA energy: -836.795394373153
  ------------ENDING ORCA-INTERFACE------------- 

----------------------------------------------------------------
Time to calculate step (ORCA run): 173.930 seconds, 2.9 minutes.
----------------------------------------------------------------

---------------------------------------------------------------
Time to calculate step (QM step): 173.930 seconds, 2.9 minutes.
---------------------------------------------------------------

----------------------------------------------------------------------
Time to calculate step (QMpcgrad prepare): 0.000 seconds, 0.0 minutes.
----------------------------------------------------------------------

--------------------------------------------------------------------------
Time to calculate step (linkatomgrad prepare): 0.000 seconds, 0.0 minutes.
--------------------------------------------------------------------------

----------------------------------------------------------------------------
Time to calculate step (QM/MM gradient prepare): 0.000 seconds, 0.0 minutes.
----------------------------------------------------------------------------
Using OpenMM theory as part of QM/MM.
Using MM on full system. Charges for QM region [0, 1, 2, 3, 4, 5, 6, 7, 8, 9, 10, 11, 12, 13, 14, 15, 16, 17, 18, 19, 20, 21, 22, 23] have been set to zero 

--------------------------------------------------------------------------------
                   Creating/updating OpenMM simulation object                   
--------------------------------------------------------------------------------

Integrator name: VerletIntegrator
Timestep: 0.001
Temperature: 300
Coupling frequency: 1
Properties: {'Threads': '1'}
Topology: <Topology; 1 chains, 1 residues, 88 atoms, 0 bonds>

----------------------------------------------------------------------------------
Time to calculate step (creating/updating simulation): 0.002 seconds, 0.0 minutes.
----------------------------------------------------------------------------------

--------------------------------------------------------------------------------
                     Running Single-point OpenMM Interface                      
--------------------------------------------------------------------------------

Number of OpenMM system constraints defined: 0

-----------------------------------------------------------------------------------
Time to calculate step (OpenMMTheory.run: const-check): 0.003 seconds, 0.0 minutes.
-----------------------------------------------------------------------------------
Updating coordinates.

------------------------------------------------------------------------
Time to calculate step (Creating pos array): 0.000 seconds, 0.0 minutes.
------------------------------------------------------------------------

---------------------------------------------------------------------------
Time to calculate step (Updating MM positions): 0.000 seconds, 0.0 minutes.
---------------------------------------------------------------------------
Calling OpenMM getState.

---------------------------------------------------------------------
Time to calculate step (OpenMM getState): 0.001 seconds, 0.0 minutes.
---------------------------------------------------------------------
OpenMM Energy: -2.1289092337416715 Eh
OpenMM Energy: -1335.9107135933136 kcal/mol

-----------------------
Ending OpenMM interface
-----------------------

----------------------------------------------------------------
Time to calculate step (OpenMM run): 0.004 seconds, 0.0 minutes.
----------------------------------------------------------------

-------------------------------------------------------------
Time to calculate step (MM step): 0.004 seconds, 0.0 minutes.
-------------------------------------------------------------

Note: You are using electrostatic embedding. This means that the QM-energy is actually the polarized QM-energy
Note: MM energy also contains the QM-MM Lennard-Jones interaction

QM energy:              -836.795394373153 
MM energy:                -2.128909233742
QM/MM energy:           -838.924303606895 

  ------------ENDING QM/MM MODULE------------- 

-----------------------------------------------------------------
Time to calculate step (QM/MM run): 173.935 seconds, 2.9 minutes.
-----------------------------------------------------------------
geometric called save_guess_files option option for ASHengineclass.
This option is currently unsupported in ASH. Continuing.
geometric called clearCalcs option for ASHengineclass.
This option is currently unsupported in ASH. Continuing.

Convergence criteria: {'convergence_energy': 1e-05, 'convergence_grms': 0.003, 'convergence_gmax': 0.006, 'convergence_drms': 0.01, 'convergence_dmax': 0.015, 'convergence_cmax': 0.01}

Replacing coordinates in fragment.
Creating/Updating fragment attributes...
Number of Atoms in fragment: 88
Formula: O18H38N12C20
Label: CHHCCOOOCHCHCCHCHCHOHCOOCOOHCOOHCNHHNHHNHHCOOHCOOHCNHHNHHNHHCNHHNHHNHHCOOHCOOHCNHHNHHNHH
Charge: -2 Mult: 1

--------------------------------------------------------------------------------
Wrote XYZ file:  Fragment-currentgeo.xyz
Current geometry (Å) in step 13 (print_atoms_list region)
---------------------------------------------------
        C  58.66344645   34.29585041   60.09909063
        H  59.34414689   33.42388982   60.06351298
        H  58.57874653   34.80214748   59.12016776
        C  58.16232928   34.89168721   61.24949323
        C  57.56624900   36.35397490   61.09226670
        O  57.75865252   36.96539494   60.05197214
        O  56.96017262   36.87471461   62.14794334
        O  58.21053897   34.44171467   62.50909378
        C  57.42435090   31.52207935   55.33993060
        H  56.67734507   30.71064652   55.50470960
        C  58.73364544   31.25599851   55.24249070
        H  59.19958742   30.26342401   55.39303304
        C  59.63352940   32.36498543   54.89104959
        C  59.08591384   33.33898552   53.89527432
        H  59.78176175   33.76617525   53.16646543
        C  57.77409242   33.60183669   53.96993314
        H  57.27690630   34.24970055   53.24269122
        C  56.90480729   32.91692056   55.03539135
        H  56.95653399   33.53086311   55.97494116
        O  55.52509101   32.86780720   54.70262286
        H  55.30637720   31.98154284   54.34337933
        C  60.64595029   32.75691734   55.87518816
        O  60.98297542   33.38851469   56.85973240
        O  61.08066748   31.99188215   54.92447572
        C  60.13150000   27.30170000   49.17930000
        O  61.31532500   27.36347600   48.78276300
        O  59.42021600   26.27431700   49.21185900
        H  59.67352100   28.23755000   49.53206100
        C  66.27590000   27.70220000   52.54990000
        O  67.45972500   27.76397600   52.15336300
        O  65.56461600   26.67481700   52.58245900
        H  65.81792100   28.63805000   52.90266100
        C  59.66970000   36.29460000   63.69690000
        N  59.82027700   36.67982000   62.43284600
        H  59.50976000   37.34232200   63.12910000
        H  60.01644600   35.72478200   62.69651300
        N  59.26080100   37.16700400   64.61374900
        H  59.45697000   36.21196600   64.87741600
        H  59.37514900   37.45954000   63.65382800
        N  59.92802100   35.03697600   64.04410500
        H  60.04237000   35.32951100   63.08418400
        H  59.61750400   35.69947800   64.74035900
        C  59.29540000   32.04470000   47.20100000
        O  60.47922500   32.10647600   46.80446300
        O  58.58411600   31.01731700   47.23355900
        H  58.83742100   32.98055000   47.55376100
        C  60.63320000   25.40040000   54.04170000
        O  61.81702500   25.46217600   53.64516300
        O  59.92191600   24.37301700   54.07425900
        H  60.17522100   26.33625000   54.39446100
        C  53.86860000   29.40090000   61.59910000
        N  54.01917700   29.78612000   60.33504600
        H  53.70866000   30.44862200   61.03130000
        H  54.21534600   28.83108200   60.59871300
        N  53.45970100   30.27330400   62.51594900
        H  53.65587000   29.31826600   62.77961600
        H  53.57404900   30.56584000   61.55602800
        N  54.12692100   28.14327600   61.94630500
        H  54.24127000   28.43581100   60.98638400
        H  53.81640400   28.80577800   62.64255900
        C  54.48960000   34.81800000   63.05660000
        N  54.64017700   35.20322000   61.79254600
        H  54.32966000   35.86572200   62.48880000
        H  54.83634600   34.24818200   62.05621300
        N  54.08070100   35.69040400   63.97344900
        H  54.27687000   34.73536600   64.23711600
        H  54.19504900   35.98294000   63.01352800
        N  54.74792100   33.56037600   63.40380500
        H  54.86227000   33.85291100   62.44388400
        H  54.43740400   34.22287800   64.10005900
        C  66.79830000   33.28170000   49.68530000
        O  67.98212500   33.34347600   49.28876300
        O  66.08701600   32.25431700   49.71785900
        H  66.34032100   34.21755000   50.03806100
        C  64.00380000   29.65520000   47.83790000
        O  65.18762500   29.71697600   47.44136300
        O  63.29251600   28.62781700   47.87045900
        H  63.54582100   30.59105000   48.19066100
        C  58.18900000   31.08480000   63.84250000
        N  58.33957700   31.47002000   62.57844600
        H  58.02906000   32.13252200   63.27470000
        H  58.53574600   30.51498200   62.84211300
        N  57.78010100   31.95720400   64.75934900
        H  57.97627000   31.00216600   65.02301600
        H  57.89444900   32.24974000   63.79942800
        N  58.44732100   29.82717600   64.18970500
        H  58.56167000   30.11971100   63.22978400
        H  58.13680400   30.48967800   64.88595900

Note: printed only print_atoms_list (this is not necessarily all atoms) 
  ------------RUNNING QM/MM MODULE------------- 
QM Module: ORCATheory
MM Module: OpenMMTheory
Charge provided from QMMMTheory object:  -2
Mult provided from QMMMTheory object:  1
QM-region Charge: -2 Mult: 1
Embedding: Electrostatic
Number of pointcharges (to QM program): 64
Number of charge coordinates: 64
Running QM/MM object with 8 cores available

-------------------------------------------------------------------
Time to calculate step (before-QMstep): 0.000 seconds, 0.0 minutes.
-------------------------------------------------------------------
  ------------RUNNING ORCA INTERFACE------------- 
Object-label: ORCA
Run-label: None
Running ORCA with 8 cores available
Moreadfile option not active
A GBW-file with same basename : orca.gbw is present
Autostart is False. ORCA will ignore any file present
Creating inputfile: orca.inp
ORCA input:
! B3LYP D3BJ def2-SVP def2/J RIJCOSX CPCM TightSCF

! Noautostart

%cpcm epsilon 4.0 end
%scf MaxIter 300 Guess PModel end
Charge: -2  Mult: 1
Pointcharge embedding is on!
 ORCA Calculation starting. 
Found warning messages in ORCA outputfile:
WARNING: The chosen methods will break translational/rotational symmetry
 WARNING: The chosen methods will break translational symmetry
 WARNING: The chosen methods will break translational symmetry
 Warning: op=0 Small HOMO/LUMO gap (  -1.701) - skipping pre-diagonalization

 ORCA Calculation done. 
ORCA converged in 33 iterations
ORCA energy: -836.860912157361
  ------------ENDING ORCA-INTERFACE------------- 

----------------------------------------------------------------
Time to calculate step (ORCA run): 177.748 seconds, 3.0 minutes.
----------------------------------------------------------------

---------------------------------------------------------------
Time to calculate step (QM step): 177.748 seconds, 3.0 minutes.
---------------------------------------------------------------

----------------------------------------------------------------------
Time to calculate step (QMpcgrad prepare): 0.000 seconds, 0.0 minutes.
----------------------------------------------------------------------

--------------------------------------------------------------------------
Time to calculate step (linkatomgrad prepare): 0.000 seconds, 0.0 minutes.
--------------------------------------------------------------------------

----------------------------------------------------------------------------
Time to calculate step (QM/MM gradient prepare): 0.000 seconds, 0.0 minutes.
----------------------------------------------------------------------------
Using OpenMM theory as part of QM/MM.
Using MM on full system. Charges for QM region [0, 1, 2, 3, 4, 5, 6, 7, 8, 9, 10, 11, 12, 13, 14, 15, 16, 17, 18, 19, 20, 21, 22, 23] have been set to zero 

--------------------------------------------------------------------------------
                   Creating/updating OpenMM simulation object                   
--------------------------------------------------------------------------------

Integrator name: VerletIntegrator
Timestep: 0.001
Temperature: 300
Coupling frequency: 1
Properties: {'Threads': '1'}
Topology: <Topology; 1 chains, 1 residues, 88 atoms, 0 bonds>

----------------------------------------------------------------------------------
Time to calculate step (creating/updating simulation): 0.003 seconds, 0.0 minutes.
----------------------------------------------------------------------------------

--------------------------------------------------------------------------------
                     Running Single-point OpenMM Interface                      
--------------------------------------------------------------------------------

Number of OpenMM system constraints defined: 0

-----------------------------------------------------------------------------------
Time to calculate step (OpenMMTheory.run: const-check): 0.003 seconds, 0.0 minutes.
-----------------------------------------------------------------------------------
Updating coordinates.

------------------------------------------------------------------------
Time to calculate step (Creating pos array): 0.000 seconds, 0.0 minutes.
------------------------------------------------------------------------

---------------------------------------------------------------------------
Time to calculate step (Updating MM positions): 0.000 seconds, 0.0 minutes.
---------------------------------------------------------------------------
Calling OpenMM getState.

---------------------------------------------------------------------
Time to calculate step (OpenMM getState): 0.001 seconds, 0.0 minutes.
---------------------------------------------------------------------
OpenMM Energy: -2.1056109670381016 Eh
OpenMM Energy: -1321.2908305075746 kcal/mol

-----------------------
Ending OpenMM interface
-----------------------

----------------------------------------------------------------
Time to calculate step (OpenMM run): 0.005 seconds, 0.0 minutes.
----------------------------------------------------------------

-------------------------------------------------------------
Time to calculate step (MM step): 0.005 seconds, 0.0 minutes.
-------------------------------------------------------------

Note: You are using electrostatic embedding. This means that the QM-energy is actually the polarized QM-energy
Note: MM energy also contains the QM-MM Lennard-Jones interaction

QM energy:              -836.860912157361 
MM energy:                -2.105610967038
QM/MM energy:           -838.966523124399 

  ------------ENDING QM/MM MODULE------------- 

-----------------------------------------------------------------
Time to calculate step (QM/MM run): 177.753 seconds, 3.0 minutes.
-----------------------------------------------------------------
geometric called save_guess_files option option for ASHengineclass.
This option is currently unsupported in ASH. Continuing.

Convergence criteria: {'convergence_energy': 1e-05, 'convergence_grms': 0.003, 'convergence_gmax': 0.006, 'convergence_drms': 0.01, 'convergence_dmax': 0.015, 'convergence_cmax': 0.01}

Replacing coordinates in fragment.
Creating/Updating fragment attributes...
Number of Atoms in fragment: 88
Formula: O18H38N12C20
Label: CHHCCOOOCHCHCCHCHCHOHCOOCOOHCOOHCNHHNHHNHHCOOHCOOHCNHHNHHNHHCNHHNHHNHHCOOHCOOHCNHHNHHNHH
Charge: -2 Mult: 1

--------------------------------------------------------------------------------
Wrote XYZ file:  Fragment-currentgeo.xyz
Current geometry (Å) in step 14 (print_atoms_list region)
---------------------------------------------------
        C  58.42680458   34.22089729   60.50905575
        H  59.03919007   33.29362437   60.46464696
        H  58.42115856   34.73369871   59.57239297
        C  57.90389847   34.81150605   61.65642382
        C  57.43934335   36.33859465   61.57762789
        O  57.54471633   36.95801609   60.53947097
        O  57.19040317   36.85041766   62.83447374
        O  57.83920269   34.28400340   62.77130390
        C  57.41694878   31.47216952   55.29026660
        H  56.65624317   30.70717308   55.38406096
        C  58.72648500   31.20134864   55.20471995
        H  59.15391593   30.19108654   55.25872165
        C  59.63841107   32.34123007   54.92061474
        C  59.09419192   33.29202303   53.88487335
        H  59.76363656   33.71849194   53.12728871
        C  57.77090477   33.58446200   53.98669713
        H  57.26309307   34.21665601   53.25770426
        C  56.91204048   32.88173442   55.05792998
        H  57.00008733   33.48690784   56.01044747
        O  55.48433431   32.76427569   54.87993006
        H  55.44272145   32.06733513   54.08053234
        C  60.57247806   32.77900038   55.99627908
        O  60.82362284   33.43518203   56.97598636
        O  61.24191770   32.08738823   55.10975749
        C  60.13150000   27.30170000   49.17930000
        O  61.31532500   27.36347600   48.78276300
        O  59.42021600   26.27431700   49.21185900
        H  59.67352100   28.23755000   49.53206100
        C  66.27590000   27.70220000   52.54990000
        O  67.45972500   27.76397600   52.15336300
        O  65.56461600   26.67481700   52.58245900
        H  65.81792100   28.63805000   52.90266100
        C  59.66970000   36.29460000   63.69690000
        N  59.82027700   36.67982000   62.43284600
        H  59.50976000   37.34232200   63.12910000
        H  60.01644600   35.72478200   62.69651300
        N  59.26080100   37.16700400   64.61374900
        H  59.45697000   36.21196600   64.87741600
        H  59.37514900   37.45954000   63.65382800
        N  59.92802100   35.03697600   64.04410500
        H  60.04237000   35.32951100   63.08418400
        H  59.61750400   35.69947800   64.74035900
        C  59.29540000   32.04470000   47.20100000
        O  60.47922500   32.10647600   46.80446300
        O  58.58411600   31.01731700   47.23355900
        H  58.83742100   32.98055000   47.55376100
        C  60.63320000   25.40040000   54.04170000
        O  61.81702500   25.46217600   53.64516300
        O  59.92191600   24.37301700   54.07425900
        H  60.17522100   26.33625000   54.39446100
        C  53.86860000   29.40090000   61.59910000
        N  54.01917700   29.78612000   60.33504600
        H  53.70866000   30.44862200   61.03130000
        H  54.21534600   28.83108200   60.59871300
        N  53.45970100   30.27330400   62.51594900
        H  53.65587000   29.31826600   62.77961600
        H  53.57404900   30.56584000   61.55602800
        N  54.12692100   28.14327600   61.94630500
        H  54.24127000   28.43581100   60.98638400
        H  53.81640400   28.80577800   62.64255900
        C  54.48960000   34.81800000   63.05660000
        N  54.64017700   35.20322000   61.79254600
        H  54.32966000   35.86572200   62.48880000
        H  54.83634600   34.24818200   62.05621300
        N  54.08070100   35.69040400   63.97344900
        H  54.27687000   34.73536600   64.23711600
        H  54.19504900   35.98294000   63.01352800
        N  54.74792100   33.56037600   63.40380500
        H  54.86227000   33.85291100   62.44388400
        H  54.43740400   34.22287800   64.10005900
        C  66.79830000   33.28170000   49.68530000
        O  67.98212500   33.34347600   49.28876300
        O  66.08701600   32.25431700   49.71785900
        H  66.34032100   34.21755000   50.03806100
        C  64.00380000   29.65520000   47.83790000
        O  65.18762500   29.71697600   47.44136300
        O  63.29251600   28.62781700   47.87045900
        H  63.54582100   30.59105000   48.19066100
        C  58.18900000   31.08480000   63.84250000
        N  58.33957700   31.47002000   62.57844600
        H  58.02906000   32.13252200   63.27470000
        H  58.53574600   30.51498200   62.84211300
        N  57.78010100   31.95720400   64.75934900
        H  57.97627000   31.00216600   65.02301600
        H  57.89444900   32.24974000   63.79942800
        N  58.44732100   29.82717600   64.18970500
        H  58.56167000   30.11971100   63.22978400
        H  58.13680400   30.48967800   64.88595900

Note: printed only print_atoms_list (this is not necessarily all atoms) 
  ------------RUNNING QM/MM MODULE------------- 
QM Module: ORCATheory
MM Module: OpenMMTheory
Charge provided from QMMMTheory object:  -2
Mult provided from QMMMTheory object:  1
QM-region Charge: -2 Mult: 1
Embedding: Electrostatic
Number of pointcharges (to QM program): 64
Number of charge coordinates: 64
Running QM/MM object with 8 cores available

-------------------------------------------------------------------
Time to calculate step (before-QMstep): 0.000 seconds, 0.0 minutes.
-------------------------------------------------------------------
  ------------RUNNING ORCA INTERFACE------------- 
Object-label: ORCA
Run-label: None
Running ORCA with 8 cores available
Moreadfile option not active
A GBW-file with same basename : orca.gbw is present
Autostart is False. ORCA will ignore any file present
Creating inputfile: orca.inp
ORCA input:
! B3LYP D3BJ def2-SVP def2/J RIJCOSX CPCM TightSCF

! Noautostart

%cpcm epsilon 4.0 end
%scf MaxIter 300 Guess PModel end
Charge: -2  Mult: 1
Pointcharge embedding is on!
 ORCA Calculation starting. 
Found warning messages in ORCA outputfile:
WARNING: The chosen methods will break translational/rotational symmetry
 WARNING: The chosen methods will break translational symmetry
 WARNING: The chosen methods will break translational symmetry
 Warning: op=0 Small HOMO/LUMO gap (  -1.678) - skipping pre-diagonalization

 ORCA Calculation done. 
ORCA converged in 36 iterations
ORCA energy: -836.886951310865
  ------------ENDING ORCA-INTERFACE------------- 

----------------------------------------------------------------
Time to calculate step (ORCA run): 189.158 seconds, 3.2 minutes.
----------------------------------------------------------------

---------------------------------------------------------------
Time to calculate step (QM step): 189.159 seconds, 3.2 minutes.
---------------------------------------------------------------

----------------------------------------------------------------------
Time to calculate step (QMpcgrad prepare): 0.000 seconds, 0.0 minutes.
----------------------------------------------------------------------

--------------------------------------------------------------------------
Time to calculate step (linkatomgrad prepare): 0.000 seconds, 0.0 minutes.
--------------------------------------------------------------------------

----------------------------------------------------------------------------
Time to calculate step (QM/MM gradient prepare): 0.000 seconds, 0.0 minutes.
----------------------------------------------------------------------------
Using OpenMM theory as part of QM/MM.
Using MM on full system. Charges for QM region [0, 1, 2, 3, 4, 5, 6, 7, 8, 9, 10, 11, 12, 13, 14, 15, 16, 17, 18, 19, 20, 21, 22, 23] have been set to zero 

--------------------------------------------------------------------------------
                   Creating/updating OpenMM simulation object                   
--------------------------------------------------------------------------------

Integrator name: VerletIntegrator
Timestep: 0.001
Temperature: 300
Coupling frequency: 1
Properties: {'Threads': '1'}
Topology: <Topology; 1 chains, 1 residues, 88 atoms, 0 bonds>

----------------------------------------------------------------------------------
Time to calculate step (creating/updating simulation): 0.003 seconds, 0.0 minutes.
----------------------------------------------------------------------------------

--------------------------------------------------------------------------------
                     Running Single-point OpenMM Interface                      
--------------------------------------------------------------------------------

Number of OpenMM system constraints defined: 0

-----------------------------------------------------------------------------------
Time to calculate step (OpenMMTheory.run: const-check): 0.003 seconds, 0.0 minutes.
-----------------------------------------------------------------------------------
Updating coordinates.

------------------------------------------------------------------------
Time to calculate step (Creating pos array): 0.000 seconds, 0.0 minutes.
------------------------------------------------------------------------

---------------------------------------------------------------------------
Time to calculate step (Updating MM positions): 0.000 seconds, 0.0 minutes.
---------------------------------------------------------------------------
Calling OpenMM getState.

---------------------------------------------------------------------
Time to calculate step (OpenMM getState): 0.001 seconds, 0.0 minutes.
---------------------------------------------------------------------
OpenMM Energy: -2.1113170863920043 Eh
OpenMM Energy: -1324.8714744622832 kcal/mol

-----------------------
Ending OpenMM interface
-----------------------

----------------------------------------------------------------
Time to calculate step (OpenMM run): 0.004 seconds, 0.0 minutes.
----------------------------------------------------------------

-------------------------------------------------------------
Time to calculate step (MM step): 0.004 seconds, 0.0 minutes.
-------------------------------------------------------------

Note: You are using electrostatic embedding. This means that the QM-energy is actually the polarized QM-energy
Note: MM energy also contains the QM-MM Lennard-Jones interaction

QM energy:              -836.886951310865 
MM energy:                -2.111317086392
QM/MM energy:           -838.998268397257 

  ------------ENDING QM/MM MODULE------------- 

-----------------------------------------------------------------
Time to calculate step (QM/MM run): 189.163 seconds, 3.2 minutes.
-----------------------------------------------------------------
geometric called save_guess_files option option for ASHengineclass.
This option is currently unsupported in ASH. Continuing.

Convergence criteria: {'convergence_energy': 1e-05, 'convergence_grms': 0.003, 'convergence_gmax': 0.006, 'convergence_drms': 0.01, 'convergence_dmax': 0.015, 'convergence_cmax': 0.01}

Replacing coordinates in fragment.
Creating/Updating fragment attributes...
Number of Atoms in fragment: 88
Formula: O18H38N12C20
Label: CHHCCOOOCHCHCCHCHCHOHCOOCOOHCOOHCNHHNHHNHHCOOHCOOHCNHHNHHNHHCNHHNHHNHHCOOHCOOHCNHHNHHNHH
Charge: -2 Mult: 1

--------------------------------------------------------------------------------
Wrote XYZ file:  Fragment-currentgeo.xyz
Current geometry (Å) in step 15 (print_atoms_list region)
---------------------------------------------------
        C  57.88068062   34.13079000   61.19582726
        H  58.48987956   33.23772155   61.32542575
        H  57.86731558   34.68484189   60.34457169
        C  57.32482566   34.63928012   62.38189806
        C  56.97304659   36.22342283   62.43888913
        O  56.92850135   36.94161312   61.48948611
        O  57.18612168   36.53845754   63.83345619
        O  57.22096950   33.99513615   63.45733013
        C  57.43168408   31.32211104   55.25909655
        H  56.69683117   30.56946152   55.15214695
        C  58.76312451   31.08972177   55.16100960
        H  59.09800987   30.05019547   55.01871431
        C  59.63170769   32.33939346   55.03753557
        C  59.12379623   33.22545985   53.92970073
        H  59.74421073   33.63956746   53.11795395
        C  57.79269617   33.46835171   53.99750106
        H  57.26671418   34.10128451   53.26554950
        C  56.98567233   32.72024042   55.04394829
        H  57.08578951   33.35199006   55.99765698
        O  55.64900264   32.60108694   54.49871440
        H  55.21572362   32.49108016   54.21571733
        C  60.44383227   32.87859748   56.19414613
        O  60.59376510   33.56200735   57.14791136
        O  61.35961145   32.21869470   55.44959560
        C  60.13150000   27.30170000   49.17930000
        O  61.31532500   27.36347600   48.78276300
        O  59.42021600   26.27431700   49.21185900
        H  59.67352100   28.23755000   49.53206100
        C  66.27590000   27.70220000   52.54990000
        O  67.45972500   27.76397600   52.15336300
        O  65.56461600   26.67481700   52.58245900
        H  65.81792100   28.63805000   52.90266100
        C  59.66970000   36.29460000   63.69690000
        N  59.82027700   36.67982000   62.43284600
        H  59.50976000   37.34232200   63.12910000
        H  60.01644600   35.72478200   62.69651300
        N  59.26080100   37.16700400   64.61374900
        H  59.45697000   36.21196600   64.87741600
        H  59.37514900   37.45954000   63.65382800
        N  59.92802100   35.03697600   64.04410500
        H  60.04237000   35.32951100   63.08418400
        H  59.61750400   35.69947800   64.74035900
        C  59.29540000   32.04470000   47.20100000
        O  60.47922500   32.10647600   46.80446300
        O  58.58411600   31.01731700   47.23355900
        H  58.83742100   32.98055000   47.55376100
        C  60.63320000   25.40040000   54.04170000
        O  61.81702500   25.46217600   53.64516300
        O  59.92191600   24.37301700   54.07425900
        H  60.17522100   26.33625000   54.39446100
        C  53.86860000   29.40090000   61.59910000
        N  54.01917700   29.78612000   60.33504600
        H  53.70866000   30.44862200   61.03130000
        H  54.21534600   28.83108200   60.59871300
        N  53.45970100   30.27330400   62.51594900
        H  53.65587000   29.31826600   62.77961600
        H  53.57404900   30.56584000   61.55602800
        N  54.12692100   28.14327600   61.94630500
        H  54.24127000   28.43581100   60.98638400
        H  53.81640400   28.80577800   62.64255900
        C  54.48960000   34.81800000   63.05660000
        N  54.64017700   35.20322000   61.79254600
        H  54.32966000   35.86572200   62.48880000
        H  54.83634600   34.24818200   62.05621300
        N  54.08070100   35.69040400   63.97344900
        H  54.27687000   34.73536600   64.23711600
        H  54.19504900   35.98294000   63.01352800
        N  54.74792100   33.56037600   63.40380500
        H  54.86227000   33.85291100   62.44388400
        H  54.43740400   34.22287800   64.10005900
        C  66.79830000   33.28170000   49.68530000
        O  67.98212500   33.34347600   49.28876300
        O  66.08701600   32.25431700   49.71785900
        H  66.34032100   34.21755000   50.03806100
        C  64.00380000   29.65520000   47.83790000
        O  65.18762500   29.71697600   47.44136300
        O  63.29251600   28.62781700   47.87045900
        H  63.54582100   30.59105000   48.19066100
        C  58.18900000   31.08480000   63.84250000
        N  58.33957700   31.47002000   62.57844600
        H  58.02906000   32.13252200   63.27470000
        H  58.53574600   30.51498200   62.84211300
        N  57.78010100   31.95720400   64.75934900
        H  57.97627000   31.00216600   65.02301600
        H  57.89444900   32.24974000   63.79942800
        N  58.44732100   29.82717600   64.18970500
        H  58.56167000   30.11971100   63.22978400
        H  58.13680400   30.48967800   64.88595900

Note: printed only print_atoms_list (this is not necessarily all atoms) 
  ------------RUNNING QM/MM MODULE------------- 
QM Module: ORCATheory
MM Module: OpenMMTheory
Charge provided from QMMMTheory object:  -2
Mult provided from QMMMTheory object:  1
QM-region Charge: -2 Mult: 1
Embedding: Electrostatic
Number of pointcharges (to QM program): 64
Number of charge coordinates: 64
Running QM/MM object with 8 cores available

-------------------------------------------------------------------
Time to calculate step (before-QMstep): 0.000 seconds, 0.0 minutes.
-------------------------------------------------------------------
  ------------RUNNING ORCA INTERFACE------------- 
Object-label: ORCA
Run-label: None
Running ORCA with 8 cores available
Moreadfile option not active
A GBW-file with same basename : orca.gbw is present
Autostart is False. ORCA will ignore any file present
Creating inputfile: orca.inp
ORCA input:
! B3LYP D3BJ def2-SVP def2/J RIJCOSX CPCM TightSCF

! Noautostart

%cpcm epsilon 4.0 end
%scf MaxIter 300 Guess PModel end
Charge: -2  Mult: 1
Pointcharge embedding is on!
 ORCA Calculation starting. 
Found warning messages in ORCA outputfile:
WARNING: The chosen methods will break translational/rotational symmetry
 WARNING: The chosen methods will break translational symmetry
 WARNING: The chosen methods will break translational symmetry
 Warning: op=0 Small HOMO/LUMO gap (  -3.330) - skipping pre-diagonalization
 Warning: op=0 Small HOMO/LUMO gap (  -0.167) - skipping pre-diagonalization

 ORCA Calculation done. 
ORCA converged in 49 iterations
ORCA energy: -836.248227490933
  ------------ENDING ORCA-INTERFACE------------- 

----------------------------------------------------------------
Time to calculate step (ORCA run): 226.410 seconds, 3.8 minutes.
----------------------------------------------------------------

---------------------------------------------------------------
Time to calculate step (QM step): 226.410 seconds, 3.8 minutes.
---------------------------------------------------------------

----------------------------------------------------------------------
Time to calculate step (QMpcgrad prepare): 0.000 seconds, 0.0 minutes.
----------------------------------------------------------------------

--------------------------------------------------------------------------
Time to calculate step (linkatomgrad prepare): 0.000 seconds, 0.0 minutes.
--------------------------------------------------------------------------

----------------------------------------------------------------------------
Time to calculate step (QM/MM gradient prepare): 0.000 seconds, 0.0 minutes.
----------------------------------------------------------------------------
Using OpenMM theory as part of QM/MM.
Using MM on full system. Charges for QM region [0, 1, 2, 3, 4, 5, 6, 7, 8, 9, 10, 11, 12, 13, 14, 15, 16, 17, 18, 19, 20, 21, 22, 23] have been set to zero 

--------------------------------------------------------------------------------
                   Creating/updating OpenMM simulation object                   
--------------------------------------------------------------------------------

Integrator name: VerletIntegrator
Timestep: 0.001
Temperature: 300
Coupling frequency: 1
Properties: {'Threads': '1'}
Topology: <Topology; 1 chains, 1 residues, 88 atoms, 0 bonds>

----------------------------------------------------------------------------------
Time to calculate step (creating/updating simulation): 0.003 seconds, 0.0 minutes.
----------------------------------------------------------------------------------

--------------------------------------------------------------------------------
                     Running Single-point OpenMM Interface                      
--------------------------------------------------------------------------------

Number of OpenMM system constraints defined: 0

-----------------------------------------------------------------------------------
Time to calculate step (OpenMMTheory.run: const-check): 0.003 seconds, 0.0 minutes.
-----------------------------------------------------------------------------------
Updating coordinates.

------------------------------------------------------------------------
Time to calculate step (Creating pos array): 0.000 seconds, 0.0 minutes.
------------------------------------------------------------------------

---------------------------------------------------------------------------
Time to calculate step (Updating MM positions): 0.000 seconds, 0.0 minutes.
---------------------------------------------------------------------------
Calling OpenMM getState.

---------------------------------------------------------------------
Time to calculate step (OpenMM getState): 0.001 seconds, 0.0 minutes.
---------------------------------------------------------------------
OpenMM Energy: -2.0542925226414352 Eh
OpenMM Energy: -1289.088020454486 kcal/mol

-----------------------
Ending OpenMM interface
-----------------------

----------------------------------------------------------------
Time to calculate step (OpenMM run): 0.004 seconds, 0.0 minutes.
----------------------------------------------------------------

-------------------------------------------------------------
Time to calculate step (MM step): 0.004 seconds, 0.0 minutes.
-------------------------------------------------------------

Note: You are using electrostatic embedding. This means that the QM-energy is actually the polarized QM-energy
Note: MM energy also contains the QM-MM Lennard-Jones interaction

QM energy:              -836.248227490933 
MM energy:                -2.054292522641
QM/MM energy:           -838.302520013574 

  ------------ENDING QM/MM MODULE------------- 

-----------------------------------------------------------------
Time to calculate step (QM/MM run): 226.415 seconds, 3.8 minutes.
-----------------------------------------------------------------
geometric called load_guess_files option for ASHengineclass.
This option is currently unsupported in ASH. Continuing.

Convergence criteria: {'convergence_energy': 1e-05, 'convergence_grms': 0.003, 'convergence_gmax': 0.006, 'convergence_drms': 0.01, 'convergence_dmax': 0.015, 'convergence_cmax': 0.01}

Replacing coordinates in fragment.
Creating/Updating fragment attributes...
Number of Atoms in fragment: 88
Formula: O18H38N12C20
Label: CHHCCOOOCHCHCCHCHCHOHCOOCOOHCOOHCNHHNHHNHHCOOHCOOHCNHHNHHNHHCNHHNHHNHHCOOHCOOHCNHHNHHNHH
Charge: -2 Mult: 1

--------------------------------------------------------------------------------
Wrote XYZ file:  Fragment-currentgeo.xyz
Current geometry (Å) in step 16 (print_atoms_list region)
---------------------------------------------------
        C  58.14558637   34.17427158   60.80835848
        H  58.74517583   33.26761547   60.87998300
        H  58.13079125   34.72481628   59.93202089
        C  57.57987222   34.70270288   61.96848700
        C  57.17150426   36.24604686   61.93583883
        O  57.19338003   36.94899685   60.97810182
        O  57.08578853   36.60295131   63.24999180
        O  57.47933065   34.10578733   63.08750283
        C  57.43132286   31.39819560   55.28963413
        H  56.69109781   30.64242750   55.29945416
        C  58.74969066   31.14612556   55.19390809
        H  59.12373224   30.12195581   55.15428097
        C  59.62946401   32.34557141   54.98240232
        C  59.10803258   33.25547867   53.91246250
        H  59.74213222   33.68253478   53.12269654
        C  57.78425536   33.51013855   53.99076206
        H  57.26322485   34.15242285   53.26753836
        C  56.95883386   32.79113679   55.04106532
        H  57.04298574   33.42370460   55.98088744
        O  55.59688512   32.69516828   54.62812520
        H  55.24126589   32.30069308   54.19650801
        C  60.51876376   32.82776124   56.08318599
        O  60.72207357   33.47775230   57.05674194
        O  61.32590316   32.17212009   55.26223473
        C  60.13150000   27.30170000   49.17930000
        O  61.31532500   27.36347600   48.78276300
        O  59.42021600   26.27431700   49.21185900
        H  59.67352100   28.23755000   49.53206100
        C  66.27590000   27.70220000   52.54990000
        O  67.45972500   27.76397600   52.15336300
        O  65.56461600   26.67481700   52.58245900
        H  65.81792100   28.63805000   52.90266100
        C  59.66970000   36.29460000   63.69690000
        N  59.82027700   36.67982000   62.43284600
        H  59.50976000   37.34232200   63.12910000
        H  60.01644600   35.72478200   62.69651300
        N  59.26080100   37.16700400   64.61374900
        H  59.45697000   36.21196600   64.87741600
        H  59.37514900   37.45954000   63.65382800
        N  59.92802100   35.03697600   64.04410500
        H  60.04237000   35.32951100   63.08418400
        H  59.61750400   35.69947800   64.74035900
        C  59.29540000   32.04470000   47.20100000
        O  60.47922500   32.10647600   46.80446300
        O  58.58411600   31.01731700   47.23355900
        H  58.83742100   32.98055000   47.55376100
        C  60.63320000   25.40040000   54.04170000
        O  61.81702500   25.46217600   53.64516300
        O  59.92191600   24.37301700   54.07425900
        H  60.17522100   26.33625000   54.39446100
        C  53.86860000   29.40090000   61.59910000
        N  54.01917700   29.78612000   60.33504600
        H  53.70866000   30.44862200   61.03130000
        H  54.21534600   28.83108200   60.59871300
        N  53.45970100   30.27330400   62.51594900
        H  53.65587000   29.31826600   62.77961600
        H  53.57404900   30.56584000   61.55602800
        N  54.12692100   28.14327600   61.94630500
        H  54.24127000   28.43581100   60.98638400
        H  53.81640400   28.80577800   62.64255900
        C  54.48960000   34.81800000   63.05660000
        N  54.64017700   35.20322000   61.79254600
        H  54.32966000   35.86572200   62.48880000
        H  54.83634600   34.24818200   62.05621300
        N  54.08070100   35.69040400   63.97344900
        H  54.27687000   34.73536600   64.23711600
        H  54.19504900   35.98294000   63.01352800
        N  54.74792100   33.56037600   63.40380500
        H  54.86227000   33.85291100   62.44388400
        H  54.43740400   34.22287800   64.10005900
        C  66.79830000   33.28170000   49.68530000
        O  67.98212500   33.34347600   49.28876300
        O  66.08701600   32.25431700   49.71785900
        H  66.34032100   34.21755000   50.03806100
        C  64.00380000   29.65520000   47.83790000
        O  65.18762500   29.71697600   47.44136300
        O  63.29251600   28.62781700   47.87045900
        H  63.54582100   30.59105000   48.19066100
        C  58.18900000   31.08480000   63.84250000
        N  58.33957700   31.47002000   62.57844600
        H  58.02906000   32.13252200   63.27470000
        H  58.53574600   30.51498200   62.84211300
        N  57.78010100   31.95720400   64.75934900
        H  57.97627000   31.00216600   65.02301600
        H  57.89444900   32.24974000   63.79942800
        N  58.44732100   29.82717600   64.18970500
        H  58.56167000   30.11971100   63.22978400
        H  58.13680400   30.48967800   64.88595900

Note: printed only print_atoms_list (this is not necessarily all atoms) 
  ------------RUNNING QM/MM MODULE------------- 
QM Module: ORCATheory
MM Module: OpenMMTheory
Charge provided from QMMMTheory object:  -2
Mult provided from QMMMTheory object:  1
QM-region Charge: -2 Mult: 1
Embedding: Electrostatic
Number of pointcharges (to QM program): 64
Number of charge coordinates: 64
Running QM/MM object with 8 cores available

-------------------------------------------------------------------
Time to calculate step (before-QMstep): 0.000 seconds, 0.0 minutes.
-------------------------------------------------------------------
  ------------RUNNING ORCA INTERFACE------------- 
Object-label: ORCA
Run-label: None
Running ORCA with 8 cores available
Moreadfile option not active
A GBW-file with same basename : orca.gbw is present
Autostart is False. ORCA will ignore any file present
Creating inputfile: orca.inp
ORCA input:
! B3LYP D3BJ def2-SVP def2/J RIJCOSX CPCM TightSCF

! Noautostart

%cpcm epsilon 4.0 end
%scf MaxIter 300 Guess PModel end
Charge: -2  Mult: 1
Pointcharge embedding is on!
 ORCA Calculation starting. 
Found warning messages in ORCA outputfile:
WARNING: The chosen methods will break translational/rotational symmetry
 WARNING: The chosen methods will break translational symmetry
 WARNING: The chosen methods will break translational symmetry
 Warning: op=0 Small HOMO/LUMO gap (  -2.595) - skipping pre-diagonalization
 Warning: op=0 Small HOMO/LUMO gap (  -0.218) - skipping pre-diagonalization

 ORCA Calculation done. 
ORCA converged in 48 iterations
ORCA energy: -836.751501486087
  ------------ENDING ORCA-INTERFACE------------- 

----------------------------------------------------------------
Time to calculate step (ORCA run): 219.870 seconds, 3.7 minutes.
----------------------------------------------------------------

---------------------------------------------------------------
Time to calculate step (QM step): 219.870 seconds, 3.7 minutes.
---------------------------------------------------------------

----------------------------------------------------------------------
Time to calculate step (QMpcgrad prepare): 0.000 seconds, 0.0 minutes.
----------------------------------------------------------------------

--------------------------------------------------------------------------
Time to calculate step (linkatomgrad prepare): 0.000 seconds, 0.0 minutes.
--------------------------------------------------------------------------

----------------------------------------------------------------------------
Time to calculate step (QM/MM gradient prepare): 0.000 seconds, 0.0 minutes.
----------------------------------------------------------------------------
Using OpenMM theory as part of QM/MM.
Using MM on full system. Charges for QM region [0, 1, 2, 3, 4, 5, 6, 7, 8, 9, 10, 11, 12, 13, 14, 15, 16, 17, 18, 19, 20, 21, 22, 23] have been set to zero 

--------------------------------------------------------------------------------
                   Creating/updating OpenMM simulation object                   
--------------------------------------------------------------------------------

Integrator name: VerletIntegrator
Timestep: 0.001
Temperature: 300
Coupling frequency: 1
Properties: {'Threads': '1'}
Topology: <Topology; 1 chains, 1 residues, 88 atoms, 0 bonds>

----------------------------------------------------------------------------------
Time to calculate step (creating/updating simulation): 0.003 seconds, 0.0 minutes.
----------------------------------------------------------------------------------

--------------------------------------------------------------------------------
                     Running Single-point OpenMM Interface                      
--------------------------------------------------------------------------------

Number of OpenMM system constraints defined: 0

-----------------------------------------------------------------------------------
Time to calculate step (OpenMMTheory.run: const-check): 0.003 seconds, 0.0 minutes.
-----------------------------------------------------------------------------------
Updating coordinates.

------------------------------------------------------------------------
Time to calculate step (Creating pos array): 0.000 seconds, 0.0 minutes.
------------------------------------------------------------------------

---------------------------------------------------------------------------
Time to calculate step (Updating MM positions): 0.000 seconds, 0.0 minutes.
---------------------------------------------------------------------------
Calling OpenMM getState.

---------------------------------------------------------------------
Time to calculate step (OpenMM getState): 0.001 seconds, 0.0 minutes.
---------------------------------------------------------------------
OpenMM Energy: -2.118503706647488 Eh
OpenMM Energy: -1329.381146759093 kcal/mol

-----------------------
Ending OpenMM interface
-----------------------

----------------------------------------------------------------
Time to calculate step (OpenMM run): 0.004 seconds, 0.0 minutes.
----------------------------------------------------------------

-------------------------------------------------------------
Time to calculate step (MM step): 0.004 seconds, 0.0 minutes.
-------------------------------------------------------------

Note: You are using electrostatic embedding. This means that the QM-energy is actually the polarized QM-energy
Note: MM energy also contains the QM-MM Lennard-Jones interaction

QM energy:              -836.751501486087 
MM energy:                -2.118503706647
QM/MM energy:           -838.870005192735 

  ------------ENDING QM/MM MODULE------------- 

-----------------------------------------------------------------
Time to calculate step (QM/MM run): 219.875 seconds, 3.7 minutes.
-----------------------------------------------------------------
geometric called load_guess_files option for ASHengineclass.
This option is currently unsupported in ASH. Continuing.

Convergence criteria: {'convergence_energy': 1e-05, 'convergence_grms': 0.003, 'convergence_gmax': 0.006, 'convergence_drms': 0.01, 'convergence_dmax': 0.015, 'convergence_cmax': 0.01}

Replacing coordinates in fragment.
Creating/Updating fragment attributes...
Number of Atoms in fragment: 88
Formula: O18H38N12C20
Label: CHHCCOOOCHCHCCHCHCHOHCOOCOOHCOOHCNHHNHHNHHCOOHCOOHCNHHNHHNHHCNHHNHHNHHCOOHCOOHCNHHNHHNHH
Charge: -2 Mult: 1

--------------------------------------------------------------------------------
Wrote XYZ file:  Fragment-currentgeo.xyz
Current geometry (Å) in step 17 (print_atoms_list region)
---------------------------------------------------
        C  58.29535777   34.19849061   60.60339730
        H  58.89206574   33.28451418   60.63974993
        H  58.28449227   34.74374825   59.70756953
        C  57.72430120   34.74088725   61.74907770
        C  57.28420531   36.26803655   61.68188326
        O  57.35163914   36.95105953   60.70730591
        O  57.05950594   36.65812668   62.94044777
        O  57.62884038   34.16915632   62.89407080
        C  57.42872806   31.43582363   55.30464149
        H  56.68571050   30.67815172   55.36945373
        C  58.74245127   31.17786175   55.21279727
        H  59.14023916   30.16477939   55.22606785
        C  59.62877004   32.34894210   54.95273006
        C  59.10009748   33.27471040   53.90466506
        H  59.74471664   33.70657901   53.12794004
        C  57.77981829   33.53602380   53.98915979
        H  57.26204173   34.17888458   53.26570612
        C  56.94349968   32.82678323   55.04102570
        H  57.01617256   33.45990651   55.97660449
        O  55.57206424   32.73720628   54.66706636
        H  55.26911022   32.20953833   54.21735862
        C  60.55655596   32.80082157   56.02343703
        O  60.79022072   33.43664572   57.00604256
        O  61.29437696   32.14040296   55.16231413
        C  60.13150000   27.30170000   49.17930000
        O  61.31532500   27.36347600   48.78276300
        O  59.42021600   26.27431700   49.21185900
        H  59.67352100   28.23755000   49.53206100
        C  66.27590000   27.70220000   52.54990000
        O  67.45972500   27.76397600   52.15336300
        O  65.56461600   26.67481700   52.58245900
        H  65.81792100   28.63805000   52.90266100
        C  59.66970000   36.29460000   63.69690000
        N  59.82027700   36.67982000   62.43284600
        H  59.50976000   37.34232200   63.12910000
        H  60.01644600   35.72478200   62.69651300
        N  59.26080100   37.16700400   64.61374900
        H  59.45697000   36.21196600   64.87741600
        H  59.37514900   37.45954000   63.65382800
        N  59.92802100   35.03697600   64.04410500
        H  60.04237000   35.32951100   63.08418400
        H  59.61750400   35.69947800   64.74035900
        C  59.29540000   32.04470000   47.20100000
        O  60.47922500   32.10647600   46.80446300
        O  58.58411600   31.01731700   47.23355900
        H  58.83742100   32.98055000   47.55376100
        C  60.63320000   25.40040000   54.04170000
        O  61.81702500   25.46217600   53.64516300
        O  59.92191600   24.37301700   54.07425900
        H  60.17522100   26.33625000   54.39446100
        C  53.86860000   29.40090000   61.59910000
        N  54.01917700   29.78612000   60.33504600
        H  53.70866000   30.44862200   61.03130000
        H  54.21534600   28.83108200   60.59871300
        N  53.45970100   30.27330400   62.51594900
        H  53.65587000   29.31826600   62.77961600
        H  53.57404900   30.56584000   61.55602800
        N  54.12692100   28.14327600   61.94630500
        H  54.24127000   28.43581100   60.98638400
        H  53.81640400   28.80577800   62.64255900
        C  54.48960000   34.81800000   63.05660000
        N  54.64017700   35.20322000   61.79254600
        H  54.32966000   35.86572200   62.48880000
        H  54.83634600   34.24818200   62.05621300
        N  54.08070100   35.69040400   63.97344900
        H  54.27687000   34.73536600   64.23711600
        H  54.19504900   35.98294000   63.01352800
        N  54.74792100   33.56037600   63.40380500
        H  54.86227000   33.85291100   62.44388400
        H  54.43740400   34.22287800   64.10005900
        C  66.79830000   33.28170000   49.68530000
        O  67.98212500   33.34347600   49.28876300
        O  66.08701600   32.25431700   49.71785900
        H  66.34032100   34.21755000   50.03806100
        C  64.00380000   29.65520000   47.83790000
        O  65.18762500   29.71697600   47.44136300
        O  63.29251600   28.62781700   47.87045900
        H  63.54582100   30.59105000   48.19066100
        C  58.18900000   31.08480000   63.84250000
        N  58.33957700   31.47002000   62.57844600
        H  58.02906000   32.13252200   63.27470000
        H  58.53574600   30.51498200   62.84211300
        N  57.78010100   31.95720400   64.75934900
        H  57.97627000   31.00216600   65.02301600
        H  57.89444900   32.24974000   63.79942800
        N  58.44732100   29.82717600   64.18970500
        H  58.56167000   30.11971100   63.22978400
        H  58.13680400   30.48967800   64.88595900

Note: printed only print_atoms_list (this is not necessarily all atoms) 
  ------------RUNNING QM/MM MODULE------------- 
QM Module: ORCATheory
MM Module: OpenMMTheory
Charge provided from QMMMTheory object:  -2
Mult provided from QMMMTheory object:  1
QM-region Charge: -2 Mult: 1
Embedding: Electrostatic
Number of pointcharges (to QM program): 64
Number of charge coordinates: 64
Running QM/MM object with 8 cores available

-------------------------------------------------------------------
Time to calculate step (before-QMstep): 0.000 seconds, 0.0 minutes.
-------------------------------------------------------------------
  ------------RUNNING ORCA INTERFACE------------- 
Object-label: ORCA
Run-label: None
Running ORCA with 8 cores available
Moreadfile option not active
A GBW-file with same basename : orca.gbw is present
Autostart is False. ORCA will ignore any file present
Creating inputfile: orca.inp
ORCA input:
! B3LYP D3BJ def2-SVP def2/J RIJCOSX CPCM TightSCF

! Noautostart

%cpcm epsilon 4.0 end
%scf MaxIter 300 Guess PModel end
Charge: -2  Mult: 1
Pointcharge embedding is on!
 ORCA Calculation starting. 
Found warning messages in ORCA outputfile:
WARNING: The chosen methods will break translational/rotational symmetry
 WARNING: The chosen methods will break translational symmetry
 WARNING: The chosen methods will break translational symmetry
 Warning: op=0 Small HOMO/LUMO gap (  -2.596) - skipping pre-diagonalization
 Warning: op=0 Small HOMO/LUMO gap (  -0.228) - skipping pre-diagonalization

 ORCA Calculation done. 
ORCA converged in 44 iterations
ORCA energy: -836.837582414481
  ------------ENDING ORCA-INTERFACE------------- 

----------------------------------------------------------------
Time to calculate step (ORCA run): 211.605 seconds, 3.5 minutes.
----------------------------------------------------------------

---------------------------------------------------------------
Time to calculate step (QM step): 211.605 seconds, 3.5 minutes.
---------------------------------------------------------------

----------------------------------------------------------------------
Time to calculate step (QMpcgrad prepare): 0.000 seconds, 0.0 minutes.
----------------------------------------------------------------------

--------------------------------------------------------------------------
Time to calculate step (linkatomgrad prepare): 0.000 seconds, 0.0 minutes.
--------------------------------------------------------------------------

----------------------------------------------------------------------------
Time to calculate step (QM/MM gradient prepare): 0.000 seconds, 0.0 minutes.
----------------------------------------------------------------------------
Using OpenMM theory as part of QM/MM.
Using MM on full system. Charges for QM region [0, 1, 2, 3, 4, 5, 6, 7, 8, 9, 10, 11, 12, 13, 14, 15, 16, 17, 18, 19, 20, 21, 22, 23] have been set to zero 

--------------------------------------------------------------------------------
                   Creating/updating OpenMM simulation object                   
--------------------------------------------------------------------------------

Integrator name: VerletIntegrator
Timestep: 0.001
Temperature: 300
Coupling frequency: 1
Properties: {'Threads': '1'}
Topology: <Topology; 1 chains, 1 residues, 88 atoms, 0 bonds>

----------------------------------------------------------------------------------
Time to calculate step (creating/updating simulation): 0.002 seconds, 0.0 minutes.
----------------------------------------------------------------------------------

--------------------------------------------------------------------------------
                     Running Single-point OpenMM Interface                      
--------------------------------------------------------------------------------

Number of OpenMM system constraints defined: 0

-----------------------------------------------------------------------------------
Time to calculate step (OpenMMTheory.run: const-check): 0.002 seconds, 0.0 minutes.
-----------------------------------------------------------------------------------
Updating coordinates.

------------------------------------------------------------------------
Time to calculate step (Creating pos array): 0.000 seconds, 0.0 minutes.
------------------------------------------------------------------------

---------------------------------------------------------------------------
Time to calculate step (Updating MM positions): 0.000 seconds, 0.0 minutes.
---------------------------------------------------------------------------
Calling OpenMM getState.

---------------------------------------------------------------------
Time to calculate step (OpenMM getState): 0.001 seconds, 0.0 minutes.
---------------------------------------------------------------------
OpenMM Energy: -2.1277477395053404 Eh
OpenMM Energy: -1335.1818649559461 kcal/mol

-----------------------
Ending OpenMM interface
-----------------------

----------------------------------------------------------------
Time to calculate step (OpenMM run): 0.004 seconds, 0.0 minutes.
----------------------------------------------------------------

-------------------------------------------------------------
Time to calculate step (MM step): 0.004 seconds, 0.0 minutes.
-------------------------------------------------------------

Note: You are using electrostatic embedding. This means that the QM-energy is actually the polarized QM-energy
Note: MM energy also contains the QM-MM Lennard-Jones interaction

QM energy:              -836.837582414481 
MM energy:                -2.127747739505
QM/MM energy:           -838.965330153986 

  ------------ENDING QM/MM MODULE------------- 

-----------------------------------------------------------------
Time to calculate step (QM/MM run): 211.610 seconds, 3.5 minutes.
-----------------------------------------------------------------
geometric called save_guess_files option option for ASHengineclass.
This option is currently unsupported in ASH. Continuing.
geometric called clearCalcs option for ASHengineclass.
This option is currently unsupported in ASH. Continuing.

Convergence criteria: {'convergence_energy': 1e-05, 'convergence_grms': 0.003, 'convergence_gmax': 0.006, 'convergence_drms': 0.01, 'convergence_dmax': 0.015, 'convergence_cmax': 0.01}

Replacing coordinates in fragment.
Creating/Updating fragment attributes...
Number of Atoms in fragment: 88
Formula: O18H38N12C20
Label: CHHCCOOOCHCHCCHCHCHOHCOOCOOHCOOHCNHHNHHNHHCOOHCOOHCNHHNHHNHHCNHHNHHNHHCOOHCOOHCNHHNHHNHH
Charge: -2 Mult: 1

--------------------------------------------------------------------------------
Wrote XYZ file:  Fragment-currentgeo.xyz
Current geometry (Å) in step 18 (print_atoms_list region)
---------------------------------------------------
        C  58.27733914   34.21363445   60.60459252
        H  58.88318321   33.30853616   60.65112303
        H  58.25336215   34.76189451   59.67809797
        C  57.68728887   34.70243865   61.73742414
        C  57.23119831   36.22160174   61.66370154
        O  57.29527797   36.95348838   60.73480525
        O  56.89071399   36.59010701   62.82525614
        O  57.58740597   34.10539680   63.00501143
        C  57.43707205   31.44025098   55.30641994
        H  56.69455927   30.65999532   55.37669483
        C  58.75000634   31.16842388   55.21645715
        H  59.14968081   30.15436794   55.22725826
        C  59.64070134   32.35119594   54.97394567
        C  59.10504816   33.26116368   53.92855199
        H  59.74815630   33.69485613   53.14566338
        C  57.79157302   33.51311942   54.00386541
        H  57.28388983   34.17303101   53.27365264
        C  56.92313367   32.83851782   55.04729177
        H  57.00580221   33.47075414   55.95599167
        O  55.54379496   32.88963857   54.66928172
        H  55.34103632   32.08712748   54.17901398
        C  60.55595342   32.80352971   56.00794361
        O  60.78458322   33.44445128   57.00633351
        O  61.19952220   32.14104761   55.12369562
        C  60.13150000   27.30170000   49.17930000
        O  61.31532500   27.36347600   48.78276300
        O  59.42021600   26.27431700   49.21185900
        H  59.67352100   28.23755000   49.53206100
        C  66.27590000   27.70220000   52.54990000
        O  67.45972500   27.76397600   52.15336300
        O  65.56461600   26.67481700   52.58245900
        H  65.81792100   28.63805000   52.90266100
        C  59.66970000   36.29460000   63.69690000
        N  59.82027700   36.67982000   62.43284600
        H  59.50976000   37.34232200   63.12910000
        H  60.01644600   35.72478200   62.69651300
        N  59.26080100   37.16700400   64.61374900
        H  59.45697000   36.21196600   64.87741600
        H  59.37514900   37.45954000   63.65382800
        N  59.92802100   35.03697600   64.04410500
        H  60.04237000   35.32951100   63.08418400
        H  59.61750400   35.69947800   64.74035900
        C  59.29540000   32.04470000   47.20100000
        O  60.47922500   32.10647600   46.80446300
        O  58.58411600   31.01731700   47.23355900
        H  58.83742100   32.98055000   47.55376100
        C  60.63320000   25.40040000   54.04170000
        O  61.81702500   25.46217600   53.64516300
        O  59.92191600   24.37301700   54.07425900
        H  60.17522100   26.33625000   54.39446100Step   21 : Displace = [0m3.740e-02[0m/[0m2.335e-01[0m (rms/max) Trust = 3.750e-02 (=) Grad_T = [0m1.436e-02[0m/[0m8.735e-02[0m (rms/max) E (change) = -839.0694429314 ([0m-8.366e-03[0m) Quality = [0m0.219[0m
Hessian Eigenvalues: 2.05048e-03 1.65618e-02 2.31312e-02 ... 5.98290e-01 6.35113e-01 1.89116e+00
Step   22 : Displace = [0m1.875e-02[0m/[0m9.939e-02[0m (rms/max) Trust = 1.870e-02 ([91m-[0m) Grad_T = [0m6.905e-03[0m/[0m3.478e-02[0m (rms/max) E (change) = -839.0879781658 ([0m-1.854e-02[0m) Quality = [0m1.088[0m
Hessian Eigenvalues: 2.00448e-03 1.65282e-02 2.31262e-02 ... 5.78019e-01 6.18082e-01 1.82698e+00
Step   23 : Displace = [0m2.594e-02[0m/[0m1.220e-01[0m (rms/max) Trust = 2.645e-02 ([92m+[0m) Grad_T = [0m5.291e-03[0m/[0m2.782e-02[0m (rms/max) E (change) = -839.0986498296 ([0m-1.067e-02[0m) Quality = [0m0.986[0m
Hessian Eigenvalues: 2.33477e-03 1.51795e-02 2.03722e-02 ... 6.16379e-01 7.25839e-01 1.72087e+00
Step   24 : Displace = [0m3.626e-02[0m/[0m1.321e-01[0m (rms/max) Trust = 3.740e-02 ([92m+[0m) Grad_T = [0m5.656e-03[0m/[0m2.899e-02[0m (rms/max) E (change) = -839.1090842773 ([0m-1.043e-02[0m) Quality = [0m0.971[0m
Hessian Eigenvalues: 2.64619e-03 1.12247e-02 1.70712e-02 ... 6.58257e-01 6.83303e-01 1.66694e+00
Step   25 : Displace = [0m5.168e-02[0m/[0m2.038e-01[0m (rms/max) Trust = 5.289e-02 ([92m+[0m) Grad_T = [0m6.353e-03[0m/[0m3.737e-02[0m (rms/max) E (change) = -839.1166288080 ([0m-7.545e-03[0m) Quality = [0m0.680[0m
Hessian Eigenvalues: 3.27261e-03 8.68077e-03 1.67633e-02 ... 6.14210e-01 7.54504e-01 1.64905e+00
Step   26 : Displace = [0m5.278e-02[0m/[0m2.547e-01[0m (rms/max) Trust = 5.289e-02 (=) Grad_T = [0m6.480e-03[0m/[0m2.768e-02[0m (rms/max) E (change) = -839.1206970269 ([0m-4.068e-03[0m) Quality = [0m0.551[0m
Hessian Eigenvalues: 3.95317e-03 7.40765e-03 1.77059e-02 ... 6.38081e-01 7.63341e-01 1.67066e+00
