geometric-optimize called with the following command line:
relax_barrier.py shell8p1ts run

                                        [91m())))))))))))))))/[0m                     
                                    [91m())))))))))))))))))))))))),[0m                
                                [91m*)))))))))))))))))))))))))))))))))[0m             
                        [94m#,[0m    [91m()))))))))/[0m                [91m.)))))))))),[0m          
                      [94m#%%%%,[0m  [91m())))))[0m                        [91m.))))))))*[0m        
                      [94m*%%%%%%,[0m  [91m))[0m              [93m..[0m              [91m,))))))).[0m      
                        [94m*%%%%%%,[0m         [93m***************/.[0m        [91m.)))))))[0m     
                [94m#%%/[0m      [94m(%%%%%%,[0m    [93m/*********************.[0m       [91m)))))))[0m    
              [94m.%%%%%%#[0m      [94m*%%%%%%,[0m  [93m*******/,[0m     [93m**********,[0m      [91m.))))))[0m   
                [94m.%%%%%%/[0m      [94m*%%%%%%,[0m  [93m**[0m              [93m********[0m      [91m.))))))[0m  
          [94m##[0m      [94m.%%%%%%/[0m      [94m(%%%%%%,[0m                  [93m,******[0m      [91m/)))))[0m  
        [94m%%%%%%[0m      [94m.%%%%%%#[0m      [94m*%%%%%%,[0m    [92m,/////.[0m       [93m******[0m      [91m))))))[0m 
      [94m#%[0m      [94m%%[0m      [94m.%%%%%%/[0m      [94m*%%%%%%,[0m  [92m////////,[0m      [93m*****/[0m     [91m,)))))[0m 
    [94m#%%[0m  [94m%%%[0m  [94m%%%#[0m      [94m.%%%%%%/[0m      [94m(%%%%%%,[0m  [92m///////.[0m     [93m/*****[0m      [91m))))).[0m
  [94m#%%%%.[0m      [94m%%%%%#[0m      [94m/%%%%%%*[0m      [94m#%%%%%%[0m   [92m/////)[0m     [93m******[0m      [91m))))),[0m
    [94m#%%%%##%[0m  [94m%%%#[0m      [94m.%%%%%%/[0m      [94m(%%%%%%,[0m  [92m///////.[0m     [93m/*****[0m      [91m))))).[0m
      [94m##[0m     [94m%%%[0m      [94m.%%%%%%/[0m      [94m*%%%%%%,[0m  [92m////////.[0m      [93m*****/[0m     [91m,)))))[0m 
        [94m#%%%%#[0m      [94m/%%%%%%/[0m      [94m(%%%%%%[0m      [92m/)/)//[0m       [93m******[0m      [91m))))))[0m 
          [94m##[0m      [94m.%%%%%%/[0m      [94m(%%%%%%,[0m                  [93m*******[0m      [91m))))))[0m  
                [94m.%%%%%%/[0m      [94m*%%%%%%,[0m  [93m**.[0m             [93m/*******[0m      [91m.))))))[0m  
              [94m*%%%%%%/[0m      [94m(%%%%%%[0m   [93m********/*..,*/*********[0m       [91m*))))))[0m   
                [94m#%%/[0m      [94m(%%%%%%,[0m    [93m*********************/[0m        [91m)))))))[0m    
                        [94m*%%%%%%,[0m         [93m,**************/[0m         [91m,))))))/[0m     
                      [94m(%%%%%%[0m   [91m()[0m                              [91m))))))))[0m       
                      [94m#%%%%,[0m  [91m())))))[0m                        [91m,)))))))),[0m        
                        [94m#,[0m    [91m())))))))))[0m                [91m,)))))))))).[0m          
                                 [91m()))))))))))))))))))))))))))))))/[0m             
                                    [91m())))))))))))))))))))))))).[0m                
                                         [91m())))))))))))))),[0m                     

-=# [1;94m geomeTRIC started. Version: 1.1.1 [0m #=-
Current date and time: 2026-07-29 17:08:41
#========================================================#
#| [92m    Arguments passed to driver run_optimizer():     [0m |#
#========================================================#
bothre                    0.0 
constraints               constraints.txt 
convergence_cmax          0.01 
convergence_dmax          0.015 
convergence_drms          0.01 
convergence_energy        1e-05 
convergence_gmax          0.006 
convergence_grms          0.003 
coordsys                  hdlc 
customengine              <ash.interfaces.interface_geometric_new.ASHengineclass object at 0x152047f10fd0> 
input                     dummyinputname 
irc                       False 
logIni                    /home/18660916/envs/ash/lib/python3.11/site-packages/ash/log.ini 
maxiter                   400 
prefix                    geometric_OPTtraj 
rigid                     False 
subfrctor                 1 
transition                False 
verbose                   0 
----------------------------------------------------------
Custom engine selected.
$freeze
xyz 25
xyz 26
xyz 27
xyz 28
xyz 29
xyz 30
xyz 31
xyz 32
xyz 33
xyz 34
xyz 35
xyz 36
xyz 37
xyz 38
xyz 39
xyz 40
xyz 41
xyz 42
xyz 43
xyz 44
xyz 45
xyz 46
xyz 47
xyz 48
xyz 49
xyz 50
xyz 51
xyz 52
xyz 53
xyz 54
xyz 55
xyz 56
xyz 57
xyz 58
xyz 59
xyz 60
xyz 61
xyz 62
xyz 63
xyz 64
xyz 65
xyz 66
xyz 67
xyz 68
xyz 69
xyz 70
xyz 71
xyz 72
xyz 73
xyz 74
xyz 75
xyz 76
xyz 77
xyz 78
xyz 79
xyz 80
xyz 81
xyz 82
xyz 83
xyz 84
xyz 85
xyz 86
xyz 87
xyz 88
Bonds will be generated from interatomic distances less than 1.20 times sum of covalent radii
264 internal coordinates being used (instead of 264 Cartesians)
<class 'geometric.internal.CartesianX'> : 88
<class 'geometric.internal.CartesianY'> : 88
<class 'geometric.internal.CartesianZ'> : 88
<class 'geometric.internal.Distance'> : 113
<class 'geometric.internal.Angle'> : 129
<class 'geometric.internal.OutOfPlane'> : 387
<class 'geometric.internal.Dihedral'> : 655
Constraint                         Current      Target       Diff.
Cartesian-X 25                    64.93960    64.93960     0.00000
Cartesian-Y 25                    33.26550    33.26550     0.00000
Cartesian-Z 25                    44.42870    44.42870     0.00000
Cartesian-X 26                    66.12342    66.12342     0.00000
Cartesian-Y 26                    33.32728    33.32728     0.00000
Cartesian-Z 26                    44.03216    44.03216     0.00000
Cartesian-X 27                    64.22832    64.22832     0.00000
Cartesian-Y 27                    32.23812    32.23812     0.00000
Cartesian-Z 27                    44.46126    44.46126     0.00000
Cartesian-X 28                    64.48162    64.48162     0.00000
Cartesian-Y 28                    34.20135    34.20135     0.00000
Cartesian-Z 28                    44.78146    44.78146     0.00000
Cartesian-X 29                    57.48340    57.48340     0.00000
Cartesian-Y 29                    32.05040    32.05040     0.00000
Cartesian-Z 29                    67.31550    67.31550     0.00000
Cartesian-X 30                    57.63398    57.63398     0.00000
Cartesian-Y 30                    32.43562    32.43562     0.00000
Cartesian-Z 30                    66.05145    66.05145     0.00000
Cartesian-X 31                    57.32346    57.32346     0.00000
Cartesian-Y 31                    33.09812    33.09812     0.00000
Cartesian-Z 31                    66.74770    66.74770     0.00000
Cartesian-X 32                    57.83015    57.83015     0.00000
Cartesian-Y 32                    31.48058    31.48058     0.00000
Cartesian-Z 32                    66.31511    66.31511     0.00000
Cartesian-X 33                    57.07450    57.07450     0.00000
Cartesian-Y 33                    32.92280    32.92280     0.00000
Cartesian-Z 33                    68.23235    68.23235     0.00000
Cartesian-X 34                    57.27067    57.27067     0.00000
Cartesian-Y 34                    31.96777    31.96777     0.00000
Cartesian-Z 34                    68.49602    68.49602     0.00000
Cartesian-X 35                    57.18885    57.18885     0.00000
Cartesian-Y 35                    33.21534    33.21534     0.00000
Cartesian-Z 35                    67.27243    67.27243     0.00000
Cartesian-X 36                    57.74172    57.74172     0.00000
Cartesian-Y 36                    30.79278    30.79278     0.00000
Cartesian-Z 36                    67.66271    67.66271     0.00000
Cartesian-X 37                    57.85607    57.85607     0.00000
Cartesian-Y 37                    31.08531    31.08531     0.00000
Cartesian-Z 37                    66.70278    66.70278     0.00000
Cartesian-X 38                    57.43120    57.43120     0.00000
Cartesian-Y 38                    31.45528    31.45528     0.00000
Cartesian-Z 38                    68.35896    68.35896     0.00000
Cartesian-X 39                    57.23480    57.23480     0.00000
Cartesian-Y 39                    27.87720    27.87720     0.00000
Cartesian-Z 39                    45.86430    45.86430     0.00000
Cartesian-X 40                    58.41862    58.41862     0.00000
Cartesian-Y 40                    27.93898    27.93898     0.00000
Cartesian-Z 40                    45.46776    45.46776     0.00000
Cartesian-X 41                    56.52352    56.52352     0.00000
Cartesian-Y 41                    26.84982    26.84982     0.00000
Cartesian-Z 41                    45.89686    45.89686     0.00000
Cartesian-X 42                    56.77682    56.77682     0.00000
Cartesian-Y 42                    28.81305    28.81305     0.00000
Cartesian-Z 42                    46.21706    46.21706     0.00000
Cartesian-X 43                    70.60420    70.60420     0.00000
Cartesian-Y 43                    27.88010    27.88010     0.00000
Cartesian-Z 43                    55.89570    55.89570     0.00000
Cartesian-X 44                    71.78803    71.78803     0.00000
Cartesian-Y 44                    27.94188    27.94188     0.00000
Cartesian-Z 44                    55.49916    55.49916     0.00000
Cartesian-X 45                    69.89292    69.89292     0.00000
Cartesian-Y 45                    26.85272    26.85272     0.00000
Cartesian-Z 45                    55.92826    55.92826     0.00000
Cartesian-X 46                    70.14622    70.14622     0.00000
Cartesian-Y 46                    28.81595    28.81595     0.00000
Cartesian-Z 46                    56.24846    56.24846     0.00000
Cartesian-X 47                    56.61970    56.61970     0.00000
Cartesian-Y 47                    24.87390    24.87390     0.00000
Cartesian-Z 47                    63.10710    63.10710     0.00000
Cartesian-X 48                    56.77028    56.77028     0.00000
Cartesian-Y 48                    25.25912    25.25912     0.00000
Cartesian-Z 48                    61.84305    61.84305     0.00000
Cartesian-X 49                    56.45976    56.45976     0.00000
Cartesian-Y 49                    25.92162    25.92162     0.00000
Cartesian-Z 49                    62.53930    62.53930     0.00000
Cartesian-X 50                    56.96645    56.96645     0.00000
Cartesian-Y 50                    24.30408    24.30408     0.00000
Cartesian-Z 50                    62.10671    62.10671     0.00000
Cartesian-X 51                    56.21080    56.21080     0.00000
Cartesian-Y 51                    25.74630    25.74630     0.00000
Cartesian-Z 51                    64.02395    64.02395     0.00000
Cartesian-X 52                    56.40697    56.40697     0.00000
Cartesian-Y 52                    24.79127    24.79127     0.00000
Cartesian-Z 52                    64.28762    64.28762     0.00000
Cartesian-X 53                    56.32515    56.32515     0.00000
Cartesian-Y 53                    26.03884    26.03884     0.00000
Cartesian-Z 53                    63.06403    63.06403     0.00000
Cartesian-X 54                    56.87802    56.87802     0.00000
Cartesian-Y 54                    23.61628    23.61628     0.00000
Cartesian-Z 54                    63.45430    63.45430     0.00000
Cartesian-X 55                    56.99237    56.99237     0.00000
Cartesian-Y 55                    23.90881    23.90881     0.00000
Cartesian-Z 55                    62.49438    62.49438     0.00000
Cartesian-X 56                    56.56750    56.56750     0.00000
Cartesian-Y 56                    24.27878    24.27878     0.00000
Cartesian-Z 56                    64.15056    64.15056     0.00000
Cartesian-X 57                    67.62720    67.62720     0.00000
Cartesian-Y 57                    26.53280    26.53280     0.00000
Cartesian-Z 57                    48.41340    48.41340     0.00000
Cartesian-X 58                    68.81103    68.81103     0.00000
Cartesian-Y 58                    26.59458    26.59458     0.00000
Cartesian-Z 58                    48.01686    48.01686     0.00000
Cartesian-X 59                    66.91592    66.91592     0.00000
Cartesian-Y 59                    25.50542    25.50542     0.00000
Cartesian-Z 59                    48.44596    48.44596     0.00000
Cartesian-X 60                    67.16922    67.16922     0.00000
Cartesian-Y 60                    27.46865    27.46865     0.00000
Cartesian-Z 60                    48.76616    48.76616     0.00000
Cartesian-X 61                    67.23540    67.23540     0.00000
Cartesian-Y 61                    23.78030    23.78030     0.00000
Cartesian-Z 61                    55.38840    55.38840     0.00000
Cartesian-X 62                    68.41922    68.41922     0.00000
Cartesian-Y 62                    23.84208    23.84208     0.00000
Cartesian-Z 62                    54.99186    54.99186     0.00000
Cartesian-X 63                    66.52412    66.52412     0.00000
Cartesian-Y 63                    22.75292    22.75292     0.00000
Cartesian-Z 63                    55.42096    55.42096     0.00000
Cartesian-X 64                    66.77742    66.77742     0.00000
Cartesian-Y 64                    24.71615    24.71615     0.00000
Cartesian-Z 64                    55.74116    55.74116     0.00000
Cartesian-X 65                    52.05360    52.05360     0.00000
Cartesian-Y 65                    26.34030    26.34030     0.00000
Cartesian-Z 65                    62.61070    62.61070     0.00000
Cartesian-X 66                    52.20418    52.20418     0.00000
Cartesian-Y 66                    26.72552    26.72552     0.00000
Cartesian-Z 66                    61.34665    61.34665     0.00000
Cartesian-X 67                    51.89366    51.89366     0.00000
Cartesian-Y 67                    27.38802    27.38802     0.00000
Cartesian-Z 67                    62.04290    62.04290     0.00000
Cartesian-X 68                    52.40035    52.40035     0.00000
Cartesian-Y 68                    25.77048    25.77048     0.00000
Cartesian-Z 68                    61.61031    61.61031     0.00000
Cartesian-X 69                    51.64470    51.64470     0.00000
Cartesian-Y 69                    27.21270    27.21270     0.00000
Cartesian-Z 69                    63.52755    63.52755     0.00000
Cartesian-X 70                    51.84087    51.84087     0.00000
Cartesian-Y 70                    26.25767    26.25767     0.00000
Cartesian-Z 70                    63.79122    63.79122     0.00000
Cartesian-X 71                    51.75905    51.75905     0.00000
Cartesian-Y 71                    27.50524    27.50524     0.00000
Cartesian-Z 71                    62.56763    62.56763     0.00000
Cartesian-X 72                    52.31192    52.31192     0.00000
Cartesian-Y 72                    25.08268    25.08268     0.00000
Cartesian-Z 72                    62.95790    62.95790     0.00000
Cartesian-X 73                    52.42627    52.42627     0.00000
Cartesian-Y 73                    25.37521    25.37521     0.00000
Cartesian-Z 73                    61.99798    61.99798     0.00000
Cartesian-X 74                    52.00140    52.00140     0.00000
Cartesian-Y 74                    25.74518    25.74518     0.00000
Cartesian-Z 74                    63.65416    63.65416     0.00000
Cartesian-X 75                    60.99040    60.99040     0.00000
Cartesian-Y 75                    38.20210    38.20210     0.00000
Cartesian-Z 75                    66.19070    66.19070     0.00000
Cartesian-X 76                    61.14098    61.14098     0.00000
Cartesian-Y 76                    38.58732    38.58732     0.00000
Cartesian-Z 76                    64.92665    64.92665     0.00000
Cartesian-X 77                    60.83046    60.83046     0.00000
Cartesian-Y 77                    39.24982    39.24982     0.00000
Cartesian-Z 77                    65.62290    65.62290     0.00000
Cartesian-X 78                    61.33715    61.33715     0.00000
Cartesian-Y 78                    37.63228    37.63228     0.00000
Cartesian-Z 78                    65.19031    65.19031     0.00000
Cartesian-X 79                    60.58150    60.58150     0.00000
Cartesian-Y 79                    39.07450    39.07450     0.00000
Cartesian-Z 79                    67.10755    67.10755     0.00000
Cartesian-X 80                    60.77767    60.77767     0.00000
Cartesian-Y 80                    38.11947    38.11947     0.00000
Cartesian-Z 80                    67.37122    67.37122     0.00000
Cartesian-X 81                    60.69585    60.69585     0.00000
Cartesian-Y 81                    39.36704    39.36704     0.00000
Cartesian-Z 81                    66.14763    66.14763     0.00000
Cartesian-X 82                    61.24872    61.24872     0.00000
Cartesian-Y 82                    36.94448    36.94448     0.00000
Cartesian-Z 82                    66.53790    66.53790     0.00000
Cartesian-X 83                    61.36307    61.36307     0.00000
Cartesian-Y 83                    37.23701    37.23701     0.00000
Cartesian-Z 83                    65.57798    65.57798     0.00000
Cartesian-X 84                    60.93820    60.93820     0.00000
Cartesian-Y 84                    37.60698    37.60698     0.00000
Cartesian-Z 84                    67.23416    67.23416     0.00000
Cartesian-X 85                    60.54270    60.54270     0.00000
Cartesian-Y 85                    22.28810    22.28810     0.00000
Cartesian-Z 85                    53.74910    53.74910     0.00000
Cartesian-X 86                    61.72652    61.72652     0.00000
Cartesian-Y 86                    22.34988    22.34988     0.00000
Cartesian-Z 86                    53.35256    53.35256     0.00000
Cartesian-X 87                    59.83142    59.83142     0.00000
Cartesian-Y 87                    21.26072    21.26072     0.00000
Cartesian-Z 87                    53.78166    53.78166     0.00000
Cartesian-X 88                    60.08472    60.08472     0.00000
Cartesian-Y 88                    23.22395    23.22395     0.00000
Cartesian-Z 88                    54.10186    54.10186     0.00000
> ===== Optimization Info: ====
> Job type: Energy minimization
> Maximum number of optimization cycles: 400
> Initial / maximum trust radius (Angstrom): 0.100 / 0.300
> Convergence Criteria:
> Will converge when all 5 criteria are reached:
>  |Delta-E| < 1.00e-05
>  RMS-Ortho-Grad < 3.00e-03
>  Max-Ortho-Grad < 6.00e-03
>  RMS-Disp  < 1.00e-02
>  Max-Disp  < 1.50e-02
> 
> Constraints are requested. The following criterion is added:
>  Max Constraint Violation (in Angstroms/degrees) < 1.00e-02 
> === End Optimization Info ===
Step    0 : Gradient = 5.786e-03/3.080e-02 (rms/max) Energy = -838.8612090243
Hessian Eigenvalues: 2.63687e-02 2.63687e-02 2.63687e-02 ... 5.78010e-01 5.78010e-01 5.78010e-01
Step    1 : Displace = [0m1.801e-02[0m/[0m1.113e-01[0m (rms/max) Trust = 1.000e-01 (=) Grad_T = [92m2.964e-03[0m/[0m1.322e-02[0m (rms/max) E (change) = -838.8671256901 ([0m-5.917e-03[0m) Quality = [0m1.198[0m
Hessian Eigenvalues: 2.27035e-02 2.63687e-02 2.63687e-02 ... 5.78010e-01 5.78010e-01 5.78019e-01
Step    2 : Displace = [0m2.035e-02[0m/[0m1.061e-01[0m (rms/max) Trust = 1.414e-01 ([92m+[0m) Grad_T = [92m2.838e-03[0m/[0m1.290e-02[0m (rms/max) E (change) = -838.8710125943 ([0m-3.887e-03[0m) Quality = [0m1.511[0m
Hessian Eigenvalues: 8.21297e-03 2.63687e-02 2.63687e-02 ... 5.78010e-01 5.78010e-01 5.99167e-01
Step    3 : Displace = [0m4.454e-02[0m/[0m2.169e-01[0m (rms/max) Trust = 2.000e-01 ([92m+[0m) Grad_T = [0m4.430e-03[0m/[0m2.022e-02[0m (rms/max) E (change) = -838.8762435725 ([0m-5.231e-03[0m) Quality = [0m1.334[0m
Hessian Eigenvalues: 4.45688e-03 2.63687e-02 2.63687e-02 ... 5.78010e-01 5.78011e-01 6.01200e-01
Step    4 : Displace = [0m4.852e-02[0m/[0m2.205e-01[0m (rms/max) Trust = 2.828e-01 ([92m+[0m) Grad_T = [0m4.836e-03[0m/[0m1.966e-02[0m (rms/max) E (change) = -838.8813621344 ([0m-5.119e-03[0m) Quality = [0m1.512[0m
Hessian Eigenvalues: 2.48512e-03 2.63687e-02 2.63687e-02 ... 5.78010e-01 5.78028e-01 5.88647e-01
Step    5 : Displace = [0m8.896e-02[0m/[0m3.581e-01[0m (rms/max) Trust = 3.000e-01 ([92m+[0m) Grad_T = [0m6.188e-03[0m/[0m2.534e-02[0m (rms/max) E (change) = -838.8904967915 ([0m-9.135e-03[0m) Quality = [0m1.439[0m
Hessian Eigenvalues: 1.68858e-03 2.63686e-02 2.63687e-02 ... 5.78010e-01 5.78014e-01 6.01914e-01
Step    6 : Displace = [0m1.264e-01[0m/[0m4.085e-01[0m (rms/max) Trust = 3.000e-01 (=) Grad_T = [0m1.128e-02[0m/[0m4.156e-02[0m (rms/max) E (change) = -838.9025118145 ([0m-1.202e-02[0m) Quality = [0m1.119[0m
Hessian Eigenvalues: 1.84712e-03 2.23597e-02 2.63687e-02 ... 5.78010e-01 5.78012e-01 6.11311e-01
Step    7 : Displace = [0m1.276e-01[0m/[0m4.077e-01[0m (rms/max) Trust = 3.000e-01 (=) Grad_T = [0m5.651e-02[0m/[0m3.719e-01[0m (rms/max) E (change) = -838.8119561180 ([91m+9.056e-02[0m) Quality = [91m-4.134[0m
[93mRejecting step - quality is lower than -1.0[0m
Hessian Eigenvalues: 1.84712e-03 2.23597e-02 2.63687e-02 ... 5.78010e-01 5.78012e-01 6.11311e-01
Step    8 : Displace = [0m5.911e-02[0m/[0m2.075e-01[0m (rms/max) Trust = 6.382e-02 ([1;91mx[0m) Grad_T = [0m1.305e-02[0m/[0m5.345e-02[0m (rms/max) E (change) = -838.9215908955 ([0m-1.908e-02[0m) Quality = [0m0.969[0m
Hessian Eigenvalues: 3.77077e-03 1.64802e-02 2.63687e-02 ... 5.78010e-01 5.78010e-01 5.94406e-01
Step    9 : Displace = [0m8.970e-02[0m/[0m4.118e-01[0m (rms/max) Trust = 9.026e-02 ([92m+[0m) Grad_T = [0m1.671e-02[0m/[0m9.644e-02[0m (rms/max) E (change) = -838.9149797618 ([91m+6.611e-03[0m) Quality = [91m-0.190[0m
Hessian Eigenvalues: 6.25014e-03 1.88244e-02 2.63687e-02 ... 5.78010e-01 5.78010e-01 5.86272e-01
ashpath: /home/18660916/envs/ash/lib/python3.11/site-packages/ash
Sys path: ['/home/18660916/envs/ash/lib/python3.11/site-packages/ash', '/home/18660916/system_development/phase2b_charge_design/05d_shell_ladder/relax/run_barr_8p1', '/home/18660916/envs/ash/lib/python311.zip', '/home/18660916/envs/ash/lib/python3.11', '/home/18660916/envs/ash/lib/python3.11/lib-dynload', '/home/18660916/envs/ash/lib/python3.11/site-packages']
--------------------------------------------------------------------------------
--------------------------------------------------------------------------------
                                           ASH                                            
                              A MULTISCALE MODELLING PROGRAM                              
                                        Version: 0.9dev                                        
                               Git commit version: Unknown                                
--------------------------------------------------------------------------------
--------------------------------------------------------------------------------
ASH path: /home/18660916/envs/ash/lib/python3.11/site-packages/ash
Python version: 3.11.15
Python interpreter: /home/18660916/envs/ash/bin/python3

ASH Settings after reading defaults and ~/ash_user_settings.ini : 
See https://ash.readthedocs.io/en/latest/basics.html#ash-settings on how to change settings.
	 debugflag :  False
	 load_julia :  False
	 julia_library :  pythoncall
	 use_ANSI_color :  False
	 print_logo :  False
	 print_input :  True
	 scale :  1.0
	 tol :  0.1
	 conndepth :  10
	 connectivity_code :  julia
	 nonbondedMM_code :  julia
	 print_exit_footer :  True
	 print_full_timings :  True

Note: ASH can use ANSI escape sequences for displaying color. Use e.g. less -R to display
To turn on/off escape sequences, set: 'use_ANSI_color = False' in
~/ash_user_settings.ini

Input script: /home/18660916/system_development/phase2b_charge_design/05d_shell_ladder/relax/run_barr_8p1/relax_barrier.py
================================================================================
   > import sys, openmm
   > from ash import Fragment, ORCATheory, OpenMMTheory, QMMMTheory, Optimizer
   > name=sys.argv[1]; RUN=(len(sys.argv)>2 and sys.argv[2]=="run")
   > ORCADIR="/home/apps2/ORCA/6.0.1"
   > coords="\n".join(open("%s_coords.xyz"%name).read().splitlines()[2:])
   > mmcharges=[float(x) for x in open("%s_charges.txt"%name).read().split(",")]
   > frag=Fragment(coordsstring=coords, charge=-2, mult=1)
   > els=[a.split()[0] for a in coords.strip().split("\n")]
   > print(">> %s: %d atoms (24 QM + %d MM), MM net %+.2f"%(name,frag.numatoms,frag.numatoms-24,sum(mmcharges)))
   > assert len(mmcharges)==frag.numatoms
   > LJ={"C":(3.40,0.086),"N":(3.25,0.170),"O":(2.96,0.210),"H":(1.06,0.016)}
   > orca=ORCATheory(orcadir=ORCADIR,orcasimpleinput="! B3LYP D3BJ def2-SVP def2/J RIJCOSX CPCM TightSCF",
   >     orcablocks="%cpcm epsilon 4.0 end\n%scf MaxIter 300 Guess PModel end",numcores=8,autostart=False)
   > mm=OpenMMTheory(fragment=frag,dummysystem=True,platform="CPU",numcores=1,autoconstraints=None,rigidwater=False)
   > lj=openmm.CustomBondForce("4*eps*((sig/r)^12 - (sig/r)^6)")
   > lj.addPerBondParameter("sig");lj.addPerBondParameter("eps");lj.setUsesPeriodicBoundaryConditions(False)
   > ang=openmm.unit.angstrom;kcal=openmm.unit.kilocalorie_per_mole;npair=0
   > for i in range(24):
   >     si,ei=LJ[els[i]]
   >     for j in range(24,frag.numatoms):
   >         sj,ej=LJ[els[j]]
   >         sig=((si+sj)/2*ang).value_in_unit(openmm.unit.nanometer);eps=(((ei*ej)**0.5)*kcal).value_in_unit(openmm.unit.kilojoule_per_mole)
   >         lj.addBond(i,j,[sig,eps]);npair+=1
   > lj.setForceGroup(11);mm.system.addForce(lj)
   > qmmm=QMMMTheory(qm_theory=orca,mm_theory=mm,fragment=frag,qmatoms=list(range(24)),charges=mmcharges,embedding="elstat",qm_charge=-2,qm_mult=1,numcores=8)
   > FROZEN=list(range(24,frag.numatoms))
   > CONV={"convergence_energy":1e-5,"convergence_grms":3.0e-3,"convergence_gmax":6.0e-3,"convergence_drms":1.0e-2,"convergence_dmax":1.5e-2}
   > if not RUN:
   >     print("\n=== DRY RUN OK %s: %d pairs, MM %+.0f, %d frozen ==="%(name,npair,sum(mmcharges),len(FROZEN))); sys.exit(0)
   > result=Optimizer(theory=qmmm,fragment=frag,coordsystem="hdlc",frozenatoms=FROZEN,maxiter=400,conv_criteria=CONV,charge=-2,mult=1)
   > frag.write_xyzfile("%s_relaxed.xyz"%name)
   > # extract final energy
   > E=frag.energy if hasattr(frag,"energy") else None
   > print(">> DONE %s  FINAL ENERGY = %s Eh -> %s_relaxed.xyz"%(name,E,name))
   > open("%s_energy.txt"%name,"w").write(str(E))
================================================================================ 


--------------------------------------------------------------------------------
                                New ASH fragment                                
--------------------------------------------------------------------------------

ASH Fragment creation
Getting coordinates from string: C     60.14190600    34.25017500    56.86750500
H     60.65410400    33.35229400    57.20242100
H     60.73860600    35.07435300    56.47491200
C     58.80287300    34.45194900    57.16141800
C     58.13069700    35.79868100    56.84307300
O     58.86276300    36.77666300    56.53446600
O     56.87734100    35.82963400    56.93983700
O     58.04533200    33.51170800    57.60013500
C     57.53567900    32.20862600    56.01945400
H     56.92805500    31.57263500    56.66681400
C     58.86068700    31.87524000    55.78984900
H     59.36035100    31.12725100    56.40326400
C     59.64119800    32.67145500    54.96010600
C     58.97535300    33.57937300    54.02371700
H     59.61208400    34.05213900    53.27111900
C     57.64453400    33.77154800    54.05277400
H     57.14874400    34.42947900    53.33266900
C     56.77153500    33.13738000    55.09626400
H     56.36648800    33.96180100    55.70835200
O     55.70405500    32.44082700    54.44502300
H     55.04194600    32.20048300    55.11214300
C     61.07068900    32.21901900    54.67969600
O     61.72429900    31.71851300    55.62834500
O     61.44865900    32.31879300    53.48933100
C     64.939600    33.265500    44.428700
O     66.123425    33.327276    44.032163
O     64.228316    32.238117    44.461259
H     64.481621    34.201350    44.781461
C     57.483400    32.050400    67.315500
N     57.633977    32.435620    66.051446
H     57.323460    33.098122    66.747700
H     57.830146    31.480582    66.315113
N     57.074501    32.922804    68.232349
H     57.270670    31.967766    68.496016
H     57.188849    33.215340    67.272428
N     57.741721    30.792776    67.662705
H     57.856070    31.085311    66.702784
H     57.431204    31.455278    68.358959
C     57.234800    27.877200    45.864300
O     58.418625    27.938976    45.467763
O     56.523516    26.849817    45.896859
H     56.776821    28.813050    46.217061
C     70.604200    27.880100    55.895700
O     71.788025    27.941876    55.499163
O     69.892916    26.852717    55.928259
H     70.146221    28.815950    56.248461
C     56.619700    24.873900    63.107100
N     56.770277    25.259120    61.843046
H     56.459760    25.921622    62.539300
H     56.966446    24.304082    62.106713
N     56.210801    25.746304    64.023949
H     56.406970    24.791266    64.287616
H     56.325149    26.038840    63.064028
N     56.878021    23.616276    63.454305
H     56.992370    23.908811    62.494384
H     56.567504    24.278778    64.150559
C     67.627200    26.532800    48.413400
O     68.811025    26.594576    48.016863
O     66.915916    25.505417    48.445959
H     67.169221    27.468650    48.766161
C     67.235400    23.780300    55.388400
O     68.419225    23.842076    54.991863
O     66.524116    22.752917    55.420959
H     66.777421    24.716150    55.741161
C     52.053600    26.340300    62.610700
N     52.204177    26.725520    61.346646
H     51.893660    27.388022    62.042900
H     52.400346    25.770482    61.610313
N     51.644701    27.212704    63.527549
H     51.840870    26.257666    63.791216
H     51.759049    27.505240    62.567628
N     52.311921    25.082676    62.957905
H     52.426270    25.375211    61.997984
H     52.001404    25.745178    63.654159
C     60.990400    38.202100    66.190700
N     61.140977    38.587320    64.926646
H     60.830460    39.249822    65.622900
H     61.337146    37.632282    65.190313
N     60.581501    39.074504    67.107549
H     60.777670    38.119466    67.371216
H     60.695849    39.367040    66.147628
N     61.248721    36.944476    66.537905
H     61.363070    37.237011    65.577984
H     60.938204    37.606978    67.234159
C     60.542700    22.288100    53.749100
O     61.726525    22.349876    53.352563
O     59.831416    21.260717    53.781659
H     60.084721    23.223950    54.101861
Creating/Updating fragment attributes...
Number of Atoms in fragment: 88
Formula: C20N12H38O18
Label: CHHCCOOOCHCHCCHCHCHOHCOOCOOHCNHHNHHNHHCOOHCOOHCNHHNHHNHHCOOHCOOHCNHHNHHNHHCNHHNHHNHHCOOH
Charge: -2 Mult: 1

--------------------------------------------------------------------------------
>> shell8p1ts: 88 atoms (24 QM + 64 MM), MM net -2.00


                     #####################################                      
                     #                                   #                      
                     #     ORCATheory initialization     #                      
                     #                                   #                      
                     #####################################                      
Checking for ORCA location
 Using orcadir path provided: /home/apps2/ORCA/6.0.1 
Checking if ORCA binary works... yes 
ORCA parallel job requested with numcores: 8 . Make sure that the correct OpenMPI version (for the ORCA version) is available in your environment
OpenMPI binary directory found: /apps/openmpi/4.1.1/bin
Testing that mpirun is executable... yes 
OpenMPI version (mpirun -V): mpirun (Open MPI) 4.1.1

Report bugs to http://www.open-mpi.org/community/help/

bind_to_core_option: True

Creating ORCA object
ORCA dir: /home/apps2/ORCA/6.0.1
! B3LYP D3BJ def2-SVP def2/J RIJCOSX CPCM TightSCF
%cpcm epsilon 4.0 end
%scf MaxIter 300 Guess PModel end

ORCATheory object created!


                           #########################                            
                           #                       #                            
                           #     OpenMM Theory     #                            
                           #                       #                            
                           #########################                            
OpenMM CPU threads set to: 1
Imported OpenMM library version: 8.5.2

--------------------------------------------------------------------------------
                             Defining OpenMM object                             
--------------------------------------------------------------------------------

Printlevel: 2
No automatic constraints
AutoConstraint setting: None
Rigidwater constraints: False
Hydrogenmass option: 1.5 Da
Using platform: CPU

--------------------------------------------------------------------------------
                            Setting up force fields.                            
--------------------------------------------------------------------------------

Note: OpenMM will fail in this step if parameters are missing in topology and
      parameter files (e.g. nonbonded entries).

Defining new basic single-chain, multi-residue topology
Inside write_xmlfile_nonbonded
Wrote XML-file: dummy.xml
residueTemplates: {}
System is non-periodic.
nonbonded noPBC Method is: NoCutoff
Nonbonded cutoff : 20 Angstrom

----------------------
OpenMM system created.
----------------------
OpenMM Forces defined: [<openmm.openmm.NonbondedForce; proxy of <Swig Object of type 'OpenMM::NonbondedForce *' at 0x15204a352570> >, <openmm.openmm.CMMotionRemover; proxy of <Swig Object of type 'OpenMM::CMMotionRemover *' at 0x15204a352030> >]

Setting charges
Number of atoms in OpenMM system: 88

System constraints defined upon system creation: 0
Use printlevel =>3 to see list of all constraints

----------------------------------------------------------------------------
Time to calculate step (OpenMM object creation): 2.828 seconds, 0.0 minutes.
----------------------------------------------------------------------------


                            ########################                            
                            #                      #                            
                            #     QM/MM Theory     #                            
                            #                      #                            
                            ########################                            
QM-theory: ORCATheory
MM-theory: OpenMMTheory
All atoms in fragment: 88
QM region (24 atoms): [0, 1, 2, 3, 4, 5, 6, 7, 8, 9, 10, 11, 12, 13, 14, 15, 16, 17, 18, 19, 20, 21, 22, 23]
MM region (64 atoms)
QM/MM object selected to use 8 cores
Embedding: elstat
Reading in charges
Updating charges in OpenMM object.
Updating simulation object for modified Nonbonded force.

--------------------------------------------------------------------
Time to calculate step (update_charges): 0.002 seconds, 0.0 minutes.
--------------------------------------------------------------------
QM-region coordinates (before linkatoms):
   0    C  60.14190600   34.25017500   56.86750500
   1    H  60.65410400   33.35229400   57.20242100
   2    H  60.73860600   35.07435300   56.47491200
   3    C  58.80287300   34.45194900   57.16141800
   4    C  58.13069700   35.79868100   56.84307300
   5    O  58.86276300   36.77666300   56.53446600
   6    O  56.87734100   35.82963400   56.93983700
   7    O  58.04533200   33.51170800   57.60013500
   8    C  57.53567900   32.20862600   56.01945400
   9    H  56.92805500   31.57263500   56.66681400
  10    C  58.86068700   31.87524000   55.78984900
  11    H  59.36035100   31.12725100   56.40326400
  12    C  59.64119800   32.67145500   54.96010600
  13    C  58.97535300   33.57937300   54.02371700
  14    H  59.61208400   34.05213900   53.27111900
  15    C  57.64453400   33.77154800   54.05277400
  16    H  57.14874400   34.42947900   53.33266900
  17    C  56.77153500   33.13738000   55.09626400
  18    H  56.36648800   33.96180100   55.70835200
  19    O  55.70405500   32.44082700   54.44502300
  20    H  55.04194600   32.20048300   55.11214300
  21    C  61.07068900   32.21901900   54.67969600
  22    O  61.72429900   31.71851300   55.62834500
  23    O  61.44865900   32.31879300   53.48933100

Determining QM-MM/HL-LL boundary
Parameters determing connectivity:
Scaling factor: 1.0
Tolerance: 0.30000000000000004
QM atoms: [0, 1, 2, 3, 4, 5, 6, 7, 8, 9, 10, 11, 12, 13, 14, 15, 16, 17, 18, 19, 20, 21, 22, 23]
QM atoms to be excluded from boundary creation (excludeboundaryatomlist):  []
QM-MM boundary dictionary: {}

------------------------------------------------------------------------
Time to calculate step (get_boundary_atoms): 0.016 seconds, 0.0 minutes.
------------------------------------------------------------------------
No covalent QM-MM boundary. Linkatoms and dipole_correction options set to False
Removing constraints in OpenMM object for atoms: [0, 1, 2, 3, 4, 5, 6, 7, 8, 9, 10, 11, 12, 13, 14, 15, 16, 17, 18, 19, 20, 21, 22, 23]
Removing bonded terms for QM-region in MMtheory
Modifying bonded forces.


Number of bonded terms removed:
Harmonic Bond terms: 0
Harmonic Angle terms: 0
Periodic Torsion terms: 0
Custom Torsion terms: 0
CMAP Torsion terms: 0
CustomBond terms 0


--------------------------------------------------------------------------
Time to calculate step (modify_bonded_forces): 0.004 seconds, 0.0 minutes.
--------------------------------------------------------------------------
Removing nonbonded terms for QM-region in MMtheory (QM-QM interactions)
Add exceptions/exclusions. Removing i-j interactions for list: 24 atoms
Case Nonbondedforce. Adding Exception for ij pair.
Number of exceptions (Nonbondedforce) added: 276
Number of exclusions (CustomNonbondedforce) added: 0

--------------------------------------------------------------------
Time to calculate step (add exceptions): 0.002 seconds, 0.0 minutes.
--------------------------------------------------------------------
Charges of QM atoms set to 0 (since Electrostatic Embedding):
Setting QM charges to Zero

-------------------------------------------------------------------
Time to calculate step (ZeroQMCharges): 0.000 seconds, 0.0 minutes.
-------------------------------------------------------------------
Updating charges in OpenMM object.
Updating simulation object for modified Nonbonded force.

--------------------------------------------------------------------
Time to calculate step (update_charges): 0.000 seconds, 0.0 minutes.
--------------------------------------------------------------------
Deleting Coulombexceptions for atomlist: [0, 1, 2, 3, 4, 5, 6, 7, 8, 9, 10, 11, 12, 13, 14, 15, 16, 17, 18, 19, 20, 21, 22, 23]

-----------------------------------------------------------------------
Time to calculate step (delete_exceptions): 0.006 seconds, 0.0 minutes.
-----------------------------------------------------------------------


---------------------------------------------------------------------------
Time to calculate step (QM/MM object creation): 0.516 seconds, 0.0 minutes.
---------------------------------------------------------------------------


                 #############################################                  
                 #                                           #                  
                 #     geomeTRICOptimizer initialization     #                  
                 #                                           #                  
                 #############################################                  
Creating optimizer object
User-defined convergence criteria:
Theory is not periodic
Printlevel: 2
Coordinate system:  hdlc
Max iterations:  400
Frozen atoms: [24, 25, 26, 27, 28, 29, 30, 31, 32, 33, 34, 35, 36, 37, 38, 39, 40, 41, 42, 43, 44, 45, 46, 47, 48, 49, 50, 51, 52, 53, 54, 55, 56, 57, 58, 59, 60, 61, 62, 63, 64, 65, 66, 67, 68, 69, 70, 71, 72, 73, 74, 75, 76, 77, 78, 79, 80, 81, 82, 83, 84, 85, 86, 87]
Active Region: False
TS Optimization: False
Hessian Option: None
Convergence criteria: {'convergence_energy': 1e-05, 'convergence_grms': 0.003, 'convergence_gmax': 0.006, 'convergence_drms': 0.01, 'convergence_dmax': 0.015, 'convergence_cmax': 0.01}


--------------------------------------------------------------------------------
                            Running geomeTRIC object                            
--------------------------------------------------------------------------------

 
Doing geometry optimization on fragment. Formula: C20N12H38O18 Label: CHHCCOOOCHCHCCHCHCHOHCOOCOOHCNHHNHHNHHCOOHCOOHCNHHNHHNHHCOOHCOOHCNHHNHHNHHCNHHNHHNHHCOOH  
No constraints provided to run method.
Testing if constraints present in optimizer object
No constraints in optimizer object.
Now testing if constraints in fragment object 
No constraints in fragment object.

Constraints:  None
constrainvalue:  False
Inside define_constraints
Constraints: None
Inside write_constraintsfile
Writing frozen atom constraints
Wrote XYZ file:  initialxyzfiletric.xyz
No Hessian option provided.
self.constraintsfile: constraints.txt
Convergence criteria: {'convergence_energy': 1e-05, 'convergence_grms': 0.003, 'convergence_gmax': 0.006, 'convergence_drms': 0.01, 'convergence_dmax': 0.015, 'convergence_cmax': 0.01}
Hessian option: None
Coordinate system: hdlc
Starting optimization

--------------------------------------------------------------------------------------
Time to calculate step (Time spent before run_optimizer): 30.432 seconds, 0.5 minutes.
--------------------------------------------------------------------------------------
geometric called detect_dft option option for ASHengineclass.

Convergence criteria: {'convergence_energy': 1e-05, 'convergence_grms': 0.003, 'convergence_gmax': 0.006, 'convergence_drms': 0.01, 'convergence_dmax': 0.015, 'convergence_cmax': 0.01}

Replacing coordinates in fragment.
Creating/Updating fragment attributes...
Number of Atoms in fragment: 88
Formula: C20N12H38O18
Label: CHHCCOOOCHCHCCHCHCHOHCOOCOOHCNHHNHHNHHCOOHCOOHCNHHNHHNHHCOOHCOOHCNHHNHHNHHCNHHNHHNHHCOOH
Charge: -2 Mult: 1

--------------------------------------------------------------------------------
Wrote XYZ file:  Fragment-currentgeo.xyz
Current geometry (Å) in step 0 (print_atoms_list region)
---------------------------------------------------
        C  60.14190600   34.25017500   56.86750500
        H  60.65410400   33.35229400   57.20242100
        H  60.73860600   35.07435300   56.47491200
        C  58.80287300   34.45194900   57.16141800
        C  58.13069700   35.79868100   56.84307300
        O  58.86276300   36.77666300   56.53446600
        O  56.87734100   35.82963400   56.93983700
        O  58.04533200   33.51170800   57.60013500
        C  57.53567900   32.20862600   56.01945400
        H  56.92805500   31.57263500   56.66681400
        C  58.86068700   31.87524000   55.78984900
        H  59.36035100   31.12725100   56.40326400
        C  59.64119800   32.67145500   54.96010600
        C  58.97535300   33.57937300   54.02371700
        H  59.61208400   34.05213900   53.27111900
        C  57.64453400   33.77154800   54.05277400
        H  57.14874400   34.42947900   53.33266900
        C  56.77153500   33.13738000   55.09626400
        H  56.36648800   33.96180100   55.70835200
        O  55.70405500   32.44082700   54.44502300
        H  55.04194600   32.20048300   55.11214300
        C  61.07068900   32.21901900   54.67969600
        O  61.72429900   31.71851300   55.62834500
        O  61.44865900   32.31879300   53.48933100
        C  64.93960000   33.26550000   44.42870000
        O  66.12342500   33.32727600   44.03216300
        O  64.22831600   32.23811700   44.46125900
        H  64.48162100   34.20135000   44.78146100
        C  57.48340000   32.05040000   67.31550000
        N  57.63397700   32.43562000   66.05144600
        H  57.32346000   33.09812200   66.74770000
        H  57.83014600   31.48058200   66.31511300
        N  57.07450100   32.92280400   68.23234900
        H  57.27067000   31.96776600   68.49601600
        H  57.18884900   33.21534000   67.27242800
        N  57.74172100   30.79277600   67.66270500
        H  57.85607000   31.08531100   66.70278400
        H  57.43120400   31.45527800   68.35895900
        C  57.23480000   27.87720000   45.86430000
        O  58.41862500   27.93897600   45.46776300
        O  56.52351600   26.84981700   45.89685900
        H  56.77682100   28.81305000   46.21706100
        C  70.60420000   27.88010000   55.89570000
        O  71.78802500   27.94187600   55.49916300
        O  69.89291600   26.85271700   55.92825900
        H  70.14622100   28.81595000   56.24846100
        C  56.61970000   24.87390000   63.10710000
        N  56.77027700   25.25912000   61.84304600
        H  56.45976000   25.92162200   62.53930000
        H  56.96644600   24.30408200   62.10671300
        N  56.21080100   25.74630400   64.02394900
        H  56.40697000   24.79126600   64.28761600
        H  56.32514900   26.03884000   63.06402800
        N  56.87802100   23.61627600   63.45430500
        H  56.99237000   23.90881100   62.49438400
        H  56.56750400   24.27877800   64.15055900
        C  67.62720000   26.53280000   48.41340000
        O  68.81102500   26.59457600   48.01686300
        O  66.91591600   25.50541700   48.44595900
        H  67.16922100   27.46865000   48.76616100
        C  67.23540000   23.78030000   55.38840000
        O  68.41922500   23.84207600   54.99186300
        O  66.52411600   22.75291700   55.42095900
        H  66.77742100   24.71615000   55.74116100
        C  52.05360000   26.34030000   62.61070000
        N  52.20417700   26.72552000   61.34664600
        H  51.89366000   27.38802200   62.04290000
        H  52.40034600   25.77048200   61.61031300
        N  51.64470100   27.21270400   63.52754900
        H  51.84087000   26.25766600   63.79121600
        H  51.75904900   27.50524000   62.56762800
        N  52.31192100   25.08267600   62.95790500
        H  52.42627000   25.37521100   61.99798400
        H  52.00140400   25.74517800   63.65415900
        C  60.99040000   38.20210000   66.19070000
        N  61.14097700   38.58732000   64.92664600
        H  60.83046000   39.24982200   65.62290000
        H  61.33714600   37.63228200   65.19031300
        N  60.58150100   39.07450400   67.10754900
        H  60.77767000   38.11946600   67.37121600
        H  60.69584900   39.36704000   66.14762800
        N  61.24872100   36.94447600   66.53790500
        H  61.36307000   37.23701100   65.57798400
        H  60.93820400   37.60697800   67.23415900
        C  60.54270000   22.28810000   53.74910000
        O  61.72652500   22.34987600   53.35256300
        O  59.83141600   21.26071700   53.78165900
        H  60.08472100   23.22395000   54.10186100

Note: printed only print_atoms_list (this is not necessarily all atoms) 
  ------------RUNNING QM/MM MODULE------------- 
QM Module: ORCATheory
MM Module: OpenMMTheory
Charge provided from QMMMTheory object:  -2
Mult provided from QMMMTheory object:  1
QM-region Charge: -2 Mult: 1
Embedding: Electrostatic
First QMMMTheory run. Running runprep
Inside QMMMTheory runprep

-------------------------------------------------------------
Time to calculate step (runprep): 0.000 seconds, 0.0 minutes.
-------------------------------------------------------------
Number of pointcharges (to QM program): 64
Number of charge coordinates: 64
Running QM/MM object with 8 cores available

-------------------------------------------------------------------
Time to calculate step (before-QMstep): 0.000 seconds, 0.0 minutes.
-------------------------------------------------------------------
  ------------RUNNING ORCA INTERFACE------------- 
Object-label: ORCA
Run-label: None
Running ORCA with 8 cores available
Moreadfile option not active
No orca.gbw file is present in dir.
Checking if a file orca.gbw exists in parentdir:
Found no file. ORCA will guess new orbitals
Creating inputfile: orca.inp
ORCA input:
! B3LYP D3BJ def2-SVP def2/J RIJCOSX CPCM TightSCF

! Noautostart


%cpcm epsilon 4.0 end
%scf MaxIter 300 Guess PModel end
Charge: -2  Mult: 1
Pointcharge embedding is on!
 ORCA Calculation starting. 
Found warning messages in ORCA outputfile:
WARNING: The chosen methods will break translational/rotational symmetry
 WARNING: The chosen methods will break translational symmetry
 WARNING: The chosen methods will break translational symmetry
 Warning: op=0 Small HOMO/LUMO gap (   0.070) - skipping pre-diagonalization

 ORCA Calculation done. 
ORCA converged in 16 iterations
ORCA energy: -836.215986400571
  ------------ENDING ORCA-INTERFACE------------- 

----------------------------------------------------------------
Time to calculate step (ORCA run): 403.510 seconds, 6.7 minutes.
----------------------------------------------------------------

---------------------------------------------------------------
Time to calculate step (QM step): 403.510 seconds, 6.7 minutes.
---------------------------------------------------------------

----------------------------------------------------------------------
Time to calculate step (QMpcgrad prepare): 0.000 seconds, 0.0 minutes.
----------------------------------------------------------------------

--------------------------------------------------------------------------
Time to calculate step (linkatomgrad prepare): 0.000 seconds, 0.0 minutes.
--------------------------------------------------------------------------

----------------------------------------------------------------------------
Time to calculate step (QM/MM gradient prepare): 0.000 seconds, 0.0 minutes.
----------------------------------------------------------------------------
Using OpenMM theory as part of QM/MM.
Using MM on full system. Charges for QM region [0, 1, 2, 3, 4, 5, 6, 7, 8, 9, 10, 11, 12, 13, 14, 15, 16, 17, 18, 19, 20, 21, 22, 23] have been set to zero 

--------------------------------------------------------------------------------
                   Creating/updating OpenMM simulation object                   
--------------------------------------------------------------------------------

Integrator name: VerletIntegrator
Timestep: 0.001
Temperature: 300
Coupling frequency: 1
Properties: {'Threads': '1'}
Topology: <Topology; 1 chains, 1 residues, 88 atoms, 0 bonds>

----------------------------------------------------------------------------------
Time to calculate step (creating/updating simulation): 0.001 seconds, 0.0 minutes.
----------------------------------------------------------------------------------

--------------------------------------------------------------------------------
                     Running Single-point OpenMM Interface                      
--------------------------------------------------------------------------------

Number of OpenMM system constraints defined: 0

-----------------------------------------------------------------------------------
Time to calculate step (OpenMMTheory.run: const-check): 0.001 seconds, 0.0 minutes.
-----------------------------------------------------------------------------------
Updating coordinates.

------------------------------------------------------------------------
Time to calculate step (Creating pos array): 0.000 seconds, 0.0 minutes.
------------------------------------------------------------------------

---------------------------------------------------------------------------
Time to calculate step (Updating MM positions): 0.000 seconds, 0.0 minutes.
---------------------------------------------------------------------------
Calling OpenMM getState.

---------------------------------------------------------------------
Time to calculate step (OpenMM getState): 0.000 seconds, 0.0 minutes.
---------------------------------------------------------------------
OpenMM Energy: -2.6452226236957346 Eh
OpenMM Energy: -1659.902257375124 kcal/mol

-----------------------
Ending OpenMM interface
-----------------------

----------------------------------------------------------------
Time to calculate step (OpenMM run): 0.002 seconds, 0.0 minutes.
----------------------------------------------------------------

-------------------------------------------------------------
Time to calculate step (MM step): 0.002 seconds, 0.0 minutes.
-------------------------------------------------------------

Note: You are using electrostatic embedding. This means that the QM-energy is actually the polarized QM-energy
Note: MM energy also contains the QM-MM Lennard-Jones interaction

QM energy:              -836.215986400571 
MM energy:                -2.645222623696
QM/MM energy:           -838.861209024267 

  ------------ENDING QM/MM MODULE------------- 

-----------------------------------------------------------------
Time to calculate step (QM/MM run): 403.512 seconds, 6.7 minutes.
-----------------------------------------------------------------

Convergence criteria: {'convergence_energy': 1e-05, 'convergence_grms': 0.003, 'convergence_gmax': 0.006, 'convergence_drms': 0.01, 'convergence_dmax': 0.015, 'convergence_cmax': 0.01}

Replacing coordinates in fragment.
Creating/Updating fragment attributes...
Number of Atoms in fragment: 88
Formula: C20N12H38O18
Label: CHHCCOOOCHCHCCHCHCHOHCOOCOOHCNHHNHHNHHCOOHCOOHCNHHNHHNHHCOOHCOOHCNHHNHHNHHCNHHNHHNHHCOOH
Charge: -2 Mult: 1

--------------------------------------------------------------------------------
Wrote XYZ file:  Fragment-currentgeo.xyz
Current geometry (Å) in step 0 (print_atoms_list region)
---------------------------------------------------
        C  60.12518597   34.25212432   56.88633683
        H  60.65652896   33.34958407   57.18880514
        H  60.72246647   35.06368977   56.46384798
        C  58.78542808   34.45733636   57.19044897
        C  58.10958113   35.80977202   56.83799550
        O  58.87380200   36.77011235   56.56151034
        O  56.85488819   35.86433523   56.97554031
        O  58.03775118   33.53978736   57.71083516
        C  57.54013428   32.19688385   56.00448982
        H  56.92179681   31.57590274   56.66308075
        C  58.85612347   31.85706535   55.77628541
        H  59.36546612   31.11044146   56.38770550
        C  59.64311482   32.65842399   54.94764581
        C  58.97842026   33.57622413   54.02101143
        H  59.61380812   34.05258444   53.27265629
        C  57.64798932   33.77024541   54.05484316
        H  57.14924511   34.42610366   53.33478694
        C  56.77341876   33.13490050   55.09513607
        H  56.37047931   33.95643172   55.71945789
        O  55.69959065   32.44237975   54.44065825
        H  55.04890272   32.20584826   55.11514991
        C  61.08731266   32.22143281   54.68427034
        O  61.68648513   31.74735738   55.68174805
        O  61.44183337   32.35827620   53.49806620
        C  64.93960000   33.26550000   44.42870000
        O  66.12342500   33.32727600   44.03216300
        O  64.22831600   32.23811700   44.46125900
        H  64.48162100   34.20135000   44.78146100
        C  57.48340000   32.05040000   67.31550000
        N  57.63397700   32.43562000   66.05144600
        H  57.32346000   33.09812200   66.74770000
        H  57.83014600   31.48058200   66.31511300
        N  57.07450100   32.92280400   68.23234900
        H  57.27067000   31.96776600   68.49601600
        H  57.18884900   33.21534000   67.27242800
        N  57.74172100   30.79277600   67.66270500
        H  57.85607000   31.08531100   66.70278400
        H  57.43120400   31.45527800   68.35895900
        C  57.23480000   27.87720000   45.86430000
        O  58.41862500   27.93897600   45.46776300
        O  56.52351600   26.84981700   45.89685900
        H  56.77682100   28.81305000   46.21706100
        C  70.60420000   27.88010000   55.89570000
        O  71.78802500   27.94187600   55.49916300
        O  69.89291600   26.85271700   55.92825900
        H  70.14622100   28.81595000   56.24846100
        C  56.61970000   24.87390000   63.10710000
        N  56.77027700   25.25912000   61.84304600
        H  56.45976000   25.92162200   62.53930000
        H  56.96644600   24.30408200   62.10671300
        N  56.21080100   25.74630400   64.02394900
        H  56.40697000   24.79126600   64.28761600
        H  56.32514900   26.03884000   63.06402800
        N  56.87802100   23.61627600   63.45430500
        H  56.99237000   23.90881100   62.49438400
        H  56.56750400   24.27877800   64.15055900
        C  67.62720000   26.53280000   48.41340000
        O  68.81102500   26.59457600   48.01686300
        O  66.91591600   25.50541700   48.44595900
        H  67.16922100   27.46865000   48.76616100
        C  67.23540000   23.78030000   55.38840000
        O  68.41922500   23.84207600   54.99186300
        O  66.52411600   22.75291700   55.42095900
        H  66.77742100   24.71615000   55.74116100
        C  52.05360000   26.34030000   62.61070000
        N  52.20417700   26.72552000   61.34664600
        H  51.89366000   27.38802200   62.04290000
        H  52.40034600   25.77048200   61.61031300
        N  51.64470100   27.21270400   63.52754900
        H  51.84087000   26.25766600   63.79121600
        H  51.75904900   27.50524000   62.56762800
        N  52.31192100   25.08267600   62.95790500
        H  52.42627000   25.37521100   61.99798400
        H  52.00140400   25.74517800   63.65415900
        C  60.99040000   38.20210000   66.19070000
        N  61.14097700   38.58732000   64.92664600
        H  60.83046000   39.24982200   65.62290000
        H  61.33714600   37.63228200   65.19031300
        N  60.58150100   39.07450400   67.10754900
        H  60.77767000   38.11946600   67.37121600
        H  60.69584900   39.36704000   66.14762800
        N  61.24872100   36.94447600   66.53790500
        H  61.36307000   37.23701100   65.57798400
        H  60.93820400   37.60697800   67.23415900
        C  60.54270000   22.28810000   53.74910000
        O  61.72652500   22.34987600   53.35256300
        O  59.83141600   21.26071700   53.78165900
        H  60.08472100   23.22395000   54.10186100

Note: printed only print_atoms_list (this is not necessarily all atoms) 
  ------------RUNNING QM/MM MODULE------------- 
QM Module: ORCATheory
MM Module: OpenMMTheory
Charge provided from QMMMTheory object:  -2
Mult provided from QMMMTheory object:  1
QM-region Charge: -2 Mult: 1
Embedding: Electrostatic
Number of pointcharges (to QM program): 64
Number of charge coordinates: 64
Running QM/MM object with 8 cores available

-------------------------------------------------------------------
Time to calculate step (before-QMstep): 0.000 seconds, 0.0 minutes.
-------------------------------------------------------------------
  ------------RUNNING ORCA INTERFACE------------- 
Object-label: ORCA
Run-label: None
Running ORCA with 8 cores available
Moreadfile option not active
A GBW-file with same basename : orca.gbw is present
Autostart is False. ORCA will ignore any file present
Creating inputfile: orca.inp
ORCA input:
! B3LYP D3BJ def2-SVP def2/J RIJCOSX CPCM TightSCF

! Noautostart

%cpcm epsilon 4.0 end
%scf MaxIter 300 Guess PModel end
Charge: -2  Mult: 1
Pointcharge embedding is on!
 ORCA Calculation starting. 
Found warning messages in ORCA outputfile:
WARNING: The chosen methods will break translational/rotational symmetry
 WARNING: The chosen methods will break translational symmetry
 WARNING: The chosen methods will break translational symmetry
 Warning: op=0 Small HOMO/LUMO gap (   0.075) - skipping pre-diagonalization

 ORCA Calculation done. 
ORCA converged in 17 iterations
ORCA energy: -836.221902337186
  ------------ENDING ORCA-INTERFACE------------- 

----------------------------------------------------------------
Time to calculate step (ORCA run): 386.363 seconds, 6.4 minutes.
----------------------------------------------------------------

---------------------------------------------------------------
Time to calculate step (QM step): 386.363 seconds, 6.4 minutes.
---------------------------------------------------------------

----------------------------------------------------------------------
Time to calculate step (QMpcgrad prepare): 0.000 seconds, 0.0 minutes.
----------------------------------------------------------------------

--------------------------------------------------------------------------
Time to calculate step (linkatomgrad prepare): 0.000 seconds, 0.0 minutes.
--------------------------------------------------------------------------

----------------------------------------------------------------------------
Time to calculate step (QM/MM gradient prepare): 0.000 seconds, 0.0 minutes.
----------------------------------------------------------------------------
Using OpenMM theory as part of QM/MM.
Using MM on full system. Charges for QM region [0, 1, 2, 3, 4, 5, 6, 7, 8, 9, 10, 11, 12, 13, 14, 15, 16, 17, 18, 19, 20, 21, 22, 23] have been set to zero 

--------------------------------------------------------------------------------
                   Creating/updating OpenMM simulation object                   
--------------------------------------------------------------------------------

Integrator name: VerletIntegrator
Timestep: 0.001
Temperature: 300
Coupling frequency: 1
Properties: {'Threads': '1'}
Topology: <Topology; 1 chains, 1 residues, 88 atoms, 0 bonds>

----------------------------------------------------------------------------------
Time to calculate step (creating/updating simulation): 0.002 seconds, 0.0 minutes.
----------------------------------------------------------------------------------

--------------------------------------------------------------------------------
                     Running Single-point OpenMM Interface                      
--------------------------------------------------------------------------------

Number of OpenMM system constraints defined: 0

-----------------------------------------------------------------------------------
Time to calculate step (OpenMMTheory.run: const-check): 0.002 seconds, 0.0 minutes.
-----------------------------------------------------------------------------------
Updating coordinates.

------------------------------------------------------------------------
Time to calculate step (Creating pos array): 0.000 seconds, 0.0 minutes.
------------------------------------------------------------------------

---------------------------------------------------------------------------
Time to calculate step (Updating MM positions): 0.000 seconds, 0.0 minutes.
---------------------------------------------------------------------------
Calling OpenMM getState.

---------------------------------------------------------------------
Time to calculate step (OpenMM getState): 0.000 seconds, 0.0 minutes.
---------------------------------------------------------------------
OpenMM Energy: -2.645223352894927 Eh
OpenMM Energy: -1659.9027149545257 kcal/mol

-----------------------
Ending OpenMM interface
-----------------------

----------------------------------------------------------------
Time to calculate step (OpenMM run): 0.003 seconds, 0.0 minutes.
----------------------------------------------------------------

-------------------------------------------------------------
Time to calculate step (MM step): 0.004 seconds, 0.0 minutes.
-------------------------------------------------------------

Note: You are using electrostatic embedding. This means that the QM-energy is actually the polarized QM-energy
Note: MM energy also contains the QM-MM Lennard-Jones interaction

QM energy:              -836.221902337186 
MM energy:                -2.645223352895
QM/MM energy:           -838.867125690081 

  ------------ENDING QM/MM MODULE------------- 

-----------------------------------------------------------------
Time to calculate step (QM/MM run): 386.367 seconds, 6.4 minutes.
-----------------------------------------------------------------
geometric called save_guess_files option option for ASHengineclass.
This option is currently unsupported in ASH. Continuing.

Convergence criteria: {'convergence_energy': 1e-05, 'convergence_grms': 0.003, 'convergence_gmax': 0.006, 'convergence_drms': 0.01, 'convergence_dmax': 0.015, 'convergence_cmax': 0.01}

Replacing coordinates in fragment.
Creating/Updating fragment attributes...
Number of Atoms in fragment: 88
Formula: C20N12H38O18
Label: CHHCCOOOCHCHCCHCHCHOHCOOCOOHCNHHNHHNHHCOOHCOOHCNHHNHHNHHCOOHCOOHCNHHNHHNHHCNHHNHHNHHCOOH
Charge: -2 Mult: 1

--------------------------------------------------------------------------------
Wrote XYZ file:  Fragment-currentgeo.xyz
Current geometry (Å) in step 0 (print_atoms_list region)
---------------------------------------------------
        C  60.10341624   34.25299903   56.90821003
        H  60.64564777   33.34098113   57.16918629
        H  60.68906023   35.05271688   56.44589823
        C  58.77118856   34.46584909   57.24980322
        C  58.10180562   35.83620540   56.89610134
        O  58.86594009   36.78002483   56.58467533
        O  56.84098596   35.89844258   57.00406723
        O  58.03477273   33.56719599   57.81885239
        C  57.52867380   32.16548116   55.98550296
        H  56.90032199   31.56763709   56.65674105
        C  58.83848818   31.84271035   55.77456851
        H  59.36533656   31.09286044   56.37047482
        C  59.62936673   32.65713526   54.94344359
        C  58.97673669   33.57751907   54.01924443
        H  59.61330785   34.05550334   53.27434319
        C  57.64714172   33.77092288   54.05833184
        H  57.14738654   34.42461933   53.33741023
        C  56.77423518   33.12949472   55.09652877
        H  56.37538006   33.94515560   55.73673025
        O  55.69114669   32.45109783   54.43611463
        H  55.05330716   32.21243463   55.11919678
        C  61.09782901   32.24347626   54.72092184
        O  61.68642102   31.77775732   55.72488179
        O  61.44443074   32.40054513   53.54281209
        C  64.93960000   33.26550000   44.42870000
        O  66.12342500   33.32727600   44.03216300
        O  64.22831600   32.23811700   44.46125900
        H  64.48162100   34.20135000   44.78146100
        C  57.48340000   32.05040000   67.31550000
        N  57.63397700   32.43562000   66.05144600
        H  57.32346000   33.09812200   66.74770000
        H  57.83014600   31.48058200   66.31511300
        N  57.07450100   32.92280400   68.23234900
        H  57.27067000   31.96776600   68.49601600
        H  57.18884900   33.21534000   67.27242800
        N  57.74172100   30.79277600   67.66270500
        H  57.85607000   31.08531100   66.70278400
        H  57.43120400   31.45527800   68.35895900
        C  57.23480000   27.87720000   45.86430000
        O  58.41862500   27.93897600   45.46776300
        O  56.52351600   26.84981700   45.89685900
        H  56.77682100   28.81305000   46.21706100
        C  70.60420000   27.88010000   55.89570000
        O  71.78802500   27.94187600   55.49916300
        O  69.89291600   26.85271700   55.92825900
        H  70.14622100   28.81595000   56.24846100
        C  56.61970000   24.87390000   63.10710000
        N  56.77027700   25.25912000   61.84304600
        H  56.45976000   25.92162200   62.53930000
        H  56.96644600   24.30408200   62.10671300
        N  56.21080100   25.74630400   64.02394900
        H  56.40697000   24.79126600   64.28761600
        H  56.32514900   26.03884000   63.06402800
        N  56.87802100   23.61627600   63.45430500
        H  56.99237000   23.90881100   62.49438400
        H  56.56750400   24.27877800   64.15055900
        C  67.62720000   26.53280000   48.41340000
        O  68.81102500   26.59457600   48.01686300
        O  66.91591600   25.50541700   48.44595900
        H  67.16922100   27.46865000   48.76616100
        C  67.23540000   23.78030000   55.38840000
        O  68.41922500   23.84207600   54.99186300
        O  66.52411600   22.75291700   55.42095900
        H  66.77742100   24.71615000   55.74116100
        C  52.05360000   26.34030000   62.61070000
        N  52.20417700   26.72552000   61.34664600
        H  51.89366000   27.38802200   62.04290000
        H  52.40034600   25.77048200   61.61031300
        N  51.64470100   27.21270400   63.52754900
        H  51.84087000   26.25766600   63.79121600
        H  51.75904900   27.50524000   62.56762800
        N  52.31192100   25.08267600   62.95790500
        H  52.42627000   25.37521100   61.99798400
        H  52.00140400   25.74517800   63.65415900
        C  60.99040000   38.20210000   66.19070000
        N  61.14097700   38.58732000   64.92664600
        H  60.83046000   39.24982200   65.62290000
        H  61.33714600   37.63228200   65.19031300
        N  60.58150100   39.07450400   67.10754900
        H  60.77767000   38.11946600   67.37121600
        H  60.69584900   39.36704000   66.14762800
        N  61.24872100   36.94447600   66.53790500
        H  61.36307000   37.23701100   65.57798400
        H  60.93820400   37.60697800   67.23415900
        C  60.54270000   22.28810000   53.74910000
        O  61.72652500   22.34987600   53.35256300
        O  59.83141600   21.26071700   53.78165900
        H  60.08472100   23.22395000   54.10186100

Note: printed only print_atoms_list (this is not necessarily all atoms) 
  ------------RUNNING QM/MM MODULE------------- 
QM Module: ORCATheory
MM Module: OpenMMTheory
Charge provided from QMMMTheory object:  -2
Mult provided from QMMMTheory object:  1
QM-region Charge: -2 Mult: 1
Embedding: Electrostatic
Number of pointcharges (to QM program): 64
Number of charge coordinates: 64
Running QM/MM object with 8 cores available

-------------------------------------------------------------------
Time to calculate step (before-QMstep): 0.000 seconds, 0.0 minutes.
-------------------------------------------------------------------
  ------------RUNNING ORCA INTERFACE------------- 
Object-label: ORCA
Run-label: None
Running ORCA with 8 cores available
Moreadfile option not active
A GBW-file with same basename : orca.gbw is present
Autostart is False. ORCA will ignore any file present
Creating inputfile: orca.inp
ORCA input:
! B3LYP D3BJ def2-SVP def2/J RIJCOSX CPCM TightSCF

! Noautostart

%cpcm epsilon 4.0 end
%scf MaxIter 300 Guess PModel end
Charge: -2  Mult: 1
Pointcharge embedding is on!
 ORCA Calculation starting. 
Found warning messages in ORCA outputfile:
WARNING: The chosen methods will break translational/rotational symmetry
 WARNING: The chosen methods will break translational symmetry
 WARNING: The chosen methods will break translational symmetry
 Warning: op=0 Small HOMO/LUMO gap (   0.066) - skipping pre-diagonalization

 ORCA Calculation done. 
ORCA converged in 15 iterations
ORCA energy: -836.225788208645
  ------------ENDING ORCA-INTERFACE------------- 

----------------------------------------------------------------
Time to calculate step (ORCA run): 374.999 seconds, 6.2 minutes.
----------------------------------------------------------------

---------------------------------------------------------------
Time to calculate step (QM step): 374.999 seconds, 6.2 minutes.
---------------------------------------------------------------

----------------------------------------------------------------------
Time to calculate step (QMpcgrad prepare): 0.000 seconds, 0.0 minutes.
----------------------------------------------------------------------

--------------------------------------------------------------------------
Time to calculate step (linkatomgrad prepare): 0.000 seconds, 0.0 minutes.
--------------------------------------------------------------------------

----------------------------------------------------------------------------
Time to calculate step (QM/MM gradient prepare): 0.000 seconds, 0.0 minutes.
----------------------------------------------------------------------------
Using OpenMM theory as part of QM/MM.
Using MM on full system. Charges for QM region [0, 1, 2, 3, 4, 5, 6, 7, 8, 9, 10, 11, 12, 13, 14, 15, 16, 17, 18, 19, 20, 21, 22, 23] have been set to zero 

--------------------------------------------------------------------------------
                   Creating/updating OpenMM simulation object                   
--------------------------------------------------------------------------------

Integrator name: VerletIntegrator
Timestep: 0.001
Temperature: 300
Coupling frequency: 1
Properties: {'Threads': '1'}
Topology: <Topology; 1 chains, 1 residues, 88 atoms, 0 bonds>

----------------------------------------------------------------------------------
Time to calculate step (creating/updating simulation): 0.002 seconds, 0.0 minutes.
----------------------------------------------------------------------------------

--------------------------------------------------------------------------------
                     Running Single-point OpenMM Interface                      
--------------------------------------------------------------------------------

Number of OpenMM system constraints defined: 0

-----------------------------------------------------------------------------------
Time to calculate step (OpenMMTheory.run: const-check): 0.002 seconds, 0.0 minutes.
-----------------------------------------------------------------------------------
Updating coordinates.

------------------------------------------------------------------------
Time to calculate step (Creating pos array): 0.000 seconds, 0.0 minutes.
------------------------------------------------------------------------

---------------------------------------------------------------------------
Time to calculate step (Updating MM positions): 0.000 seconds, 0.0 minutes.
---------------------------------------------------------------------------
Calling OpenMM getState.

---------------------------------------------------------------------
Time to calculate step (OpenMM getState): 0.000 seconds, 0.0 minutes.
---------------------------------------------------------------------
OpenMM Energy: -2.6452243856187896 Eh
OpenMM Energy: -1659.9033629985336 kcal/mol

-----------------------
Ending OpenMM interface
-----------------------

----------------------------------------------------------------
Time to calculate step (OpenMM run): 0.003 seconds, 0.0 minutes.
----------------------------------------------------------------

-------------------------------------------------------------
Time to calculate step (MM step): 0.004 seconds, 0.0 minutes.
-------------------------------------------------------------

Note: You are using electrostatic embedding. This means that the QM-energy is actually the polarized QM-energy
Note: MM energy also contains the QM-MM Lennard-Jones interaction

QM energy:              -836.225788208645 
MM energy:                -2.645224385619
QM/MM energy:           -838.871012594264 

  ------------ENDING QM/MM MODULE------------- 

-----------------------------------------------------------------
Time to calculate step (QM/MM run): 375.003 seconds, 6.3 minutes.
-----------------------------------------------------------------
geometric called save_guess_files option option for ASHengineclass.
This option is currently unsupported in ASH. Continuing.

Convergence criteria: {'convergence_energy': 1e-05, 'convergence_grms': 0.003, 'convergence_gmax': 0.006, 'convergence_drms': 0.01, 'convergence_dmax': 0.015, 'convergence_cmax': 0.01}

Replacing coordinates in fragment.
Creating/Updating fragment attributes...
Number of Atoms in fragment: 88
Formula: C20N12H38O18
Label: CHHCCOOOCHCHCCHCHCHOHCOOCOOHCNHHNHHNHHCOOHCOOHCNHHNHHNHHCOOHCOOHCNHHNHHNHHCNHHNHHNHHCOOH
Charge: -2 Mult: 1

--------------------------------------------------------------------------------
Wrote XYZ file:  Fragment-currentgeo.xyz
Current geometry (Å) in step 1 (print_atoms_list region)
---------------------------------------------------
        C  60.05613570   34.25351206   56.95004370
        H  60.60718864   33.32690627   57.14257392
        H  60.60293813   35.03033519   56.40406741
        C  58.74767126   34.49138395   57.39149716
        C  58.08012385   35.87407777   56.99155001
        O  58.85140799   36.80084990   56.66633191
        O  56.81681174   35.95598995   57.09889534
        O  58.03739516   33.63526393   58.03855004
        C  57.48972849   32.09010508   55.94032049
        H  56.85096240   31.53335039   56.63671390
        C  58.79952768   31.82518347   55.78254723
        H  59.34998242   31.06318603   56.34452208
        C  59.60774123   32.67740024   54.96373605
        C  58.97092244   33.58406977   54.03099313
        H  59.61189183   34.05886460   53.28719312
        C  57.63959870   33.77209334   54.06979813
        H  57.13763864   34.42223266   53.34732558
        C  56.77064180   33.11590889   55.10063317
        H  56.39001107   33.91834008   55.77404494
        O  55.66255642   32.48253992   54.42754257
        H  55.04937661   32.22376941   55.12475486
        C  61.11248594   32.30601794   54.80703972
        O  61.68234269   31.85375192   55.82018873
        O  61.47892431   32.48800291   53.64410554
        C  64.93960000   33.26550000   44.42870000
        O  66.12342500   33.32727600   44.03216300
        O  64.22831600   32.23811700   44.46125900
        H  64.48162100   34.20135000   44.78146100
        C  57.48340000   32.05040000   67.31550000
        N  57.63397700   32.43562000   66.05144600
        H  57.32346000   33.09812200   66.74770000
        H  57.83014600   31.48058200   66.31511300
        N  57.07450100   32.92280400   68.23234900
        H  57.27067000   31.96776600   68.49601600
        H  57.18884900   33.21534000   67.27242800
        N  57.74172100   30.79277600   67.66270500
        H  57.85607000   31.08531100   66.70278400
        H  57.43120400   31.45527800   68.35895900
        C  57.23480000   27.87720000   45.86430000
        O  58.41862500   27.93897600   45.46776300
        O  56.52351600   26.84981700   45.89685900
        H  56.77682100   28.81305000   46.21706100
        C  70.60420000   27.88010000   55.89570000
        O  71.78802500   27.94187600   55.49916300
        O  69.89291600   26.85271700   55.92825900
        H  70.14622100   28.81595000   56.24846100
        C  56.61970000   24.87390000   63.10710000
        N  56.77027700   25.25912000   61.84304600
        H  56.45976000   25.92162200   62.53930000
        H  56.96644600   24.30408200   62.10671300
        N  56.21080100   25.74630400   64.02394900
        H  56.40697000   24.79126600   64.28761600
        H  56.32514900   26.03884000   63.06402800
        N  56.87802100   23.61627600   63.45430500
        H  56.99237000   23.90881100   62.49438400
        H  56.56750400   24.27877800   64.15055900
        C  67.62720000   26.53280000   48.41340000
        O  68.81102500   26.59457600   48.01686300
        O  66.91591600   25.50541700   48.44595900
        H  67.16922100   27.46865000   48.76616100
        C  67.23540000   23.78030000   55.38840000
        O  68.41922500   23.84207600   54.99186300
        O  66.52411600   22.75291700   55.42095900
        H  66.77742100   24.71615000   55.74116100
        C  52.05360000   26.34030000   62.61070000
        N  52.20417700   26.72552000   61.34664600
        H  51.89366000   27.38802200   62.04290000
        H  52.40034600   25.77048200   61.61031300
        N  51.64470100   27.21270400   63.52754900
        H  51.84087000   26.25766600   63.79121600
        H  51.75904900   27.50524000   62.56762800
        N  52.31192100   25.08267600   62.95790500
        H  52.42627000   25.37521100   61.99798400
        H  52.00140400   25.74517800   63.65415900
        C  60.99040000   38.20210000   66.19070000
        N  61.14097700   38.58732000   64.92664600
        H  60.83046000   39.24982200   65.62290000
        H  61.33714600   37.63228200   65.19031300
        N  60.58150100   39.07450400   67.10754900
        H  60.77767000   38.11946600   67.37121600
        H  60.69584900   39.36704000   66.14762800
        N  61.24872100   36.94447600   66.53790500
        H  61.36307000   37.23701100   65.57798400
        H  60.93820400   37.60697800   67.23415900
        C  60.54270000   22.28810000   53.74910000
        O  61.72652500   22.34987600   53.35256300
        O  59.83141600   21.26071700   53.78165900
        H  60.08472100   23.22395000   54.10186100

Note: printed only print_atoms_list (this is not necessarily all atoms) 
  ------------RUNNING QM/MM MODULE------------- 
QM Module: ORCATheory
MM Module: OpenMMTheory
Charge provided from QMMMTheory object:  -2
Mult provided from QMMMTheory object:  1
QM-region Charge: -2 Mult: 1
Embedding: Electrostatic
Number of pointcharges (to QM program): 64
Number of charge coordinates: 64
Running QM/MM object with 8 cores available

-------------------------------------------------------------------
Time to calculate step (before-QMstep): 0.000 seconds, 0.0 minutes.
-------------------------------------------------------------------
  ------------RUNNING ORCA INTERFACE------------- 
Object-label: ORCA
Run-label: None
Running ORCA with 8 cores available
Moreadfile option not active
A GBW-file with same basename : orca.gbw is present
Autostart is False. ORCA will ignore any file present
Creating inputfile: orca.inp
ORCA input:
! B3LYP D3BJ def2-SVP def2/J RIJCOSX CPCM TightSCF

! Noautostart

%cpcm epsilon 4.0 end
%scf MaxIter 300 Guess PModel end
Charge: -2  Mult: 1
Pointcharge embedding is on!
 ORCA Calculation starting. 
Found warning messages in ORCA outputfile:
WARNING: The chosen methods will break translational/rotational symmetry
 WARNING: The chosen methods will break translational symmetry
 WARNING: The chosen methods will break translational symmetry
 Warning: op=0 Small HOMO/LUMO gap (   0.044) - skipping pre-diagonalization

 ORCA Calculation done. 
ORCA converged in 15 iterations
ORCA energy: -836.231016727349
  ------------ENDING ORCA-INTERFACE------------- 

----------------------------------------------------------------
Time to calculate step (ORCA run): 391.184 seconds, 6.5 minutes.
----------------------------------------------------------------

---------------------------------------------------------------
Time to calculate step (QM step): 391.184 seconds, 6.5 minutes.
---------------------------------------------------------------

----------------------------------------------------------------------
Time to calculate step (QMpcgrad prepare): 0.000 seconds, 0.0 minutes.
----------------------------------------------------------------------

--------------------------------------------------------------------------
Time to calculate step (linkatomgrad prepare): 0.000 seconds, 0.0 minutes.
--------------------------------------------------------------------------

----------------------------------------------------------------------------
Time to calculate step (QM/MM gradient prepare): 0.000 seconds, 0.0 minutes.
----------------------------------------------------------------------------
Using OpenMM theory as part of QM/MM.
Using MM on full system. Charges for QM region [0, 1, 2, 3, 4, 5, 6, 7, 8, 9, 10, 11, 12, 13, 14, 15, 16, 17, 18, 19, 20, 21, 22, 23] have been set to zero 

--------------------------------------------------------------------------------
                   Creating/updating OpenMM simulation object                   
--------------------------------------------------------------------------------

Integrator name: VerletIntegrator
Timestep: 0.001
Temperature: 300
Coupling frequency: 1
Properties: {'Threads': '1'}
Topology: <Topology; 1 chains, 1 residues, 88 atoms, 0 bonds>

----------------------------------------------------------------------------------
Time to calculate step (creating/updating simulation): 0.002 seconds, 0.0 minutes.
----------------------------------------------------------------------------------

--------------------------------------------------------------------------------
                     Running Single-point OpenMM Interface                      
--------------------------------------------------------------------------------

Number of OpenMM system constraints defined: 0

-----------------------------------------------------------------------------------
Time to calculate step (OpenMMTheory.run: const-check): 0.002 seconds, 0.0 minutes.
-----------------------------------------------------------------------------------
Updating coordinates.

------------------------------------------------------------------------
Time to calculate step (Creating pos array): 0.000 seconds, 0.0 minutes.
------------------------------------------------------------------------

---------------------------------------------------------------------------
Time to calculate step (Updating MM positions): 0.000 seconds, 0.0 minutes.
---------------------------------------------------------------------------
Calling OpenMM getState.

---------------------------------------------------------------------
Time to calculate step (OpenMM getState): 0.000 seconds, 0.0 minutes.
---------------------------------------------------------------------
OpenMM Energy: -2.64522684513843 Eh
OpenMM Energy: -1659.9049063704094 kcal/mol

-----------------------
Ending OpenMM interface
-----------------------

----------------------------------------------------------------
Time to calculate step (OpenMM run): 0.003 seconds, 0.0 minutes.
----------------------------------------------------------------

-------------------------------------------------------------
Time to calculate step (MM step): 0.004 seconds, 0.0 minutes.
-------------------------------------------------------------

Note: You are using electrostatic embedding. This means that the QM-energy is actually the polarized QM-energy
Note: MM energy also contains the QM-MM Lennard-Jones interaction

QM energy:              -836.231016727349 
MM energy:                -2.645226845138
QM/MM energy:           -838.876243572487 

  ------------ENDING QM/MM MODULE------------- 

-----------------------------------------------------------------
Time to calculate step (QM/MM run): 391.188 seconds, 6.5 minutes.
-----------------------------------------------------------------
geometric called save_guess_files option option for ASHengineclass.
This option is currently unsupported in ASH. Continuing.

Convergence criteria: {'convergence_energy': 1e-05, 'convergence_grms': 0.003, 'convergence_gmax': 0.006, 'convergence_drms': 0.01, 'convergence_dmax': 0.015, 'convergence_cmax': 0.01}

Replacing coordinates in fragment.
Creating/Updating fragment attributes...
Number of Atoms in fragment: 88
Formula: C20N12H38O18
Label: CHHCCOOOCHCHCCHCHCHOHCOOCOOHCNHHNHHNHHCOOHCOOHCNHHNHHNHHCOOHCOOHCNHHNHHNHHCNHHNHHNHHCOOH
Charge: -2 Mult: 1

--------------------------------------------------------------------------------
Wrote XYZ file:  Fragment-currentgeo.xyz
Current geometry (Å) in step 2 (print_atoms_list region)
---------------------------------------------------
        C  59.99782946   34.24117421   56.97193888
        H  60.55718618   33.31876934   57.14446836
        H  60.50121649   35.00522833   56.36938930
        C  58.71928419   34.50964174   57.51456114
        C  58.05673331   35.91007648   57.12758220
        O  58.82808367   36.81987715   56.75968470
        O  56.79280870   35.99133740   57.22056979
        O  58.05508994   33.71162884   58.26107481
        C  57.44487633   32.02416913   55.89334800
        H  56.81085061   31.47861862   56.60388947
        C  58.76682224   31.82158594   55.80170449
        H  59.31957302   31.04150317   56.33562857
        C  59.59726610   32.72009980   55.01714368
        C  58.96381705   33.59636686   54.06139737
        H  59.60899746   34.06385999   53.31460525
        C  57.62698548   33.77072342   54.08409576
        H  57.12274131   34.41608717   53.35909240
        C  56.75756288   33.10264691   55.10369708
        H  56.40642476   33.89183877   55.80974877
        O  55.61691343   32.53155012   54.42161147
        H  55.02793429   32.23279994   55.12516315
        C  61.12085859   32.38176289   54.90378177
        O  61.66574995   31.94133982   55.93266662
        O  61.53378975   32.58631123   53.75705962
        C  64.93960000   33.26550000   44.42870000
        O  66.12342500   33.32727600   44.03216300
        O  64.22831600   32.23811700   44.46125900
        H  64.48162100   34.20135000   44.78146100
        C  57.48340000   32.05040000   67.31550000
        N  57.63397700   32.43562000   66.05144600
        H  57.32346000   33.09812200   66.74770000
        H  57.83014600   31.48058200   66.31511300
        N  57.07450100   32.92280400   68.23234900
        H  57.27067000   31.96776600   68.49601600
        H  57.18884900   33.21534000   67.27242800
        N  57.74172100   30.79277600   67.66270500
        H  57.85607000   31.08531100   66.70278400
        H  57.43120400   31.45527800   68.35895900
        C  57.23480000   27.87720000   45.86430000
        O  58.41862500   27.93897600   45.46776300
        O  56.52351600   26.84981700   45.89685900
        H  56.77682100   28.81305000   46.21706100
        C  70.60420000   27.88010000   55.89570000
        O  71.78802500   27.94187600   55.49916300
        O  69.89291600   26.85271700   55.92825900
        H  70.14622100   28.81595000   56.24846100
        C  56.61970000   24.87390000   63.10710000
        N  56.77027700   25.25912000   61.84304600
        H  56.45976000   25.92162200   62.53930000
        H  56.96644600   24.30408200   62.10671300
        N  56.21080100   25.74630400   64.02394900
        H  56.40697000   24.79126600   64.28761600
        H  56.32514900   26.03884000   63.06402800
        N  56.87802100   23.61627600   63.45430500
        H  56.99237000   23.90881100   62.49438400
        H  56.56750400   24.27877800   64.15055900
        C  67.62720000   26.53280000   48.41340000
        O  68.81102500   26.59457600   48.01686300
        O  66.91591600   25.50541700   48.44595900
        H  67.16922100   27.46865000   48.76616100
        C  67.23540000   23.78030000   55.38840000
        O  68.41922500   23.84207600   54.99186300
        O  66.52411600   22.75291700   55.42095900
        H  66.77742100   24.71615000   55.74116100
        C  52.05360000   26.34030000   62.61070000
        N  52.20417700   26.72552000   61.34664600
        H  51.89366000   27.38802200   62.04290000
        H  52.40034600   25.77048200   61.61031300
        N  51.64470100   27.21270400   63.52754900
        H  51.84087000   26.25766600   63.79121600
        H  51.75904900   27.50524000   62.56762800
        N  52.31192100   25.08267600   62.95790500
        H  52.42627000   25.37521100   61.99798400
        H  52.00140400   25.74517800   63.65415900
        C  60.99040000   38.20210000   66.19070000
        N  61.14097700   38.58732000   64.92664600
        H  60.83046000   39.24982200   65.62290000
        H  61.33714600   37.63228200   65.19031300
        N  60.58150100   39.07450400   67.10754900
        H  60.77767000   38.11946600   67.37121600
        H  60.69584900   39.36704000   66.14762800
        N  61.24872100   36.94447600   66.53790500
        H  61.36307000   37.23701100   65.57798400
        H  60.93820400   37.60697800   67.23415900
        C  60.54270000   22.28810000   53.74910000
        O  61.72652500   22.34987600   53.35256300
        O  59.83141600   21.26071700   53.78165900
        H  60.08472100   23.22395000   54.10186100

Note: printed only print_atoms_list (this is not necessarily all atoms) 
  ------------RUNNING QM/MM MODULE------------- 
QM Module: ORCATheory
MM Module: OpenMMTheory
Charge provided from QMMMTheory object:  -2
Mult provided from QMMMTheory object:  1
QM-region Charge: -2 Mult: 1
Embedding: Electrostatic
Number of pointcharges (to QM program): 64
Number of charge coordinates: 64
Running QM/MM object with 8 cores available

-------------------------------------------------------------------
Time to calculate step (before-QMstep): 0.000 seconds, 0.0 minutes.
-------------------------------------------------------------------
  ------------RUNNING ORCA INTERFACE------------- 
Object-label: ORCA
Run-label: None
Running ORCA with 8 cores available
Moreadfile option not active
A GBW-file with same basename : orca.gbw is present
Autostart is False. ORCA will ignore any file present
Creating inputfile: orca.inp
ORCA input:
! B3LYP D3BJ def2-SVP def2/J RIJCOSX CPCM TightSCF

! Noautostart

%cpcm epsilon 4.0 end
%scf MaxIter 300 Guess PModel end
Charge: -2  Mult: 1
Pointcharge embedding is on!
 ORCA Calculation starting. 
Found warning messages in ORCA outputfile:
WARNING: The chosen methods will break translational/rotational symmetry
 WARNING: The chosen methods will break translational symmetry
 WARNING: The chosen methods will break translational symmetry
 Warning: op=0 Small HOMO/LUMO gap (   0.037) - skipping pre-diagonalization

 ORCA Calculation done. 
ORCA converged in 17 iterations
ORCA energy: -836.236132472446
  ------------ENDING ORCA-INTERFACE------------- 

----------------------------------------------------------------
Time to calculate step (ORCA run): 379.369 seconds, 6.3 minutes.
----------------------------------------------------------------

---------------------------------------------------------------
Time to calculate step (QM step): 379.369 seconds, 6.3 minutes.
---------------------------------------------------------------

----------------------------------------------------------------------
Time to calculate step (QMpcgrad prepare): 0.000 seconds, 0.0 minutes.
----------------------------------------------------------------------

--------------------------------------------------------------------------
Time to calculate step (linkatomgrad prepare): 0.000 seconds, 0.0 minutes.
--------------------------------------------------------------------------

----------------------------------------------------------------------------
Time to calculate step (QM/MM gradient prepare): 0.000 seconds, 0.0 minutes.
----------------------------------------------------------------------------
Using OpenMM theory as part of QM/MM.
Using MM on full system. Charges for QM region [0, 1, 2, 3, 4, 5, 6, 7, 8, 9, 10, 11, 12, 13, 14, 15, 16, 17, 18, 19, 20, 21, 22, 23] have been set to zero 

--------------------------------------------------------------------------------
                   Creating/updating OpenMM simulation object                   
--------------------------------------------------------------------------------

Integrator name: VerletIntegrator
Timestep: 0.001
Temperature: 300
Coupling frequency: 1
Properties: {'Threads': '1'}
Topology: <Topology; 1 chains, 1 residues, 88 atoms, 0 bonds>

----------------------------------------------------------------------------------
Time to calculate step (creating/updating simulation): 0.002 seconds, 0.0 minutes.
----------------------------------------------------------------------------------

--------------------------------------------------------------------------------
                     Running Single-point OpenMM Interface                      
--------------------------------------------------------------------------------

Number of OpenMM system constraints defined: 0

-----------------------------------------------------------------------------------
Time to calculate step (OpenMMTheory.run: const-check): 0.002 seconds, 0.0 minutes.
-----------------------------------------------------------------------------------
Updating coordinates.

------------------------------------------------------------------------
Time to calculate step (Creating pos array): 0.000 seconds, 0.0 minutes.
------------------------------------------------------------------------

---------------------------------------------------------------------------
Time to calculate step (Updating MM positions): 0.000 seconds, 0.0 minutes.
---------------------------------------------------------------------------
Calling OpenMM getState.

---------------------------------------------------------------------
Time to calculate step (OpenMM getState): 0.000 seconds, 0.0 minutes.
---------------------------------------------------------------------
OpenMM Energy: -2.645229661979157 Eh
OpenMM Energy: -1659.9066739646526 kcal/mol

-----------------------
Ending OpenMM interface
-----------------------

----------------------------------------------------------------
Time to calculate step (OpenMM run): 0.003 seconds, 0.0 minutes.
----------------------------------------------------------------

-------------------------------------------------------------
Time to calculate step (MM step): 0.004 seconds, 0.0 minutes.
-------------------------------------------------------------

Note: You are using electrostatic embedding. This means that the QM-energy is actually the polarized QM-energy
Note: MM energy also contains the QM-MM Lennard-Jones interaction

QM energy:              -836.236132472446 
MM energy:                -2.645229661979
QM/MM energy:           -838.881362134425 

  ------------ENDING QM/MM MODULE------------- 

-----------------------------------------------------------------
Time to calculate step (QM/MM run): 379.373 seconds, 6.3 minutes.
-----------------------------------------------------------------
geometric called save_guess_files option option for ASHengineclass.
This option is currently unsupported in ASH. Continuing.
geometric called clearCalcs option for ASHengineclass.
This option is currently unsupported in ASH. Continuing.

Convergence criteria: {'convergence_energy': 1e-05, 'convergence_grms': 0.003, 'convergence_gmax': 0.006, 'convergence_drms': 0.01, 'convergence_dmax': 0.015, 'convergence_cmax': 0.01}

Replacing coordinates in fragment.
Creating/Updating fragment attributes...
Number of Atoms in fragment: 88
Formula: C20N12H38O18
Label: CHHCCOOOCHCHCCHCHCHOHCOOCOOHCNHHNHHNHHCOOHCOOHCNHHNHHNHHCOOHCOOHCNHHNHHNHHCNHHNHHNHHCOOH
Charge: -2 Mult: 1

--------------------------------------------------------------------------------
Wrote XYZ file:  Fragment-currentgeo.xyz
Current geometry (Å) in step 3 (print_atoms_list region)
---------------------------------------------------
        C  59.86812923   34.20350715   56.98672570
        H  60.46514131   33.32019495   57.19573709
        H  60.30786484   34.95592281   56.32324595
        C  58.67111385   34.54386684   57.71435931
        C  58.00595164   35.94975021   57.34788489
        O  58.77263272   36.85625143   56.95958693
        O  56.75078129   36.02916277   57.48657622
        O  58.11577736   33.84496750   58.61879821
        C  57.37328514   31.92880935   55.81638501
        H  56.75203196   31.35349186   56.51795900
        C  58.71730105   31.83425470   55.85115976
        H  59.25277469   31.01936754   56.34783543
        C  59.58013871   32.82227357   55.15552798
        C  58.94737335   33.62928765   54.13687979
        H  59.59991444   34.08379113   53.38484569
        C  57.60084066   33.76326786   54.11031144
        H  57.09569165   34.39463337   53.37399272
        C  56.72283724   33.08195002   55.11082365
        H  56.43678043   33.84898399   55.87366507
        O  55.52119472   32.64069463   54.42532995
        H  54.97074866   32.24704171   55.11818856
        C  61.12170987   32.53029737   55.09621811
        O  61.63907953   32.08280613   56.13664484
        O  61.62538283   32.77358382   53.98517934
        C  64.93960000   33.26550000   44.42870000
        O  66.12342500   33.32727600   44.03216300
        O  64.22831600   32.23811700   44.46125900
        H  64.48162100   34.20135000   44.78146100
        C  57.48340000   32.05040000   67.31550000
        N  57.63397700   32.43562000   66.05144600
        H  57.32346000   33.09812200   66.74770000
        H  57.83014600   31.48058200   66.31511300
        N  57.07450100   32.92280400   68.23234900
        H  57.27067000   31.96776600   68.49601600
        H  57.18884900   33.21534000   67.27242800
        N  57.74172100   30.79277600   67.66270500
        H  57.85607000   31.08531100   66.70278400
        H  57.43120400   31.45527800   68.35895900
        C  57.23480000   27.87720000   45.86430000
        O  58.41862500   27.93897600   45.46776300
        O  56.52351600   26.84981700   45.89685900
        H  56.77682100   28.81305000   46.21706100
        C  70.60420000   27.88010000   55.89570000
        O  71.78802500   27.94187600   55.49916300
        O  69.89291600   26.85271700   55.92825900
        H  70.14622100   28.81595000   56.24846100
        C  56.61970000   24.87390000   63.10710000
        N  56.77027700   25.25912000   61.84304600
        H  56.45976000   25.92162200   62.53930000
        H  56.96644600   24.30408200   62.10671300
        N  56.21080100   25.74630400   64.02394900
        H  56.40697000   24.79126600   64.28761600
        H  56.32514900   26.03884000   63.06402800
        N  56.87802100   23.61627600   63.45430500
        H  56.99237000   23.90881100   62.49438400
        H  56.56750400   24.27877800   64.15055900
        C  67.62720000   26.53280000   48.41340000
        O  68.81102500   26.59457600   48.01686300
        O  66.91591600   25.50541700   48.44595900
        H  67.16922100   27.46865000   48.76616100
        C  67.23540000   23.78030000   55.38840000
        O  68.41922500   23.84207600   54.99186300
        O  66.52411600   22.75291700   55.42095900
        H  66.77742100   24.71615000   55.74116100
        C  52.05360000   26.34030000   62.61070000
        N  52.20417700   26.72552000   61.34664600
        H  51.89366000   27.38802200   62.04290000
        H  52.40034600   25.77048200   61.61031300
        N  51.64470100   27.21270400   63.52754900
        H  51.84087000   26.25766600   63.79121600
        H  51.75904900   27.50524000   62.56762800
        N  52.31192100   25.08267600   62.95790500
        H  52.42627000   25.37521100   61.99798400
        H  52.00140400   25.74517800   63.65415900
        C  60.99040000   38.20210000   66.19070000
        N  61.14097700   38.58732000   64.92664600
        H  60.83046000   39.24982200   65.62290000
        H  61.33714600   37.63228200   65.19031300
        N  60.58150100   39.07450400   67.10754900
        H  60.77767000   38.11946600   67.37121600
        H  60.69584900   39.36704000   66.14762800
        N  61.24872100   36.94447600   66.53790500
        H  61.36307000   37.23701100   65.57798400
        H  60.93820400   37.60697800   67.23415900
        C  60.54270000   22.28810000   53.74910000
        O  61.72652500   22.34987600   53.35256300
        O  59.83141600   21.26071700   53.78165900
        H  60.08472100   23.22395000   54.10186100

Note: printed only print_atoms_list (this is not necessarily all atoms) 
  ------------RUNNING QM/MM MODULE------------- 
QM Module: ORCATheory
MM Module: OpenMMTheory
Charge provided from QMMMTheory object:  -2
Mult provided from QMMMTheory object:  1
QM-region Charge: -2 Mult: 1
Embedding: Electrostatic
Number of pointcharges (to QM program): 64
Number of charge coordinates: 64
Running QM/MM object with 8 cores available

-------------------------------------------------------------------
Time to calculate step (before-QMstep): 0.000 seconds, 0.0 minutes.
-------------------------------------------------------------------
  ------------RUNNING ORCA INTERFACE------------- 
Object-label: ORCA
Run-label: None
Running ORCA with 8 cores available
Moreadfile option not active
A GBW-file with same basename : orca.gbw is present
Autostart is False. ORCA will ignore any file present
Creating inputfile: orca.inp
ORCA input:
! B3LYP D3BJ def2-SVP def2/J RIJCOSX CPCM TightSCF

! Noautostart

%cpcm epsilon 4.0 end
%scf MaxIter 300 Guess PModel end
Charge: -2  Mult: 1
Pointcharge embedding is on!
 ORCA Calculation starting. 
Found warning messages in ORCA outputfile:
WARNING: The chosen methods will break translational/rotational symmetry
 WARNING: The chosen methods will break translational symmetry
 WARNING: The chosen methods will break translational symmetry
 Warning: op=0 Small HOMO/LUMO gap (   0.052) - skipping pre-diagonalization

 ORCA Calculation done. 
ORCA converged in 14 iterations
ORCA energy: -836.245261292157
  ------------ENDING ORCA-INTERFACE------------- 

----------------------------------------------------------------
Time to calculate step (ORCA run): 350.487 seconds, 5.8 minutes.
----------------------------------------------------------------

---------------------------------------------------------------
Time to calculate step (QM step): 350.487 seconds, 5.8 minutes.
---------------------------------------------------------------

----------------------------------------------------------------------
Time to calculate step (QMpcgrad prepare): 0.000 seconds, 0.0 minutes.
----------------------------------------------------------------------

--------------------------------------------------------------------------
Time to calculate step (linkatomgrad prepare): 0.000 seconds, 0.0 minutes.
--------------------------------------------------------------------------

----------------------------------------------------------------------------
Time to calculate step (QM/MM gradient prepare): 0.000 seconds, 0.0 minutes.
----------------------------------------------------------------------------
Using OpenMM theory as part of QM/MM.
Using MM on full system. Charges for QM region [0, 1, 2, 3, 4, 5, 6, 7, 8, 9, 10, 11, 12, 13, 14, 15, 16, 17, 18, 19, 20, 21, 22, 23] have been set to zero 

--------------------------------------------------------------------------------
                   Creating/updating OpenMM simulation object                   
--------------------------------------------------------------------------------

Integrator name: VerletIntegrator
Timestep: 0.001
Temperature: 300
Coupling frequency: 1
Properties: {'Threads': '1'}
Topology: <Topology; 1 chains, 1 residues, 88 atoms, 0 bonds>

----------------------------------------------------------------------------------
Time to calculate step (creating/updating simulation): 0.002 seconds, 0.0 minutes.
----------------------------------------------------------------------------------

--------------------------------------------------------------------------------
                     Running Single-point OpenMM Interface                      
--------------------------------------------------------------------------------

Number of OpenMM system constraints defined: 0

-----------------------------------------------------------------------------------
Time to calculate step (OpenMMTheory.run: const-check): 0.002 seconds, 0.0 minutes.
-----------------------------------------------------------------------------------
Updating coordinates.

------------------------------------------------------------------------
Time to calculate step (Creating pos array): 0.000 seconds, 0.0 minutes.
------------------------------------------------------------------------

---------------------------------------------------------------------------
Time to calculate step (Updating MM positions): 0.000 seconds, 0.0 minutes.
---------------------------------------------------------------------------
Calling OpenMM getState.

---------------------------------------------------------------------
Time to calculate step (OpenMM getState): 0.001 seconds, 0.0 minutes.
---------------------------------------------------------------------
OpenMM Energy: -2.645235499363625 Eh
OpenMM Energy: -1659.9103369787101 kcal/mol

-----------------------
Ending OpenMM interface
-----------------------

----------------------------------------------------------------
Time to calculate step (OpenMM run): 0.003 seconds, 0.0 minutes.
----------------------------------------------------------------

-------------------------------------------------------------
Time to calculate step (MM step): 0.004 seconds, 0.0 minutes.
-------------------------------------------------------------

Note: You are using electrostatic embedding. This means that the QM-energy is actually the polarized QM-energy
Note: MM energy also contains the QM-MM Lennard-Jones interaction

QM energy:              -836.245261292157 
MM energy:                -2.645235499364
QM/MM energy:           -838.890496791521 

  ------------ENDING QM/MM MODULE------------- 

-----------------------------------------------------------------
Time to calculate step (QM/MM run): 350.492 seconds, 5.8 minutes.
-----------------------------------------------------------------
geometric called save_guess_files option option for ASHengineclass.
This option is currently unsupported in ASH. Continuing.

Convergence criteria: {'convergence_energy': 1e-05, 'convergence_grms': 0.003, 'convergence_gmax': 0.006, 'convergence_drms': 0.01, 'convergence_dmax': 0.015, 'convergence_cmax': 0.01}

Replacing coordinates in fragment.
Creating/Updating fragment attributes...
Number of Atoms in fragment: 88
Formula: C20N12H38O18
Label: CHHCCOOOCHCHCCHCHCHOHCOOCOOHCNHHNHHNHHCOOHCOOHCNHHNHHNHHCOOHCOOHCNHHNHHNHHCNHHNHHNHHCOOH
Charge: -2 Mult: 1

--------------------------------------------------------------------------------
Wrote XYZ file:  Fragment-currentgeo.xyz
Current geometry (Å) in step 4 (print_atoms_list region)
---------------------------------------------------
        C  59.63387481   34.10793161   56.96921001
        H  60.35127422   33.36918687   57.33961941
        H  60.03972613   34.88326517   56.30738539
        C  58.59766146   34.58426520   57.92668987
        C  57.92723189   35.98983750   57.67351812
        O  58.68115481   36.90184390   57.26332618
        O  56.69080478   36.05094287   57.89968598
        O  58.25263822   34.01360448   59.00714429
        C  57.29983240   31.83725472   55.72968684
        H  56.68417085   31.15564117   56.34891027
        C  58.65367231   31.87906417   55.94239134
        H  59.15103088   31.01312026   56.39336364
        C  59.54600295   33.00405601   55.42661334
        C  58.91835007   33.69061950   54.28315130
        H  59.58537504   34.12101021   53.52161129
        C  57.56463672   33.75013310   54.15366200
        H  57.06289558   34.34352378   53.38143009
        C  56.66386511   33.06299590   55.12994764
        H  56.47453023   33.79458677   55.96221630
        O  55.39262108   32.80509761   54.46635510
        H  54.87550304   32.26626412   55.09551457
        C  61.09668382   32.73650400   55.37516521
        O  61.58275636   32.25578535   56.42591895
        O  61.71920019   33.05111706   54.32521605
        C  64.93960000   33.26550000   44.42870000
        O  66.12342500   33.32727600   44.03216300
        O  64.22831600   32.23811700   44.46125900
        H  64.48162100   34.20135000   44.78146100
        C  57.48340000   32.05040000   67.31550000
        N  57.63397700   32.43562000   66.05144600
        H  57.32346000   33.09812200   66.74770000
        H  57.83014600   31.48058200   66.31511300
        N  57.07450100   32.92280400   68.23234900
        H  57.27067000   31.96776600   68.49601600
        H  57.18884900   33.21534000   67.27242800
        N  57.74172100   30.79277600   67.66270500
        H  57.85607000   31.08531100   66.70278400
        H  57.43120400   31.45527800   68.35895900
        C  57.23480000   27.87720000   45.86430000
        O  58.41862500   27.93897600   45.46776300
        O  56.52351600   26.84981700   45.89685900
        H  56.77682100   28.81305000   46.21706100
        C  70.60420000   27.88010000   55.89570000
        O  71.78802500   27.94187600   55.49916300
        O  69.89291600   26.85271700   55.92825900
        H  70.14622100   28.81595000   56.24846100
        C  56.61970000   24.87390000   63.10710000
        N  56.77027700   25.25912000   61.84304600
        H  56.45976000   25.92162200   62.53930000
        H  56.96644600   24.30408200   62.10671300
        N  56.21080100   25.74630400   64.02394900
        H  56.40697000   24.79126600   64.28761600
        H  56.32514900   26.03884000   63.06402800
        N  56.87802100   23.61627600   63.45430500
        H  56.99237000   23.90881100   62.49438400
        H  56.56750400   24.27877800   64.15055900
        C  67.62720000   26.53280000   48.41340000
        O  68.81102500   26.59457600   48.01686300
        O  66.91591600   25.50541700   48.44595900
        H  67.16922100   27.46865000   48.76616100
        C  67.23540000   23.78030000   55.38840000
        O  68.41922500   23.84207600   54.99186300
        O  66.52411600   22.75291700   55.42095900
        H  66.77742100   24.71615000   55.74116100
        C  52.05360000   26.34030000   62.61070000
        N  52.20417700   26.72552000   61.34664600
        H  51.89366000   27.38802200   62.04290000
        H  52.40034600   25.77048200   61.61031300
        N  51.64470100   27.21270400   63.52754900
        H  51.84087000   26.25766600   63.79121600
        H  51.75904900   27.50524000   62.56762800
        N  52.31192100   25.08267600   62.95790500
        H  52.42627000   25.37521100   61.99798400
        H  52.00140400   25.74517800   63.65415900
        C  60.99040000   38.20210000   66.19070000
        N  61.14097700   38.58732000   64.92664600
        H  60.83046000   39.24982200   65.62290000
        H  61.33714600   37.63228200   65.19031300
        N  60.58150100   39.07450400   67.10754900
        H  60.77767000   38.11946600   67.37121600
        H  60.69584900   39.36704000   66.14762800
        N  61.24872100   36.94447600   66.53790500
        H  61.36307000   37.23701100   65.57798400
        H  60.93820400   37.60697800   67.23415900
        C  60.54270000   22.28810000   53.74910000
        O  61.72652500   22.34987600   53.35256300
        O  59.83141600   21.26071700   53.78165900
        H  60.08472100   23.22395000   54.10186100

Note: printed only print_atoms_list (this is not necessarily all atoms) 
  ------------RUNNING QM/MM MODULE------------- 
QM Module: ORCATheory
MM Module: OpenMMTheory
Charge provided from QMMMTheory object:  -2
Mult provided from QMMMTheory object:  1
QM-region Charge: -2 Mult: 1
Embedding: Electrostatic
Number of pointcharges (to QM program): 64
Number of charge coordinates: 64
Running QM/MM object with 8 cores available

-------------------------------------------------------------------
Time to calculate step (before-QMstep): 0.000 seconds, 0.0 minutes.
-------------------------------------------------------------------
  ------------RUNNING ORCA INTERFACE------------- 
Object-label: ORCA
Run-label: None
Running ORCA with 8 cores available
Moreadfile option not active
A GBW-file with same basename : orca.gbw is present
Autostart is False. ORCA will ignore any file present
Creating inputfile: orca.inp
ORCA input:
! B3LYP D3BJ def2-SVP def2/J RIJCOSX CPCM TightSCF

! Noautostart

%cpcm epsilon 4.0 end
%scf MaxIter 300 Guess PModel end
Charge: -2  Mult: 1
Pointcharge embedding is on!
 ORCA Calculation starting. 
Found warning messages in ORCA outputfile:
WARNING: The chosen methods will break translational/rotational symmetry
 WARNING: The chosen methods will break translational symmetry
 WARNING: The chosen methods will break translational symmetry
 Warning: op=0 Small HOMO/LUMO gap (   0.081) - skipping pre-diagonalization

 ORCA Calculation done. 
ORCA converged in 12 iterations
ORCA energy: -836.257266658914
  ------------ENDING ORCA-INTERFACE------------- 

----------------------------------------------------------------
Time to calculate step (ORCA run): 336.517 seconds, 5.6 minutes.
----------------------------------------------------------------

---------------------------------------------------------------
Time to calculate step (QM step): 336.517 seconds, 5.6 minutes.
---------------------------------------------------------------

----------------------------------------------------------------------
Time to calculate step (QMpcgrad prepare): 0.000 seconds, 0.0 minutes.
----------------------------------------------------------------------

--------------------------------------------------------------------------
Time to calculate step (linkatomgrad prepare): 0.000 seconds, 0.0 minutes.
--------------------------------------------------------------------------

----------------------------------------------------------------------------
Time to calculate step (QM/MM gradient prepare): 0.000 seconds, 0.0 minutes.
----------------------------------------------------------------------------
Using OpenMM theory as part of QM/MM.
Using MM on full system. Charges for QM region [0, 1, 2, 3, 4, 5, 6, 7, 8, 9, 10, 11, 12, 13, 14, 15, 16, 17, 18, 19, 20, 21, 22, 23] have been set to zero 

--------------------------------------------------------------------------------
                   Creating/updating OpenMM simulation object                   
--------------------------------------------------------------------------------

Integrator name: VerletIntegrator
Timestep: 0.001
Temperature: 300
Coupling frequency: 1
Properties: {'Threads': '1'}
Topology: <Topology; 1 chains, 1 residues, 88 atoms, 0 bonds>

----------------------------------------------------------------------------------
Time to calculate step (creating/updating simulation): 0.001 seconds, 0.0 minutes.
----------------------------------------------------------------------------------

--------------------------------------------------------------------------------
                     Running Single-point OpenMM Interface                      
--------------------------------------------------------------------------------

Number of OpenMM system constraints defined: 0

-----------------------------------------------------------------------------------
Time to calculate step (OpenMMTheory.run: const-check): 0.001 seconds, 0.0 minutes.
-----------------------------------------------------------------------------------
Updating coordinates.

------------------------------------------------------------------------
Time to calculate step (Creating pos array): 0.000 seconds, 0.0 minutes.
------------------------------------------------------------------------

---------------------------------------------------------------------------
Time to calculate step (Updating MM positions): 0.000 seconds, 0.0 minutes.
---------------------------------------------------------------------------
Calling OpenMM getState.

---------------------------------------------------------------------
Time to calculate step (OpenMM getState): 0.000 seconds, 0.0 minutes.
---------------------------------------------------------------------
OpenMM Energy: -2.645245155596642 Eh
OpenMM Energy: -1659.916396356412 kcal/mol

-----------------------
Ending OpenMM interface
-----------------------

----------------------------------------------------------------
Time to calculate step (OpenMM run): 0.002 seconds, 0.0 minutes.
----------------------------------------------------------------

-------------------------------------------------------------
Time to calculate step (MM step): 0.002 seconds, 0.0 minutes.
-------------------------------------------------------------

Note: You are using electrostatic embedding. This means that the QM-energy is actually the polarized QM-energy
Note: MM energy also contains the QM-MM Lennard-Jones interaction

QM energy:              -836.257266658914 
MM energy:                -2.645245155597
QM/MM energy:           -838.902511814511 

  ------------ENDING QM/MM MODULE------------- 

-----------------------------------------------------------------
Time to calculate step (QM/MM run): 336.519 seconds, 5.6 minutes.
-----------------------------------------------------------------
geometric called save_guess_files option option for ASHengineclass.
This option is currently unsupported in ASH. Continuing.

Convergence criteria: {'convergence_energy': 1e-05, 'convergence_grms': 0.003, 'convergence_gmax': 0.006, 'convergence_drms': 0.01, 'convergence_dmax': 0.015, 'convergence_cmax': 0.01}

Replacing coordinates in fragment.
Creating/Updating fragment attributes...
Number of Atoms in fragment: 88
Formula: C20N12H38O18
Label: CHHCCOOOCHCHCCHCHCHOHCOOCOOHCNHHNHHNHHCOOHCOOHCNHHNHHNHHCOOHCOOHCNHHNHHNHHCNHHNHHNHHCOOH
Charge: -2 Mult: 1

--------------------------------------------------------------------------------
Wrote XYZ file:  Fragment-currentgeo.xyz
Current geometry (Å) in step 5 (print_atoms_list region)
---------------------------------------------------
        C  59.36510688   33.92634603   56.84518982
        H  60.26289038   33.61083633   57.57768705
        H  59.83892723   34.84872352   56.43536386
        C  58.51968090   34.58397544   57.96852521
        C  57.86143046   35.98075442   57.95886845
        O  58.58284846   36.94112852   57.58573803
        O  56.66418601   36.00659078   58.34457372
        O  58.44284164   34.09211829   59.11777057
        C  57.25663464   31.82473773   55.71264111
        H  56.65988755   30.96312831   56.13075875
        C  58.60173708   31.94839646   56.06039514
        H  59.04891199   31.03483976   56.47260615
        C  59.47589679   33.22925194   55.81818980
        C  58.87319743   33.76957920   54.49330653
        H  59.56649154   34.16211497   53.71874113
        C  57.53218353   33.73884404   54.21173472
        H  57.04697252   34.26319070   53.37080413
        C  56.59124304   33.06827849   55.16968774
        H  56.48612549   33.76227694   56.03995286
        O  55.29121391   32.95011678   54.54694107
        H  54.76285182   32.28602566   55.05139785
        C  61.01387435   32.92095649   55.64960173
        O  61.51886590   32.36922118   56.67699809
        O  61.73057099   33.29011271   54.65844836
        C  64.93960000   33.26550000   44.42870000
        O  66.12342500   33.32727600   44.03216300
        O  64.22831600   32.23811700   44.46125900
        H  64.48162100   34.20135000   44.78146100
        C  57.48340000   32.05040000   67.31550000
        N  57.63397700   32.43562000   66.05144600
        H  57.32346000   33.09812200   66.74770000
        H  57.83014600   31.48058200   66.31511300
        N  57.07450100   32.92280400   68.23234900
        H  57.27067000   31.96776600   68.49601600
        H  57.18884900   33.21534000   67.27242800
        N  57.74172100   30.79277600   67.66270500
        H  57.85607000   31.08531100   66.70278400
        H  57.43120400   31.45527800   68.35895900
        C  57.23480000   27.87720000   45.86430000
        O  58.41862500   27.93897600   45.46776300
        O  56.52351600   26.84981700   45.89685900
        H  56.77682100   28.81305000   46.21706100
        C  70.60420000   27.88010000   55.89570000
        O  71.78802500   27.94187600   55.49916300
        O  69.89291600   26.85271700   55.92825900
        H  70.14622100   28.81595000   56.24846100
        C  56.61970000   24.87390000   63.10710000
        N  56.77027700   25.25912000   61.84304600
        H  56.45976000   25.92162200   62.53930000
        H  56.96644600   24.30408200   62.10671300
        N  56.21080100   25.74630400   64.02394900
        H  56.40697000   24.79126600   64.28761600
        H  56.32514900   26.03884000   63.06402800
        N  56.87802100   23.61627600   63.45430500
        H  56.99237000   23.90881100   62.49438400
        H  56.56750400   24.27877800   64.15055900
        C  67.62720000   26.53280000   48.41340000
        O  68.81102500   26.59457600   48.01686300
        O  66.91591600   25.50541700   48.44595900
        H  67.16922100   27.46865000   48.76616100
        C  67.23540000   23.78030000   55.38840000
        O  68.41922500   23.84207600   54.99186300
        O  66.52411600   22.75291700   55.42095900
        H  66.77742100   24.71615000   55.74116100
        C  52.05360000   26.34030000   62.61070000
        N  52.20417700   26.72552000   61.34664600
        H  51.89366000   27.38802200   62.04290000
        H  52.40034600   25.77048200   61.61031300
        N  51.64470100   27.21270400   63.52754900
        H  51.84087000   26.25766600   63.79121600
        H  51.75904900   27.50524000   62.56762800
        N  52.31192100   25.08267600   62.95790500
        H  52.42627000   25.37521100   61.99798400
        H  52.00140400   25.74517800   63.65415900
        C  60.99040000   38.20210000   66.19070000
        N  61.14097700   38.58732000   64.92664600
        H  60.83046000   39.24982200   65.62290000
        H  61.33714600   37.63228200   65.19031300
        N  60.58150100   39.07450400   67.10754900
        H  60.77767000   38.11946600   67.37121600
        H  60.69584900   39.36704000   66.14762800
        N  61.24872100   36.94447600   66.53790500
        H  61.36307000   37.23701100   65.57798400
        H  60.93820400   37.60697800   67.23415900
        C  60.54270000   22.28810000   53.74910000
        O  61.72652500   22.34987600   53.35256300
        O  59.83141600   21.26071700   53.78165900
        H  60.08472100   23.22395000   54.10186100

Note: printed only print_atoms_list (this is not necessarily all atoms) 
  ------------RUNNING QM/MM MODULE------------- 
QM Module: ORCATheory
MM Module: OpenMMTheory
Charge provided from QMMMTheory object:  -2
Mult provided from QMMMTheory object:  1
QM-region Charge: -2 Mult: 1
Embedding: Electrostatic
Number of pointcharges (to QM program): 64
Number of charge coordinates: 64
Running QM/MM object with 8 cores available

-------------------------------------------------------------------
Time to calculate step (before-QMstep): 0.000 seconds, 0.0 minutes.
-------------------------------------------------------------------
  ------------RUNNING ORCA INTERFACE------------- 
Object-label: ORCA
Run-label: None
Running ORCA with 8 cores available
Moreadfile option not active
A GBW-file with same basename : orca.gbw is present
Autostart is False. ORCA will ignore any file present
Creating inputfile: orca.inp
ORCA input:
! B3LYP D3BJ def2-SVP def2/J RIJCOSX CPCM TightSCF

! Noautostart

%cpcm epsilon 4.0 end
%scf MaxIter 300 Guess PModel end
Charge: -2  Mult: 1
Pointcharge embedding is on!
 ORCA Calculation starting. 
Found warning messages in ORCA outputfile:
WARNING: The chosen methods will break translational/rotational symmetry
 WARNING: The chosen methods will break translational symmetry
 WARNING: The chosen methods will break translational symmetry
 Warning: op=0 Small HOMO/LUMO gap (   0.078) - skipping pre-diagonalization

 ORCA Calculation done. 
ORCA converged in 15 iterations
ORCA energy: -836.166703503186
  ------------ENDING ORCA-INTERFACE------------- 

----------------------------------------------------------------
Time to calculate step (ORCA run): 356.555 seconds, 5.9 minutes.
----------------------------------------------------------------

---------------------------------------------------------------
Time to calculate step (QM step): 356.555 seconds, 5.9 minutes.
---------------------------------------------------------------

----------------------------------------------------------------------
Time to calculate step (QMpcgrad prepare): 0.000 seconds, 0.0 minutes.
----------------------------------------------------------------------

--------------------------------------------------------------------------
Time to calculate step (linkatomgrad prepare): 0.000 seconds, 0.0 minutes.
--------------------------------------------------------------------------

----------------------------------------------------------------------------
Time to calculate step (QM/MM gradient prepare): 0.000 seconds, 0.0 minutes.
----------------------------------------------------------------------------
Using OpenMM theory as part of QM/MM.
Using MM on full system. Charges for QM region [0, 1, 2, 3, 4, 5, 6, 7, 8, 9, 10, 11, 12, 13, 14, 15, 16, 17, 18, 19, 20, 21, 22, 23] have been set to zero 

--------------------------------------------------------------------------------
                   Creating/updating OpenMM simulation object                   
--------------------------------------------------------------------------------

Integrator name: VerletIntegrator
Timestep: 0.001
Temperature: 300
Coupling frequency: 1
Properties: {'Threads': '1'}
Topology: <Topology; 1 chains, 1 residues, 88 atoms, 0 bonds>

----------------------------------------------------------------------------------
Time to calculate step (creating/updating simulation): 0.002 seconds, 0.0 minutes.
----------------------------------------------------------------------------------

--------------------------------------------------------------------------------
                     Running Single-point OpenMM Interface                      
--------------------------------------------------------------------------------

Number of OpenMM system constraints defined: 0

-----------------------------------------------------------------------------------
Time to calculate step (OpenMMTheory.run: const-check): 0.002 seconds, 0.0 minutes.
-----------------------------------------------------------------------------------
Updating coordinates.

------------------------------------------------------------------------
Time to calculate step (Creating pos array): 0.000 seconds, 0.0 minutes.
------------------------------------------------------------------------

---------------------------------------------------------------------------
Time to calculate step (Updating MM positions): 0.000 seconds, 0.0 minutes.
---------------------------------------------------------------------------
Calling OpenMM getState.

---------------------------------------------------------------------
Time to calculate step (OpenMM getState): 0.000 seconds, 0.0 minutes.
---------------------------------------------------------------------
OpenMM Energy: -2.6452526147714384 Eh
OpenMM Energy: -1659.9210770592654 kcal/mol

-----------------------
Ending OpenMM interface
-----------------------

----------------------------------------------------------------
Time to calculate step (OpenMM run): 0.003 seconds, 0.0 minutes.
----------------------------------------------------------------

-------------------------------------------------------------
Time to calculate step (MM step): 0.004 seconds, 0.0 minutes.
-------------------------------------------------------------

Note: You are using electrostatic embedding. This means that the QM-energy is actually the polarized QM-energy
Note: MM energy also contains the QM-MM Lennard-Jones interaction

QM energy:              -836.166703503186 
MM energy:                -2.645252614771
QM/MM energy:           -838.811956117957 

  ------------ENDING QM/MM MODULE------------- 

-----------------------------------------------------------------
Time to calculate step (QM/MM run): 356.560 seconds, 5.9 minutes.
-----------------------------------------------------------------
geometric called load_guess_files option for ASHengineclass.
This option is currently unsupported in ASH. Continuing.

Convergence criteria: {'convergence_energy': 1e-05, 'convergence_grms': 0.003, 'convergence_gmax': 0.006, 'convergence_drms': 0.01, 'convergence_dmax': 0.015, 'convergence_cmax': 0.01}

Replacing coordinates in fragment.
Creating/Updating fragment attributes...
Number of Atoms in fragment: 88
Formula: C20N12H38O18
Label: CHHCCOOOCHCHCCHCHCHOHCOOCOOHCNHHNHHNHHCOOHCOOHCNHHNHHNHHCOOHCOOHCNHHNHHNHHCNHHNHHNHHCOOH
Charge: -2 Mult: 1

--------------------------------------------------------------------------------
Wrote XYZ file:  Fragment-currentgeo.xyz
Current geometry (Å) in step 6 (print_atoms_list region)
---------------------------------------------------
        C  59.52770156   34.02836671   56.88077682
        H  60.32255238   33.48941765   57.48377377
        H  59.97986165   34.89405206   56.39766067
        C  58.56539749   34.57559044   57.88171682
        C  57.89841003   35.96603242   57.77603155
        O  58.63502717   36.91440932   57.40466171
        O  56.68618737   36.00268305   58.09697447
        O  58.33995405   34.00870125   58.95758785
        C  57.29213263   31.86509757   55.75196270
        H  56.68814614   31.07155331   56.24460864
        C  58.64188967   31.91892748   56.00538303
        H  59.10705954   31.03728666   56.45155950
        C  59.51481051   33.10971541   55.62628980
        C  58.89417801   33.73374606   54.39275809
        H  59.57568669   34.14680966   53.62756715
        C  57.55056060   33.74713517   54.18196196
        H  57.06028543   34.30214197   53.37025806
        C  56.62664940   33.07352166   55.15157972
        H  56.46854993   33.79175642   55.98919933
        O  55.35573881   32.86297708   54.50593741
        H  54.81886300   32.27171584   55.07196611
        C  61.04268657   32.80430293   55.48616121
        O  61.55218713   32.27836966   56.51690315
        O  61.70193204   33.14020037   54.45889387
        C  64.93960000   33.26550000   44.42870000
        O  66.12342500   33.32727600   44.03216300
        O  64.22831600   32.23811700   44.46125900
        H  64.48162100   34.20135000   44.78146100
        C  57.48340000   32.05040000   67.31550000
        N  57.63397700   32.43562000   66.05144600
        H  57.32346000   33.09812200   66.74770000
        H  57.83014600   31.48058200   66.31511300
        N  57.07450100   32.92280400   68.23234900
        H  57.27067000   31.96776600   68.49601600
        H  57.18884900   33.21534000   67.27242800
        N  57.74172100   30.79277600   67.66270500
        H  57.85607000   31.08531100   66.70278400
        H  57.43120400   31.45527800   68.35895900
        C  57.23480000   27.87720000   45.86430000
        O  58.41862500   27.93897600   45.46776300
        O  56.52351600   26.84981700   45.89685900
        H  56.77682100   28.81305000   46.21706100
        C  70.60420000   27.88010000   55.89570000
        O  71.78802500   27.94187600   55.49916300
        O  69.89291600   26.85271700   55.92825900
        H  70.14622100   28.81595000   56.24846100
        C  56.61970000   24.87390000   63.10710000
        N  56.77027700   25.25912000   61.84304600
        H  56.45976000   25.92162200   62.53930000
        H  56.96644600   24.30408200   62.10671300
        N  56.21080100   25.74630400   64.02394900
        H  56.40697000   24.79126600   64.28761600
        H  56.32514900   26.03884000   63.06402800
        N  56.87802100   23.61627600   63.45430500
        H  56.99237000   23.90881100   62.49438400
        H  56.56750400   24.27877800   64.15055900
        C  67.62720000   26.53280000   48.41340000
        O  68.81102500   26.59457600   48.01686300
        O  66.91591600   25.50541700   48.44595900
        H  67.16922100   27.46865000   48.76616100
        C  67.23540000   23.78030000   55.38840000
        O  68.41922500   23.84207600   54.99186300
        O  66.52411600   22.75291700   55.42095900
        H  66.77742100   24.71615000   55.74116100
        C  52.05360000   26.34030000   62.61070000
        N  52.20417700   26.72552000   61.34664600
        H  51.89366000   27.38802200   62.04290000
        H  52.40034600   25.77048200   61.61031300
        N  51.64470100   27.21270400   63.52754900
        H  51.84087000   26.25766600   63.79121600
        H  51.75904900   27.50524000   62.56762800
        N  52.31192100   25.08267600   62.95790500
        H  52.42627000   25.37521100   61.99798400
        H  52.00140400   25.74517800   63.65415900
        C  60.99040000   38.20210000   66.19070000
        N  61.14097700   38.58732000   64.92664600
        H  60.83046000   39.24982200   65.62290000
        H  61.33714600   37.63228200   65.19031300
        N  60.58150100   39.07450400   67.10754900
        H  60.77767000   38.11946600   67.37121600
        H  60.69584900   39.36704000   66.14762800
        N  61.24872100   36.94447600   66.53790500
        H  61.36307000   37.23701100   65.57798400
        H  60.93820400   37.60697800   67.23415900
        C  60.54270000   22.28810000   53.74910000
        O  61.72652500   22.34987600   53.35256300
        O  59.83141600   21.26071700   53.78165900
        H  60.08472100   23.22395000   54.10186100

Note: printed only print_atoms_list (this is not necessarily all atoms) 
  ------------RUNNING QM/MM MODULE------------- 
QM Module: ORCATheory
MM Module: OpenMMTheory
Charge provided from QMMMTheory object:  -2
Mult provided from QMMMTheory object:  1
QM-region Charge: -2 Mult: 1
Embedding: Electrostatic
Number of pointcharges (to QM program): 64
Number of charge coordinates: 64
Running QM/MM object with 8 cores available

-------------------------------------------------------------------
Time to calculate step (before-QMstep): 0.000 seconds, 0.0 minutes.
-------------------------------------------------------------------
  ------------RUNNING ORCA INTERFACE------------- 
Object-label: ORCA
Run-label: None
Running ORCA with 8 cores available
Moreadfile option not active
A GBW-file with same basename : orca.gbw is present
Autostart is False. ORCA will ignore any file present
Creating inputfile: orca.inp
ORCA input:
! B3LYP D3BJ def2-SVP def2/J RIJCOSX CPCM TightSCF

! Noautostart

%cpcm epsilon 4.0 end
%scf MaxIter 300 Guess PModel end
Charge: -2  Mult: 1
Pointcharge embedding is on!
 ORCA Calculation starting. 
Found warning messages in ORCA outputfile:
WARNING: The chosen methods will break translational/rotational symmetry
 WARNING: The chosen methods will break translational symmetry
 WARNING: The chosen methods will break translational symmetry
 Warning: op=0 Small HOMO/LUMO gap (   0.081) - skipping pre-diagonalization

 ORCA Calculation done. 
ORCA converged in 14 iterations
ORCA energy: -836.276344973673
  ------------ENDING ORCA-INTERFACE------------- 

----------------------------------------------------------------
Time to calculate step (ORCA run): 324.574 seconds, 5.4 minutes.
----------------------------------------------------------------

---------------------------------------------------------------
Time to calculate step (QM step): 324.574 seconds, 5.4 minutes.
---------------------------------------------------------------

----------------------------------------------------------------------
Time to calculate step (QMpcgrad prepare): 0.000 seconds, 0.0 minutes.
----------------------------------------------------------------------

--------------------------------------------------------------------------
Time to calculate step (linkatomgrad prepare): 0.000 seconds, 0.0 minutes.
--------------------------------------------------------------------------

----------------------------------------------------------------------------
Time to calculate step (QM/MM gradient prepare): 0.000 seconds, 0.0 minutes.
----------------------------------------------------------------------------
Using OpenMM theory as part of QM/MM.
Using MM on full system. Charges for QM region [0, 1, 2, 3, 4, 5, 6, 7, 8, 9, 10, 11, 12, 13, 14, 15, 16, 17, 18, 19, 20, 21, 22, 23] have been set to zero 

--------------------------------------------------------------------------------
                   Creating/updating OpenMM simulation object                   
--------------------------------------------------------------------------------

Integrator name: VerletIntegrator
Timestep: 0.001
Temperature: 300
Coupling frequency: 1
Properties: {'Threads': '1'}
Topology: <Topology; 1 chains, 1 residues, 88 atoms, 0 bonds>

----------------------------------------------------------------------------------
Time to calculate step (creating/updating simulation): 0.002 seconds, 0.0 minutes.
----------------------------------------------------------------------------------

--------------------------------------------------------------------------------
                     Running Single-point OpenMM Interface                      
--------------------------------------------------------------------------------

Number of OpenMM system constraints defined: 0

-----------------------------------------------------------------------------------
Time to calculate step (OpenMMTheory.run: const-check): 0.002 seconds, 0.0 minutes.
-----------------------------------------------------------------------------------
Updating coordinates.

------------------------------------------------------------------------
Time to calculate step (Creating pos array): 0.000 seconds, 0.0 minutes.
------------------------------------------------------------------------

---------------------------------------------------------------------------
Time to calculate step (Updating MM positions): 0.000 seconds, 0.0 minutes.
---------------------------------------------------------------------------
Calling OpenMM getState.

---------------------------------------------------------------------
Time to calculate step (OpenMM getState): 0.000 seconds, 0.0 minutes.
---------------------------------------------------------------------
OpenMM Energy: -2.64524592181708 Eh
OpenMM Energy: -1659.916877166996 kcal/mol

-----------------------
Ending OpenMM interface
-----------------------

----------------------------------------------------------------
Time to calculate step (OpenMM run): 0.003 seconds, 0.0 minutes.
----------------------------------------------------------------

-------------------------------------------------------------
Time to calculate step (MM step): 0.003 seconds, 0.0 minutes.
-------------------------------------------------------------

Note: You are using electrostatic embedding. This means that the QM-energy is actually the polarized QM-energy
Note: MM energy also contains the QM-MM Lennard-Jones interaction

QM energy:              -836.276344973673 
MM energy:                -2.645245921817
QM/MM energy:           -838.921590895490 

  ------------ENDING QM/MM MODULE------------- 

-----------------------------------------------------------------
Time to calculate step (QM/MM run): 324.578 seconds, 5.4 minutes.
-----------------------------------------------------------------
geometric called save_guess_files option option for ASHengineclass.
This option is currently unsupported in ASH. Continuing.

Convergence criteria: {'convergence_energy': 1e-05, 'convergence_grms': 0.003, 'convergence_gmax': 0.006, 'convergence_drms': 0.01, 'convergence_dmax': 0.015, 'convergence_cmax': 0.01}

Replacing coordinates in fragment.
Creating/Updating fragment attributes...
Number of Atoms in fragment: 88
Formula: C20N12H38O18
Label: CHHCCOOOCHCHCCHCHCHOHCOOCOOHCNHHNHHNHHCOOHCOOHCNHHNHHNHHCOOHCOOHCNHHNHHNHHCNHHNHHNHHCOOH
Charge: -2 Mult: 1

--------------------------------------------------------------------------------
Wrote XYZ file:  Fragment-currentgeo.xyz
Current geometry (Å) in step 7 (print_atoms_list region)
---------------------------------------------------
        C  59.71804281   34.16492391   56.87051975
        H  60.37387269   33.54677135   57.50889491
        H  60.16484640   35.07730531   56.56101376
        C  58.59410041   34.53034964   57.65645640
        C  57.91564075   35.89100448   57.56546408
        O  58.66197289   36.88024761   57.31752625
        O  56.72076493   35.91491525   57.93773116
        O  58.31813536   33.82163302   58.57188814
        C  57.34508403   31.97956307   55.87268632
        H  56.74459200   31.15112138   56.26887730
        C  58.66895348   31.87964306   55.99087052
        H  59.16773804   31.07697915   56.50868100
        C  59.48200812   32.98911933   55.55185933
        C  58.88236067   33.72669975   54.37393613
        H  59.58024874   34.16282409   53.64910694
        C  57.56655674   33.76256357   54.17660057
        H  57.09548570   34.30222502   53.34702144
        C  56.63666628   33.10764416   55.16625073
        H  56.42586122   33.84992907   55.94839628
        O  55.43068996   32.78504999   54.51414280
        H  54.84877811   32.25385954   55.07306824
        C  60.98822439   32.66065381   55.35220533
        O  61.54605369   32.13007292   56.36343808
        O  61.55971592   32.99741677   54.29769304
        C  64.93960000   33.26550000   44.42870000
        O  66.12342500   33.32727600   44.03216300
        O  64.22831600   32.23811700   44.46125900
        H  64.48162100   34.20135000   44.78146100
        C  57.48340000   32.05040000   67.31550000
        N  57.63397700   32.43562000   66.05144600
        H  57.32346000   33.09812200   66.74770000
        H  57.83014600   31.48058200   66.31511300
        N  57.07450100   32.92280400   68.23234900
        H  57.27067000   31.96776600   68.49601600
        H  57.18884900   33.21534000   67.27242800
        N  57.74172100   30.79277600   67.66270500
        H  57.85607000   31.08531100   66.70278400
        H  57.43120400   31.45527800   68.35895900
        C  57.23480000   27.87720000   45.86430000
        O  58.41862500   27.93897600   45.46776300
        O  56.52351600   26.84981700   45.89685900
        H  56.77682100   28.81305000   46.21706100
        C  70.60420000   27.88010000   55.89570000
        O  71.78802500   27.94187600   55.49916300
        O  69.89291600   26.85271700   55.92825900
        H  70.14622100   28.81595000   56.24846100
        C  56.61970000   24.87390000   63.10710000
        N  56.77027700   25.25912000   61.84304600
        H  56.45976000   25.92162200   62.53930000
        H  56.96644600   24.30408200   62.10671300
        N  56.21080100   25.74630400   64.02394900Step   10 : Displace = [0m4.452e-02[0m/[0m2.465e-01[0m (rms/max) Trust = 4.485e-02 ([91m-[0m) Grad_T = [0m6.660e-03[0m/[0m2.773e-02[0m (rms/max) E (change) = -838.9422601389 ([0m-2.728e-02[0m) Quality = [0m1.048[0m
Hessian Eigenvalues: 6.04537e-03 1.89893e-02 2.63687e-02 ... 5.78010e-01 5.78011e-01 5.93455e-01
Step   11 : Displace = [0m3.499e-02[0m/[0m1.261e-01[0m (rms/max) Trust = 6.343e-02 ([92m+[0m) Grad_T = [0m7.733e-03[0m/[0m4.493e-02[0m (rms/max) E (change) = -838.9454863117 ([0m-3.226e-03[0m) Quality = [0m0.347[0m
Hessian Eigenvalues: 6.23546e-03 1.89697e-02 2.63687e-02 ... 5.78010e-01 5.78012e-01 5.94418e-01
Step   12 : Displace = [0m1.467e-02[0m/[0m5.662e-02[0m (rms/max) Trust = 6.343e-02 (=) Grad_T = [0m3.035e-03[0m/[0m1.470e-02[0m (rms/max) E (change) = -838.9507916572 ([0m-5.305e-03[0m) Quality = [0m0.956[0m
Hessian Eigenvalues: 6.56600e-03 1.59048e-02 2.63687e-02 ... 5.78010e-01 5.78011e-01 5.92137e-01
Step   13 : Displace = [0m2.896e-02[0m/[0m8.935e-02[0m (rms/max) Trust = 8.970e-02 ([92m+[0m) Grad_T = [0m4.248e-03[0m/[0m1.705e-02[0m (rms/max) E (change) = -838.9529518390 ([0m-2.160e-03[0m) Quality = [0m0.639[0m
Hessian Eigenvalues: 5.18796e-03 1.31598e-02 2.63687e-02 ... 5.78010e-01 5.78011e-01 5.93120e-01
Step   14 : Displace = [0m2.505e-02[0m/[0m7.633e-02[0m (rms/max) Trust = 8.970e-02 (=) Grad_T = [92m2.753e-03[0m/[0m1.295e-02[0m (rms/max) E (change) = -838.9574634197 ([0m-4.512e-03[0m) Quality = [0m1.619[0m
Hessian Eigenvalues: 2.23688e-03 1.16006e-02 2.63687e-02 ... 5.78010e-01 5.78015e-01 6.04391e-01
Step   15 : Displace = [0m1.078e-01[0m/[0m3.488e-01[0m (rms/max) Trust = 1.269e-01 ([92m+[0m) Grad_T = [0m3.669e-03[0m/[0m1.310e-02[0m (rms/max) E (change) = -838.9657677615 ([0m-8.304e-03[0m) Quality = [0m1.188[0m
Hessian Eigenvalues: 1.30000e-03 1.15386e-02 2.63687e-02 ... 5.78011e-01 5.78015e-01 6.06115e-01
