geometric-optimize called with the following command line:
relax_barrier.py shell13p0ts run

                                        [91m())))))))))))))))/[0m                     
                                    [91m())))))))))))))))))))))))),[0m                
                                [91m*)))))))))))))))))))))))))))))))))[0m             
                        [94m#,[0m    [91m()))))))))/[0m                [91m.)))))))))),[0m          
                      [94m#%%%%,[0m  [91m())))))[0m                        [91m.))))))))*[0m        
                      [94m*%%%%%%,[0m  [91m))[0m              [93m..[0m              [91m,))))))).[0m      
                        [94m*%%%%%%,[0m         [93m***************/.[0m        [91m.)))))))[0m     
                [94m#%%/[0m      [94m(%%%%%%,[0m    [93m/*********************.[0m       [91m)))))))[0m    
              [94m.%%%%%%#[0m      [94m*%%%%%%,[0m  [93m*******/,[0m     [93m**********,[0m      [91m.))))))[0m   
                [94m.%%%%%%/[0m      [94m*%%%%%%,[0m  [93m**[0m              [93m********[0m      [91m.))))))[0m  
          [94m##[0m      [94m.%%%%%%/[0m      [94m(%%%%%%,[0m                  [93m,******[0m      [91m/)))))[0m  
        [94m%%%%%%[0m      [94m.%%%%%%#[0m      [94m*%%%%%%,[0m    [92m,/////.[0m       [93m******[0m      [91m))))))[0m 
      [94m#%[0m      [94m%%[0m      [94m.%%%%%%/[0m      [94m*%%%%%%,[0m  [92m////////,[0m      [93m*****/[0m     [91m,)))))[0m 
    [94m#%%[0m  [94m%%%[0m  [94m%%%#[0m      [94m.%%%%%%/[0m      [94m(%%%%%%,[0m  [92m///////.[0m     [93m/*****[0m      [91m))))).[0m
  [94m#%%%%.[0m      [94m%%%%%#[0m      [94m/%%%%%%*[0m      [94m#%%%%%%[0m   [92m/////)[0m     [93m******[0m      [91m))))),[0m
    [94m#%%%%##%[0m  [94m%%%#[0m      [94m.%%%%%%/[0m      [94m(%%%%%%,[0m  [92m///////.[0m     [93m/*****[0m      [91m))))).[0m
      [94m##[0m     [94m%%%[0m      [94m.%%%%%%/[0m      [94m*%%%%%%,[0m  [92m////////.[0m      [93m*****/[0m     [91m,)))))[0m 
        [94m#%%%%#[0m      [94m/%%%%%%/[0m      [94m(%%%%%%[0m      [92m/)/)//[0m       [93m******[0m      [91m))))))[0m 
          [94m##[0m      [94m.%%%%%%/[0m      [94m(%%%%%%,[0m                  [93m*******[0m      [91m))))))[0m  
                [94m.%%%%%%/[0m      [94m*%%%%%%,[0m  [93m**.[0m             [93m/*******[0m      [91m.))))))[0m  
              [94m*%%%%%%/[0m      [94m(%%%%%%[0m   [93m********/*..,*/*********[0m       [91m*))))))[0m   
                [94m#%%/[0m      [94m(%%%%%%,[0m    [93m*********************/[0m        [91m)))))))[0m    
                        [94m*%%%%%%,[0m         [93m,**************/[0m         [91m,))))))/[0m     
                      [94m(%%%%%%[0m   [91m()[0m                              [91m))))))))[0m       
                      [94m#%%%%,[0m  [91m())))))[0m                        [91m,)))))))),[0m        
                        [94m#,[0m    [91m())))))))))[0m                [91m,)))))))))).[0m          
                                 [91m()))))))))))))))))))))))))))))))/[0m             
                                    [91m())))))))))))))))))))))))).[0m                
                                         [91m())))))))))))))),[0m                     

-=# [1;94m geomeTRIC started. Version: 1.1.1 [0m #=-
Current date and time: 2026-07-29 17:07:18
#========================================================#
#| [92m    Arguments passed to driver run_optimizer():     [0m |#
#========================================================#
bothre                    0.0 
constraints               constraints.txt 
convergence_cmax          0.01 
convergence_dmax          0.015 
convergence_drms          0.01 
convergence_energy        1e-05 
convergence_gmax          0.006 
convergence_grms          0.003 
coordsys                  hdlc 
customengine              <ash.interfaces.interface_geometric_new.ASHengineclass object at 0x14b64aa90110> 
input                     dummyinputname 
irc                       False 
logIni                    /home/18660916/envs/ash/lib/python3.11/site-packages/ash/log.ini 
maxiter                   400 
prefix                    geometric_OPTtraj 
rigid                     False 
subfrctor                 1 
transition                False 
verbose                   0 
----------------------------------------------------------
Custom engine selected.
$freeze
xyz 25
xyz 26
xyz 27
xyz 28
xyz 29
xyz 30
xyz 31
xyz 32
xyz 33
xyz 34
xyz 35
xyz 36
xyz 37
xyz 38
xyz 39
xyz 40
xyz 41
xyz 42
xyz 43
xyz 44
xyz 45
xyz 46
xyz 47
xyz 48
xyz 49
xyz 50
xyz 51
xyz 52
xyz 53
xyz 54
xyz 55
xyz 56
xyz 57
xyz 58
xyz 59
xyz 60
xyz 61
xyz 62
xyz 63
xyz 64
xyz 65
xyz 66
xyz 67
xyz 68
xyz 69
xyz 70
Bonds will be generated from interatomic distances less than 1.20 times sum of covalent radii
210 internal coordinates being used (instead of 210 Cartesians)
Internal coordinate system (atoms numbered from 1):
Cartesian-X 25
Cartesian-Y 25
Cartesian-Z 25
Cartesian-X 26
Cartesian-Y 26
Cartesian-Z 26
Cartesian-X 27
Cartesian-Y 27
Cartesian-Z 27
Cartesian-X 28
Cartesian-Y 28
Cartesian-Z 28
Cartesian-X 29
Cartesian-Y 29
Cartesian-Z 29
Cartesian-X 30
Cartesian-Y 30
Cartesian-Z 30
Cartesian-X 31
Cartesian-Y 31
Cartesian-Z 31
Cartesian-X 32
Cartesian-Y 32
Cartesian-Z 32
Cartesian-X 33
Cartesian-Y 33
Cartesian-Z 33
Cartesian-X 34
Cartesian-Y 34
Cartesian-Z 34
Cartesian-X 35
Cartesian-Y 35
Cartesian-Z 35
Cartesian-X 36
Cartesian-Y 36
Cartesian-Z 36
Cartesian-X 37
Cartesian-Y 37
Cartesian-Z 37
Cartesian-X 38
Cartesian-Y 38
Cartesian-Z 38
Cartesian-X 39
Cartesian-Y 39
Cartesian-Z 39
Cartesian-X 40
Cartesian-Y 40
Cartesian-Z 40
Cartesian-X 41
Cartesian-Y 41
Cartesian-Z 41
Cartesian-X 42
Cartesian-Y 42
Cartesian-Z 42
Cartesian-X 43
Cartesian-Y 43
Cartesian-Z 43
Cartesian-X 44
Cartesian-Y 44
Cartesian-Z 44
Cartesian-X 45
Cartesian-Y 45
Cartesian-Z 45
Cartesian-X 46
Cartesian-Y 46
Cartesian-Z 46
Cartesian-X 47
Cartesian-Y 47
Cartesian-Z 47
Cartesian-X 48
Cartesian-Y 48
Cartesian-Z 48
Cartesian-X 49
Cartesian-Y 49
Cartesian-Z 49
Cartesian-X 50
Cartesian-Y 50
Cartesian-Z 50
Cartesian-X 51
Cartesian-Y 51
Cartesian-Z 51
Cartesian-X 52
Cartesian-Y 52
Cartesian-Z 52
Cartesian-X 53
Cartesian-Y 53
Cartesian-Z 53
Cartesian-X 54
Cartesian-Y 54
Cartesian-Z 54
Cartesian-X 55
Cartesian-Y 55
Cartesian-Z 55
Cartesian-X 56
Cartesian-Y 56
Cartesian-Z 56
Cartesian-X 57
Cartesian-Y 57
Cartesian-Z 57
Cartesian-X 58
Cartesian-Y 58
Cartesian-Z 58
Cartesian-X 59
Cartesian-Y 59
Cartesian-Z 59
Cartesian-X 60
Cartesian-Y 60
Cartesian-Z 60
Cartesian-X 61
Cartesian-Y 61
Cartesian-Z 61
Cartesian-X 62
Cartesian-Y 62
Cartesian-Z 62
Cartesian-X 63
Cartesian-Y 63
Cartesian-Z 63
Cartesian-X 64
Cartesian-Y 64
Cartesian-Z 64
Cartesian-X 65
Cartesian-Y 65
Cartesian-Z 65
Cartesian-X 66
Cartesian-Y 66
Cartesian-Z 66
Cartesian-X 67
Cartesian-Y 67
Cartesian-Z 67
Cartesian-X 68
Cartesian-Y 68
Cartesian-Z 68
Cartesian-X 69
Cartesian-Y 69
Cartesian-Z 69
Cartesian-X 70
Cartesian-Y 70
Cartesian-Z 70
Distance 1-2
Distance 1-3
Distance 1-4
Distance 4-5
Distance 4-8
Distance 5-6
Distance 5-7
Distance 9-10
Distance 9-11
Distance 9-18
Distance 11-12
Distance 11-13
Distance 13-14
Distance 13-22
Distance 14-15
Distance 14-16
Distance 16-17
Distance 16-18
Distance 18-19
Distance 18-20
Distance 20-21
Distance 22-23
Distance 22-24
Distance 25-26
Distance 25-27
Distance 25-28
Distance 29-30
Distance 29-31
Distance 29-32
Distance 33-34
Distance 33-35
Distance 33-36
Distance 37-38
Distance 37-39
Distance 37-40
Distance 41-42
Distance 41-43
Distance 41-44
Distance 45-46
Distance 45-47
Distance 45-48
Distance 49-50
Distance 49-51
Distance 49-52
Distance 53-54
Distance 53-55
Distance 53-56
Distance 53-57
Distance 53-58
Distance 53-59
Distance 53-60
Distance 53-61
Distance 53-62
Distance 54-55
Distance 54-56
Distance 55-59
Distance 56-61
Distance 57-58
Distance 57-59
Distance 58-62
Distance 60-61
Distance 60-62
Distance 63-64
Distance 63-65
Distance 63-66
Distance 67-68
Distance 67-69
Distance 67-70
Angle 2-1-4
Angle 3-1-4
Angle 1-4-8
Angle 5-4-8
Angle 4-5-7
Angle 6-5-7
Angle 10-9-18
Angle 11-9-18
Angle 9-11-13
Angle 12-11-13
Angle 11-13-22
Angle 14-13-22
Angle 13-14-16
Angle 15-14-16
Angle 14-16-18
Angle 17-16-18
Angle 9-18-16
Angle 9-18-19
Angle 9-18-20
Angle 16-18-19
Angle 16-18-20
Angle 19-18-20
Angle 18-20-21
Angle 13-22-24
Angle 23-22-24
Angle 26-25-28
Angle 27-25-28
Angle 30-29-32
Angle 31-29-32
Angle 34-33-36
Angle 35-33-36
Angle 38-37-40
Angle 39-37-40
Angle 42-41-44
Angle 43-41-44
Angle 46-45-48
Angle 47-45-48
Angle 50-49-52
Angle 51-49-52
Angle 55-53-62
Angle 56-53-58
Angle 58-53-61
Angle 59-53-61
Angle 61-53-62
Angle 53-54-56
Angle 55-54-56
Angle 53-55-59
Angle 54-55-59
Angle 53-56-61
Angle 54-56-61
Angle 53-57-59
Angle 58-57-59
Angle 53-58-62
Angle 57-58-62
Angle 53-59-57
Angle 55-59-57
Angle 53-60-62
Angle 61-60-62
Angle 53-61-60
Angle 56-61-60
Angle 53-62-60
Angle 58-62-60
Angle 64-63-66
Angle 65-63-66
Angle 68-67-70
Angle 69-67-70
Out-of-Plane 1-2-3-4
Out-of-Plane 4-1-5-8
Out-of-Plane 5-4-6-7
Out-of-Plane 9-10-11-18
Out-of-Plane 11-9-12-13
Out-of-Plane 13-11-14-22
Out-of-Plane 14-13-15-16
Out-of-Plane 16-14-17-18
Out-of-Plane 22-13-23-24
Out-of-Plane 25-26-27-28
Out-of-Plane 29-30-31-32
Out-of-Plane 33-34-35-36
Out-of-Plane 37-38-39-40
Out-of-Plane 41-42-43-44
Out-of-Plane 45-46-47-48
Out-of-Plane 49-50-51-52
Out-of-Plane 53-54-55-56
Out-of-Plane 53-54-55-57
Out-of-Plane 53-54-55-58
Out-of-Plane 53-54-55-59
Out-of-Plane 53-54-55-60
Out-of-Plane 53-54-55-61
Out-of-Plane 53-54-55-62
Out-of-Plane 53-54-56-57
Out-of-Plane 53-54-56-58
Out-of-Plane 53-54-56-59
Out-of-Plane 53-54-56-60
Out-of-Plane 53-54-56-61
Out-of-Plane 53-54-56-62
Out-of-Plane 53-54-57-58
Out-of-Plane 53-54-57-59
Out-of-Plane 53-54-57-60
Out-of-Plane 53-54-57-61
Out-of-Plane 53-54-57-62
Out-of-Plane 53-54-59-58
Out-of-Plane 53-54-60-58
Out-of-Plane 53-54-61-58
Out-of-Plane 53-58-62-54
Out-of-Plane 53-54-59-60
Out-of-Plane 53-54-59-61
Out-of-Plane 53-54-59-62
Out-of-Plane 53-54-60-61
Out-of-Plane 53-54-60-62
Out-of-Plane 53-54-61-62
Out-of-Plane 53-55-56-57
Out-of-Plane 53-55-56-58
Out-of-Plane 53-55-59-56
Out-of-Plane 53-55-56-60
Out-of-Plane 53-55-56-61
Out-of-Plane 53-55-56-62
Out-of-Plane 53-55-57-58
Out-of-Plane 53-55-59-57
Out-of-Plane 53-55-57-60
Out-of-Plane 53-55-57-61
Out-of-Plane 53-55-57-62
Out-of-Plane 53-55-59-58
Out-of-Plane 53-55-58-60
Out-of-Plane 53-55-58-61
Out-of-Plane 53-55-58-62
Out-of-Plane 53-55-59-60
Out-of-Plane 53-55-59-61
Out-of-Plane 53-55-59-62
Out-of-Plane 53-55-61-60
Out-of-Plane 53-60-62-55
Out-of-Plane 53-55-61-62
Out-of-Plane 53-57-58-56
Out-of-Plane 53-56-59-57
Out-of-Plane 53-56-60-57
Out-of-Plane 53-56-61-57
Out-of-Plane 53-56-62-57
Out-of-Plane 53-56-59-58
Out-of-Plane 53-56-60-58
Out-of-Plane 53-56-61-58
Out-of-Plane 53-56-62-58
Out-of-Plane 53-56-59-60
Out-of-Plane 53-56-61-59
Out-of-Plane 53-56-59-62
Out-of-Plane 53-56-61-60
Out-of-Plane 53-56-60-62
Out-of-Plane 53-56-61-62
Out-of-Plane 53-57-58-59
Out-of-Plane 53-57-58-60
Out-of-Plane 53-57-58-61
Out-of-Plane 53-57-58-62
Out-of-Plane 53-57-59-60
Out-of-Plane 53-57-59-61
Out-of-Plane 53-57-59-62
Out-of-Plane 53-57-60-61
Out-of-Plane 53-57-60-62
Out-of-Plane 53-57-62-61
Out-of-Plane 53-58-59-60
Out-of-Plane 53-58-59-61
Out-of-Plane 53-58-62-59
Out-of-Plane 53-58-60-61
Out-of-Plane 53-58-62-60
Out-of-Plane 53-58-62-61
Out-of-Plane 53-60-61-59
Out-of-Plane 53-59-62-60
Out-of-Plane 53-59-62-61
Out-of-Plane 53-60-61-62
Out-of-Plane 54-53-55-56
Out-of-Plane 55-53-54-59
Out-of-Plane 56-53-54-61
Out-of-Plane 57-53-58-59
Out-of-Plane 58-53-57-62
Out-of-Plane 59-53-55-57
Out-of-Plane 60-53-61-62
Out-of-Plane 61-53-56-60
Out-of-Plane 62-53-58-60
Out-of-Plane 63-64-65-66
Out-of-Plane 67-68-69-70
Dihedral 2-1-4-5
Dihedral 2-1-4-8
Dihedral 3-1-4-5
Dihedral 3-1-4-8
Dihedral 1-4-5-6
Dihedral 1-4-5-7
Dihedral 8-4-5-6
Dihedral 8-4-5-7
Dihedral 10-9-11-12
Dihedral 10-9-11-13
Dihedral 18-9-11-12
Dihedral 18-9-11-13
Dihedral 10-9-18-16
Dihedral 10-9-18-19
Dihedral 10-9-18-20
Dihedral 11-9-18-16
Dihedral 11-9-18-19
Dihedral 11-9-18-20
Dihedral 9-11-13-14
Dihedral 9-11-13-22
Dihedral 12-11-13-14
Dihedral 12-11-13-22
Dihedral 11-13-14-15
Dihedral 11-13-14-16
Dihedral 22-13-14-15
Dihedral 22-13-14-16
Dihedral 11-13-22-23
Dihedral 11-13-22-24
Dihedral 14-13-22-23
Dihedral 14-13-22-24
Dihedral 13-14-16-17
Dihedral 13-14-16-18
Dihedral 15-14-16-17
Dihedral 15-14-16-18
Dihedral 14-16-18-9
Dihedral 14-16-18-19
Dihedral 14-16-18-20
Dihedral 17-16-18-9
Dihedral 17-16-18-19
Dihedral 17-16-18-20
Dihedral 9-18-20-21
Dihedral 16-18-20-21
Dihedral 19-18-20-21
Dihedral 57-58-62-60
Dihedral 55-53-62-60
Dihedral 56-53-62-60
Dihedral 57-53-62-60
Dihedral 59-53-62-60
Dihedral 61-53-62-60
Dihedral 55-54-62-60
Dihedral 56-54-62-60
Dihedral 55-53-58-57
Dihedral 56-53-58-57
Dihedral 59-53-58-57
Dihedral 60-53-58-57
Dihedral 61-53-58-57
Dihedral 55-54-58-57
Dihedral 56-54-58-57
Dihedral 55-53-54-56
Dihedral 56-53-54-55
Dihedral 57-53-54-55
Dihedral 57-53-54-56
Dihedral 59-53-54-55
Dihedral 59-53-54-56
Dihedral 60-53-54-55
Dihedral 60-53-54-56
Dihedral 61-53-54-55
Dihedral 61-53-54-56
Dihedral 54-53-60-61
Dihedral 54-53-60-62
Dihedral 56-53-60-61
Dihedral 56-53-60-62
Dihedral 57-53-60-61
Dihedral 57-53-60-62
Dihedral 58-53-60-61
Dihedral 58-53-60-62
Dihedral 61-53-60-62
Dihedral 62-53-60-61
Dihedral 54-55-60-61
Dihedral 54-55-60-62
Dihedral 59-55-60-61
Dihedral 59-55-60-62
Dihedral 54-53-55-59
Dihedral 56-53-55-54
Dihedral 56-53-55-59
Dihedral 57-53-55-54
Dihedral 57-53-55-59
Dihedral 58-53-55-54
Dihedral 58-53-55-59
Dihedral 59-53-55-54
Dihedral 61-53-55-54
Dihedral 61-53-55-59
Dihedral 62-53-55-54
Dihedral 62-53-55-59
Dihedral 54-53-57-58
Dihedral 54-53-57-59
Dihedral 55-53-57-58
Dihedral 55-53-57-59
Dihedral 58-53-57-59
Dihedral 59-53-57-58
Dihedral 60-53-57-58
Dihedral 60-53-57-59
Dihedral 62-53-57-58
Dihedral 62-53-57-59
Dihedral 54-56-57-58
Dihedral 54-56-57-59
Dihedral 61-56-57-58
Dihedral 61-56-57-59
Dihedral 54-53-56-61
Dihedral 55-53-56-54
Dihedral 55-53-56-61
Dihedral 58-53-56-54
Dihedral 58-53-56-61
Dihedral 59-53-56-54
Dihedral 59-53-56-61
Dihedral 60-53-56-54
Dihedral 60-53-56-61
Dihedral 61-53-56-54
Dihedral 62-53-56-54
Dihedral 62-53-56-61
Dihedral 54-56-61-60
Dihedral 54-53-61-60
Dihedral 55-53-61-60
Dihedral 58-53-61-60
Dihedral 59-53-61-60
Dihedral 62-53-61-60
Dihedral 58-57-61-60
Dihedral 59-57-61-60
Dihedral 55-54-58-62
Dihedral 56-54-58-62
Dihedral 55-53-58-62
Dihedral 56-53-58-62
Dihedral 57-53-58-62
Dihedral 59-53-58-62
Dihedral 60-53-58-62
Dihedral 61-53-58-62
Dihedral 62-53-58-57
Dihedral 55-59-60-61
Dihedral 55-59-60-62
Dihedral 57-59-60-61
Dihedral 57-59-60-62
Dihedral 54-53-59-55
Dihedral 54-53-59-57
Dihedral 55-53-59-57
Dihedral 56-53-59-55
Dihedral 56-53-59-57
Dihedral 57-53-59-55
Dihedral 58-53-59-55
Dihedral 58-53-59-57
Dihedral 61-53-59-55
Dihedral 61-53-59-57
Dihedral 62-53-59-55
Dihedral 62-53-59-57
Dihedral 54-55-59-57
Dihedral 58-57-61-56
Dihedral 59-57-61-56
Dihedral 54-53-61-56
Dihedral 55-53-61-56
Dihedral 56-53-61-60
Dihedral 58-53-61-56
Dihedral 59-53-61-56
Dihedral 60-53-61-56
Dihedral 62-53-61-56
Dihedral 55-54-62-58
Dihedral 56-54-62-58
Dihedral 55-53-62-58
Dihedral 56-53-62-58
Dihedral 57-53-62-58
Dihedral 58-53-62-60
Dihedral 59-53-62-58
Dihedral 60-53-62-58
Dihedral 61-53-62-58
Dihedral 53-54-55-59
Dihedral 56-54-55-53
Dihedral 56-54-55-59
Dihedral 53-54-56-61
Dihedral 55-54-56-53
Dihedral 55-54-56-61
Dihedral 53-55-59-57
Dihedral 54-55-59-53
Dihedral 53-56-61-60
Dihedral 54-56-61-53
Dihedral 53-57-58-62
Dihedral 59-57-58-53
Dihedral 59-57-58-62
Dihedral 53-57-59-55
Dihedral 58-57-59-53
Dihedral 58-57-59-55
Dihedral 53-58-62-60
Dihedral 57-58-62-53
Dihedral 53-60-61-56
Dihedral 62-60-61-53
Dihedral 62-60-61-56
Dihedral 53-60-62-58
Dihedral 61-60-62-53
Dihedral 61-60-62-58
Cartesian-X 1
Cartesian-X 2
Cartesian-X 3
Cartesian-X 4
Cartesian-X 5
Cartesian-X 6
Cartesian-X 7
Cartesian-X 8
Cartesian-X 9
Cartesian-X 10
Cartesian-X 11
Cartesian-X 12
Cartesian-X 13
Cartesian-X 14
Cartesian-X 15
Cartesian-X 16
Cartesian-X 17
Cartesian-X 18
Cartesian-X 19
Cartesian-X 20
Cartesian-X 21
Cartesian-X 22
Cartesian-X 23
Cartesian-X 24
Cartesian-Y 1
Cartesian-Y 2
Cartesian-Y 3
Cartesian-Y 4
Cartesian-Y 5
Cartesian-Y 6
Cartesian-Y 7
Cartesian-Y 8
Cartesian-Y 9
Cartesian-Y 10
Cartesian-Y 11
Cartesian-Y 12
Cartesian-Y 13
Cartesian-Y 14
Cartesian-Y 15
Cartesian-Y 16
Cartesian-Y 17
Cartesian-Y 18
Cartesian-Y 19
Cartesian-Y 20
Cartesian-Y 21
Cartesian-Y 22
Cartesian-Y 23
Cartesian-Y 24
Cartesian-Z 1
Cartesian-Z 2
Cartesian-Z 3
Cartesian-Z 4
Cartesian-Z 5
Cartesian-Z 6
Cartesian-Z 7
Cartesian-Z 8
Cartesian-Z 9
Cartesian-Z 10
Cartesian-Z 11
Cartesian-Z 12
Cartesian-Z 13
Cartesian-Z 14
Cartesian-Z 15
Cartesian-Z 16
Cartesian-Z 17
Cartesian-Z 18
Cartesian-Z 19
Cartesian-Z 20
Cartesian-Z 21
Cartesian-Z 22
Cartesian-Z 23
Cartesian-Z 24
<class 'geometric.internal.CartesianX'> : 70
<class 'geometric.internal.CartesianY'> : 70
<class 'geometric.internal.CartesianZ'> : 70
<class 'geometric.internal.Distance'> : 68
<class 'geometric.internal.Angle'> : 66
<class 'geometric.internal.OutOfPlane'> : 111
<class 'geometric.internal.Dihedral'> : 196
Constraint                         Current      Target       Diff.
Cartesian-X 25                    64.61020    64.61020     0.00000
Cartesian-Y 25                    24.44000    24.44000     0.00000
Cartesian-Z 25                    41.41060    41.41060     0.00000
Cartesian-X 26                    65.79403    65.79403     0.00000
Cartesian-Y 26                    24.50178    24.50178     0.00000
Cartesian-Z 26                    41.01406    41.01406     0.00000
Cartesian-X 27                    63.89892    63.89892     0.00000
Cartesian-Y 27                    23.41262    23.41262     0.00000
Cartesian-Z 27                    41.44316    41.44316     0.00000
Cartesian-X 28                    64.15222    64.15222     0.00000
Cartesian-Y 28                    25.37585    25.37585     0.00000
Cartesian-Z 28                    41.76336    41.76336     0.00000
Cartesian-X 29                    69.34360    69.34360     0.00000
Cartesian-Y 29                    25.65910    25.65910     0.00000
Cartesian-Z 29                    42.94390    42.94390     0.00000
Cartesian-X 30                    70.52742    70.52742     0.00000
Cartesian-Y 30                    25.72088    25.72088     0.00000
Cartesian-Z 30                    42.54736    42.54736     0.00000
Cartesian-X 31                    68.63232    68.63232     0.00000
Cartesian-Y 31                    24.63172    24.63172     0.00000
Cartesian-Z 31                    42.97646    42.97646     0.00000
Cartesian-X 32                    68.88562    68.88562     0.00000
Cartesian-Y 32                    26.59495    26.59495     0.00000
Cartesian-Z 32                    43.29666    43.29666     0.00000
Cartesian-X 33                    72.87250    72.87250     0.00000
Cartesian-Y 33                    25.31490    25.31490     0.00000
Cartesian-Z 33                    47.33190    47.33190     0.00000
Cartesian-X 34                    74.05632    74.05632     0.00000
Cartesian-Y 34                    25.37668    25.37668     0.00000
Cartesian-Z 34                    46.93536    46.93536     0.00000
Cartesian-X 35                    72.16122    72.16122     0.00000
Cartesian-Y 35                    24.28752    24.28752     0.00000
Cartesian-Z 35                    47.36446    47.36446     0.00000
Cartesian-X 36                    72.41452    72.41452     0.00000
Cartesian-Y 36                    26.25075    26.25075     0.00000
Cartesian-Z 36                    47.68466    47.68466     0.00000
Cartesian-X 37                    71.59260    71.59260     0.00000
Cartesian-Y 37                    30.79300    30.79300     0.00000
Cartesian-Z 37                    42.95860    42.95860     0.00000
Cartesian-X 38                    72.77643    72.77643     0.00000
Cartesian-Y 38                    30.85478    30.85478     0.00000
Cartesian-Z 38                    42.56206    42.56206     0.00000
Cartesian-X 39                    70.88132    70.88132     0.00000
Cartesian-Y 39                    29.76562    29.76562     0.00000
Cartesian-Z 39                    42.99116    42.99116     0.00000
Cartesian-X 40                    71.13462    71.13462     0.00000
Cartesian-Y 40                    31.72885    31.72885     0.00000
Cartesian-Z 40                    43.31136    43.31136     0.00000
Cartesian-X 41                    69.01900    69.01900     0.00000
Cartesian-Y 41                    21.22060    21.22060     0.00000
Cartesian-Z 41                    47.32210    47.32210     0.00000
Cartesian-X 42                    70.20283    70.20283     0.00000
Cartesian-Y 42                    21.28238    21.28238     0.00000
Cartesian-Z 42                    46.92556    46.92556     0.00000
Cartesian-X 43                    68.30772    68.30772     0.00000
Cartesian-Y 43                    20.19322    20.19322     0.00000
Cartesian-Z 43                    47.35466    47.35466     0.00000
Cartesian-X 44                    68.56102    68.56102     0.00000
Cartesian-Y 44                    22.15645    22.15645     0.00000
Cartesian-Z 44                    47.67486    47.67486     0.00000
Cartesian-X 45                    66.30020    66.30020     0.00000
Cartesian-Y 45                    28.86550    28.86550     0.00000
Cartesian-Z 45                    40.02520    40.02520     0.00000
Cartesian-X 46                    67.48403    67.48403     0.00000
Cartesian-Y 46                    28.92728    28.92728     0.00000
Cartesian-Z 46                    39.62866    39.62866     0.00000
Cartesian-X 47                    65.58892    65.58892     0.00000
Cartesian-Y 47                    27.83812    27.83812     0.00000
Cartesian-Z 47                    40.05776    40.05776     0.00000
Cartesian-X 48                    65.84222    65.84222     0.00000
Cartesian-Y 48                    29.80135    29.80135     0.00000
Cartesian-Z 48                    40.37796    40.37796     0.00000
Cartesian-X 49                    63.73090    63.73090     0.00000
Cartesian-Y 49                    20.00100    20.00100     0.00000
Cartesian-Z 49                    45.64050    45.64050     0.00000
Cartesian-X 50                    64.91473    64.91473     0.00000
Cartesian-Y 50                    20.06278    20.06278     0.00000
Cartesian-Z 50                    45.24396    45.24396     0.00000
Cartesian-X 51                    63.01962    63.01962     0.00000
Cartesian-Y 51                    18.97362    18.97362     0.00000
Cartesian-Z 51                    45.67306    45.67306     0.00000
Cartesian-X 52                    63.27292    63.27292     0.00000
Cartesian-Y 52                    20.93685    20.93685     0.00000
Cartesian-Z 52                    45.99326    45.99326     0.00000
Cartesian-X 53                    54.75850    54.75850     0.00000
Cartesian-Y 53                    30.77350    30.77350     0.00000
Cartesian-Z 53                    71.64610    71.64610     0.00000
Cartesian-X 54                    54.90908    54.90908     0.00000
Cartesian-Y 54                    31.15872    31.15872     0.00000
Cartesian-Z 54                    70.38205    70.38205     0.00000
Cartesian-X 55                    54.59856    54.59856     0.00000
Cartesian-Y 55                    31.82122    31.82122     0.00000
Cartesian-Z 55                    71.07830    71.07830     0.00000
Cartesian-X 56                    55.10525    55.10525     0.00000
Cartesian-Y 56                    30.20368    30.20368     0.00000
Cartesian-Z 56                    70.64571    70.64571     0.00000
Cartesian-X 57                    54.34960    54.34960     0.00000
Cartesian-Y 57                    31.64590    31.64590     0.00000
Cartesian-Z 57                    72.56295    72.56295     0.00000
Cartesian-X 58                    54.54577    54.54577     0.00000
Cartesian-Y 58                    30.69087    30.69087     0.00000
Cartesian-Z 58                    72.82662    72.82662     0.00000
Cartesian-X 59                    54.46395    54.46395     0.00000
Cartesian-Y 59                    31.93844    31.93844     0.00000
Cartesian-Z 59                    71.60303    71.60303     0.00000
Cartesian-X 60                    55.01682    55.01682     0.00000
Cartesian-Y 60                    29.51588    29.51588     0.00000
Cartesian-Z 60                    71.99331    71.99331     0.00000
Cartesian-X 61                    55.13117    55.13117     0.00000
Cartesian-Y 61                    29.80841    29.80841     0.00000
Cartesian-Z 61                    71.03338    71.03338     0.00000
Cartesian-X 62                    54.70630    54.70630     0.00000
Cartesian-Y 62                    30.17838    30.17838     0.00000
Cartesian-Z 62                    72.68956    72.68956     0.00000
Cartesian-X 63                    60.79490    60.79490     0.00000
Cartesian-Y 63                    27.08520    27.08520     0.00000
Cartesian-Z 63                    39.75060    39.75060     0.00000
Cartesian-X 64                    61.97872    61.97872     0.00000
Cartesian-Y 64                    27.14698    27.14698     0.00000
Cartesian-Z 64                    39.35406    39.35406     0.00000
Cartesian-X 65                    60.08362    60.08362     0.00000
Cartesian-Y 65                    26.05782    26.05782     0.00000
Cartesian-Z 65                    39.78316    39.78316     0.00000
Cartesian-X 66                    60.33692    60.33692     0.00000
Cartesian-Y 66                    28.02105    28.02105     0.00000
Cartesian-Z 66                    40.10336    40.10336     0.00000
Cartesian-X 67                    74.49610    74.49610     0.00000
Cartesian-Y 67                    30.58020    30.58020     0.00000
Cartesian-Z 67                    46.97850    46.97850     0.00000
Cartesian-X 68                    75.67992    75.67992     0.00000
Cartesian-Y 68                    30.64198    30.64198     0.00000
Cartesian-Z 68                    46.58196    46.58196     0.00000
Cartesian-X 69                    73.78482    73.78482     0.00000
Cartesian-Y 69                    29.55282    29.55282     0.00000
Cartesian-Z 69                    47.01106    47.01106     0.00000
Cartesian-X 70                    74.03812    74.03812     0.00000
Cartesian-Y 70                    31.51605    31.51605     0.00000
Cartesian-Z 70                    47.33126    47.33126     0.00000
> ===== Optimization Info: ====
> Job type: Energy minimization
> Maximum number of optimization cycles: 400
> Initial / maximum trust radius (Angstrom): 0.100 / 0.300
> Convergence Criteria:
> Will converge when all 5 criteria are reached:
>  |Delta-E| < 1.00e-05
>  RMS-Ortho-Grad < 3.00e-03
>  Max-Ortho-Grad < 6.00e-03
>  RMS-Disp  < 1.00e-02
>  Max-Disp  < 1.50e-02
> 
> Constraints are requested. The following criterion is added:
>  Max Constraint Violation (in Angstroms/degrees) < 1.00e-02 
> === End Optimization Info ===
Step    0 : Gradient = 4.958e-03/2.493e-02 (rms/max) Energy = -835.7123522283
Hessian Eigenvalues: 2.63687e-02 2.65613e-02 2.69101e-02 ... 5.78010e-01 5.78010e-01 5.78010e-01
Step    1 : Displace = [0m1.403e-02[0m/[0m6.572e-02[0m (rms/max) Trust = 1.000e-01 (=) Grad_T = [92m2.472e-03[0m/[0m8.598e-03[0m (rms/max) E (change) = -835.7154552741 ([0m-3.103e-03[0m) Quality = [0m1.140[0m
Hessian Eigenvalues: 2.51522e-02 2.63687e-02 2.65613e-02 ... 5.78010e-01 5.78010e-01 5.78011e-01
Step    2 : Displace = [0m1.346e-02[0m/[0m4.918e-02[0m (rms/max) Trust = 1.414e-01 ([92m+[0m) Grad_T = [92m2.166e-03[0m/[0m8.707e-03[0m (rms/max) E (change) = -835.7171674804 ([0m-1.712e-03[0m) Quality = [0m1.560[0m
Hessian Eigenvalues: 8.16234e-03 2.63687e-02 2.65613e-02 ... 5.78010e-01 5.78010e-01 5.94426e-01
Step    3 : Displace = [0m3.709e-02[0m/[0m1.348e-01[0m (rms/max) Trust = 2.000e-01 ([92m+[0m) Grad_T = [0m3.962e-03[0m/[0m1.585e-02[0m (rms/max) E (change) = -835.7203297576 ([0m-3.162e-03[0m) Quality = [0m1.450[0m
Hessian Eigenvalues: 3.37653e-03 2.63687e-02 2.65613e-02 ... 5.78010e-01 5.78966e-01 6.11699e-01
Step    4 : Displace = [0m6.227e-02[0m/[0m2.362e-01[0m (rms/max) Trust = 2.828e-01 ([92m+[0m) Grad_T = [0m6.561e-03[0m/[0m2.410e-02[0m (rms/max) E (change) = -835.7246907480 ([0m-4.361e-03[0m) Quality = [0m1.425[0m
Hessian Eigenvalues: 1.64622e-03 2.63687e-02 2.65613e-02 ... 5.78010e-01 5.85035e-01 5.96711e-01
Step    5 : Displace = [0m1.251e-01[0m/[0m4.888e-01[0m (rms/max) Trust = 3.000e-01 ([92m+[0m) Grad_T = [0m1.258e-02[0m/[0m4.151e-02[0m (rms/max) E (change) = -835.7316914575 ([0m-7.001e-03[0m) Quality = [0m1.027[0m
Hessian Eigenvalues: 1.66831e-03 2.63687e-02 2.65613e-02 ... 5.78010e-01 5.83111e-01 5.94711e-01
Step    6 : Displace = [0m1.031e-01[0m/[0m3.994e-01[0m (rms/max) Trust = 3.000e-01 (=) Grad_T = [0m2.523e-02[0m/[0m1.280e-01[0m (rms/max) E (change) = -835.7116005864 ([91m+2.009e-02[0m) Quality = [91m-1.560[0m
[93mRejecting step - quality is lower than -1.0[0m
Hessian Eigenvalues: 1.66831e-03 2.63687e-02 2.65613e-02 ... 5.78010e-01 5.83111e-01 5.94711e-01
Step    7 : Displace = [0m4.900e-02[0m/[0m1.808e-01[0m (rms/max) Trust = 5.157e-02 ([1;91mx[0m) Grad_T = [0m1.165e-02[0m/[0m3.471e-02[0m (rms/max) E (change) = -835.7487616448 ([0m-1.707e-02[0m) Quality = [0m1.428[0m
Hessian Eigenvalues: 7.30359e-03 1.23909e-02 2.63687e-02 ... 5.78010e-01 5.78010e-01 5.91258e-01
Step    8 : Displace = [0m7.069e-02[0m/[0m2.998e-01[0m (rms/max) Trust = 7.292e-02 ([92m+[0m) Grad_T = [0m1.457e-02[0m/[0m7.142e-02[0m (rms/max) E (change) = -835.7639261725 ([0m-1.516e-02[0m) Quality = [0m0.323[0m
Hessian Eigenvalues: 7.49008e-03 2.61592e-02 2.63687e-02 ... 5.78010e-01 5.78010e-01 5.89588e-01
Step    9 : Displace = [0m6.939e-02[0m/[0m2.582e-01[0m (rms/max) Trust = 7.292e-02 (=) Grad_T = [0m1.223e-02[0m/[0m5.258e-02[0m (rms/max) E (change) = -835.7545409034 ([91m+9.385e-03[0m) Quality = [91m-0.363[0m
Hessian Eigenvalues: 1.10131e-02 2.63687e-02 2.65613e-02 ... 5.78010e-01 5.78010e-01 5.89058e-01
ashpath: /home/18660916/envs/ash/lib/python3.11/site-packages/ash
Sys path: ['/home/18660916/envs/ash/lib/python3.11/site-packages/ash', '/home/18660916/system_development/phase2b_charge_design/05d_shell_ladder/relax/run_barr_13p0', '/home/18660916/envs/ash/lib/python311.zip', '/home/18660916/envs/ash/lib/python3.11', '/home/18660916/envs/ash/lib/python3.11/lib-dynload', '/home/18660916/envs/ash/lib/python3.11/site-packages']
--------------------------------------------------------------------------------
--------------------------------------------------------------------------------
                                           ASH                                            
                              A MULTISCALE MODELLING PROGRAM                              
                                        Version: 0.9dev                                        
                               Git commit version: Unknown                                
--------------------------------------------------------------------------------
--------------------------------------------------------------------------------
ASH path: /home/18660916/envs/ash/lib/python3.11/site-packages/ash
Python version: 3.11.15
Python interpreter: /home/18660916/envs/ash/bin/python3

ASH Settings after reading defaults and ~/ash_user_settings.ini : 
See https://ash.readthedocs.io/en/latest/basics.html#ash-settings on how to change settings.
	 debugflag :  False
	 load_julia :  False
	 julia_library :  pythoncall
	 use_ANSI_color :  False
	 print_logo :  False
	 print_input :  True
	 scale :  1.0
	 tol :  0.1
	 conndepth :  10
	 connectivity_code :  julia
	 nonbondedMM_code :  julia
	 print_exit_footer :  True
	 print_full_timings :  True

Note: ASH can use ANSI escape sequences for displaying color. Use e.g. less -R to display
To turn on/off escape sequences, set: 'use_ANSI_color = False' in
~/ash_user_settings.ini

Input script: /home/18660916/system_development/phase2b_charge_design/05d_shell_ladder/relax/run_barr_13p0/relax_barrier.py
================================================================================
   > import sys, openmm
   > from ash import Fragment, ORCATheory, OpenMMTheory, QMMMTheory, Optimizer
   > name=sys.argv[1]; RUN=(len(sys.argv)>2 and sys.argv[2]=="run")
   > ORCADIR="/home/apps2/ORCA/6.0.1"
   > coords="\n".join(open("%s_coords.xyz"%name).read().splitlines()[2:])
   > mmcharges=[float(x) for x in open("%s_charges.txt"%name).read().split(",")]
   > frag=Fragment(coordsstring=coords, charge=-2, mult=1)
   > els=[a.split()[0] for a in coords.strip().split("\n")]
   > print(">> %s: %d atoms (24 QM + %d MM), MM net %+.2f"%(name,frag.numatoms,frag.numatoms-24,sum(mmcharges)))
   > assert len(mmcharges)==frag.numatoms
   > LJ={"C":(3.40,0.086),"N":(3.25,0.170),"O":(2.96,0.210),"H":(1.06,0.016)}
   > orca=ORCATheory(orcadir=ORCADIR,orcasimpleinput="! B3LYP D3BJ def2-SVP def2/J RIJCOSX CPCM TightSCF",
   >     orcablocks="%cpcm epsilon 4.0 end\n%scf MaxIter 300 Guess PModel end",numcores=8,autostart=False)
   > mm=OpenMMTheory(fragment=frag,dummysystem=True,platform="CPU",numcores=1,autoconstraints=None,rigidwater=False)
   > lj=openmm.CustomBondForce("4*eps*((sig/r)^12 - (sig/r)^6)")
   > lj.addPerBondParameter("sig");lj.addPerBondParameter("eps");lj.setUsesPeriodicBoundaryConditions(False)
   > ang=openmm.unit.angstrom;kcal=openmm.unit.kilocalorie_per_mole;npair=0
   > for i in range(24):
   >     si,ei=LJ[els[i]]
   >     for j in range(24,frag.numatoms):
   >         sj,ej=LJ[els[j]]
   >         sig=((si+sj)/2*ang).value_in_unit(openmm.unit.nanometer);eps=(((ei*ej)**0.5)*kcal).value_in_unit(openmm.unit.kilojoule_per_mole)
   >         lj.addBond(i,j,[sig,eps]);npair+=1
   > lj.setForceGroup(11);mm.system.addForce(lj)
   > qmmm=QMMMTheory(qm_theory=orca,mm_theory=mm,fragment=frag,qmatoms=list(range(24)),charges=mmcharges,embedding="elstat",qm_charge=-2,qm_mult=1,numcores=8)
   > FROZEN=list(range(24,frag.numatoms))
   > CONV={"convergence_energy":1e-5,"convergence_grms":3.0e-3,"convergence_gmax":6.0e-3,"convergence_drms":1.0e-2,"convergence_dmax":1.5e-2}
   > if not RUN:
   >     print("\n=== DRY RUN OK %s: %d pairs, MM %+.0f, %d frozen ==="%(name,npair,sum(mmcharges),len(FROZEN))); sys.exit(0)
   > result=Optimizer(theory=qmmm,fragment=frag,coordsystem="hdlc",frozenatoms=FROZEN,maxiter=400,conv_criteria=CONV,charge=-2,mult=1)
   > frag.write_xyzfile("%s_relaxed.xyz"%name)
   > # extract final energy
   > E=frag.energy if hasattr(frag,"energy") else None
   > print(">> DONE %s  FINAL ENERGY = %s Eh -> %s_relaxed.xyz"%(name,E,name))
   > open("%s_energy.txt"%name,"w").write(str(E))
================================================================================ 


--------------------------------------------------------------------------------
                                New ASH fragment                                
--------------------------------------------------------------------------------

ASH Fragment creation
Getting coordinates from string: C     60.14190600    34.25017500    56.86750500
H     60.65410400    33.35229400    57.20242100
H     60.73860600    35.07435300    56.47491200
C     58.80287300    34.45194900    57.16141800
C     58.13069700    35.79868100    56.84307300
O     58.86276300    36.77666300    56.53446600
O     56.87734100    35.82963400    56.93983700
O     58.04533200    33.51170800    57.60013500
C     57.53567900    32.20862600    56.01945400
H     56.92805500    31.57263500    56.66681400
C     58.86068700    31.87524000    55.78984900
H     59.36035100    31.12725100    56.40326400
C     59.64119800    32.67145500    54.96010600
C     58.97535300    33.57937300    54.02371700
H     59.61208400    34.05213900    53.27111900
C     57.64453400    33.77154800    54.05277400
H     57.14874400    34.42947900    53.33266900
C     56.77153500    33.13738000    55.09626400
H     56.36648800    33.96180100    55.70835200
O     55.70405500    32.44082700    54.44502300
H     55.04194600    32.20048300    55.11214300
C     61.07068900    32.21901900    54.67969600
O     61.72429900    31.71851300    55.62834500
O     61.44865900    32.31879300    53.48933100
C     64.610200    24.440000    41.410600
O     65.794025    24.501776    41.014063
O     63.898916    23.412617    41.443159
H     64.152221    25.375850    41.763361
C     69.343600    25.659100    42.943900
O     70.527425    25.720876    42.547363
O     68.632316    24.631717    42.976459
H     68.885621    26.594950    43.296661
C     72.872500    25.314900    47.331900
O     74.056325    25.376676    46.935363
O     72.161216    24.287517    47.364459
H     72.414521    26.250750    47.684661
C     71.592600    30.793000    42.958600
O     72.776425    30.854776    42.562063
O     70.881316    29.765617    42.991159
H     71.134621    31.728850    43.311361
C     69.019000    21.220600    47.322100
O     70.202825    21.282376    46.925563
O     68.307716    20.193217    47.354659
H     68.561021    22.156450    47.674861
C     66.300200    28.865500    40.025200
O     67.484025    28.927276    39.628663
O     65.588916    27.838117    40.057759
H     65.842221    29.801350    40.377961
C     63.730900    20.001000    45.640500
O     64.914725    20.062776    45.243963
O     63.019616    18.973617    45.673059
H     63.272921    20.936850    45.993261
C     54.758500    30.773500    71.646100
N     54.909077    31.158720    70.382046
H     54.598560    31.821222    71.078300
H     55.105246    30.203682    70.645713
N     54.349601    31.645904    72.562949
H     54.545770    30.690866    72.826616
H     54.463949    31.938440    71.603028
N     55.016821    29.515876    71.993305
H     55.131170    29.808411    71.033384
H     54.706304    30.178378    72.689559
C     60.794900    27.085200    39.750600
O     61.978725    27.146976    39.354063
O     60.083616    26.057817    39.783159
H     60.336921    28.021050    40.103361
C     74.496100    30.580200    46.978500
O     75.679925    30.641976    46.581963
O     73.784816    29.552817    47.011059
H     74.038121    31.516050    47.331261
Creating/Updating fragment attributes...
Number of Atoms in fragment: 70
Formula: O24N3H23C20
Label: CHHCCOOOCHCHCCHCHCHOHCOOCOOHCOOHCOOHCOOHCOOHCOOHCOOHCNHHNHHNHHCOOHCOOH
Charge: -2 Mult: 1

--------------------------------------------------------------------------------
>> shell13p0ts: 70 atoms (24 QM + 46 MM), MM net -8.00


                     #####################################                      
                     #                                   #                      
                     #     ORCATheory initialization     #                      
                     #                                   #                      
                     #####################################                      
Checking for ORCA location
 Using orcadir path provided: /home/apps2/ORCA/6.0.1 
Checking if ORCA binary works... yes 
ORCA parallel job requested with numcores: 8 . Make sure that the correct OpenMPI version (for the ORCA version) is available in your environment
OpenMPI binary directory found: /apps/openmpi/4.1.1/bin
Testing that mpirun is executable... yes 
OpenMPI version (mpirun -V): mpirun (Open MPI) 4.1.1

Report bugs to http://www.open-mpi.org/community/help/

bind_to_core_option: True

Creating ORCA object
ORCA dir: /home/apps2/ORCA/6.0.1
! B3LYP D3BJ def2-SVP def2/J RIJCOSX CPCM TightSCF
%cpcm epsilon 4.0 end
%scf MaxIter 300 Guess PModel end

ORCATheory object created!


                           #########################                            
                           #                       #                            
                           #     OpenMM Theory     #                            
                           #                       #                            
                           #########################                            
OpenMM CPU threads set to: 1
Imported OpenMM library version: 8.5.2

--------------------------------------------------------------------------------
                             Defining OpenMM object                             
--------------------------------------------------------------------------------

Printlevel: 2
No automatic constraints
AutoConstraint setting: None
Rigidwater constraints: False
Hydrogenmass option: 1.5 Da
Using platform: CPU

--------------------------------------------------------------------------------
                            Setting up force fields.                            
--------------------------------------------------------------------------------

Note: OpenMM will fail in this step if parameters are missing in topology and
      parameter files (e.g. nonbonded entries).

Defining new basic single-chain, multi-residue topology
Inside write_xmlfile_nonbonded
Wrote XML-file: dummy.xml
residueTemplates: {}
System is non-periodic.
nonbonded noPBC Method is: NoCutoff
Nonbonded cutoff : 20 Angstrom

----------------------
OpenMM system created.
----------------------
OpenMM Forces defined: [<openmm.openmm.NonbondedForce; proxy of <Swig Object of type 'OpenMM::NonbondedForce *' at 0x14b64c27fbf0> >, <openmm.openmm.CMMotionRemover; proxy of <Swig Object of type 'OpenMM::CMMotionRemover *' at 0x14b64c27f830> >]

Setting charges
Number of atoms in OpenMM system: 70

System constraints defined upon system creation: 0
Use printlevel =>3 to see list of all constraints

----------------------------------------------------------------------------
Time to calculate step (OpenMM object creation): 2.276 seconds, 0.0 minutes.
----------------------------------------------------------------------------


                            ########################                            
                            #                      #                            
                            #     QM/MM Theory     #                            
                            #                      #                            
                            ########################                            
QM-theory: ORCATheory
MM-theory: OpenMMTheory
All atoms in fragment: 70
QM region (24 atoms): [0, 1, 2, 3, 4, 5, 6, 7, 8, 9, 10, 11, 12, 13, 14, 15, 16, 17, 18, 19, 20, 21, 22, 23]
MM region (46 atoms)
QM/MM object selected to use 8 cores
Embedding: elstat
Reading in charges
Updating charges in OpenMM object.
Updating simulation object for modified Nonbonded force.

--------------------------------------------------------------------
Time to calculate step (update_charges): 0.002 seconds, 0.0 minutes.
--------------------------------------------------------------------
QM-region coordinates (before linkatoms):
   0    C  60.14190600   34.25017500   56.86750500
   1    H  60.65410400   33.35229400   57.20242100
   2    H  60.73860600   35.07435300   56.47491200
   3    C  58.80287300   34.45194900   57.16141800
   4    C  58.13069700   35.79868100   56.84307300
   5    O  58.86276300   36.77666300   56.53446600
   6    O  56.87734100   35.82963400   56.93983700
   7    O  58.04533200   33.51170800   57.60013500
   8    C  57.53567900   32.20862600   56.01945400
   9    H  56.92805500   31.57263500   56.66681400
  10    C  58.86068700   31.87524000   55.78984900
  11    H  59.36035100   31.12725100   56.40326400
  12    C  59.64119800   32.67145500   54.96010600
  13    C  58.97535300   33.57937300   54.02371700
  14    H  59.61208400   34.05213900   53.27111900
  15    C  57.64453400   33.77154800   54.05277400
  16    H  57.14874400   34.42947900   53.33266900
  17    C  56.77153500   33.13738000   55.09626400
  18    H  56.36648800   33.96180100   55.70835200
  19    O  55.70405500   32.44082700   54.44502300
  20    H  55.04194600   32.20048300   55.11214300
  21    C  61.07068900   32.21901900   54.67969600
  22    O  61.72429900   31.71851300   55.62834500
  23    O  61.44865900   32.31879300   53.48933100

Determining QM-MM/HL-LL boundary
Parameters determing connectivity:
Scaling factor: 1.0
Tolerance: 0.30000000000000004
QM atoms: [0, 1, 2, 3, 4, 5, 6, 7, 8, 9, 10, 11, 12, 13, 14, 15, 16, 17, 18, 19, 20, 21, 22, 23]
QM atoms to be excluded from boundary creation (excludeboundaryatomlist):  []
QM-MM boundary dictionary: {}

------------------------------------------------------------------------
Time to calculate step (get_boundary_atoms): 0.002 seconds, 0.0 minutes.
------------------------------------------------------------------------
No covalent QM-MM boundary. Linkatoms and dipole_correction options set to False
Removing constraints in OpenMM object for atoms: [0, 1, 2, 3, 4, 5, 6, 7, 8, 9, 10, 11, 12, 13, 14, 15, 16, 17, 18, 19, 20, 21, 22, 23]
Removing bonded terms for QM-region in MMtheory
Modifying bonded forces.


Number of bonded terms removed:
Harmonic Bond terms: 0
Harmonic Angle terms: 0
Periodic Torsion terms: 0
Custom Torsion terms: 0
CMAP Torsion terms: 0
CustomBond terms 0


--------------------------------------------------------------------------
Time to calculate step (modify_bonded_forces): 0.003 seconds, 0.0 minutes.
--------------------------------------------------------------------------
Removing nonbonded terms for QM-region in MMtheory (QM-QM interactions)
Add exceptions/exclusions. Removing i-j interactions for list: 24 atoms
Case Nonbondedforce. Adding Exception for ij pair.
Number of exceptions (Nonbondedforce) added: 276
Number of exclusions (CustomNonbondedforce) added: 0

--------------------------------------------------------------------
Time to calculate step (add exceptions): 0.001 seconds, 0.0 minutes.
--------------------------------------------------------------------
Charges of QM atoms set to 0 (since Electrostatic Embedding):
Setting QM charges to Zero

-------------------------------------------------------------------
Time to calculate step (ZeroQMCharges): 0.000 seconds, 0.0 minutes.
-------------------------------------------------------------------
Updating charges in OpenMM object.
Updating simulation object for modified Nonbonded force.

--------------------------------------------------------------------
Time to calculate step (update_charges): 0.000 seconds, 0.0 minutes.
--------------------------------------------------------------------
Deleting Coulombexceptions for atomlist: [0, 1, 2, 3, 4, 5, 6, 7, 8, 9, 10, 11, 12, 13, 14, 15, 16, 17, 18, 19, 20, 21, 22, 23]

-----------------------------------------------------------------------
Time to calculate step (delete_exceptions): 0.005 seconds, 0.0 minutes.
-----------------------------------------------------------------------


---------------------------------------------------------------------------
Time to calculate step (QM/MM object creation): 0.204 seconds, 0.0 minutes.
---------------------------------------------------------------------------


                 #############################################                  
                 #                                           #                  
                 #     geomeTRICOptimizer initialization     #                  
                 #                                           #                  
                 #############################################                  
Creating optimizer object
User-defined convergence criteria:
Theory is not periodic
Printlevel: 2
Coordinate system:  hdlc
Max iterations:  400
Frozen atoms: [24, 25, 26, 27, 28, 29, 30, 31, 32, 33, 34, 35, 36, 37, 38, 39, 40, 41, 42, 43, 44, 45, 46, 47, 48, 49, 50, 51, 52, 53, 54, 55, 56, 57, 58, 59, 60, 61, 62, 63, 64, 65, 66, 67, 68, 69]
Active Region: False
TS Optimization: False
Hessian Option: None
Convergence criteria: {'convergence_energy': 1e-05, 'convergence_grms': 0.003, 'convergence_gmax': 0.006, 'convergence_drms': 0.01, 'convergence_dmax': 0.015, 'convergence_cmax': 0.01}


--------------------------------------------------------------------------------
                            Running geomeTRIC object                            
--------------------------------------------------------------------------------

 
Doing geometry optimization on fragment. Formula: O24N3H23C20 Label: CHHCCOOOCHCHCCHCHCHOHCOOCOOHCOOHCOOHCOOHCOOHCOOHCOOHCNHHNHHNHHCOOHCOOH  
No constraints provided to run method.
Testing if constraints present in optimizer object
No constraints in optimizer object.
Now testing if constraints in fragment object 
No constraints in fragment object.

Constraints:  None
constrainvalue:  False
Inside define_constraints
Constraints: None
Inside write_constraintsfile
Writing frozen atom constraints
Wrote XYZ file:  initialxyzfiletric.xyz
No Hessian option provided.
self.constraintsfile: constraints.txt
Convergence criteria: {'convergence_energy': 1e-05, 'convergence_grms': 0.003, 'convergence_gmax': 0.006, 'convergence_drms': 0.01, 'convergence_dmax': 0.015, 'convergence_cmax': 0.01}
Hessian option: None
Coordinate system: hdlc
Starting optimization

--------------------------------------------------------------------------------------
Time to calculate step (Time spent before run_optimizer): 26.085 seconds, 0.4 minutes.
--------------------------------------------------------------------------------------
geometric called detect_dft option option for ASHengineclass.

Convergence criteria: {'convergence_energy': 1e-05, 'convergence_grms': 0.003, 'convergence_gmax': 0.006, 'convergence_drms': 0.01, 'convergence_dmax': 0.015, 'convergence_cmax': 0.01}

Replacing coordinates in fragment.
Creating/Updating fragment attributes...
Number of Atoms in fragment: 70
Formula: O24N3H23C20
Label: CHHCCOOOCHCHCCHCHCHOHCOOCOOHCOOHCOOHCOOHCOOHCOOHCOOHCNHHNHHNHHCOOHCOOH
Charge: -2 Mult: 1

--------------------------------------------------------------------------------
Wrote XYZ file:  Fragment-currentgeo.xyz
Current geometry (Å) in step 0 (print_atoms_list region)
---------------------------------------------------
        C  60.14190600   34.25017500   56.86750500
        H  60.65410400   33.35229400   57.20242100
        H  60.73860600   35.07435300   56.47491200
        C  58.80287300   34.45194900   57.16141800
        C  58.13069700   35.79868100   56.84307300
        O  58.86276300   36.77666300   56.53446600
        O  56.87734100   35.82963400   56.93983700
        O  58.04533200   33.51170800   57.60013500
        C  57.53567900   32.20862600   56.01945400
        H  56.92805500   31.57263500   56.66681400
        C  58.86068700   31.87524000   55.78984900
        H  59.36035100   31.12725100   56.40326400
        C  59.64119800   32.67145500   54.96010600
        C  58.97535300   33.57937300   54.02371700
        H  59.61208400   34.05213900   53.27111900
        C  57.64453400   33.77154800   54.05277400
        H  57.14874400   34.42947900   53.33266900
        C  56.77153500   33.13738000   55.09626400
        H  56.36648800   33.96180100   55.70835200
        O  55.70405500   32.44082700   54.44502300
        H  55.04194600   32.20048300   55.11214300
        C  61.07068900   32.21901900   54.67969600
        O  61.72429900   31.71851300   55.62834500
        O  61.44865900   32.31879300   53.48933100
        C  64.61020000   24.44000000   41.41060000
        O  65.79402500   24.50177600   41.01406300
        O  63.89891600   23.41261700   41.44315900
        H  64.15222100   25.37585000   41.76336100
        C  69.34360000   25.65910000   42.94390000
        O  70.52742500   25.72087600   42.54736300
        O  68.63231600   24.63171700   42.97645900
        H  68.88562100   26.59495000   43.29666100
        C  72.87250000   25.31490000   47.33190000
        O  74.05632500   25.37667600   46.93536300
        O  72.16121600   24.28751700   47.36445900
        H  72.41452100   26.25075000   47.68466100
        C  71.59260000   30.79300000   42.95860000
        O  72.77642500   30.85477600   42.56206300
        O  70.88131600   29.76561700   42.99115900
        H  71.13462100   31.72885000   43.31136100
        C  69.01900000   21.22060000   47.32210000
        O  70.20282500   21.28237600   46.92556300
        O  68.30771600   20.19321700   47.35465900
        H  68.56102100   22.15645000   47.67486100
        C  66.30020000   28.86550000   40.02520000
        O  67.48402500   28.92727600   39.62866300
        O  65.58891600   27.83811700   40.05775900
        H  65.84222100   29.80135000   40.37796100
        C  63.73090000   20.00100000   45.64050000
        O  64.91472500   20.06277600   45.24396300
        O  63.01961600   18.97361700   45.67305900
        H  63.27292100   20.93685000   45.99326100
        C  54.75850000   30.77350000   71.64610000
        N  54.90907700   31.15872000   70.38204600
        H  54.59856000   31.82122200   71.07830000
        H  55.10524600   30.20368200   70.64571300
        N  54.34960100   31.64590400   72.56294900
        H  54.54577000   30.69086600   72.82661600
        H  54.46394900   31.93844000   71.60302800
        N  55.01682100   29.51587600   71.99330500
        H  55.13117000   29.80841100   71.03338400
        H  54.70630400   30.17837800   72.68955900
        C  60.79490000   27.08520000   39.75060000
        O  61.97872500   27.14697600   39.35406300
        O  60.08361600   26.05781700   39.78315900
        H  60.33692100   28.02105000   40.10336100
        C  74.49610000   30.58020000   46.97850000
        O  75.67992500   30.64197600   46.58196300
        O  73.78481600   29.55281700   47.01105900
        H  74.03812100   31.51605000   47.33126100

Note: printed only print_atoms_list (this is not necessarily all atoms) 
  ------------RUNNING QM/MM MODULE------------- 
QM Module: ORCATheory
MM Module: OpenMMTheory
Charge provided from QMMMTheory object:  -2
Mult provided from QMMMTheory object:  1
QM-region Charge: -2 Mult: 1
Embedding: Electrostatic
First QMMMTheory run. Running runprep
Inside QMMMTheory runprep

-------------------------------------------------------------
Time to calculate step (runprep): 0.000 seconds, 0.0 minutes.
-------------------------------------------------------------
Number of pointcharges (to QM program): 46
Number of charge coordinates: 46
Running QM/MM object with 8 cores available

-------------------------------------------------------------------
Time to calculate step (before-QMstep): 0.000 seconds, 0.0 minutes.
-------------------------------------------------------------------
  ------------RUNNING ORCA INTERFACE------------- 
Object-label: ORCA
Run-label: None
Running ORCA with 8 cores available
Moreadfile option not active
No orca.gbw file is present in dir.
Checking if a file orca.gbw exists in parentdir:
Found no file. ORCA will guess new orbitals
Creating inputfile: orca.inp
ORCA input:
! B3LYP D3BJ def2-SVP def2/J RIJCOSX CPCM TightSCF

! Noautostart


%cpcm epsilon 4.0 end
%scf MaxIter 300 Guess PModel end
Charge: -2  Mult: 1
Pointcharge embedding is on!
 ORCA Calculation starting. 
Found warning messages in ORCA outputfile:
WARNING: The chosen methods will break translational/rotational symmetry
 WARNING: The chosen methods will break translational symmetry
 WARNING: The chosen methods will break translational symmetry
 Warning: op=0 Small HOMO/LUMO gap (   0.077) - skipping pre-diagonalization

 ORCA Calculation done. 
ORCA converged in 16 iterations
ORCA energy: -835.89302880692
  ------------ENDING ORCA-INTERFACE------------- 

----------------------------------------------------------------
Time to calculate step (ORCA run): 417.196 seconds, 7.0 minutes.
----------------------------------------------------------------

---------------------------------------------------------------
Time to calculate step (QM step): 417.197 seconds, 7.0 minutes.
---------------------------------------------------------------

----------------------------------------------------------------------
Time to calculate step (QMpcgrad prepare): 0.000 seconds, 0.0 minutes.
----------------------------------------------------------------------

--------------------------------------------------------------------------
Time to calculate step (linkatomgrad prepare): 0.000 seconds, 0.0 minutes.
--------------------------------------------------------------------------

----------------------------------------------------------------------------
Time to calculate step (QM/MM gradient prepare): 0.000 seconds, 0.0 minutes.
----------------------------------------------------------------------------
Using OpenMM theory as part of QM/MM.
Using MM on full system. Charges for QM region [0, 1, 2, 3, 4, 5, 6, 7, 8, 9, 10, 11, 12, 13, 14, 15, 16, 17, 18, 19, 20, 21, 22, 23] have been set to zero 

--------------------------------------------------------------------------------
                   Creating/updating OpenMM simulation object                   
--------------------------------------------------------------------------------

Integrator name: VerletIntegrator
Timestep: 0.001
Temperature: 300
Coupling frequency: 1
Properties: {'Threads': '1'}
Topology: <Topology; 1 chains, 1 residues, 70 atoms, 0 bonds>

----------------------------------------------------------------------------------
Time to calculate step (creating/updating simulation): 0.090 seconds, 0.0 minutes.
----------------------------------------------------------------------------------

--------------------------------------------------------------------------------
                     Running Single-point OpenMM Interface                      
--------------------------------------------------------------------------------

Number of OpenMM system constraints defined: 0

-----------------------------------------------------------------------------------
Time to calculate step (OpenMMTheory.run: const-check): 0.091 seconds, 0.0 minutes.
-----------------------------------------------------------------------------------
Updating coordinates.

------------------------------------------------------------------------
Time to calculate step (Creating pos array): 0.000 seconds, 0.0 minutes.
------------------------------------------------------------------------

---------------------------------------------------------------------------
Time to calculate step (Updating MM positions): 0.000 seconds, 0.0 minutes.
---------------------------------------------------------------------------
Calling OpenMM getState.

---------------------------------------------------------------------
Time to calculate step (OpenMM getState): 0.039 seconds, 0.0 minutes.
---------------------------------------------------------------------
OpenMM Energy: 0.18067657865150727 Eh
OpenMM Energy: 113.37626484512765 kcal/mol

-----------------------
Ending OpenMM interface
-----------------------

----------------------------------------------------------------
Time to calculate step (OpenMM run): 0.131 seconds, 0.0 minutes.
----------------------------------------------------------------

-------------------------------------------------------------
Time to calculate step (MM step): 0.137 seconds, 0.0 minutes.
-------------------------------------------------------------

Note: You are using electrostatic embedding. This means that the QM-energy is actually the polarized QM-energy
Note: MM energy also contains the QM-MM Lennard-Jones interaction

QM energy:              -835.893028806920 
MM energy:                 0.180676578652
QM/MM energy:           -835.712352228269 

  ------------ENDING QM/MM MODULE------------- 

-----------------------------------------------------------------
Time to calculate step (QM/MM run): 417.334 seconds, 7.0 minutes.
-----------------------------------------------------------------

Convergence criteria: {'convergence_energy': 1e-05, 'convergence_grms': 0.003, 'convergence_gmax': 0.006, 'convergence_drms': 0.01, 'convergence_dmax': 0.015, 'convergence_cmax': 0.01}

Replacing coordinates in fragment.
Creating/Updating fragment attributes...
Number of Atoms in fragment: 70
Formula: O24N3H23C20
Label: CHHCCOOOCHCHCCHCHCHOHCOOCOOHCOOHCOOHCOOHCOOHCOOHCOOHCNHHNHHNHHCOOHCOOH
Charge: -2 Mult: 1

--------------------------------------------------------------------------------
Wrote XYZ file:  Fragment-currentgeo.xyz
Current geometry (Å) in step 0 (print_atoms_list region)
---------------------------------------------------
        C  60.12770058   34.25018921   56.87502599
        H  60.65555239   33.35029102   57.18919859
        H  60.72648041   35.06735260   56.46713423
        C  58.78558219   34.45615178   57.17299536
        C  58.10999651   35.81200169   56.83190933
        O  58.87558850   36.77032260   56.54911788
        O  56.85460971   35.86428774   56.95129282
        O  58.03881173   33.52855523   57.66549710
        C  57.53933477   32.20245344   56.01216826
        H  56.92299607   31.57902120   56.66753505
        C  58.85719988   31.86227087   55.77993770
        H  59.36097296   31.11287622   56.39222891
        C  59.64614961   32.66305643   54.95519544
        C  58.97809788   33.57641588   54.02486295
        H  59.61316103   34.05286655   53.27565368
        C  57.64744446   33.76991484   54.05671665
        H  57.14949842   34.42642870   53.33576184
        C  56.77267790   33.13679022   55.09842056
        H  56.36876727   33.95811089   55.72156151
        O  55.69928709   32.44315236   54.44098356
        H  55.05130459   32.20437076   55.11791806
        C  61.08708821   32.21948258   54.68167278
        O  61.69821468   31.73389870   55.66641973
        O  61.44508541   32.35566968   53.49367204
        C  64.61020000   24.44000000   41.41060000
        O  65.79402500   24.50177600   41.01406300
        O  63.89891600   23.41261700   41.44315900
        H  64.15222100   25.37585000   41.76336100
        C  69.34360000   25.65910000   42.94390000
        O  70.52742500   25.72087600   42.54736300
        O  68.63231600   24.63171700   42.97645900
        H  68.88562100   26.59495000   43.29666100
        C  72.87250000   25.31490000   47.33190000
        O  74.05632500   25.37667600   46.93536300
        O  72.16121600   24.28751700   47.36445900
        H  72.41452100   26.25075000   47.68466100
        C  71.59260000   30.79300000   42.95860000
        O  72.77642500   30.85477600   42.56206300
        O  70.88131600   29.76561700   42.99115900
        H  71.13462100   31.72885000   43.31136100
        C  69.01900000   21.22060000   47.32210000
        O  70.20282500   21.28237600   46.92556300
        O  68.30771600   20.19321700   47.35465900
        H  68.56102100   22.15645000   47.67486100
        C  66.30020000   28.86550000   40.02520000
        O  67.48402500   28.92727600   39.62866300
        O  65.58891600   27.83811700   40.05775900
        H  65.84222100   29.80135000   40.37796100
        C  63.73090000   20.00100000   45.64050000
        O  64.91472500   20.06277600   45.24396300
        O  63.01961600   18.97361700   45.67305900
        H  63.27292100   20.93685000   45.99326100
        C  54.75850000   30.77350000   71.64610000
        N  54.90907700   31.15872000   70.38204600
        H  54.59856000   31.82122200   71.07830000
        H  55.10524600   30.20368200   70.64571300
        N  54.34960100   31.64590400   72.56294900
        H  54.54577000   30.69086600   72.82661600
        H  54.46394900   31.93844000   71.60302800
        N  55.01682100   29.51587600   71.99330500
        H  55.13117000   29.80841100   71.03338400
        H  54.70630400   30.17837800   72.68955900
        C  60.79490000   27.08520000   39.75060000
        O  61.97872500   27.14697600   39.35406300
        O  60.08361600   26.05781700   39.78315900
        H  60.33692100   28.02105000   40.10336100
        C  74.49610000   30.58020000   46.97850000
        O  75.67992500   30.64197600   46.58196300
        O  73.78481600   29.55281700   47.01105900
        H  74.03812100   31.51605000   47.33126100

Note: printed only print_atoms_list (this is not necessarily all atoms) 
  ------------RUNNING QM/MM MODULE------------- 
QM Module: ORCATheory
MM Module: OpenMMTheory
Charge provided from QMMMTheory object:  -2
Mult provided from QMMMTheory object:  1
QM-region Charge: -2 Mult: 1
Embedding: Electrostatic
Number of pointcharges (to QM program): 46
Number of charge coordinates: 46
Running QM/MM object with 8 cores available

-------------------------------------------------------------------
Time to calculate step (before-QMstep): 0.000 seconds, 0.0 minutes.
-------------------------------------------------------------------
  ------------RUNNING ORCA INTERFACE------------- 
Object-label: ORCA
Run-label: None
Running ORCA with 8 cores available
Moreadfile option not active
A GBW-file with same basename : orca.gbw is present
Autostart is False. ORCA will ignore any file present
Creating inputfile: orca.inp
ORCA input:
! B3LYP D3BJ def2-SVP def2/J RIJCOSX CPCM TightSCF

! Noautostart

%cpcm epsilon 4.0 end
%scf MaxIter 300 Guess PModel end
Charge: -2  Mult: 1
Pointcharge embedding is on!
 ORCA Calculation starting. 
Found warning messages in ORCA outputfile:
WARNING: The chosen methods will break translational/rotational symmetry
 WARNING: The chosen methods will break translational symmetry
 WARNING: The chosen methods will break translational symmetry
 Warning: op=0 Small HOMO/LUMO gap (   0.083) - skipping pre-diagonalization

 ORCA Calculation done. 
ORCA converged in 16 iterations
ORCA energy: -835.896131880887
  ------------ENDING ORCA-INTERFACE------------- 

----------------------------------------------------------------
Time to calculate step (ORCA run): 403.382 seconds, 6.7 minutes.
----------------------------------------------------------------

---------------------------------------------------------------
Time to calculate step (QM step): 403.382 seconds, 6.7 minutes.
---------------------------------------------------------------

----------------------------------------------------------------------
Time to calculate step (QMpcgrad prepare): 0.000 seconds, 0.0 minutes.
----------------------------------------------------------------------

--------------------------------------------------------------------------
Time to calculate step (linkatomgrad prepare): 0.000 seconds, 0.0 minutes.
--------------------------------------------------------------------------

----------------------------------------------------------------------------
Time to calculate step (QM/MM gradient prepare): 0.000 seconds, 0.0 minutes.
----------------------------------------------------------------------------
Using OpenMM theory as part of QM/MM.
Using MM on full system. Charges for QM region [0, 1, 2, 3, 4, 5, 6, 7, 8, 9, 10, 11, 12, 13, 14, 15, 16, 17, 18, 19, 20, 21, 22, 23] have been set to zero 

--------------------------------------------------------------------------------
                   Creating/updating OpenMM simulation object                   
--------------------------------------------------------------------------------

Integrator name: VerletIntegrator
Timestep: 0.001
Temperature: 300
Coupling frequency: 1
Properties: {'Threads': '1'}
Topology: <Topology; 1 chains, 1 residues, 70 atoms, 0 bonds>

----------------------------------------------------------------------------------
Time to calculate step (creating/updating simulation): 0.003 seconds, 0.0 minutes.
----------------------------------------------------------------------------------

--------------------------------------------------------------------------------
                     Running Single-point OpenMM Interface                      
--------------------------------------------------------------------------------

Number of OpenMM system constraints defined: 0

-----------------------------------------------------------------------------------
Time to calculate step (OpenMMTheory.run: const-check): 0.003 seconds, 0.0 minutes.
-----------------------------------------------------------------------------------
Updating coordinates.

------------------------------------------------------------------------
Time to calculate step (Creating pos array): 0.000 seconds, 0.0 minutes.
------------------------------------------------------------------------

---------------------------------------------------------------------------
Time to calculate step (Updating MM positions): 0.000 seconds, 0.0 minutes.
---------------------------------------------------------------------------
Calling OpenMM getState.

---------------------------------------------------------------------
Time to calculate step (OpenMM getState): 0.001 seconds, 0.0 minutes.
---------------------------------------------------------------------
OpenMM Energy: 0.18067660676456335 Eh
OpenMM Energy: 113.37628248633668 kcal/mol

-----------------------
Ending OpenMM interface
-----------------------

----------------------------------------------------------------
Time to calculate step (OpenMM run): 0.004 seconds, 0.0 minutes.
----------------------------------------------------------------

-------------------------------------------------------------
Time to calculate step (MM step): 0.005 seconds, 0.0 minutes.
-------------------------------------------------------------

Note: You are using electrostatic embedding. This means that the QM-energy is actually the polarized QM-energy
Note: MM energy also contains the QM-MM Lennard-Jones interaction

QM energy:              -835.896131880887 
MM energy:                 0.180676606765
QM/MM energy:           -835.715455274122 

  ------------ENDING QM/MM MODULE------------- 

-----------------------------------------------------------------
Time to calculate step (QM/MM run): 403.387 seconds, 6.7 minutes.
-----------------------------------------------------------------
geometric called save_guess_files option option for ASHengineclass.
This option is currently unsupported in ASH. Continuing.

Convergence criteria: {'convergence_energy': 1e-05, 'convergence_grms': 0.003, 'convergence_gmax': 0.006, 'convergence_drms': 0.01, 'convergence_dmax': 0.015, 'convergence_cmax': 0.01}

Replacing coordinates in fragment.
Creating/Updating fragment attributes...
Number of Atoms in fragment: 70
Formula: O24N3H23C20
Label: CHHCCOOOCHCHCCHCHCHOHCOOCOOHCOOHCOOHCOOHCOOHCOOHCOOHCNHHNHHNHHCOOHCOOH
Charge: -2 Mult: 1

--------------------------------------------------------------------------------
Wrote XYZ file:  Fragment-currentgeo.xyz
Current geometry (Å) in step 0 (print_atoms_list region)
---------------------------------------------------
        C  60.11009542   34.24876400   56.87903032
        H  60.64585084   33.34476161   57.17257590
        H  60.70377419   35.06101070   56.45309158
        C  58.77065346   34.46221804   57.19878566
        C  58.10405798   35.83450602   56.85523001
        O  58.87235611   36.78134997   56.55607440
        O  56.84480619   35.89583879   56.95064980
        O  58.03033246   33.54486221   57.71463530
        C  57.53193843   32.18435911   56.00362611
        H  56.90900983   31.57702437   56.66755763
        C  58.84539440   31.85199511   55.77955150
        H  59.35835166   31.09843873   56.38151491
        C  59.63825142   32.66406641   54.95829838
        C  58.97713760   33.57775893   54.02753007
        H  59.61256784   34.05606342   53.28087408
        C  57.64722228   33.77083135   54.06197428
        H  57.14886493   34.42525552   53.33943580
        C  56.77314614   33.13549473   55.10270776
        H  56.36993385   33.95092187   55.73775628
        O  55.69238130   32.45083813   54.43898864
        H  55.05837630   32.20698107   55.12534801
        C  61.09686236   32.23480744   54.70701988
        O  61.70425967   31.74445685   55.68878806
        O  61.44955415   32.39348788   53.52513407
        C  64.61020000   24.44000000   41.41060000
        O  65.79402500   24.50177600   41.01406300
        O  63.89891600   23.41261700   41.44315900
        H  64.15222100   25.37585000   41.76336100
        C  69.34360000   25.65910000   42.94390000
        O  70.52742500   25.72087600   42.54736300
        O  68.63231600   24.63171700   42.97645900
        H  68.88562100   26.59495000   43.29666100
        C  72.87250000   25.31490000   47.33190000
        O  74.05632500   25.37667600   46.93536300
        O  72.16121600   24.28751700   47.36445900
        H  72.41452100   26.25075000   47.68466100
        C  71.59260000   30.79300000   42.95860000
        O  72.77642500   30.85477600   42.56206300
        O  70.88131600   29.76561700   42.99115900
        H  71.13462100   31.72885000   43.31136100
        C  69.01900000   21.22060000   47.32210000
        O  70.20282500   21.28237600   46.92556300
        O  68.30771600   20.19321700   47.35465900
        H  68.56102100   22.15645000   47.67486100
        C  66.30020000   28.86550000   40.02520000
        O  67.48402500   28.92727600   39.62866300
        O  65.58891600   27.83811700   40.05775900
        H  65.84222100   29.80135000   40.37796100
        C  63.73090000   20.00100000   45.64050000
        O  64.91472500   20.06277600   45.24396300
        O  63.01961600   18.97361700   45.67305900
        H  63.27292100   20.93685000   45.99326100
        C  54.75850000   30.77350000   71.64610000
        N  54.90907700   31.15872000   70.38204600
        H  54.59856000   31.82122200   71.07830000
        H  55.10524600   30.20368200   70.64571300
        N  54.34960100   31.64590400   72.56294900
        H  54.54577000   30.69086600   72.82661600
        H  54.46394900   31.93844000   71.60302800
        N  55.01682100   29.51587600   71.99330500
        H  55.13117000   29.80841100   71.03338400
        H  54.70630400   30.17837800   72.68955900
        C  60.79490000   27.08520000   39.75060000
        O  61.97872500   27.14697600   39.35406300
        O  60.08361600   26.05781700   39.78315900
        H  60.33692100   28.02105000   40.10336100
        C  74.49610000   30.58020000   46.97850000
        O  75.67992500   30.64197600   46.58196300
        O  73.78481600   29.55281700   47.01105900
        H  74.03812100   31.51605000   47.33126100

Note: printed only print_atoms_list (this is not necessarily all atoms) 
  ------------RUNNING QM/MM MODULE------------- 
QM Module: ORCATheory
MM Module: OpenMMTheory
Charge provided from QMMMTheory object:  -2
Mult provided from QMMMTheory object:  1
QM-region Charge: -2 Mult: 1
Embedding: Electrostatic
Number of pointcharges (to QM program): 46
Number of charge coordinates: 46
Running QM/MM object with 8 cores available

-------------------------------------------------------------------
Time to calculate step (before-QMstep): 0.000 seconds, 0.0 minutes.
-------------------------------------------------------------------
  ------------RUNNING ORCA INTERFACE------------- 
Object-label: ORCA
Run-label: None
Running ORCA with 8 cores available
Moreadfile option not active
A GBW-file with same basename : orca.gbw is present
Autostart is False. ORCA will ignore any file present
Creating inputfile: orca.inp
ORCA input:
! B3LYP D3BJ def2-SVP def2/J RIJCOSX CPCM TightSCF

! Noautostart

%cpcm epsilon 4.0 end
%scf MaxIter 300 Guess PModel end
Charge: -2  Mult: 1
Pointcharge embedding is on!
 ORCA Calculation starting. 
Found warning messages in ORCA outputfile:
WARNING: The chosen methods will break translational/rotational symmetry
 WARNING: The chosen methods will break translational symmetry
 WARNING: The chosen methods will break translational symmetry
 Warning: op=0 Small HOMO/LUMO gap (   0.080) - skipping pre-diagonalization

 ORCA Calculation done. 
ORCA converged in 16 iterations
ORCA energy: -835.897844139454
  ------------ENDING ORCA-INTERFACE------------- 

----------------------------------------------------------------
Time to calculate step (ORCA run): 409.007 seconds, 6.8 minutes.
----------------------------------------------------------------

---------------------------------------------------------------
Time to calculate step (QM step): 409.007 seconds, 6.8 minutes.
---------------------------------------------------------------

----------------------------------------------------------------------
Time to calculate step (QMpcgrad prepare): 0.000 seconds, 0.0 minutes.
----------------------------------------------------------------------

--------------------------------------------------------------------------
Time to calculate step (linkatomgrad prepare): 0.000 seconds, 0.0 minutes.
--------------------------------------------------------------------------

----------------------------------------------------------------------------
Time to calculate step (QM/MM gradient prepare): 0.000 seconds, 0.0 minutes.
----------------------------------------------------------------------------
Using OpenMM theory as part of QM/MM.
Using MM on full system. Charges for QM region [0, 1, 2, 3, 4, 5, 6, 7, 8, 9, 10, 11, 12, 13, 14, 15, 16, 17, 18, 19, 20, 21, 22, 23] have been set to zero 

--------------------------------------------------------------------------------
                   Creating/updating OpenMM simulation object                   
--------------------------------------------------------------------------------

Integrator name: VerletIntegrator
Timestep: 0.001
Temperature: 300
Coupling frequency: 1
Properties: {'Threads': '1'}
Topology: <Topology; 1 chains, 1 residues, 70 atoms, 0 bonds>

----------------------------------------------------------------------------------
Time to calculate step (creating/updating simulation): 0.003 seconds, 0.0 minutes.
----------------------------------------------------------------------------------

--------------------------------------------------------------------------------
                     Running Single-point OpenMM Interface                      
--------------------------------------------------------------------------------

Number of OpenMM system constraints defined: 0

-----------------------------------------------------------------------------------
Time to calculate step (OpenMMTheory.run: const-check): 0.003 seconds, 0.0 minutes.
-----------------------------------------------------------------------------------
Updating coordinates.

------------------------------------------------------------------------
Time to calculate step (Creating pos array): 0.000 seconds, 0.0 minutes.
------------------------------------------------------------------------

---------------------------------------------------------------------------
Time to calculate step (Updating MM positions): 0.000 seconds, 0.0 minutes.
---------------------------------------------------------------------------
Calling OpenMM getState.

---------------------------------------------------------------------
Time to calculate step (OpenMM getState): 0.001 seconds, 0.0 minutes.
---------------------------------------------------------------------
OpenMM Energy: 0.1806766590372484 Eh
OpenMM Energy: 113.37631528794178 kcal/mol

-----------------------
Ending OpenMM interface
-----------------------

----------------------------------------------------------------
Time to calculate step (OpenMM run): 0.004 seconds, 0.0 minutes.
----------------------------------------------------------------

-------------------------------------------------------------
Time to calculate step (MM step): 0.005 seconds, 0.0 minutes.
-------------------------------------------------------------

Note: You are using electrostatic embedding. This means that the QM-energy is actually the polarized QM-energy
Note: MM energy also contains the QM-MM Lennard-Jones interaction

QM energy:              -835.897844139454 
MM energy:                 0.180676659037
QM/MM energy:           -835.717167480417 

  ------------ENDING QM/MM MODULE------------- 

-----------------------------------------------------------------
Time to calculate step (QM/MM run): 409.013 seconds, 6.8 minutes.
-----------------------------------------------------------------
geometric called save_guess_files option option for ASHengineclass.
This option is currently unsupported in ASH. Continuing.

Convergence criteria: {'convergence_energy': 1e-05, 'convergence_grms': 0.003, 'convergence_gmax': 0.006, 'convergence_drms': 0.01, 'convergence_dmax': 0.015, 'convergence_cmax': 0.01}

Replacing coordinates in fragment.
Creating/Updating fragment attributes...
Number of Atoms in fragment: 70
Formula: O24N3H23C20
Label: CHHCCOOOCHCHCCHCHCHOHCOOCOOHCOOHCOOHCOOHCOOHCOOHCOOHCNHHNHHNHHCOOHCOOH
Charge: -2 Mult: 1

--------------------------------------------------------------------------------
Wrote XYZ file:  Fragment-currentgeo.xyz
Current geometry (Å) in step 1 (print_atoms_list region)
---------------------------------------------------
        C  60.06277980   34.24270493   56.88057565
        H  60.60852192   33.33272008   57.14033279
        H  60.63575040   35.04216225   56.40392143
        C  58.73708169   34.48797935   57.27324432
        C  58.08528123   35.88262388   56.89302864
        O  58.86988623   36.80849532   56.59324210
        O  56.82307771   35.96851922   56.96787472
        O  58.01207708   33.60562428   57.84232809
        C  57.50118371   32.12674974   55.97454862
        H  56.86819447   31.55662957   56.66104614
        C  58.81328611   31.83432244   55.78803608
        H  59.34180108   31.06557818   56.36060030
        C  59.62245037   32.68532079   54.98945409
        C  58.97253289   33.58652398   54.04751946
        H  59.61186272   34.06229796   53.30273981
        C  57.64226008   33.77499053   54.07999850
        H  57.14317193   34.42333464   53.35282055
        C  56.77031291   33.13055040   55.11468917
        H  56.37411632   33.92930639   55.77958539
        O  55.66712343   32.47993124   54.43699277
        H  55.06676774   32.20870380   55.14247510
        C  61.11559841   32.28778178   54.77765412
        O  61.70719766   31.78358820   55.75518586
        O  61.48379487   32.49837304   53.61405703
        C  64.61020000   24.44000000   41.41060000
        O  65.79402500   24.50177600   41.01406300
        O  63.89891600   23.41261700   41.44315900
        H  64.15222100   25.37585000   41.76336100
        C  69.34360000   25.65910000   42.94390000
        O  70.52742500   25.72087600   42.54736300
        O  68.63231600   24.63171700   42.97645900
        H  68.88562100   26.59495000   43.29666100
        C  72.87250000   25.31490000   47.33190000
        O  74.05632500   25.37667600   46.93536300
        O  72.16121600   24.28751700   47.36445900
        H  72.41452100   26.25075000   47.68466100
        C  71.59260000   30.79300000   42.95860000
        O  72.77642500   30.85477600   42.56206300
        O  70.88131600   29.76561700   42.99115900
        H  71.13462100   31.72885000   43.31136100
        C  69.01900000   21.22060000   47.32210000
        O  70.20282500   21.28237600   46.92556300
        O  68.30771600   20.19321700   47.35465900
        H  68.56102100   22.15645000   47.67486100
        C  66.30020000   28.86550000   40.02520000
        O  67.48402500   28.92727600   39.62866300
        O  65.58891600   27.83811700   40.05775900
        H  65.84222100   29.80135000   40.37796100
        C  63.73090000   20.00100000   45.64050000
        O  64.91472500   20.06277600   45.24396300
        O  63.01961600   18.97361700   45.67305900
        H  63.27292100   20.93685000   45.99326100
        C  54.75850000   30.77350000   71.64610000
        N  54.90907700   31.15872000   70.38204600
        H  54.59856000   31.82122200   71.07830000
        H  55.10524600   30.20368200   70.64571300
        N  54.34960100   31.64590400   72.56294900
        H  54.54577000   30.69086600   72.82661600
        H  54.46394900   31.93844000   71.60302800
        N  55.01682100   29.51587600   71.99330500
        H  55.13117000   29.80841100   71.03338400
        H  54.70630400   30.17837800   72.68955900
        C  60.79490000   27.08520000   39.75060000
        O  61.97872500   27.14697600   39.35406300
        O  60.08361600   26.05781700   39.78315900
        H  60.33692100   28.02105000   40.10336100
        C  74.49610000   30.58020000   46.97850000
        O  75.67992500   30.64197600   46.58196300
        O  73.78481600   29.55281700   47.01105900
        H  74.03812100   31.51605000   47.33126100

Note: printed only print_atoms_list (this is not necessarily all atoms) 
  ------------RUNNING QM/MM MODULE------------- 
QM Module: ORCATheory
MM Module: OpenMMTheory
Charge provided from QMMMTheory object:  -2
Mult provided from QMMMTheory object:  1
QM-region Charge: -2 Mult: 1
Embedding: Electrostatic
Number of pointcharges (to QM program): 46
Number of charge coordinates: 46
Running QM/MM object with 8 cores available

-------------------------------------------------------------------
Time to calculate step (before-QMstep): 0.000 seconds, 0.0 minutes.
-------------------------------------------------------------------
  ------------RUNNING ORCA INTERFACE------------- 
Object-label: ORCA
Run-label: None
Running ORCA with 8 cores available
Moreadfile option not active
A GBW-file with same basename : orca.gbw is present
Autostart is False. ORCA will ignore any file present
Creating inputfile: orca.inp
ORCA input:
! B3LYP D3BJ def2-SVP def2/J RIJCOSX CPCM TightSCF

! Noautostart

%cpcm epsilon 4.0 end
%scf MaxIter 300 Guess PModel end
Charge: -2  Mult: 1
Pointcharge embedding is on!
 ORCA Calculation starting. 
Found warning messages in ORCA outputfile:
WARNING: The chosen methods will break translational/rotational symmetry
 WARNING: The chosen methods will break translational symmetry
 WARNING: The chosen methods will break translational symmetry
 Warning: op=0 Small HOMO/LUMO gap (   0.070) - skipping pre-diagonalization

 ORCA Calculation done. 
ORCA converged in 16 iterations
ORCA energy: -835.901006573774
  ------------ENDING ORCA-INTERFACE------------- 

----------------------------------------------------------------
Time to calculate step (ORCA run): 423.020 seconds, 7.1 minutes.
----------------------------------------------------------------

---------------------------------------------------------------
Time to calculate step (QM step): 423.020 seconds, 7.1 minutes.
---------------------------------------------------------------

----------------------------------------------------------------------
Time to calculate step (QMpcgrad prepare): 0.000 seconds, 0.0 minutes.
----------------------------------------------------------------------

--------------------------------------------------------------------------
Time to calculate step (linkatomgrad prepare): 0.000 seconds, 0.0 minutes.
--------------------------------------------------------------------------

----------------------------------------------------------------------------
Time to calculate step (QM/MM gradient prepare): 0.000 seconds, 0.0 minutes.
----------------------------------------------------------------------------
Using OpenMM theory as part of QM/MM.
Using MM on full system. Charges for QM region [0, 1, 2, 3, 4, 5, 6, 7, 8, 9, 10, 11, 12, 13, 14, 15, 16, 17, 18, 19, 20, 21, 22, 23] have been set to zero 

--------------------------------------------------------------------------------
                   Creating/updating OpenMM simulation object                   
--------------------------------------------------------------------------------

Integrator name: VerletIntegrator
Timestep: 0.001
Temperature: 300
Coupling frequency: 1
Properties: {'Threads': '1'}
Topology: <Topology; 1 chains, 1 residues, 70 atoms, 0 bonds>

----------------------------------------------------------------------------------
Time to calculate step (creating/updating simulation): 0.003 seconds, 0.0 minutes.
----------------------------------------------------------------------------------

--------------------------------------------------------------------------------
                     Running Single-point OpenMM Interface                      
--------------------------------------------------------------------------------

Number of OpenMM system constraints defined: 0

-----------------------------------------------------------------------------------
Time to calculate step (OpenMMTheory.run: const-check): 0.003 seconds, 0.0 minutes.
-----------------------------------------------------------------------------------
Updating coordinates.

------------------------------------------------------------------------
Time to calculate step (Creating pos array): 0.000 seconds, 0.0 minutes.
------------------------------------------------------------------------

---------------------------------------------------------------------------
Time to calculate step (Updating MM positions): 0.000 seconds, 0.0 minutes.
---------------------------------------------------------------------------
Calling OpenMM getState.

---------------------------------------------------------------------
Time to calculate step (OpenMM getState): 0.001 seconds, 0.0 minutes.
---------------------------------------------------------------------
OpenMM Energy: 0.18067681617845824 Eh
OpenMM Energy: 113.37641389553973 kcal/mol

-----------------------
Ending OpenMM interface
-----------------------

----------------------------------------------------------------
Time to calculate step (OpenMM run): 0.004 seconds, 0.0 minutes.
----------------------------------------------------------------

-------------------------------------------------------------
Time to calculate step (MM step): 0.005 seconds, 0.0 minutes.
-------------------------------------------------------------

Note: You are using electrostatic embedding. This means that the QM-energy is actually the polarized QM-energy
Note: MM energy also contains the QM-MM Lennard-Jones interaction

QM energy:              -835.901006573774 
MM energy:                 0.180676816178
QM/MM energy:           -835.720329757596 

  ------------ENDING QM/MM MODULE------------- 

-----------------------------------------------------------------
Time to calculate step (QM/MM run): 423.025 seconds, 7.1 minutes.
-----------------------------------------------------------------
geometric called save_guess_files option option for ASHengineclass.
This option is currently unsupported in ASH. Continuing.

Convergence criteria: {'convergence_energy': 1e-05, 'convergence_grms': 0.003, 'convergence_gmax': 0.006, 'convergence_drms': 0.01, 'convergence_dmax': 0.015, 'convergence_cmax': 0.01}

Replacing coordinates in fragment.
Creating/Updating fragment attributes...
Number of Atoms in fragment: 70
Formula: O24N3H23C20
Label: CHHCCOOOCHCHCCHCHCHOHCOOCOOHCOOHCOOHCOOHCOOHCOOHCOOHCNHHNHHNHHCOOHCOOH
Charge: -2 Mult: 1

--------------------------------------------------------------------------------
Wrote XYZ file:  Fragment-currentgeo.xyz
Current geometry (Å) in step 2 (print_atoms_list region)
---------------------------------------------------
        C  59.97893053   34.21651155   56.85153839
        H  60.54402232   33.31956966   57.11210856
        H  60.52265538   35.00089672   56.31499400
        C  58.68092569   34.52255405   57.36731148
        C  58.05856399   35.95463731   56.97323478
        O  58.86499932   36.84827214   56.65185094
        O  56.79495932   36.06365554   57.00722934
        O  57.99259395   33.71667643   58.04829366
        C  57.44679707   32.04049445   55.92264766
        H  56.81177078   31.50294172   56.63653844
        C  58.76574676   31.82247278   55.81440255
        H  59.30496693   31.02619704   56.34274009
        C  59.60577325   32.74749057   55.07133909
        C  58.96232266   33.61016555   54.09653104
        H  59.60994889   34.07434121   53.35045788
        C  57.62853179   33.78212421   54.11217026
        H  57.12869356   34.41849246   53.37552443
        C  56.75701396   33.12260860   55.13431421
        H  56.38014851   33.89575387   55.84305693
        O  55.61441268   32.53816887   54.43965871
        H  55.06500776   32.20412723   55.16181900
        C  61.13695633   32.38811046   54.89906075
        O  61.69405216   31.85447522   55.87593195
        O  61.55214427   32.67920759   53.76926934
        C  64.61020000   24.44000000   41.41060000
        O  65.79402500   24.50177600   41.01406300
        O  63.89891600   23.41261700   41.44315900
        H  64.15222100   25.37585000   41.76336100
        C  69.34360000   25.65910000   42.94390000
        O  70.52742500   25.72087600   42.54736300
        O  68.63231600   24.63171700   42.97645900
        H  68.88562100   26.59495000   43.29666100
        C  72.87250000   25.31490000   47.33190000
        O  74.05632500   25.37667600   46.93536300
        O  72.16121600   24.28751700   47.36445900
        H  72.41452100   26.25075000   47.68466100
        C  71.59260000   30.79300000   42.95860000
        O  72.77642500   30.85477600   42.56206300
        O  70.88131600   29.76561700   42.99115900
        H  71.13462100   31.72885000   43.31136100
        C  69.01900000   21.22060000   47.32210000
        O  70.20282500   21.28237600   46.92556300
        O  68.30771600   20.19321700   47.35465900
        H  68.56102100   22.15645000   47.67486100
        C  66.30020000   28.86550000   40.02520000
        O  67.48402500   28.92727600   39.62866300
        O  65.58891600   27.83811700   40.05775900
        H  65.84222100   29.80135000   40.37796100
        C  63.73090000   20.00100000   45.64050000
        O  64.91472500   20.06277600   45.24396300
        O  63.01961600   18.97361700   45.67305900
        H  63.27292100   20.93685000   45.99326100
        C  54.75850000   30.77350000   71.64610000
        N  54.90907700   31.15872000   70.38204600
        H  54.59856000   31.82122200   71.07830000
        H  55.10524600   30.20368200   70.64571300
        N  54.34960100   31.64590400   72.56294900
        H  54.54577000   30.69086600   72.82661600
        H  54.46394900   31.93844000   71.60302800
        N  55.01682100   29.51587600   71.99330500
        H  55.13117000   29.80841100   71.03338400
        H  54.70630400   30.17837800   72.68955900
        C  60.79490000   27.08520000   39.75060000
        O  61.97872500   27.14697600   39.35406300
        O  60.08361600   26.05781700   39.78315900
        H  60.33692100   28.02105000   40.10336100
        C  74.49610000   30.58020000   46.97850000
        O  75.67992500   30.64197600   46.58196300
        O  73.78481600   29.55281700   47.01105900
        H  74.03812100   31.51605000   47.33126100

Note: printed only print_atoms_list (this is not necessarily all atoms) 
  ------------RUNNING QM/MM MODULE------------- 
QM Module: ORCATheory
MM Module: OpenMMTheory
Charge provided from QMMMTheory object:  -2
Mult provided from QMMMTheory object:  1
QM-region Charge: -2 Mult: 1
Embedding: Electrostatic
Number of pointcharges (to QM program): 46
Number of charge coordinates: 46
Running QM/MM object with 8 cores available

-------------------------------------------------------------------
Time to calculate step (before-QMstep): 0.000 seconds, 0.0 minutes.
-------------------------------------------------------------------
  ------------RUNNING ORCA INTERFACE------------- 
Object-label: ORCA
Run-label: None
Running ORCA with 8 cores available
Moreadfile option not active
A GBW-file with same basename : orca.gbw is present
Autostart is False. ORCA will ignore any file present
Creating inputfile: orca.inp
ORCA input:
! B3LYP D3BJ def2-SVP def2/J RIJCOSX CPCM TightSCF

! Noautostart

%cpcm epsilon 4.0 end
%scf MaxIter 300 Guess PModel end
Charge: -2  Mult: 1
Pointcharge embedding is on!
 ORCA Calculation starting. 
Found warning messages in ORCA outputfile:
WARNING: The chosen methods will break translational/rotational symmetry
 WARNING: The chosen methods will break translational symmetry
 WARNING: The chosen methods will break translational symmetry
 Warning: op=0 Small HOMO/LUMO gap (   0.073) - skipping pre-diagonalization

 ORCA Calculation done. 
ORCA converged in 16 iterations
ORCA energy: -835.905367840437
  ------------ENDING ORCA-INTERFACE------------- 

----------------------------------------------------------------
Time to calculate step (ORCA run): 397.716 seconds, 6.6 minutes.
----------------------------------------------------------------

---------------------------------------------------------------
Time to calculate step (QM step): 397.716 seconds, 6.6 minutes.
---------------------------------------------------------------

----------------------------------------------------------------------
Time to calculate step (QMpcgrad prepare): 0.000 seconds, 0.0 minutes.
----------------------------------------------------------------------

--------------------------------------------------------------------------
Time to calculate step (linkatomgrad prepare): 0.000 seconds, 0.0 minutes.
--------------------------------------------------------------------------

----------------------------------------------------------------------------
Time to calculate step (QM/MM gradient prepare): 0.000 seconds, 0.0 minutes.
----------------------------------------------------------------------------
Using OpenMM theory as part of QM/MM.
Using MM on full system. Charges for QM region [0, 1, 2, 3, 4, 5, 6, 7, 8, 9, 10, 11, 12, 13, 14, 15, 16, 17, 18, 19, 20, 21, 22, 23] have been set to zero 

--------------------------------------------------------------------------------
                   Creating/updating OpenMM simulation object                   
--------------------------------------------------------------------------------

Integrator name: VerletIntegrator
Timestep: 0.001
Temperature: 300
Coupling frequency: 1
Properties: {'Threads': '1'}
Topology: <Topology; 1 chains, 1 residues, 70 atoms, 0 bonds>

----------------------------------------------------------------------------------
Time to calculate step (creating/updating simulation): 0.002 seconds, 0.0 minutes.
----------------------------------------------------------------------------------

--------------------------------------------------------------------------------
                     Running Single-point OpenMM Interface                      
--------------------------------------------------------------------------------

Number of OpenMM system constraints defined: 0

-----------------------------------------------------------------------------------
Time to calculate step (OpenMMTheory.run: const-check): 0.002 seconds, 0.0 minutes.
-----------------------------------------------------------------------------------
Updating coordinates.

------------------------------------------------------------------------
Time to calculate step (Creating pos array): 0.000 seconds, 0.0 minutes.
------------------------------------------------------------------------

---------------------------------------------------------------------------
Time to calculate step (Updating MM positions): 0.000 seconds, 0.0 minutes.
---------------------------------------------------------------------------
Calling OpenMM getState.

---------------------------------------------------------------------
Time to calculate step (OpenMM getState): 0.000 seconds, 0.0 minutes.
---------------------------------------------------------------------
OpenMM Energy: 0.18067709241651625 Eh
OpenMM Energy: 113.37658723753823 kcal/mol

-----------------------
Ending OpenMM interface
-----------------------

----------------------------------------------------------------
Time to calculate step (OpenMM run): 0.002 seconds, 0.0 minutes.
----------------------------------------------------------------

-------------------------------------------------------------
Time to calculate step (MM step): 0.003 seconds, 0.0 minutes.
-------------------------------------------------------------

Note: You are using electrostatic embedding. This means that the QM-energy is actually the polarized QM-energy
Note: MM energy also contains the QM-MM Lennard-Jones interaction

QM energy:              -835.905367840437 
MM energy:                 0.180677092417
QM/MM energy:           -835.724690748020 

  ------------ENDING QM/MM MODULE------------- 

-----------------------------------------------------------------
Time to calculate step (QM/MM run): 397.719 seconds, 6.6 minutes.
-----------------------------------------------------------------
geometric called save_guess_files option option for ASHengineclass.
This option is currently unsupported in ASH. Continuing.
geometric called clearCalcs option for ASHengineclass.
This option is currently unsupported in ASH. Continuing.

Convergence criteria: {'convergence_energy': 1e-05, 'convergence_grms': 0.003, 'convergence_gmax': 0.006, 'convergence_drms': 0.01, 'convergence_dmax': 0.015, 'convergence_cmax': 0.01}

Replacing coordinates in fragment.
Creating/Updating fragment attributes...
Number of Atoms in fragment: 70
Formula: O24N3H23C20
Label: CHHCCOOOCHCHCCHCHCHOHCOOCOOHCOOHCOOHCOOHCOOHCOOHCOOHCNHHNHHNHHCOOHCOOH
Charge: -2 Mult: 1

--------------------------------------------------------------------------------
Wrote XYZ file:  Fragment-currentgeo.xyz
Current geometry (Å) in step 3 (print_atoms_list region)
---------------------------------------------------
        C  59.78292244   34.12500671   56.74956697
        H  60.42192105   33.30780473   57.09650243
        H  60.29136455   34.89307056   56.13631992
        C  58.57715864   34.58483398   57.51856473
        C  58.00715107   36.07223146   57.10489239
        O  58.85365548   36.91930042   56.77881345
        O  56.74856594   36.22525609   57.11765832
        O  57.99326793   33.94437723   58.41857336
        C  57.34748119   31.89998475   55.82069470
        H  56.71995323   31.37110018   56.56019298
        C  58.67918315   31.82506377   55.88134879
        H  59.22591480   30.97571434   56.32747706
        C  59.57279016   32.91307819   55.28328428
        C  58.93634501   33.66957308   54.21112232
        H  59.60061426   34.10595944   53.45829578
        C  57.59503268   33.79406131   54.17467176
        H  57.09470628   34.40024635   53.41345223
        C  56.72067349   33.10991816   55.17592448
        H  56.39001476   33.83611493   55.95969556
        O  55.50092064   32.66511252   54.46651221
        H  55.04464036   32.18799708   55.18295348
        C  61.16190160   32.60182021   55.15522023
        O  61.66395566   31.99040207   56.11511234
        O  61.67668083   33.04513686   54.10832363
        C  64.61020000   24.44000000   41.41060000
        O  65.79402500   24.50177600   41.01406300
        O  63.89891600   23.41261700   41.44315900
        H  64.15222100   25.37585000   41.76336100
        C  69.34360000   25.65910000   42.94390000
        O  70.52742500   25.72087600   42.54736300
        O  68.63231600   24.63171700   42.97645900
        H  68.88562100   26.59495000   43.29666100
        C  72.87250000   25.31490000   47.33190000
        O  74.05632500   25.37667600   46.93536300
        O  72.16121600   24.28751700   47.36445900
        H  72.41452100   26.25075000   47.68466100
        C  71.59260000   30.79300000   42.95860000
        O  72.77642500   30.85477600   42.56206300
        O  70.88131600   29.76561700   42.99115900
        H  71.13462100   31.72885000   43.31136100
        C  69.01900000   21.22060000   47.32210000
        O  70.20282500   21.28237600   46.92556300
        O  68.30771600   20.19321700   47.35465900
        H  68.56102100   22.15645000   47.67486100
        C  66.30020000   28.86550000   40.02520000
        O  67.48402500   28.92727600   39.62866300
        O  65.58891600   27.83811700   40.05775900
        H  65.84222100   29.80135000   40.37796100
        C  63.73090000   20.00100000   45.64050000
        O  64.91472500   20.06277600   45.24396300
        O  63.01961600   18.97361700   45.67305900
        H  63.27292100   20.93685000   45.99326100
        C  54.75850000   30.77350000   71.64610000
        N  54.90907700   31.15872000   70.38204600
        H  54.59856000   31.82122200   71.07830000
        H  55.10524600   30.20368200   70.64571300
        N  54.34960100   31.64590400   72.56294900
        H  54.54577000   30.69086600   72.82661600
        H  54.46394900   31.93844000   71.60302800
        N  55.01682100   29.51587600   71.99330500
        H  55.13117000   29.80841100   71.03338400
        H  54.70630400   30.17837800   72.68955900
        C  60.79490000   27.08520000   39.75060000
        O  61.97872500   27.14697600   39.35406300
        O  60.08361600   26.05781700   39.78315900
        H  60.33692100   28.02105000   40.10336100
        C  74.49610000   30.58020000   46.97850000
        O  75.67992500   30.64197600   46.58196300
        O  73.78481600   29.55281700   47.01105900
        H  74.03812100   31.51605000   47.33126100

Note: printed only print_atoms_list (this is not necessarily all atoms) 
  ------------RUNNING QM/MM MODULE------------- 
QM Module: ORCATheory
MM Module: OpenMMTheory
Charge provided from QMMMTheory object:  -2
Mult provided from QMMMTheory object:  1
QM-region Charge: -2 Mult: 1
Embedding: Electrostatic
Number of pointcharges (to QM program): 46
Number of charge coordinates: 46
Running QM/MM object with 8 cores available

-------------------------------------------------------------------
Time to calculate step (before-QMstep): 0.000 seconds, 0.0 minutes.
-------------------------------------------------------------------
  ------------RUNNING ORCA INTERFACE------------- 
Object-label: ORCA
Run-label: None
Running ORCA with 8 cores available
Moreadfile option not active
A GBW-file with same basename : orca.gbw is present
Autostart is False. ORCA will ignore any file present
Creating inputfile: orca.inp
ORCA input:
! B3LYP D3BJ def2-SVP def2/J RIJCOSX CPCM TightSCF

! Noautostart

%cpcm epsilon 4.0 end
%scf MaxIter 300 Guess PModel end
Charge: -2  Mult: 1
Pointcharge embedding is on!
 ORCA Calculation starting. 
Found warning messages in ORCA outputfile:
WARNING: The chosen methods will break translational/rotational symmetry
 WARNING: The chosen methods will break translational symmetry
 WARNING: The chosen methods will break translational symmetry
 Warning: op=0 Small HOMO/LUMO gap (   0.097) - skipping pre-diagonalization

 ORCA Calculation done. 
ORCA converged in 15 iterations
ORCA energy: -835.912369093037
  ------------ENDING ORCA-INTERFACE------------- 

----------------------------------------------------------------
Time to calculate step (ORCA run): 385.014 seconds, 6.4 minutes.
----------------------------------------------------------------

---------------------------------------------------------------
Time to calculate step (QM step): 385.014 seconds, 6.4 minutes.
---------------------------------------------------------------

----------------------------------------------------------------------
Time to calculate step (QMpcgrad prepare): 0.000 seconds, 0.0 minutes.
----------------------------------------------------------------------

--------------------------------------------------------------------------
Time to calculate step (linkatomgrad prepare): 0.000 seconds, 0.0 minutes.
--------------------------------------------------------------------------

----------------------------------------------------------------------------
Time to calculate step (QM/MM gradient prepare): 0.000 seconds, 0.0 minutes.
----------------------------------------------------------------------------
Using OpenMM theory as part of QM/MM.
Using MM on full system. Charges for QM region [0, 1, 2, 3, 4, 5, 6, 7, 8, 9, 10, 11, 12, 13, 14, 15, 16, 17, 18, 19, 20, 21, 22, 23] have been set to zero 

--------------------------------------------------------------------------------
                   Creating/updating OpenMM simulation object                   
--------------------------------------------------------------------------------

Integrator name: VerletIntegrator
Timestep: 0.001
Temperature: 300
Coupling frequency: 1
Properties: {'Threads': '1'}
Topology: <Topology; 1 chains, 1 residues, 70 atoms, 0 bonds>

----------------------------------------------------------------------------------
Time to calculate step (creating/updating simulation): 0.003 seconds, 0.0 minutes.
----------------------------------------------------------------------------------

--------------------------------------------------------------------------------
                     Running Single-point OpenMM Interface                      
--------------------------------------------------------------------------------

Number of OpenMM system constraints defined: 0

-----------------------------------------------------------------------------------
Time to calculate step (OpenMMTheory.run: const-check): 0.003 seconds, 0.0 minutes.
-----------------------------------------------------------------------------------
Updating coordinates.

------------------------------------------------------------------------
Time to calculate step (Creating pos array): 0.000 seconds, 0.0 minutes.
------------------------------------------------------------------------

---------------------------------------------------------------------------
Time to calculate step (Updating MM positions): 0.000 seconds, 0.0 minutes.
---------------------------------------------------------------------------
Calling OpenMM getState.

---------------------------------------------------------------------
Time to calculate step (OpenMM getState): 0.001 seconds, 0.0 minutes.
---------------------------------------------------------------------
OpenMM Energy: 0.18067763557061753 Eh
OpenMM Energy: 113.37692807188266 kcal/mol

-----------------------
Ending OpenMM interface
-----------------------

----------------------------------------------------------------
Time to calculate step (OpenMM run): 0.004 seconds, 0.0 minutes.
----------------------------------------------------------------

-------------------------------------------------------------
Time to calculate step (MM step): 0.005 seconds, 0.0 minutes.
-------------------------------------------------------------

Note: You are using electrostatic embedding. This means that the QM-energy is actually the polarized QM-energy
Note: MM energy also contains the QM-MM Lennard-Jones interaction

QM energy:              -835.912369093037 
MM energy:                 0.180677635571
QM/MM energy:           -835.731691457466 

  ------------ENDING QM/MM MODULE------------- 

-----------------------------------------------------------------
Time to calculate step (QM/MM run): 385.019 seconds, 6.4 minutes.
-----------------------------------------------------------------
geometric called save_guess_files option option for ASHengineclass.
This option is currently unsupported in ASH. Continuing.

Convergence criteria: {'convergence_energy': 1e-05, 'convergence_grms': 0.003, 'convergence_gmax': 0.006, 'convergence_drms': 0.01, 'convergence_dmax': 0.015, 'convergence_cmax': 0.01}

Replacing coordinates in fragment.
Creating/Updating fragment attributes...
Number of Atoms in fragment: 70
Formula: O24N3H23C20
Label: CHHCCOOOCHCHCCHCHCHOHCOOCOOHCOOHCOOHCOOHCOOHCOOHCOOHCNHHNHHNHHCOOHCOOH
Charge: -2 Mult: 1

--------------------------------------------------------------------------------
Wrote XYZ file:  Fragment-currentgeo.xyz
Current geometry (Å) in step 4 (print_atoms_list region)
---------------------------------------------------
        C  59.58528143   33.98274826   56.61254028
        H  60.33920772   33.37078650   57.17750830
        H  60.11230159   34.79298221   56.04082583
        C  58.49569779   34.61943848   57.56308496
        C  57.97471462   36.14953728   57.21214270
        O  58.84567639   36.96942240   56.89041268
        O  56.72426378   36.32344656   57.23135896
        O  58.04433748   34.12630703   58.62231205
        C  57.28384402   31.82300856   55.74734905
        H  56.66419521   31.23963812   56.46271555
        C  58.61720431   31.85872778   55.95269708
        H  59.15546387   30.96203672   56.32901398
        C  59.53499019   33.10065712   55.52623912
        C  58.90556234   33.72802292   54.32799105
        H  59.58560797   34.13190131   53.56158192
        C  57.56051983   33.80316343   54.22599342
        H  57.06091347   34.37115432   53.43381533
        C  56.68157569   33.10482014   55.21472424
        H  56.39397291   33.79354199   56.04808307
        O  55.40896798   32.76841027   54.51649250
        H  55.00441343   32.17329779   55.18177058
        C  61.14993474   32.77742217   55.36436854
        O  61.62749562   32.10104865   56.30003841
        O  61.75202181   33.33591659   54.40604621
        C  64.61020000   24.44000000   41.41060000
        O  65.79402500   24.50177600   41.01406300
        O  63.89891600   23.41261700   41.44315900
        H  64.15222100   25.37585000   41.76336100
        C  69.34360000   25.65910000   42.94390000
        O  70.52742500   25.72087600   42.54736300
        O  68.63231600   24.63171700   42.97645900
        H  68.88562100   26.59495000   43.29666100
        C  72.87250000   25.31490000   47.33190000
        O  74.05632500   25.37667600   46.93536300
        O  72.16121600   24.28751700   47.36445900
        H  72.41452100   26.25075000   47.68466100
        C  71.59260000   30.79300000   42.95860000
        O  72.77642500   30.85477600   42.56206300
        O  70.88131600   29.76561700   42.99115900
        H  71.13462100   31.72885000   43.31136100
        C  69.01900000   21.22060000   47.32210000
        O  70.20282500   21.28237600   46.92556300
        O  68.30771600   20.19321700   47.35465900
        H  68.56102100   22.15645000   47.67486100
        C  66.30020000   28.86550000   40.02520000
        O  67.48402500   28.92727600   39.62866300
        O  65.58891600   27.83811700   40.05775900
        H  65.84222100   29.80135000   40.37796100
        C  63.73090000   20.00100000   45.64050000
        O  64.91472500   20.06277600   45.24396300
        O  63.01961600   18.97361700   45.67305900
        H  63.27292100   20.93685000   45.99326100
        C  54.75850000   30.77350000   71.64610000
        N  54.90907700   31.15872000   70.38204600
        H  54.59856000   31.82122200   71.07830000
        H  55.10524600   30.20368200   70.64571300
        N  54.34960100   31.64590400   72.56294900
        H  54.54577000   30.69086600   72.82661600
        H  54.46394900   31.93844000   71.60302800
        N  55.01682100   29.51587600   71.99330500
        H  55.13117000   29.80841100   71.03338400
        H  54.70630400   30.17837800   72.68955900
        C  60.79490000   27.08520000   39.75060000
        O  61.97872500   27.14697600   39.35406300
        O  60.08361600   26.05781700   39.78315900
        H  60.33692100   28.02105000   40.10336100
        C  74.49610000   30.58020000   46.97850000
        O  75.67992500   30.64197600   46.58196300
        O  73.78481600   29.55281700   47.01105900
        H  74.03812100   31.51605000   47.33126100

Note: printed only print_atoms_list (this is not necessarily all atoms) 
  ------------RUNNING QM/MM MODULE------------- 
QM Module: ORCATheory
MM Module: OpenMMTheory
Charge provided from QMMMTheory object:  -2
Mult provided from QMMMTheory object:  1
QM-region Charge: -2 Mult: 1
Embedding: Electrostatic
Number of pointcharges (to QM program): 46
Number of charge coordinates: 46
Running QM/MM object with 8 cores available

-------------------------------------------------------------------
Time to calculate step (before-QMstep): 0.000 seconds, 0.0 minutes.
-------------------------------------------------------------------
  ------------RUNNING ORCA INTERFACE------------- 
Object-label: ORCA
Run-label: None
Running ORCA with 8 cores available
Moreadfile option not active
A GBW-file with same basename : orca.gbw is present
Autostart is False. ORCA will ignore any file present
Creating inputfile: orca.inp
ORCA input:
! B3LYP D3BJ def2-SVP def2/J RIJCOSX CPCM TightSCF

! Noautostart

%cpcm epsilon 4.0 end
%scf MaxIter 300 Guess PModel end
Charge: -2  Mult: 1
Pointcharge embedding is on!
 ORCA Calculation starting. 
Found warning messages in ORCA outputfile:
WARNING: The chosen methods will break translational/rotational symmetry
 WARNING: The chosen methods will break translational symmetry
 WARNING: The chosen methods will break translational symmetry

 ORCA Calculation done. 
ORCA converged in 12 iterations
ORCA energy: -835.892278667086
  ------------ENDING ORCA-INTERFACE------------- 

----------------------------------------------------------------
Time to calculate step (ORCA run): 347.352 seconds, 5.8 minutes.
----------------------------------------------------------------

---------------------------------------------------------------
Time to calculate step (QM step): 347.352 seconds, 5.8 minutes.
---------------------------------------------------------------

----------------------------------------------------------------------
Time to calculate step (QMpcgrad prepare): 0.000 seconds, 0.0 minutes.
----------------------------------------------------------------------

--------------------------------------------------------------------------
Time to calculate step (linkatomgrad prepare): 0.000 seconds, 0.0 minutes.
--------------------------------------------------------------------------

----------------------------------------------------------------------------
Time to calculate step (QM/MM gradient prepare): 0.000 seconds, 0.0 minutes.
----------------------------------------------------------------------------
Using OpenMM theory as part of QM/MM.
Using MM on full system. Charges for QM region [0, 1, 2, 3, 4, 5, 6, 7, 8, 9, 10, 11, 12, 13, 14, 15, 16, 17, 18, 19, 20, 21, 22, 23] have been set to zero 

--------------------------------------------------------------------------------
                   Creating/updating OpenMM simulation object                   
--------------------------------------------------------------------------------

Integrator name: VerletIntegrator
Timestep: 0.001
Temperature: 300
Coupling frequency: 1
Properties: {'Threads': '1'}
Topology: <Topology; 1 chains, 1 residues, 70 atoms, 0 bonds>

----------------------------------------------------------------------------------
Time to calculate step (creating/updating simulation): 0.002 seconds, 0.0 minutes.
----------------------------------------------------------------------------------

--------------------------------------------------------------------------------
                     Running Single-point OpenMM Interface                      
--------------------------------------------------------------------------------

Number of OpenMM system constraints defined: 0

-----------------------------------------------------------------------------------
Time to calculate step (OpenMMTheory.run: const-check): 0.002 seconds, 0.0 minutes.
-----------------------------------------------------------------------------------
Updating coordinates.

------------------------------------------------------------------------
Time to calculate step (Creating pos array): 0.000 seconds, 0.0 minutes.
------------------------------------------------------------------------

---------------------------------------------------------------------------
Time to calculate step (Updating MM positions): 0.000 seconds, 0.0 minutes.
---------------------------------------------------------------------------
Calling OpenMM getState.

---------------------------------------------------------------------
Time to calculate step (OpenMM getState): 0.001 seconds, 0.0 minutes.
---------------------------------------------------------------------
OpenMM Energy: 0.18067808073211236 Eh
OpenMM Energy: 113.37720741493816 kcal/mol

-----------------------
Ending OpenMM interface
-----------------------

----------------------------------------------------------------
Time to calculate step (OpenMM run): 0.003 seconds, 0.0 minutes.
----------------------------------------------------------------

-------------------------------------------------------------
Time to calculate step (MM step): 0.003 seconds, 0.0 minutes.
-------------------------------------------------------------

Note: You are using electrostatic embedding. This means that the QM-energy is actually the polarized QM-energy
Note: MM energy also contains the QM-MM Lennard-Jones interaction

QM energy:              -835.892278667086 
MM energy:                 0.180678080732
QM/MM energy:           -835.711600586354 

  ------------ENDING QM/MM MODULE------------- 

-----------------------------------------------------------------
Time to calculate step (QM/MM run): 347.355 seconds, 5.8 minutes.
-----------------------------------------------------------------
geometric called load_guess_files option for ASHengineclass.
This option is currently unsupported in ASH. Continuing.

Convergence criteria: {'convergence_energy': 1e-05, 'convergence_grms': 0.003, 'convergence_gmax': 0.006, 'convergence_drms': 0.01, 'convergence_dmax': 0.015, 'convergence_cmax': 0.01}

Replacing coordinates in fragment.
Creating/Updating fragment attributes...
Number of Atoms in fragment: 70
Formula: O24N3H23C20
Label: CHHCCOOOCHCHCCHCHCHOHCOOCOOHCOOHCOOHCOOHCOOHCOOHCOOHCNHHNHHNHHCOOHCOOH
Charge: -2 Mult: 1

--------------------------------------------------------------------------------
Wrote XYZ file:  Fragment-currentgeo.xyz
Current geometry (Å) in step 5 (print_atoms_list region)
---------------------------------------------------
        C  59.69452848   34.04726481   56.66430994
        H  60.38669200   33.34655600   57.16695242
        H  60.21565258   34.84675060   56.09983382
        C  58.54228272   34.59543254   57.51029093
        C  57.99455224   36.09773443   57.15108805
        O  58.85003737   36.93841153   56.83122951
        O  56.74279686   36.25386076   57.18125315
        O  58.02381714   34.02215820   58.48300858
        C  57.32153746   31.87746160   55.79675586
        H  56.70004935   31.30055416   56.50552023
        C  58.65703571   31.85349721   55.92332196
        H  59.19078127   30.98019127   56.33955653
        C  59.55775358   33.01574739   55.41379086
        C  58.91843428   33.70329405   54.27255424
        H  59.59167609   34.12171980   53.51226528
        C  57.57579540   33.79897836   54.19791070
        H  57.07630269   34.38392725   53.41954199
        C  56.69759247   33.10966893   55.19372389
        H  56.38788697   33.82062465   55.99522320
        O  55.45863977   32.71128654   54.49174760
        H  55.01476692   32.17989866   55.17753123
        C  61.14536879   32.68305791   55.25118879
        O  61.64291999   32.03963992   56.19713076
        O  61.70887175   33.17462976   54.24635351
        C  64.61020000   24.44000000   41.41060000
        O  65.79402500   24.50177600   41.01406300
        O  63.89891600   23.41261700   41.44315900
        H  64.15222100   25.37585000   41.76336100
        C  69.34360000   25.65910000   42.94390000
        O  70.52742500   25.72087600   42.54736300
        O  68.63231600   24.63171700   42.97645900
        H  68.88562100   26.59495000   43.29666100
        C  72.87250000   25.31490000   47.33190000
        O  74.05632500   25.37667600   46.93536300
        O  72.16121600   24.28751700   47.36445900
        H  72.41452100   26.25075000   47.68466100
        C  71.59260000   30.79300000   42.95860000
        O  72.77642500   30.85477600   42.56206300
        O  70.88131600   29.76561700   42.99115900
        H  71.13462100   31.72885000   43.31136100
        C  69.01900000   21.22060000   47.32210000
        O  70.20282500   21.28237600   46.92556300
        O  68.30771600   20.19321700   47.35465900
        H  68.56102100   22.15645000   47.67486100
        C  66.30020000   28.86550000   40.02520000
        O  67.48402500   28.92727600   39.62866300
        O  65.58891600   27.83811700   40.05775900
        H  65.84222100   29.80135000   40.37796100
        C  63.73090000   20.00100000   45.64050000
        O  64.91472500   20.06277600   45.24396300
        O  63.01961600   18.97361700   45.67305900
        H  63.27292100   20.93685000   45.99326100
        C  54.75850000   30.77350000   71.64610000
        N  54.90907700   31.15872000   70.38204600
        H  54.59856000   31.82122200   71.07830000
        H  55.10524600   30.20368200   70.64571300
        N  54.34960100   31.64590400   72.56294900
        H  54.54577000   30.69086600   72.82661600
        H  54.46394900   31.93844000   71.60302800
        N  55.01682100   29.51587600   71.99330500
        H  55.13117000   29.80841100   71.03338400
        H  54.70630400   30.17837800   72.68955900
        C  60.79490000   27.08520000   39.75060000
        O  61.97872500   27.14697600   39.35406300
        O  60.08361600   26.05781700   39.78315900
        H  60.33692100   28.02105000   40.10336100
        C  74.49610000   30.58020000   46.97850000
        O  75.67992500   30.64197600   46.58196300
        O  73.78481600   29.55281700   47.01105900
        H  74.03812100   31.51605000   47.33126100

Note: printed only print_atoms_list (this is not necessarily all atoms) 
  ------------RUNNING QM/MM MODULE------------- 
QM Module: ORCATheory
MM Module: OpenMMTheory
Charge provided from QMMMTheory object:  -2
Mult provided from QMMMTheory object:  1
QM-region Charge: -2 Mult: 1
Embedding: Electrostatic
Number of pointcharges (to QM program): 46
Number of charge coordinates: 46
Running QM/MM object with 8 cores available

-------------------------------------------------------------------
Time to calculate step (before-QMstep): 0.000 seconds, 0.0 minutes.
-------------------------------------------------------------------
  ------------RUNNING ORCA INTERFACE------------- 
Object-label: ORCA
Run-label: None
Running ORCA with 8 cores available
Moreadfile option not active
A GBW-file with same basename : orca.gbw is present
Autostart is False. ORCA will ignore any file present
Creating inputfile: orca.inp
ORCA input:
! B3LYP D3BJ def2-SVP def2/J RIJCOSX CPCM TightSCF

! Noautostart

%cpcm epsilon 4.0 end
%scf MaxIter 300 Guess PModel end
Charge: -2  Mult: 1
Pointcharge embedding is on!
 ORCA Calculation starting. 
Found warning messages in ORCA outputfile:
WARNING: The chosen methods will break translational/rotational symmetry
 WARNING: The chosen methods will break translational symmetry
 WARNING: The chosen methods will break translational symmetry

 ORCA Calculation done. 
ORCA converged in 15 iterations
ORCA energy: -835.929439506505
  ------------ENDING ORCA-INTERFACE------------- 

----------------------------------------------------------------
Time to calculate step (ORCA run): 365.712 seconds, 6.1 minutes.
----------------------------------------------------------------

---------------------------------------------------------------
Time to calculate step (QM step): 365.712 seconds, 6.1 minutes.
---------------------------------------------------------------

----------------------------------------------------------------------
Time to calculate step (QMpcgrad prepare): 0.000 seconds, 0.0 minutes.
----------------------------------------------------------------------

--------------------------------------------------------------------------
Time to calculate step (linkatomgrad prepare): 0.000 seconds, 0.0 minutes.
--------------------------------------------------------------------------

----------------------------------------------------------------------------
Time to calculate step (QM/MM gradient prepare): 0.000 seconds, 0.0 minutes.
----------------------------------------------------------------------------
Using OpenMM theory as part of QM/MM.
Using MM on full system. Charges for QM region [0, 1, 2, 3, 4, 5, 6, 7, 8, 9, 10, 11, 12, 13, 14, 15, 16, 17, 18, 19, 20, 21, 22, 23] have been set to zero 

--------------------------------------------------------------------------------
                   Creating/updating OpenMM simulation object                   
--------------------------------------------------------------------------------

Integrator name: VerletIntegrator
Timestep: 0.001
Temperature: 300
Coupling frequency: 1
Properties: {'Threads': '1'}
Topology: <Topology; 1 chains, 1 residues, 70 atoms, 0 bonds>

----------------------------------------------------------------------------------
Time to calculate step (creating/updating simulation): 0.004 seconds, 0.0 minutes.
----------------------------------------------------------------------------------

--------------------------------------------------------------------------------
                     Running Single-point OpenMM Interface                      
--------------------------------------------------------------------------------

Number of OpenMM system constraints defined: 0

-----------------------------------------------------------------------------------
Time to calculate step (OpenMMTheory.run: const-check): 0.004 seconds, 0.0 minutes.
-----------------------------------------------------------------------------------
Updating coordinates.

------------------------------------------------------------------------
Time to calculate step (Creating pos array): 0.000 seconds, 0.0 minutes.
------------------------------------------------------------------------

---------------------------------------------------------------------------
Time to calculate step (Updating MM positions): 0.001 seconds, 0.0 minutes.
---------------------------------------------------------------------------
Calling OpenMM getState.

---------------------------------------------------------------------
Time to calculate step (OpenMM getState): 0.001 seconds, 0.0 minutes.
---------------------------------------------------------------------
OpenMM Energy: 0.18067786167937483 Eh
OpenMM Energy: 113.37706995727004 kcal/mol

-----------------------
Ending OpenMM interface
-----------------------

----------------------------------------------------------------
Time to calculate step (OpenMM run): 0.005 seconds, 0.0 minutes.
----------------------------------------------------------------

-------------------------------------------------------------
Time to calculate step (MM step): 0.006 seconds, 0.0 minutes.
-------------------------------------------------------------

Note: You are using electrostatic embedding. This means that the QM-energy is actually the polarized QM-energy
Note: MM energy also contains the QM-MM Lennard-Jones interaction

QM energy:              -835.929439506505 
MM energy:                 0.180677861679
QM/MM energy:           -835.748761644826 

  ------------ENDING QM/MM MODULE------------- 

-----------------------------------------------------------------
Time to calculate step (QM/MM run): 365.719 seconds, 6.1 minutes.
-----------------------------------------------------------------
geometric called save_guess_files option option for ASHengineclass.
This option is currently unsupported in ASH. Continuing.

Convergence criteria: {'convergence_energy': 1e-05, 'convergence_grms': 0.003, 'convergence_gmax': 0.006, 'convergence_drms': 0.01, 'convergence_dmax': 0.015, 'convergence_cmax': 0.01}

Replacing coordinates in fragment.
Creating/Updating fragment attributes...
Number of Atoms in fragment: 70
Formula: O24N3H23C20
Label: CHHCCOOOCHCHCCHCHCHOHCOOCOOHCOOHCOOHCOOHCOOHCOOHCOOHCNHHNHHNHHCOOHCOOH
Charge: -2 Mult: 1

--------------------------------------------------------------------------------
Wrote XYZ file:  Fragment-currentgeo.xyz
Current geometry (Å) in step 6 (print_atoms_list region)
---------------------------------------------------
        C  59.74851265   33.99755938   56.58952337
        H  60.40441943   33.52060829   57.40846257
        H  60.29168939   34.88659494   56.24516307
        C  58.57548290   34.57105693   57.32539355
        C  58.01231797   36.01170280   57.09440741
        O  58.86206407   36.90328833   56.84938185
        O  56.78251504   36.12588346   57.23388814
        O  58.09557767   33.95928681   58.23828525
        C  57.35897128   31.96924665   55.85954792
        H  56.75056232   31.26990093   56.44557937
        C  58.70469215   31.90477125   55.95921067
        H  59.19602975   31.04883880   56.40756436
        C  59.54379451   33.04988005   55.47771375
        C  58.88713553   33.72208545   54.29244298
        H  59.57353551   34.13938761   53.54123688
        C  57.55717020   33.79965046   54.18534270
        H  57.06259292   34.36339401   53.39073599
        C  56.66537979   33.12152763   55.19078098
        H  56.36756816   33.84774357   55.95750766
        O  55.46930253   32.69652671   54.51792206
        H  54.94698458   32.17371291   55.13452373
        C  61.05420835   32.65122493   55.21050552
        O  61.59739134   32.00911566   56.15027185
        O  61.65105298   33.10498502   54.21967404
        C  64.61020000   24.44000000   41.41060000
        O  65.79402500   24.50177600   41.01406300
        O  63.89891600   23.41261700   41.44315900
        H  64.15222100   25.37585000   41.76336100
        C  69.34360000   25.65910000   42.94390000
        O  70.52742500   25.72087600   42.54736300
        O  68.63231600   24.63171700   42.97645900
        H  68.88562100   26.59495000   43.29666100
        C  72.87250000   25.31490000   47.33190000
        O  74.05632500   25.37667600   46.93536300
        O  72.16121600   24.28751700   47.36445900
        H  72.41452100   26.25075000   47.68466100
        C  71.59260000   30.79300000   42.95860000
        O  72.77642500   30.85477600   42.56206300
        O  70.88131600   29.76561700   42.99115900
        H  71.13462100   31.72885000   43.31136100
        C  69.01900000   21.22060000   47.32210000
        O  70.20282500   21.28237600   46.92556300
        O  68.30771600   20.19321700   47.35465900
        H  68.56102100   22.15645000   47.67486100
        C  66.30020000   28.86550000   40.02520000
        O  67.48402500   28.92727600   39.62866300
        O  65.58891600   27.83811700   40.05775900
        H  65.84222100   29.80135000   40.37796100
        C  63.73090000   20.00100000   45.64050000
        O  64.91472500   20.06277600   45.24396300
        O  63.01961600   18.97361700   45.67305900
        H  63.27292100   20.93685000   45.99326100
        C  54.75850000   30.77350000   71.64610000
        N  54.90907700   31.15872000   70.38204600
        H  54.59856000   31.82122200   71.07830000
        H  55.10524600   30.20368200   70.64571300
        N  54.34960100   31.64590400   72.56294900
        H  54.54577000   30.69086600   72.82661600
        H  54.46394900   31.93844000   71.60302800
        N  55.01682100   29.51587600   71.99330500
        H  55.13117000   29.80841100   71.03338400
        H  54.70630400   30.17837800   72.68955900
        C  60.79490000   27.08520000   39.75060000
        O  61.97872500   27.14697600   39.35406300
        O  60.08361600   26.05781700   39.78315900
        H  60.33692100   28.02105000   40.10336100
        C  74.49610000   30.58020000   46.97850000
        O  75.67992500   30.64197600   46.58196300
        O  73.78481600   29.55281700   47.01105900
        H  74.03812100   31.51605000   47.33126100

Note: printed only print_atoms_list (this is not necessarily all atoms) 
  ------------RUNNING QM/MM MODULE------------- 
QM Module: ORCATheory
MM Module: OpenMMTheory
Charge provided from QMMMTheory object:  -2
Mult provided from QMMMTheory object:  1
QM-region Charge: -2 Mult: 1
Embedding: Electrostatic
Number of pointcharges (to QM program): 46
Number of charge coordinates: 46
Running QM/MM object with 8 cores available

-------------------------------------------------------------------
Time to calculate step (before-QMstep): 0.000 seconds, 0.0 minutes.
-------------------------------------------------------------------
  ------------RUNNING ORCA INTERFACE------------- 
Object-label: ORCA
Run-label: None
Running ORCA with 8 cores available
Moreadfile option not active
A GBW-file with same basename : orca.gbw is present
Autostart is False. ORCA will ignore any file present
Creating inputfile: orca.inp
ORCA input:
! B3LYP D3BJ def2-SVP def2/J RIJCOSX CPCM TightSCF

! Noautostart

%cpcm epsilon 4.0 end
%scf MaxIter 300 Guess PModel end
Charge: -2  Mult: 1
Pointcharge embedding is on!
 ORCA Calculation starting. 
Found warning messages in ORCA outputfile:
WARNING: The chosen methods will break translational/rotational symmetry
 WARNING: The chosen methods will break translational symmetry
 WARNING: The chosen methods will break translational symmetry

 ORCA Calculation done. 
ORCA converged in 15 iterations
ORCA energy: -835.944604066247
  ------------ENDING ORCA-INTERFACE------------- 

----------------------------------------------------------------
Time to calculate step (ORCA run): 350.808 seconds, 5.8 minutes.
----------------------------------------------------------------

---------------------------------------------------------------
Time to calculate step (QM step): 350.808 seconds, 5.8 minutes.
---------------------------------------------------------------

----------------------------------------------------------------------
Time to calculate step (QMpcgrad prepare): 0.000 seconds, 0.0 minutes.
----------------------------------------------------------------------

--------------------------------------------------------------------------
Time to calculate step (linkatomgrad prepare): 0.000 seconds, 0.0 minutes.
--------------------------------------------------------------------------

----------------------------------------------------------------------------
Time to calculate step (QM/MM gradient prepare): 0.000 seconds, 0.0 minutes.
----------------------------------------------------------------------------
Using OpenMM theory as part of QM/MM.
Using MM on full system. Charges for QM region [0, 1, 2, 3, 4, 5, 6, 7, 8, 9, 10, 11, 12, 13, 14, 15, 16, 17, 18, 19, 20, 21, 22, 23] have been set to zero 

--------------------------------------------------------------------------------
                   Creating/updating OpenMM simulation object                   
--------------------------------------------------------------------------------

Integrator name: VerletIntegrator
Timestep: 0.001
Temperature: 300
Coupling frequency: 1
Properties: {'Threads': '1'}
Topology: <Topology; 1 chains, 1 residues, 70 atoms, 0 bonds>

----------------------------------------------------------------------------------
Time to calculate step (creating/updating simulation): 0.003 seconds, 0.0 minutes.
----------------------------------------------------------------------------------

--------------------------------------------------------------------------------
                     Running Single-point OpenMM Interface                      
--------------------------------------------------------------------------------

Number of OpenMM system constraints defined: 0

-----------------------------------------------------------------------------------
Time to calculate step (OpenMMTheory.run: const-check): 0.003 seconds, 0.0 minutes.
-----------------------------------------------------------------------------------
Updating coordinates.

------------------------------------------------------------------------
Time to calculate step (Creating pos array): 0.000 seconds, 0.0 minutes.
------------------------------------------------------------------------

---------------------------------------------------------------------------
Time to calculate step (Updating MM positions): 0.000 seconds, 0.0 minutes.
---------------------------------------------------------------------------
Calling OpenMM getState.

---------------------------------------------------------------------
Time to calculate step (OpenMM getState): 0.001 seconds, 0.0 minutes.
---------------------------------------------------------------------
OpenMM Energy: 0.18067789379589835 Eh
OpenMM Energy: 113.37709011069282 kcal/mol

-----------------------
Ending OpenMM interface
-----------------------

----------------------------------------------------------------
Time to calculate step (OpenMM run): 0.004 seconds, 0.0 minutes.
----------------------------------------------------------------

-------------------------------------------------------------
Time to calculate step (MM step): 0.005 seconds, 0.0 minutes.
-------------------------------------------------------------

Note: You are using electrostatic embedding. This means that the QM-energy is actually the polarized QM-energy
Note: MM energy also contains the QM-MM Lennard-Jones interaction

QM energy:              -835.944604066247 
MM energy:                 0.180677893796
QM/MM energy:           -835.763926172451 

  ------------ENDING QM/MM MODULE------------- 

-----------------------------------------------------------------
Time to calculate step (QM/MM run): 350.813 seconds, 5.8 minutes.
-----------------------------------------------------------------
geometric called save_guess_files option option for ASHengineclass.
This option is currently unsupported in ASH. Continuing.

Convergence criteria: {'convergence_energy': 1e-05, 'convergence_grms': 0.003, 'convergence_gmax': 0.006, 'convergence_drms': 0.01, 'convergence_dmax': 0.015, 'convergence_cmax': 0.01}

Replacing coordinates in fragment.
Creating/Updating fragment attributes...
Number of Atoms in fragment: 70
Formula: O24N3H23C20
Label: CHHCCOOOCHCHCCHCHCHOHCOOCOOHCOOHCOOHCOOHCOOHCOOHCOOHCNHHNHHNHHCOOHCOOH
Charge: -2 Mult: 1

--------------------------------------------------------------------------------
Wrote XYZ file:  Fragment-currentgeo.xyz
Current geometry (Å) in step 7 (print_atoms_list region)
---------------------------------------------------
        C  59.88403223   34.14455678   56.72895161
        H  60.43750943   33.47280632   57.37160022
        H  60.40225666   34.97096548   56.30306485
        C  58.61697733   34.55379470   57.28330858
        C  58.02718593   35.94394780   57.00956034
        O  58.86973643   36.85846260   56.79117436
        O  56.79779450   36.04167736   57.17120856
        O  58.07920506   33.84745118   58.11432782
        C  57.41160789   32.04439113   55.91906702
        H  56.80250758   31.31584003   56.45953989
        C  58.75822299   31.90807069   55.92339629
        H  59.23827119   31.08818542   56.43762217
        C  59.58403641   32.94255467   55.34804563
        C  58.90317580   33.69572606   54.23645191
        H  59.57981335   34.13570739   53.49757768
        C  57.57484785   33.78980592   54.15440801
        H  57.07952594   34.36554217   53.36754753
        C  56.67806550   33.12703807   55.17051040
        H  56.36403626   33.88874097   55.89736992
        O  55.52092702   32.63909609   54.50039744
        H  54.95317385   32.17481527   55.11966778
        C  61.04982714   32.52255966   55.06456380
        O  61.59481180   31.90407151   56.02211583
        O  61.58996792   32.92346445   54.02744308
        C  64.61020000   24.44000000   41.41060000
        O  65.79402500   24.50177600   41.01406300
        O  63.89891600   23.41261700   41.44315900
        H  64.15222100   25.37585000   41.76336100
        C  69.34360000   25.65910000   42.94390000
        O  70.52742500   25.72087600   42.54736300
        O  68.63231600   24.63171700   42.97645900
        H  68.88562100   26.59495000   43.29666100
        C  72.87250000   25.31490000   47.33190000
        O  74.05632500   25.37667600   46.93536300
        O  72.16121600   24.28751700   47.36445900
        H  72.41452100   26.25075000   47.68466100
        C  71.59260000   30.79300000   42.95860000
        O  72.77642500   30.85477600   42.56206300
        O  70.88131600   29.76561700   42.99115900
        H  71.13462100   31.72885000   43.31136100
        C  69.01900000   21.22060000   47.32210000
        O  70.20282500   21.28237600   46.92556300
        O  68.30771600   20.19321700   47.35465900
        H  68.56102100   22.15645000   47.67486100
        C  66.30020000   28.86550000   40.02520000
        O  67.48402500   28.92727600   39.62866300
        O  65.58891600   27.83811700   40.05775900
        H  65.84222100   29.80135000   40.37796100
        C  63.73090000   20.00100000   45.64050000
        O  64.91472500   20.06277600   45.24396300
        O  63.01961600   18.97361700   45.67305900
        H  63.27292100   20.93685000   45.99326100
        C  54.75850000   30.77350000   71.64610000
        N  54.90907700   31.15872000   70.38204600
        H  54.59856000   31.82122200   71.07830000
        H  55.10524600   30.20368200   70.64571300
        N  54.34960100   31.64590400   72.56294900
        H  54.54577000   30.69086600   72.82661600
        H  54.46394900   31.93844000   71.60302800
        N  55.01682100   29.51587600   71.99330500
        H  55.13117000   29.80841100   71.03338400
        H  54.70630400   30.17837800   72.68955900
        C  60.79490000   27.08520000   39.75060000
        O  61.97872500   27.14697600   39.35406300
        O  60.08361600   26.05781700   39.78315900
        H  60.33692100   28.02105000   40.10336100
        C  74.49610000   30.58020000   46.97850000
        O  75.67992500   30.64197600   46.58196300
        O  73.78481600   29.55281700   47.01105900
        H  74.03812100   31.51605000   47.33126100

Note: printed only print_atoms_list (this is not necessarily all atoms) 
  ------------RUNNING QM/MM MODULE------------- 
QM Module: ORCATheory
MM Module: OpenMMTheory
Charge provided from QMMMTheory object:  -2
Mult provided from QMMMTheory object:  1
QM-region Charge: -2 Mult: 1
Embedding: Electrostatic
Number of pointcharges (to QM program): 46
Number of charge coordinates: 46
Running QM/MM object with 8 cores available

-------------------------------------------------------------------
Time to calculate step (before-QMstep): 0.000 seconds, 0.0 minutes.
-------------------------------------------------------------------
  ------------RUNNING ORCA INTERFACE------------- 
Object-label: ORCA
Run-label: None
Running ORCA with 8 cores available
Moreadfile option not active
A GBW-file with same basename : orca.gbw is present
Autostart is False. ORCA will ignore any file present
Creating inputfile: orca.inp
ORCA input:
! B3LYP D3BJ def2-SVP def2/J RIJCOSX CPCM TightSCF

! Noautostart

%cpcm epsilon 4.0 end
%scf MaxIter 300 Guess PModel end
Charge: -2  Mult: 1
Pointcharge embedding is on!
 ORCA Calculation starting. 
Found warning messages in ORCA outputfile:
WARNING: The chosen methods will break translational/rotational symmetry
 WARNING: The chosen methods will break translational symmetry
 WARNING: The chosen methods will break translational symmetry
 Warning: op=0 Small HOMO/LUMO gap (   0.097) - skipping pre-diagonalization

 ORCA Calculation done. 
ORCA converged in 12 iterations
ORCA energy: -835.935218512769
  ------------ENDING ORCA-INTERFACE------------- 

----------------------------------------------------------------
Time to calculate step (ORCA run): 337.556 seconds, 5.6 minutes.
----------------------------------------------------------------

---------------------------------------------------------------
Time to calculate step (QM step): 337.556 seconds, 5.6 minutes.
---------------------------------------------------------------

----------------------------------------------------------------------
Time to calculate step (QMpcgrad prepare): 0.000 seconds, 0.0 minutes.
----------------------------------------------------------------------

--------------------------------------------------------------------------
Time to calculate step (linkatomgrad prepare): 0.000 seconds, 0.0 minutes.
--------------------------------------------------------------------------

----------------------------------------------------------------------------
Time to calculate step (QM/MM gradient prepare): 0.000 seconds, 0.0 minutes.
----------------------------------------------------------------------------
Using OpenMM theory as part of QM/MM.
Using MM on full system. Charges for QM region [0, 1, 2, 3, 4, 5, 6, 7, 8, 9, 10, 11, 12, 13, 14, 15, 16, 17, 18, 19, 20, 21, 22, 23] have been set to zero 

--------------------------------------------------------------------------------
                   Creating/updating OpenMM simulation object                   
--------------------------------------------------------------------------------

Integrator name: VerletIntegrator
Timestep: 0.001
Temperature: 300
Coupling frequency: 1
Properties: {'Threads': '1'}
Topology: <Topology; 1 chains, 1 residues, 70 atoms, 0 bonds>

----------------------------------------------------------------------------------
Time to calculate step (creating/updating simulation): 0.003 seconds, 0.0 minutes.
----------------------------------------------------------------------------------

--------------------------------------------------------------------------------
                     Running Single-point OpenMM Interface                      
--------------------------------------------------------------------------------

Number of OpenMM system constraints defined: 0

-----------------------------------------------------------------------------------
Time to calculate step (OpenMMTheory.run: const-check): 0.003 seconds, 0.0 minutes.
-----------------------------------------------------------------------------------
Updating coordinates.

------------------------------------------------------------------------
Time to calculate step (Creating pos array): 0.000 seconds, 0.0 minutes.
------------------------------------------------------------------------

---------------------------------------------------------------------------
Time to calculate step (Updating MM positions): 0.000 seconds, 0.0 minutes.
---------------------------------------------------------------------------
Calling OpenMM getState.

---------------------------------------------------------------------
Time to calculate step (OpenMM getState): 0.001 seconds, 0.0 minutes.
---------------------------------------------------------------------
OpenMM Energy: 0.18067760939012287 Eh
OpenMM Energy: 113.37691164337421 kcal/mol

-----------------------
Ending OpenMM interface
-----------------------

----------------------------------------------------------------
Time to calculate step (OpenMM run): 0.004 seconds, 0.0 minutes.
----------------------------------------------------------------

-------------------------------------------------------------
Time to calculate step (MM step): 0.005 seconds, 0.0 minutes.
-------------------------------------------------------------

Note: You are using electrostatic embedding. This means that the QM-energy is actually the polarized QM-energy
Note: MM energy also contains the QM-MM Lennard-Jones interaction

QM energy:              -835.935218512769 
MM energy:                 0.180677609390
QM/MM energy:           -835.754540903379 

  ------------ENDING QM/MM MODULE------------- 

-----------------------------------------------------------------
Time to calculate step (QM/MM run): 337.561 seconds, 5.6 minutes.
-----------------------------------------------------------------
geometric called save_guess_files option option for ASHengineclass.
This option is currently unsupported in ASH. Continuing.
geometric called clearCalcs option for ASHengineclass.
This option is currently unsupported in ASH. Continuing.

Convergence criteria: {'convergence_energy': 1e-05, 'convergence_grms': 0.003, 'convergence_gmax': 0.006, 'convergence_drms': 0.01, 'convergence_dmax': 0.015, 'convergence_cmax': 0.01}

Replacing coordinates in fragment.
Creating/Updating fragment attributes...
Number of Atoms in fragment: 70
Formula: O24N3H23C20
Label: CHHCCOOOCHCHCCHCHCHOHCOOCOOHCOOHCOOHCOOHCOOHCOOHCOOHCNHHNHHNHHCOOHCOOH
Charge: -2 Mult: 1

--------------------------------------------------------------------------------
Wrote XYZ file:  Fragment-currentgeo.xyz
Current geometry (Å) in step 8 (print_atoms_list region)
---------------------------------------------------
        C  59.83079962   34.11633834   56.68450940
        H  60.43971904   33.47502814   57.31790714
        H  60.38978707   34.94426303   56.23839513
        C  58.58898922   34.55494201   57.36078670
        C  58.01392292   35.97661093   57.03852193
        O  58.86244414   36.86870943   56.79790218
        O  56.77264948   36.11419138   57.17713513
        O  58.04819382   33.87729687   58.24933019
        C  57.39108029   32.00091454   55.89946973
        H  56.75701396   31.28238872   56.43334905
        C  58.72379970   31.91025566   55.93228792
        H  59.23169574   31.08192986   56.43553031
        C  59.58761514   32.99773667   55.39678758
        C  58.90933690   33.71388839   54.26631399
        H  59.57991059   34.15172070   53.52312113
        C  57.57391121   33.79036120   54.17439294
        H  57.07955195   34.35426321   53.37390594
        C  56.67523910   33.12259976   55.18206212
        H  56.35926428   33.88315605   55.92858500
        O  55.50299295   32.65479463   54.48896217
        H  54.97027440   32.17189657   55.13551047
        C  61.08697097   32.58060678   55.13046348
        O  61.58970160   31.89730928   56.06319013
        O  61.58983650   32.98701530   54.07422170Step   10 : Displace = [0m3.392e-02[0m/[0m1.347e-01[0m (rms/max) Trust = 3.470e-02 ([91m-[0m) Grad_T = [0m6.936e-03[0m/[0m3.613e-02[0m (rms/max) E (change) = -835.7724123300 ([0m-1.787e-02[0m) Quality = [0m1.106[0m
Hessian Eigenvalues: 1.00821e-02 2.63687e-02 2.65613e-02 ... 5.78010e-01 5.78010e-01 5.91490e-01
Step   11 : Displace = [0m4.999e-02[0m/[0m1.772e-01[0m (rms/max) Trust = 4.907e-02 ([92m+[0m) Grad_T = [0m1.037e-02[0m/[0m5.901e-02[0m (rms/max) E (change) = -835.7747429499 ([0m-2.331e-03[0m) Quality = [0m0.233[0m
Hessian Eigenvalues: 1.11788e-02 2.62992e-02 2.63687e-02 ... 5.78010e-01 5.78010e-01 5.90901e-01
Step   12 : Displace = [0m2.223e-02[0m/[0m7.975e-02[0m (rms/max) Trust = 2.453e-02 ([91m-[0m) Grad_T = [92m2.803e-03[0m/[0m1.727e-02[0m (rms/max) E (change) = -835.7807499972 ([0m-6.007e-03[0m) Quality = [0m0.652[0m
Hessian Eigenvalues: 1.16574e-02 2.53406e-02 2.63687e-02 ... 5.78010e-01 5.78010e-01 5.90974e-01
Step   13 : Displace = [0m1.281e-02[0m/[0m4.491e-02[0m (rms/max) Trust = 2.453e-02 (=) Grad_T = [92m1.524e-03[0m/[92m5.421e-03[0m (rms/max) E (change) = -835.7826051510 ([0m-1.855e-03[0m) Quality = [0m1.521[0m
Hessian Eigenvalues: 6.46799e-03 1.73061e-02 2.63687e-02 ... 5.78010e-01 5.78010e-01 5.91070e-01
