geometric-optimize called with the following command line:
relax_shell.py shell8p8 run

                                        [91m())))))))))))))))/[0m                     
                                    [91m())))))))))))))))))))))))),[0m                
                                [91m*)))))))))))))))))))))))))))))))))[0m             
                        [94m#,[0m    [91m()))))))))/[0m                [91m.)))))))))),[0m          
                      [94m#%%%%,[0m  [91m())))))[0m                        [91m.))))))))*[0m        
                      [94m*%%%%%%,[0m  [91m))[0m              [93m..[0m              [91m,))))))).[0m      
                        [94m*%%%%%%,[0m         [93m***************/.[0m        [91m.)))))))[0m     
                [94m#%%/[0m      [94m(%%%%%%,[0m    [93m/*********************.[0m       [91m)))))))[0m    
              [94m.%%%%%%#[0m      [94m*%%%%%%,[0m  [93m*******/,[0m     [93m**********,[0m      [91m.))))))[0m   
                [94m.%%%%%%/[0m      [94m*%%%%%%,[0m  [93m**[0m              [93m********[0m      [91m.))))))[0m  
          [94m##[0m      [94m.%%%%%%/[0m      [94m(%%%%%%,[0m                  [93m,******[0m      [91m/)))))[0m  
        [94m%%%%%%[0m      [94m.%%%%%%#[0m      [94m*%%%%%%,[0m    [92m,/////.[0m       [93m******[0m      [91m))))))[0m 
      [94m#%[0m      [94m%%[0m      [94m.%%%%%%/[0m      [94m*%%%%%%,[0m  [92m////////,[0m      [93m*****/[0m     [91m,)))))[0m 
    [94m#%%[0m  [94m%%%[0m  [94m%%%#[0m      [94m.%%%%%%/[0m      [94m(%%%%%%,[0m  [92m///////.[0m     [93m/*****[0m      [91m))))).[0m
  [94m#%%%%.[0m      [94m%%%%%#[0m      [94m/%%%%%%*[0m      [94m#%%%%%%[0m   [92m/////)[0m     [93m******[0m      [91m))))),[0m
    [94m#%%%%##%[0m  [94m%%%#[0m      [94m.%%%%%%/[0m      [94m(%%%%%%,[0m  [92m///////.[0m     [93m/*****[0m      [91m))))).[0m
      [94m##[0m     [94m%%%[0m      [94m.%%%%%%/[0m      [94m*%%%%%%,[0m  [92m////////.[0m      [93m*****/[0m     [91m,)))))[0m 
        [94m#%%%%#[0m      [94m/%%%%%%/[0m      [94m(%%%%%%[0m      [92m/)/)//[0m       [93m******[0m      [91m))))))[0m 
          [94m##[0m      [94m.%%%%%%/[0m      [94m(%%%%%%,[0m                  [93m*******[0m      [91m))))))[0m  
                [94m.%%%%%%/[0m      [94m*%%%%%%,[0m  [93m**.[0m             [93m/*******[0m      [91m.))))))[0m  
              [94m*%%%%%%/[0m      [94m(%%%%%%[0m   [93m********/*..,*/*********[0m       [91m*))))))[0m   
                [94m#%%/[0m      [94m(%%%%%%,[0m    [93m*********************/[0m        [91m)))))))[0m    
                        [94m*%%%%%%,[0m         [93m,**************/[0m         [91m,))))))/[0m     
                      [94m(%%%%%%[0m   [91m()[0m                              [91m))))))))[0m       
                      [94m#%%%%,[0m  [91m())))))[0m                        [91m,)))))))),[0m        
                        [94m#,[0m    [91m())))))))))[0m                [91m,)))))))))).[0m          
                                 [91m()))))))))))))))))))))))))))))))/[0m             
                                    [91m())))))))))))))))))))))))).[0m                
                                         [91m())))))))))))))),[0m                     

-=# [1;94m geomeTRIC started. Version: 1.1.1 [0m #=-
Current date and time: 2026-07-29 17:23:33
#========================================================#
#| [92m    Arguments passed to driver run_optimizer():     [0m |#
#========================================================#
bothre                    0.0 
constraints               constraints.txt 
convergence_cmax          0.01 
convergence_dmax          0.015 
convergence_drms          0.01 
convergence_energy        1e-05 
convergence_gmax          0.006 
convergence_grms          0.003 
coordsys                  hdlc 
customengine              <ash.interfaces.interface_geometric_new.ASHengineclass object at 0x14b189cd9050> 
input                     dummyinputname 
irc                       False 
logIni                    /home/18660916/envs/ash/lib/python3.11/site-packages/ash/log.ini 
maxiter                   400 
prefix                    geometric_OPTtraj 
rigid                     False 
subfrctor                 1 
transition                False 
verbose                   0 
----------------------------------------------------------
Custom engine selected.
$freeze
xyz 25
xyz 26
xyz 27
xyz 28
xyz 29
xyz 30
xyz 31
xyz 32
xyz 33
xyz 34
xyz 35
xyz 36
xyz 37
xyz 38
xyz 39
xyz 40
xyz 41
xyz 42
xyz 43
xyz 44
xyz 45
xyz 46
xyz 47
xyz 48
xyz 49
xyz 50
xyz 51
xyz 52
xyz 53
xyz 54
xyz 55
xyz 56
xyz 57
xyz 58
xyz 59
xyz 60
xyz 61
xyz 62
xyz 63
xyz 64
xyz 65
xyz 66
xyz 67
xyz 68
xyz 69
xyz 70
xyz 71
xyz 72
xyz 73
xyz 74
xyz 75
xyz 76
xyz 77
xyz 78
xyz 79
xyz 80
xyz 81
xyz 82
Bonds will be generated from interatomic distances less than 1.20 times sum of covalent radii
246 internal coordinates being used (instead of 246 Cartesians)
<class 'geometric.internal.CartesianX'> : 82
<class 'geometric.internal.CartesianY'> : 82
<class 'geometric.internal.CartesianZ'> : 82
<class 'geometric.internal.Distance'> : 99
<class 'geometric.internal.Angle'> : 113
<class 'geometric.internal.OutOfPlane'> : 294
<class 'geometric.internal.Dihedral'> : 512
Constraint                         Current      Target       Diff.
Cartesian-X 25                    63.06610    63.06610     0.00000
Cartesian-Y 25                    29.76340    29.76340     0.00000
Cartesian-Z 25                    43.42070    43.42070     0.00000
Cartesian-X 26                    64.24993    64.24993     0.00000
Cartesian-Y 26                    29.82518    29.82518     0.00000
Cartesian-Z 26                    43.02416    43.02416     0.00000
Cartesian-X 27                    62.35482    62.35482     0.00000
Cartesian-Y 27                    28.73602    28.73602     0.00000
Cartesian-Z 27                    43.45326    43.45326     0.00000
Cartesian-X 28                    62.60812    62.60812     0.00000
Cartesian-Y 28                    30.69925    30.69925     0.00000
Cartesian-Z 28                    43.77346    43.77346     0.00000
Cartesian-X 29                    58.71080    58.71080     0.00000
Cartesian-Y 29                    26.50630    26.50630     0.00000
Cartesian-Z 29                    65.29140    65.29140     0.00000
Cartesian-X 30                    58.86138    58.86138     0.00000
Cartesian-Y 30                    26.89152    26.89152     0.00000
Cartesian-Z 30                    64.02735    64.02735     0.00000
Cartesian-X 31                    58.55086    58.55086     0.00000
Cartesian-Y 31                    27.55402    27.55402     0.00000
Cartesian-Z 31                    64.72360    64.72360     0.00000
Cartesian-X 32                    59.05755    59.05755     0.00000
Cartesian-Y 32                    25.93648    25.93648     0.00000
Cartesian-Z 32                    64.29101    64.29101     0.00000
Cartesian-X 33                    58.30190    58.30190     0.00000
Cartesian-Y 33                    27.37870    27.37870     0.00000
Cartesian-Z 33                    66.20825    66.20825     0.00000
Cartesian-X 34                    58.49807    58.49807     0.00000
Cartesian-Y 34                    26.42367    26.42367     0.00000
Cartesian-Z 34                    66.47192    66.47192     0.00000
Cartesian-X 35                    58.41625    58.41625     0.00000
Cartesian-Y 35                    27.67124    27.67124     0.00000
Cartesian-Z 35                    65.24833    65.24833     0.00000
Cartesian-X 36                    58.96912    58.96912     0.00000
Cartesian-Y 36                    25.24868    25.24868     0.00000
Cartesian-Z 36                    65.63860    65.63860     0.00000
Cartesian-X 37                    59.08347    59.08347     0.00000
Cartesian-Y 37                    25.54121    25.54121     0.00000
Cartesian-Z 37                    64.67868    64.67868     0.00000
Cartesian-X 38                    58.65860    58.65860     0.00000
Cartesian-Y 38                    25.91118    25.91118     0.00000
Cartesian-Z 38                    66.33486    66.33486     0.00000
Cartesian-X 39                    58.59230    58.59230     0.00000
Cartesian-Y 39                    24.28120    24.28120     0.00000
Cartesian-Z 39                    47.30860    47.30860     0.00000
Cartesian-X 40                    59.77613    59.77613     0.00000
Cartesian-Y 40                    24.34298    24.34298     0.00000
Cartesian-Z 40                    46.91206    46.91206     0.00000
Cartesian-X 41                    57.88102    57.88102     0.00000
Cartesian-Y 41                    23.25382    23.25382     0.00000
Cartesian-Z 41                    47.34116    47.34116     0.00000
Cartesian-X 42                    58.13432    58.13432     0.00000
Cartesian-Y 42                    25.21705    25.21705     0.00000
Cartesian-Z 42                    47.66136    47.66136     0.00000
Cartesian-X 43                    70.95710    70.95710     0.00000
Cartesian-Y 43                    27.50530    27.50530     0.00000
Cartesian-Z 43                    53.36590    53.36590     0.00000
Cartesian-X 44                    72.14092    72.14092     0.00000
Cartesian-Y 44                    27.56708    27.56708     0.00000
Cartesian-Z 44                    52.96936    52.96936     0.00000
Cartesian-X 45                    70.24582    70.24582     0.00000
Cartesian-Y 45                    26.47792    26.47792     0.00000
Cartesian-Z 45                    53.39846    53.39846     0.00000
Cartesian-X 46                    70.49912    70.49912     0.00000
Cartesian-Y 46                    28.44115    28.44115     0.00000
Cartesian-Z 46                    53.71866    53.71866     0.00000
Cartesian-X 47                    67.80160    67.80160     0.00000
Cartesian-Y 47                    24.00280    24.00280     0.00000
Cartesian-Z 47                    52.09340    52.09340     0.00000
Cartesian-X 48                    68.98543    68.98543     0.00000
Cartesian-Y 48                    24.06458    24.06458     0.00000
Cartesian-Z 48                    51.69686    51.69686     0.00000
Cartesian-X 49                    67.09032    67.09032     0.00000
Cartesian-Y 49                    22.97542    22.97542     0.00000
Cartesian-Z 49                    52.12596    52.12596     0.00000
Cartesian-X 50                    67.34362    67.34362     0.00000
Cartesian-Y 50                    24.93865    24.93865     0.00000
Cartesian-Z 50                    52.44616    52.44616     0.00000
Cartesian-X 51                    67.12480    67.12480     0.00000
Cartesian-Y 51                    32.65070    32.65070     0.00000
Cartesian-Z 51                    44.69220    44.69220     0.00000
Cartesian-X 52                    68.30863    68.30863     0.00000
Cartesian-Y 52                    32.71248    32.71248     0.00000
Cartesian-Z 52                    44.29566    44.29566     0.00000
Cartesian-X 53                    66.41352    66.41352     0.00000
Cartesian-Y 53                    31.62332    31.62332     0.00000
Cartesian-Z 53                    44.72476    44.72476     0.00000
Cartesian-X 54                    66.66682    66.66682     0.00000
Cartesian-Y 54                    33.58655    33.58655     0.00000
Cartesian-Z 54                    45.04496    45.04496     0.00000
Cartesian-X 55                    61.12890    61.12890     0.00000
Cartesian-Y 55                    33.14530    33.14530     0.00000
Cartesian-Z 55                    67.78460    67.78460     0.00000
Cartesian-X 56                    61.27948    61.27948     0.00000
Cartesian-Y 56                    33.53052    33.53052     0.00000
Cartesian-Z 56                    66.52055    66.52055     0.00000
Cartesian-X 57                    60.96896    60.96896     0.00000
Cartesian-Y 57                    34.19302    34.19302     0.00000
Cartesian-Z 57                    67.21680    67.21680     0.00000
Cartesian-X 58                    61.47565    61.47565     0.00000
Cartesian-Y 58                    32.57548    32.57548     0.00000
Cartesian-Z 58                    66.78421    66.78421     0.00000
Cartesian-X 59                    60.72000    60.72000     0.00000
Cartesian-Y 59                    34.01770    34.01770     0.00000
Cartesian-Z 59                    68.70145    68.70145     0.00000
Cartesian-X 60                    60.91617    60.91617     0.00000
Cartesian-Y 60                    33.06267    33.06267     0.00000
Cartesian-Z 60                    68.96512    68.96512     0.00000
Cartesian-X 61                    60.83435    60.83435     0.00000
Cartesian-Y 61                    34.31024    34.31024     0.00000
Cartesian-Z 61                    67.74153    67.74153     0.00000
Cartesian-X 62                    61.38722    61.38722     0.00000
Cartesian-Y 62                    31.88768    31.88768     0.00000
Cartesian-Z 62                    68.13180    68.13180     0.00000
Cartesian-X 63                    61.50157    61.50157     0.00000
Cartesian-Y 63                    32.18021    32.18021     0.00000
Cartesian-Z 63                    67.17188    67.17188     0.00000
Cartesian-X 64                    61.07670    61.07670     0.00000
Cartesian-Y 64                    32.55018    32.55018     0.00000
Cartesian-Z 64                    68.82806    68.82806     0.00000
Cartesian-X 65                    70.55960    70.55960     0.00000
Cartesian-Y 65                    34.37890    34.37890     0.00000
Cartesian-Z 65                    48.88280    48.88280     0.00000
Cartesian-X 66                    71.74343    71.74343     0.00000
Cartesian-Y 66                    34.44068    34.44068     0.00000
Cartesian-Z 66                    48.48626    48.48626     0.00000
Cartesian-X 67                    69.84832    69.84832     0.00000
Cartesian-Y 67                    33.35152    33.35152     0.00000
Cartesian-Z 67                    48.91536    48.91536     0.00000
Cartesian-X 68                    70.10162    70.10162     0.00000
Cartesian-Y 68                    35.31475    35.31475     0.00000
Cartesian-Z 68                    49.23556    49.23556     0.00000
Cartesian-X 69                    55.13880    55.13880     0.00000
Cartesian-Y 69                    30.68340    30.68340     0.00000
Cartesian-Z 69                    67.21900    67.21900     0.00000
Cartesian-X 70                    55.28938    55.28938     0.00000
Cartesian-Y 70                    31.06862    31.06862     0.00000
Cartesian-Z 70                    65.95495    65.95495     0.00000
Cartesian-X 71                    54.97886    54.97886     0.00000
Cartesian-Y 71                    31.73112    31.73112     0.00000
Cartesian-Z 71                    66.65120    66.65120     0.00000
Cartesian-X 72                    55.48555    55.48555     0.00000
Cartesian-Y 72                    30.11358    30.11358     0.00000
Cartesian-Z 72                    66.21861    66.21861     0.00000
Cartesian-X 73                    54.72990    54.72990     0.00000
Cartesian-Y 73                    31.55580    31.55580     0.00000
Cartesian-Z 73                    68.13585    68.13585     0.00000
Cartesian-X 74                    54.92607    54.92607     0.00000
Cartesian-Y 74                    30.60077    30.60077     0.00000
Cartesian-Z 74                    68.39952    68.39952     0.00000
Cartesian-X 75                    54.84425    54.84425     0.00000
Cartesian-Y 75                    31.84834    31.84834     0.00000
Cartesian-Z 75                    67.17593    67.17593     0.00000
Cartesian-X 76                    55.39712    55.39712     0.00000
Cartesian-Y 76                    29.42578    29.42578     0.00000
Cartesian-Z 76                    67.56620    67.56620     0.00000
Cartesian-X 77                    55.51147    55.51147     0.00000
Cartesian-Y 77                    29.71831    29.71831     0.00000
Cartesian-Z 77                    66.60628    66.60628     0.00000
Cartesian-X 78                    55.08660    55.08660     0.00000
Cartesian-Y 78                    30.08828    30.08828     0.00000
Cartesian-Z 78                    68.26246    68.26246     0.00000
Cartesian-X 79                    64.84770    64.84770     0.00000
Cartesian-Y 79                    24.20140    24.20140     0.00000
Cartesian-Z 79                    47.60480    47.60480     0.00000
Cartesian-X 80                    66.03153    66.03153     0.00000
Cartesian-Y 80                    24.26318    24.26318     0.00000
Cartesian-Z 80                    47.20826    47.20826     0.00000
Cartesian-X 81                    64.13642    64.13642     0.00000
Cartesian-Y 81                    23.17402    23.17402     0.00000
Cartesian-Z 81                    47.63736    47.63736     0.00000
Cartesian-X 82                    64.38972    64.38972     0.00000
Cartesian-Y 82                    25.13725    25.13725     0.00000
Cartesian-Z 82                    47.95756    47.95756     0.00000
> ===== Optimization Info: ====
> Job type: Energy minimization
> Maximum number of optimization cycles: 400
> Initial / maximum trust radius (Angstrom): 0.100 / 0.300
> Convergence Criteria:
> Will converge when all 5 criteria are reached:
>  |Delta-E| < 1.00e-05
>  RMS-Ortho-Grad < 3.00e-03
>  Max-Ortho-Grad < 6.00e-03
>  RMS-Disp  < 1.00e-02
>  Max-Disp  < 1.50e-02
> 
> Constraints are requested. The following criterion is added:
>  Max Constraint Violation (in Angstroms/degrees) < 1.00e-02 
> === End Optimization Info ===
Step    0 : Gradient = 5.922e-03/3.398e-02 (rms/max) Energy = -837.8631153223
Hessian Eigenvalues: 2.63687e-02 2.63687e-02 2.63687e-02 ... 5.78010e-01 5.78010e-01 5.78010e-01
Step    1 : Displace = [0m1.337e-02[0m/[0m6.333e-02[0m (rms/max) Trust = 1.000e-01 (=) Grad_T = [92m2.437e-03[0m/[0m1.240e-02[0m (rms/max) E (change) = -837.8669448664 ([0m-3.830e-03[0m) Quality = [0m1.114[0m
Hessian Eigenvalues: 2.47339e-02 2.63687e-02 2.63687e-02 ... 5.78010e-01 5.78010e-01 5.78011e-01
Step    2 : Displace = [0m1.552e-02[0m/[0m6.013e-02[0m (rms/max) Trust = 1.414e-01 ([92m+[0m) Grad_T = [92m1.966e-03[0m/[0m1.124e-02[0m (rms/max) E (change) = -837.8694063954 ([0m-2.462e-03[0m) Quality = [0m1.424[0m
Hessian Eigenvalues: 1.01139e-02 2.63687e-02 2.63687e-02 ... 5.78010e-01 5.78010e-01 6.03956e-01
Step    3 : Displace = [0m3.143e-02[0m/[0m1.307e-01[0m (rms/max) Trust = 2.000e-01 ([92m+[0m) Grad_T = [0m3.627e-03[0m/[0m1.837e-02[0m (rms/max) E (change) = -837.8727537861 ([0m-3.347e-03[0m) Quality = [0m1.553[0m
Hessian Eigenvalues: 3.42332e-03 2.63687e-02 2.63687e-02 ... 5.78010e-01 5.78010e-01 6.26030e-01
Step    4 : Displace = [0m7.685e-02[0m/[0m3.171e-01[0m (rms/max) Trust = 2.828e-01 ([92m+[0m) Grad_T = [0m5.058e-03[0m/[0m2.370e-02[0m (rms/max) E (change) = -837.8789368990 ([0m-6.183e-03[0m) Quality = [0m1.432[0m
Hessian Eigenvalues: 1.78200e-03 2.63687e-02 2.63687e-02 ... 5.78010e-01 5.79599e-01 6.06107e-01
Step    5 : Displace = [0m1.011e-01[0m/[0m4.301e-01[0m (rms/max) Trust = 3.000e-01 ([92m+[0m) Grad_T = [0m5.446e-03[0m/[0m1.976e-02[0m (rms/max) E (change) = -837.8853264062 ([0m-6.390e-03[0m) Quality = [0m1.286[0m
Hessian Eigenvalues: 1.71732e-03 2.63687e-02 2.63687e-02 ... 5.78010e-01 5.78020e-01 6.17607e-01
Step    6 : Displace = [0m6.568e-02[0m/[0m2.739e-01[0m (rms/max) Trust = 3.000e-01 (=) Grad_T = [0m4.351e-03[0m/[0m1.875e-02[0m (rms/max) E (change) = -837.8939068402 ([0m-8.580e-03[0m) Quality = [0m1.637[0m
Hessian Eigenvalues: 1.30093e-03 2.29650e-02 2.63687e-02 ... 5.78012e-01 5.79879e-01 6.22072e-01
Step    7 : Displace = [0m1.393e-01[0m/[0m5.645e-01[0m (rms/max) Trust = 3.000e-01 (=) Grad_T = [0m4.804e-03[0m/[0m2.037e-02[0m (rms/max) E (change) = -837.9098301932 ([0m-1.592e-02[0m) Quality = [0m1.361[0m
Hessian Eigenvalues: 8.40407e-04 1.92871e-02 2.63687e-02 ... 5.78012e-01 5.85028e-01 6.23102e-01
Step    8 : Displace = [0m1.737e-01[0m/[0m6.705e-01[0m (rms/max) Trust = 3.000e-01 (=) Grad_T = [0m8.103e-03[0m/[0m3.643e-02[0m (rms/max) E (change) = -837.9211292547 ([0m-1.130e-02[0m) Quality = [0m1.414[0m
Hessian Eigenvalues: 5.15553e-04 1.62690e-02 2.63687e-02 ... 5.78011e-01 5.82522e-01 6.21014e-01
Step    9 : Displace = [0m2.984e-01[0m/[0m1.013e+00[0m (rms/max) Trust = 3.000e-01 (=) Grad_T = [0m1.677e-02[0m/[0m6.647e-02[0m (rms/max) E (change) = -837.9325948772 ([0m-1.147e-02[0m) Quality = [0m0.456[0m
Hessian Eigenvalues: 5.85680e-04 1.58027e-02 2.63687e-02 ... 5.78011e-01 5.81493e-01 6.30581e-01
ashpath: /home/18660916/envs/ash/lib/python3.11/site-packages/ash
Sys path: ['/home/18660916/envs/ash/lib/python3.11/site-packages/ash', '/home/18660916/system_development/phase2b_charge_design/05d_shell_ladder/relax/run_shell8p8', '/home/18660916/envs/ash/lib/python311.zip', '/home/18660916/envs/ash/lib/python3.11', '/home/18660916/envs/ash/lib/python3.11/lib-dynload', '/home/18660916/envs/ash/lib/python3.11/site-packages']
--------------------------------------------------------------------------------
--------------------------------------------------------------------------------
                                           ASH                                            
                              A MULTISCALE MODELLING PROGRAM                              
                                        Version: 0.9dev                                        
                               Git commit version: Unknown                                
--------------------------------------------------------------------------------
--------------------------------------------------------------------------------
ASH path: /home/18660916/envs/ash/lib/python3.11/site-packages/ash
Python version: 3.11.15
Python interpreter: /home/18660916/envs/ash/bin/python3

ASH Settings after reading defaults and ~/ash_user_settings.ini : 
See https://ash.readthedocs.io/en/latest/basics.html#ash-settings on how to change settings.
	 debugflag :  False
	 load_julia :  False
	 julia_library :  pythoncall
	 use_ANSI_color :  False
	 print_logo :  False
	 print_input :  True
	 scale :  1.0
	 tol :  0.1
	 conndepth :  10
	 connectivity_code :  julia
	 nonbondedMM_code :  julia
	 print_exit_footer :  True
	 print_full_timings :  True

Note: ASH can use ANSI escape sequences for displaying color. Use e.g. less -R to display
To turn on/off escape sequences, set: 'use_ANSI_color = False' in
~/ash_user_settings.ini

Input script: /home/18660916/system_development/phase2b_charge_design/05d_shell_ladder/relax/run_shell8p8/relax_shell.py
================================================================================
   > import sys, openmm
   > from ash import Fragment, ORCATheory, OpenMMTheory, QMMMTheory, Optimizer
   > name=sys.argv[1]; RUN=(len(sys.argv)>2 and sys.argv[2]=="run")
   > ORCADIR="/home/apps2/ORCA/6.0.1"
   > coords="\n".join(open("%s_coords.xyz"%name).read().splitlines()[2:])
   > mmcharges=[float(x) for x in open("%s_charges.txt"%name).read().split(",")]
   > frag=Fragment(coordsstring=coords, charge=-2, mult=1)
   > els=[a.split()[0] for a in coords.strip().split("\n")]
   > print(">> %s: %d atoms (24 QM + %d MM), MM net %+.2f"%(name,frag.numatoms,frag.numatoms-24,sum(mmcharges)))
   > assert len(mmcharges)==frag.numatoms
   > LJ={"C":(3.40,0.086),"N":(3.25,0.170),"O":(2.96,0.210),"H":(1.06,0.016)}
   > orca=ORCATheory(orcadir=ORCADIR,orcasimpleinput="! B3LYP D3BJ def2-SVP def2/J RIJCOSX CPCM TightSCF",
   >     orcablocks="%cpcm epsilon 4.0 end\n%scf MaxIter 300 Guess PModel end",numcores=8,autostart=False)
   > mm=OpenMMTheory(fragment=frag,dummysystem=True,platform="CPU",numcores=1,autoconstraints=None,rigidwater=False)
   > lj=openmm.CustomBondForce("4*eps*((sig/r)^12 - (sig/r)^6)")
   > lj.addPerBondParameter("sig");lj.addPerBondParameter("eps");lj.setUsesPeriodicBoundaryConditions(False)
   > ang=openmm.unit.angstrom;kcal=openmm.unit.kilocalorie_per_mole;npair=0
   > for i in range(24):
   >     si,ei=LJ[els[i]]
   >     for j in range(24,frag.numatoms):
   >         sj,ej=LJ[els[j]]
   >         sig=((si+sj)/2*ang).value_in_unit(openmm.unit.nanometer)
   >         eps=(((ei*ej)**0.5)*kcal).value_in_unit(openmm.unit.kilojoule_per_mole)
   >         lj.addBond(i,j,[sig,eps]);npair+=1
   > lj.setForceGroup(11);mm.system.addForce(lj)
   > print(">> LJ pairs: %d"%npair)
   > qmmm=QMMMTheory(qm_theory=orca,mm_theory=mm,fragment=frag,qmatoms=list(range(24)),charges=mmcharges,
   >     embedding="elstat",qm_charge=-2,qm_mult=1,numcores=8)
   > FROZEN=list(range(24,frag.numatoms))
   > CONV={"convergence_energy":1e-5,"convergence_grms":3.0e-3,"convergence_gmax":6.0e-3,"convergence_drms":1.0e-2,"convergence_dmax":1.5e-2}
   > if not RUN:
   >     print("\n=== DRY RUN OK %s: %d pairs, MM %+.0f, %d frozen ==="%(name,npair,sum(mmcharges),len(FROZEN))); sys.exit(0)
   > Optimizer(theory=qmmm,fragment=frag,coordsystem="hdlc",frozenatoms=FROZEN,maxiter=400,conv_criteria=CONV,charge=-2,mult=1)
   > frag.write_xyzfile("%s_relaxed.xyz"%name); print(">> DONE -> %s_relaxed.xyz"%name)
================================================================================ 


--------------------------------------------------------------------------------
                                New ASH fragment                                
--------------------------------------------------------------------------------

ASH Fragment creation
Getting coordinates from string: C     60.11193800    34.38396900    57.21013200
H     60.60719900    33.42993900    57.38460900
H     60.72469300    35.27181800    57.05919300
C     58.78057700    34.50353200    57.15195800
C     58.09218200    35.83426100    56.89335400
O     58.81246700    36.81821800    56.57878900
O     56.83954900    35.84891700    57.00961700
O     57.93461500    33.42640300    57.34599800
C     57.67693600    32.53773200    56.20080600
H     57.01901700    31.76376900    56.62407200
C     58.98648700    31.96184000    55.79317200
H     59.46393000    31.24298300    56.46049600
C     59.68310500    32.48267100    54.76815100
C     59.06432100    33.48370900    53.89317900
H     59.70236100    33.90454400    53.11096900
C     57.78125300    33.86565900    54.03153300
H     57.33218100    34.60235400    53.35662900
C     56.88979900    33.27109300    55.08618200
H     56.34719000    34.09064800    55.58588000
O     55.96286300    32.39770700    54.43466800
H     55.31084500    32.10952700    55.09277000
C     61.12320000    32.06212600    54.53420800
O     61.78496200    31.70232800    55.54338100
O     61.54107100    32.10651300    53.35273800
C     63.066100    29.763400    43.420700
O     64.249925    29.825176    43.024163
O     62.354816    28.736017    43.453259
H     62.608121    30.699250    43.773461
C     58.710800    26.506300    65.291400
N     58.861377    26.891520    64.027346
H     58.550860    27.554022    64.723600
H     59.057546    25.936482    64.291013
N     58.301901    27.378704    66.208249
H     58.498070    26.423666    66.471916
H     58.416249    27.671240    65.248328
N     58.969121    25.248676    65.638605
H     59.083470    25.541211    64.678684
H     58.658604    25.911178    66.334859
C     58.592300    24.281200    47.308600
O     59.776125    24.342976    46.912063
O     57.881016    23.253817    47.341159
H     58.134321    25.217050    47.661361
C     70.957100    27.505300    53.365900
O     72.140925    27.567076    52.969363
O     70.245816    26.477917    53.398459
H     70.499121    28.441150    53.718661
C     67.801600    24.002800    52.093400
O     68.985425    24.064576    51.696863
O     67.090316    22.975417    52.125959
H     67.343621    24.938650    52.446161
C     67.124800    32.650700    44.692200
O     68.308625    32.712476    44.295663
O     66.413516    31.623317    44.724759
H     66.666821    33.586550    45.044961
C     61.128900    33.145300    67.784600
N     61.279477    33.530520    66.520546
H     60.968960    34.193022    67.216800
H     61.475646    32.575482    66.784213
N     60.720001    34.017704    68.701449
H     60.916170    33.062666    68.965116
H     60.834349    34.310240    67.741528
N     61.387221    31.887676    68.131805
H     61.501570    32.180211    67.171884
H     61.076704    32.550178    68.828059
C     70.559600    34.378900    48.882800
O     71.743425    34.440676    48.486263
O     69.848316    33.351517    48.915359
H     70.101621    35.314750    49.235561
C     55.138800    30.683400    67.219000
N     55.289377    31.068620    65.954946
H     54.978860    31.731122    66.651200
H     55.485546    30.113582    66.218613
N     54.729901    31.555804    68.135849
H     54.926070    30.600766    68.399516
H     54.844249    31.848340    67.175928
N     55.397121    29.425776    67.566205
H     55.511470    29.718311    66.606284
H     55.086604    30.088278    68.262459
C     64.847700    24.201400    47.604800
O     66.031525    24.263176    47.208263
O     64.136416    23.174017    47.637359
H     64.389721    25.137250    47.957561
Creating/Updating fragment attributes...
Number of Atoms in fragment: 82
Formula: C20O20H33N9
Label: CHHCCOOOCHCHCCHCHCHOHCOOCOOHCNHHNHHNHHCOOHCOOHCOOHCOOHCNHHNHHNHHCOOHCNHHNHHNHHCOOH
Charge: -2 Mult: 1

--------------------------------------------------------------------------------
>> shell8p8: 82 atoms (24 QM + 58 MM), MM net -4.00


                     #####################################                      
                     #                                   #                      
                     #     ORCATheory initialization     #                      
                     #                                   #                      
                     #####################################                      
Checking for ORCA location
 Using orcadir path provided: /home/apps2/ORCA/6.0.1 
Checking if ORCA binary works... yes 
ORCA parallel job requested with numcores: 8 . Make sure that the correct OpenMPI version (for the ORCA version) is available in your environment
OpenMPI binary directory found: /apps/openmpi/4.1.1/bin
Testing that mpirun is executable... yes 
OpenMPI version (mpirun -V): mpirun (Open MPI) 4.1.1

Report bugs to http://www.open-mpi.org/community/help/

bind_to_core_option: True

Creating ORCA object
ORCA dir: /home/apps2/ORCA/6.0.1
! B3LYP D3BJ def2-SVP def2/J RIJCOSX CPCM TightSCF
%cpcm epsilon 4.0 end
%scf MaxIter 300 Guess PModel end

ORCATheory object created!


                           #########################                            
                           #                       #                            
                           #     OpenMM Theory     #                            
                           #                       #                            
                           #########################                            
OpenMM CPU threads set to: 1
Imported OpenMM library version: 8.5.2

--------------------------------------------------------------------------------
                             Defining OpenMM object                             
--------------------------------------------------------------------------------

Printlevel: 2
No automatic constraints
AutoConstraint setting: None
Rigidwater constraints: False
Hydrogenmass option: 1.5 Da
Using platform: CPU

--------------------------------------------------------------------------------
                            Setting up force fields.                            
--------------------------------------------------------------------------------

Note: OpenMM will fail in this step if parameters are missing in topology and
      parameter files (e.g. nonbonded entries).

Defining new basic single-chain, multi-residue topology
Inside write_xmlfile_nonbonded
Wrote XML-file: dummy.xml
residueTemplates: {}
System is non-periodic.
nonbonded noPBC Method is: NoCutoff
Nonbonded cutoff : 20 Angstrom

----------------------
OpenMM system created.
----------------------
OpenMM Forces defined: [<openmm.openmm.NonbondedForce; proxy of <Swig Object of type 'OpenMM::NonbondedForce *' at 0x14b18b967cf0> >, <openmm.openmm.CMMotionRemover; proxy of <Swig Object of type 'OpenMM::CMMotionRemover *' at 0x14b18b9678f0> >]

Setting charges
Number of atoms in OpenMM system: 82

System constraints defined upon system creation: 0
Use printlevel =>3 to see list of all constraints

----------------------------------------------------------------------------
Time to calculate step (OpenMM object creation): 0.535 seconds, 0.0 minutes.
----------------------------------------------------------------------------
>> LJ pairs: 1392


                            ########################                            
                            #                      #                            
                            #     QM/MM Theory     #                            
                            #                      #                            
                            ########################                            
QM-theory: ORCATheory
MM-theory: OpenMMTheory
All atoms in fragment: 82
QM region (24 atoms): [0, 1, 2, 3, 4, 5, 6, 7, 8, 9, 10, 11, 12, 13, 14, 15, 16, 17, 18, 19, 20, 21, 22, 23]
MM region (58 atoms)
QM/MM object selected to use 8 cores
Embedding: elstat
Reading in charges
Updating charges in OpenMM object.
Updating simulation object for modified Nonbonded force.

--------------------------------------------------------------------
Time to calculate step (update_charges): 0.001 seconds, 0.0 minutes.
--------------------------------------------------------------------
QM-region coordinates (before linkatoms):
   0    C  60.11193800   34.38396900   57.21013200
   1    H  60.60719900   33.42993900   57.38460900
   2    H  60.72469300   35.27181800   57.05919300
   3    C  58.78057700   34.50353200   57.15195800
   4    C  58.09218200   35.83426100   56.89335400
   5    O  58.81246700   36.81821800   56.57878900
   6    O  56.83954900   35.84891700   57.00961700
   7    O  57.93461500   33.42640300   57.34599800
   8    C  57.67693600   32.53773200   56.20080600
   9    H  57.01901700   31.76376900   56.62407200
  10    C  58.98648700   31.96184000   55.79317200
  11    H  59.46393000   31.24298300   56.46049600
  12    C  59.68310500   32.48267100   54.76815100
  13    C  59.06432100   33.48370900   53.89317900
  14    H  59.70236100   33.90454400   53.11096900
  15    C  57.78125300   33.86565900   54.03153300
  16    H  57.33218100   34.60235400   53.35662900
  17    C  56.88979900   33.27109300   55.08618200
  18    H  56.34719000   34.09064800   55.58588000
  19    O  55.96286300   32.39770700   54.43466800
  20    H  55.31084500   32.10952700   55.09277000
  21    C  61.12320000   32.06212600   54.53420800
  22    O  61.78496200   31.70232800   55.54338100
  23    O  61.54107100   32.10651300   53.35273800

Determining QM-MM/HL-LL boundary
Parameters determing connectivity:
Scaling factor: 1.0
Tolerance: 0.30000000000000004
QM atoms: [0, 1, 2, 3, 4, 5, 6, 7, 8, 9, 10, 11, 12, 13, 14, 15, 16, 17, 18, 19, 20, 21, 22, 23]
QM atoms to be excluded from boundary creation (excludeboundaryatomlist):  []
QM-MM boundary dictionary: {}

------------------------------------------------------------------------
Time to calculate step (get_boundary_atoms): 0.001 seconds, 0.0 minutes.
------------------------------------------------------------------------
No covalent QM-MM boundary. Linkatoms and dipole_correction options set to False
Removing constraints in OpenMM object for atoms: [0, 1, 2, 3, 4, 5, 6, 7, 8, 9, 10, 11, 12, 13, 14, 15, 16, 17, 18, 19, 20, 21, 22, 23]
Removing bonded terms for QM-region in MMtheory
Modifying bonded forces.


Number of bonded terms removed:
Harmonic Bond terms: 0
Harmonic Angle terms: 0
Periodic Torsion terms: 0
Custom Torsion terms: 0
CMAP Torsion terms: 0
CustomBond terms 0


--------------------------------------------------------------------------
Time to calculate step (modify_bonded_forces): 0.002 seconds, 0.0 minutes.
--------------------------------------------------------------------------
Removing nonbonded terms for QM-region in MMtheory (QM-QM interactions)
Add exceptions/exclusions. Removing i-j interactions for list: 24 atoms
Case Nonbondedforce. Adding Exception for ij pair.
Number of exceptions (Nonbondedforce) added: 276
Number of exclusions (CustomNonbondedforce) added: 0

--------------------------------------------------------------------
Time to calculate step (add exceptions): 0.001 seconds, 0.0 minutes.
--------------------------------------------------------------------
Charges of QM atoms set to 0 (since Electrostatic Embedding):
Setting QM charges to Zero

-------------------------------------------------------------------
Time to calculate step (ZeroQMCharges): 0.000 seconds, 0.0 minutes.
-------------------------------------------------------------------
Updating charges in OpenMM object.
Updating simulation object for modified Nonbonded force.

--------------------------------------------------------------------
Time to calculate step (update_charges): 0.000 seconds, 0.0 minutes.
--------------------------------------------------------------------
Deleting Coulombexceptions for atomlist: [0, 1, 2, 3, 4, 5, 6, 7, 8, 9, 10, 11, 12, 13, 14, 15, 16, 17, 18, 19, 20, 21, 22, 23]

-----------------------------------------------------------------------
Time to calculate step (delete_exceptions): 0.003 seconds, 0.0 minutes.
-----------------------------------------------------------------------


---------------------------------------------------------------------------
Time to calculate step (QM/MM object creation): 0.057 seconds, 0.0 minutes.
---------------------------------------------------------------------------


                 #############################################                  
                 #                                           #                  
                 #     geomeTRICOptimizer initialization     #                  
                 #                                           #                  
                 #############################################                  
Creating optimizer object
User-defined convergence criteria:
Theory is not periodic
Printlevel: 2
Coordinate system:  hdlc
Max iterations:  400
Frozen atoms: [24, 25, 26, 27, 28, 29, 30, 31, 32, 33, 34, 35, 36, 37, 38, 39, 40, 41, 42, 43, 44, 45, 46, 47, 48, 49, 50, 51, 52, 53, 54, 55, 56, 57, 58, 59, 60, 61, 62, 63, 64, 65, 66, 67, 68, 69, 70, 71, 72, 73, 74, 75, 76, 77, 78, 79, 80, 81]
Active Region: False
TS Optimization: False
Hessian Option: None
Convergence criteria: {'convergence_energy': 1e-05, 'convergence_grms': 0.003, 'convergence_gmax': 0.006, 'convergence_drms': 0.01, 'convergence_dmax': 0.015, 'convergence_cmax': 0.01}


--------------------------------------------------------------------------------
                            Running geomeTRIC object                            
--------------------------------------------------------------------------------

 
Doing geometry optimization on fragment. Formula: C20O20H33N9 Label: CHHCCOOOCHCHCCHCHCHOHCOOCOOHCNHHNHHNHHCOOHCOOHCOOHCOOHCNHHNHHNHHCOOHCNHHNHHNHHCOOH  
No constraints provided to run method.
Testing if constraints present in optimizer object
No constraints in optimizer object.
Now testing if constraints in fragment object 
No constraints in fragment object.

Constraints:  None
constrainvalue:  False
Inside define_constraints
Constraints: None
Inside write_constraintsfile
Writing frozen atom constraints
Wrote XYZ file:  initialxyzfiletric.xyz
No Hessian option provided.
self.constraintsfile: constraints.txt
Convergence criteria: {'convergence_energy': 1e-05, 'convergence_grms': 0.003, 'convergence_gmax': 0.006, 'convergence_drms': 0.01, 'convergence_dmax': 0.015, 'convergence_cmax': 0.01}
Hessian option: None
Coordinate system: hdlc
Starting optimization

-------------------------------------------------------------------------------------
Time to calculate step (Time spent before run_optimizer): 6.661 seconds, 0.1 minutes.
-------------------------------------------------------------------------------------
geometric called detect_dft option option for ASHengineclass.

Convergence criteria: {'convergence_energy': 1e-05, 'convergence_grms': 0.003, 'convergence_gmax': 0.006, 'convergence_drms': 0.01, 'convergence_dmax': 0.015, 'convergence_cmax': 0.01}

Replacing coordinates in fragment.
Creating/Updating fragment attributes...
Number of Atoms in fragment: 82
Formula: C20O20H33N9
Label: CHHCCOOOCHCHCCHCHCHOHCOOCOOHCNHHNHHNHHCOOHCOOHCOOHCOOHCNHHNHHNHHCOOHCNHHNHHNHHCOOH
Charge: -2 Mult: 1

--------------------------------------------------------------------------------
Wrote XYZ file:  Fragment-currentgeo.xyz
Current geometry (Å) in step 0 (print_atoms_list region)
---------------------------------------------------
        C  60.11193800   34.38396900   57.21013200
        H  60.60719900   33.42993900   57.38460900
        H  60.72469300   35.27181800   57.05919300
        C  58.78057700   34.50353200   57.15195800
        C  58.09218200   35.83426100   56.89335400
        O  58.81246700   36.81821800   56.57878900
        O  56.83954900   35.84891700   57.00961700
        O  57.93461500   33.42640300   57.34599800
        C  57.67693600   32.53773200   56.20080600
        H  57.01901700   31.76376900   56.62407200
        C  58.98648700   31.96184000   55.79317200
        H  59.46393000   31.24298300   56.46049600
        C  59.68310500   32.48267100   54.76815100
        C  59.06432100   33.48370900   53.89317900
        H  59.70236100   33.90454400   53.11096900
        C  57.78125300   33.86565900   54.03153300
        H  57.33218100   34.60235400   53.35662900
        C  56.88979900   33.27109300   55.08618200
        H  56.34719000   34.09064800   55.58588000
        O  55.96286300   32.39770700   54.43466800
        H  55.31084500   32.10952700   55.09277000
        C  61.12320000   32.06212600   54.53420800
        O  61.78496200   31.70232800   55.54338100
        O  61.54107100   32.10651300   53.35273800
        C  63.06610000   29.76340000   43.42070000
        O  64.24992500   29.82517600   43.02416300
        O  62.35481600   28.73601700   43.45325900
        H  62.60812100   30.69925000   43.77346100
        C  58.71080000   26.50630000   65.29140000
        N  58.86137700   26.89152000   64.02734600
        H  58.55086000   27.55402200   64.72360000
        H  59.05754600   25.93648200   64.29101300
        N  58.30190100   27.37870400   66.20824900
        H  58.49807000   26.42366600   66.47191600
        H  58.41624900   27.67124000   65.24832800
        N  58.96912100   25.24867600   65.63860500
        H  59.08347000   25.54121100   64.67868400
        H  58.65860400   25.91117800   66.33485900
        C  58.59230000   24.28120000   47.30860000
        O  59.77612500   24.34297600   46.91206300
        O  57.88101600   23.25381700   47.34115900
        H  58.13432100   25.21705000   47.66136100
        C  70.95710000   27.50530000   53.36590000
        O  72.14092500   27.56707600   52.96936300
        O  70.24581600   26.47791700   53.39845900
        H  70.49912100   28.44115000   53.71866100
        C  67.80160000   24.00280000   52.09340000
        O  68.98542500   24.06457600   51.69686300
        O  67.09031600   22.97541700   52.12595900
        H  67.34362100   24.93865000   52.44616100
        C  67.12480000   32.65070000   44.69220000
        O  68.30862500   32.71247600   44.29566300
        O  66.41351600   31.62331700   44.72475900
        H  66.66682100   33.58655000   45.04496100
        C  61.12890000   33.14530000   67.78460000
        N  61.27947700   33.53052000   66.52054600
        H  60.96896000   34.19302200   67.21680000
        H  61.47564600   32.57548200   66.78421300
        N  60.72000100   34.01770400   68.70144900
        H  60.91617000   33.06266600   68.96511600
        H  60.83434900   34.31024000   67.74152800
        N  61.38722100   31.88767600   68.13180500
        H  61.50157000   32.18021100   67.17188400
        H  61.07670400   32.55017800   68.82805900
        C  70.55960000   34.37890000   48.88280000
        O  71.74342500   34.44067600   48.48626300
        O  69.84831600   33.35151700   48.91535900
        H  70.10162100   35.31475000   49.23556100
        C  55.13880000   30.68340000   67.21900000
        N  55.28937700   31.06862000   65.95494600
        H  54.97886000   31.73112200   66.65120000
        H  55.48554600   30.11358200   66.21861300
        N  54.72990100   31.55580400   68.13584900
        H  54.92607000   30.60076600   68.39951600
        H  54.84424900   31.84834000   67.17592800
        N  55.39712100   29.42577600   67.56620500
        H  55.51147000   29.71831100   66.60628400
        H  55.08660400   30.08827800   68.26245900
        C  64.84770000   24.20140000   47.60480000
        O  66.03152500   24.26317600   47.20826300
        O  64.13641600   23.17401700   47.63735900
        H  64.38972100   25.13725000   47.95756100

Note: printed only print_atoms_list (this is not necessarily all atoms) 
  ------------RUNNING QM/MM MODULE------------- 
QM Module: ORCATheory
MM Module: OpenMMTheory
Charge provided from QMMMTheory object:  -2
Mult provided from QMMMTheory object:  1
QM-region Charge: -2 Mult: 1
Embedding: Electrostatic
First QMMMTheory run. Running runprep
Inside QMMMTheory runprep

-------------------------------------------------------------
Time to calculate step (runprep): 0.000 seconds, 0.0 minutes.
-------------------------------------------------------------
Number of pointcharges (to QM program): 58
Number of charge coordinates: 58
Running QM/MM object with 8 cores available

-------------------------------------------------------------------
Time to calculate step (before-QMstep): 0.000 seconds, 0.0 minutes.
-------------------------------------------------------------------
  ------------RUNNING ORCA INTERFACE------------- 
Object-label: ORCA
Run-label: None
Running ORCA with 8 cores available
Moreadfile option not active
No orca.gbw file is present in dir.
Checking if a file orca.gbw exists in parentdir:
Found no file. ORCA will guess new orbitals
Creating inputfile: orca.inp
ORCA input:
! B3LYP D3BJ def2-SVP def2/J RIJCOSX CPCM TightSCF

! Noautostart


%cpcm epsilon 4.0 end
%scf MaxIter 300 Guess PModel end
Charge: -2  Mult: 1
Pointcharge embedding is on!
 ORCA Calculation starting. 
Found warning messages in ORCA outputfile:
WARNING: The chosen methods will break translational/rotational symmetry
 WARNING: The chosen methods will break translational symmetry
 WARNING: The chosen methods will break translational symmetry
 Warning: op=0 Small HOMO/LUMO gap (   0.084) - skipping pre-diagonalization

 ORCA Calculation done. 
ORCA converged in 14 iterations
ORCA energy: -836.087782518778
  ------------ENDING ORCA-INTERFACE------------- 

----------------------------------------------------------------
Time to calculate step (ORCA run): 143.135 seconds, 2.4 minutes.
----------------------------------------------------------------

---------------------------------------------------------------
Time to calculate step (QM step): 143.135 seconds, 2.4 minutes.
---------------------------------------------------------------

----------------------------------------------------------------------
Time to calculate step (QMpcgrad prepare): 0.000 seconds, 0.0 minutes.
----------------------------------------------------------------------

--------------------------------------------------------------------------
Time to calculate step (linkatomgrad prepare): 0.000 seconds, 0.0 minutes.
--------------------------------------------------------------------------

----------------------------------------------------------------------------
Time to calculate step (QM/MM gradient prepare): 0.000 seconds, 0.0 minutes.
----------------------------------------------------------------------------
Using OpenMM theory as part of QM/MM.
Using MM on full system. Charges for QM region [0, 1, 2, 3, 4, 5, 6, 7, 8, 9, 10, 11, 12, 13, 14, 15, 16, 17, 18, 19, 20, 21, 22, 23] have been set to zero 

--------------------------------------------------------------------------------
                   Creating/updating OpenMM simulation object                   
--------------------------------------------------------------------------------

Integrator name: VerletIntegrator
Timestep: 0.001
Temperature: 300
Coupling frequency: 1
Properties: {'Threads': '1'}
Topology: <Topology; 1 chains, 1 residues, 82 atoms, 0 bonds>

----------------------------------------------------------------------------------
Time to calculate step (creating/updating simulation): 0.002 seconds, 0.0 minutes.
----------------------------------------------------------------------------------

--------------------------------------------------------------------------------
                     Running Single-point OpenMM Interface                      
--------------------------------------------------------------------------------

Number of OpenMM system constraints defined: 0

-----------------------------------------------------------------------------------
Time to calculate step (OpenMMTheory.run: const-check): 0.002 seconds, 0.0 minutes.
-----------------------------------------------------------------------------------
Updating coordinates.

------------------------------------------------------------------------
Time to calculate step (Creating pos array): 0.000 seconds, 0.0 minutes.
------------------------------------------------------------------------

---------------------------------------------------------------------------
Time to calculate step (Updating MM positions): 0.000 seconds, 0.0 minutes.
---------------------------------------------------------------------------
Calling OpenMM getState.

---------------------------------------------------------------------
Time to calculate step (OpenMM getState): 0.000 seconds, 0.0 minutes.
---------------------------------------------------------------------
OpenMM Energy: -1.7753328035054057 Eh
OpenMM Energy: -1114.038153814646 kcal/mol

-----------------------
Ending OpenMM interface
-----------------------

----------------------------------------------------------------
Time to calculate step (OpenMM run): 0.002 seconds, 0.0 minutes.
----------------------------------------------------------------

-------------------------------------------------------------
Time to calculate step (MM step): 0.003 seconds, 0.0 minutes.
-------------------------------------------------------------

Note: You are using electrostatic embedding. This means that the QM-energy is actually the polarized QM-energy
Note: MM energy also contains the QM-MM Lennard-Jones interaction

QM energy:              -836.087782518778 
MM energy:                -1.775332803505
QM/MM energy:           -837.863115322283 

  ------------ENDING QM/MM MODULE------------- 

-----------------------------------------------------------------
Time to calculate step (QM/MM run): 143.138 seconds, 2.4 minutes.
-----------------------------------------------------------------

Convergence criteria: {'convergence_energy': 1e-05, 'convergence_grms': 0.003, 'convergence_gmax': 0.006, 'convergence_drms': 0.01, 'convergence_dmax': 0.015, 'convergence_cmax': 0.01}

Replacing coordinates in fragment.
Creating/Updating fragment attributes...
Number of Atoms in fragment: 82
Formula: C20O20H33N9
Label: CHHCCOOOCHCHCCHCHCHOHCOOCOOHCNHHNHHNHHCOOHCOOHCOOHCOOHCNHHNHHNHHCOOHCNHHNHHNHHCOOH
Charge: -2 Mult: 1

--------------------------------------------------------------------------------
Wrote XYZ file:  Fragment-currentgeo.xyz
Current geometry (Å) in step 0 (print_atoms_list region)
---------------------------------------------------
        C  60.10229501   34.38879885   57.23096689
        H  60.60783557   33.42980417   57.36426985
        H  60.71668483   35.27419773   57.05822602
        C  58.76609291   34.50943462   57.16241140
        C  58.06345987   35.84891327   56.89312174
        O  58.81516546   36.82012790   56.63053913
        O  56.81081143   35.87637060   57.04915508
        O  57.92720360   33.42734009   57.36120142
        C  57.67882333   32.53927141   56.20537405
        H  57.00772859   31.77147633   56.63093377
        C  58.97832786   31.95343113   55.79084927
        H  59.46551982   31.23622238   56.45630532
        C  59.68680222   32.47777696   54.77331359
        C  59.06815968   33.47668798   53.89332703
        H  59.70434697   33.89220811   53.10782709
        C  57.78678448   33.86330884   54.03723022
        H  57.33777112   34.59819446   53.36041330
        C  56.89270240   33.27262638   55.09094130
        H  56.34865331   34.09171336   55.59463914
        O  55.96808797   32.39250447   54.43881240
        H  55.31729238   32.11167810   55.09733676
        C  61.13781239   32.05710992   54.53864795
        O  61.74201549   31.71033931   55.59349792
        O  61.53275801   32.13873909   53.36167856
        C  63.06610000   29.76340000   43.42070000
        O  64.24992500   29.82517600   43.02416300
        O  62.35481600   28.73601700   43.45325900
        H  62.60812100   30.69925000   43.77346100
        C  58.71080000   26.50630000   65.29140000
        N  58.86137700   26.89152000   64.02734600
        H  58.55086000   27.55402200   64.72360000
        H  59.05754600   25.93648200   64.29101300
        N  58.30190100   27.37870400   66.20824900
        H  58.49807000   26.42366600   66.47191600
        H  58.41624900   27.67124000   65.24832800
        N  58.96912100   25.24867600   65.63860500
        H  59.08347000   25.54121100   64.67868400
        H  58.65860400   25.91117800   66.33485900
        C  58.59230000   24.28120000   47.30860000
        O  59.77612500   24.34297600   46.91206300
        O  57.88101600   23.25381700   47.34115900
        H  58.13432100   25.21705000   47.66136100
        C  70.95710000   27.50530000   53.36590000
        O  72.14092500   27.56707600   52.96936300
        O  70.24581600   26.47791700   53.39845900
        H  70.49912100   28.44115000   53.71866100
        C  67.80160000   24.00280000   52.09340000
        O  68.98542500   24.06457600   51.69686300
        O  67.09031600   22.97541700   52.12595900
        H  67.34362100   24.93865000   52.44616100
        C  67.12480000   32.65070000   44.69220000
        O  68.30862500   32.71247600   44.29566300
        O  66.41351600   31.62331700   44.72475900
        H  66.66682100   33.58655000   45.04496100
        C  61.12890000   33.14530000   67.78460000
        N  61.27947700   33.53052000   66.52054600
        H  60.96896000   34.19302200   67.21680000
        H  61.47564600   32.57548200   66.78421300
        N  60.72000100   34.01770400   68.70144900
        H  60.91617000   33.06266600   68.96511600
        H  60.83434900   34.31024000   67.74152800
        N  61.38722100   31.88767600   68.13180500
        H  61.50157000   32.18021100   67.17188400
        H  61.07670400   32.55017800   68.82805900
        C  70.55960000   34.37890000   48.88280000
        O  71.74342500   34.44067600   48.48626300
        O  69.84831600   33.35151700   48.91535900
        H  70.10162100   35.31475000   49.23556100
        C  55.13880000   30.68340000   67.21900000
        N  55.28937700   31.06862000   65.95494600
        H  54.97886000   31.73112200   66.65120000
        H  55.48554600   30.11358200   66.21861300
        N  54.72990100   31.55580400   68.13584900
        H  54.92607000   30.60076600   68.39951600
        H  54.84424900   31.84834000   67.17592800
        N  55.39712100   29.42577600   67.56620500
        H  55.51147000   29.71831100   66.60628400
        H  55.08660400   30.08827800   68.26245900
        C  64.84770000   24.20140000   47.60480000
        O  66.03152500   24.26317600   47.20826300
        O  64.13641600   23.17401700   47.63735900
        H  64.38972100   25.13725000   47.95756100

Note: printed only print_atoms_list (this is not necessarily all atoms) 
  ------------RUNNING QM/MM MODULE------------- 
QM Module: ORCATheory
MM Module: OpenMMTheory
Charge provided from QMMMTheory object:  -2
Mult provided from QMMMTheory object:  1
QM-region Charge: -2 Mult: 1
Embedding: Electrostatic
Number of pointcharges (to QM program): 58
Number of charge coordinates: 58
Running QM/MM object with 8 cores available

-------------------------------------------------------------------
Time to calculate step (before-QMstep): 0.000 seconds, 0.0 minutes.
-------------------------------------------------------------------
  ------------RUNNING ORCA INTERFACE------------- 
Object-label: ORCA
Run-label: None
Running ORCA with 8 cores available
Moreadfile option not active
A GBW-file with same basename : orca.gbw is present
Autostart is False. ORCA will ignore any file present
Creating inputfile: orca.inp
ORCA input:
! B3LYP D3BJ def2-SVP def2/J RIJCOSX CPCM TightSCF

! Noautostart

%cpcm epsilon 4.0 end
%scf MaxIter 300 Guess PModel end
Charge: -2  Mult: 1
Pointcharge embedding is on!
 ORCA Calculation starting. 
Found warning messages in ORCA outputfile:
WARNING: The chosen methods will break translational/rotational symmetry
 WARNING: The chosen methods will break translational symmetry
 WARNING: The chosen methods will break translational symmetry
 Warning: op=0 Small HOMO/LUMO gap (   0.094) - skipping pre-diagonalization

 ORCA Calculation done. 
ORCA converged in 14 iterations
ORCA energy: -836.091612061331
  ------------ENDING ORCA-INTERFACE------------- 

----------------------------------------------------------------
Time to calculate step (ORCA run): 135.295 seconds, 2.3 minutes.
----------------------------------------------------------------

---------------------------------------------------------------
Time to calculate step (QM step): 135.295 seconds, 2.3 minutes.
---------------------------------------------------------------

----------------------------------------------------------------------
Time to calculate step (QMpcgrad prepare): 0.000 seconds, 0.0 minutes.
----------------------------------------------------------------------

--------------------------------------------------------------------------
Time to calculate step (linkatomgrad prepare): 0.000 seconds, 0.0 minutes.
--------------------------------------------------------------------------

----------------------------------------------------------------------------
Time to calculate step (QM/MM gradient prepare): 0.000 seconds, 0.0 minutes.
----------------------------------------------------------------------------
Using OpenMM theory as part of QM/MM.
Using MM on full system. Charges for QM region [0, 1, 2, 3, 4, 5, 6, 7, 8, 9, 10, 11, 12, 13, 14, 15, 16, 17, 18, 19, 20, 21, 22, 23] have been set to zero 

--------------------------------------------------------------------------------
                   Creating/updating OpenMM simulation object                   
--------------------------------------------------------------------------------

Integrator name: VerletIntegrator
Timestep: 0.001
Temperature: 300
Coupling frequency: 1
Properties: {'Threads': '1'}
Topology: <Topology; 1 chains, 1 residues, 82 atoms, 0 bonds>

----------------------------------------------------------------------------------
Time to calculate step (creating/updating simulation): 0.001 seconds, 0.0 minutes.
----------------------------------------------------------------------------------

--------------------------------------------------------------------------------
                     Running Single-point OpenMM Interface                      
--------------------------------------------------------------------------------

Number of OpenMM system constraints defined: 0

-----------------------------------------------------------------------------------
Time to calculate step (OpenMMTheory.run: const-check): 0.001 seconds, 0.0 minutes.
-----------------------------------------------------------------------------------
Updating coordinates.

------------------------------------------------------------------------
Time to calculate step (Creating pos array): 0.000 seconds, 0.0 minutes.
------------------------------------------------------------------------

---------------------------------------------------------------------------
Time to calculate step (Updating MM positions): 0.000 seconds, 0.0 minutes.
---------------------------------------------------------------------------
Calling OpenMM getState.

---------------------------------------------------------------------
Time to calculate step (OpenMM getState): 0.000 seconds, 0.0 minutes.
---------------------------------------------------------------------
OpenMM Energy: -1.7753328051072734 Eh
OpenMM Energy: -1114.0381548198332 kcal/mol

-----------------------
Ending OpenMM interface
-----------------------

----------------------------------------------------------------
Time to calculate step (OpenMM run): 0.002 seconds, 0.0 minutes.
----------------------------------------------------------------

-------------------------------------------------------------
Time to calculate step (MM step): 0.002 seconds, 0.0 minutes.
-------------------------------------------------------------

Note: You are using electrostatic embedding. This means that the QM-energy is actually the polarized QM-energy
Note: MM energy also contains the QM-MM Lennard-Jones interaction

QM energy:              -836.091612061331 
MM energy:                -1.775332805107
QM/MM energy:           -837.866944866438 

  ------------ENDING QM/MM MODULE------------- 

-----------------------------------------------------------------
Time to calculate step (QM/MM run): 135.297 seconds, 2.3 minutes.
-----------------------------------------------------------------
geometric called save_guess_files option option for ASHengineclass.
This option is currently unsupported in ASH. Continuing.

Convergence criteria: {'convergence_energy': 1e-05, 'convergence_grms': 0.003, 'convergence_gmax': 0.006, 'convergence_drms': 0.01, 'convergence_dmax': 0.015, 'convergence_cmax': 0.01}

Replacing coordinates in fragment.
Creating/Updating fragment attributes...
Number of Atoms in fragment: 82
Formula: C20O20H33N9
Label: CHHCCOOOCHCHCCHCHCHOHCOOCOOHCNHHNHHNHHCOOHCOOHCOOHCOOHCNHHNHHNHHCOOHCNHHNHHNHHCOOH
Charge: -2 Mult: 1

--------------------------------------------------------------------------------
Wrote XYZ file:  Fragment-currentgeo.xyz
Current geometry (Å) in step 0 (print_atoms_list region)
---------------------------------------------------
        C  60.08479479   34.39411379   57.24886224
        H  60.60006995   33.43140548   57.33507363
        H  60.69681584   35.28035908   57.06149579
        C  58.74461766   34.51056138   57.18270243
        C  58.04869083   35.87633656   56.95134264
        O  58.79313514   36.84448470   56.68333526
        O  56.79129415   35.90062277   57.08766861
        O  57.91231049   33.42345544   57.38003027
        C  57.67246053   32.53862068   56.21262088
        H  56.98765781   31.78042848   56.63983742
        C  58.95959251   31.94334908   55.79204621
        H  59.46156670   31.22933475   56.45278923
        C  59.67520396   32.47354419   54.78191173
        C  59.06708114   33.46896673   53.89325062
        H  59.70476975   33.87516877   53.10423658
        C  57.78959731   33.86390780   54.04349483
        H  57.34157234   34.59577118   53.36376913
        C  56.89394670   33.27669809   55.09773423
        H  56.34674222   34.09333695   55.60492493
        O  55.97404456   32.38943756   54.44471196
        H  55.32420811   32.11455425   55.10438027
        C  61.14553668   32.06447041   54.57183154
        O  61.73806354   31.70525779   55.63130981
        O  61.53329607   32.17283449   53.40519502
        C  63.06610000   29.76340000   43.42070000
        O  64.24992500   29.82517600   43.02416300
        O  62.35481600   28.73601700   43.45325900
        H  62.60812100   30.69925000   43.77346100
        C  58.71080000   26.50630000   65.29140000
        N  58.86137700   26.89152000   64.02734600
        H  58.55086000   27.55402200   64.72360000
        H  59.05754600   25.93648200   64.29101300
        N  58.30190100   27.37870400   66.20824900
        H  58.49807000   26.42366600   66.47191600
        H  58.41624900   27.67124000   65.24832800
        N  58.96912100   25.24867600   65.63860500
        H  59.08347000   25.54121100   64.67868400
        H  58.65860400   25.91117800   66.33485900
        C  58.59230000   24.28120000   47.30860000
        O  59.77612500   24.34297600   46.91206300
        O  57.88101600   23.25381700   47.34115900
        H  58.13432100   25.21705000   47.66136100
        C  70.95710000   27.50530000   53.36590000
        O  72.14092500   27.56707600   52.96936300
        O  70.24581600   26.47791700   53.39845900
        H  70.49912100   28.44115000   53.71866100
        C  67.80160000   24.00280000   52.09340000
        O  68.98542500   24.06457600   51.69686300
        O  67.09031600   22.97541700   52.12595900
        H  67.34362100   24.93865000   52.44616100
        C  67.12480000   32.65070000   44.69220000
        O  68.30862500   32.71247600   44.29566300
        O  66.41351600   31.62331700   44.72475900
        H  66.66682100   33.58655000   45.04496100
        C  61.12890000   33.14530000   67.78460000
        N  61.27947700   33.53052000   66.52054600
        H  60.96896000   34.19302200   67.21680000
        H  61.47564600   32.57548200   66.78421300
        N  60.72000100   34.01770400   68.70144900
        H  60.91617000   33.06266600   68.96511600
        H  60.83434900   34.31024000   67.74152800
        N  61.38722100   31.88767600   68.13180500
        H  61.50157000   32.18021100   67.17188400
        H  61.07670400   32.55017800   68.82805900
        C  70.55960000   34.37890000   48.88280000
        O  71.74342500   34.44067600   48.48626300
        O  69.84831600   33.35151700   48.91535900
        H  70.10162100   35.31475000   49.23556100
        C  55.13880000   30.68340000   67.21900000
        N  55.28937700   31.06862000   65.95494600
        H  54.97886000   31.73112200   66.65120000
        H  55.48554600   30.11358200   66.21861300
        N  54.72990100   31.55580400   68.13584900
        H  54.92607000   30.60076600   68.39951600
        H  54.84424900   31.84834000   67.17592800
        N  55.39712100   29.42577600   67.56620500
        H  55.51147000   29.71831100   66.60628400
        H  55.08660400   30.08827800   68.26245900
        C  64.84770000   24.20140000   47.60480000
        O  66.03152500   24.26317600   47.20826300
        O  64.13641600   23.17401700   47.63735900
        H  64.38972100   25.13725000   47.95756100

Note: printed only print_atoms_list (this is not necessarily all atoms) 
  ------------RUNNING QM/MM MODULE------------- 
QM Module: ORCATheory
MM Module: OpenMMTheory
Charge provided from QMMMTheory object:  -2
Mult provided from QMMMTheory object:  1
QM-region Charge: -2 Mult: 1
Embedding: Electrostatic
Number of pointcharges (to QM program): 58
Number of charge coordinates: 58
Running QM/MM object with 8 cores available

-------------------------------------------------------------------
Time to calculate step (before-QMstep): 0.000 seconds, 0.0 minutes.
-------------------------------------------------------------------
  ------------RUNNING ORCA INTERFACE------------- 
Object-label: ORCA
Run-label: None
Running ORCA with 8 cores available
Moreadfile option not active
A GBW-file with same basename : orca.gbw is present
Autostart is False. ORCA will ignore any file present
Creating inputfile: orca.inp
ORCA input:
! B3LYP D3BJ def2-SVP def2/J RIJCOSX CPCM TightSCF

! Noautostart

%cpcm epsilon 4.0 end
%scf MaxIter 300 Guess PModel end
Charge: -2  Mult: 1
Pointcharge embedding is on!
 ORCA Calculation starting. 
Found warning messages in ORCA outputfile:
WARNING: The chosen methods will break translational/rotational symmetry
 WARNING: The chosen methods will break translational symmetry
 WARNING: The chosen methods will break translational symmetry
 Warning: op=0 Small HOMO/LUMO gap (   0.096) - skipping pre-diagonalization

 ORCA Calculation done. 
ORCA converged in 14 iterations
ORCA energy: -836.094073548377
  ------------ENDING ORCA-INTERFACE------------- 

----------------------------------------------------------------
Time to calculate step (ORCA run): 140.407 seconds, 2.3 minutes.
----------------------------------------------------------------

---------------------------------------------------------------
Time to calculate step (QM step): 140.407 seconds, 2.3 minutes.
---------------------------------------------------------------

----------------------------------------------------------------------
Time to calculate step (QMpcgrad prepare): 0.000 seconds, 0.0 minutes.
----------------------------------------------------------------------

--------------------------------------------------------------------------
Time to calculate step (linkatomgrad prepare): 0.000 seconds, 0.0 minutes.
--------------------------------------------------------------------------

----------------------------------------------------------------------------
Time to calculate step (QM/MM gradient prepare): 0.000 seconds, 0.0 minutes.
----------------------------------------------------------------------------
Using OpenMM theory as part of QM/MM.
Using MM on full system. Charges for QM region [0, 1, 2, 3, 4, 5, 6, 7, 8, 9, 10, 11, 12, 13, 14, 15, 16, 17, 18, 19, 20, 21, 22, 23] have been set to zero 

--------------------------------------------------------------------------------
                   Creating/updating OpenMM simulation object                   
--------------------------------------------------------------------------------

Integrator name: VerletIntegrator
Timestep: 0.001
Temperature: 300
Coupling frequency: 1
Properties: {'Threads': '1'}
Topology: <Topology; 1 chains, 1 residues, 82 atoms, 0 bonds>

----------------------------------------------------------------------------------
Time to calculate step (creating/updating simulation): 0.001 seconds, 0.0 minutes.
----------------------------------------------------------------------------------

--------------------------------------------------------------------------------
                     Running Single-point OpenMM Interface                      
--------------------------------------------------------------------------------

Number of OpenMM system constraints defined: 0

-----------------------------------------------------------------------------------
Time to calculate step (OpenMMTheory.run: const-check): 0.001 seconds, 0.0 minutes.
-----------------------------------------------------------------------------------
Updating coordinates.

------------------------------------------------------------------------
Time to calculate step (Creating pos array): 0.000 seconds, 0.0 minutes.
------------------------------------------------------------------------

---------------------------------------------------------------------------
Time to calculate step (Updating MM positions): 0.000 seconds, 0.0 minutes.
---------------------------------------------------------------------------
Calling OpenMM getState.

---------------------------------------------------------------------
Time to calculate step (OpenMM getState): 0.000 seconds, 0.0 minutes.
---------------------------------------------------------------------
OpenMM Energy: -1.7753328470028449 Eh
OpenMM Energy: -1114.038181109701 kcal/mol

-----------------------
Ending OpenMM interface
-----------------------

----------------------------------------------------------------
Time to calculate step (OpenMM run): 0.002 seconds, 0.0 minutes.
----------------------------------------------------------------

-------------------------------------------------------------
Time to calculate step (MM step): 0.002 seconds, 0.0 minutes.
-------------------------------------------------------------

Note: You are using electrostatic embedding. This means that the QM-energy is actually the polarized QM-energy
Note: MM energy also contains the QM-MM Lennard-Jones interaction

QM energy:              -836.094073548377 
MM energy:                -1.775332847003
QM/MM energy:           -837.869406395380 

  ------------ENDING QM/MM MODULE------------- 

-----------------------------------------------------------------
Time to calculate step (QM/MM run): 140.409 seconds, 2.3 minutes.
-----------------------------------------------------------------
geometric called save_guess_files option option for ASHengineclass.
This option is currently unsupported in ASH. Continuing.

Convergence criteria: {'convergence_energy': 1e-05, 'convergence_grms': 0.003, 'convergence_gmax': 0.006, 'convergence_drms': 0.01, 'convergence_dmax': 0.015, 'convergence_cmax': 0.01}

Replacing coordinates in fragment.
Creating/Updating fragment attributes...
Number of Atoms in fragment: 82
Formula: C20O20H33N9
Label: CHHCCOOOCHCHCCHCHCHOHCOOCOOHCNHHNHHNHHCOOHCOOHCOOHCOOHCNHHNHHNHHCOOHCNHHNHHNHHCOOH
Charge: -2 Mult: 1

--------------------------------------------------------------------------------
Wrote XYZ file:  Fragment-currentgeo.xyz
Current geometry (Å) in step 1 (print_atoms_list region)
---------------------------------------------------
        C  60.05006719   34.40401269   57.26982895
        H  60.57272455   33.43747143   57.28197169
        H  60.65135441   35.29670445   57.07434057
        C  58.70697893   34.52127079   57.22486997
        C  58.00886744   35.91242408   57.04492249
        O  58.75309013   36.88466803   56.81653947
        O  56.75072091   35.93611789   57.19043452
        O  57.88294689   33.42659420   57.41150370
        C  57.65258826   32.53870470   56.23203040
        H  56.94527395   31.79989172   56.65949159
        C  58.92565939   31.93036826   55.80767922
        H  59.44649978   31.22136562   56.46075812
        C  59.65211956   32.46753802   54.80867564
        C  59.06231287   33.45492192   53.90214228
        H  59.70464227   33.83641211   53.10342534
        C  57.79162368   33.86784631   54.05786483
        H  57.34478606   34.59284601   53.37085570
        C  56.89316700   33.28701943   55.11343510
        H  56.33894234   34.09926128   55.62134851
        O  55.98325210   32.38997567   54.45717468
        H  55.33319301   32.11966360   55.11792933
        C  61.14995383   32.07959370   54.64026333
        O  61.72599329   31.70103782   55.70211426
        O  61.56774976   32.23745539   53.49711327
        C  63.06610000   29.76340000   43.42070000
        O  64.24992500   29.82517600   43.02416300
        O  62.35481600   28.73601700   43.45325900
        H  62.60812100   30.69925000   43.77346100
        C  58.71080000   26.50630000   65.29140000
        N  58.86137700   26.89152000   64.02734600
        H  58.55086000   27.55402200   64.72360000
        H  59.05754600   25.93648200   64.29101300
        N  58.30190100   27.37870400   66.20824900
        H  58.49807000   26.42366600   66.47191600
        H  58.41624900   27.67124000   65.24832800
        N  58.96912100   25.24867600   65.63860500
        H  59.08347000   25.54121100   64.67868400
        H  58.65860400   25.91117800   66.33485900
        C  58.59230000   24.28120000   47.30860000
        O  59.77612500   24.34297600   46.91206300
        O  57.88101600   23.25381700   47.34115900
        H  58.13432100   25.21705000   47.66136100
        C  70.95710000   27.50530000   53.36590000
        O  72.14092500   27.56707600   52.96936300
        O  70.24581600   26.47791700   53.39845900
        H  70.49912100   28.44115000   53.71866100
        C  67.80160000   24.00280000   52.09340000
        O  68.98542500   24.06457600   51.69686300
        O  67.09031600   22.97541700   52.12595900
        H  67.34362100   24.93865000   52.44616100
        C  67.12480000   32.65070000   44.69220000
        O  68.30862500   32.71247600   44.29566300
        O  66.41351600   31.62331700   44.72475900
        H  66.66682100   33.58655000   45.04496100
        C  61.12890000   33.14530000   67.78460000
        N  61.27947700   33.53052000   66.52054600
        H  60.96896000   34.19302200   67.21680000
        H  61.47564600   32.57548200   66.78421300
        N  60.72000100   34.01770400   68.70144900
        H  60.91617000   33.06266600   68.96511600
        H  60.83434900   34.31024000   67.74152800
        N  61.38722100   31.88767600   68.13180500
        H  61.50157000   32.18021100   67.17188400
        H  61.07670400   32.55017800   68.82805900
        C  70.55960000   34.37890000   48.88280000
        O  71.74342500   34.44067600   48.48626300
        O  69.84831600   33.35151700   48.91535900
        H  70.10162100   35.31475000   49.23556100
        C  55.13880000   30.68340000   67.21900000
        N  55.28937700   31.06862000   65.95494600
        H  54.97886000   31.73112200   66.65120000
        H  55.48554600   30.11358200   66.21861300
        N  54.72990100   31.55580400   68.13584900
        H  54.92607000   30.60076600   68.39951600
        H  54.84424900   31.84834000   67.17592800
        N  55.39712100   29.42577600   67.56620500
        H  55.51147000   29.71831100   66.60628400
        H  55.08660400   30.08827800   68.26245900
        C  64.84770000   24.20140000   47.60480000
        O  66.03152500   24.26317600   47.20826300
        O  64.13641600   23.17401700   47.63735900
        H  64.38972100   25.13725000   47.95756100

Note: printed only print_atoms_list (this is not necessarily all atoms) 
  ------------RUNNING QM/MM MODULE------------- 
QM Module: ORCATheory
MM Module: OpenMMTheory
Charge provided from QMMMTheory object:  -2
Mult provided from QMMMTheory object:  1
QM-region Charge: -2 Mult: 1
Embedding: Electrostatic
Number of pointcharges (to QM program): 58
Number of charge coordinates: 58
Running QM/MM object with 8 cores available

-------------------------------------------------------------------
Time to calculate step (before-QMstep): 0.000 seconds, 0.0 minutes.
-------------------------------------------------------------------
  ------------RUNNING ORCA INTERFACE------------- 
Object-label: ORCA
Run-label: None
Running ORCA with 8 cores available
Moreadfile option not active
A GBW-file with same basename : orca.gbw is present
Autostart is False. ORCA will ignore any file present
Creating inputfile: orca.inp
ORCA input:
! B3LYP D3BJ def2-SVP def2/J RIJCOSX CPCM TightSCF

! Noautostart

%cpcm epsilon 4.0 end
%scf MaxIter 300 Guess PModel end
Charge: -2  Mult: 1
Pointcharge embedding is on!
 ORCA Calculation starting. 
Found warning messages in ORCA outputfile:
WARNING: The chosen methods will break translational/rotational symmetry
 WARNING: The chosen methods will break translational symmetry
 WARNING: The chosen methods will break translational symmetry
 Warning: op=0 Small HOMO/LUMO gap (   0.096) - skipping pre-diagonalization

 ORCA Calculation done. 
ORCA converged in 12 iterations
ORCA energy: -836.09742076549
  ------------ENDING ORCA-INTERFACE------------- 

----------------------------------------------------------------
Time to calculate step (ORCA run): 127.604 seconds, 2.1 minutes.
----------------------------------------------------------------

---------------------------------------------------------------
Time to calculate step (QM step): 127.604 seconds, 2.1 minutes.
---------------------------------------------------------------

----------------------------------------------------------------------
Time to calculate step (QMpcgrad prepare): 0.000 seconds, 0.0 minutes.
----------------------------------------------------------------------

--------------------------------------------------------------------------
Time to calculate step (linkatomgrad prepare): 0.000 seconds, 0.0 minutes.
--------------------------------------------------------------------------

----------------------------------------------------------------------------
Time to calculate step (QM/MM gradient prepare): 0.000 seconds, 0.0 minutes.
----------------------------------------------------------------------------
Using OpenMM theory as part of QM/MM.
Using MM on full system. Charges for QM region [0, 1, 2, 3, 4, 5, 6, 7, 8, 9, 10, 11, 12, 13, 14, 15, 16, 17, 18, 19, 20, 21, 22, 23] have been set to zero 

--------------------------------------------------------------------------------
                   Creating/updating OpenMM simulation object                   
--------------------------------------------------------------------------------

Integrator name: VerletIntegrator
Timestep: 0.001
Temperature: 300
Coupling frequency: 1
Properties: {'Threads': '1'}
Topology: <Topology; 1 chains, 1 residues, 82 atoms, 0 bonds>

----------------------------------------------------------------------------------
Time to calculate step (creating/updating simulation): 0.002 seconds, 0.0 minutes.
----------------------------------------------------------------------------------

--------------------------------------------------------------------------------
                     Running Single-point OpenMM Interface                      
--------------------------------------------------------------------------------

Number of OpenMM system constraints defined: 0

-----------------------------------------------------------------------------------
Time to calculate step (OpenMMTheory.run: const-check): 0.002 seconds, 0.0 minutes.
-----------------------------------------------------------------------------------
Updating coordinates.

------------------------------------------------------------------------
Time to calculate step (Creating pos array): 0.000 seconds, 0.0 minutes.
------------------------------------------------------------------------

---------------------------------------------------------------------------
Time to calculate step (Updating MM positions): 0.000 seconds, 0.0 minutes.
---------------------------------------------------------------------------
Calling OpenMM getState.

---------------------------------------------------------------------
Time to calculate step (OpenMM getState): 0.000 seconds, 0.0 minutes.
---------------------------------------------------------------------
OpenMM Energy: -1.775333020628103 Eh
OpenMM Energy: -1114.0382900611955 kcal/mol

-----------------------
Ending OpenMM interface
-----------------------

----------------------------------------------------------------
Time to calculate step (OpenMM run): 0.003 seconds, 0.0 minutes.
----------------------------------------------------------------

-------------------------------------------------------------
Time to calculate step (MM step): 0.003 seconds, 0.0 minutes.
-------------------------------------------------------------

Note: You are using electrostatic embedding. This means that the QM-energy is actually the polarized QM-energy
Note: MM energy also contains the QM-MM Lennard-Jones interaction

QM energy:              -836.097420765490 
MM energy:                -1.775333020628
QM/MM energy:           -837.872753786118 

  ------------ENDING QM/MM MODULE------------- 

-----------------------------------------------------------------
Time to calculate step (QM/MM run): 127.607 seconds, 2.1 minutes.
-----------------------------------------------------------------
geometric called save_guess_files option option for ASHengineclass.
This option is currently unsupported in ASH. Continuing.

Convergence criteria: {'convergence_energy': 1e-05, 'convergence_grms': 0.003, 'convergence_gmax': 0.006, 'convergence_drms': 0.01, 'convergence_dmax': 0.015, 'convergence_cmax': 0.01}

Replacing coordinates in fragment.
Creating/Updating fragment attributes...
Number of Atoms in fragment: 82
Formula: C20O20H33N9
Label: CHHCCOOOCHCHCCHCHCHOHCOOCOOHCNHHNHHNHHCOOHCOOHCOOHCOOHCNHHNHHNHHCOOHCNHHNHHNHHCOOH
Charge: -2 Mult: 1

--------------------------------------------------------------------------------
Wrote XYZ file:  Fragment-currentgeo.xyz
Current geometry (Å) in step 2 (print_atoms_list region)
---------------------------------------------------
        C  59.96745395   34.42812979   57.29361989
        H  60.49506685   33.46428442   57.17029471
        H  60.54074323   35.34234766   57.11645869
        C  58.62051596   34.54908644   57.32583107
        C  57.91871826   35.98095311   57.30322706
        O  58.65361732   36.97043217   57.14447861
        O  56.65842998   35.98888611   57.43644515
        O  57.80965466   33.44073882   57.47929458
        C  57.59902374   32.54440743   56.28220831
        H  56.84842353   31.84667855   56.70658977
        C  58.85777242   31.91196677   55.86129228
        H  59.39717951   31.21204223   56.50976869
        C  59.61106602   32.45160576   54.87961234
        C  59.04918140   33.42121211   53.93730532
        H  59.70295651   33.74073661   53.11738777
        C  57.79254691   33.87674766   54.09667757
        H  57.34981145   34.58551338   53.38998265
        C  56.88333049   33.31333263   55.15337648
        H  56.31243431   34.11812538   55.65644108
        O  55.99429684   32.40227803   54.48523640
        H  55.34401505   32.12987082   55.14547862
        C  61.15689395   32.12282764   54.79780311
        O  61.65101131   31.69868421   55.88678084
        O  61.67982468   32.39863831   53.71870482
        C  63.06610000   29.76340000   43.42070000
        O  64.24992500   29.82517600   43.02416300
        O  62.35481600   28.73601700   43.45325900
        H  62.60812100   30.69925000   43.77346100
        C  58.71080000   26.50630000   65.29140000
        N  58.86137700   26.89152000   64.02734600
        H  58.55086000   27.55402200   64.72360000
        H  59.05754600   25.93648200   64.29101300
        N  58.30190100   27.37870400   66.20824900
        H  58.49807000   26.42366600   66.47191600
        H  58.41624900   27.67124000   65.24832800
        N  58.96912100   25.24867600   65.63860500
        H  59.08347000   25.54121100   64.67868400
        H  58.65860400   25.91117800   66.33485900
        C  58.59230000   24.28120000   47.30860000
        O  59.77612500   24.34297600   46.91206300
        O  57.88101600   23.25381700   47.34115900
        H  58.13432100   25.21705000   47.66136100
        C  70.95710000   27.50530000   53.36590000
        O  72.14092500   27.56707600   52.96936300
        O  70.24581600   26.47791700   53.39845900
        H  70.49912100   28.44115000   53.71866100
        C  67.80160000   24.00280000   52.09340000
        O  68.98542500   24.06457600   51.69686300
        O  67.09031600   22.97541700   52.12595900
        H  67.34362100   24.93865000   52.44616100
        C  67.12480000   32.65070000   44.69220000
        O  68.30862500   32.71247600   44.29566300
        O  66.41351600   31.62331700   44.72475900
        H  66.66682100   33.58655000   45.04496100
        C  61.12890000   33.14530000   67.78460000
        N  61.27947700   33.53052000   66.52054600
        H  60.96896000   34.19302200   67.21680000
        H  61.47564600   32.57548200   66.78421300
        N  60.72000100   34.01770400   68.70144900
        H  60.91617000   33.06266600   68.96511600
        H  60.83434900   34.31024000   67.74152800
        N  61.38722100   31.88767600   68.13180500
        H  61.50157000   32.18021100   67.17188400
        H  61.07670400   32.55017800   68.82805900
        C  70.55960000   34.37890000   48.88280000
        O  71.74342500   34.44067600   48.48626300
        O  69.84831600   33.35151700   48.91535900
        H  70.10162100   35.31475000   49.23556100
        C  55.13880000   30.68340000   67.21900000
        N  55.28937700   31.06862000   65.95494600
        H  54.97886000   31.73112200   66.65120000
        H  55.48554600   30.11358200   66.21861300
        N  54.72990100   31.55580400   68.13584900
        H  54.92607000   30.60076600   68.39951600
        H  54.84424900   31.84834000   67.17592800
        N  55.39712100   29.42577600   67.56620500
        H  55.51147000   29.71831100   66.60628400
        H  55.08660400   30.08827800   68.26245900
        C  64.84770000   24.20140000   47.60480000
        O  66.03152500   24.26317600   47.20826300
        O  64.13641600   23.17401700   47.63735900
        H  64.38972100   25.13725000   47.95756100

Note: printed only print_atoms_list (this is not necessarily all atoms) 
  ------------RUNNING QM/MM MODULE------------- 
QM Module: ORCATheory
MM Module: OpenMMTheory
Charge provided from QMMMTheory object:  -2
Mult provided from QMMMTheory object:  1
QM-region Charge: -2 Mult: 1
Embedding: Electrostatic
Number of pointcharges (to QM program): 58
Number of charge coordinates: 58
Running QM/MM object with 8 cores available

-------------------------------------------------------------------
Time to calculate step (before-QMstep): 0.000 seconds, 0.0 minutes.
-------------------------------------------------------------------
  ------------RUNNING ORCA INTERFACE------------- 
Object-label: ORCA
Run-label: None
Running ORCA with 8 cores available
Moreadfile option not active
A GBW-file with same basename : orca.gbw is present
Autostart is False. ORCA will ignore any file present
Creating inputfile: orca.inp
ORCA input:
! B3LYP D3BJ def2-SVP def2/J RIJCOSX CPCM TightSCF

! Noautostart

%cpcm epsilon 4.0 end
%scf MaxIter 300 Guess PModel end
Charge: -2  Mult: 1
Pointcharge embedding is on!
 ORCA Calculation starting. 
Found warning messages in ORCA outputfile:
WARNING: The chosen methods will break translational/rotational symmetry
 WARNING: The chosen methods will break translational symmetry
 WARNING: The chosen methods will break translational symmetry
 Warning: op=0 Small HOMO/LUMO gap (   0.098) - skipping pre-diagonalization

 ORCA Calculation done. 
ORCA converged in 12 iterations
ORCA energy: -836.103603173339
  ------------ENDING ORCA-INTERFACE------------- 

----------------------------------------------------------------
Time to calculate step (ORCA run): 129.463 seconds, 2.2 minutes.
----------------------------------------------------------------

---------------------------------------------------------------
Time to calculate step (QM step): 129.463 seconds, 2.2 minutes.
---------------------------------------------------------------

----------------------------------------------------------------------
Time to calculate step (QMpcgrad prepare): 0.000 seconds, 0.0 minutes.
----------------------------------------------------------------------

--------------------------------------------------------------------------
Time to calculate step (linkatomgrad prepare): 0.000 seconds, 0.0 minutes.
--------------------------------------------------------------------------

----------------------------------------------------------------------------
Time to calculate step (QM/MM gradient prepare): 0.000 seconds, 0.0 minutes.
----------------------------------------------------------------------------
Using OpenMM theory as part of QM/MM.
Using MM on full system. Charges for QM region [0, 1, 2, 3, 4, 5, 6, 7, 8, 9, 10, 11, 12, 13, 14, 15, 16, 17, 18, 19, 20, 21, 22, 23] have been set to zero 

--------------------------------------------------------------------------------
                   Creating/updating OpenMM simulation object                   
--------------------------------------------------------------------------------

Integrator name: VerletIntegrator
Timestep: 0.001
Temperature: 300
Coupling frequency: 1
Properties: {'Threads': '1'}
Topology: <Topology; 1 chains, 1 residues, 82 atoms, 0 bonds>

----------------------------------------------------------------------------------
Time to calculate step (creating/updating simulation): 0.001 seconds, 0.0 minutes.
----------------------------------------------------------------------------------

--------------------------------------------------------------------------------
                     Running Single-point OpenMM Interface                      
--------------------------------------------------------------------------------

Number of OpenMM system constraints defined: 0

-----------------------------------------------------------------------------------
Time to calculate step (OpenMMTheory.run: const-check): 0.001 seconds, 0.0 minutes.
-----------------------------------------------------------------------------------
Updating coordinates.

------------------------------------------------------------------------
Time to calculate step (Creating pos array): 0.000 seconds, 0.0 minutes.
------------------------------------------------------------------------

---------------------------------------------------------------------------
Time to calculate step (Updating MM positions): 0.000 seconds, 0.0 minutes.
---------------------------------------------------------------------------
Calling OpenMM getState.

---------------------------------------------------------------------
Time to calculate step (OpenMM getState): 0.000 seconds, 0.0 minutes.
---------------------------------------------------------------------
OpenMM Energy: -1.7753337256351953 Eh
OpenMM Energy: -1114.0387324598253 kcal/mol

-----------------------
Ending OpenMM interface
-----------------------

----------------------------------------------------------------
Time to calculate step (OpenMM run): 0.002 seconds, 0.0 minutes.
----------------------------------------------------------------

-------------------------------------------------------------
Time to calculate step (MM step): 0.002 seconds, 0.0 minutes.
-------------------------------------------------------------

Note: You are using electrostatic embedding. This means that the QM-energy is actually the polarized QM-energy
Note: MM energy also contains the QM-MM Lennard-Jones interaction

QM energy:              -836.103603173339 
MM energy:                -1.775333725635
QM/MM energy:           -837.878936898974 

  ------------ENDING QM/MM MODULE------------- 

-----------------------------------------------------------------
Time to calculate step (QM/MM run): 129.466 seconds, 2.2 minutes.
-----------------------------------------------------------------
geometric called save_guess_files option option for ASHengineclass.
This option is currently unsupported in ASH. Continuing.
geometric called clearCalcs option for ASHengineclass.
This option is currently unsupported in ASH. Continuing.

Convergence criteria: {'convergence_energy': 1e-05, 'convergence_grms': 0.003, 'convergence_gmax': 0.006, 'convergence_drms': 0.01, 'convergence_dmax': 0.015, 'convergence_cmax': 0.01}

Replacing coordinates in fragment.
Creating/Updating fragment attributes...
Number of Atoms in fragment: 82
Formula: C20O20H33N9
Label: CHHCCOOOCHCHCCHCHCHOHCOOCOOHCNHHNHHNHHCOOHCOOHCOOHCOOHCNHHNHHNHHCOOHCNHHNHHNHHCOOH
Charge: -2 Mult: 1

--------------------------------------------------------------------------------
Wrote XYZ file:  Fragment-currentgeo.xyz
Current geometry (Å) in step 3 (print_atoms_list region)
---------------------------------------------------
        C  59.85665485   34.47379964   57.30523744
        H  60.38216727   33.52671632   57.06728557
        H  60.40169654   35.41177782   57.17854938
        C  58.51261162   34.58887718   57.45621281
        C  57.79936081   36.03344096   57.62236288
        O  58.53379172   37.04598989   57.60291861
        O  56.54251529   36.02507783   57.77586891
        O  57.71088992   33.46887141   57.56242688
        C  57.52757383   32.56533202   56.35032750
        H  56.73904229   31.90520785   56.76428665
        C  58.78260745   31.90506950   55.94681296
        H  59.31724962   31.21444155   56.60817171
        C  59.56434906   32.42653421   54.97079364
        C  59.02957495   33.37601720   53.99111466
        H  59.69569265   33.62617513   53.15420209
        C  57.79055979   33.88351398   54.14652779
        H  57.35647073   34.57384264   53.41543435
        C  56.86149912   33.34840598   55.20352097
        H  56.27248555   34.14972197   55.69115688
        O  55.99099558   32.43093338   54.51714018
        H  55.34296088   32.14017979   55.17315397
        C  61.14923283   32.18677742   55.01896408
        O  61.55743578   31.69694685   56.12021006
        O  61.80368528   32.61081933   54.04845872
        C  63.06610000   29.76340000   43.42070000
        O  64.24992500   29.82517600   43.02416300
        O  62.35481600   28.73601700   43.45325900
        H  62.60812100   30.69925000   43.77346100
        C  58.71080000   26.50630000   65.29140000
        N  58.86137700   26.89152000   64.02734600
        H  58.55086000   27.55402200   64.72360000
        H  59.05754600   25.93648200   64.29101300
        N  58.30190100   27.37870400   66.20824900
        H  58.49807000   26.42366600   66.47191600
        H  58.41624900   27.67124000   65.24832800
        N  58.96912100   25.24867600   65.63860500
        H  59.08347000   25.54121100   64.67868400
        H  58.65860400   25.91117800   66.33485900
        C  58.59230000   24.28120000   47.30860000
        O  59.77612500   24.34297600   46.91206300
        O  57.88101600   23.25381700   47.34115900
        H  58.13432100   25.21705000   47.66136100
        C  70.95710000   27.50530000   53.36590000
        O  72.14092500   27.56707600   52.96936300
        O  70.24581600   26.47791700   53.39845900
        H  70.49912100   28.44115000   53.71866100
        C  67.80160000   24.00280000   52.09340000
        O  68.98542500   24.06457600   51.69686300
        O  67.09031600   22.97541700   52.12595900
        H  67.34362100   24.93865000   52.44616100
        C  67.12480000   32.65070000   44.69220000
        O  68.30862500   32.71247600   44.29566300
        O  66.41351600   31.62331700   44.72475900
        H  66.66682100   33.58655000   45.04496100
        C  61.12890000   33.14530000   67.78460000
        N  61.27947700   33.53052000   66.52054600
        H  60.96896000   34.19302200   67.21680000
        H  61.47564600   32.57548200   66.78421300
        N  60.72000100   34.01770400   68.70144900
        H  60.91617000   33.06266600   68.96511600
        H  60.83434900   34.31024000   67.74152800
        N  61.38722100   31.88767600   68.13180500
        H  61.50157000   32.18021100   67.17188400
        H  61.07670400   32.55017800   68.82805900
        C  70.55960000   34.37890000   48.88280000
        O  71.74342500   34.44067600   48.48626300
        O  69.84831600   33.35151700   48.91535900
        H  70.10162100   35.31475000   49.23556100
        C  55.13880000   30.68340000   67.21900000
        N  55.28937700   31.06862000   65.95494600
        H  54.97886000   31.73112200   66.65120000
        H  55.48554600   30.11358200   66.21861300
        N  54.72990100   31.55580400   68.13584900
        H  54.92607000   30.60076600   68.39951600
        H  54.84424900   31.84834000   67.17592800
        N  55.39712100   29.42577600   67.56620500
        H  55.51147000   29.71831100   66.60628400
        H  55.08660400   30.08827800   68.26245900
        C  64.84770000   24.20140000   47.60480000
        O  66.03152500   24.26317600   47.20826300
        O  64.13641600   23.17401700   47.63735900
        H  64.38972100   25.13725000   47.95756100

Note: printed only print_atoms_list (this is not necessarily all atoms) 
  ------------RUNNING QM/MM MODULE------------- 
QM Module: ORCATheory
MM Module: OpenMMTheory
Charge provided from QMMMTheory object:  -2
Mult provided from QMMMTheory object:  1
QM-region Charge: -2 Mult: 1
Embedding: Electrostatic
Number of pointcharges (to QM program): 58
Number of charge coordinates: 58
Running QM/MM object with 8 cores available

-------------------------------------------------------------------
Time to calculate step (before-QMstep): 0.000 seconds, 0.0 minutes.
-------------------------------------------------------------------
  ------------RUNNING ORCA INTERFACE------------- 
Object-label: ORCA
Run-label: None
Running ORCA with 8 cores available
Moreadfile option not active
A GBW-file with same basename : orca.gbw is present
Autostart is False. ORCA will ignore any file present
Creating inputfile: orca.inp
ORCA input:
! B3LYP D3BJ def2-SVP def2/J RIJCOSX CPCM TightSCF

! Noautostart

%cpcm epsilon 4.0 end
%scf MaxIter 300 Guess PModel end
Charge: -2  Mult: 1
Pointcharge embedding is on!
 ORCA Calculation starting. 
Found warning messages in ORCA outputfile:
WARNING: The chosen methods will break translational/rotational symmetry
 WARNING: The chosen methods will break translational symmetry
 WARNING: The chosen methods will break translational symmetry
 Warning: op=0 Small HOMO/LUMO gap (   0.097) - skipping pre-diagonalization

 ORCA Calculation done. 
ORCA converged in 14 iterations
ORCA energy: -836.109991251145
  ------------ENDING ORCA-INTERFACE------------- 

----------------------------------------------------------------
Time to calculate step (ORCA run): 128.763 seconds, 2.1 minutes.
----------------------------------------------------------------

---------------------------------------------------------------
Time to calculate step (QM step): 128.763 seconds, 2.1 minutes.
---------------------------------------------------------------

----------------------------------------------------------------------
Time to calculate step (QMpcgrad prepare): 0.000 seconds, 0.0 minutes.
----------------------------------------------------------------------

--------------------------------------------------------------------------
Time to calculate step (linkatomgrad prepare): 0.000 seconds, 0.0 minutes.
--------------------------------------------------------------------------

----------------------------------------------------------------------------
Time to calculate step (QM/MM gradient prepare): 0.000 seconds, 0.0 minutes.
----------------------------------------------------------------------------
Using OpenMM theory as part of QM/MM.
Using MM on full system. Charges for QM region [0, 1, 2, 3, 4, 5, 6, 7, 8, 9, 10, 11, 12, 13, 14, 15, 16, 17, 18, 19, 20, 21, 22, 23] have been set to zero 

--------------------------------------------------------------------------------
                   Creating/updating OpenMM simulation object                   
--------------------------------------------------------------------------------

Integrator name: VerletIntegrator
Timestep: 0.001
Temperature: 300
Coupling frequency: 1
Properties: {'Threads': '1'}
Topology: <Topology; 1 chains, 1 residues, 82 atoms, 0 bonds>

----------------------------------------------------------------------------------
Time to calculate step (creating/updating simulation): 0.002 seconds, 0.0 minutes.
----------------------------------------------------------------------------------

--------------------------------------------------------------------------------
                     Running Single-point OpenMM Interface                      
--------------------------------------------------------------------------------

Number of OpenMM system constraints defined: 0

-----------------------------------------------------------------------------------
Time to calculate step (OpenMMTheory.run: const-check): 0.002 seconds, 0.0 minutes.
-----------------------------------------------------------------------------------
Updating coordinates.

------------------------------------------------------------------------
Time to calculate step (Creating pos array): 0.000 seconds, 0.0 minutes.
------------------------------------------------------------------------

---------------------------------------------------------------------------
Time to calculate step (Updating MM positions): 0.000 seconds, 0.0 minutes.
---------------------------------------------------------------------------
Calling OpenMM getState.

---------------------------------------------------------------------
Time to calculate step (OpenMM getState): 0.000 seconds, 0.0 minutes.
---------------------------------------------------------------------
OpenMM Energy: -1.7753351550363972 Eh
OpenMM Energy: -1114.0396294226216 kcal/mol

-----------------------
Ending OpenMM interface
-----------------------

----------------------------------------------------------------
Time to calculate step (OpenMM run): 0.003 seconds, 0.0 minutes.
----------------------------------------------------------------

-------------------------------------------------------------
Time to calculate step (MM step): 0.003 seconds, 0.0 minutes.
-------------------------------------------------------------

Note: You are using electrostatic embedding. This means that the QM-energy is actually the polarized QM-energy
Note: MM energy also contains the QM-MM Lennard-Jones interaction

QM energy:              -836.109991251145 
MM energy:                -1.775335155036
QM/MM energy:           -837.885326406181 

  ------------ENDING QM/MM MODULE------------- 

-----------------------------------------------------------------
Time to calculate step (QM/MM run): 128.767 seconds, 2.1 minutes.
-----------------------------------------------------------------
geometric called save_guess_files option option for ASHengineclass.
This option is currently unsupported in ASH. Continuing.

Convergence criteria: {'convergence_energy': 1e-05, 'convergence_grms': 0.003, 'convergence_gmax': 0.006, 'convergence_drms': 0.01, 'convergence_dmax': 0.015, 'convergence_cmax': 0.01}

Replacing coordinates in fragment.
Creating/Updating fragment attributes...
Number of Atoms in fragment: 82
Formula: C20O20H33N9
Label: CHHCCOOOCHCHCCHCHCHOHCOOCOOHCNHHNHHNHHCOOHCOOHCOOHCOOHCNHHNHHNHHCOOHCNHHNHHNHHCOOH
Charge: -2 Mult: 1

--------------------------------------------------------------------------------
Wrote XYZ file:  Fragment-currentgeo.xyz
Current geometry (Å) in step 4 (print_atoms_list region)
---------------------------------------------------
        C  59.77573009   34.52975925   57.30500131
        H  60.29768990   33.59806384   57.06573589
        H  60.31685123   35.47235778   57.22854409
        C  58.44735363   34.61884508   57.54065131
        C  57.72388146   36.02862383   57.83423554
        O  58.46623136   37.04251350   57.90403260
        O  56.47356261   36.00230610   57.99550971
        O  57.64451373   33.49700448   57.61020058
        C  57.48055429   32.59393381   56.39796446
        H  56.68790495   31.93627355   56.79620702
        C  58.75128485   31.92504578   56.02804777
        H  59.25351396   31.23763378   56.71427185
        C  59.54505382   32.41746023   55.04681010
        C  59.01990323   33.34860167   54.04235188
        H  59.68707382   33.57176381   53.20121970
        C  57.78848047   33.87998536   54.17846212
        H  57.36420893   34.56091444   53.43195022
        C  56.83957768   33.37156710   55.23315753
        H  56.24459972   34.18071764   55.69885246
        O  55.97122336   32.46244460   54.53424908
        H  55.32641236   32.14480391   55.18354478
        C  61.12055283   32.23040054   55.17388049
        O  61.49485123   31.70749089   56.26503019
        O  61.83083822   32.72350795   54.27705223
        C  63.06610000   29.76340000   43.42070000
        O  64.24992500   29.82517600   43.02416300
        O  62.35481600   28.73601700   43.45325900
        H  62.60812100   30.69925000   43.77346100
        C  58.71080000   26.50630000   65.29140000
        N  58.86137700   26.89152000   64.02734600
        H  58.55086000   27.55402200   64.72360000
        H  59.05754600   25.93648200   64.29101300
        N  58.30190100   27.37870400   66.20824900
        H  58.49807000   26.42366600   66.47191600
        H  58.41624900   27.67124000   65.24832800
        N  58.96912100   25.24867600   65.63860500
        H  59.08347000   25.54121100   64.67868400
        H  58.65860400   25.91117800   66.33485900
        C  58.59230000   24.28120000   47.30860000
        O  59.77612500   24.34297600   46.91206300
        O  57.88101600   23.25381700   47.34115900
        H  58.13432100   25.21705000   47.66136100
        C  70.95710000   27.50530000   53.36590000
        O  72.14092500   27.56707600   52.96936300
        O  70.24581600   26.47791700   53.39845900
        H  70.49912100   28.44115000   53.71866100
        C  67.80160000   24.00280000   52.09340000
        O  68.98542500   24.06457600   51.69686300
        O  67.09031600   22.97541700   52.12595900
        H  67.34362100   24.93865000   52.44616100
        C  67.12480000   32.65070000   44.69220000
        O  68.30862500   32.71247600   44.29566300
        O  66.41351600   31.62331700   44.72475900
        H  66.66682100   33.58655000   45.04496100
        C  61.12890000   33.14530000   67.78460000
        N  61.27947700   33.53052000   66.52054600
        H  60.96896000   34.19302200   67.21680000
        H  61.47564600   32.57548200   66.78421300
        N  60.72000100   34.01770400   68.70144900
        H  60.91617000   33.06266600   68.96511600
        H  60.83434900   34.31024000   67.74152800
        N  61.38722100   31.88767600   68.13180500
        H  61.50157000   32.18021100   67.17188400
        H  61.07670400   32.55017800   68.82805900
        C  70.55960000   34.37890000   48.88280000
        O  71.74342500   34.44067600   48.48626300
        O  69.84831600   33.35151700   48.91535900
        H  70.10162100   35.31475000   49.23556100
        C  55.13880000   30.68340000   67.21900000
        N  55.28937700   31.06862000   65.95494600
        H  54.97886000   31.73112200   66.65120000
        H  55.48554600   30.11358200   66.21861300
        N  54.72990100   31.55580400   68.13584900
        H  54.92607000   30.60076600   68.39951600
        H  54.84424900   31.84834000   67.17592800
        N  55.39712100   29.42577600   67.56620500
        H  55.51147000   29.71831100   66.60628400
        H  55.08660400   30.08827800   68.26245900
        C  64.84770000   24.20140000   47.60480000
        O  66.03152500   24.26317600   47.20826300
        O  64.13641600   23.17401700   47.63735900
        H  64.38972100   25.13725000   47.95756100

Note: printed only print_atoms_list (this is not necessarily all atoms) 
  ------------RUNNING QM/MM MODULE------------- 
QM Module: ORCATheory
MM Module: OpenMMTheory
Charge provided from QMMMTheory object:  -2
Mult provided from QMMMTheory object:  1
QM-region Charge: -2 Mult: 1
Embedding: Electrostatic
Number of pointcharges (to QM program): 58
Number of charge coordinates: 58
Running QM/MM object with 8 cores available

-------------------------------------------------------------------
Time to calculate step (before-QMstep): 0.000 seconds, 0.0 minutes.
-------------------------------------------------------------------
  ------------RUNNING ORCA INTERFACE------------- 
Object-label: ORCA
Run-label: None
Running ORCA with 8 cores available
Moreadfile option not active
A GBW-file with same basename : orca.gbw is present
Autostart is False. ORCA will ignore any file present
Creating inputfile: orca.inp
ORCA input:
! B3LYP D3BJ def2-SVP def2/J RIJCOSX CPCM TightSCF

! Noautostart

%cpcm epsilon 4.0 end
%scf MaxIter 300 Guess PModel end
Charge: -2  Mult: 1
Pointcharge embedding is on!
 ORCA Calculation starting. 
Found warning messages in ORCA outputfile:
WARNING: The chosen methods will break translational/rotational symmetry
 WARNING: The chosen methods will break translational symmetry
 WARNING: The chosen methods will break translational symmetry
 Warning: op=0 Small HOMO/LUMO gap (   0.095) - skipping pre-diagonalization

 ORCA Calculation done. 
ORCA converged in 14 iterations
ORCA energy: -836.118570344747
  ------------ENDING ORCA-INTERFACE------------- 

----------------------------------------------------------------
Time to calculate step (ORCA run): 128.396 seconds, 2.1 minutes.
----------------------------------------------------------------

---------------------------------------------------------------
Time to calculate step (QM step): 128.396 seconds, 2.1 minutes.
---------------------------------------------------------------

----------------------------------------------------------------------
Time to calculate step (QMpcgrad prepare): 0.000 seconds, 0.0 minutes.
----------------------------------------------------------------------

--------------------------------------------------------------------------
Time to calculate step (linkatomgrad prepare): 0.000 seconds, 0.0 minutes.
--------------------------------------------------------------------------

----------------------------------------------------------------------------
Time to calculate step (QM/MM gradient prepare): 0.000 seconds, 0.0 minutes.
----------------------------------------------------------------------------
Using OpenMM theory as part of QM/MM.
Using MM on full system. Charges for QM region [0, 1, 2, 3, 4, 5, 6, 7, 8, 9, 10, 11, 12, 13, 14, 15, 16, 17, 18, 19, 20, 21, 22, 23] have been set to zero 

--------------------------------------------------------------------------------
                   Creating/updating OpenMM simulation object                   
--------------------------------------------------------------------------------

Integrator name: VerletIntegrator
Timestep: 0.001
Temperature: 300
Coupling frequency: 1
Properties: {'Threads': '1'}
Topology: <Topology; 1 chains, 1 residues, 82 atoms, 0 bonds>

----------------------------------------------------------------------------------
Time to calculate step (creating/updating simulation): 0.001 seconds, 0.0 minutes.
----------------------------------------------------------------------------------

--------------------------------------------------------------------------------
                     Running Single-point OpenMM Interface                      
--------------------------------------------------------------------------------

Number of OpenMM system constraints defined: 0

-----------------------------------------------------------------------------------
Time to calculate step (OpenMMTheory.run: const-check): 0.001 seconds, 0.0 minutes.
-----------------------------------------------------------------------------------
Updating coordinates.

------------------------------------------------------------------------
Time to calculate step (Creating pos array): 0.000 seconds, 0.0 minutes.
------------------------------------------------------------------------

---------------------------------------------------------------------------
Time to calculate step (Updating MM positions): 0.000 seconds, 0.0 minutes.
---------------------------------------------------------------------------
Calling OpenMM getState.

---------------------------------------------------------------------
Time to calculate step (OpenMM getState): 0.000 seconds, 0.0 minutes.
---------------------------------------------------------------------
OpenMM Energy: -1.7753364954341901 Eh
OpenMM Energy: -1114.0404705349358 kcal/mol

-----------------------
Ending OpenMM interface
-----------------------

----------------------------------------------------------------
Time to calculate step (OpenMM run): 0.002 seconds, 0.0 minutes.
----------------------------------------------------------------

-------------------------------------------------------------
Time to calculate step (MM step): 0.003 seconds, 0.0 minutes.
-------------------------------------------------------------

Note: You are using electrostatic embedding. This means that the QM-energy is actually the polarized QM-energy
Note: MM energy also contains the QM-MM Lennard-Jones interaction

QM energy:              -836.118570344747 
MM energy:                -1.775336495434
QM/MM energy:           -837.893906840181 

  ------------ENDING QM/MM MODULE------------- 

-----------------------------------------------------------------
Time to calculate step (QM/MM run): 128.399 seconds, 2.1 minutes.
-----------------------------------------------------------------
geometric called save_guess_files option option for ASHengineclass.
This option is currently unsupported in ASH. Continuing.

Convergence criteria: {'convergence_energy': 1e-05, 'convergence_grms': 0.003, 'convergence_gmax': 0.006, 'convergence_drms': 0.01, 'convergence_dmax': 0.015, 'convergence_cmax': 0.01}

Replacing coordinates in fragment.
Creating/Updating fragment attributes...
Number of Atoms in fragment: 82
Formula: C20O20H33N9
Label: CHHCCOOOCHCHCCHCHCHOHCOOCOOHCNHHNHHNHHCOOHCOOHCOOHCOOHCNHHNHHNHHCOOHCNHHNHHNHHCOOH
Charge: -2 Mult: 1

--------------------------------------------------------------------------------
Wrote XYZ file:  Fragment-currentgeo.xyz
Current geometry (Å) in step 5 (print_atoms_list region)
---------------------------------------------------
        C  59.58912966   34.68578202   57.35243154
        H  60.12916875   33.78164321   57.11259125
        H  60.14089453   35.62426185   57.36313384
        C  58.30026224   34.68018458   57.72210012
        C  57.58457527   35.96978465   58.25920082
        O  58.31851937   36.97666800   58.52335491
        O  56.34821808   35.90683977   58.45180670
        O  57.49608886   33.55341712   57.70500190
        C  57.38303288   32.66939109   56.49989478
        H  56.60284801   31.98317056   56.85769102
        C  58.69639760   32.00005233   56.22849391
        H  59.10888813   31.32700499   56.98650672
        C  59.52030297   32.41993450   55.24189664
        C  59.00957231   33.30372682   54.18018675
        H  59.67637777   33.49723662   53.33745949
        C  57.78411203   33.85886504   54.24985597
        H  57.39605609   34.51893967   53.46359339
        C  56.78399327   33.41700433   55.29054579
        H  56.19061030   34.26009482   55.69702284
        O  55.90973580   32.53357462   54.57199367
        H  55.27439802   32.15783533   55.20296934
        C  61.04080697   32.30636251   55.49647201
        O  61.33596161   31.71734708   56.57286479
        O  61.80509664   32.94005851   54.74256255
        C  63.06610000   29.76340000   43.42070000
        O  64.24992500   29.82517600   43.02416300
        O  62.35481600   28.73601700   43.45325900
        H  62.60812100   30.69925000   43.77346100
        C  58.71080000   26.50630000   65.29140000
        N  58.86137700   26.89152000   64.02734600
        H  58.55086000   27.55402200   64.72360000
        H  59.05754600   25.93648200   64.29101300
        N  58.30190100   27.37870400   66.20824900
        H  58.49807000   26.42366600   66.47191600
        H  58.41624900   27.67124000   65.24832800
        N  58.96912100   25.24867600   65.63860500
        H  59.08347000   25.54121100   64.67868400
        H  58.65860400   25.91117800   66.33485900
        C  58.59230000   24.28120000   47.30860000
        O  59.77612500   24.34297600   46.91206300
        O  57.88101600   23.25381700   47.34115900
        H  58.13432100   25.21705000   47.66136100
        C  70.95710000   27.50530000   53.36590000
        O  72.14092500   27.56707600   52.96936300
        O  70.24581600   26.47791700   53.39845900
        H  70.49912100   28.44115000   53.71866100
        C  67.80160000   24.00280000   52.09340000
        O  68.98542500   24.06457600   51.69686300
        O  67.09031600   22.97541700   52.12595900
        H  67.34362100   24.93865000   52.44616100
        C  67.12480000   32.65070000   44.69220000
        O  68.30862500   32.71247600   44.29566300
        O  66.41351600   31.62331700   44.72475900
        H  66.66682100   33.58655000   45.04496100
        C  61.12890000   33.14530000   67.78460000
        N  61.27947700   33.53052000   66.52054600
        H  60.96896000   34.19302200   67.21680000
        H  61.47564600   32.57548200   66.78421300
        N  60.72000100   34.01770400   68.70144900
        H  60.91617000   33.06266600   68.96511600
        H  60.83434900   34.31024000   67.74152800
        N  61.38722100   31.88767600   68.13180500
        H  61.50157000   32.18021100   67.17188400
        H  61.07670400   32.55017800   68.82805900
        C  70.55960000   34.37890000   48.88280000
        O  71.74342500   34.44067600   48.48626300
        O  69.84831600   33.35151700   48.91535900
        H  70.10162100   35.31475000   49.23556100
        C  55.13880000   30.68340000   67.21900000
        N  55.28937700   31.06862000   65.95494600
        H  54.97886000   31.73112200   66.65120000
        H  55.48554600   30.11358200   66.21861300
        N  54.72990100   31.55580400   68.13584900
        H  54.92607000   30.60076600   68.39951600
        H  54.84424900   31.84834000   67.17592800
        N  55.39712100   29.42577600   67.56620500
        H  55.51147000   29.71831100   66.60628400
        H  55.08660400   30.08827800   68.26245900
        C  64.84770000   24.20140000   47.60480000
        O  66.03152500   24.26317600   47.20826300
        O  64.13641600   23.17401700   47.63735900
        H  64.38972100   25.13725000   47.95756100

Note: printed only print_atoms_list (this is not necessarily all atoms) 
  ------------RUNNING QM/MM MODULE------------- 
QM Module: ORCATheory
MM Module: OpenMMTheory
Charge provided from QMMMTheory object:  -2
Mult provided from QMMMTheory object:  1
QM-region Charge: -2 Mult: 1
Embedding: Electrostatic
Number of pointcharges (to QM program): 58
Number of charge coordinates: 58
Running QM/MM object with 8 cores available

-------------------------------------------------------------------
Time to calculate step (before-QMstep): 0.000 seconds, 0.0 minutes.
-------------------------------------------------------------------
  ------------RUNNING ORCA INTERFACE------------- 
Object-label: ORCA
Run-label: None
Running ORCA with 8 cores available
Moreadfile option not active
A GBW-file with same basename : orca.gbw is present
Autostart is False. ORCA will ignore any file present
Creating inputfile: orca.inp
ORCA input:
! B3LYP D3BJ def2-SVP def2/J RIJCOSX CPCM TightSCF

! Noautostart

%cpcm epsilon 4.0 end
%scf MaxIter 300 Guess PModel end
Charge: -2  Mult: 1
Pointcharge embedding is on!
 ORCA Calculation starting. 
Found warning messages in ORCA outputfile:
WARNING: The chosen methods will break translational/rotational symmetry
 WARNING: The chosen methods will break translational symmetry
 WARNING: The chosen methods will break translational symmetry
 Warning: op=0 Small HOMO/LUMO gap (   0.098) - skipping pre-diagonalization

 ORCA Calculation done. 
ORCA converged in 14 iterations
ORCA energy: -836.134489014938
  ------------ENDING ORCA-INTERFACE------------- 

----------------------------------------------------------------
Time to calculate step (ORCA run): 127.522 seconds, 2.1 minutes.
----------------------------------------------------------------

---------------------------------------------------------------
Time to calculate step (QM step): 127.522 seconds, 2.1 minutes.
---------------------------------------------------------------

----------------------------------------------------------------------
Time to calculate step (QMpcgrad prepare): 0.000 seconds, 0.0 minutes.
----------------------------------------------------------------------

--------------------------------------------------------------------------
Time to calculate step (linkatomgrad prepare): 0.000 seconds, 0.0 minutes.
--------------------------------------------------------------------------

----------------------------------------------------------------------------
Time to calculate step (QM/MM gradient prepare): 0.000 seconds, 0.0 minutes.
----------------------------------------------------------------------------
Using OpenMM theory as part of QM/MM.
Using MM on full system. Charges for QM region [0, 1, 2, 3, 4, 5, 6, 7, 8, 9, 10, 11, 12, 13, 14, 15, 16, 17, 18, 19, 20, 21, 22, 23] have been set to zero 

--------------------------------------------------------------------------------
                   Creating/updating OpenMM simulation object                   
--------------------------------------------------------------------------------

Integrator name: VerletIntegrator
Timestep: 0.001
Temperature: 300
Coupling frequency: 1
Properties: {'Threads': '1'}
Topology: <Topology; 1 chains, 1 residues, 82 atoms, 0 bonds>

----------------------------------------------------------------------------------
Time to calculate step (creating/updating simulation): 0.002 seconds, 0.0 minutes.
----------------------------------------------------------------------------------

--------------------------------------------------------------------------------
                     Running Single-point OpenMM Interface                      
--------------------------------------------------------------------------------

Number of OpenMM system constraints defined: 0

-----------------------------------------------------------------------------------
Time to calculate step (OpenMMTheory.run: const-check): 0.002 seconds, 0.0 minutes.
-----------------------------------------------------------------------------------
Updating coordinates.

------------------------------------------------------------------------
Time to calculate step (Creating pos array): 0.000 seconds, 0.0 minutes.
------------------------------------------------------------------------

---------------------------------------------------------------------------
Time to calculate step (Updating MM positions): 0.000 seconds, 0.0 minutes.
---------------------------------------------------------------------------
Calling OpenMM getState.

---------------------------------------------------------------------
Time to calculate step (OpenMM getState): 0.000 seconds, 0.0 minutes.
---------------------------------------------------------------------
OpenMM Energy: -1.7753411782522992 Eh
OpenMM Energy: -1114.0434090476645 kcal/mol

-----------------------
Ending OpenMM interface
-----------------------

----------------------------------------------------------------
Time to calculate step (OpenMM run): 0.003 seconds, 0.0 minutes.
----------------------------------------------------------------

-------------------------------------------------------------
Time to calculate step (MM step): 0.003 seconds, 0.0 minutes.
-------------------------------------------------------------

Note: You are using electrostatic embedding. This means that the QM-energy is actually the polarized QM-energy
Note: MM energy also contains the QM-MM Lennard-Jones interaction

QM energy:              -836.134489014938 
MM energy:                -1.775341178252
QM/MM energy:           -837.909830193190 

  ------------ENDING QM/MM MODULE------------- 

-----------------------------------------------------------------
Time to calculate step (QM/MM run): 127.526 seconds, 2.1 minutes.
-----------------------------------------------------------------
geometric called save_guess_files option option for ASHengineclass.
This option is currently unsupported in ASH. Continuing.

Convergence criteria: {'convergence_energy': 1e-05, 'convergence_grms': 0.003, 'convergence_gmax': 0.006, 'convergence_drms': 0.01, 'convergence_dmax': 0.015, 'convergence_cmax': 0.01}

Replacing coordinates in fragment.
Creating/Updating fragment attributes...
Number of Atoms in fragment: 82
Formula: C20O20H33N9
Label: CHHCCOOOCHCHCCHCHCHOHCOOCOOHCNHHNHHNHHCOOHCOOHCOOHCOOHCNHHNHHNHHCOOHCNHHNHHNHHCOOH
Charge: -2 Mult: 1

--------------------------------------------------------------------------------
Wrote XYZ file:  Fragment-currentgeo.xyz
Current geometry (Å) in step 6 (print_atoms_list region)
---------------------------------------------------
        C  59.35840208   34.87604132   57.45060364
        H  59.91929209   33.99901110   57.10094566
        H  59.90424970   35.81423819   57.56201573
        C  58.10311385   34.77835760   57.95584633
        C  57.39685846   35.90238532   58.81609535
        O  58.13938049   36.85954888   59.25736365
        O  56.16266234   35.79893263   59.03745825
        O  57.30926131   33.63673213   57.82434552
        C  57.25961254   32.76309041   56.62855336
        H  56.47948769   32.04819575   56.94128352
        C  58.59534296   32.08218860   56.46325186
        H  58.93450721   31.45007414   57.29567302
        C  59.47624025   32.42669080   55.48882466
        C  59.00163909   33.25537352   54.35520941
        H  59.68455073   33.40576538   53.51538926
        C  57.78076572   33.83335622   54.34468033
        H  57.44441379   34.45824390   53.50337754
        C  56.72030550   33.47587304   55.36447929
        H  56.14040695   34.36127220   55.70812157
        O  55.84210254   32.60780468   54.63422265
        H  55.21834186   32.18611749   55.24693116
        C  60.95699109   32.39712822   55.90502408
        O  61.18078978   31.72804955   56.95760208
        O  61.74887300   33.19532416   55.32557304
        C  63.06610000   29.76340000   43.42070000
        O  64.24992500   29.82517600   43.02416300
        O  62.35481600   28.73601700   43.45325900
        H  62.60812100   30.69925000   43.77346100
        C  58.71080000   26.50630000   65.29140000
        N  58.86137700   26.89152000   64.02734600
        H  58.55086000   27.55402200   64.72360000
        H  59.05754600   25.93648200   64.29101300
        N  58.30190100   27.37870400   66.20824900
        H  58.49807000   26.42366600   66.47191600
        H  58.41624900   27.67124000   65.24832800
        N  58.96912100   25.24867600   65.63860500
        H  59.08347000   25.54121100   64.67868400
        H  58.65860400   25.91117800   66.33485900
        C  58.59230000   24.28120000   47.30860000
        O  59.77612500   24.34297600   46.91206300
        O  57.88101600   23.25381700   47.34115900
        H  58.13432100   25.21705000   47.66136100
        C  70.95710000   27.50530000   53.36590000
        O  72.14092500   27.56707600   52.96936300
        O  70.24581600   26.47791700   53.39845900
        H  70.49912100   28.44115000   53.71866100
        C  67.80160000   24.00280000   52.09340000
        O  68.98542500   24.06457600   51.69686300
        O  67.09031600   22.97541700   52.12595900
        H  67.34362100   24.93865000   52.44616100
        C  67.12480000   32.65070000   44.69220000
        O  68.30862500   32.71247600   44.29566300
        O  66.41351600   31.62331700   44.72475900
        H  66.66682100   33.58655000   45.04496100
        C  61.12890000   33.14530000   67.78460000
        N  61.27947700   33.53052000   66.52054600
        H  60.96896000   34.19302200   67.21680000
        H  61.47564600   32.57548200   66.78421300
        N  60.72000100   34.01770400   68.70144900
        H  60.91617000   33.06266600   68.96511600
        H  60.83434900   34.31024000   67.74152800
        N  61.38722100   31.88767600   68.13180500
        H  61.50157000   32.18021100   67.17188400
        H  61.07670400   32.55017800   68.82805900
        C  70.55960000   34.37890000   48.88280000
        O  71.74342500   34.44067600   48.48626300
        O  69.84831600   33.35151700   48.91535900
        H  70.10162100   35.31475000   49.23556100
        C  55.13880000   30.68340000   67.21900000
        N  55.28937700   31.06862000   65.95494600
        H  54.97886000   31.73112200   66.65120000
        H  55.48554600   30.11358200   66.21861300
        N  54.72990100   31.55580400   68.13584900
        H  54.92607000   30.60076600   68.39951600
        H  54.84424900   31.84834000   67.17592800
        N  55.39712100   29.42577600   67.56620500
        H  55.51147000   29.71831100   66.60628400
        H  55.08660400   30.08827800   68.26245900
        C  64.84770000   24.20140000   47.60480000
        O  66.03152500   24.26317600   47.20826300
        O  64.13641600   23.17401700   47.63735900
        H  64.38972100   25.13725000   47.95756100

Note: printed only print_atoms_list (this is not necessarily all atoms) 
  ------------RUNNING QM/MM MODULE------------- 
QM Module: ORCATheory
MM Module: OpenMMTheory
Charge provided from QMMMTheory object:  -2
Mult provided from QMMMTheory object:  1
QM-region Charge: -2 Mult: 1
Embedding: Electrostatic
Number of pointcharges (to QM program): 58
Number of charge coordinates: 58
Running QM/MM object with 8 cores available

-------------------------------------------------------------------
Time to calculate step (before-QMstep): 0.000 seconds, 0.0 minutes.
-------------------------------------------------------------------
  ------------RUNNING ORCA INTERFACE------------- 
Object-label: ORCA
Run-label: None
Running ORCA with 8 cores available
Moreadfile option not active
A GBW-file with same basename : orca.gbw is present
Autostart is False. ORCA will ignore any file present
Creating inputfile: orca.inp
ORCA input:
! B3LYP D3BJ def2-SVP def2/J RIJCOSX CPCM TightSCF

! Noautostart

%cpcm epsilon 4.0 end
%scf MaxIter 300 Guess PModel end
Charge: -2  Mult: 1
Pointcharge embedding is on!
 ORCA Calculation starting. 
Found warning messages in ORCA outputfile:
WARNING: The chosen methods will break translational/rotational symmetry
 WARNING: The chosen methods will break translational symmetry
 WARNING: The chosen methods will break translational symmetry

 ORCA Calculation done. 
ORCA converged in 14 iterations
ORCA energy: -836.145778069745
  ------------ENDING ORCA-INTERFACE------------- 

----------------------------------------------------------------
Time to calculate step (ORCA run): 123.073 seconds, 2.1 minutes.
----------------------------------------------------------------

---------------------------------------------------------------
Time to calculate step (QM step): 123.073 seconds, 2.1 minutes.
---------------------------------------------------------------

----------------------------------------------------------------------
Time to calculate step (QMpcgrad prepare): 0.000 seconds, 0.0 minutes.
----------------------------------------------------------------------

--------------------------------------------------------------------------
Time to calculate step (linkatomgrad prepare): 0.000 seconds, 0.0 minutes.
--------------------------------------------------------------------------

----------------------------------------------------------------------------
Time to calculate step (QM/MM gradient prepare): 0.000 seconds, 0.0 minutes.
----------------------------------------------------------------------------
Using OpenMM theory as part of QM/MM.
Using MM on full system. Charges for QM region [0, 1, 2, 3, 4, 5, 6, 7, 8, 9, 10, 11, 12, 13, 14, 15, 16, 17, 18, 19, 20, 21, 22, 23] have been set to zero 

--------------------------------------------------------------------------------
                   Creating/updating OpenMM simulation object                   
--------------------------------------------------------------------------------

Integrator name: VerletIntegrator
Timestep: 0.001
Temperature: 300
Coupling frequency: 1
Properties: {'Threads': '1'}
Topology: <Topology; 1 chains, 1 residues, 82 atoms, 0 bonds>

----------------------------------------------------------------------------------
Time to calculate step (creating/updating simulation): 0.001 seconds, 0.0 minutes.
----------------------------------------------------------------------------------

--------------------------------------------------------------------------------
                     Running Single-point OpenMM Interface                      
--------------------------------------------------------------------------------

Number of OpenMM system constraints defined: 0

-----------------------------------------------------------------------------------
Time to calculate step (OpenMMTheory.run: const-check): 0.001 seconds, 0.0 minutes.
-----------------------------------------------------------------------------------
Updating coordinates.

------------------------------------------------------------------------
Time to calculate step (Creating pos array): 0.000 seconds, 0.0 minutes.
------------------------------------------------------------------------

---------------------------------------------------------------------------
Time to calculate step (Updating MM positions): 0.000 seconds, 0.0 minutes.
---------------------------------------------------------------------------
Calling OpenMM getState.

---------------------------------------------------------------------
Time to calculate step (OpenMM getState): 0.000 seconds, 0.0 minutes.
---------------------------------------------------------------------
OpenMM Energy: -1.775351185003264 Eh
OpenMM Energy: -1114.0496883786996 kcal/mol

-----------------------
Ending OpenMM interface
-----------------------

----------------------------------------------------------------
Time to calculate step (OpenMM run): 0.002 seconds, 0.0 minutes.
----------------------------------------------------------------

-------------------------------------------------------------
Time to calculate step (MM step): 0.002 seconds, 0.0 minutes.
-------------------------------------------------------------

Note: You are using electrostatic embedding. This means that the QM-energy is actually the polarized QM-energy
Note: MM energy also contains the QM-MM Lennard-Jones interaction

QM energy:              -836.145778069745 
MM energy:                -1.775351185003
QM/MM energy:           -837.921129254748 

  ------------ENDING QM/MM MODULE------------- 

-----------------------------------------------------------------
Time to calculate step (QM/MM run): 123.075 seconds, 2.1 minutes.
-----------------------------------------------------------------
geometric called save_guess_files option option for ASHengineclass.
This option is currently unsupported in ASH. Continuing.

Convergence criteria: {'convergence_energy': 1e-05, 'convergence_grms': 0.003, 'convergence_gmax': 0.006, 'convergence_drms': 0.01, 'convergence_dmax': 0.015, 'convergence_cmax': 0.01}

Replacing coordinates in fragment.
Creating/Updating fragment attributes...
Number of Atoms in fragment: 82
Formula: C20O20H33N9
Label: CHHCCOOOCHCHCCHCHCHOHCOOCOOHCNHHNHHNHHCOOHCOOHCOOHCOOHCNHHNHHNHHCOOHCNHHNHHNHHCOOH
Charge: -2 Mult: 1

--------------------------------------------------------------------------------
Wrote XYZ file:  Fragment-currentgeo.xyz
Current geometry (Å) in step 7 (print_atoms_list region)
---------------------------------------------------
        C  58.93546430   35.28559715   57.72999171
        H  59.53685715   34.48242556   57.18926434
        H  59.49353396   36.19029464   58.01609605
        C  57.74773976   34.96670597   58.37543710
        C  57.09780619   35.63310967   59.66948474
        O  57.90487798   36.41248391   60.30365362
        O  55.88751272   35.44714922   60.02166204
        O  56.98647781   33.81600500   57.99271954
        C  57.04834414   32.96804955   56.84953300
        H  56.32926220   32.14022976   57.07756584
        C  58.42770944   32.30041742   56.92675305
        H  58.61252383   31.77174139   57.89427481
        C  59.40007831   32.50485689   55.99875766
        C  59.01403565   33.22495130   54.73727833
        H  59.73848414   33.35012177   53.92754986
        C  57.77926745   33.76550855   54.52327034
        H  57.56122412   34.31310877   53.57878401
        C  56.59933445   33.57246737   55.47731013
        H  56.09381372   34.56048360   55.68724794
        O  55.68545558   32.74526868   54.75390625
        H  55.08080082   32.25733295   55.33141871
        C  60.73488894   32.51227994   56.62676638
        O  61.02885959   31.78993432   57.58086058
        O  61.41692063   33.42751903   56.20505535
        C  63.06610000   29.76340000   43.42070000
        O  64.24992500   29.82517600   43.02416300
        O  62.35481600   28.73601700   43.45325900
        H  62.60812100   30.69925000   43.77346100
        C  58.71080000   26.50630000   65.29140000
        N  58.86137700   26.89152000   64.02734600
        H  58.55086000   27.55402200   64.72360000
        H  59.05754600   25.93648200   64.29101300
        N  58.30190100   27.37870400   66.20824900
        H  58.49807000   26.42366600   66.47191600
        H  58.41624900   27.67124000   65.24832800
        N  58.96912100   25.24867600   65.63860500
        H  59.08347000   25.54121100   64.67868400
        H  58.65860400   25.91117800   66.33485900
        C  58.59230000   24.28120000   47.30860000
        O  59.77612500   24.34297600   46.91206300
        O  57.88101600   23.25381700   47.34115900
        H  58.13432100   25.21705000   47.66136100
        C  70.95710000   27.50530000   53.36590000
        O  72.14092500   27.56707600   52.96936300
        O  70.24581600   26.47791700   53.39845900
        H  70.49912100   28.44115000   53.71866100
        C  67.80160000   24.00280000   52.09340000
        O  68.98542500   24.06457600   51.69686300
        O  67.09031600   22.97541700   52.12595900
        H  67.34362100   24.93865000   52.44616100
        C  67.12480000   32.65070000   44.69220000
        O  68.30862500   32.71247600   44.29566300
        O  66.41351600   31.62331700   44.72475900
        H  66.66682100   33.58655000   45.04496100
        C  61.12890000   33.14530000   67.78460000
        N  61.27947700   33.53052000   66.52054600
        H  60.96896000   34.19302200   67.21680000
        H  61.47564600   32.57548200   66.78421300
        N  60.72000100   34.01770400   68.70144900
        H  60.91617000   33.06266600   68.96511600
        H  60.83434900   34.31024000   67.74152800
        N  61.38722100   31.88767600   68.13180500
        H  61.50157000   32.18021100   67.17188400
        H  61.07670400   32.55017800   68.82805900
        C  70.55960000   34.37890000   48.88280000
        O  71.74342500   34.44067600   48.48626300
        O  69.84831600   33.35151700   48.91535900
        H  70.10162100   35.31475000   49.23556100
        C  55.13880000   30.68340000   67.21900000
        N  55.28937700   31.06862000   65.95494600
        H  54.97886000   31.73112200   66.65120000
        H  55.48554600   30.11358200   66.21861300
        N  54.72990100   31.55580400   68.13584900
        H  54.92607000   30.60076600   68.39951600
        H  54.84424900   31.84834000   67.17592800
        N  55.39712100   29.42577600   67.56620500
        H  55.51147000   29.71831100   66.60628400
        H  55.08660400   30.08827800   68.26245900
        C  64.84770000   24.20140000   47.60480000
        O  66.03152500   24.26317600   47.20826300
        O  64.13641600   23.17401700   47.63735900
        H  64.38972100   25.13725000   47.95756100

Note: printed only print_atoms_list (this is not necessarily all atoms) 
  ------------RUNNING QM/MM MODULE------------- 
QM Module: ORCATheory
MM Module: OpenMMTheory
Charge provided from QMMMTheory object:  -2
Mult provided from QMMMTheory object:  1
QM-region Charge: -2 Mult: 1
Embedding: Electrostatic
Number of pointcharges (to QM program): 58
Number of charge coordinates: 58
Running QM/MM object with 8 cores available

-------------------------------------------------------------------
Time to calculate step (before-QMstep): 0.000 seconds, 0.0 minutes.
-------------------------------------------------------------------
  ------------RUNNING ORCA INTERFACE------------- 
Object-label: ORCA
Run-label: None
Running ORCA with 8 cores available
Moreadfile option not active
A GBW-file with same basename : orca.gbw is present
Autostart is False. ORCA will ignore any file present
Creating inputfile: orca.inp
ORCA input:
! B3LYP D3BJ def2-SVP def2/J RIJCOSX CPCM TightSCF

! Noautostart

%cpcm epsilon 4.0 end
%scf MaxIter 300 Guess PModel end
Charge: -2  Mult: 1
Pointcharge embedding is on!
 ORCA Calculation starting. 
Found warning messages in ORCA outputfile:
WARNING: The chosen methods will break translational/rotational symmetry
 WARNING: The chosen methods will break translational symmetry
 WARNING: The chosen methods will break translational symmetry
 Warning: op=0 Small HOMO/LUMO gap (   0.089) - skipping pre-diagonalization
Step   10 : Displace = [0m1.111e-01[0m/[0m4.481e-01[0m (rms/max) Trust = 3.000e-01 (=) Grad_T = [0m1.452e-02[0m/[0m7.168e-02[0m (rms/max) E (change) = -837.9524214793 ([0m-1.983e-02[0m) Quality = [0m0.817[0m
Hessian Eigenvalues: 9.92667e-04 1.25475e-02 2.63687e-02 ... 5.78013e-01 5.86031e-01 7.38780e-01
Step   11 : Displace = [0m3.008e-01[0m/[0m1.299e+00[0m (rms/max) Trust = 3.000e-01 (=) Grad_T = [0m4.870e-02[0m/[0m2.820e-01[0m (rms/max) E (change) = -837.7438449519 ([91m+2.086e-01[0m) Quality = [91m-3.466[0m
[93mRejecting step - quality is lower than -1.0[0m
Hessian Eigenvalues: 9.92667e-04 1.25475e-02 2.63687e-02 ... 5.78013e-01 5.86031e-01 7.38780e-01
Step   12 : Displace = [0m1.514e-01[0m/[0m7.016e-01[0m (rms/max) Trust = 1.500e-01 ([1;91mx[0m) Grad_T = [0m3.353e-02[0m/[0m1.874e-01[0m (rms/max) E (change) = -837.8678342920 ([91m+8.459e-02[0m) Quality = [91m-1.611[0m
[93mRejecting step - quality is lower than -1.0[0m
Hessian Eigenvalues: 9.92667e-04 1.25475e-02 2.63687e-02 ... 5.78013e-01 5.86031e-01 7.38780e-01
Step   13 : Displace = [0m7.440e-02[0m/[0m3.307e-01[0m (rms/max) Trust = 7.500e-02 ([1;91mx[0m) Grad_T = [0m1.808e-02[0m/[0m8.563e-02[0m (rms/max) E (change) = -837.9515446059 ([91m+8.769e-04[0m) Quality = [91m-0.021[0m
Hessian Eigenvalues: 1.18188e-03 1.99496e-02 2.63687e-02 ... 5.78011e-01 5.88204e-01 6.91325e-01
Step   14 : Displace = [0m3.788e-02[0m/[0m2.564e-01[0m (rms/max) Trust = 3.720e-02 ([91m-[0m) Grad_T = [0m8.955e-03[0m/[0m3.649e-02[0m (rms/max) E (change) = -837.9748148214 ([0m-2.327e-02[0m) Quality = [0m0.658[0m
Hessian Eigenvalues: 1.19914e-03 2.13786e-02 2.63687e-02 ... 5.78012e-01 5.94923e-01 7.02087e-01
Step   15 : Displace = [0m3.776e-02[0m/[0m1.979e-01[0m (rms/max) Trust = 3.720e-02 (=) Grad_T = [0m1.011e-02[0m/[0m4.915e-02[0m (rms/max) E (change) = -837.9774288954 ([0m-2.614e-03[0m) Quality = [0m0.134[0m
Hessian Eigenvalues: 1.17175e-03 2.14744e-02 2.63687e-02 ... 5.78012e-01 6.05364e-01 6.92090e-01
Step   16 : Displace = [0m1.818e-02[0m/[0m7.003e-02[0m (rms/max) Trust = 1.860e-02 ([91m-[0m) Grad_T = [92m2.967e-03[0m/[0m1.086e-02[0m (rms/max) E (change) = -837.9874101643 ([0m-9.981e-03[0m) Quality = [0m1.059[0m
Hessian Eigenvalues: 1.14051e-03 2.15031e-02 2.63687e-02 ... 5.78012e-01 5.93010e-01 6.95084e-01
Step   17 : Displace = [0m2.563e-02[0m/[0m8.580e-02[0m (rms/max) Trust = 2.630e-02 ([92m+[0m) Grad_T = [92m2.053e-03[0m/[0m6.888e-03[0m (rms/max) E (change) = -837.9918360350 ([0m-4.426e-03[0m) Quality = [0m1.030[0m
Hessian Eigenvalues: 8.49568e-04 2.02184e-02 2.20527e-02 ... 5.78012e-01 5.96088e-01 6.93076e-01
Step   18 : Displace = [0m3.639e-02[0m/[0m1.258e-01[0m (rms/max) Trust = 3.720e-02 ([92m+[0m) Grad_T = [92m2.525e-03[0m/[0m1.071e-02[0m (rms/max) E (change) = -837.9974371920 ([0m-5.601e-03[0m) Quality = [0m1.047[0m
Hessian Eigenvalues: 7.16522e-04 1.31502e-02 2.18192e-02 ... 5.81225e-01 6.01762e-01 7.14845e-01
Step   19 : Displace = [0m5.108e-02[0m/[0m1.834e-01[0m (rms/max) Trust = 5.261e-02 ([92m+[0m) Grad_T = [92m1.794e-03[0m/[0m8.400e-03[0m (rms/max) E (change) = -838.0047239934 ([0m-7.287e-03[0m) Quality = [0m1.036[0m
Hessian Eigenvalues: 4.66478e-04 1.27505e-02 2.25905e-02 ... 5.79064e-01 6.02132e-01 7.01551e-01
Step   20 : Displace = [0m7.485e-02[0m/[0m2.641e-01[0m (rms/max) Trust = 7.440e-02 ([92m+[0m) Grad_T = [0m3.239e-03[0m/[0m1.241e-02[0m (rms/max) E (change) = -838.0133997331 ([0m-8.676e-03[0m) Quality = [0m0.915[0m
Hessian Eigenvalues: 6.05363e-04 1.14931e-02 2.33301e-02 ... 5.78397e-01 5.96242e-01 6.99498e-01

 ORCA Calculation done. 
ORCA converged in 12 iterations
ORCA energy: -836.157211612037
  ------------ENDING ORCA-INTERFACE------------- 

----------------------------------------------------------------
Time to calculate step (ORCA run): 112.051 seconds, 1.9 minutes.
----------------------------------------------------------------

---------------------------------------------------------------
Time to calculate step (QM step): 112.051 seconds, 1.9 minutes.
---------------------------------------------------------------

----------------------------------------------------------------------
Time to calculate step (QMpcgrad prepare): 0.000 seconds, 0.0 minutes.
----------------------------------------------------------------------

--------------------------------------------------------------------------
Time to calculate step (linkatomgrad prepare): 0.000 seconds, 0.0 minutes.
--------------------------------------------------------------------------

----------------------------------------------------------------------------
Time to calculate step (QM/MM gradient prepare): 0.000 seconds, 0.0 minutes.
----------------------------------------------------------------------------
Using OpenMM theory as part of QM/MM.
Using MM on full system. Charges for QM region [0, 1, 2, 3, 4, 5, 6, 7, 8, 9, 10, 11, 12, 13, 14, 15, 16, 17, 18, 19, 20, 21, 22, 23] have been set to zero 

--------------------------------------------------------------------------------
                   Creating/updating OpenMM simulation object                   
--------------------------------------------------------------------------------

Integrator name: VerletIntegrator
Timestep: 0.001
Temperature: 300
Coupling frequency: 1
Properties: {'Threads': '1'}
Topology: <Topology; 1 chains, 1 residues, 82 atoms, 0 bonds>

----------------------------------------------------------------------------------
Time to calculate step (creating/updating simulation): 0.002 seconds, 0.0 minutes.
----------------------------------------------------------------------------------

--------------------------------------------------------------------------------
                     Running Single-point OpenMM Interface                      
--------------------------------------------------------------------------------

Number of OpenMM system constraints defined: 0

-----------------------------------------------------------------------------------
Time to calculate step (OpenMMTheory.run: const-check): 0.002 seconds, 0.0 minutes.
-----------------------------------------------------------------------------------
Updating coordinates.

------------------------------------------------------------------------
Time to calculate step (Creating pos array): 0.000 seconds, 0.0 minutes.
------------------------------------------------------------------------

---------------------------------------------------------------------------
Time to calculate step (Updating MM positions): 0.000 seconds, 0.0 minutes.
---------------------------------------------------------------------------
Calling OpenMM getState.

---------------------------------------------------------------------
Time to calculate step (OpenMM getState): 0.000 seconds, 0.0 minutes.
---------------------------------------------------------------------
OpenMM Energy: -1.7753832651824377 Eh
OpenMM Energy: -1114.0698189950608 kcal/mol

-----------------------
Ending OpenMM interface
-----------------------

----------------------------------------------------------------
Time to calculate step (OpenMM run): 0.003 seconds, 0.0 minutes.
----------------------------------------------------------------

-------------------------------------------------------------
Time to calculate step (MM step): 0.003 seconds, 0.0 minutes.
-------------------------------------------------------------

Note: You are using electrostatic embedding. This means that the QM-energy is actually the polarized QM-energy
Note: MM energy also contains the QM-MM Lennard-Jones interaction

QM energy:              -836.157211612037 
MM energy:                -1.775383265182
QM/MM energy:           -837.932594877219 

  ------------ENDING QM/MM MODULE------------- 

-----------------------------------------------------------------
Time to calculate step (QM/MM run): 112.055 seconds, 1.9 minutes.
-----------------------------------------------------------------
geometric called save_guess_files option option for ASHengineclass.
This option is currently unsupported in ASH. Continuing.
geometric called clearCalcs option for ASHengineclass.
This option is currently unsupported in ASH. Continuing.

Convergence criteria: {'convergence_energy': 1e-05, 'convergence_grms': 0.003, 'convergence_gmax': 0.006, 'convergence_drms': 0.01, 'convergence_dmax': 0.015, 'convergence_cmax': 0.01}

Replacing coordinates in fragment.
Creating/Updating fragment attributes...
Number of Atoms in fragment: 82
Formula: C20O20H33N9
Label: CHHCCOOOCHCHCCHCHCHOHCOOCOOHCNHHNHHNHHCOOHCOOHCOOHCOOHCNHHNHHNHHCOOHCNHHNHHNHHCOOH
Charge: -2 Mult: 1

--------------------------------------------------------------------------------
Wrote XYZ file:  Fragment-currentgeo.xyz
Current geometry (Å) in step 8 (print_atoms_list region)
---------------------------------------------------
        C  58.76838156   35.39913180   57.90874738
        H  59.35360768   34.69574435   57.20608539
        H  59.30411981   36.31021107   58.22896842
        C  57.59457262   35.01058165   58.51627727
        C  57.01731529   35.56122764   59.91412580
        O  57.83084510   36.24965981   60.62041551
        O  55.82875639   35.30319643   60.30094956
        O  56.82175969   33.89458797   58.09623188
        C  56.96469098   33.03489096   56.95181961
        H  56.24469688   32.19771790   57.14347154
        C  58.33532791   32.35857897   57.06825926
        H  58.51596294   31.88360650   58.05730171
        C  59.34724698   32.51614569   56.16221843
        C  59.01133014   33.21700990   54.88182980
        H  59.77240197   33.31879479   54.09658969
        C  57.78637124   33.74361665   54.60967849
        H  57.60758409   34.25106273   53.63525869
        C  56.57553303   33.60749186   55.53539582
        H  56.10259336   34.61826995   55.70344036
        O  55.65128675   32.78790921   54.81557439
        H  55.05037734   32.30158090   55.39245745
        C  60.71254053   32.55072896   56.85047402
        O  60.88790477   31.69726707   57.78656093
        O  61.36059777   33.67802154   56.63234685
        C  63.06610000   29.76340000   43.42070000
        O  64.24992500   29.82517600   43.02416300
        O  62.35481600   28.73601700   43.45325900
        H  62.60812100   30.69925000   43.77346100
        C  58.71080000   26.50630000   65.29140000
        N  58.86137700   26.89152000   64.02734600
        H  58.55086000   27.55402200   64.72360000
        H  59.05754600   25.93648200   64.29101300
        N  58.30190100   27.37870400   66.20824900
        H  58.49807000   26.42366600   66.47191600
        H  58.41624900   27.67124000   65.24832800
        N  58.96912100   25.24867600   65.63860500
        H  59.08347000   25.54121100   64.67868400
        H  58.65860400   25.91117800   66.33485900
        C  58.59230000   24.28120000   47.30860000
        O  59.77612500   24.34297600   46.91206300
        O  57.88101600   23.25381700   47.34115900
        H  58.13432100   25.21705000   47.66136100
        C  70.95710000   27.50530000   53.36590000
        O  72.14092500   27.56707600   52.96936300
        O  70.24581600   26.47791700   53.39845900
        H  70.49912100   28.44115000   53.71866100
        C  67.80160000   24.00280000   52.09340000
        O  68.98542500   24.06457600   51.69686300
        O  67.09031600   22.97541700   52.12595900
        H  67.34362100   24.93865000   52.44616100
        C  67.12480000   32.65070000   44.69220000
        O  68.30862500   32.71247600   44.29566300
        O  66.41351600   31.62331700   44.72475900
        H  66.66682100   33.58655000   45.04496100
        C  61.12890000   33.14530000   67.78460000
        N  61.27947700   33.53052000   66.52054600
        H  60.96896000   34.19302200   67.21680000
        H  61.47564600   32.57548200   66.78421300
        N  60.72000100   34.01770400   68.70144900
        H  60.91617000   33.06266600   68.96511600
        H  60.83434900   34.31024000   67.74152800
        N  61.38722100   31.88767600   68.13180500
        H  61.50157000   32.18021100   67.17188400
        H  61.07670400   32.55017800   68.82805900
        C  70.55960000   34.37890000   48.88280000
        O  71.74342500   34.44067600   48.48626300
        O  69.84831600   33.35151700   48.91535900
        H  70.10162100   35.31475000   49.23556100
        C  55.13880000   30.68340000   67.21900000
        N  55.28937700   31.06862000   65.95494600
        H  54.97886000   31.73112200   66.65120000
        H  55.48554600   30.11358200   66.21861300
        N  54.72990100   31.55580400   68.13584900
        H  54.92607000   30.60076600   68.39951600
        H  54.84424900   31.84834000   67.17592800
        N  55.39712100   29.42577600   67.56620500
        H  55.51147000   29.71831100   66.60628400
        H  55.08660400   30.08827800   68.26245900
        C  64.84770000   24.20140000   47.60480000
        O  66.03152500   24.26317600   47.20826300
        O  64.13641600   23.17401700   47.63735900
        H  64.38972100   25.13725000   47.95756100

Note: printed only print_atoms_list (this is not necessarily all atoms) 
  ------------RUNNING QM/MM MODULE------------- 
QM Module: ORCATheory
MM Module: OpenMMTheory
Charge provided from QMMMTheory object:  -2
Mult provided from QMMMTheory object:  1
QM-region Charge: -2 Mult: 1
Embedding: Electrostatic
Number of pointcharges (to QM program): 58
Number of charge coordinates: 58
Running QM/MM object with 8 cores available

-------------------------------------------------------------------
Time to calculate step (before-QMstep): 0.000 seconds, 0.0 minutes.
-------------------------------------------------------------------
  ------------RUNNING ORCA INTERFACE------------- 
Object-label: ORCA
Run-label: None
Running ORCA with 8 cores available
Moreadfile option not active
A GBW-file with same basename : orca.gbw is present
Autostart is False. ORCA will ignore any file present
Creating inputfile: orca.inp
ORCA input:
! B3LYP D3BJ def2-SVP def2/J RIJCOSX CPCM TightSCF

! Noautostart

%cpcm epsilon 4.0 end
%scf MaxIter 300 Guess PModel end
Charge: -2  Mult: 1
Pointcharge embedding is on!
 ORCA Calculation starting. 
Found warning messages in ORCA outputfile:
WARNING: The chosen methods will break translational/rotational symmetry
 WARNING: The chosen methods will break translational symmetry
 WARNING: The chosen methods will break translational symmetry

 ORCA Calculation done. 
ORCA converged in 15 iterations
ORCA energy: -836.177021495144
  ------------ENDING ORCA-INTERFACE------------- 

----------------------------------------------------------------
Time to calculate step (ORCA run): 123.514 seconds, 2.1 minutes.
----------------------------------------------------------------

---------------------------------------------------------------
Time to calculate step (QM step): 123.514 seconds, 2.1 minutes.
---------------------------------------------------------------

----------------------------------------------------------------------
Time to calculate step (QMpcgrad prepare): 0.000 seconds, 0.0 minutes.
----------------------------------------------------------------------

--------------------------------------------------------------------------
Time to calculate step (linkatomgrad prepare): 0.000 seconds, 0.0 minutes.
--------------------------------------------------------------------------

----------------------------------------------------------------------------
Time to calculate step (QM/MM gradient prepare): 0.000 seconds, 0.0 minutes.
----------------------------------------------------------------------------
Using OpenMM theory as part of QM/MM.
Using MM on full system. Charges for QM region [0, 1, 2, 3, 4, 5, 6, 7, 8, 9, 10, 11, 12, 13, 14, 15, 16, 17, 18, 19, 20, 21, 22, 23] have been set to zero 

--------------------------------------------------------------------------------
                   Creating/updating OpenMM simulation object                   
--------------------------------------------------------------------------------

Integrator name: VerletIntegrator
Timestep: 0.001
Temperature: 300
Coupling frequency: 1
Properties: {'Threads': '1'}
Topology: <Topology; 1 chains, 1 residues, 82 atoms, 0 bonds>

----------------------------------------------------------------------------------
Time to calculate step (creating/updating simulation): 0.002 seconds, 0.0 minutes.
----------------------------------------------------------------------------------

--------------------------------------------------------------------------------
                     Running Single-point OpenMM Interface                      
--------------------------------------------------------------------------------

Number of OpenMM system constraints defined: 0

-----------------------------------------------------------------------------------
Time to calculate step (OpenMMTheory.run: const-check): 0.002 seconds, 0.0 minutes.
-----------------------------------------------------------------------------------
Updating coordinates.

------------------------------------------------------------------------
Time to calculate step (Creating pos array): 0.000 seconds, 0.0 minutes.
------------------------------------------------------------------------

---------------------------------------------------------------------------
Time to calculate step (Updating MM positions): 0.000 seconds, 0.0 minutes.
---------------------------------------------------------------------------
Calling OpenMM getState.

---------------------------------------------------------------------
Time to calculate step (OpenMM getState): 0.000 seconds, 0.0 minutes.
---------------------------------------------------------------------
OpenMM Energy: -1.775399984187507 Eh
OpenMM Energy: -1114.0803103291387 kcal/mol

-----------------------
Ending OpenMM interface
-----------------------

----------------------------------------------------------------
Time to calculate step (OpenMM run): 0.003 seconds, 0.0 minutes.
----------------------------------------------------------------

-------------------------------------------------------------
Time to calculate step (MM step): 0.003 seconds, 0.0 minutes.
-------------------------------------------------------------

Note: You are using electrostatic embedding. This means that the QM-energy is actually the polarized QM-energy
Note: MM energy also contains the QM-MM Lennard-Jones interaction

QM energy:              -836.177021495144 
MM energy:                -1.775399984188
QM/MM energy:           -837.952421479332 

  ------------ENDING QM/MM MODULE------------- 

-----------------------------------------------------------------
Time to calculate step (QM/MM run): 123.517 seconds, 2.1 minutes.
-----------------------------------------------------------------
geometric called save_guess_files option option for ASHengineclass.
This option is currently unsupported in ASH. Continuing.

Convergence criteria: {'convergence_energy': 1e-05, 'convergence_grms': 0.003, 'convergence_gmax': 0.006, 'convergence_drms': 0.01, 'convergence_dmax': 0.015, 'convergence_cmax': 0.01}

Replacing coordinates in fragment.
Creating/Updating fragment attributes...
Number of Atoms in fragment: 82
Formula: C20O20H33N9
Label: CHHCCOOOCHCHCCHCHCHOHCOOCOOHCNHHNHHNHHCOOHCOOHCOOHCOOHCNHHNHHNHHCOOHCNHHNHHNHHCOOH
Charge: -2 Mult: 1

--------------------------------------------------------------------------------
Wrote XYZ file:  Fragment-currentgeo.xyz
Current geometry (Å) in step 9 (print_atoms_list region)
---------------------------------------------------
        C  59.10174509   34.99766988   57.96023503
        H  59.66874517   34.37665689   57.36016691
        H  59.56784475   35.98873349   58.08825380
        C  57.89245752   34.74080300   58.13217814
        C  57.32598959   35.66060169   58.90594678
        O  58.17009898   36.37162311   59.23163755
        O  56.15570270   35.36907641   59.09812723
        O  56.98077517   33.80235934   57.99685296
        C  57.14857268   32.89543040   56.82284472
        H  56.40821410   32.12070008   57.04593182
        C  58.43700667   32.27323636   56.72616919
        H  58.82578757   31.77166756   57.55783954
        C  59.33391552   32.56851472   55.82911736
        C  59.02368634   33.34747914   54.68148324
        H  59.82920527   33.54133588   53.96333705
        C  57.80235755   33.77588720   54.51386894
        H  57.54985362   34.31536005   53.63208361
        C  56.70109176   33.51437974   55.46090030
        H  56.23952037   34.46179296   55.72263963
        O  55.76363489   32.67602868   54.77688882
        H  55.14703543   32.31161919   55.40917682
        C  60.84015309   32.39361761   56.22313992
        O  61.07531485   31.56366800   57.19339548
        O  61.46184253   33.35431537   55.66563989
        C  63.06610000   29.76340000   43.42070000
        O  64.24992500   29.82517600   43.02416300
        O  62.35481600   28.73601700   43.45325900
        H  62.60812100   30.69925000   43.77346100
        C  58.71080000   26.50630000   65.29140000
        N  58.86137700   26.89152000   64.02734600
        H  58.55086000   27.55402200   64.72360000
        H  59.05754600   25.93648200   64.29101300
        N  58.30190100   27.37870400   66.20824900
        H  58.49807000   26.42366600   66.47191600
        H  58.41624900   27.67124000   65.24832800
        N  58.96912100   25.24867600   65.63860500
        H  59.08347000   25.54121100   64.67868400
        H  58.65860400   25.91117800   66.33485900
        C  58.59230000   24.28120000   47.30860000
        O  59.77612500   24.34297600   46.91206300
        O  57.88101600   23.25381700   47.34115900
        H  58.13432100   25.21705000   47.66136100
        C  70.95710000   27.50530000   53.36590000
        O  72.14092500   27.56707600   52.96936300
        O  70.24581600   26.47791700   53.39845900
        H  70.49912100   28.44115000   53.71866100
        C  67.80160000   24.00280000   52.09340000
        O  68.98542500   24.06457600   51.69686300
        O  67.09031600   22.97541700   52.12595900
        H  67.34362100   24.93865000   52.44616100
        C  67.12480000   32.65070000   44.69220000
        O  68.30862500   32.71247600   44.29566300
        O  66.41351600   31.62331700   44.72475900
        H  66.66682100   33.58655000   45.04496100
        C  61.12890000   33.14530000   67.78460000
        N  61.27947700   33.53052000   66.52054600
        H  60.96896000   34.19302200   67.21680000
        H  61.47564600   32.57548200   66.78421300
        N  60.72000100   34.01770400   68.70144900
        H  60.91617000   33.06266600   68.96511600
        H  60.83434900   34.31024000   67.74152800
        N  61.38722100   31.88767600   68.13180500
        H  61.50157000   32.18021100   67.17188400
        H  61.07670400   32.55017800   68.82805900
        C  70.55960000   34.37890000   48.88280000
        O  71.74342500   34.44067600   48.48626300
        O  69.84831600   33.35151700   48.91535900
        H  70.10162100   35.31475000   49.23556100
        C  55.13880000   30.68340000   67.21900000
        N  55.28937700   31.06862000   65.95494600
        H  54.97886000   31.73112200   66.65120000
        H  55.48554600   30.11358200   66.21861300
        N  54.72990100   31.55580400   68.13584900
        H  54.92607000   30.60076600   68.39951600
        H  54.84424900   31.84834000   67.17592800
        N  55.39712100   29.42577600   67.56620500
        H  55.51147000   29.71831100   66.60628400
        H  55.08660400   30.08827800   68.26245900
        C  64.84770000   24.20140000   47.60480000
        O  66.03152500   24.26317600   47.20826300
        O  64.13641600   23.17401700   47.63735900
        H  64.38972100   25.13725000   47.95756100

Note: printed only print_atoms_list (this is not necessarily all atoms) 
  ------------RUNNING QM/MM MODULE------------- 
QM Module: ORCATheory
MM Module: OpenMMTheory
Charge provided from QMMMTheory object:  -2
Mult provided from QMMMTheory object:  1
QM-region Charge: -2 Mult: 1
Embedding: Electrostatic
Number of pointcharges (to QM program): 58
Number of charge coordinates: 58
Running QM/MM object with 8 cores available

-------------------------------------------------------------------
Time to calculate step (before-QMstep): 0.000 seconds, 0.0 minutes.
-------------------------------------------------------------------
  ------------RUNNING ORCA INTERFACE------------- 
Object-label: ORCA
Run-label: None
Running ORCA with 8 cores available
Moreadfile option not active
A GBW-file with same basename : orca.gbw is present
Autostart is False. ORCA will ignore any file present
Creating inputfile: orca.inp
ORCA input:
! B3LYP D3BJ def2-SVP def2/J RIJCOSX CPCM TightSCF

! Noautostart

%cpcm epsilon 4.0 end
%scf MaxIter 300 Guess PModel end
Charge: -2  Mult: 1
Pointcharge embedding is on!
 ORCA Calculation starting. 
Found warning messages in ORCA outputfile:
WARNING: The chosen methods will break translational/rotational symmetry
 WARNING: The chosen methods will break translational symmetry
 WARNING: The chosen methods will break translational symmetry

 ORCA Calculation done. 
ORCA converged in 12 iterations
ORCA energy: -835.96848424339
  ------------ENDING ORCA-INTERFACE------------- 

----------------------------------------------------------------
Time to calculate step (ORCA run): 115.413 seconds, 1.9 minutes.
----------------------------------------------------------------

---------------------------------------------------------------
Time to calculate step (QM step): 115.413 seconds, 1.9 minutes.
---------------------------------------------------------------

----------------------------------------------------------------------
Time to calculate step (QMpcgrad prepare): 0.000 seconds, 0.0 minutes.
----------------------------------------------------------------------

--------------------------------------------------------------------------
Time to calculate step (linkatomgrad prepare): 0.000 seconds, 0.0 minutes.
--------------------------------------------------------------------------

----------------------------------------------------------------------------
Time to calculate step (QM/MM gradient prepare): 0.000 seconds, 0.0 minutes.
----------------------------------------------------------------------------
Using OpenMM theory as part of QM/MM.
Using MM on full system. Charges for QM region [0, 1, 2, 3, 4, 5, 6, 7, 8, 9, 10, 11, 12, 13, 14, 15, 16, 17, 18, 19, 20, 21, 22, 23] have been set to zero 

--------------------------------------------------------------------------------
                   Creating/updating OpenMM simulation object                   
--------------------------------------------------------------------------------

Integrator name: VerletIntegrator
Timestep: 0.001
Temperature: 300
Coupling frequency: 1
Properties: {'Threads': '1'}
Topology: <Topology; 1 chains, 1 residues, 82 atoms, 0 bonds>

----------------------------------------------------------------------------------
Time to calculate step (creating/updating simulation): 0.002 seconds, 0.0 minutes.
----------------------------------------------------------------------------------

--------------------------------------------------------------------------------
                     Running Single-point OpenMM Interface                      
--------------------------------------------------------------------------------

Number of OpenMM system constraints defined: 0

-----------------------------------------------------------------------------------
Time to calculate step (OpenMMTheory.run: const-check): 0.002 seconds, 0.0 minutes.
-----------------------------------------------------------------------------------
Updating coordinates.

------------------------------------------------------------------------
Time to calculate step (Creating pos array): 0.000 seconds, 0.0 minutes.
------------------------------------------------------------------------

---------------------------------------------------------------------------
Time to calculate step (Updating MM positions): 0.000 seconds, 0.0 minutes.
---------------------------------------------------------------------------
Calling OpenMM getState.

---------------------------------------------------------------------
Time to calculate step (OpenMM getState): 0.000 seconds, 0.0 minutes.
---------------------------------------------------------------------
OpenMM Energy: -1.7753607084878134 Eh
OpenMM Energy: -1114.0556644554804 kcal/mol

-----------------------
Ending OpenMM interface
-----------------------

----------------------------------------------------------------
Time to calculate step (OpenMM run): 0.003 seconds, 0.0 minutes.
----------------------------------------------------------------

-------------------------------------------------------------
Time to calculate step (MM step): 0.003 seconds, 0.0 minutes.
-------------------------------------------------------------

Note: You are using electrostatic embedding. This means that the QM-energy is actually the polarized QM-energy
Note: MM energy also contains the QM-MM Lennard-Jones interaction

QM energy:              -835.968484243390 
MM energy:                -1.775360708488
QM/MM energy:           -837.743844951878 

  ------------ENDING QM/MM MODULE------------- 

-----------------------------------------------------------------
Time to calculate step (QM/MM run): 115.416 seconds, 1.9 minutes.
-----------------------------------------------------------------
geometric called load_guess_files option for ASHengineclass.
This option is currently unsupported in ASH. Continuing.

Convergence criteria: {'convergence_energy': 1e-05, 'convergence_grms': 0.003, 'convergence_gmax': 0.006, 'convergence_drms': 0.01, 'convergence_dmax': 0.015, 'convergence_cmax': 0.01}

Replacing coordinates in fragment.
Creating/Updating fragment attributes...
Number of Atoms in fragment: 82
Formula: C20O20H33N9
Label: CHHCCOOOCHCHCCHCHCHOHCOOCOOHCNHHNHHNHHCOOHCOOHCOOHCOOHCNHHNHHNHHCOOHCNHHNHHNHHCOOH
Charge: -2 Mult: 1

--------------------------------------------------------------------------------
Wrote XYZ file:  Fragment-currentgeo.xyz
Current geometry (Å) in step 10 (print_atoms_list region)
---------------------------------------------------
        C  58.88752536   35.18634451   58.05237938
        H  59.44712501   34.61254196   57.34375123
        H  59.34874277   36.16469467   58.29695160
        C  57.69759526   34.85152286   58.34657916
        C  57.16386893   35.57424797   59.41119572
        O  58.01295602   36.22961350   59.89157007
        O  56.00006192   35.24207341   59.64804376
        O  56.81214576   33.88383771   58.10766520
        C  57.02914992   32.98990820   56.94037454
        H  56.30241244   32.18492872   57.12636376
        C  58.34427608   32.36211657   56.94925447
        H  58.65765900   31.89293337   57.84435837
        C  59.29479853   32.59068228   56.07397702
        C  59.01962029   33.30723694   54.85379872
        H  59.83572085   33.45489450   54.13304425
        C  57.80210076   33.75178964   54.60862335
        H  57.59854170   34.25234201   53.67751767
        C  56.64292294   33.57014897   55.52947428
        H  56.19936115   34.55268468   55.72764998
        O  55.70224482   32.74708478   54.83350761
        H  55.09307254   32.33919692   55.44777618
        C  60.74755962   32.48944276   56.61854562
        O  60.96881800   31.61898733   57.54398482
        O  61.36041593   33.50584798   56.17903497
        C  63.06610000   29.76340000   43.42070000
        O  64.24992500   29.82517600   43.02416300
        O  62.35481600   28.73601700   43.45325900
        H  62.60812100   30.69925000   43.77346100
        C  58.71080000   26.50630000   65.29140000
        N  58.86137700   26.89152000   64.02734600
        H  58.55086000   27.55402200   64.72360000
        H  59.05754600   25.93648200   64.29101300
        N  58.30190100   27.37870400   66.20824900
        H  58.49807000   26.42366600   66.47191600
        H  58.41624900   27.67124000   65.24832800
        N  58.96912100   25.24867600   65.63860500
        H  59.08347000   25.54121100   64.67868400
        H  58.65860400   25.91117800   66.33485900
        C  58.59230000   24.28120000   47.30860000
        O  59.77612500   24.34297600   46.91206300
        O  57.88101600   23.25381700   47.34115900
        H  58.13432100   25.21705000   47.66136100
        C  70.95710000   27.50530000   53.36590000
        O  72.14092500   27.56707600   52.96936300
        O  70.24581600   26.47791700   53.39845900
        H  70.49912100   28.44115000   53.71866100
        C  67.80160000   24.00280000   52.09340000
        O  68.98542500   24.06457600   51.69686300
        O  67.09031600   22.97541700   52.12595900
        H  67.34362100   24.93865000   52.44616100
        C  67.12480000   32.65070000   44.69220000
        O  68.30862500   32.71247600   44.29566300
        O  66.41351600   31.62331700   44.72475900
        H  66.66682100   33.58655000   45.04496100
        C  61.12890000   33.14530000   67.78460000
        N  61.27947700   33.53052000   66.52054600
        H  60.96896000   34.19302200   67.21680000
        H  61.47564600   32.57548200   66.78421300
        N  60.72000100   34.01770400   68.70144900
        H  60.91617000   33.06266600   68.96511600
        H  60.83434900   34.31024000   67.74152800
        N  61.38722100   31.88767600   68.13180500
        H  61.50157000   32.18021100   67.17188400
        H  61.07670400   32.55017800   68.82805900
        C  70.55960000   34.37890000   48.88280000
        O  71.74342500   34.44067600   48.48626300
        O  69.84831600   33.35151700   48.91535900
        H  70.10162100   35.31475000   49.23556100
        C  55.13880000   30.68340000   67.21900000
        N  55.28937700   31.06862000   65.95494600
        H  54.97886000   31.73112200   66.65120000
        H  55.48554600   30.11358200   66.21861300
        N  54.72990100   31.55580400   68.13584900
        H  54.92607000   30.60076600   68.39951600
        H  54.84424900   31.84834000   67.17592800
        N  55.39712100   29.42577600   67.56620500
        H  55.51147000   29.71831100   66.60628400
        H  55.08660400   30.08827800   68.26245900
        C  64.84770000   24.20140000   47.60480000
        O  66.03152500   24.26317600   47.20826300
        O  64.13641600   23.17401700   47.63735900
        H  64.38972100   25.13725000   47.95756100

Note: printed only print_atoms_list (this is not necessarily all atoms) 
  ------------RUNNING QM/MM MODULE------------- 
QM Module: ORCATheory
MM Module: OpenMMTheory
Charge provided from QMMMTheory object:  -2
Mult provided from QMMMTheory object:  1
QM-region Charge: -2 Mult: 1
Embedding: Electrostatic
Number of pointcharges (to QM program): 58
Number of charge coordinates: 58
Running QM/MM object with 8 cores available

-------------------------------------------------------------------
Time to calculate step (before-QMstep): 0.000 seconds, 0.0 minutes.
-------------------------------------------------------------------
  ------------RUNNING ORCA INTERFACE------------- 
Object-label: ORCA
Run-label: None
Running ORCA with 8 cores available
Moreadfile option not active
A GBW-file with same basename : orca.gbw is present
Autostart is False. ORCA will ignore any file present
Creating inputfile: orca.inp
ORCA input:
! B3LYP D3BJ def2-SVP def2/J RIJCOSX CPCM TightSCF

! Noautostart

%cpcm epsilon 4.0 end
%scf MaxIter 300 Guess PModel end
Charge: -2  Mult: 1
Pointcharge embedding is on!
 ORCA Calculation starting. 
Found warning messages in ORCA outputfile:
WARNING: The chosen methods will break translational/rotational symmetry
 WARNING: The chosen methods will break translational symmetry
 WARNING: The chosen methods will break translational symmetry

 ORCA Calculation done. 
ORCA converged in 14 iterations
ORCA energy: -836.092455355474
  ------------ENDING ORCA-INTERFACE------------- 

----------------------------------------------------------------
Time to calculate step (ORCA run): 122.576 seconds, 2.0 minutes.
----------------------------------------------------------------

---------------------------------------------------------------
Time to calculate step (QM step): 122.576 seconds, 2.0 minutes.
---------------------------------------------------------------

----------------------------------------------------------------------
Time to calculate step (QMpcgrad prepare): 0.000 seconds, 0.0 minutes.
----------------------------------------------------------------------

--------------------------------------------------------------------------
Time to calculate step (linkatomgrad prepare): 0.000 seconds, 0.0 minutes.
--------------------------------------------------------------------------

----------------------------------------------------------------------------
Time to calculate step (QM/MM gradient prepare): 0.000 seconds, 0.0 minutes.
----------------------------------------------------------------------------
Using OpenMM theory as part of QM/MM.
Using MM on full system. Charges for QM region [0, 1, 2, 3, 4, 5, 6, 7, 8, 9, 10, 11, 12, 13, 14, 15, 16, 17, 18, 19, 20, 21, 22, 23] have been set to zero 

--------------------------------------------------------------------------------
                   Creating/updating OpenMM simulation object                   
--------------------------------------------------------------------------------

Integrator name: VerletIntegrator
Timestep: 0.001
Temperature: 300
Coupling frequency: 1
Properties: {'Threads': '1'}
Topology: <Topology; 1 chains, 1 residues, 82 atoms, 0 bonds>

----------------------------------------------------------------------------------
Time to calculate step (creating/updating simulation): 0.001 seconds, 0.0 minutes.
----------------------------------------------------------------------------------

--------------------------------------------------------------------------------
                     Running Single-point OpenMM Interface                      
--------------------------------------------------------------------------------

Number of OpenMM system constraints defined: 0

-----------------------------------------------------------------------------------
Time to calculate step (OpenMMTheory.run: const-check): 0.001 seconds, 0.0 minutes.
-----------------------------------------------------------------------------------
Updating coordinates.

------------------------------------------------------------------------
Time to calculate step (Creating pos array): 0.000 seconds, 0.0 minutes.
------------------------------------------------------------------------

---------------------------------------------------------------------------
Time to calculate step (Updating MM positions): 0.000 seconds, 0.0 minutes.
---------------------------------------------------------------------------
Calling OpenMM getState.

---------------------------------------------------------------------
Time to calculate step (OpenMM getState): 0.000 seconds, 0.0 minutes.
---------------------------------------------------------------------
OpenMM Energy: -1.775378936495259 Eh
OpenMM Energy: -1114.067102702846 kcal/mol

-----------------------
Ending OpenMM interface
-----------------------

----------------------------------------------------------------
Time to calculate step (OpenMM run): 0.002 seconds, 0.0 minutes.
----------------------------------------------------------------

-------------------------------------------------------------
Time to calculate step (MM step): 0.002 seconds, 0.0 minutes.
-------------------------------------------------------------

Note: You are using electrostatic embedding. This means that the QM-energy is actually the polarized QM-energy
Note: MM energy also contains the QM-MM Lennard-Jones interaction

QM energy:              -836.092455355474 
MM energy:                -1.775378936495
QM/MM energy:           -837.867834291969 

  ------------ENDING QM/MM MODULE------------- 

-----------------------------------------------------------------
Time to calculate step (QM/MM run): 122.578 seconds, 2.0 minutes.
-----------------------------------------------------------------
geometric called load_guess_files option for ASHengineclass.
This option is currently unsupported in ASH. Continuing.

Convergence criteria: {'convergence_energy': 1e-05, 'convergence_grms': 0.003, 'convergence_gmax': 0.006, 'convergence_drms': 0.01, 'convergence_dmax': 0.015, 'convergence_cmax': 0.01}

Replacing coordinates in fragment.
Creating/Updating fragment attributes...
Number of Atoms in fragment: 82
Formula: C20O20H33N9
Label: CHHCCOOOCHCHCCHCHCHOHCOOCOOHCNHHNHHNHHCOOHCOOHCOOHCOOHCNHHNHHNHHCOOHCNHHNHHNHHCOOH
Charge: -2 Mult: 1

--------------------------------------------------------------------------------
Wrote XYZ file:  Fragment-currentgeo.xyz
Current geometry (Å) in step 11 (print_atoms_list region)
---------------------------------------------------
        C  58.77659987   35.29918477   58.04712734
        H  59.33585032   34.71843763   57.30213687
        H  59.25706164   36.25134570   58.34807059
        C  57.60010035   34.92694601   58.46518879
        C  57.07850551   35.54864639   59.70603909
        O  57.91221642   36.19153054   60.30473489
        O  55.91123496   35.21176415   59.98605071
        O  56.74778971   33.91894440   58.15265131
        C  56.97208532   33.03180729   56.98743079
        H  56.24403946   32.21844864   57.16137454
        C  58.30375990   32.39237343   57.05255948
        H  58.56755078   31.92863804   57.98174044
        C  59.28719905   32.58390401   56.18294941
        C  59.01576034   33.26959941   54.92020773
        H  59.82291836   33.38123476   54.18091261
        C  57.80112369   33.74363130   54.64694191
        H  57.61770021   34.22952129   53.69125106
        C  56.61277720   33.60002563   55.55856158
        H  56.16550945   34.59578267   55.72794330
        O  55.67674748   32.78050124   54.85126926
        H  55.07146730   32.34150518   55.45197996
        C  60.70575054   32.54602746   56.82046113
        O  60.91907738   31.67125223   57.73104056
        O  61.32674824   33.58326377   56.45438245
        C  63.06610000   29.76340000   43.42070000
        O  64.24992500   29.82517600   43.02416300
        O  62.35481600   28.73601700   43.45325900
        H  62.60812100   30.69925000   43.77346100
        C  58.71080000   26.50630000   65.29140000
        N  58.86137700   26.89152000   64.02734600
        H  58.55086000   27.55402200   64.72360000
        H  59.05754600   25.93648200   64.29101300
        N  58.30190100   27.37870400   66.20824900
        H  58.49807000   26.42366600   66.47191600
        H  58.41624900   27.67124000   65.24832800
        N  58.96912100   25.24867600   65.63860500
        H  59.08347000   25.54121100   64.67868400
        H  58.65860400   25.91117800   66.33485900
        C  58.59230000   24.28120000   47.30860000
        O  59.77612500   24.34297600   46.91206300
        O  57.88101600   23.25381700   47.34115900
        H  58.13432100   25.21705000   47.66136100
        C  70.95710000   27.50530000   53.36590000
        O  72.14092500   27.56707600   52.96936300
        O  70.24581600   26.47791700   53.39845900
        H  70.49912100   28.44115000   53.71866100
        C  67.80160000   24.00280000   52.09340000
        O  68.98542500   24.06457600   51.69686300
        O  67.09031600   22.97541700   52.12595900
        H  67.34362100   24.93865000   52.44616100
        C  67.12480000   32.65070000   44.69220000
        O  68.30862500   32.71247600   44.29566300
        O  66.41351600   31.62331700   44.72475900
        H  66.66682100   33.58655000   45.04496100
        C  61.12890000   33.14530000   67.78460000
        N  61.27947700   33.53052000   66.52054600
        H  60.96896000   34.19302200   67.21680000
        H  61.47564600   32.57548200   66.78421300
        N  60.72000100   34.01770400   68.70144900
        H  60.91617000   33.06266600   68.96511600
        H  60.83434900   34.31024000   67.74152800
        N  61.38722100   31.88767600   68.13180500
        H  61.50157000   32.18021100   67.17188400
        H  61.07670400   32.55017800   68.82805900
        C  70.55960000   34.37890000   48.88280000
        O  71.74342500   34.44067600   48.48626300
        O  69.84831600   33.35151700   48.91535900
        H  70.10162100   35.31475000   49.23556100
        C  55.13880000   30.68340000   67.21900000
        N  55.28937700   31.06862000   65.95494600
        H  54.97886000   31.73112200   66.65120000
        H  55.48554600   30.11358200   66.21861300
        N  54.72990100   31.55580400   68.13584900
        H  54.92607000   30.60076600   68.39951600
        H  54.84424900   31.84834000   67.17592800
        N  55.39712100   29.42577600   67.56620500
        H  55.51147000   29.71831100   66.60628400
        H  55.08660400   30.08827800   68.26245900
        C  64.84770000   24.20140000   47.60480000
        O  66.03152500   24.26317600   47.20826300
        O  64.13641600   23.17401700   47.63735900
        H  64.38972100   25.13725000   47.95756100

Note: printed only print_atoms_list (this is not necessarily all atoms) 
  ------------RUNNING QM/MM MODULE------------- 
QM Module: ORCATheory
MM Module: OpenMMTheory
Charge provided from QMMMTheory object:  -2
Mult provided from QMMMTheory object:  1
QM-region Charge: -2 Mult: 1
Embedding: Electrostatic
Number of pointcharges (to QM program): 58
Number of charge coordinates: 58
Running QM/MM object with 8 cores available

-------------------------------------------------------------------
Time to calculate step (before-QMstep): 0.000 seconds, 0.0 minutes.
-------------------------------------------------------------------
  ------------RUNNING ORCA INTERFACE------------- 
Object-label: ORCA
Run-label: None
Running ORCA with 8 cores available
Moreadfile option not active
A GBW-file with same basename : orca.gbw is present
Autostart is False. ORCA will ignore any file present
Creating inputfile: orca.inp
ORCA input:
! B3LYP D3BJ def2-SVP def2/J RIJCOSX CPCM TightSCF

! Noautostart

%cpcm epsilon 4.0 end
%scf MaxIter 300 Guess PModel end
Charge: -2  Mult: 1
Pointcharge embedding is on!
 ORCA Calculation starting. 
Found warning messages in ORCA outputfile:
WARNING: The chosen methods will break translational/rotational symmetry
 WARNING: The chosen methods will break translational symmetry
 WARNING: The chosen methods will break translational symmetry

 ORCA Calculation done. 
ORCA converged in 14 iterations
ORCA energy: -836.176152539562
  ------------ENDING ORCA-INTERFACE------------- 

----------------------------------------------------------------
Time to calculate step (ORCA run): 175.266 seconds, 2.9 minutes.
----------------------------------------------------------------

---------------------------------------------------------------
Time to calculate step (QM step): 175.266 seconds, 2.9 minutes.
---------------------------------------------------------------

----------------------------------------------------------------------
Time to calculate step (QMpcgrad prepare): 0.000 seconds, 0.0 minutes.
----------------------------------------------------------------------

--------------------------------------------------------------------------
Time to calculate step (linkatomgrad prepare): 0.000 seconds, 0.0 minutes.
--------------------------------------------------------------------------

----------------------------------------------------------------------------
Time to calculate step (QM/MM gradient prepare): 0.000 seconds, 0.0 minutes.
----------------------------------------------------------------------------
Using OpenMM theory as part of QM/MM.
Using MM on full system. Charges for QM region [0, 1, 2, 3, 4, 5, 6, 7, 8, 9, 10, 11, 12, 13, 14, 15, 16, 17, 18, 19, 20, 21, 22, 23] have been set to zero 

--------------------------------------------------------------------------------
                   Creating/updating OpenMM simulation object                   
--------------------------------------------------------------------------------

Integrator name: VerletIntegrator
Timestep: 0.001
Temperature: 300
Coupling frequency: 1
Properties: {'Threads': '1'}
Topology: <Topology; 1 chains, 1 residues, 82 atoms, 0 bonds>

----------------------------------------------------------------------------------
Time to calculate step (creating/updating simulation): 0.002 seconds, 0.0 minutes.
----------------------------------------------------------------------------------

--------------------------------------------------------------------------------
                     Running Single-point OpenMM Interface                      
--------------------------------------------------------------------------------

Number of OpenMM system constraints defined: 0

-----------------------------------------------------------------------------------
Time to calculate step (OpenMMTheory.run: const-check): 0.002 seconds, 0.0 minutes.
-----------------------------------------------------------------------------------
Updating coordinates.

------------------------------------------------------------------------
Time to calculate step (Creating pos array): 0.000 seconds, 0.0 minutes.
------------------------------------------------------------------------

---------------------------------------------------------------------------
Time to calculate step (Updating MM positions): 0.000 seconds, 0.0 minutes.
---------------------------------------------------------------------------
Calling OpenMM getState.

---------------------------------------------------------------------
Time to calculate step (OpenMM getState): 0.000 seconds, 0.0 minutes.
---------------------------------------------------------------------
OpenMM Energy: -1.7753920663806946 Eh
OpenMM Energy: -1114.07534183035 kcal/mol

-----------------------
Ending OpenMM interface
-----------------------

----------------------------------------------------------------
Time to calculate step (OpenMM run): 0.003 seconds, 0.0 minutes.
----------------------------------------------------------------

-------------------------------------------------------------
Time to calculate step (MM step): 0.003 seconds, 0.0 minutes.
-------------------------------------------------------------

Note: You are using electrostatic embedding. This means that the QM-energy is actually the polarized QM-energy
Note: MM energy also contains the QM-MM Lennard-Jones interaction

QM energy:              -836.176152539562 
MM energy:                -1.775392066381
QM/MM energy:           -837.951544605943 

  ------------ENDING QM/MM MODULE------------- 

-----------------------------------------------------------------
Time to calculate step (QM/MM run): 175.269 seconds, 2.9 minutes.
-----------------------------------------------------------------
geometric called save_guess_files option option for ASHengineclass.
This option is currently unsupported in ASH. Continuing.

Convergence criteria: {'convergence_energy': 1e-05, 'convergence_grms': 0.003, 'convergence_gmax': 0.006, 'convergence_drms': 0.01, 'convergence_dmax': 0.015, 'convergence_cmax': 0.01}

Replacing coordinates in fragment.
Creating/Updating fragment attributes...
Number of Atoms in fragment: 82
Formula: C20O20H33N9
Label: CHHCCOOOCHCHCCHCHCHOHCOOCOOHCNHHNHHNHHCOOHCOOHCOOHCOOHCNHHNHHNHHCOOHCNHHNHHNHHCOOH
Charge: -2 Mult: 1

--------------------------------------------------------------------------------
Wrote XYZ file:  Fragment-currentgeo.xyz
Current geometry (Å) in step 12 (print_atoms_list region)
---------------------------------------------------
        C  58.76715508   35.29173761   57.97592896
        H  59.31843280   34.73339771   57.22872385
        H  59.23460010   36.22105362   58.34671317
        C  57.57024803   34.92885475   58.44063210
        C  57.06994566   35.58538817   59.76997232
        O  57.85134711   36.24853043   60.55414115
        O  55.89645176   35.24209854   60.09342209
        O  56.72403811   33.90888402   58.11778771
        C  56.95863711   33.00971544   56.97355643
        H  56.20396290   32.23145687   57.16192413
        C  58.28902523   32.38023068   57.06294884
        H  58.56233190   31.91472660   57.99845588
        C  59.28522571   32.58087853   56.19794127
        C  59.02222427   33.25758042   54.92343963
        H  59.83026825   33.35564474   54.18958669
        C  57.80594128   33.74699555   54.65092149
        H  57.61142326   34.23354864   53.69728951
        C  56.61918977   33.60328732   55.56481224
        H  56.16610212   34.59552850   55.74122294
        O  55.68423442   32.78465001   54.85663634
        H  55.08225663   32.35024110   55.47196108
        C  60.69836843   32.55695763   56.85468307
        O  60.95336363   31.73990447   57.76583133
        O  61.34116831   33.53802965   56.48005795
        C  63.06610000   29.76340000   43.42070000
        O  64.24992500   29.82517600   43.02416300
        O  62.35481600   28.73601700   43.45325900
        H  62.60812100   30.69925000   43.77346100
        C  58.71080000   26.50630000   65.29140000
        N  58.86137700   26.89152000   64.02734600
        H  58.55086000   27.55402200   64.72360000
        H  59.05754600   25.93648200   64.29101300
        N  58.30190100   27.37870400   66.20824900
        H  58.49807000   26.42366600   66.47191600
        H  58.41624900   27.67124000   65.24832800
        N  58.96912100   25.24867600   65.63860500
        H  59.08347000   25.54121100   64.67868400
        H  58.65860400   25.91117800   66.33485900
        C  58.59230000   24.28120000   47.30860000
        O  59.77612500   24.34297600   46.91206300
        O  57.88101600   23.25381700   47.34115900
        H  58.13432100   25.21705000   47.66136100
        C  70.95710000   27.50530000   53.36590000
        O  72.14092500   27.56707600   52.96936300
        O  70.24581600   26.47791700   53.39845900
        H  70.49912100   28.44115000   53.71866100
        C  67.80160000   24.00280000   52.09340000
        O  68.98542500   24.06457600   51.69686300
        O  67.09031600   22.97541700   52.12595900
        H  67.34362100   24.93865000   52.44616100
        C  67.12480000   32.65070000   44.69220000
        O  68.30862500   32.71247600   44.29566300
        O  66.41351600   31.62331700   44.72475900
        H  66.66682100   33.58655000   45.04496100
        C  61.12890000   33.14530000   67.78460000
        N  61.27947700   33.53052000   66.52054600
        H  60.96896000   34.19302200   67.21680000
        H  61.47564600   32.57548200   66.78421300
        N  60.72000100   34.01770400   68.70144900
        H  60.91617000   33.06266600   68.96511600
        H  60.83434900   34.31024000   67.74152800
        N  61.38722100   31.88767600   68.13180500
        H  61.50157000   32.18021100   67.17188400
        H  61.07670400   32.55017800   68.82805900
        C  70.55960000   34.37890000   48.88280000
        O  71.74342500   34.44067600   48.48626300
        O  69.84831600   33.35151700   48.91535900
        H  70.10162100   35.31475000   49.23556100
        C  55.13880000   30.68340000   67.21900000
        N  55.28937700   31.06862000   65.95494600
        H  54.97886000   31.73112200   66.65120000
        H  55.48554600   30.11358200   66.21861300
        N  54.72990100   31.55580400   68.13584900
        H  54.92607000   30.60076600   68.39951600
        H  54.84424900   31.84834000   67.17592800
        N  55.39712100   29.42577600   67.56620500
        H  55.51147000   29.71831100   66.60628400
        H  55.08660400   30.08827800   68.26245900
        C  64.84770000   24.20140000   47.60480000
        O  66.03152500   24.26317600   47.20826300
        O  64.13641600   23.17401700   47.63735900
        H  64.38972100   25.13725000   47.95756100

Note: printed only print_atoms_list (this is not necessarily all atoms) 
  ------------RUNNING QM/MM MODULE------------- 
QM Module: ORCATheory
MM Module: OpenMMTheory
Charge provided from QMMMTheory object:  -2
Mult provided from QMMMTheory object:  1
QM-region Charge: -2 Mult: 1
Embedding: Electrostatic
Number of pointcharges (to QM program): 58
Number of charge coordinates: 58
Running QM/MM object with 8 cores available

-------------------------------------------------------------------
Time to calculate step (before-QMstep): 0.000 seconds, 0.0 minutes.
-------------------------------------------------------------------
  ------------RUNNING ORCA INTERFACE------------- 
Object-label: ORCA
Run-label: None
Running ORCA with 8 cores available
Moreadfile option not active
A GBW-file with same basename : orca.gbw is present
Autostart is False. ORCA will ignore any file present
Creating inputfile: orca.inp
ORCA input:
! B3LYP D3BJ def2-SVP def2/J RIJCOSX CPCM TightSCF

! Noautostart

%cpcm epsilon 4.0 end
%scf MaxIter 300 Guess PModel end
Charge: -2  Mult: 1
Pointcharge embedding is on!
 ORCA Calculation starting. 
Found warning messages in ORCA outputfile:
WARNING: The chosen methods will break translational/rotational symmetry
 WARNING: The chosen methods will break translational symmetry
 WARNING: The chosen methods will break translational symmetry

 ORCA Calculation done. 
ORCA converged in 14 iterations
ORCA energy: -836.199419218121
  ------------ENDING ORCA-INTERFACE------------- 

----------------------------------------------------------------
Time to calculate step (ORCA run): 454.309 seconds, 7.6 minutes.
----------------------------------------------------------------

---------------------------------------------------------------
Time to calculate step (QM step): 454.309 seconds, 7.6 minutes.
---------------------------------------------------------------

----------------------------------------------------------------------
Time to calculate step (QMpcgrad prepare): 0.000 seconds, 0.0 minutes.
----------------------------------------------------------------------

--------------------------------------------------------------------------
Time to calculate step (linkatomgrad prepare): 0.000 seconds, 0.0 minutes.
--------------------------------------------------------------------------

----------------------------------------------------------------------------
Time to calculate step (QM/MM gradient prepare): 0.000 seconds, 0.0 minutes.
----------------------------------------------------------------------------
Using OpenMM theory as part of QM/MM.
Using MM on full system. Charges for QM region [0, 1, 2, 3, 4, 5, 6, 7, 8, 9, 10, 11, 12, 13, 14, 15, 16, 17, 18, 19, 20, 21, 22, 23] have been set to zero 

--------------------------------------------------------------------------------
                   Creating/updating OpenMM simulation object                   
--------------------------------------------------------------------------------

Integrator name: VerletIntegrator
Timestep: 0.001
Temperature: 300
Coupling frequency: 1
Properties: {'Threads': '1'}
Topology: <Topology; 1 chains, 1 residues, 82 atoms, 0 bonds>

----------------------------------------------------------------------------------
Time to calculate step (creating/updating simulation): 0.001 seconds, 0.0 minutes.
----------------------------------------------------------------------------------

--------------------------------------------------------------------------------
                     Running Single-point OpenMM Interface                      
--------------------------------------------------------------------------------

Number of OpenMM system constraints defined: 0

-----------------------------------------------------------------------------------
Time to calculate step (OpenMMTheory.run: const-check): 0.001 seconds, 0.0 minutes.
-----------------------------------------------------------------------------------
Updating coordinates.

------------------------------------------------------------------------
Time to calculate step (Creating pos array): 0.000 seconds, 0.0 minutes.
------------------------------------------------------------------------

---------------------------------------------------------------------------
Time to calculate step (Updating MM positions): 0.000 seconds, 0.0 minutes.
---------------------------------------------------------------------------
Calling OpenMM getState.

---------------------------------------------------------------------
Time to calculate step (OpenMM getState): 0.000 seconds, 0.0 minutes.
---------------------------------------------------------------------
OpenMM Energy: -1.7753956032554519 Eh
OpenMM Energy: -1114.0775612527689 kcal/mol

-----------------------
Ending OpenMM interface
-----------------------

----------------------------------------------------------------
Time to calculate step (OpenMM run): 0.002 seconds, 0.0 minutes.
----------------------------------------------------------------

-------------------------------------------------------------
Time to calculate step (MM step): 0.002 seconds, 0.0 minutes.
-------------------------------------------------------------

Note: You are using electrostatic embedding. This means that the QM-energy is actually the polarized QM-energy
Note: MM energy also contains the QM-MM Lennard-Jones interaction

QM energy:              -836.199419218121 
MM energy:                -1.775395603255
QM/MM energy:           -837.974814821376 

  ------------ENDING QM/MM MODULE------------- 

-----------------------------------------------------------------
Time to calculate step (QM/MM run): 454.311 seconds, 7.6 minutes.
-----------------------------------------------------------------
geometric called save_guess_files option option for ASHengineclass.
This option is currently unsupported in ASH. Continuing.
geometric called clearCalcs option for ASHengineclass.
This option is currently unsupported in ASH. Continuing.

Convergence criteria: {'convergence_energy': 1e-05, 'convergence_grms': 0.003, 'convergence_gmax': 0.006, 'convergence_drms': 0.01, 'convergence_dmax': 0.015, 'convergence_cmax': 0.01}

Replacing coordinates in fragment.
Creating/Updating fragment attributes...
Number of Atoms in fragment: 82
Formula: C20O20H33N9
Label: CHHCCOOOCHCHCCHCHCHOHCOOCOOHCNHHNHHNHHCOOHCOOHCOOHCOOHCNHHNHHNHHCOOHCNHHNHHNHHCOOH
Charge: -2 Mult: 1

--------------------------------------------------------------------------------
Wrote XYZ file:  Fragment-currentgeo.xyz
Current geometry (Å) in step 13 (print_atoms_list region)
---------------------------------------------------
        C  58.74546392   35.31452004   57.95795983
        H  59.29050706   34.78266296   57.13971375
        H  59.23038025   36.20466916   58.36536030
        C  57.54714104   34.93373945   58.55552259
        C  56.99740398   35.53722042   59.90283803
        O  57.83661372   36.23278709   60.48758738
        O  55.82550247   35.30141789   60.27646626
        O  56.76984878   33.87913493   58.07100673
        C  56.95651814   33.00377562   56.95095970
        H  56.17348368   32.24360011   57.15275655
        C  58.29290200   32.36940372   57.09193931
        H  58.54372241   31.90579811   58.05797194
        C  59.30512859   32.56810647   56.21577517
        C  59.03341094   33.24878288   54.93694808
        H  59.83878119   33.34713471   54.20903063
        C  57.81061041   33.74756685   54.65118308
        H  57.61052156   34.23619909   53.69020901
        C  56.62021377   33.60894634   55.56646089
        H  56.16843229   34.61183656   55.74455979
        O  55.67952683   32.79401689   54.86277030
        H  55.07982431   32.36339729   55.48874403
        C  60.69985625   32.54688095   56.86084308
        O  60.94282570   31.74685821   57.78152801
        O  61.36140535   33.56826176   56.55049988
        C  63.06610000   29.76340000   43.42070000
        O  64.24992500   29.82517600   43.02416300
        O  62.35481600   28.73601700   43.45325900
        H  62.60812100   30.69925000   43.77346100
        C  58.71080000   26.50630000   65.29140000
        N  58.86137700   26.89152000   64.02734600
        H  58.55086000   27.55402200   64.72360000
        H  59.05754600   25.93648200   64.29101300
        N  58.30190100   27.37870400   66.20824900
        H  58.49807000   26.42366600   66.47191600
        H  58.41624900   27.67124000   65.24832800
        N  58.96912100   25.24867600   65.63860500
        H  59.08347000   25.54121100   64.67868400
        H  58.65860400   25.91117800   66.33485900
        C  58.59230000   24.28120000   47.30860000
        O  59.77612500   24.34297600   46.91206300
        O  57.88101600   23.25381700   47.34115900
        H  58.13432100   25.21705000   47.66136100
        C  70.95710000   27.50530000   53.36590000
        O  72.14092500   27.56707600   52.96936300
        O  70.24581600   26.47791700   53.39845900
        H  70.49912100   28.44115000   53.71866100
        C  67.80160000   24.00280000   52.09340000
        O  68.98542500   24.06457600   51.69686300
        O  67.09031600   22.97541700   52.12595900
        H  67.34362100   24.93865000   52.44616100
        C  67.12480000   32.65070000   44.69220000
        O  68.30862500   32.71247600   44.29566300
        O  66.41351600   31.62331700   44.72475900
        H  66.66682100   33.58655000   45.04496100
        C  61.12890000   33.14530000   67.78460000
        N  61.27947700   33.53052000   66.52054600
        H  60.96896000   34.19302200   67.21680000
        H  61.47564600   32.57548200   66.78421300
        N  60.72000100   34.01770400   68.70144900
        H  60.91617000   33.06266600   68.96511600
        H  60.83434900   34.31024000   67.74152800
        N  61.38722100   31.88767600   68.13180500
        H  61.50157000   32.18021100   67.17188400
        H  61.07670400   32.55017800   68.82805900
        C  70.55960000   34.37890000   48.88280000
        O  71.74342500   34.44067600   48.48626300
        O  69.84831600   33.35151700   48.91535900
        H  70.10162100   35.31475000   49.23556100
        C  55.13880000   30.68340000   67.21900000
        N  55.28937700   31.06862000   65.95494600
        H  54.97886000   31.73112200   66.65120000
        H  55.48554600   30.11358200   66.21861300
        N  54.72990100   31.55580400   68.13584900
        H  54.92607000   30.60076600   68.39951600
        H  54.84424900   31.84834000   67.17592800
        N  55.39712100   29.42577600   67.56620500
        H  55.51147000   29.71831100   66.60628400
        H  55.08660400   30.08827800   68.26245900
        C  64.84770000   24.20140000   47.60480000
        O  66.03152500   24.26317600   47.20826300
        O  64.13641600   23.17401700   47.63735900
        H  64.38972100   25.13725000   47.95756100

Note: printed only print_atoms_list (this is not necessarily all atoms) 
  ------------RUNNING QM/MM MODULE------------- 
QM Module: ORCATheory
MM Module: OpenMMTheory
Charge provided from QMMMTheory object:  -2
Mult provided from QMMMTheory object:  1
QM-region Charge: -2 Mult: 1
Embedding: Electrostatic
Number of pointcharges (to QM program): 58
Number of charge coordinates: 58
Running QM/MM object with 8 cores available

-------------------------------------------------------------------
Time to calculate step (before-QMstep): 0.000 seconds, 0.0 minutes.
-------------------------------------------------------------------
  ------------RUNNING ORCA INTERFACE------------- 
Object-label: ORCA
Run-label: None
Running ORCA with 8 cores available
Moreadfile option not active
A GBW-file with same basename : orca.gbw is present
Autostart is False. ORCA will ignore any file present
Creating inputfile: orca.inp
ORCA input:
! B3LYP D3BJ def2-SVP def2/J RIJCOSX CPCM TightSCF

! Noautostart

%cpcm epsilon 4.0 end
%scf MaxIter 300 Guess PModel end
Charge: -2  Mult: 1
Pointcharge embedding is on!
 ORCA Calculation starting. 
Found warning messages in ORCA outputfile:
WARNING: The chosen methods will break translational/rotational symmetry
 WARNING: The chosen methods will break translational symmetry
 WARNING: The chosen methods will break translational symmetry

 ORCA Calculation done. 
ORCA converged in 12 iterations
ORCA energy: -836.202030022585
  ------------ENDING ORCA-INTERFACE------------- 

----------------------------------------------------------------
Time to calculate step (ORCA run): 438.637 seconds, 7.3 minutes.
----------------------------------------------------------------

---------------------------------------------------------------
Time to calculate step (QM step): 438.637 seconds, 7.3 minutes.
---------------------------------------------------------------

----------------------------------------------------------------------
Time to calculate step (QMpcgrad prepare): 0.000 seconds, 0.0 minutes.
----------------------------------------------------------------------

--------------------------------------------------------------------------
Time to calculate step (linkatomgrad prepare): 0.000 seconds, 0.0 minutes.
--------------------------------------------------------------------------

----------------------------------------------------------------------------
Time to calculate step (QM/MM gradient prepare): 0.000 seconds, 0.0 minutes.
----------------------------------------------------------------------------
Using OpenMM theory as part of QM/MM.
Using MM on full system. Charges for QM region [0, 1, 2, 3, 4, 5, 6, 7, 8, 9, 10, 11, 12, 13, 14, 15, 16, 17, 18, 19, 20, 21, 22, 23] have been set to zero 

--------------------------------------------------------------------------------
                   Creating/updating OpenMM simulation object                   
--------------------------------------------------------------------------------

Integrator name: VerletIntegrator
Timestep: 0.001
Temperature: 300
Coupling frequency: 1
Properties: {'Threads': '1'}
Topology: <Topology; 1 chains, 1 residues, 82 atoms, 0 bonds>

----------------------------------------------------------------------------------
Time to calculate step (creating/updating simulation): 0.001 seconds, 0.0 minutes.
----------------------------------------------------------------------------------

--------------------------------------------------------------------------------
                     Running Single-point OpenMM Interface                      
--------------------------------------------------------------------------------

Number of OpenMM system constraints defined: 0

-----------------------------------------------------------------------------------
Time to calculate step (OpenMMTheory.run: const-check): 0.001 seconds, 0.0 minutes.
-----------------------------------------------------------------------------------
Updating coordinates.

------------------------------------------------------------------------
Time to calculate step (Creating pos array): 0.000 seconds, 0.0 minutes.
------------------------------------------------------------------------

---------------------------------------------------------------------------
Time to calculate step (Updating MM positions): 0.000 seconds, 0.0 minutes.
---------------------------------------------------------------------------
Calling OpenMM getState.

---------------------------------------------------------------------
Time to calculate step (OpenMM getState): 0.000 seconds, 0.0 minutes.
---------------------------------------------------------------------
OpenMM Energy: -1.7753988728134549 Eh
OpenMM Energy: -1114.0796129313917 kcal/mol

-----------------------
Ending OpenMM interface
-----------------------

----------------------------------------------------------------
Time to calculate step (OpenMM run): 0.002 seconds, 0.0 minutes.
----------------------------------------------------------------

-------------------------------------------------------------
Time to calculate step (MM step): 0.002 seconds, 0.0 minutes.
-------------------------------------------------------------

Note: You are using electrostatic embedding. This means that the QM-energy is actually the polarized QM-energy
Note: MM energy also contains the QM-MM Lennard-Jones interaction

QM energy:              -836.202030022585 
MM energy:                -1.775398872813
QM/MM energy:           -837.977428895398 

  ------------ENDING QM/MM MODULE------------- 

-----------------------------------------------------------------
Time to calculate step (QM/MM run): 438.640 seconds, 7.3 minutes.
-----------------------------------------------------------------
geometric called save_guess_files option option for ASHengineclass.
This option is currently unsupported in ASH. Continuing.

Convergence criteria: {'convergence_energy': 1e-05, 'convergence_grms': 0.003, 'convergence_gmax': 0.006, 'convergence_drms': 0.01, 'convergence_dmax': 0.015, 'convergence_cmax': 0.01}

Replacing coordinates in fragment.
Creating/Updating fragment attributes...
Number of Atoms in fragment: 82
Formula: C20O20H33N9
Label: CHHCCOOOCHCHCCHCHCHOHCOOCOOHCNHHNHHNHHCOOHCOOHCOOHCOOHCNHHNHHNHHCOOHCNHHNHHNHHCOOH
Charge: -2 Mult: 1

--------------------------------------------------------------------------------
Wrote XYZ file:  Fragment-currentgeo.xyz
Current geometry (Å) in step 14 (print_atoms_list region)
---------------------------------------------------
        C  58.71907804   35.31108521   57.97841553
        H  59.25466496   34.79966752   57.16386952
        H  59.19940537   36.19779437   58.41545843
        C  57.53610978   34.92601985   58.52854636
        C  57.01091532   35.53672885   59.88400177
        O  57.82405963   36.22682474   60.54114932
        O  55.83929118   35.25792776   60.24984452
        O  56.71457813   33.90641177   58.11437577
        C  56.94385482   33.00936552   56.98112263
        H  56.15706589   32.25181318   57.16449135
        C  58.28413744   32.38024457   57.11105411
        H  58.53252656   31.91841579   58.07216149
        C  59.29653636   32.58410916   56.24655837
        C  59.03617800   33.25437978   54.96175229
        H  59.85092663   33.34692493   54.23861279
        C  57.81758885   33.74799787   54.66865737
        H  57.62120298   34.22745842   53.70297716
        C  56.62461108   33.61336713   55.58097058
        H  56.17478054   34.61429857   55.75408252
        O  55.68590867   32.79642700   54.87387094
        H  55.08358586   32.37863225   55.50384362
        C  60.69582615   32.56620414   56.89681495
        O  60.92680243   31.72357422   57.79952070
        O  61.35510984   33.57248570   56.56723766
        C  63.06610000   29.76340000   43.42070000
        O  64.24992500   29.82517600   43.02416300
        O  62.35481600   28.73601700   43.45325900
        H  62.60812100   30.69925000   43.77346100
        C  58.71080000   26.50630000   65.29140000
        N  58.86137700   26.89152000   64.02734600
        H  58.55086000   27.55402200   64.72360000
        H  59.05754600   25.93648200   64.29101300
        N  58.30190100   27.37870400   66.20824900
        H  58.49807000   26.42366600   66.47191600
        H  58.41624900   27.67124000   65.24832800
        N  58.96912100   25.24867600   65.63860500
        H  59.08347000   25.54121100   64.67868400
        H  58.65860400   25.91117800   66.33485900
        C  58.59230000   24.28120000   47.30860000
        O  59.77612500   24.34297600   46.91206300
        O  57.88101600   23.25381700   47.34115900
        H  58.13432100   25.21705000   47.66136100
        C  70.95710000   27.50530000   53.36590000
        O  72.14092500   27.56707600   52.96936300
        O  70.24581600   26.47791700   53.39845900
        H  70.49912100   28.44115000   53.71866100
        C  67.80160000   24.00280000   52.09340000
        O  68.98542500   24.06457600   51.69686300
        O  67.09031600   22.97541700   52.12595900
        H  67.34362100   24.93865000   52.44616100
        C  67.12480000   32.65070000   44.69220000
        O  68.30862500   32.71247600   44.29566300
        O  66.41351600   31.62331700   44.72475900
        H  66.66682100   33.58655000   45.04496100
        C  61.12890000   33.14530000   67.78460000
        N  61.27947700   33.53052000   66.52054600
        H  60.96896000   34.19302200   67.21680000
        H  61.47564600   32.57548200   66.78421300
        N  60.72000100   34.01770400   68.70144900
        H  60.91617000   33.06266600   68.96511600
        H  60.83434900   34.31024000   67.74152800
        N  61.38722100   31.88767600   68.13180500
        H  61.50157000   32.18021100   67.17188400
        H  61.07670400   32.55017800   68.82805900
        C  70.55960000   34.37890000   48.88280000
        O  71.74342500   34.44067600   48.48626300
        O  69.84831600   33.35151700   48.91535900
        H  70.10162100   35.31475000   49.23556100
        C  55.13880000   30.68340000   67.21900000
        N  55.28937700   31.06862000   65.95494600
        H  54.97886000   31.73112200   66.65120000
        H  55.48554600   30.11358200   66.21861300
        N  54.72990100   31.55580400   68.13584900
        H  54.92607000   30.60076600   68.39951600
        H  54.84424900   31.84834000   67.17592800
        N  55.39712100   29.42577600   67.56620500
        H  55.51147000   29.71831100   66.60628400
        H  55.08660400   30.08827800   68.26245900
        C  64.84770000   24.20140000   47.60480000
        O  66.03152500   24.26317600   47.20826300
        O  64.13641600   23.17401700   47.63735900
        H  64.38972100   25.13725000   47.95756100

Note: printed only print_atoms_list (this is not necessarily all atoms) 
  ------------RUNNING QM/MM MODULE------------- 
QM Module: ORCATheory
MM Module: OpenMMTheory
Charge provided from QMMMTheory object:  -2
Mult provided from QMMMTheory object:  1
QM-region Charge: -2 Mult: 1
Embedding: Electrostatic
Number of pointcharges (to QM program): 58
Number of charge coordinates: 58
Running QM/MM object with 8 cores available

-------------------------------------------------------------------
Time to calculate step (before-QMstep): 0.000 seconds, 0.0 minutes.
-------------------------------------------------------------------
  ------------RUNNING ORCA INTERFACE------------- 
Object-label: ORCA
Run-label: None
Running ORCA with 8 cores available
Moreadfile option not active
A GBW-file with same basename : orca.gbw is present
Autostart is False. ORCA will ignore any file present
Creating inputfile: orca.inp
ORCA input:
! B3LYP D3BJ def2-SVP def2/J RIJCOSX CPCM TightSCF

! Noautostart

%cpcm epsilon 4.0 end
%scf MaxIter 300 Guess PModel end
Charge: -2  Mult: 1
Pointcharge embedding is on!
 ORCA Calculation starting. 
Found warning messages in ORCA outputfile:
WARNING: The chosen methods will break translational/rotational symmetry
 WARNING: The chosen methods will break translational symmetry
 WARNING: The chosen methods will break translational symmetry

 ORCA Calculation done. 
ORCA converged in 14 iterations
ORCA energy: -836.212010078239
  ------------ENDING ORCA-INTERFACE------------- 

----------------------------------------------------------------
Time to calculate step (ORCA run): 419.176 seconds, 7.0 minutes.
----------------------------------------------------------------

---------------------------------------------------------------
Time to calculate step (QM step): 419.176 seconds, 7.0 minutes.
---------------------------------------------------------------

----------------------------------------------------------------------
Time to calculate step (QMpcgrad prepare): 0.000 seconds, 0.0 minutes.
----------------------------------------------------------------------

--------------------------------------------------------------------------
Time to calculate step (linkatomgrad prepare): 0.000 seconds, 0.0 minutes.
--------------------------------------------------------------------------

----------------------------------------------------------------------------
Time to calculate step (QM/MM gradient prepare): 0.000 seconds, 0.0 minutes.
----------------------------------------------------------------------------
Using OpenMM theory as part of QM/MM.
Using MM on full system. Charges for QM region [0, 1, 2, 3, 4, 5, 6, 7, 8, 9, 10, 11, 12, 13, 14, 15, 16, 17, 18, 19, 20, 21, 22, 23] have been set to zero 

--------------------------------------------------------------------------------
                   Creating/updating OpenMM simulation object                   
--------------------------------------------------------------------------------

Integrator name: VerletIntegrator
Timestep: 0.001
Temperature: 300
Coupling frequency: 1
Properties: {'Threads': '1'}
Topology: <Topology; 1 chains, 1 residues, 82 atoms, 0 bonds>

----------------------------------------------------------------------------------
Time to calculate step (creating/updating simulation): 0.001 seconds, 0.0 minutes.
----------------------------------------------------------------------------------

--------------------------------------------------------------------------------
                     Running Single-point OpenMM Interface                      
--------------------------------------------------------------------------------

Number of OpenMM system constraints defined: 0

-----------------------------------------------------------------------------------
Time to calculate step (OpenMMTheory.run: const-check): 0.001 seconds, 0.0 minutes.
-----------------------------------------------------------------------------------
Updating coordinates.

------------------------------------------------------------------------
Time to calculate step (Creating pos array): 0.000 seconds, 0.0 minutes.
------------------------------------------------------------------------

---------------------------------------------------------------------------
Time to calculate step (Updating MM positions): 0.000 seconds, 0.0 minutes.
---------------------------------------------------------------------------
Calling OpenMM getState.

---------------------------------------------------------------------
Time to calculate step (OpenMM getState): 0.000 seconds, 0.0 minutes.
---------------------------------------------------------------------
OpenMM Energy: -1.7754000861076855 Eh
OpenMM Energy: -1114.0803742850162 kcal/mol

-----------------------
Ending OpenMM interface
-----------------------

----------------------------------------------------------------
Time to calculate step (OpenMM run): 0.002 seconds, 0.0 minutes.
----------------------------------------------------------------

-------------------------------------------------------------
Time to calculate step (MM step): 0.002 seconds, 0.0 minutes.
-------------------------------------------------------------

Note: You are using electrostatic embedding. This means that the QM-energy is actually the polarized QM-energy
Note: MM energy also contains the QM-MM Lennard-Jones interaction

QM energy:              -836.212010078239 
MM energy:                -1.775400086108
QM/MM energy:           -837.987410164347 

  ------------ENDING QM/MM MODULE------------- 

-----------------------------------------------------------------
Time to calculate step (QM/MM run): 419.178 seconds, 7.0 minutes.
-----------------------------------------------------------------
geometric called save_guess_files option option for ASHengineclass.
This option is currently unsupported in ASH. Continuing.

Convergence criteria: {'convergence_energy': 1e-05, 'convergence_grms': 0.003, 'convergence_gmax': 0.006, 'convergence_drms': 0.01, 'convergence_dmax': 0.015, 'convergence_cmax': 0.01}

Replacing coordinates in fragment.
Creating/Updating fragment attributes...
Number of Atoms in fragment: 82
Formula: C20O20H33N9
Label: CHHCCOOOCHCHCCHCHCHOHCOOCOOHCNHHNHHNHHCOOHCOOHCOOHCOOHCNHHNHHNHHCOOHCNHHNHHNHHCOOH
Charge: -2 Mult: 1

--------------------------------------------------------------------------------
Wrote XYZ file:  Fragment-currentgeo.xyz
Current geometry (Å) in step 15 (print_atoms_list region)
---------------------------------------------------
        C  58.66632971   35.32283061   58.02430086
        H  59.18554424   34.85786119   57.17957248
        H  59.16230678   36.18400227   58.48019611
        C  57.50000362   34.92318033   58.56280972
        C  56.99991057   35.51412379   59.92130905
        O  57.80981524   36.19490295   60.60856230
        O  55.82840209   35.20658515   60.26481550
        O  56.66413003   33.92788536   58.13419195
        C  56.92478442   33.01980350   57.00739872
        H  56.13054094   32.26807205   57.17908822
        C  58.26349297   32.39624429   57.15499799
        H  58.50772965   31.93884388   58.11561243
        C  59.28202557   32.59829982   56.29844687
        C  59.04232352   33.25939915   55.00724996
        H  59.86950598   33.34614168   54.29537701
        C  57.82808855   33.74697562   54.69740153
        H  57.63933663   34.21438026   53.72515887
        C  56.62772277   33.62201157   55.60056298
        H  56.18566370   34.62645377   55.76652919
        O  55.68706041   32.80657404   54.89285435
        H  55.07958652   32.40528098   55.52774018
        C  60.68098370   32.56419599   56.94708856
        O  60.92488954   31.72919624   57.84682203
        O  61.33791847   33.58207739   56.63307958
        C  63.06610000   29.76340000   43.42070000
        O  64.24992500   29.82517600   43.02416300
        O  62.35481600   28.73601700   43.45325900
        H  62.60812100   30.69925000   43.77346100
        C  58.71080000   26.50630000   65.29140000
        N  58.86137700   26.89152000   64.02734600
        H  58.55086000   27.55402200   64.72360000
        H  59.05754600   25.93648200   64.29101300
        N  58.30190100   27.37870400   66.20824900
        H  58.49807000   26.42366600   66.47191600
        H  58.41624900   27.67124000   65.24832800
        N  58.96912100   25.24867600   65.63860500
        H  59.08347000   25.54121100   64.67868400
        H  58.65860400   25.91117800   66.33485900
        C  58.59230000   24.28120000   47.30860000
        O  59.77612500   24.34297600   46.91206300
        O  57.88101600   23.25381700   47.34115900
        H  58.13432100   25.21705000   47.66136100
        C  70.95710000   27.50530000   53.36590000
        O  72.14092500   27.56707600   52.96936300
        O  70.24581600   26.47791700   53.39845900
        H  70.49912100   28.44115000   53.71866100
        C  67.80160000   24.00280000   52.09340000
        O  68.98542500   24.06457600   51.69686300
        O  67.09031600   22.97541700   52.12595900
        H  67.34362100   24.93865000   52.44616100
        C  67.12480000   32.65070000   44.69220000
        O  68.30862500   32.71247600   44.29566300
        O  66.41351600   31.62331700   44.72475900
        H  66.66682100   33.58655000   45.04496100
        C  61.12890000   33.14530000   67.78460000
        N  61.27947700   33.53052000   66.52054600
        H  60.96896000   34.19302200   67.21680000
        H  61.47564600   32.57548200   66.78421300
        N  60.72000100   34.01770400   68.70144900
        H  60.91617000   33.06266600   68.96511600
        H  60.83434900   34.31024000   67.74152800
        N  61.38722100   31.88767600   68.13180500
        H  61.50157000   32.18021100   67.17188400
        H  61.07670400   32.55017800   68.82805900
        C  70.55960000   34.37890000   48.88280000
        O  71.74342500   34.44067600   48.48626300
        O  69.84831600   33.35151700   48.91535900
        H  70.10162100   35.31475000   49.23556100
        C  55.13880000   30.68340000   67.21900000
        N  55.28937700   31.06862000   65.95494600
        H  54.97886000   31.73112200   66.65120000
        H  55.48554600   30.11358200   66.21861300
        N  54.72990100   31.55580400   68.13584900
        H  54.92607000   30.60076600   68.39951600
        H  54.84424900   31.84834000   67.17592800
        N  55.39712100   29.42577600   67.56620500
        H  55.51147000   29.71831100   66.60628400
        H  55.08660400   30.08827800   68.26245900
        C  64.84770000   24.20140000   47.60480000
        O  66.03152500   24.26317600   47.20826300
        O  64.13641600   23.17401700   47.63735900
        H  64.38972100   25.13725000   47.95756100

Note: printed only print_atoms_list (this is not necessarily all atoms) 
  ------------RUNNING QM/MM MODULE------------- 
QM Module: ORCATheory
MM Module: OpenMMTheory
Charge provided from QMMMTheory object:  -2
Mult provided from QMMMTheory object:  1
QM-region Charge: -2 Mult: 1
Embedding: Electrostatic
Number of pointcharges (to QM program): 58
Number of charge coordinates: 58
Running QM/MM object with 8 cores available

-------------------------------------------------------------------
Time to calculate step (before-QMstep): 0.000 seconds, 0.0 minutes.
-------------------------------------------------------------------
  ------------RUNNING ORCA INTERFACE------------- 
Object-label: ORCA
Run-label: None
Running ORCA with 8 cores available
Moreadfile option not active
A GBW-file with same basename : orca.gbw is present
Autostart is False. ORCA will ignore any file present
Creating inputfile: orca.inp
ORCA input:
! B3LYP D3BJ def2-SVP def2/J RIJCOSX CPCM TightSCF

! Noautostart

%cpcm epsilon 4.0 end
%scf MaxIter 300 Guess PModel end
Charge: -2  Mult: 1
Pointcharge embedding is on!
 ORCA Calculation starting. 
Found warning messages in ORCA outputfile:
WARNING: The chosen methods will break translational/rotational symmetry
 WARNING: The chosen methods will break translational symmetry
 WARNING: The chosen methods will break translational symmetry

 ORCA Calculation done. 
ORCA converged in 14 iterations
ORCA energy: -836.216432307789
  ------------ENDING ORCA-INTERFACE------------- 

----------------------------------------------------------------
Time to calculate step (ORCA run): 424.972 seconds, 7.1 minutes.
----------------------------------------------------------------

---------------------------------------------------------------
Time to calculate step (QM step): 424.972 seconds, 7.1 minutes.
---------------------------------------------------------------

----------------------------------------------------------------------
Time to calculate step (QMpcgrad prepare): 0.000 seconds, 0.0 minutes.
----------------------------------------------------------------------

--------------------------------------------------------------------------
Time to calculate step (linkatomgrad prepare): 0.000 seconds, 0.0 minutes.
--------------------------------------------------------------------------

----------------------------------------------------------------------------
Time to calculate step (QM/MM gradient prepare): 0.000 seconds, 0.0 minutes.
----------------------------------------------------------------------------
Using OpenMM theory as part of QM/MM.
Using MM on full system. Charges for QM region [0, 1, 2, 3, 4, 5, 6, 7, 8, 9, 10, 11, 12, 13, 14, 15, 16, 17, 18, 19, 20, 21, 22, 23] have been set to zero 

--------------------------------------------------------------------------------
                   Creating/updating OpenMM simulation object                   
--------------------------------------------------------------------------------

Integrator name: VerletIntegrator
Timestep: 0.001
Temperature: 300
Coupling frequency: 1
Properties: {'Threads': '1'}
Topology: <Topology; 1 chains, 1 residues, 82 atoms, 0 bonds>

----------------------------------------------------------------------------------
Time to calculate step (creating/updating simulation): 0.001 seconds, 0.0 minutes.
----------------------------------------------------------------------------------

--------------------------------------------------------------------------------
                     Running Single-point OpenMM Interface                      
--------------------------------------------------------------------------------

Number of OpenMM system constraints defined: 0

-----------------------------------------------------------------------------------
Time to calculate step (OpenMMTheory.run: const-check): 0.001 seconds, 0.0 minutes.
-----------------------------------------------------------------------------------
Updating coordinates.

------------------------------------------------------------------------
Time to calculate step (Creating pos array): 0.000 seconds, 0.0 minutes.
------------------------------------------------------------------------

---------------------------------------------------------------------------
Time to calculate step (Updating MM positions): 0.000 seconds, 0.0 minutes.
---------------------------------------------------------------------------
Calling OpenMM getState.

---------------------------------------------------------------------
Time to calculate step (OpenMM getState): 0.000 seconds, 0.0 minutes.
---------------------------------------------------------------------
OpenMM Energy: -1.775403727255081 Eh
OpenMM Energy: -1114.0826591395034 kcal/mol

-----------------------
Ending OpenMM interface
-----------------------

----------------------------------------------------------------
Time to calculate step (OpenMM run): 0.002 seconds, 0.0 minutes.
----------------------------------------------------------------

-------------------------------------------------------------
Time to calculate step (MM step): 0.002 seconds, 0.0 minutes.
-------------------------------------------------------------

Note: You are using electrostatic embedding. This means that the QM-energy is actually the polarized QM-energy
Note: MM energy also contains the QM-MM Lennard-Jones interaction

QM energy:              -836.216432307789 
MM energy:                -1.775403727255
QM/MM energy:           -837.991836035044 

  ------------ENDING QM/MM MODULE------------- 

-----------------------------------------------------------------
Time to calculate step (QM/MM run): 424.975 seconds, 7.1 minutes.
-----------------------------------------------------------------
geometric called save_guess_files option option for ASHengineclass.
This option is currently unsupported in ASH. Continuing.

Convergence criteria: {'convergence_energy': 1e-05, 'convergence_grms': 0.003, 'convergence_gmax': 0.006, 'convergence_drms': 0.01, 'convergence_dmax': 0.015, 'convergence_cmax': 0.01}

Replacing coordinates in fragment.
Creating/Updating fragment attributes...
Number of Atoms in fragment: 82
Formula: C20O20H33N9
Label: CHHCCOOOCHCHCCHCHCHOHCOOCOOHCNHHNHHNHHCOOHCOOHCOOHCOOHCNHHNHHNHHCOOHCNHHNHHNHHCOOH
Charge: -2 Mult: 1

--------------------------------------------------------------------------------
Wrote XYZ file:  Fragment-currentgeo.xyz
Current geometry (Å) in step 16 (print_atoms_list region)
---------------------------------------------------
        C  58.60095601   35.34926558   58.06678153
        H  59.08618273   34.94200619   57.17667448
        H  59.11075364   36.16706687   58.58769447
        C  57.45224670   34.91788804   58.60821970
        C  56.97253202   35.46765727   59.98472215
        O  57.78365036   36.14322033   60.67418165
        O  55.80757013   35.14465179   60.34591667
        O  56.60363113   33.95094002   58.15385950
        C  56.90147529   33.03188168   57.04133154
        H  56.09816650   32.28728730   57.19804145
        C  58.24063073   32.41754552   57.21843022
        H  58.47145066   31.96476314   58.18387530
        C  59.27144382   32.62106522   56.37583781
        C  59.05199262   33.26552128   55.07228328
        H  59.89415440   33.34633544   54.37723774
        C  57.84167814   33.74538649   54.73722935
        H  57.66424524   34.19767318   53.75559208
        C  56.63182589   33.63291613   55.62887301
        H  56.19917535   34.64295628   55.78578023
        O  55.69020679   32.82103708   54.91835903
        H  55.07172993   32.44452241   55.55858198
        C  60.66245732   32.58659169   57.03319000
        O  60.90106288   31.71055445   57.90348644
        O  61.32681404   33.59100089   56.71591465
        C  63.06610000   29.76340000   43.42070000
        O  64.24992500   29.82517600   43.02416300
        O  62.35481600   28.73601700   43.45325900
        H  62.60812100   30.69925000   43.77346100
        C  58.71080000   26.50630000   65.29140000
        N  58.86137700   26.89152000   64.02734600
        H  58.55086000   27.55402200   64.72360000
        H  59.05754600   25.93648200   64.29101300
        N  58.30190100   27.37870400   66.20824900
        H  58.49807000   26.42366600   66.47191600
        H  58.41624900   27.67124000   65.24832800
        N  58.96912100   25.24867600   65.63860500
        H  59.08347000   25.54121100   64.67868400
        H  58.65860400   25.91117800   66.33485900
        C  58.59230000   24.28120000   47.30860000
        O  59.77612500   24.34297600   46.91206300
        O  57.88101600   23.25381700   47.34115900
        H  58.13432100   25.21705000   47.66136100
        C  70.95710000   27.50530000   53.36590000
        O  72.14092500   27.56707600   52.96936300
        O  70.24581600   26.47791700   53.39845900
        H  70.49912100   28.44115000   53.71866100
        C  67.80160000   24.00280000   52.09340000
        O  68.98542500   24.06457600   51.69686300
        O  67.09031600   22.97541700   52.12595900
        H  67.34362100   24.93865000   52.44616100
        C  67.12480000   32.65070000   44.69220000
        O  68.30862500   32.71247600   44.29566300
        O  66.41351600   31.62331700   44.72475900
        H  66.66682100   33.58655000   45.04496100
        C  61.12890000   33.14530000   67.78460000
        N  61.27947700   33.53052000   66.52054600
        H  60.96896000   34.19302200   67.21680000
        H  61.47564600   32.57548200   66.78421300
        N  60.72000100   34.01770400   68.70144900
        H  60.91617000   33.06266600   68.96511600
        H  60.83434900   34.31024000   67.74152800
        N  61.38722100   31.88767600   68.13180500
        H  61.50157000   32.18021100   67.17188400
        H  61.07670400   32.55017800   68.82805900
        C  70.55960000   34.37890000   48.88280000
        O  71.74342500   34.44067600   48.48626300
        O  69.84831600   33.35151700   48.91535900
        H  70.10162100   35.31475000   49.23556100
        C  55.13880000   30.68340000   67.21900000
        N  55.28937700   31.06862000   65.95494600
        H  54.97886000   31.73112200   66.65120000
        H  55.48554600   30.11358200   66.21861300
        N  54.72990100   31.55580400   68.13584900
        H  54.92607000   30.60076600   68.39951600
        H  54.84424900   31.84834000   67.17592800
        N  55.39712100   29.42577600   67.56620500
        H  55.51147000   29.71831100   66.60628400
        H  55.08660400   30.08827800   68.26245900
        C  64.84770000   24.20140000   47.60480000
        O  66.03152500   24.26317600   47.20826300
        O  64.13641600   23.17401700   47.63735900
        H  64.38972100   25.13725000   47.95756100

Note: printed only print_atoms_list (this is not necessarily all atoms) 
  ------------RUNNING QM/MM MODULE------------- 
QM Module: ORCATheory
MM Module: OpenMMTheory
Charge provided from QMMMTheory object:  -2
Mult provided from QMMMTheory object:  1
QM-region Charge: -2 Mult: 1
Embedding: Electrostatic
Number of pointcharges (to QM program): 58
Number of charge coordinates: 58
Running QM/MM object with 8 cores available

-------------------------------------------------------------------
Time to calculate step (before-QMstep): 0.000 seconds, 0.0 minutes.
-------------------------------------------------------------------
  ------------RUNNING ORCA INTERFACE------------- 
Object-label: ORCA
Run-label: None
Running ORCA with 8 cores available
Moreadfile option not active
A GBW-file with same basename : orca.gbw is present
Autostart is False. ORCA will ignore any file present
Creating inputfile: orca.inp
ORCA input:
! B3LYP D3BJ def2-SVP def2/J RIJCOSX CPCM TightSCF

! Noautostart

%cpcm epsilon 4.0 end
%scf MaxIter 300 Guess PModel end
Charge: -2  Mult: 1
Pointcharge embedding is on!
 ORCA Calculation starting. 
Found warning messages in ORCA outputfile:
WARNING: The chosen methods will break translational/rotational symmetry
 WARNING: The chosen methods will break translational symmetry
 WARNING: The chosen methods will break translational symmetry

 ORCA Calculation done. 
ORCA converged in 14 iterations
ORCA energy: -836.22202753842
  ------------ENDING ORCA-INTERFACE------------- 

----------------------------------------------------------------
Time to calculate step (ORCA run): 422.427 seconds, 7.0 minutes.
----------------------------------------------------------------

---------------------------------------------------------------
Time to calculate step (QM step): 422.427 seconds, 7.0 minutes.
---------------------------------------------------------------

----------------------------------------------------------------------
Time to calculate step (QMpcgrad prepare): 0.000 seconds, 0.0 minutes.
----------------------------------------------------------------------

--------------------------------------------------------------------------
Time to calculate step (linkatomgrad prepare): 0.000 seconds, 0.0 minutes.
--------------------------------------------------------------------------

----------------------------------------------------------------------------
Time to calculate step (QM/MM gradient prepare): 0.000 seconds, 0.0 minutes.
----------------------------------------------------------------------------
Using OpenMM theory as part of QM/MM.
Using MM on full system. Charges for QM region [0, 1, 2, 3, 4, 5, 6, 7, 8, 9, 10, 11, 12, 13, 14, 15, 16, 17, 18, 19, 20, 21, 22, 23] have been set to zero 

--------------------------------------------------------------------------------
                   Creating/updating OpenMM simulation object                   
--------------------------------------------------------------------------------

Integrator name: VerletIntegrator
Timestep: 0.001
Temperature: 300
Coupling frequency: 1
Properties: {'Threads': '1'}
Topology: <Topology; 1 chains, 1 residues, 82 atoms, 0 bonds>

----------------------------------------------------------------------------------
Time to calculate step (creating/updating simulation): 0.002 seconds, 0.0 minutes.
----------------------------------------------------------------------------------

--------------------------------------------------------------------------------
                     Running Single-point OpenMM Interface                      
--------------------------------------------------------------------------------

Number of OpenMM system constraints defined: 0

-----------------------------------------------------------------------------------
Time to calculate step (OpenMMTheory.run: const-check): 0.002 seconds, 0.0 minutes.
-----------------------------------------------------------------------------------
Updating coordinates.

------------------------------------------------------------------------
Time to calculate step (Creating pos array): 0.000 seconds, 0.0 minutes.
------------------------------------------------------------------------

---------------------------------------------------------------------------
Time to calculate step (Updating MM positions): 0.000 seconds, 0.0 minutes.
---------------------------------------------------------------------------
Calling OpenMM getState.

---------------------------------------------------------------------
Time to calculate step (OpenMM getState): 0.000 seconds, 0.0 minutes.
---------------------------------------------------------------------
OpenMM Energy: -1.775409653535572 Eh
OpenMM Energy: -1114.0863779366573 kcal/mol

-----------------------
Ending OpenMM interface
-----------------------

----------------------------------------------------------------
Time to calculate step (OpenMM run): 0.002 seconds, 0.0 minutes.
----------------------------------------------------------------

-------------------------------------------------------------
Time to calculate step (MM step): 0.003 seconds, 0.0 minutes.
-------------------------------------------------------------

Note: You are using electrostatic embedding. This means that the QM-energy is actually the polarized QM-energy
Note: MM energy also contains the QM-MM Lennard-Jones interaction

QM energy:              -836.222027538420 
MM energy:                -1.775409653536
QM/MM energy:           -837.997437191956 

  ------------ENDING QM/MM MODULE------------- 

-----------------------------------------------------------------
Time to calculate step (QM/MM run): 422.430 seconds, 7.0 minutes.
-----------------------------------------------------------------
geometric called save_guess_files option option for ASHengineclass.
This option is currently unsupported in ASH. Continuing.

Convergence criteria: {'convergence_energy': 1e-05, 'convergence_grms': 0.003, 'convergence_gmax': 0.006, 'convergence_drms': 0.01, 'convergence_dmax': 0.015, 'convergence_cmax': 0.01}

Replacing coordinates in fragment.
Creating/Updating fragment attributes...
Number of Atoms in fragment: 82
Formula: C20O20H33N9
Label: CHHCCOOOCHCHCCHCHCHOHCOOCOOHCNHHNHHNHHCOOHCOOHCOOHCOOHCNHHNHHNHHCOOHCNHHNHHNHHCOOH
Charge: -2 Mult: 1

--------------------------------------------------------------------------------
Wrote XYZ file:  Fragment-currentgeo.xyz
Current geometry (Å) in step 17 (print_atoms_list region)
---------------------------------------------------
        C  58.51291269   35.39133593   58.12468368
        H  58.94227258   35.06609399   57.17842522
        H  59.05358854   36.13456514   58.71883189
        C  57.38554989   34.91036354   58.67599620
        C  56.92864663   35.39089942   60.08216757
        O  57.74632554   36.06768559   60.75850760
        O  55.77515457   35.05410458   60.47804862
        O  56.52907812   33.97700487   58.17311741
        C  56.86896762   33.04844006   57.08534425
        H  56.06047059   32.30605578   57.22229031
        C  58.20845580   32.44575197   57.30657473
        H  58.41347918   31.99536901   58.28168945
        C  59.25782131   32.64867943   56.48308383
        C  59.06619924   33.27510395   55.16744740
        H  59.92602509   33.34847347   54.49467665
        C  57.86191093   33.74413594   54.79555950
        H  57.70306018   34.17768908   53.80166707
        C  56.63621803   33.64678704   55.66751032
        H  56.21625654   34.66477141   55.81372993
        O  55.69505633   32.84184031   54.95013336
        H  55.05390111   32.50377944   55.59181207
        C  60.63953642   32.59356553   57.13714280
        O  60.87750772   31.70495019   57.99179325
        O  61.31525159   33.60292503   56.84347562
        C  63.06610000   29.76340000   43.42070000
        O  64.24992500   29.82517600   43.02416300
        O  62.35481600   28.73601700   43.45325900
        H  62.60812100   30.69925000   43.77346100
        C  58.71080000   26.50630000   65.29140000
        N  58.86137700   26.89152000   64.02734600
        H  58.55086000   27.55402200   64.72360000
        H  59.05754600   25.93648200   64.29101300
        N  58.30190100   27.37870400   66.20824900
        H  58.49807000   26.42366600   66.47191600
        H  58.41624900   27.67124000   65.24832800
        N  58.96912100   25.24867600   65.63860500
        H  59.08347000   25.54121100   64.67868400
        H  58.65860400   25.91117800   66.33485900
        C  58.59230000   24.28120000   47.30860000
        O  59.77612500   24.34297600   46.91206300
        O  57.88101600   23.25381700   47.34115900
        H  58.13432100   25.21705000   47.66136100
        C  70.95710000   27.50530000   53.36590000
        O  72.14092500   27.56707600   52.96936300
        O  70.24581600   26.47791700   53.39845900
        H  70.49912100   28.44115000   53.71866100
        C  67.80160000   24.00280000   52.09340000
        O  68.98542500   24.06457600   51.69686300
        O  67.09031600   22.97541700   52.12595900
        H  67.34362100   24.93865000   52.44616100
        C  67.12480000   32.65070000   44.69220000
        O  68.30862500   32.71247600   44.29566300
        O  66.41351600   31.62331700   44.72475900
        H  66.66682100   33.58655000   45.04496100
        C  61.12890000   33.14530000   67.78460000
        N  61.27947700   33.53052000   66.52054600
        H  60.96896000   34.19302200   67.21680000
        H  61.47564600   32.57548200   66.78421300
        N  60.72000100   34.01770400   68.70144900
        H  60.91617000   33.06266600   68.96511600
        H  60.83434900   34.31024000   67.74152800
        N  61.38722100   31.88767600   68.13180500
        H  61.50157000   32.18021100   67.17188400
        H  61.07670400   32.55017800   68.82805900
        C  70.55960000   34.37890000   48.88280000
        O  71.74342500   34.44067600   48.48626300
        O  69.84831600   33.35151700   48.91535900
        H  70.10162100   35.31475000   49.23556100
        C  55.13880000   30.68340000   67.21900000
        N  55.28937700   31.06862000   65.95494600
        H  54.97886000   31.73112200   66.65120000
        H  55.48554600   30.11358200   66.21861300
        N  54.72990100   31.55580400   68.13584900
        H  54.92607000   30.60076600   68.39951600
        H  54.84424900   31.84834000   67.17592800
        N  55.39712100   29.42577600   67.56620500
        H  55.51147000   29.71831100   66.60628400
        H  55.08660400   30.08827800   68.26245900
        C  64.84770000   24.20140000   47.60480000
        O  66.03152500   24.26317600   47.20826300
        O  64.13641600   23.17401700   47.63735900
        H  64.38972100   25.13725000   47.95756100

Note: printed only print_atoms_list (this is not necessarily all atoms) 
  ------------RUNNING QM/MM MODULE------------- 
QM Module: ORCATheory
MM Module: OpenMMTheory
Charge provided from QMMMTheory object:  -2
Mult provided from QMMMTheory object:  1
QM-region Charge: -2 Mult: 1
Embedding: Electrostatic
Number of pointcharges (to QM program): 58
Number of charge coordinates: 58
Running QM/MM object with 8 cores available

-------------------------------------------------------------------
Time to calculate step (before-QMstep): 0.000 seconds, 0.0 minutes.
-------------------------------------------------------------------
  ------------RUNNING ORCA INTERFACE------------- 
Object-label: ORCA
Run-label: None
Running ORCA with 8 cores available
Moreadfile option not active
A GBW-file with same basename : orca.gbw is present
Autostart is False. ORCA will ignore any file present
Creating inputfile: orca.inp
ORCA input:
! B3LYP D3BJ def2-SVP def2/J RIJCOSX CPCM TightSCF

! Noautostart

%cpcm epsilon 4.0 end
%scf MaxIter 300 Guess PModel end
Charge: -2  Mult: 1
Pointcharge embedding is on!
 ORCA Calculation starting. 
Found warning messages in ORCA outputfile:
WARNING: The chosen methods will break translational/rotational symmetry
 WARNING: The chosen methods will break translational symmetry
 WARNING: The chosen methods will break translational symmetry

 ORCA Calculation done. 
ORCA converged in 14 iterations
ORCA energy: -836.229304942907
  ------------ENDING ORCA-INTERFACE------------- 

----------------------------------------------------------------
Time to calculate step (ORCA run): 381.814 seconds, 6.4 minutes.
----------------------------------------------------------------

---------------------------------------------------------------
Time to calculate step (QM step): 381.814 seconds, 6.4 minutes.
---------------------------------------------------------------

----------------------------------------------------------------------
Time to calculate step (QMpcgrad prepare): 0.000 seconds, 0.0 minutes.
----------------------------------------------------------------------

--------------------------------------------------------------------------
Time to calculate step (linkatomgrad prepare): 0.000 seconds, 0.0 minutes.
--------------------------------------------------------------------------

----------------------------------------------------------------------------
Time to calculate step (QM/MM gradient prepare): 0.000 seconds, 0.0 minutes.
----------------------------------------------------------------------------
Using OpenMM theory as part of QM/MM.
Using MM on full system. Charges for QM region [0, 1, 2, 3, 4, 5, 6, 7, 8, 9, 10, 11, 12, 13, 14, 15, 16, 17, 18, 19, 20, 21, 22, 23] have been set to zero 

--------------------------------------------------------------------------------
                   Creating/updating OpenMM simulation object                   
--------------------------------------------------------------------------------

Integrator name: VerletIntegrator
Timestep: 0.001
Temperature: 300
Coupling frequency: 1
Properties: {'Threads': '1'}
Topology: <Topology; 1 chains, 1 residues, 82 atoms, 0 bonds>

----------------------------------------------------------------------------------
Time to calculate step (creating/updating simulation): 0.001 seconds, 0.0 minutes.
----------------------------------------------------------------------------------

--------------------------------------------------------------------------------
                     Running Single-point OpenMM Interface                      
--------------------------------------------------------------------------------

Number of OpenMM system constraints defined: 0

-----------------------------------------------------------------------------------
Time to calculate step (OpenMMTheory.run: const-check): 0.001 seconds, 0.0 minutes.
-----------------------------------------------------------------------------------
Updating coordinates.

------------------------------------------------------------------------
Time to calculate step (Creating pos array): 0.000 seconds, 0.0 minutes.
------------------------------------------------------------------------

---------------------------------------------------------------------------
Time to calculate step (Updating MM positions): 0.000 seconds, 0.0 minutes.
---------------------------------------------------------------------------
Calling OpenMM getState.

---------------------------------------------------------------------
Time to calculate step (OpenMM getState): 0.000 seconds, 0.0 minutes.
---------------------------------------------------------------------
OpenMM Energy: -1.7754190504978378 Eh
OpenMM Energy: -1114.0922746195065 kcal/mol

-----------------------
Ending OpenMM interface
-----------------------

----------------------------------------------------------------
Time to calculate step (OpenMM run): 0.002 seconds, 0.0 minutes.
----------------------------------------------------------------

-------------------------------------------------------------
Time to calculate step (MM step): 0.002 seconds, 0.0 minutes.
-------------------------------------------------------------

Note: You are using electrostatic embedding. This means that the QM-energy is actually the polarized QM-energy
Note: MM energy also contains the QM-MM Lennard-Jones interaction

QM energy:              -836.229304942907 
MM energy:                -1.775419050498
QM/MM energy:           -838.004723993405 

  ------------ENDING QM/MM MODULE------------- 

-----------------------------------------------------------------
Time to calculate step (QM/MM run): 381.817 seconds, 6.4 minutes.
-----------------------------------------------------------------
geometric called save_guess_files option option for ASHengineclass.
This option is currently unsupported in ASH. Continuing.
geometric called clearCalcs option for ASHengineclass.
This option is currently unsupported in ASH. Continuing.

Convergence criteria: {'convergence_energy': 1e-05, 'convergence_grms': 0.003, 'convergence_gmax': 0.006, 'convergence_drms': 0.01, 'convergence_dmax': 0.015, 'convergence_cmax': 0.01}

Replacing coordinates in fragment.
Creating/Updating fragment attributes...
Number of Atoms in fragment: 82
Formula: C20O20H33N9
Label: CHHCCOOOCHCHCCHCHCHOHCOOCOOHCNHHNHHNHHCOOHCOOHCOOHCOOHCNHHNHHNHHCOOHCNHHNHHNHHCOOH
Charge: -2 Mult: 1

--------------------------------------------------------------------------------
Wrote XYZ file:  Fragment-currentgeo.xyz
Current geometry (Å) in step 18 (print_atoms_list region)
---------------------------------------------------
        C  58.38104069   35.44651174   58.22791804
        H  58.73713886   35.25061496   57.19786146
        H  58.97921053   36.10161811   58.84627132
        C  57.28423547   34.90732482   58.81033830
        C  56.86376298   35.28921734   60.25725864
        O  57.69105671   35.96152818   60.93269103
        O  55.72422643   34.91567799   60.65423319
        O  56.43229440   34.01635541   58.20511174
        C  56.82127455   33.08017923   57.14692072
        H  56.01316790   32.33065987   57.25668847
        C  58.15896815   32.49144738   57.43237870
        H  58.32885211   32.04450639   58.41730986
        C  59.23598595   32.68729841   56.63811718
        C  59.08105400   33.28498785   55.30134797
        H  59.96273469   33.34601319   54.65590678
        C  57.88603610   33.73977177   54.87811093
        H  57.75597727   34.14841842   53.86902978
        C  56.63738466   33.66709544   55.71901004
        H  56.23419583   34.69547449   55.84839522
        O  55.69635529   32.87264187   54.99152270
        H  55.02079814   32.58220475   55.62340807
        C  60.60708272   32.62110211   57.31315516
        O  60.82750698   31.69679450   58.13871825
        O  61.30068154   33.61992331   57.03892640
        C  63.06610000   29.76340000   43.42070000
        O  64.24992500   29.82517600   43.02416300
        O  62.35481600   28.73601700   43.45325900
        H  62.60812100   30.69925000   43.77346100
        C  58.71080000   26.50630000   65.29140000
        N  58.86137700   26.89152000   64.02734600
        H  58.55086000   27.55402200   64.72360000
        H  59.05754600   25.93648200   64.29101300
        N  58.30190100   27.37870400   66.20824900
        H  58.49807000   26.42366600   66.47191600
        H  58.41624900   27.67124000   65.24832800
        N  58.96912100   25.24867600   65.63860500
        H  59.08347000   25.54121100   64.67868400
        H  58.65860400   25.91117800   66.33485900
        C  58.59230000   24.28120000   47.30860000
        O  59.77612500   24.34297600   46.91206300
        O  57.88101600   23.25381700   47.34115900
        H  58.13432100   25.21705000   47.66136100
        C  70.95710000   27.50530000   53.36590000
        O  72.14092500   27.56707600   52.96936300
        O  70.24581600   26.47791700   53.39845900
        H  70.49912100   28.44115000   53.71866100
        C  67.80160000   24.00280000   52.09340000
        O  68.98542500   24.06457600   51.69686300
        O  67.09031600   22.97541700   52.12595900
        H  67.34362100   24.93865000   52.44616100
        C  67.12480000   32.65070000   44.69220000
        O  68.30862500   32.71247600   44.29566300
        O  66.41351600   31.62331700   44.72475900
        H  66.66682100   33.58655000   45.04496100
        C  61.12890000   33.14530000   67.78460000
        N  61.27947700   33.53052000   66.52054600
        H  60.96896000   34.19302200   67.21680000
        H  61.47564600   32.57548200   66.78421300
        N  60.72000100   34.01770400   68.70144900
        H  60.91617000   33.06266600   68.96511600
        H  60.83434900   34.31024000   67.74152800
        N  61.38722100   31.88767600   68.13180500
        H  61.50157000   32.18021100   67.17188400
        H  61.07670400   32.55017800   68.82805900
        C  70.55960000   34.37890000   48.88280000
        O  71.74342500   34.44067600   48.48626300
        O  69.84831600   33.35151700   48.91535900
        H  70.10162100   35.31475000   49.23556100
        C  55.13880000   30.68340000   67.21900000
        N  55.28937700   31.06862000   65.95494600
        H  54.97886000   31.73112200   66.65120000
        H  55.48554600   30.11358200   66.21861300
        N  54.72990100   31.55580400   68.13584900
        H  54.92607000   30.60076600   68.39951600
        H  54.84424900   31.84834000   67.17592800
        N  55.39712100   29.42577600   67.56620500
        H  55.51147000   29.71831100   66.60628400
        H  55.08660400   30.08827800   68.26245900
        C  64.84770000   24.20140000   47.60480000
        O  66.03152500   24.26317600   47.20826300
        O  64.13641600   23.17401700   47.63735900
        H  64.38972100   25.13725000   47.95756100

Note: printed only print_atoms_list (this is not necessarily all atoms) 
  ------------RUNNING QM/MM MODULE------------- 
QM Module: ORCATheory
MM Module: OpenMMTheory
Charge provided from QMMMTheory object:  -2
Mult provided from QMMMTheory object:  1
QM-region Charge: -2 Mult: 1
Embedding: Electrostatic
Number of pointcharges (to QM program): 58
Number of charge coordinates: 58
Running QM/MM object with 8 cores available

-------------------------------------------------------------------
Time to calculate step (before-QMstep): 0.000 seconds, 0.0 minutes.
-------------------------------------------------------------------
  ------------RUNNING ORCA INTERFACE------------- 
Object-label: ORCA
Run-label: None
Running ORCA with 8 cores available
Moreadfile option not active
A GBW-file with same basename : orca.gbw is present
Autostart is False. ORCA will ignore any file present
Creating inputfile: orca.inp
ORCA input:
! B3LYP D3BJ def2-SVP def2/J RIJCOSX CPCM TightSCF

! Noautostart

%cpcm epsilon 4.0 end
%scf MaxIter 300 Guess PModel end
Charge: -2  Mult: 1
Pointcharge embedding is on!
 ORCA Calculation starting. 
Found warning messages in ORCA outputfile:
WARNING: The chosen methods will break translational/rotational symmetry
 WARNING: The chosen methods will break translational symmetry
 WARNING: The chosen methods will break translational symmetry

 ORCA Calculation done. 
ORCA converged in 14 iterations
ORCA energy: -836.237963764057
  ------------ENDING ORCA-INTERFACE------------- 

----------------------------------------------------------------
Time to calculate step (ORCA run): 384.320 seconds, 6.4 minutes.
----------------------------------------------------------------

---------------------------------------------------------------
Time to calculate step (QM step): 384.320 seconds, 6.4 minutes.
---------------------------------------------------------------

----------------------------------------------------------------------
Time to calculate step (QMpcgrad prepare): 0.000 seconds, 0.0 minutes.
----------------------------------------------------------------------

--------------------------------------------------------------------------
Time to calculate step (linkatomgrad prepare): 0.000 seconds, 0.0 minutes.
--------------------------------------------------------------------------

----------------------------------------------------------------------------
Time to calculate step (QM/MM gradient prepare): 0.000 seconds, 0.0 minutes.
----------------------------------------------------------------------------
Using OpenMM theory as part of QM/MM.
Using MM on full system. Charges for QM region [0, 1, 2, 3, 4, 5, 6, 7, 8, 9, 10, 11, 12, 13, 14, 15, 16, 17, 18, 19, 20, 21, 22, 23] have been set to zero 

--------------------------------------------------------------------------------
                   Creating/updating OpenMM simulation object                   
--------------------------------------------------------------------------------

Integrator name: VerletIntegrator
Timestep: 0.001
Temperature: 300
Coupling frequency: 1
Properties: {'Threads': '1'}
Topology: <Topology; 1 chains, 1 residues, 82 atoms, 0 bonds>

----------------------------------------------------------------------------------
Time to calculate step (creating/updating simulation): 0.002 seconds, 0.0 minutes.
----------------------------------------------------------------------------------

--------------------------------------------------------------------------------
                     Running Single-point OpenMM Interface                      
--------------------------------------------------------------------------------

Number of OpenMM system constraints defined: 0

-----------------------------------------------------------------------------------
Time to calculate step (OpenMMTheory.run: const-check): 0.003 seconds, 0.0 minutes.
-----------------------------------------------------------------------------------
Updating coordinates.

------------------------------------------------------------------------
Time to calculate step (Creating pos array): 0.000 seconds, 0.0 minutes.
------------------------------------------------------------------------

---------------------------------------------------------------------------
Time to calculate step (Updating MM positions): 0.000 seconds, 0.0 minutes.
---------------------------------------------------------------------------
Calling OpenMM getState.

---------------------------------------------------------------------
Time to calculate step (OpenMM getState): 0.001 seconds, 0.0 minutes.
---------------------------------------------------------------------
OpenMM Energy: -1.775435969041968 Eh
OpenMM Energy: -1114.1028911662356 kcal/mol

-----------------------
Ending OpenMM interface
-----------------------

----------------------------------------------------------------
Time to calculate step (OpenMM run): 0.004 seconds, 0.0 minutes.
----------------------------------------------------------------

-------------------------------------------------------------
Time to calculate step (MM step): 0.004 seconds, 0.0 minutes.
-------------------------------------------------------------

Note: You are using electrostatic embedding. This means that the QM-energy is actually the polarized QM-energy
Note: MM energy also contains the QM-MM Lennard-Jones interaction

QM energy:              -836.237963764057 
MM energy:                -1.775435969042
QM/MM energy:           -838.013399733099 

  ------------ENDING QM/MM MODULE------------- 

-----------------------------------------------------------------
Time to calculate step (QM/MM run): 384.324 seconds, 6.4 minutes.
-----------------------------------------------------------------
geometric called save_guess_files option option for ASHengineclass.
This option is currently unsupported in ASH. Continuing.Step   21 : Displace = [0m1.010e-01[0m/[0m3.191e-01[0m (rms/max) Trust = 1.052e-01 ([92m+[0m) Grad_T = [0m3.433e-03[0m/[0m1.614e-02[0m (rms/max) E (change) = -838.0239828803 ([0m-1.058e-02[0m) Quality = [0m0.964[0m
Hessian Eigenvalues: 8.25031e-04 1.08949e-02 2.29085e-02 ... 5.81126e-01 5.93594e-01 7.00098e-01
