geometric-optimize called with the following command line:
relax_barrier.py shell7p3ts run

                                        [91m())))))))))))))))/[0m                     
                                    [91m())))))))))))))))))))))))),[0m                
                                [91m*)))))))))))))))))))))))))))))))))[0m             
                        [94m#,[0m    [91m()))))))))/[0m                [91m.)))))))))),[0m          
                      [94m#%%%%,[0m  [91m())))))[0m                        [91m.))))))))*[0m        
                      [94m*%%%%%%,[0m  [91m))[0m              [93m..[0m              [91m,))))))).[0m      
                        [94m*%%%%%%,[0m         [93m***************/.[0m        [91m.)))))))[0m     
                [94m#%%/[0m      [94m(%%%%%%,[0m    [93m/*********************.[0m       [91m)))))))[0m    
              [94m.%%%%%%#[0m      [94m*%%%%%%,[0m  [93m*******/,[0m     [93m**********,[0m      [91m.))))))[0m   
                [94m.%%%%%%/[0m      [94m*%%%%%%,[0m  [93m**[0m              [93m********[0m      [91m.))))))[0m  
          [94m##[0m      [94m.%%%%%%/[0m      [94m(%%%%%%,[0m                  [93m,******[0m      [91m/)))))[0m  
        [94m%%%%%%[0m      [94m.%%%%%%#[0m      [94m*%%%%%%,[0m    [92m,/////.[0m       [93m******[0m      [91m))))))[0m 
      [94m#%[0m      [94m%%[0m      [94m.%%%%%%/[0m      [94m*%%%%%%,[0m  [92m////////,[0m      [93m*****/[0m     [91m,)))))[0m 
    [94m#%%[0m  [94m%%%[0m  [94m%%%#[0m      [94m.%%%%%%/[0m      [94m(%%%%%%,[0m  [92m///////.[0m     [93m/*****[0m      [91m))))).[0m
  [94m#%%%%.[0m      [94m%%%%%#[0m      [94m/%%%%%%*[0m      [94m#%%%%%%[0m   [92m/////)[0m     [93m******[0m      [91m))))),[0m
    [94m#%%%%##%[0m  [94m%%%#[0m      [94m.%%%%%%/[0m      [94m(%%%%%%,[0m  [92m///////.[0m     [93m/*****[0m      [91m))))).[0m
      [94m##[0m     [94m%%%[0m      [94m.%%%%%%/[0m      [94m*%%%%%%,[0m  [92m////////.[0m      [93m*****/[0m     [91m,)))))[0m 
        [94m#%%%%#[0m      [94m/%%%%%%/[0m      [94m(%%%%%%[0m      [92m/)/)//[0m       [93m******[0m      [91m))))))[0m 
          [94m##[0m      [94m.%%%%%%/[0m      [94m(%%%%%%,[0m                  [93m*******[0m      [91m))))))[0m  
                [94m.%%%%%%/[0m      [94m*%%%%%%,[0m  [93m**.[0m             [93m/*******[0m      [91m.))))))[0m  
              [94m*%%%%%%/[0m      [94m(%%%%%%[0m   [93m********/*..,*/*********[0m       [91m*))))))[0m   
                [94m#%%/[0m      [94m(%%%%%%,[0m    [93m*********************/[0m        [91m)))))))[0m    
                        [94m*%%%%%%,[0m         [93m,**************/[0m         [91m,))))))/[0m     
                      [94m(%%%%%%[0m   [91m()[0m                              [91m))))))))[0m       
                      [94m#%%%%,[0m  [91m())))))[0m                        [91m,)))))))),[0m        
                        [94m#,[0m    [91m())))))))))[0m                [91m,)))))))))).[0m          
                                 [91m()))))))))))))))))))))))))))))))/[0m             
                                    [91m())))))))))))))))))))))))).[0m                
                                         [91m())))))))))))))),[0m                     

-=# [1;94m geomeTRIC started. Version: 1.1.1 [0m #=-
Current date and time: 2026-07-29 17:07:06
#========================================================#
#| [92m    Arguments passed to driver run_optimizer():     [0m |#
#========================================================#
bothre                    0.0 
constraints               constraints.txt 
convergence_cmax          0.01 
convergence_dmax          0.015 
convergence_drms          0.01 
convergence_energy        1e-05 
convergence_gmax          0.006 
convergence_grms          0.003 
coordsys                  hdlc 
customengine              <ash.interfaces.interface_geometric_new.ASHengineclass object at 0x1473f1a88410> 
input                     dummyinputname 
irc                       False 
logIni                    /home/18660916/envs/ash/lib/python3.11/site-packages/ash/log.ini 
maxiter                   400 
prefix                    geometric_OPTtraj 
rigid                     False 
subfrctor                 1 
transition                False 
verbose                   0 
----------------------------------------------------------
Custom engine selected.
$freeze
xyz 25
xyz 26
xyz 27
xyz 28
xyz 29
xyz 30
xyz 31
xyz 32
xyz 33
xyz 34
xyz 35
xyz 36
xyz 37
xyz 38
xyz 39
xyz 40
xyz 41
xyz 42
xyz 43
xyz 44
xyz 45
xyz 46
xyz 47
xyz 48
xyz 49
xyz 50
xyz 51
xyz 52
xyz 53
xyz 54
xyz 55
xyz 56
xyz 57
xyz 58
xyz 59
xyz 60
xyz 61
xyz 62
xyz 63
xyz 64
xyz 65
xyz 66
xyz 67
xyz 68
xyz 69
xyz 70
xyz 71
xyz 72
xyz 73
xyz 74
xyz 75
xyz 76
xyz 77
xyz 78
xyz 79
xyz 80
xyz 81
xyz 82
xyz 83
xyz 84
xyz 85
xyz 86
xyz 87
xyz 88
xyz 89
xyz 90
xyz 91
xyz 92
xyz 93
xyz 94
xyz 95
xyz 96
xyz 97
xyz 98
xyz 99
xyz 100
Bonds will be generated from interatomic distances less than 1.20 times sum of covalent radii
300 internal coordinates being used (instead of 300 Cartesians)
<class 'geometric.internal.CartesianX'> : 100
<class 'geometric.internal.CartesianY'> : 100
<class 'geometric.internal.CartesianZ'> : 100
<class 'geometric.internal.Distance'> : 143
<class 'geometric.internal.Angle'> : 171
<class 'geometric.internal.OutOfPlane'> : 571
<class 'geometric.internal.Dihedral'> : 961
Constraint                         Current      Target       Diff.
Cartesian-X 25                    51.07830    51.07830     0.00000
Cartesian-Y 25                    35.22980    35.22980     0.00000
Cartesian-Z 25                    63.65660    63.65660     0.00000
Cartesian-X 26                    51.22888    51.22888     0.00000
Cartesian-Y 26                    35.61502    35.61502     0.00000
Cartesian-Z 26                    62.39255    62.39255     0.00000
Cartesian-X 27                    50.91836    50.91836     0.00000
Cartesian-Y 27                    36.27752    36.27752     0.00000
Cartesian-Z 27                    63.08880    63.08880     0.00000
Cartesian-X 28                    51.42505    51.42505     0.00000
Cartesian-Y 28                    34.65998    34.65998     0.00000
Cartesian-Z 28                    62.65621    62.65621     0.00000
Cartesian-X 29                    50.66940    50.66940     0.00000
Cartesian-Y 29                    36.10220    36.10220     0.00000
Cartesian-Z 29                    64.57345    64.57345     0.00000
Cartesian-X 30                    50.86557    50.86557     0.00000
Cartesian-Y 30                    35.14717    35.14717     0.00000
Cartesian-Z 30                    64.83712    64.83712     0.00000
Cartesian-X 31                    50.78375    50.78375     0.00000
Cartesian-Y 31                    36.39474    36.39474     0.00000
Cartesian-Z 31                    63.61353    63.61353     0.00000
Cartesian-X 32                    51.33662    51.33662     0.00000
Cartesian-Y 32                    33.97218    33.97218     0.00000
Cartesian-Z 32                    64.00380    64.00380     0.00000
Cartesian-X 33                    51.45097    51.45097     0.00000
Cartesian-Y 33                    34.26471    34.26471     0.00000
Cartesian-Z 33                    63.04388    63.04388     0.00000
Cartesian-X 34                    51.02610    51.02610     0.00000
Cartesian-Y 34                    34.63468    34.63468     0.00000
Cartesian-Z 34                    64.70006    64.70006     0.00000
Cartesian-X 35                    64.07740    64.07740     0.00000
Cartesian-Y 35                    35.28690    35.28690     0.00000
Cartesian-Z 35                    45.52850    45.52850     0.00000
Cartesian-X 36                    65.26122    65.26122     0.00000
Cartesian-Y 36                    35.34868    35.34868     0.00000
Cartesian-Z 36                    45.13196    45.13196     0.00000
Cartesian-X 37                    63.36612    63.36612     0.00000
Cartesian-Y 37                    34.25952    34.25952     0.00000
Cartesian-Z 37                    45.56106    45.56106     0.00000
Cartesian-X 38                    63.61942    63.61942     0.00000
Cartesian-Y 38                    36.22275    36.22275     0.00000
Cartesian-Z 38                    45.88126    45.88126     0.00000
Cartesian-X 39                    66.29280    66.29280     0.00000
Cartesian-Y 39                    24.23360    24.23360     0.00000
Cartesian-Z 39                    56.82780    56.82780     0.00000
Cartesian-X 40                    67.47662    67.47662     0.00000
Cartesian-Y 40                    24.29538    24.29538     0.00000
Cartesian-Z 40                    56.43126    56.43126     0.00000
Cartesian-X 41                    65.58152    65.58152     0.00000
Cartesian-Y 41                    23.20622    23.20622     0.00000
Cartesian-Z 41                    56.86036    56.86036     0.00000
Cartesian-X 42                    65.83482    65.83482     0.00000
Cartesian-Y 42                    25.16945    25.16945     0.00000
Cartesian-Z 42                    57.18056    57.18056     0.00000
Cartesian-X 43                    56.25930    56.25930     0.00000
Cartesian-Y 43                    31.74570    31.74570     0.00000
Cartesian-Z 43                    66.22720    66.22720     0.00000
Cartesian-X 44                    56.40988    56.40988     0.00000
Cartesian-Y 44                    32.13092    32.13092     0.00000
Cartesian-Z 44                    64.96315    64.96315     0.00000
Cartesian-X 45                    56.09936    56.09936     0.00000
Cartesian-Y 45                    32.79342    32.79342     0.00000
Cartesian-Z 45                    65.65940    65.65940     0.00000
Cartesian-X 46                    56.60605    56.60605     0.00000
Cartesian-Y 46                    31.17588    31.17588     0.00000
Cartesian-Z 46                    65.22681    65.22681     0.00000
Cartesian-X 47                    55.85040    55.85040     0.00000
Cartesian-Y 47                    32.61810    32.61810     0.00000
Cartesian-Z 47                    67.14405    67.14405     0.00000
Cartesian-X 48                    56.04657    56.04657     0.00000
Cartesian-Y 48                    31.66307    31.66307     0.00000
Cartesian-Z 48                    67.40772    67.40772     0.00000
Cartesian-X 49                    55.96475    55.96475     0.00000
Cartesian-Y 49                    32.91064    32.91064     0.00000
Cartesian-Z 49                    66.18413    66.18413     0.00000
Cartesian-X 50                    56.51762    56.51762     0.00000
Cartesian-Y 50                    30.48808    30.48808     0.00000
Cartesian-Z 50                    66.57440    66.57440     0.00000
Cartesian-X 51                    56.63197    56.63197     0.00000
Cartesian-Y 51                    30.78061    30.78061     0.00000
Cartesian-Z 51                    65.61448    65.61448     0.00000
Cartesian-X 52                    56.20710    56.20710     0.00000
Cartesian-Y 52                    31.15058    31.15058     0.00000
Cartesian-Z 52                    67.27066    67.27066     0.00000
Cartesian-X 53                    54.97730    54.97730     0.00000
Cartesian-Y 53                    24.02100    24.02100     0.00000
Cartesian-Z 53                    60.33440    60.33440     0.00000
Cartesian-X 54                    55.12788    55.12788     0.00000
Cartesian-Y 54                    24.40622    24.40622     0.00000
Cartesian-Z 54                    59.07035    59.07035     0.00000
Cartesian-X 55                    54.81736    54.81736     0.00000
Cartesian-Y 55                    25.06872    25.06872     0.00000
Cartesian-Z 55                    59.76660    59.76660     0.00000
Cartesian-X 56                    55.32405    55.32405     0.00000
Cartesian-Y 56                    23.45118    23.45118     0.00000
Cartesian-Z 56                    59.33401    59.33401     0.00000
Cartesian-X 57                    54.56840    54.56840     0.00000
Cartesian-Y 57                    24.89340    24.89340     0.00000
Cartesian-Z 57                    61.25125    61.25125     0.00000
Cartesian-X 58                    54.76457    54.76457     0.00000
Cartesian-Y 58                    23.93837    23.93837     0.00000
Cartesian-Z 58                    61.51492    61.51492     0.00000
Cartesian-X 59                    54.68275    54.68275     0.00000
Cartesian-Y 59                    25.18594    25.18594     0.00000
Cartesian-Z 59                    60.29133    60.29133     0.00000
Cartesian-X 60                    55.23562    55.23562     0.00000
Cartesian-Y 60                    22.76338    22.76338     0.00000
Cartesian-Z 60                    60.68160    60.68160     0.00000
Cartesian-X 61                    55.34997    55.34997     0.00000
Cartesian-Y 61                    23.05591    23.05591     0.00000
Cartesian-Z 61                    59.72168    59.72168     0.00000
Cartesian-X 62                    54.92510    54.92510     0.00000
Cartesian-Y 62                    23.42588    23.42588     0.00000
Cartesian-Z 62                    61.37786    61.37786     0.00000
Cartesian-X 63                    69.25010    69.25010     0.00000
Cartesian-Y 63                    33.19120    33.19120     0.00000
Cartesian-Z 63                    49.20880    49.20880     0.00000
Cartesian-X 64                    70.43393    70.43393     0.00000
Cartesian-Y 64                    33.25298    33.25298     0.00000
Cartesian-Z 64                    48.81226    48.81226     0.00000
Cartesian-X 65                    68.53882    68.53882     0.00000
Cartesian-Y 65                    32.16382    32.16382     0.00000
Cartesian-Z 65                    49.24136    49.24136     0.00000
Cartesian-X 66                    68.79212    68.79212     0.00000
Cartesian-Y 66                    34.12705    34.12705     0.00000
Cartesian-Z 66                    49.56156    49.56156     0.00000
Cartesian-X 67                    63.85800    63.85800     0.00000
Cartesian-Y 67                    34.46660    34.46660     0.00000
Cartesian-Z 67                    65.39110    65.39110     0.00000
Cartesian-X 68                    64.00858    64.00858     0.00000
Cartesian-Y 68                    34.85182    34.85182     0.00000
Cartesian-Z 68                    64.12705    64.12705     0.00000
Cartesian-X 69                    63.69806    63.69806     0.00000
Cartesian-Y 69                    35.51432    35.51432     0.00000
Cartesian-Z 69                    64.82330    64.82330     0.00000
Cartesian-X 70                    64.20475    64.20475     0.00000
Cartesian-Y 70                    33.89678    33.89678     0.00000
Cartesian-Z 70                    64.39071    64.39071     0.00000
Cartesian-X 71                    63.44910    63.44910     0.00000
Cartesian-Y 71                    35.33900    35.33900     0.00000
Cartesian-Z 71                    66.30795    66.30795     0.00000
Cartesian-X 72                    63.64527    63.64527     0.00000
Cartesian-Y 72                    34.38397    34.38397     0.00000
Cartesian-Z 72                    66.57162    66.57162     0.00000
Cartesian-X 73                    63.56345    63.56345     0.00000
Cartesian-Y 73                    35.63154    35.63154     0.00000
Cartesian-Z 73                    65.34803    65.34803     0.00000
Cartesian-X 74                    64.11632    64.11632     0.00000
Cartesian-Y 74                    33.20898    33.20898     0.00000
Cartesian-Z 74                    65.73830    65.73830     0.00000
Cartesian-X 75                    64.23067    64.23067     0.00000
Cartesian-Y 75                    33.50151    33.50151     0.00000
Cartesian-Z 75                    64.77838    64.77838     0.00000
Cartesian-X 76                    63.80580    63.80580     0.00000
Cartesian-Y 76                    33.87148    33.87148     0.00000
Cartesian-Z 76                    66.43456    66.43456     0.00000
Cartesian-X 77                    62.48230    62.48230     0.00000
Cartesian-Y 77                    39.90100    39.90100     0.00000
Cartesian-Z 77                    63.99240    63.99240     0.00000
Cartesian-X 78                    62.63288    62.63288     0.00000
Cartesian-Y 78                    40.28622    40.28622     0.00000
Cartesian-Z 78                    62.72835    62.72835     0.00000
Cartesian-X 79                    62.32236    62.32236     0.00000
Cartesian-Y 79                    40.94872    40.94872     0.00000
Cartesian-Z 79                    63.42460    63.42460     0.00000
Cartesian-X 80                    62.82905    62.82905     0.00000
Cartesian-Y 80                    39.33118    39.33118     0.00000
Cartesian-Z 80                    62.99201    62.99201     0.00000
Cartesian-X 81                    62.07340    62.07340     0.00000
Cartesian-Y 81                    40.77340    40.77340     0.00000
Cartesian-Z 81                    64.90925    64.90925     0.00000
Cartesian-X 82                    62.26957    62.26957     0.00000
Cartesian-Y 82                    39.81837    39.81837     0.00000
Cartesian-Z 82                    65.17292    65.17292     0.00000
Cartesian-X 83                    62.18775    62.18775     0.00000
Cartesian-Y 83                    41.06594    41.06594     0.00000
Cartesian-Z 83                    63.94933    63.94933     0.00000
Cartesian-X 84                    62.74062    62.74062     0.00000
Cartesian-Y 84                    38.64338    38.64338     0.00000
Cartesian-Z 84                    64.33961    64.33961     0.00000
Cartesian-X 85                    62.85497    62.85497     0.00000
Cartesian-Y 85                    38.93591    38.93591     0.00000
Cartesian-Z 85                    63.37968    63.37968     0.00000
Cartesian-X 86                    62.43010    62.43010     0.00000
Cartesian-Y 86                    39.30588    39.30588     0.00000
Cartesian-Z 86                    65.03586    65.03586     0.00000
Cartesian-X 87                    56.12980    56.12980     0.00000
Cartesian-Y 87                    40.36960    40.36960     0.00000
Cartesian-Z 87                    64.54710    64.54710     0.00000
Cartesian-X 88                    56.28038    56.28038     0.00000
Cartesian-Y 88                    40.75482    40.75482     0.00000
Cartesian-Z 88                    63.28305    63.28305     0.00000
Cartesian-X 89                    55.96986    55.96986     0.00000
Cartesian-Y 89                    41.41732    41.41732     0.00000
Cartesian-Z 89                    63.97930    63.97930     0.00000
Cartesian-X 90                    56.47655    56.47655     0.00000
Cartesian-Y 90                    39.79978    39.79978     0.00000
Cartesian-Z 90                    63.54671    63.54671     0.00000
Cartesian-X 91                    55.72090    55.72090     0.00000
Cartesian-Y 91                    41.24200    41.24200     0.00000
Cartesian-Z 91                    65.46395    65.46395     0.00000
Cartesian-X 92                    55.91707    55.91707     0.00000
Cartesian-Y 92                    40.28697    40.28697     0.00000
Cartesian-Z 92                    65.72762    65.72762     0.00000
Cartesian-X 93                    55.83525    55.83525     0.00000
Cartesian-Y 93                    41.53454    41.53454     0.00000
Cartesian-Z 93                    64.50403    64.50403     0.00000
Cartesian-X 94                    56.38812    56.38812     0.00000
Cartesian-Y 94                    39.11198    39.11198     0.00000
Cartesian-Z 94                    64.89431    64.89431     0.00000
Cartesian-X 95                    56.50247    56.50247     0.00000
Cartesian-Y 95                    39.40451    39.40451     0.00000
Cartesian-Z 95                    63.93438    63.93438     0.00000
Cartesian-X 96                    56.07760    56.07760     0.00000
Cartesian-Y 96                    39.77448    39.77448     0.00000
Cartesian-Z 96                    65.59056    65.59056     0.00000
Cartesian-X 97                    58.07510    58.07510     0.00000
Cartesian-Y 97                    26.94060    26.94060     0.00000
Cartesian-Z 97                    47.10160    47.10160     0.00000
Cartesian-X 98                    59.25892    59.25892     0.00000
Cartesian-Y 98                    27.00238    27.00238     0.00000
Cartesian-Z 98                    46.70506    46.70506     0.00000
Cartesian-X 99                    57.36382    57.36382     0.00000
Cartesian-Y 99                    25.91322    25.91322     0.00000
Cartesian-Z 99                    47.13416    47.13416     0.00000
Cartesian-X 100                   57.61712    57.61712     0.00000
Cartesian-Y 100                   27.87645    27.87645     0.00000
Cartesian-Z 100                   47.45436    47.45436     0.00000
> ===== Optimization Info: ====
> Job type: Energy minimization
> Maximum number of optimization cycles: 400
> Initial / maximum trust radius (Angstrom): 0.100 / 0.300
> Convergence Criteria:
> Will converge when all 5 criteria are reached:
>  |Delta-E| < 1.00e-05
>  RMS-Ortho-Grad < 3.00e-03
>  Max-Ortho-Grad < 6.00e-03
>  RMS-Disp  < 1.00e-02
>  Max-Disp  < 1.50e-02
> 
> Constraints are requested. The following criterion is added:
>  Max Constraint Violation (in Angstroms/degrees) < 1.00e-02 
> === End Optimization Info ===
Step    0 : Gradient = 6.132e-03/3.245e-02 (rms/max) Energy = -839.9526084358
Hessian Eigenvalues: 2.63687e-02 2.63687e-02 2.63687e-02 ... 5.78010e-01 5.78010e-01 5.78010e-01
Step    1 : Displace = [0m2.103e-02[0m/[0m1.382e-01[0m (rms/max) Trust = 1.000e-01 (=) Grad_T = [0m3.306e-03[0m/[0m1.560e-02[0m (rms/max) E (change) = -839.9614717319 ([0m-8.863e-03[0m) Quality = [0m1.283[0m
Hessian Eigenvalues: 1.95031e-02 2.63687e-02 2.63687e-02 ... 5.78010e-01 5.78010e-01 5.78554e-01
Step    2 : Displace = [0m3.142e-02[0m/[0m1.751e-01[0m (rms/max) Trust = 1.414e-01 ([92m+[0m) Grad_T = [0m3.701e-03[0m/[0m1.959e-02[0m (rms/max) E (change) = -839.9693138772 ([0m-7.842e-03[0m) Quality = [0m1.474[0m
Hessian Eigenvalues: 7.29267e-03 2.63687e-02 2.63687e-02 ... 5.78010e-01 5.78010e-01 6.14423e-01
Step    3 : Displace = [0m6.254e-02[0m/[0m3.178e-01[0m (rms/max) Trust = 2.000e-01 ([92m+[0m) Grad_T = [0m5.749e-03[0m/[0m2.929e-02[0m (rms/max) E (change) = -839.9794636998 ([0m-1.015e-02[0m) Quality = [0m1.405[0m
Hessian Eigenvalues: 3.59556e-03 2.63687e-02 2.63687e-02 ... 5.78010e-01 5.78010e-01 6.11563e-01
Step    4 : Displace = [0m8.519e-02[0m/[0m4.091e-01[0m (rms/max) Trust = 2.828e-01 ([92m+[0m) Grad_T = [0m6.405e-03[0m/[0m2.929e-02[0m (rms/max) E (change) = -839.9913780932 ([0m-1.191e-02[0m) Quality = [0m1.549[0m
Hessian Eigenvalues: 1.60146e-03 2.63686e-02 2.63687e-02 ... 5.78010e-01 5.78086e-01 5.93837e-01
Step    5 : Displace = [0m1.918e-01[0m/[0m8.513e-01[0m (rms/max) Trust = 3.000e-01 ([92m+[0m) Grad_T = [0m1.057e-02[0m/[0m4.606e-02[0m (rms/max) E (change) = -840.0138410556 ([0m-2.246e-02[0m) Quality = [0m1.382[0m
Hessian Eigenvalues: 1.10636e-03 2.63684e-02 2.63687e-02 ... 5.78010e-01 5.78034e-01 6.07144e-01
Step    6 : Displace = [0m2.275e-01[0m/[0m9.282e-01[0m (rms/max) Trust = 3.000e-01 (=) Grad_T = [0m1.627e-02[0m/[0m7.856e-02[0m (rms/max) E (change) = -840.0461332733 ([0m-3.229e-02[0m) Quality = [0m1.337[0m
Hessian Eigenvalues: 1.36077e-03 2.51872e-02 2.63687e-02 ... 5.78010e-01 5.78022e-01 6.19499e-01
Step    7 : Displace = [0m2.559e-01[0m/[0m1.108e+00[0m (rms/max) Trust = 3.000e-01 (=) Grad_T = [0m1.981e-02[0m/[0m9.748e-02[0m (rms/max) E (change) = -840.1210303318 ([0m-7.490e-02[0m) Quality = [0m1.307[0m
Hessian Eigenvalues: 7.54802e-04 2.54290e-02 2.63687e-02 ... 5.78010e-01 5.78016e-01 6.15566e-01
Step    8 : Displace = [0m2.962e-01[0m/[0m1.218e+00[0m (rms/max) Trust = 3.000e-01 (=) Grad_T = [0m1.987e-02[0m/[0m8.854e-02[0m (rms/max) E (change) = -840.1904199095 ([0m-6.939e-02[0m) Quality = [0m1.017[0m
Hessian Eigenvalues: 1.28600e-03 1.60132e-02 2.63687e-02 ... 5.78010e-01 5.78016e-01 5.89784e-01
ashpath: /home/18660916/envs/ash/lib/python3.11/site-packages/ash
Sys path: ['/home/18660916/envs/ash/lib/python3.11/site-packages/ash', '/home/18660916/system_development/phase2b_charge_design/05d_shell_ladder/relax/run_barr_7p3', '/home/18660916/envs/ash/lib/python311.zip', '/home/18660916/envs/ash/lib/python3.11', '/home/18660916/envs/ash/lib/python3.11/lib-dynload', '/home/18660916/envs/ash/lib/python3.11/site-packages']
--------------------------------------------------------------------------------
--------------------------------------------------------------------------------
                                           ASH                                            
                              A MULTISCALE MODELLING PROGRAM                              
                                        Version: 0.9dev                                        
                               Git commit version: Unknown                                
--------------------------------------------------------------------------------
--------------------------------------------------------------------------------
ASH path: /home/18660916/envs/ash/lib/python3.11/site-packages/ash
Python version: 3.11.15
Python interpreter: /home/18660916/envs/ash/bin/python3

ASH Settings after reading defaults and ~/ash_user_settings.ini : 
See https://ash.readthedocs.io/en/latest/basics.html#ash-settings on how to change settings.
	 debugflag :  False
	 load_julia :  False
	 julia_library :  pythoncall
	 use_ANSI_color :  False
	 print_logo :  False
	 print_input :  True
	 scale :  1.0
	 tol :  0.1
	 conndepth :  10
	 connectivity_code :  julia
	 nonbondedMM_code :  julia
	 print_exit_footer :  True
	 print_full_timings :  True

Note: ASH can use ANSI escape sequences for displaying color. Use e.g. less -R to display
To turn on/off escape sequences, set: 'use_ANSI_color = False' in
~/ash_user_settings.ini

Input script: /home/18660916/system_development/phase2b_charge_design/05d_shell_ladder/relax/run_barr_7p3/relax_barrier.py
================================================================================
   > import sys, openmm
   > from ash import Fragment, ORCATheory, OpenMMTheory, QMMMTheory, Optimizer
   > name=sys.argv[1]; RUN=(len(sys.argv)>2 and sys.argv[2]=="run")
   > ORCADIR="/home/apps2/ORCA/6.0.1"
   > coords="\n".join(open("%s_coords.xyz"%name).read().splitlines()[2:])
   > mmcharges=[float(x) for x in open("%s_charges.txt"%name).read().split(",")]
   > frag=Fragment(coordsstring=coords, charge=-2, mult=1)
   > els=[a.split()[0] for a in coords.strip().split("\n")]
   > print(">> %s: %d atoms (24 QM + %d MM), MM net %+.2f"%(name,frag.numatoms,frag.numatoms-24,sum(mmcharges)))
   > assert len(mmcharges)==frag.numatoms
   > LJ={"C":(3.40,0.086),"N":(3.25,0.170),"O":(2.96,0.210),"H":(1.06,0.016)}
   > orca=ORCATheory(orcadir=ORCADIR,orcasimpleinput="! B3LYP D3BJ def2-SVP def2/J RIJCOSX CPCM TightSCF",
   >     orcablocks="%cpcm epsilon 4.0 end\n%scf MaxIter 300 Guess PModel end",numcores=8,autostart=False)
   > mm=OpenMMTheory(fragment=frag,dummysystem=True,platform="CPU",numcores=1,autoconstraints=None,rigidwater=False)
   > lj=openmm.CustomBondForce("4*eps*((sig/r)^12 - (sig/r)^6)")
   > lj.addPerBondParameter("sig");lj.addPerBondParameter("eps");lj.setUsesPeriodicBoundaryConditions(False)
   > ang=openmm.unit.angstrom;kcal=openmm.unit.kilocalorie_per_mole;npair=0
   > for i in range(24):
   >     si,ei=LJ[els[i]]
   >     for j in range(24,frag.numatoms):
   >         sj,ej=LJ[els[j]]
   >         sig=((si+sj)/2*ang).value_in_unit(openmm.unit.nanometer);eps=(((ei*ej)**0.5)*kcal).value_in_unit(openmm.unit.kilojoule_per_mole)
   >         lj.addBond(i,j,[sig,eps]);npair+=1
   > lj.setForceGroup(11);mm.system.addForce(lj)
   > qmmm=QMMMTheory(qm_theory=orca,mm_theory=mm,fragment=frag,qmatoms=list(range(24)),charges=mmcharges,embedding="elstat",qm_charge=-2,qm_mult=1,numcores=8)
   > FROZEN=list(range(24,frag.numatoms))
   > CONV={"convergence_energy":1e-5,"convergence_grms":3.0e-3,"convergence_gmax":6.0e-3,"convergence_drms":1.0e-2,"convergence_dmax":1.5e-2}
   > if not RUN:
   >     print("\n=== DRY RUN OK %s: %d pairs, MM %+.0f, %d frozen ==="%(name,npair,sum(mmcharges),len(FROZEN))); sys.exit(0)
   > result=Optimizer(theory=qmmm,fragment=frag,coordsystem="hdlc",frozenatoms=FROZEN,maxiter=400,conv_criteria=CONV,charge=-2,mult=1)
   > frag.write_xyzfile("%s_relaxed.xyz"%name)
   > # extract final energy
   > E=frag.energy if hasattr(frag,"energy") else None
   > print(">> DONE %s  FINAL ENERGY = %s Eh -> %s_relaxed.xyz"%(name,E,name))
   > open("%s_energy.txt"%name,"w").write(str(E))
================================================================================ 


--------------------------------------------------------------------------------
                                New ASH fragment                                
--------------------------------------------------------------------------------

ASH Fragment creation
Getting coordinates from string: C     60.14190600    34.25017500    56.86750500
H     60.65410400    33.35229400    57.20242100
H     60.73860600    35.07435300    56.47491200
C     58.80287300    34.45194900    57.16141800
C     58.13069700    35.79868100    56.84307300
O     58.86276300    36.77666300    56.53446600
O     56.87734100    35.82963400    56.93983700
O     58.04533200    33.51170800    57.60013500
C     57.53567900    32.20862600    56.01945400
H     56.92805500    31.57263500    56.66681400
C     58.86068700    31.87524000    55.78984900
H     59.36035100    31.12725100    56.40326400
C     59.64119800    32.67145500    54.96010600
C     58.97535300    33.57937300    54.02371700
H     59.61208400    34.05213900    53.27111900
C     57.64453400    33.77154800    54.05277400
H     57.14874400    34.42947900    53.33266900
C     56.77153500    33.13738000    55.09626400
H     56.36648800    33.96180100    55.70835200
O     55.70405500    32.44082700    54.44502300
H     55.04194600    32.20048300    55.11214300
C     61.07068900    32.21901900    54.67969600
O     61.72429900    31.71851300    55.62834500
O     61.44865900    32.31879300    53.48933100
C     51.078300    35.229800    63.656600
N     51.228877    35.615020    62.392546
H     50.918360    36.277522    63.088800
H     51.425046    34.659982    62.656213
N     50.669401    36.102204    64.573449
H     50.865570    35.147166    64.837116
H     50.783749    36.394740    63.613528
N     51.336621    33.972176    64.003805
H     51.450970    34.264711    63.043884
H     51.026104    34.634678    64.700059
C     64.077400    35.286900    45.528500
O     65.261225    35.348676    45.131963
O     63.366116    34.259517    45.561059
H     63.619421    36.222750    45.881261
C     66.292800    24.233600    56.827800
O     67.476625    24.295376    56.431263
O     65.581516    23.206217    56.860359
H     65.834821    25.169450    57.180561
C     56.259300    31.745700    66.227200
N     56.409877    32.130920    64.963146
H     56.099360    32.793422    65.659400
H     56.606046    31.175882    65.226813
N     55.850401    32.618104    67.144049
H     56.046570    31.663066    67.407716
H     55.964749    32.910640    66.184128
N     56.517621    30.488076    66.574405
H     56.631970    30.780611    65.614484
H     56.207104    31.150578    67.270659
C     54.977300    24.021000    60.334400
N     55.127877    24.406220    59.070346
H     54.817360    25.068722    59.766600
H     55.324046    23.451182    59.334013
N     54.568401    24.893404    61.251249
H     54.764570    23.938366    61.514916
H     54.682749    25.185940    60.291328
N     55.235621    22.763376    60.681605
H     55.349970    23.055911    59.721684
H     54.925104    23.425878    61.377859
C     69.250100    33.191200    49.208800
O     70.433925    33.252976    48.812263
O     68.538816    32.163817    49.241359
H     68.792121    34.127050    49.561561
C     63.858000    34.466600    65.391100
N     64.008577    34.851820    64.127046
H     63.698060    35.514322    64.823300
H     64.204746    33.896782    64.390713
N     63.449101    35.339004    66.307949
H     63.645270    34.383966    66.571616
H     63.563449    35.631540    65.348028
N     64.116321    33.208976    65.738305
H     64.230670    33.501511    64.778384
H     63.805804    33.871478    66.434559
C     62.482300    39.901000    63.992400
N     62.632877    40.286220    62.728346
H     62.322360    40.948722    63.424600
H     62.829046    39.331182    62.992013
N     62.073401    40.773404    64.909249
H     62.269570    39.818366    65.172916
H     62.187749    41.065940    63.949328
N     62.740621    38.643376    64.339605
H     62.854970    38.935911    63.379684
H     62.430104    39.305878    65.035859
C     56.129800    40.369600    64.547100
N     56.280377    40.754820    63.283046
H     55.969860    41.417322    63.979300
H     56.476546    39.799782    63.546713
N     55.720901    41.242004    65.463949
H     55.917070    40.286966    65.727616
H     55.835249    41.534540    64.504028
N     56.388121    39.111976    64.894305
H     56.502470    39.404511    63.934384
H     56.077604    39.774478    65.590559
C     58.075100    26.940600    47.101600
O     59.258925    27.002376    46.705063
O     57.363816    25.913217    47.134159
H     57.617121    27.876450    47.454361
Creating/Updating fragment attributes...
Number of Atoms in fragment: 100
Formula: C20O14N18H48
Label: CHHCCOOOCHCHCCHCHCHOHCOOCNHHNHHNHHCOOHCOOHCNHHNHHNHHCNHHNHHNHHCOOHCNHHNHHNHHCNHHNHHNHHCNHHNHHNHHCOOH
Charge: -2 Mult: 1

--------------------------------------------------------------------------------
>> shell7p3ts: 100 atoms (24 QM + 76 MM), MM net +2.00


                     #####################################                      
                     #                                   #                      
                     #     ORCATheory initialization     #                      
                     #                                   #                      
                     #####################################                      
Checking for ORCA location
 Using orcadir path provided: /home/apps2/ORCA/6.0.1 
Checking if ORCA binary works... yes 
ORCA parallel job requested with numcores: 8 . Make sure that the correct OpenMPI version (for the ORCA version) is available in your environment
OpenMPI binary directory found: /apps/openmpi/4.1.1/bin
Testing that mpirun is executable... yes 
OpenMPI version (mpirun -V): mpirun (Open MPI) 4.1.1

Report bugs to http://www.open-mpi.org/community/help/

bind_to_core_option: True

Creating ORCA object
ORCA dir: /home/apps2/ORCA/6.0.1
! B3LYP D3BJ def2-SVP def2/J RIJCOSX CPCM TightSCF
%cpcm epsilon 4.0 end
%scf MaxIter 300 Guess PModel end

ORCATheory object created!


                           #########################                            
                           #                       #                            
                           #     OpenMM Theory     #                            
                           #                       #                            
                           #########################                            
OpenMM CPU threads set to: 1
Imported OpenMM library version: 8.5.2

--------------------------------------------------------------------------------
                             Defining OpenMM object                             
--------------------------------------------------------------------------------

Printlevel: 2
No automatic constraints
AutoConstraint setting: None
Rigidwater constraints: False
Hydrogenmass option: 1.5 Da
Using platform: CPU

--------------------------------------------------------------------------------
                            Setting up force fields.                            
--------------------------------------------------------------------------------

Note: OpenMM will fail in this step if parameters are missing in topology and
      parameter files (e.g. nonbonded entries).

Defining new basic single-chain, multi-residue topology
Inside write_xmlfile_nonbonded
Wrote XML-file: dummy.xml
residueTemplates: {}
System is non-periodic.
nonbonded noPBC Method is: NoCutoff
Nonbonded cutoff : 20 Angstrom

----------------------
OpenMM system created.
----------------------
OpenMM Forces defined: [<openmm.openmm.NonbondedForce; proxy of <Swig Object of type 'OpenMM::NonbondedForce *' at 0x1473f1b16bf0> >, <openmm.openmm.CMMotionRemover; proxy of <Swig Object of type 'OpenMM::CMMotionRemover *' at 0x1473f1b16db0> >]

Setting charges
Number of atoms in OpenMM system: 100

System constraints defined upon system creation: 0
Use printlevel =>3 to see list of all constraints

----------------------------------------------------------------------------
Time to calculate step (OpenMM object creation): 0.782 seconds, 0.0 minutes.
----------------------------------------------------------------------------


                            ########################                            
                            #                      #                            
                            #     QM/MM Theory     #                            
                            #                      #                            
                            ########################                            
QM-theory: ORCATheory
MM-theory: OpenMMTheory
All atoms in fragment: 100
QM region (24 atoms): [0, 1, 2, 3, 4, 5, 6, 7, 8, 9, 10, 11, 12, 13, 14, 15, 16, 17, 18, 19, 20, 21, 22, 23]
MM region (76 atoms)
QM/MM object selected to use 8 cores
Embedding: elstat
Reading in charges
Updating charges in OpenMM object.
Updating simulation object for modified Nonbonded force.

--------------------------------------------------------------------
Time to calculate step (update_charges): 0.001 seconds, 0.0 minutes.
--------------------------------------------------------------------
QM-region coordinates (before linkatoms):
   0    C  60.14190600   34.25017500   56.86750500
   1    H  60.65410400   33.35229400   57.20242100
   2    H  60.73860600   35.07435300   56.47491200
   3    C  58.80287300   34.45194900   57.16141800
   4    C  58.13069700   35.79868100   56.84307300
   5    O  58.86276300   36.77666300   56.53446600
   6    O  56.87734100   35.82963400   56.93983700
   7    O  58.04533200   33.51170800   57.60013500
   8    C  57.53567900   32.20862600   56.01945400
   9    H  56.92805500   31.57263500   56.66681400
  10    C  58.86068700   31.87524000   55.78984900
  11    H  59.36035100   31.12725100   56.40326400
  12    C  59.64119800   32.67145500   54.96010600
  13    C  58.97535300   33.57937300   54.02371700
  14    H  59.61208400   34.05213900   53.27111900
  15    C  57.64453400   33.77154800   54.05277400
  16    H  57.14874400   34.42947900   53.33266900
  17    C  56.77153500   33.13738000   55.09626400
  18    H  56.36648800   33.96180100   55.70835200
  19    O  55.70405500   32.44082700   54.44502300
  20    H  55.04194600   32.20048300   55.11214300
  21    C  61.07068900   32.21901900   54.67969600
  22    O  61.72429900   31.71851300   55.62834500
  23    O  61.44865900   32.31879300   53.48933100

Determining QM-MM/HL-LL boundary
Parameters determing connectivity:
Scaling factor: 1.0
Tolerance: 0.30000000000000004
QM atoms: [0, 1, 2, 3, 4, 5, 6, 7, 8, 9, 10, 11, 12, 13, 14, 15, 16, 17, 18, 19, 20, 21, 22, 23]
QM atoms to be excluded from boundary creation (excludeboundaryatomlist):  []
QM-MM boundary dictionary: {}

------------------------------------------------------------------------
Time to calculate step (get_boundary_atoms): 0.002 seconds, 0.0 minutes.
------------------------------------------------------------------------
No covalent QM-MM boundary. Linkatoms and dipole_correction options set to False
Removing constraints in OpenMM object for atoms: [0, 1, 2, 3, 4, 5, 6, 7, 8, 9, 10, 11, 12, 13, 14, 15, 16, 17, 18, 19, 20, 21, 22, 23]
Removing bonded terms for QM-region in MMtheory
Modifying bonded forces.


Number of bonded terms removed:
Harmonic Bond terms: 0
Harmonic Angle terms: 0
Periodic Torsion terms: 0
Custom Torsion terms: 0
CMAP Torsion terms: 0
CustomBond terms 0


--------------------------------------------------------------------------
Time to calculate step (modify_bonded_forces): 0.005 seconds, 0.0 minutes.
--------------------------------------------------------------------------
Removing nonbonded terms for QM-region in MMtheory (QM-QM interactions)
Add exceptions/exclusions. Removing i-j interactions for list: 24 atoms
Case Nonbondedforce. Adding Exception for ij pair.
Number of exceptions (Nonbondedforce) added: 276
Number of exclusions (CustomNonbondedforce) added: 0

--------------------------------------------------------------------
Time to calculate step (add exceptions): 0.002 seconds, 0.0 minutes.
--------------------------------------------------------------------
Charges of QM atoms set to 0 (since Electrostatic Embedding):
Setting QM charges to Zero

-------------------------------------------------------------------
Time to calculate step (ZeroQMCharges): 0.000 seconds, 0.0 minutes.
-------------------------------------------------------------------
Updating charges in OpenMM object.
Updating simulation object for modified Nonbonded force.

--------------------------------------------------------------------
Time to calculate step (update_charges): 0.000 seconds, 0.0 minutes.
--------------------------------------------------------------------
Deleting Coulombexceptions for atomlist: [0, 1, 2, 3, 4, 5, 6, 7, 8, 9, 10, 11, 12, 13, 14, 15, 16, 17, 18, 19, 20, 21, 22, 23]

-----------------------------------------------------------------------
Time to calculate step (delete_exceptions): 0.006 seconds, 0.0 minutes.
-----------------------------------------------------------------------


---------------------------------------------------------------------------
Time to calculate step (QM/MM object creation): 0.050 seconds, 0.0 minutes.
---------------------------------------------------------------------------


                 #############################################                  
                 #                                           #                  
                 #     geomeTRICOptimizer initialization     #                  
                 #                                           #                  
                 #############################################                  
Creating optimizer object
User-defined convergence criteria:
Theory is not periodic
Printlevel: 2
Coordinate system:  hdlc
Max iterations:  400
Frozen atoms: [24, 25, 26, 27, 28, 29, 30, 31, 32, 33, 34, 35, 36, 37, 38, 39, 40, 41, 42, 43, 44, 45, 46, 47, 48, 49, 50, 51, 52, 53, 54, 55, 56, 57, 58, 59, 60, 61, 62, 63, 64, 65, 66, 67, 68, 69, 70, 71, 72, 73, 74, 75, 76, 77, 78, 79, 80, 81, 82, 83, 84, 85, 86, 87, 88, 89, 90, 91, 92, 93, 94, 95, 96, 97, 98, 99]
Active Region: False
TS Optimization: False
Hessian Option: None
Convergence criteria: {'convergence_energy': 1e-05, 'convergence_grms': 0.003, 'convergence_gmax': 0.006, 'convergence_drms': 0.01, 'convergence_dmax': 0.015, 'convergence_cmax': 0.01}


--------------------------------------------------------------------------------
                            Running geomeTRIC object                            
--------------------------------------------------------------------------------

 
Doing geometry optimization on fragment. Formula: C20O14N18H48 Label: CHHCCOOOCHCHCCHCHCHOHCOOCNHHNHHNHHCOOHCOOHCNHHNHHNHHCNHHNHHNHHCOOHCNHHNHHNHHCNHHNHHNHHCNHHNHHNHHCOOH  
No constraints provided to run method.
Testing if constraints present in optimizer object
No constraints in optimizer object.
Now testing if constraints in fragment object 
No constraints in fragment object.

Constraints:  None
constrainvalue:  False
Inside define_constraints
Constraints: None
Inside write_constraintsfile
Writing frozen atom constraints
Wrote XYZ file:  initialxyzfiletric.xyz
No Hessian option provided.
self.constraintsfile: constraints.txt
Convergence criteria: {'convergence_energy': 1e-05, 'convergence_grms': 0.003, 'convergence_gmax': 0.006, 'convergence_drms': 0.01, 'convergence_dmax': 0.015, 'convergence_cmax': 0.01}
Hessian option: None
Coordinate system: hdlc
Starting optimization

-------------------------------------------------------------------------------------
Time to calculate step (Time spent before run_optimizer): 6.589 seconds, 0.1 minutes.
-------------------------------------------------------------------------------------
geometric called detect_dft option option for ASHengineclass.

Convergence criteria: {'convergence_energy': 1e-05, 'convergence_grms': 0.003, 'convergence_gmax': 0.006, 'convergence_drms': 0.01, 'convergence_dmax': 0.015, 'convergence_cmax': 0.01}

Replacing coordinates in fragment.
Creating/Updating fragment attributes...
Number of Atoms in fragment: 100
Formula: C20O14N18H48
Label: CHHCCOOOCHCHCCHCHCHOHCOOCNHHNHHNHHCOOHCOOHCNHHNHHNHHCNHHNHHNHHCOOHCNHHNHHNHHCNHHNHHNHHCNHHNHHNHHCOOH
Charge: -2 Mult: 1

--------------------------------------------------------------------------------
Wrote XYZ file:  Fragment-currentgeo.xyz
Current geometry (Å) in step 0 (print_atoms_list region)
---------------------------------------------------
        C  60.14190600   34.25017500   56.86750500
        H  60.65410400   33.35229400   57.20242100
        H  60.73860600   35.07435300   56.47491200
        C  58.80287300   34.45194900   57.16141800
        C  58.13069700   35.79868100   56.84307300
        O  58.86276300   36.77666300   56.53446600
        O  56.87734100   35.82963400   56.93983700
        O  58.04533200   33.51170800   57.60013500
        C  57.53567900   32.20862600   56.01945400
        H  56.92805500   31.57263500   56.66681400
        C  58.86068700   31.87524000   55.78984900
        H  59.36035100   31.12725100   56.40326400
        C  59.64119800   32.67145500   54.96010600
        C  58.97535300   33.57937300   54.02371700
        H  59.61208400   34.05213900   53.27111900
        C  57.64453400   33.77154800   54.05277400
        H  57.14874400   34.42947900   53.33266900
        C  56.77153500   33.13738000   55.09626400
        H  56.36648800   33.96180100   55.70835200
        O  55.70405500   32.44082700   54.44502300
        H  55.04194600   32.20048300   55.11214300
        C  61.07068900   32.21901900   54.67969600
        O  61.72429900   31.71851300   55.62834500
        O  61.44865900   32.31879300   53.48933100
        C  51.07830000   35.22980000   63.65660000
        N  51.22887700   35.61502000   62.39254600
        H  50.91836000   36.27752200   63.08880000
        H  51.42504600   34.65998200   62.65621300
        N  50.66940100   36.10220400   64.57344900
        H  50.86557000   35.14716600   64.83711600
        H  50.78374900   36.39474000   63.61352800
        N  51.33662100   33.97217600   64.00380500
        H  51.45097000   34.26471100   63.04388400
        H  51.02610400   34.63467800   64.70005900
        C  64.07740000   35.28690000   45.52850000
        O  65.26122500   35.34867600   45.13196300
        O  63.36611600   34.25951700   45.56105900
        H  63.61942100   36.22275000   45.88126100
        C  66.29280000   24.23360000   56.82780000
        O  67.47662500   24.29537600   56.43126300
        O  65.58151600   23.20621700   56.86035900
        H  65.83482100   25.16945000   57.18056100
        C  56.25930000   31.74570000   66.22720000
        N  56.40987700   32.13092000   64.96314600
        H  56.09936000   32.79342200   65.65940000
        H  56.60604600   31.17588200   65.22681300
        N  55.85040100   32.61810400   67.14404900
        H  56.04657000   31.66306600   67.40771600
        H  55.96474900   32.91064000   66.18412800
        N  56.51762100   30.48807600   66.57440500
        H  56.63197000   30.78061100   65.61448400
        H  56.20710400   31.15057800   67.27065900
        C  54.97730000   24.02100000   60.33440000
        N  55.12787700   24.40622000   59.07034600
        H  54.81736000   25.06872200   59.76660000
        H  55.32404600   23.45118200   59.33401300
        N  54.56840100   24.89340400   61.25124900
        H  54.76457000   23.93836600   61.51491600
        H  54.68274900   25.18594000   60.29132800
        N  55.23562100   22.76337600   60.68160500
        H  55.34997000   23.05591100   59.72168400
        H  54.92510400   23.42587800   61.37785900
        C  69.25010000   33.19120000   49.20880000
        O  70.43392500   33.25297600   48.81226300
        O  68.53881600   32.16381700   49.24135900
        H  68.79212100   34.12705000   49.56156100
        C  63.85800000   34.46660000   65.39110000
        N  64.00857700   34.85182000   64.12704600
        H  63.69806000   35.51432200   64.82330000
        H  64.20474600   33.89678200   64.39071300
        N  63.44910100   35.33900400   66.30794900
        H  63.64527000   34.38396600   66.57161600
        H  63.56344900   35.63154000   65.34802800
        N  64.11632100   33.20897600   65.73830500
        H  64.23067000   33.50151100   64.77838400
        H  63.80580400   33.87147800   66.43455900
        C  62.48230000   39.90100000   63.99240000
        N  62.63287700   40.28622000   62.72834600
        H  62.32236000   40.94872200   63.42460000
        H  62.82904600   39.33118200   62.99201300
        N  62.07340100   40.77340400   64.90924900
        H  62.26957000   39.81836600   65.17291600
        H  62.18774900   41.06594000   63.94932800
        N  62.74062100   38.64337600   64.33960500
        H  62.85497000   38.93591100   63.37968400
        H  62.43010400   39.30587800   65.03585900
        C  56.12980000   40.36960000   64.54710000
        N  56.28037700   40.75482000   63.28304600
        H  55.96986000   41.41732200   63.97930000
        H  56.47654600   39.79978200   63.54671300
        N  55.72090100   41.24200400   65.46394900
        H  55.91707000   40.28696600   65.72761600
        H  55.83524900   41.53454000   64.50402800
        N  56.38812100   39.11197600   64.89430500
        H  56.50247000   39.40451100   63.93438400
        H  56.07760400   39.77447800   65.59055900
        C  58.07510000   26.94060000   47.10160000
        O  59.25892500   27.00237600   46.70506300
        O  57.36381600   25.91321700   47.13415900
        H  57.61712100   27.87645000   47.45436100

Note: printed only print_atoms_list (this is not necessarily all atoms) 
  ------------RUNNING QM/MM MODULE------------- 
QM Module: ORCATheory
MM Module: OpenMMTheory
Charge provided from QMMMTheory object:  -2
Mult provided from QMMMTheory object:  1
QM-region Charge: -2 Mult: 1
Embedding: Electrostatic
First QMMMTheory run. Running runprep
Inside QMMMTheory runprep

-------------------------------------------------------------
Time to calculate step (runprep): 0.000 seconds, 0.0 minutes.
-------------------------------------------------------------
Number of pointcharges (to QM program): 76
Number of charge coordinates: 76
Running QM/MM object with 8 cores available

-------------------------------------------------------------------
Time to calculate step (before-QMstep): 0.000 seconds, 0.0 minutes.
-------------------------------------------------------------------
  ------------RUNNING ORCA INTERFACE------------- 
Object-label: ORCA
Run-label: None
Running ORCA with 8 cores available
Moreadfile option not active
No orca.gbw file is present in dir.
Checking if a file orca.gbw exists in parentdir:
Found no file. ORCA will guess new orbitals
Creating inputfile: orca.inp
ORCA input:
! B3LYP D3BJ def2-SVP def2/J RIJCOSX CPCM TightSCF

! Noautostart


%cpcm epsilon 4.0 end
%scf MaxIter 300 Guess PModel end
Charge: -2  Mult: 1
Pointcharge embedding is on!
 ORCA Calculation starting. 
Found warning messages in ORCA outputfile:
WARNING: The chosen methods will break translational/rotational symmetry
 WARNING: The chosen methods will break translational symmetry
 WARNING: The chosen methods will break translational symmetry
 Warning: op=0 Small HOMO/LUMO gap (   0.071) - skipping pre-diagonalization

 ORCA Calculation done. 
ORCA converged in 16 iterations
ORCA energy: -836.575746731425
  ------------ENDING ORCA-INTERFACE------------- 

---------------------------------------------------------------
Time to calculate step (ORCA run): 99.087 seconds, 1.7 minutes.
---------------------------------------------------------------

--------------------------------------------------------------
Time to calculate step (QM step): 99.087 seconds, 1.7 minutes.
--------------------------------------------------------------

----------------------------------------------------------------------
Time to calculate step (QMpcgrad prepare): 0.000 seconds, 0.0 minutes.
----------------------------------------------------------------------

--------------------------------------------------------------------------
Time to calculate step (linkatomgrad prepare): 0.000 seconds, 0.0 minutes.
--------------------------------------------------------------------------

----------------------------------------------------------------------------
Time to calculate step (QM/MM gradient prepare): 0.000 seconds, 0.0 minutes.
----------------------------------------------------------------------------
Using OpenMM theory as part of QM/MM.
Using MM on full system. Charges for QM region [0, 1, 2, 3, 4, 5, 6, 7, 8, 9, 10, 11, 12, 13, 14, 15, 16, 17, 18, 19, 20, 21, 22, 23] have been set to zero 

--------------------------------------------------------------------------------
                   Creating/updating OpenMM simulation object                   
--------------------------------------------------------------------------------

Integrator name: VerletIntegrator
Timestep: 0.001
Temperature: 300
Coupling frequency: 1
Properties: {'Threads': '1'}
Topology: <Topology; 1 chains, 1 residues, 100 atoms, 0 bonds>

----------------------------------------------------------------------------------
Time to calculate step (creating/updating simulation): 0.003 seconds, 0.0 minutes.
----------------------------------------------------------------------------------

--------------------------------------------------------------------------------
                     Running Single-point OpenMM Interface                      
--------------------------------------------------------------------------------

Number of OpenMM system constraints defined: 0

-----------------------------------------------------------------------------------
Time to calculate step (OpenMMTheory.run: const-check): 0.003 seconds, 0.0 minutes.
-----------------------------------------------------------------------------------
Updating coordinates.

------------------------------------------------------------------------
Time to calculate step (Creating pos array): 0.000 seconds, 0.0 minutes.
------------------------------------------------------------------------

---------------------------------------------------------------------------
Time to calculate step (Updating MM positions): 0.000 seconds, 0.0 minutes.
---------------------------------------------------------------------------
Calling OpenMM getState.

---------------------------------------------------------------------
Time to calculate step (OpenMM getState): 0.001 seconds, 0.0 minutes.
---------------------------------------------------------------------
OpenMM Energy: -3.376861704341489 Eh
OpenMM Energy: -2119.0127120751513 kcal/mol

-----------------------
Ending OpenMM interface
-----------------------

----------------------------------------------------------------
Time to calculate step (OpenMM run): 0.004 seconds, 0.0 minutes.
----------------------------------------------------------------

-------------------------------------------------------------
Time to calculate step (MM step): 0.004 seconds, 0.0 minutes.
-------------------------------------------------------------

Note: You are using electrostatic embedding. This means that the QM-energy is actually the polarized QM-energy
Note: MM energy also contains the QM-MM Lennard-Jones interaction

QM energy:              -836.575746731425 
MM energy:                -3.376861704341
QM/MM energy:           -839.952608435767 

  ------------ENDING QM/MM MODULE------------- 

----------------------------------------------------------------
Time to calculate step (QM/MM run): 99.092 seconds, 1.7 minutes.
----------------------------------------------------------------

Convergence criteria: {'convergence_energy': 1e-05, 'convergence_grms': 0.003, 'convergence_gmax': 0.006, 'convergence_drms': 0.01, 'convergence_dmax': 0.015, 'convergence_cmax': 0.01}

Replacing coordinates in fragment.
Creating/Updating fragment attributes...
Number of Atoms in fragment: 100
Formula: C20O14N18H48
Label: CHHCCOOOCHCHCCHCHCHOHCOOCNHHNHHNHHCOOHCOOHCNHHNHHNHHCNHHNHHNHHCOOHCNHHNHHNHHCNHHNHHNHHCNHHNHHNHHCOOH
Charge: -2 Mult: 1

--------------------------------------------------------------------------------
Wrote XYZ file:  Fragment-currentgeo.xyz
Current geometry (Å) in step 0 (print_atoms_list region)
---------------------------------------------------
        C  60.12599695   34.25795278   56.89907935
        H  60.65584395   33.35005988   57.19004769
        H  60.72100755   35.06358508   56.46116783
        C  58.78654600   34.46059137   57.20282790
        C  58.11028970   35.81183263   56.84690424
        O  58.87326585   36.77815375   56.58799885
        O  56.85728309   35.87343824   57.00909910
        O  58.03660049   33.54951585   57.73634642
        C  57.53961516   32.19317886   56.00151553
        H  56.92138409   31.57394270   56.66188461
        C  58.85556351   31.85484532   55.77510790
        H  59.36545152   31.11001926   56.38854812
        C  59.64047253   32.65447253   54.94128519
        C  58.98045369   33.57620187   54.01654984
        H  59.61372705   34.05420449   53.26774398
        C  57.64958305   33.77042490   54.05332188
        H  57.15091221   34.42528433   53.33287307
        C  56.77469913   33.13283871   55.09261005
        H  56.37208622   33.95442940   55.71733354
        O  55.70309404   32.44035806   54.44109330
        H  55.04778447   32.20413451   55.11147713
        C  61.08738664   32.21973049   54.68961507
        O  61.68437619   31.74502258   55.69182954
        O  61.44099913   32.34303988   53.50497478
        C  51.07830000   35.22980000   63.65660000
        N  51.22887700   35.61502000   62.39254600
        H  50.91836000   36.27752200   63.08880000
        H  51.42504600   34.65998200   62.65621300
        N  50.66940100   36.10220400   64.57344900
        H  50.86557000   35.14716600   64.83711600
        H  50.78374900   36.39474000   63.61352800
        N  51.33662100   33.97217600   64.00380500
        H  51.45097000   34.26471100   63.04388400
        H  51.02610400   34.63467800   64.70005900
        C  64.07740000   35.28690000   45.52850000
        O  65.26122500   35.34867600   45.13196300
        O  63.36611600   34.25951700   45.56105900
        H  63.61942100   36.22275000   45.88126100
        C  66.29280000   24.23360000   56.82780000
        O  67.47662500   24.29537600   56.43126300
        O  65.58151600   23.20621700   56.86035900
        H  65.83482100   25.16945000   57.18056100
        C  56.25930000   31.74570000   66.22720000
        N  56.40987700   32.13092000   64.96314600
        H  56.09936000   32.79342200   65.65940000
        H  56.60604600   31.17588200   65.22681300
        N  55.85040100   32.61810400   67.14404900
        H  56.04657000   31.66306600   67.40771600
        H  55.96474900   32.91064000   66.18412800
        N  56.51762100   30.48807600   66.57440500
        H  56.63197000   30.78061100   65.61448400
        H  56.20710400   31.15057800   67.27065900
        C  54.97730000   24.02100000   60.33440000
        N  55.12787700   24.40622000   59.07034600
        H  54.81736000   25.06872200   59.76660000
        H  55.32404600   23.45118200   59.33401300
        N  54.56840100   24.89340400   61.25124900
        H  54.76457000   23.93836600   61.51491600
        H  54.68274900   25.18594000   60.29132800
        N  55.23562100   22.76337600   60.68160500
        H  55.34997000   23.05591100   59.72168400
        H  54.92510400   23.42587800   61.37785900
        C  69.25010000   33.19120000   49.20880000
        O  70.43392500   33.25297600   48.81226300
        O  68.53881600   32.16381700   49.24135900
        H  68.79212100   34.12705000   49.56156100
        C  63.85800000   34.46660000   65.39110000
        N  64.00857700   34.85182000   64.12704600
        H  63.69806000   35.51432200   64.82330000
        H  64.20474600   33.89678200   64.39071300
        N  63.44910100   35.33900400   66.30794900
        H  63.64527000   34.38396600   66.57161600
        H  63.56344900   35.63154000   65.34802800
        N  64.11632100   33.20897600   65.73830500
        H  64.23067000   33.50151100   64.77838400
        H  63.80580400   33.87147800   66.43455900
        C  62.48230000   39.90100000   63.99240000
        N  62.63287700   40.28622000   62.72834600
        H  62.32236000   40.94872200   63.42460000
        H  62.82904600   39.33118200   62.99201300
        N  62.07340100   40.77340400   64.90924900
        H  62.26957000   39.81836600   65.17291600
        H  62.18774900   41.06594000   63.94932800
        N  62.74062100   38.64337600   64.33960500
        H  62.85497000   38.93591100   63.37968400
        H  62.43010400   39.30587800   65.03585900
        C  56.12980000   40.36960000   64.54710000
        N  56.28037700   40.75482000   63.28304600
        H  55.96986000   41.41732200   63.97930000
        H  56.47654600   39.79978200   63.54671300
        N  55.72090100   41.24200400   65.46394900
        H  55.91707000   40.28696600   65.72761600
        H  55.83524900   41.53454000   64.50402800
        N  56.38812100   39.11197600   64.89430500
        H  56.50247000   39.40451100   63.93438400
        H  56.07760400   39.77447800   65.59055900
        C  58.07510000   26.94060000   47.10160000
        O  59.25892500   27.00237600   46.70506300
        O  57.36381600   25.91321700   47.13415900
        H  57.61712100   27.87645000   47.45436100

Note: printed only print_atoms_list (this is not necessarily all atoms) 
  ------------RUNNING QM/MM MODULE------------- 
QM Module: ORCATheory
MM Module: OpenMMTheory
Charge provided from QMMMTheory object:  -2
Mult provided from QMMMTheory object:  1
QM-region Charge: -2 Mult: 1
Embedding: Electrostatic
Number of pointcharges (to QM program): 76
Number of charge coordinates: 76
Running QM/MM object with 8 cores available

-------------------------------------------------------------------
Time to calculate step (before-QMstep): 0.000 seconds, 0.0 minutes.
-------------------------------------------------------------------
  ------------RUNNING ORCA INTERFACE------------- 
Object-label: ORCA
Run-label: None
Running ORCA with 8 cores available
Moreadfile option not active
A GBW-file with same basename : orca.gbw is present
Autostart is False. ORCA will ignore any file present
Creating inputfile: orca.inp
ORCA input:
! B3LYP D3BJ def2-SVP def2/J RIJCOSX CPCM TightSCF

! Noautostart

%cpcm epsilon 4.0 end
%scf MaxIter 300 Guess PModel end
Charge: -2  Mult: 1
Pointcharge embedding is on!
 ORCA Calculation starting. 
Found warning messages in ORCA outputfile:
WARNING: The chosen methods will break translational/rotational symmetry
 WARNING: The chosen methods will break translational symmetry
 WARNING: The chosen methods will break translational symmetry
 Warning: op=0 Small HOMO/LUMO gap (   0.073) - skipping pre-diagonalization

 ORCA Calculation done. 
ORCA converged in 17 iterations
ORCA energy: -836.584604935142
  ------------ENDING ORCA-INTERFACE------------- 

---------------------------------------------------------------
Time to calculate step (ORCA run): 99.767 seconds, 1.7 minutes.
---------------------------------------------------------------

--------------------------------------------------------------
Time to calculate step (QM step): 99.767 seconds, 1.7 minutes.
--------------------------------------------------------------

----------------------------------------------------------------------
Time to calculate step (QMpcgrad prepare): 0.000 seconds, 0.0 minutes.
----------------------------------------------------------------------

--------------------------------------------------------------------------
Time to calculate step (linkatomgrad prepare): 0.000 seconds, 0.0 minutes.
--------------------------------------------------------------------------

----------------------------------------------------------------------------
Time to calculate step (QM/MM gradient prepare): 0.000 seconds, 0.0 minutes.
----------------------------------------------------------------------------
Using OpenMM theory as part of QM/MM.
Using MM on full system. Charges for QM region [0, 1, 2, 3, 4, 5, 6, 7, 8, 9, 10, 11, 12, 13, 14, 15, 16, 17, 18, 19, 20, 21, 22, 23] have been set to zero 

--------------------------------------------------------------------------------
                   Creating/updating OpenMM simulation object                   
--------------------------------------------------------------------------------

Integrator name: VerletIntegrator
Timestep: 0.001
Temperature: 300
Coupling frequency: 1
Properties: {'Threads': '1'}
Topology: <Topology; 1 chains, 1 residues, 100 atoms, 0 bonds>

----------------------------------------------------------------------------------
Time to calculate step (creating/updating simulation): 0.002 seconds, 0.0 minutes.
----------------------------------------------------------------------------------

--------------------------------------------------------------------------------
                     Running Single-point OpenMM Interface                      
--------------------------------------------------------------------------------

Number of OpenMM system constraints defined: 0

-----------------------------------------------------------------------------------
Time to calculate step (OpenMMTheory.run: const-check): 0.002 seconds, 0.0 minutes.
-----------------------------------------------------------------------------------
Updating coordinates.

------------------------------------------------------------------------
Time to calculate step (Creating pos array): 0.000 seconds, 0.0 minutes.
------------------------------------------------------------------------

---------------------------------------------------------------------------
Time to calculate step (Updating MM positions): 0.000 seconds, 0.0 minutes.
---------------------------------------------------------------------------
Calling OpenMM getState.

---------------------------------------------------------------------
Time to calculate step (OpenMM getState): 0.001 seconds, 0.0 minutes.
---------------------------------------------------------------------
OpenMM Energy: -3.376866796740385 Eh
OpenMM Energy: -2119.0159076037044 kcal/mol

-----------------------
Ending OpenMM interface
-----------------------

----------------------------------------------------------------
Time to calculate step (OpenMM run): 0.004 seconds, 0.0 minutes.
----------------------------------------------------------------

-------------------------------------------------------------
Time to calculate step (MM step): 0.004 seconds, 0.0 minutes.
-------------------------------------------------------------

Note: You are using electrostatic embedding. This means that the QM-energy is actually the polarized QM-energy
Note: MM energy also contains the QM-MM Lennard-Jones interaction

QM energy:              -836.584604935142 
MM energy:                -3.376866796740
QM/MM energy:           -839.961471731882 

  ------------ENDING QM/MM MODULE------------- 

----------------------------------------------------------------
Time to calculate step (QM/MM run): 99.772 seconds, 1.7 minutes.
----------------------------------------------------------------
geometric called save_guess_files option option for ASHengineclass.
This option is currently unsupported in ASH. Continuing.

Convergence criteria: {'convergence_energy': 1e-05, 'convergence_grms': 0.003, 'convergence_gmax': 0.006, 'convergence_drms': 0.01, 'convergence_dmax': 0.015, 'convergence_cmax': 0.01}

Replacing coordinates in fragment.
Creating/Updating fragment attributes...
Number of Atoms in fragment: 100
Formula: C20O14N18H48
Label: CHHCCOOOCHCHCCHCHCHOHCOOCNHHNHHNHHCOOHCOOHCNHHNHHNHHCNHHNHHNHHCOOHCNHHNHHNHHCNHHNHHNHHCNHHNHHNHHCOOH
Charge: -2 Mult: 1

--------------------------------------------------------------------------------
Wrote XYZ file:  Fragment-currentgeo.xyz
Current geometry (Å) in step 0 (print_atoms_list region)
---------------------------------------------------
        C  60.10024041   34.27045858   56.94945885
        H  60.64152076   33.34275992   57.16671770
        H  60.67735190   35.05108479   56.44066911
        C  58.77070987   34.47708877   57.29971810
        C  58.10226272   35.85539576   56.96232784
        O  58.86385411   36.80245243   56.65950158
        O  56.84045291   35.92983276   57.09905298
        O  58.03574132   33.59721715   57.91195501
        C  57.52572303   32.15046950   55.97364383
        H  56.89517869   31.56296511   56.65285968
        C  58.83290816   31.83474661   55.77185219
        H  59.36531740   31.08826074   56.36829725
        C  59.62340254   32.64395186   54.92625479
        C  58.98285822   33.57424930   54.00846695
        H  59.61475733   34.05665909   53.26291786
        C  57.65220875   33.76992586   54.05507153
        H  57.15170113   34.42146419   53.33340579
        C  56.77815523   33.12271102   55.09010913
        H  56.38269570   33.93858282   55.73515513
        O  55.69856916   32.44768870   54.43363902
        H  55.05270611   32.21068826   55.10907541
        C  61.09892115   32.23350391   54.73850325
        O  61.67295510   31.78534378   55.76638931
        O  61.44395778   32.36783208   53.56558609
        C  51.07830000   35.22980000   63.65660000
        N  51.22887700   35.61502000   62.39254600
        H  50.91836000   36.27752200   63.08880000
        H  51.42504600   34.65998200   62.65621300
        N  50.66940100   36.10220400   64.57344900
        H  50.86557000   35.14716600   64.83711600
        H  50.78374900   36.39474000   63.61352800
        N  51.33662100   33.97217600   64.00380500
        H  51.45097000   34.26471100   63.04388400
        H  51.02610400   34.63467800   64.70005900
        C  64.07740000   35.28690000   45.52850000
        O  65.26122500   35.34867600   45.13196300
        O  63.36611600   34.25951700   45.56105900
        H  63.61942100   36.22275000   45.88126100
        C  66.29280000   24.23360000   56.82780000
        O  67.47662500   24.29537600   56.43126300
        O  65.58151600   23.20621700   56.86035900
        H  65.83482100   25.16945000   57.18056100
        C  56.25930000   31.74570000   66.22720000
        N  56.40987700   32.13092000   64.96314600
        H  56.09936000   32.79342200   65.65940000
        H  56.60604600   31.17588200   65.22681300
        N  55.85040100   32.61810400   67.14404900
        H  56.04657000   31.66306600   67.40771600
        H  55.96474900   32.91064000   66.18412800
        N  56.51762100   30.48807600   66.57440500
        H  56.63197000   30.78061100   65.61448400
        H  56.20710400   31.15057800   67.27065900
        C  54.97730000   24.02100000   60.33440000
        N  55.12787700   24.40622000   59.07034600
        H  54.81736000   25.06872200   59.76660000
        H  55.32404600   23.45118200   59.33401300
        N  54.56840100   24.89340400   61.25124900
        H  54.76457000   23.93836600   61.51491600
        H  54.68274900   25.18594000   60.29132800
        N  55.23562100   22.76337600   60.68160500
        H  55.34997000   23.05591100   59.72168400
        H  54.92510400   23.42587800   61.37785900
        C  69.25010000   33.19120000   49.20880000
        O  70.43392500   33.25297600   48.81226300
        O  68.53881600   32.16381700   49.24135900
        H  68.79212100   34.12705000   49.56156100
        C  63.85800000   34.46660000   65.39110000
        N  64.00857700   34.85182000   64.12704600
        H  63.69806000   35.51432200   64.82330000
        H  64.20474600   33.89678200   64.39071300
        N  63.44910100   35.33900400   66.30794900
        H  63.64527000   34.38396600   66.57161600
        H  63.56344900   35.63154000   65.34802800
        N  64.11632100   33.20897600   65.73830500
        H  64.23067000   33.50151100   64.77838400
        H  63.80580400   33.87147800   66.43455900
        C  62.48230000   39.90100000   63.99240000
        N  62.63287700   40.28622000   62.72834600
        H  62.32236000   40.94872200   63.42460000
        H  62.82904600   39.33118200   62.99201300
        N  62.07340100   40.77340400   64.90924900
        H  62.26957000   39.81836600   65.17291600
        H  62.18774900   41.06594000   63.94932800
        N  62.74062100   38.64337600   64.33960500
        H  62.85497000   38.93591100   63.37968400
        H  62.43010400   39.30587800   65.03585900
        C  56.12980000   40.36960000   64.54710000
        N  56.28037700   40.75482000   63.28304600
        H  55.96986000   41.41732200   63.97930000
        H  56.47654600   39.79978200   63.54671300
        N  55.72090100   41.24200400   65.46394900
        H  55.91707000   40.28696600   65.72761600
        H  55.83524900   41.53454000   64.50402800
        N  56.38812100   39.11197600   64.89430500
        H  56.50247000   39.40451100   63.93438400
        H  56.07760400   39.77447800   65.59055900
        C  58.07510000   26.94060000   47.10160000
        O  59.25892500   27.00237600   46.70506300
        O  57.36381600   25.91321700   47.13415900
        H  57.61712100   27.87645000   47.45436100

Note: printed only print_atoms_list (this is not necessarily all atoms) 
  ------------RUNNING QM/MM MODULE------------- 
QM Module: ORCATheory
MM Module: OpenMMTheory
Charge provided from QMMMTheory object:  -2
Mult provided from QMMMTheory object:  1
QM-region Charge: -2 Mult: 1
Embedding: Electrostatic
Number of pointcharges (to QM program): 76
Number of charge coordinates: 76
Running QM/MM object with 8 cores available

-------------------------------------------------------------------
Time to calculate step (before-QMstep): 0.000 seconds, 0.0 minutes.
-------------------------------------------------------------------
  ------------RUNNING ORCA INTERFACE------------- 
Object-label: ORCA
Run-label: None
Running ORCA with 8 cores available
Moreadfile option not active
A GBW-file with same basename : orca.gbw is present
Autostart is False. ORCA will ignore any file present
Creating inputfile: orca.inp
ORCA input:
! B3LYP D3BJ def2-SVP def2/J RIJCOSX CPCM TightSCF

! Noautostart

%cpcm epsilon 4.0 end
%scf MaxIter 300 Guess PModel end
Charge: -2  Mult: 1
Pointcharge embedding is on!
 ORCA Calculation starting. 
Found warning messages in ORCA outputfile:
WARNING: The chosen methods will break translational/rotational symmetry
 WARNING: The chosen methods will break translational symmetry
 WARNING: The chosen methods will break translational symmetry
 Warning: op=0 Small HOMO/LUMO gap (   0.054) - skipping pre-diagonalization

 ORCA Calculation done. 
ORCA converged in 15 iterations
ORCA energy: -836.592437765583
  ------------ENDING ORCA-INTERFACE------------- 

---------------------------------------------------------------
Time to calculate step (ORCA run): 95.620 seconds, 1.6 minutes.
---------------------------------------------------------------

--------------------------------------------------------------
Time to calculate step (QM step): 95.620 seconds, 1.6 minutes.
--------------------------------------------------------------

----------------------------------------------------------------------
Time to calculate step (QMpcgrad prepare): 0.000 seconds, 0.0 minutes.
----------------------------------------------------------------------

--------------------------------------------------------------------------
Time to calculate step (linkatomgrad prepare): 0.000 seconds, 0.0 minutes.
--------------------------------------------------------------------------

----------------------------------------------------------------------------
Time to calculate step (QM/MM gradient prepare): 0.000 seconds, 0.0 minutes.
----------------------------------------------------------------------------
Using OpenMM theory as part of QM/MM.
Using MM on full system. Charges for QM region [0, 1, 2, 3, 4, 5, 6, 7, 8, 9, 10, 11, 12, 13, 14, 15, 16, 17, 18, 19, 20, 21, 22, 23] have been set to zero 

--------------------------------------------------------------------------------
                   Creating/updating OpenMM simulation object                   
--------------------------------------------------------------------------------

Integrator name: VerletIntegrator
Timestep: 0.001
Temperature: 300
Coupling frequency: 1
Properties: {'Threads': '1'}
Topology: <Topology; 1 chains, 1 residues, 100 atoms, 0 bonds>

----------------------------------------------------------------------------------
Time to calculate step (creating/updating simulation): 0.003 seconds, 0.0 minutes.
----------------------------------------------------------------------------------

--------------------------------------------------------------------------------
                     Running Single-point OpenMM Interface                      
--------------------------------------------------------------------------------

Number of OpenMM system constraints defined: 0

-----------------------------------------------------------------------------------
Time to calculate step (OpenMMTheory.run: const-check): 0.003 seconds, 0.0 minutes.
-----------------------------------------------------------------------------------
Updating coordinates.

------------------------------------------------------------------------
Time to calculate step (Creating pos array): 0.000 seconds, 0.0 minutes.
------------------------------------------------------------------------

---------------------------------------------------------------------------
Time to calculate step (Updating MM positions): 0.000 seconds, 0.0 minutes.
---------------------------------------------------------------------------
Calling OpenMM getState.

---------------------------------------------------------------------
Time to calculate step (OpenMM getState): 0.001 seconds, 0.0 minutes.
---------------------------------------------------------------------
OpenMM Energy: -3.376876111645942 Eh
OpenMM Energy: -2119.0217527951913 kcal/mol

-----------------------
Ending OpenMM interface
-----------------------

----------------------------------------------------------------
Time to calculate step (OpenMM run): 0.004 seconds, 0.0 minutes.
----------------------------------------------------------------

-------------------------------------------------------------
Time to calculate step (MM step): 0.004 seconds, 0.0 minutes.
-------------------------------------------------------------

Note: You are using electrostatic embedding. This means that the QM-energy is actually the polarized QM-energy
Note: MM energy also contains the QM-MM Lennard-Jones interaction

QM energy:              -836.592437765583 
MM energy:                -3.376876111646
QM/MM energy:           -839.969313877229 

  ------------ENDING QM/MM MODULE------------- 

----------------------------------------------------------------
Time to calculate step (QM/MM run): 95.625 seconds, 1.6 minutes.
----------------------------------------------------------------
geometric called save_guess_files option option for ASHengineclass.
This option is currently unsupported in ASH. Continuing.

Convergence criteria: {'convergence_energy': 1e-05, 'convergence_grms': 0.003, 'convergence_gmax': 0.006, 'convergence_drms': 0.01, 'convergence_dmax': 0.015, 'convergence_cmax': 0.01}

Replacing coordinates in fragment.
Creating/Updating fragment attributes...
Number of Atoms in fragment: 100
Formula: C20O14N18H48
Label: CHHCCOOOCHCHCCHCHCHOHCOOCNHHNHHNHHCOOHCOOHCNHHNHHNHHCNHHNHHNHHCOOHCNHHNHHNHHCNHHNHHNHHCNHHNHHNHHCOOH
Charge: -2 Mult: 1

--------------------------------------------------------------------------------
Wrote XYZ file:  Fragment-currentgeo.xyz
Current geometry (Å) in step 1 (print_atoms_list region)
---------------------------------------------------
        C  60.05085173   34.29858203   57.05073991
        H  60.58907885   33.33993031   57.14159547
        H  60.56762582   35.03417003   56.41258679
        C  58.75215786   34.52323587   57.52107105
        C  58.08077098   35.91965399   57.15878731
        O  58.84576816   36.85417432   56.84530048
        O  56.81744377   36.01931987   57.32337981
        O  58.04844009   33.69420858   58.23034630
        C  57.48270461   32.06323540   55.91794099
        H  56.84276067   31.52699825   56.63063352
        C  58.78792163   31.80981863   55.77840351
        H  59.34703458   31.05532440   56.34224681
        C  59.60005273   32.64618117   54.93062209
        C  58.98498588   33.56857697   54.01066301
        H  59.61919877   34.05245841   53.26606401
        C  57.65124216   33.76481419   54.06061094
        H  57.14801289   34.41502462   53.33926854
        C  56.77933059   33.10076775   55.08547986
        H  56.41218652   33.90673384   55.76785693
        O  55.67601266   32.47872911   54.41623916
        H  55.04751781   32.22308382   55.09989237
        C  61.11157913   32.27950436   54.84502102
        O  61.65378880   31.87166409   55.90192638
        O  61.48632329   32.39762319   53.68626197
        C  51.07830000   35.22980000   63.65660000
        N  51.22887700   35.61502000   62.39254600
        H  50.91836000   36.27752200   63.08880000
        H  51.42504600   34.65998200   62.65621300
        N  50.66940100   36.10220400   64.57344900
        H  50.86557000   35.14716600   64.83711600
        H  50.78374900   36.39474000   63.61352800
        N  51.33662100   33.97217600   64.00380500
        H  51.45097000   34.26471100   63.04388400
        H  51.02610400   34.63467800   64.70005900
        C  64.07740000   35.28690000   45.52850000
        O  65.26122500   35.34867600   45.13196300
        O  63.36611600   34.25951700   45.56105900
        H  63.61942100   36.22275000   45.88126100
        C  66.29280000   24.23360000   56.82780000
        O  67.47662500   24.29537600   56.43126300
        O  65.58151600   23.20621700   56.86035900
        H  65.83482100   25.16945000   57.18056100
        C  56.25930000   31.74570000   66.22720000
        N  56.40987700   32.13092000   64.96314600
        H  56.09936000   32.79342200   65.65940000
        H  56.60604600   31.17588200   65.22681300
        N  55.85040100   32.61810400   67.14404900
        H  56.04657000   31.66306600   67.40771600
        H  55.96474900   32.91064000   66.18412800
        N  56.51762100   30.48807600   66.57440500
        H  56.63197000   30.78061100   65.61448400
        H  56.20710400   31.15057800   67.27065900
        C  54.97730000   24.02100000   60.33440000
        N  55.12787700   24.40622000   59.07034600
        H  54.81736000   25.06872200   59.76660000
        H  55.32404600   23.45118200   59.33401300
        N  54.56840100   24.89340400   61.25124900
        H  54.76457000   23.93836600   61.51491600
        H  54.68274900   25.18594000   60.29132800
        N  55.23562100   22.76337600   60.68160500
        H  55.34997000   23.05591100   59.72168400
        H  54.92510400   23.42587800   61.37785900
        C  69.25010000   33.19120000   49.20880000
        O  70.43392500   33.25297600   48.81226300
        O  68.53881600   32.16381700   49.24135900
        H  68.79212100   34.12705000   49.56156100
        C  63.85800000   34.46660000   65.39110000
        N  64.00857700   34.85182000   64.12704600
        H  63.69806000   35.51432200   64.82330000
        H  64.20474600   33.89678200   64.39071300
        N  63.44910100   35.33900400   66.30794900
        H  63.64527000   34.38396600   66.57161600
        H  63.56344900   35.63154000   65.34802800
        N  64.11632100   33.20897600   65.73830500
        H  64.23067000   33.50151100   64.77838400
        H  63.80580400   33.87147800   66.43455900
        C  62.48230000   39.90100000   63.99240000
        N  62.63287700   40.28622000   62.72834600
        H  62.32236000   40.94872200   63.42460000
        H  62.82904600   39.33118200   62.99201300
        N  62.07340100   40.77340400   64.90924900
        H  62.26957000   39.81836600   65.17291600
        H  62.18774900   41.06594000   63.94932800
        N  62.74062100   38.64337600   64.33960500
        H  62.85497000   38.93591100   63.37968400
        H  62.43010400   39.30587800   65.03585900
        C  56.12980000   40.36960000   64.54710000
        N  56.28037700   40.75482000   63.28304600
        H  55.96986000   41.41732200   63.97930000
        H  56.47654600   39.79978200   63.54671300
        N  55.72090100   41.24200400   65.46394900
        H  55.91707000   40.28696600   65.72761600
        H  55.83524900   41.53454000   64.50402800
        N  56.38812100   39.11197600   64.89430500
        H  56.50247000   39.40451100   63.93438400
        H  56.07760400   39.77447800   65.59055900
        C  58.07510000   26.94060000   47.10160000
        O  59.25892500   27.00237600   46.70506300
        O  57.36381600   25.91321700   47.13415900
        H  57.61712100   27.87645000   47.45436100

Note: printed only print_atoms_list (this is not necessarily all atoms) 
  ------------RUNNING QM/MM MODULE------------- 
QM Module: ORCATheory
MM Module: OpenMMTheory
Charge provided from QMMMTheory object:  -2
Mult provided from QMMMTheory object:  1
QM-region Charge: -2 Mult: 1
Embedding: Electrostatic
Number of pointcharges (to QM program): 76
Number of charge coordinates: 76
Running QM/MM object with 8 cores available

-------------------------------------------------------------------
Time to calculate step (before-QMstep): 0.000 seconds, 0.0 minutes.
-------------------------------------------------------------------
  ------------RUNNING ORCA INTERFACE------------- 
Object-label: ORCA
Run-label: None
Running ORCA with 8 cores available
Moreadfile option not active
A GBW-file with same basename : orca.gbw is present
Autostart is False. ORCA will ignore any file present
Creating inputfile: orca.inp
ORCA input:
! B3LYP D3BJ def2-SVP def2/J RIJCOSX CPCM TightSCF

! Noautostart

%cpcm epsilon 4.0 end
%scf MaxIter 300 Guess PModel end
Charge: -2  Mult: 1
Pointcharge embedding is on!
 ORCA Calculation starting. 
Found warning messages in ORCA outputfile:
WARNING: The chosen methods will break translational/rotational symmetry
 WARNING: The chosen methods will break translational symmetry
 WARNING: The chosen methods will break translational symmetry
 Warning: op=0 Small HOMO/LUMO gap (   0.023) - skipping pre-diagonalization

 ORCA Calculation done. 
ORCA converged in 15 iterations
ORCA energy: -836.602565711586
  ------------ENDING ORCA-INTERFACE------------- 

---------------------------------------------------------------
Time to calculate step (ORCA run): 92.087 seconds, 1.5 minutes.
---------------------------------------------------------------

--------------------------------------------------------------
Time to calculate step (QM step): 92.087 seconds, 1.5 minutes.
--------------------------------------------------------------

----------------------------------------------------------------------
Time to calculate step (QMpcgrad prepare): 0.000 seconds, 0.0 minutes.
----------------------------------------------------------------------

--------------------------------------------------------------------------
Time to calculate step (linkatomgrad prepare): 0.000 seconds, 0.0 minutes.
--------------------------------------------------------------------------

----------------------------------------------------------------------------
Time to calculate step (QM/MM gradient prepare): 0.000 seconds, 0.0 minutes.
----------------------------------------------------------------------------
Using OpenMM theory as part of QM/MM.
Using MM on full system. Charges for QM region [0, 1, 2, 3, 4, 5, 6, 7, 8, 9, 10, 11, 12, 13, 14, 15, 16, 17, 18, 19, 20, 21, 22, 23] have been set to zero 

--------------------------------------------------------------------------------
                   Creating/updating OpenMM simulation object                   
--------------------------------------------------------------------------------

Integrator name: VerletIntegrator
Timestep: 0.001
Temperature: 300
Coupling frequency: 1
Properties: {'Threads': '1'}
Topology: <Topology; 1 chains, 1 residues, 100 atoms, 0 bonds>

----------------------------------------------------------------------------------
Time to calculate step (creating/updating simulation): 0.002 seconds, 0.0 minutes.
----------------------------------------------------------------------------------

--------------------------------------------------------------------------------
                     Running Single-point OpenMM Interface                      
--------------------------------------------------------------------------------

Number of OpenMM system constraints defined: 0

-----------------------------------------------------------------------------------
Time to calculate step (OpenMMTheory.run: const-check): 0.002 seconds, 0.0 minutes.
-----------------------------------------------------------------------------------
Updating coordinates.

------------------------------------------------------------------------
Time to calculate step (Creating pos array): 0.000 seconds, 0.0 minutes.
------------------------------------------------------------------------

---------------------------------------------------------------------------
Time to calculate step (Updating MM positions): 0.000 seconds, 0.0 minutes.
---------------------------------------------------------------------------
Calling OpenMM getState.

---------------------------------------------------------------------
Time to calculate step (OpenMM getState): 0.001 seconds, 0.0 minutes.
---------------------------------------------------------------------
OpenMM Energy: -3.376897988254804 Eh
OpenMM Energy: -2119.0354805745123 kcal/mol

-----------------------
Ending OpenMM interface
-----------------------

----------------------------------------------------------------
Time to calculate step (OpenMM run): 0.004 seconds, 0.0 minutes.
----------------------------------------------------------------

-------------------------------------------------------------
Time to calculate step (MM step): 0.004 seconds, 0.0 minutes.
-------------------------------------------------------------

Note: You are using electrostatic embedding. This means that the QM-energy is actually the polarized QM-energy
Note: MM energy also contains the QM-MM Lennard-Jones interaction

QM energy:              -836.602565711586 
MM energy:                -3.376897988255
QM/MM energy:           -839.979463699841 

  ------------ENDING QM/MM MODULE------------- 

----------------------------------------------------------------
Time to calculate step (QM/MM run): 92.092 seconds, 1.5 minutes.
----------------------------------------------------------------
geometric called save_guess_files option option for ASHengineclass.
This option is currently unsupported in ASH. Continuing.

Convergence criteria: {'convergence_energy': 1e-05, 'convergence_grms': 0.003, 'convergence_gmax': 0.006, 'convergence_drms': 0.01, 'convergence_dmax': 0.015, 'convergence_cmax': 0.01}

Replacing coordinates in fragment.
Creating/Updating fragment attributes...
Number of Atoms in fragment: 100
Formula: C20O14N18H48
Label: CHHCCOOOCHCHCCHCHCHOHCOOCNHHNHHNHHCOOHCOOHCNHHNHHNHHCNHHNHHNHHCOOHCNHHNHHNHHCNHHNHHNHHCNHHNHHNHHCOOH
Charge: -2 Mult: 1

--------------------------------------------------------------------------------
Wrote XYZ file:  Fragment-currentgeo.xyz
Current geometry (Å) in step 2 (print_atoms_list region)
---------------------------------------------------
        C  59.97379359   34.32724566   57.17066461
        H  60.49276096   33.35397845   57.16655442
        H  60.39475343   35.02544558   56.42241490
        C  58.72656738   34.58084190   57.79064670
        C  58.05579192   36.00602485   57.47783173
        O  58.80671947   36.93065566   57.10866786
        O  56.79193559   36.10578200   57.65513567
        O  58.09456327   33.82572944   58.63832509
        C  57.42476218   31.97131743   55.84866167
        H  56.79223855   31.46357552   56.58979020
        C  58.74457533   31.78567787   55.79024680
        H  59.30457596   31.01709036   56.33053308
        C  59.58955142   32.65977617   54.96771499
        C  58.98956269   33.55815014   54.03270046
        H  59.62789398   34.04089506   53.28764184
        C  57.64722205   33.74934457   54.06767138
        H  57.14290510   34.40265452   53.34939383
        C  56.77047772   33.07327382   55.07521042
        H  56.45748596   33.86702017   55.80548976
        O  55.62392163   32.54446996   54.39408803
        H  55.01995663   32.23999211   55.08157393
        C  61.11873659   32.34120066   54.98496770
        O  61.61314734   31.99590157   56.08295584
        O  61.56417455   32.43243640   53.84242391
        C  51.07830000   35.22980000   63.65660000
        N  51.22887700   35.61502000   62.39254600
        H  50.91836000   36.27752200   63.08880000
        H  51.42504600   34.65998200   62.65621300
        N  50.66940100   36.10220400   64.57344900
        H  50.86557000   35.14716600   64.83711600
        H  50.78374900   36.39474000   63.61352800
        N  51.33662100   33.97217600   64.00380500
        H  51.45097000   34.26471100   63.04388400
        H  51.02610400   34.63467800   64.70005900
        C  64.07740000   35.28690000   45.52850000
        O  65.26122500   35.34867600   45.13196300
        O  63.36611600   34.25951700   45.56105900
        H  63.61942100   36.22275000   45.88126100
        C  66.29280000   24.23360000   56.82780000
        O  67.47662500   24.29537600   56.43126300
        O  65.58151600   23.20621700   56.86035900
        H  65.83482100   25.16945000   57.18056100
        C  56.25930000   31.74570000   66.22720000
        N  56.40987700   32.13092000   64.96314600
        H  56.09936000   32.79342200   65.65940000
        H  56.60604600   31.17588200   65.22681300
        N  55.85040100   32.61810400   67.14404900
        H  56.04657000   31.66306600   67.40771600
        H  55.96474900   32.91064000   66.18412800
        N  56.51762100   30.48807600   66.57440500
        H  56.63197000   30.78061100   65.61448400
        H  56.20710400   31.15057800   67.27065900
        C  54.97730000   24.02100000   60.33440000
        N  55.12787700   24.40622000   59.07034600
        H  54.81736000   25.06872200   59.76660000
        H  55.32404600   23.45118200   59.33401300
        N  54.56840100   24.89340400   61.25124900
        H  54.76457000   23.93836600   61.51491600
        H  54.68274900   25.18594000   60.29132800
        N  55.23562100   22.76337600   60.68160500
        H  55.34997000   23.05591100   59.72168400
        H  54.92510400   23.42587800   61.37785900
        C  69.25010000   33.19120000   49.20880000
        O  70.43392500   33.25297600   48.81226300
        O  68.53881600   32.16381700   49.24135900
        H  68.79212100   34.12705000   49.56156100
        C  63.85800000   34.46660000   65.39110000
        N  64.00857700   34.85182000   64.12704600
        H  63.69806000   35.51432200   64.82330000
        H  64.20474600   33.89678200   64.39071300
        N  63.44910100   35.33900400   66.30794900
        H  63.64527000   34.38396600   66.57161600
        H  63.56344900   35.63154000   65.34802800
        N  64.11632100   33.20897600   65.73830500
        H  64.23067000   33.50151100   64.77838400
        H  63.80580400   33.87147800   66.43455900
        C  62.48230000   39.90100000   63.99240000
        N  62.63287700   40.28622000   62.72834600
        H  62.32236000   40.94872200   63.42460000
        H  62.82904600   39.33118200   62.99201300
        N  62.07340100   40.77340400   64.90924900
        H  62.26957000   39.81836600   65.17291600
        H  62.18774900   41.06594000   63.94932800
        N  62.74062100   38.64337600   64.33960500
        H  62.85497000   38.93591100   63.37968400
        H  62.43010400   39.30587800   65.03585900
        C  56.12980000   40.36960000   64.54710000
        N  56.28037700   40.75482000   63.28304600
        H  55.96986000   41.41732200   63.97930000
        H  56.47654600   39.79978200   63.54671300
        N  55.72090100   41.24200400   65.46394900
        H  55.91707000   40.28696600   65.72761600
        H  55.83524900   41.53454000   64.50402800
        N  56.38812100   39.11197600   64.89430500
        H  56.50247000   39.40451100   63.93438400
        H  56.07760400   39.77447800   65.59055900
        C  58.07510000   26.94060000   47.10160000
        O  59.25892500   27.00237600   46.70506300
        O  57.36381600   25.91321700   47.13415900
        H  57.61712100   27.87645000   47.45436100

Note: printed only print_atoms_list (this is not necessarily all atoms) 
  ------------RUNNING QM/MM MODULE------------- 
QM Module: ORCATheory
MM Module: OpenMMTheory
Charge provided from QMMMTheory object:  -2
Mult provided from QMMMTheory object:  1
QM-region Charge: -2 Mult: 1
Embedding: Electrostatic
Number of pointcharges (to QM program): 76
Number of charge coordinates: 76
Running QM/MM object with 8 cores available

-------------------------------------------------------------------
Time to calculate step (before-QMstep): 0.000 seconds, 0.0 minutes.
-------------------------------------------------------------------
  ------------RUNNING ORCA INTERFACE------------- 
Object-label: ORCA
Run-label: None
Running ORCA with 8 cores available
Moreadfile option not active
A GBW-file with same basename : orca.gbw is present
Autostart is False. ORCA will ignore any file present
Creating inputfile: orca.inp
ORCA input:
! B3LYP D3BJ def2-SVP def2/J RIJCOSX CPCM TightSCF

! Noautostart

%cpcm epsilon 4.0 end
%scf MaxIter 300 Guess PModel end
Charge: -2  Mult: 1
Pointcharge embedding is on!
 ORCA Calculation starting. 
Found warning messages in ORCA outputfile:
WARNING: The chosen methods will break translational/rotational symmetry
 WARNING: The chosen methods will break translational symmetry
 WARNING: The chosen methods will break translational symmetry
 Warning: op=0 Small HOMO/LUMO gap (   0.003) - skipping pre-diagonalization

 ORCA Calculation done. 
ORCA converged in 11 iterations
ORCA energy: -836.614443964145
  ------------ENDING ORCA-INTERFACE------------- 

---------------------------------------------------------------
Time to calculate step (ORCA run): 77.371 seconds, 1.3 minutes.
---------------------------------------------------------------

--------------------------------------------------------------
Time to calculate step (QM step): 77.371 seconds, 1.3 minutes.
--------------------------------------------------------------

----------------------------------------------------------------------
Time to calculate step (QMpcgrad prepare): 0.000 seconds, 0.0 minutes.
----------------------------------------------------------------------

--------------------------------------------------------------------------
Time to calculate step (linkatomgrad prepare): 0.000 seconds, 0.0 minutes.
--------------------------------------------------------------------------

----------------------------------------------------------------------------
Time to calculate step (QM/MM gradient prepare): 0.000 seconds, 0.0 minutes.
----------------------------------------------------------------------------
Using OpenMM theory as part of QM/MM.
Using MM on full system. Charges for QM region [0, 1, 2, 3, 4, 5, 6, 7, 8, 9, 10, 11, 12, 13, 14, 15, 16, 17, 18, 19, 20, 21, 22, 23] have been set to zero 

--------------------------------------------------------------------------------
                   Creating/updating OpenMM simulation object                   
--------------------------------------------------------------------------------

Integrator name: VerletIntegrator
Timestep: 0.001
Temperature: 300
Coupling frequency: 1
Properties: {'Threads': '1'}
Topology: <Topology; 1 chains, 1 residues, 100 atoms, 0 bonds>

----------------------------------------------------------------------------------
Time to calculate step (creating/updating simulation): 0.002 seconds, 0.0 minutes.
----------------------------------------------------------------------------------

--------------------------------------------------------------------------------
                     Running Single-point OpenMM Interface                      
--------------------------------------------------------------------------------

Number of OpenMM system constraints defined: 0

-----------------------------------------------------------------------------------
Time to calculate step (OpenMMTheory.run: const-check): 0.002 seconds, 0.0 minutes.
-----------------------------------------------------------------------------------
Updating coordinates.

------------------------------------------------------------------------
Time to calculate step (Creating pos array): 0.000 seconds, 0.0 minutes.
------------------------------------------------------------------------

---------------------------------------------------------------------------
Time to calculate step (Updating MM positions): 0.000 seconds, 0.0 minutes.
---------------------------------------------------------------------------
Calling OpenMM getState.

---------------------------------------------------------------------
Time to calculate step (OpenMM getState): 0.001 seconds, 0.0 minutes.
---------------------------------------------------------------------
OpenMM Energy: -3.3769341290144923 Eh
OpenMM Energy: -2119.058159243617 kcal/mol

-----------------------
Ending OpenMM interface
-----------------------

----------------------------------------------------------------
Time to calculate step (OpenMM run): 0.004 seconds, 0.0 minutes.
----------------------------------------------------------------

-------------------------------------------------------------
Time to calculate step (MM step): 0.004 seconds, 0.0 minutes.
-------------------------------------------------------------

Note: You are using electrostatic embedding. This means that the QM-energy is actually the polarized QM-energy
Note: MM energy also contains the QM-MM Lennard-Jones interaction

QM energy:              -836.614443964145 
MM energy:                -3.376934129014
QM/MM energy:           -839.991378093159 

  ------------ENDING QM/MM MODULE------------- 

----------------------------------------------------------------
Time to calculate step (QM/MM run): 77.376 seconds, 1.3 minutes.
----------------------------------------------------------------
geometric called save_guess_files option option for ASHengineclass.
This option is currently unsupported in ASH. Continuing.
geometric called clearCalcs option for ASHengineclass.
This option is currently unsupported in ASH. Continuing.

Convergence criteria: {'convergence_energy': 1e-05, 'convergence_grms': 0.003, 'convergence_gmax': 0.006, 'convergence_drms': 0.01, 'convergence_dmax': 0.015, 'convergence_cmax': 0.01}

Replacing coordinates in fragment.
Creating/Updating fragment attributes...
Number of Atoms in fragment: 100
Formula: C20O14N18H48
Label: CHHCCOOOCHCHCCHCHCHOHCOOCNHHNHHNHHCOOHCOOHCNHHNHHNHHCNHHNHHNHHCOOHCNHHNHHNHHCNHHNHHNHHCNHHNHHNHHCOOH
Charge: -2 Mult: 1

--------------------------------------------------------------------------------
Wrote XYZ file:  Fragment-currentgeo.xyz
Current geometry (Å) in step 3 (print_atoms_list region)
---------------------------------------------------
        C  59.75896038   34.40277597   57.45377991
        H  60.24183848   33.42290158   57.33226990
        H  59.96567003   35.02490165   56.53880841
        C  58.68617656   34.73671612   58.39380371
        C  57.99228358   36.18047754   58.16788870
        O  58.70238975   37.11933016   57.74875571
        O  56.74440536   36.27039976   58.45186389
        O  58.25360379   34.11648000   59.47652338
        C  57.31961680   31.80101021   55.70429791
        H  56.70172988   31.29884330   56.46569060
        C  58.66623695   31.73399798   55.81484111
        H  59.19541155   30.93613845   56.33618412
        C  59.57341744   32.68029529   55.07202352
        C  59.00037720   33.53259827   54.09491404
        H  59.64885721   34.01985814   53.35671738
        C  57.64041619   33.70216765   54.07765564
        H  57.14317521   34.36629919   53.36413502
        C  56.74188592   33.01339836   55.04692499
        H  56.56546978   33.77382873   55.87861454
        O  55.49818078   32.72165734   54.37052790
        H  54.94108761   32.27987176   55.03233382
        C  61.11067474   32.47620419   55.29688920
        O  61.53093951   32.24553090   56.45142066
        O  61.71717214   32.50812995   54.20706647
        C  51.07830000   35.22980000   63.65660000
        N  51.22887700   35.61502000   62.39254600
        H  50.91836000   36.27752200   63.08880000
        H  51.42504600   34.65998200   62.65621300
        N  50.66940100   36.10220400   64.57344900
        H  50.86557000   35.14716600   64.83711600
        H  50.78374900   36.39474000   63.61352800
        N  51.33662100   33.97217600   64.00380500
        H  51.45097000   34.26471100   63.04388400
        H  51.02610400   34.63467800   64.70005900
        C  64.07740000   35.28690000   45.52850000
        O  65.26122500   35.34867600   45.13196300
        O  63.36611600   34.25951700   45.56105900
        H  63.61942100   36.22275000   45.88126100
        C  66.29280000   24.23360000   56.82780000
        O  67.47662500   24.29537600   56.43126300
        O  65.58151600   23.20621700   56.86035900
        H  65.83482100   25.16945000   57.18056100
        C  56.25930000   31.74570000   66.22720000
        N  56.40987700   32.13092000   64.96314600
        H  56.09936000   32.79342200   65.65940000
        H  56.60604600   31.17588200   65.22681300
        N  55.85040100   32.61810400   67.14404900
        H  56.04657000   31.66306600   67.40771600
        H  55.96474900   32.91064000   66.18412800
        N  56.51762100   30.48807600   66.57440500
        H  56.63197000   30.78061100   65.61448400
        H  56.20710400   31.15057800   67.27065900
        C  54.97730000   24.02100000   60.33440000
        N  55.12787700   24.40622000   59.07034600
        H  54.81736000   25.06872200   59.76660000
        H  55.32404600   23.45118200   59.33401300
        N  54.56840100   24.89340400   61.25124900
        H  54.76457000   23.93836600   61.51491600
        H  54.68274900   25.18594000   60.29132800
        N  55.23562100   22.76337600   60.68160500
        H  55.34997000   23.05591100   59.72168400
        H  54.92510400   23.42587800   61.37785900
        C  69.25010000   33.19120000   49.20880000
        O  70.43392500   33.25297600   48.81226300
        O  68.53881600   32.16381700   49.24135900
        H  68.79212100   34.12705000   49.56156100
        C  63.85800000   34.46660000   65.39110000
        N  64.00857700   34.85182000   64.12704600
        H  63.69806000   35.51432200   64.82330000
        H  64.20474600   33.89678200   64.39071300
        N  63.44910100   35.33900400   66.30794900
        H  63.64527000   34.38396600   66.57161600
        H  63.56344900   35.63154000   65.34802800
        N  64.11632100   33.20897600   65.73830500
        H  64.23067000   33.50151100   64.77838400
        H  63.80580400   33.87147800   66.43455900
        C  62.48230000   39.90100000   63.99240000
        N  62.63287700   40.28622000   62.72834600
        H  62.32236000   40.94872200   63.42460000
        H  62.82904600   39.33118200   62.99201300
        N  62.07340100   40.77340400   64.90924900
        H  62.26957000   39.81836600   65.17291600
        H  62.18774900   41.06594000   63.94932800
        N  62.74062100   38.64337600   64.33960500
        H  62.85497000   38.93591100   63.37968400
        H  62.43010400   39.30587800   65.03585900
        C  56.12980000   40.36960000   64.54710000
        N  56.28037700   40.75482000   63.28304600
        H  55.96986000   41.41732200   63.97930000
        H  56.47654600   39.79978200   63.54671300
        N  55.72090100   41.24200400   65.46394900
        H  55.91707000   40.28696600   65.72761600
        H  55.83524900   41.53454000   64.50402800
        N  56.38812100   39.11197600   64.89430500
        H  56.50247000   39.40451100   63.93438400
        H  56.07760400   39.77447800   65.59055900
        C  58.07510000   26.94060000   47.10160000
        O  59.25892500   27.00237600   46.70506300
        O  57.36381600   25.91321700   47.13415900
        H  57.61712100   27.87645000   47.45436100

Note: printed only print_atoms_list (this is not necessarily all atoms) 
  ------------RUNNING QM/MM MODULE------------- 
QM Module: ORCATheory
MM Module: OpenMMTheory
Charge provided from QMMMTheory object:  -2
Mult provided from QMMMTheory object:  1
QM-region Charge: -2 Mult: 1
Embedding: Electrostatic
Number of pointcharges (to QM program): 76
Number of charge coordinates: 76
Running QM/MM object with 8 cores available

-------------------------------------------------------------------
Time to calculate step (before-QMstep): 0.000 seconds, 0.0 minutes.
-------------------------------------------------------------------
  ------------RUNNING ORCA INTERFACE------------- 
Object-label: ORCA
Run-label: None
Running ORCA with 8 cores available
Moreadfile option not active
A GBW-file with same basename : orca.gbw is present
Autostart is False. ORCA will ignore any file present
Creating inputfile: orca.inp
ORCA input:
! B3LYP D3BJ def2-SVP def2/J RIJCOSX CPCM TightSCF

! Noautostart

%cpcm epsilon 4.0 end
%scf MaxIter 300 Guess PModel end
Charge: -2  Mult: 1
Pointcharge embedding is on!
 ORCA Calculation starting. 
Found warning messages in ORCA outputfile:
WARNING: The chosen methods will break translational/rotational symmetry
 WARNING: The chosen methods will break translational symmetry
 WARNING: The chosen methods will break translational symmetry
 Warning: op=0 Small HOMO/LUMO gap (  -0.010) - skipping pre-diagonalization

 ORCA Calculation done. 
ORCA converged in 15 iterations
ORCA energy: -836.636791812792
  ------------ENDING ORCA-INTERFACE------------- 

---------------------------------------------------------------
Time to calculate step (ORCA run): 91.822 seconds, 1.5 minutes.
---------------------------------------------------------------

--------------------------------------------------------------
Time to calculate step (QM step): 91.822 seconds, 1.5 minutes.
--------------------------------------------------------------

----------------------------------------------------------------------
Time to calculate step (QMpcgrad prepare): 0.000 seconds, 0.0 minutes.
----------------------------------------------------------------------

--------------------------------------------------------------------------
Time to calculate step (linkatomgrad prepare): 0.000 seconds, 0.0 minutes.
--------------------------------------------------------------------------

----------------------------------------------------------------------------
Time to calculate step (QM/MM gradient prepare): 0.000 seconds, 0.0 minutes.
----------------------------------------------------------------------------
Using OpenMM theory as part of QM/MM.
Using MM on full system. Charges for QM region [0, 1, 2, 3, 4, 5, 6, 7, 8, 9, 10, 11, 12, 13, 14, 15, 16, 17, 18, 19, 20, 21, 22, 23] have been set to zero 

--------------------------------------------------------------------------------
                   Creating/updating OpenMM simulation object                   
--------------------------------------------------------------------------------

Integrator name: VerletIntegrator
Timestep: 0.001
Temperature: 300
Coupling frequency: 1
Properties: {'Threads': '1'}
Topology: <Topology; 1 chains, 1 residues, 100 atoms, 0 bonds>

----------------------------------------------------------------------------------
Time to calculate step (creating/updating simulation): 0.002 seconds, 0.0 minutes.
----------------------------------------------------------------------------------

--------------------------------------------------------------------------------
                     Running Single-point OpenMM Interface                      
--------------------------------------------------------------------------------

Number of OpenMM system constraints defined: 0

-----------------------------------------------------------------------------------
Time to calculate step (OpenMMTheory.run: const-check): 0.002 seconds, 0.0 minutes.
-----------------------------------------------------------------------------------
Updating coordinates.

------------------------------------------------------------------------
Time to calculate step (Creating pos array): 0.000 seconds, 0.0 minutes.
------------------------------------------------------------------------

---------------------------------------------------------------------------
Time to calculate step (Updating MM positions): 0.000 seconds, 0.0 minutes.
---------------------------------------------------------------------------
Calling OpenMM getState.

---------------------------------------------------------------------
Time to calculate step (OpenMM getState): 0.001 seconds, 0.0 minutes.
---------------------------------------------------------------------
OpenMM Energy: -3.377049242781526 Eh
OpenMM Energy: -2119.1303942230256 kcal/mol

-----------------------
Ending OpenMM interface
-----------------------

----------------------------------------------------------------
Time to calculate step (OpenMM run): 0.003 seconds, 0.0 minutes.
----------------------------------------------------------------

-------------------------------------------------------------
Time to calculate step (MM step): 0.004 seconds, 0.0 minutes.
-------------------------------------------------------------

Note: You are using electrostatic embedding. This means that the QM-energy is actually the polarized QM-energy
Note: MM energy also contains the QM-MM Lennard-Jones interaction

QM energy:              -836.636791812792 
MM energy:                -3.377049242782
QM/MM energy:           -840.013841055573 

  ------------ENDING QM/MM MODULE------------- 

----------------------------------------------------------------
Time to calculate step (QM/MM run): 91.826 seconds, 1.5 minutes.
----------------------------------------------------------------
geometric called save_guess_files option option for ASHengineclass.
This option is currently unsupported in ASH. Continuing.

Convergence criteria: {'convergence_energy': 1e-05, 'convergence_grms': 0.003, 'convergence_gmax': 0.006, 'convergence_drms': 0.01, 'convergence_dmax': 0.015, 'convergence_cmax': 0.01}

Replacing coordinates in fragment.
Creating/Updating fragment attributes...
Number of Atoms in fragment: 100
Formula: C20O14N18H48
Label: CHHCCOOOCHCHCCHCHCHOHCOOCNHHNHHNHHCOOHCOOHCNHHNHHNHHCNHHNHHNHHCOOHCNHHNHHNHHCNHHNHHNHHCNHHNHHNHHCOOH
Charge: -2 Mult: 1

--------------------------------------------------------------------------------
Wrote XYZ file:  Fragment-currentgeo.xyz
Current geometry (Å) in step 4 (print_atoms_list region)
---------------------------------------------------
        C  59.43915185   34.51518579   57.85351059
        H  59.90548364   33.54921836   57.70008412
        H  59.41851445   35.06981046   56.85724610
        C  58.63660146   34.94567658   59.06040960
        C  57.91744179   36.38328430   59.01074050
        O  58.56368368   37.35695563   58.54979837
        O  56.70510575   36.44007811   59.43812331
        O  58.49565301   34.42957056   60.29336737
        C  57.23988483   31.66092707   55.56571223
        H  56.61320350   31.09461254   56.27355178
        C  58.59472249   31.68121884   55.84331317
        H  59.05527922   30.84309201   56.36168825
        C  59.56187714   32.68873836   55.22257404
        C  59.01584778   33.49812884   54.19149237
        H  59.68057291   33.99507207   53.46780861
        C  57.63812020   33.63718556   54.08769721
        H  57.15966478   34.31327642   53.37178620
        C  56.70458811   32.94826229   55.01094720
        H  56.69777917   33.64862115   55.93779929
        O  55.38039889   32.93004131   54.39437403
        H  54.84079265   32.33057491   54.95865953
        C  61.06987621   32.61213358   55.63463632
        O  61.39745514   32.51814293   56.84284924
        O  61.86024638   32.59238775   54.62936297
        C  51.07830000   35.22980000   63.65660000
        N  51.22887700   35.61502000   62.39254600
        H  50.91836000   36.27752200   63.08880000
        H  51.42504600   34.65998200   62.65621300
        N  50.66940100   36.10220400   64.57344900
        H  50.86557000   35.14716600   64.83711600
        H  50.78374900   36.39474000   63.61352800
        N  51.33662100   33.97217600   64.00380500
        H  51.45097000   34.26471100   63.04388400
        H  51.02610400   34.63467800   64.70005900
        C  64.07740000   35.28690000   45.52850000
        O  65.26122500   35.34867600   45.13196300
        O  63.36611600   34.25951700   45.56105900
        H  63.61942100   36.22275000   45.88126100
        C  66.29280000   24.23360000   56.82780000
        O  67.47662500   24.29537600   56.43126300
        O  65.58151600   23.20621700   56.86035900
        H  65.83482100   25.16945000   57.18056100
        C  56.25930000   31.74570000   66.22720000
        N  56.40987700   32.13092000   64.96314600
        H  56.09936000   32.79342200   65.65940000
        H  56.60604600   31.17588200   65.22681300
        N  55.85040100   32.61810400   67.14404900
        H  56.04657000   31.66306600   67.40771600
        H  55.96474900   32.91064000   66.18412800
        N  56.51762100   30.48807600   66.57440500
        H  56.63197000   30.78061100   65.61448400
        H  56.20710400   31.15057800   67.27065900
        C  54.97730000   24.02100000   60.33440000
        N  55.12787700   24.40622000   59.07034600
        H  54.81736000   25.06872200   59.76660000
        H  55.32404600   23.45118200   59.33401300
        N  54.56840100   24.89340400   61.25124900
        H  54.76457000   23.93836600   61.51491600
        H  54.68274900   25.18594000   60.29132800
        N  55.23562100   22.76337600   60.68160500
        H  55.34997000   23.05591100   59.72168400
        H  54.92510400   23.42587800   61.37785900
        C  69.25010000   33.19120000   49.20880000
        O  70.43392500   33.25297600   48.81226300
        O  68.53881600   32.16381700   49.24135900
        H  68.79212100   34.12705000   49.56156100
        C  63.85800000   34.46660000   65.39110000
        N  64.00857700   34.85182000   64.12704600
        H  63.69806000   35.51432200   64.82330000
        H  64.20474600   33.89678200   64.39071300
        N  63.44910100   35.33900400   66.30794900
        H  63.64527000   34.38396600   66.57161600
        H  63.56344900   35.63154000   65.34802800
        N  64.11632100   33.20897600   65.73830500
        H  64.23067000   33.50151100   64.77838400
        H  63.80580400   33.87147800   66.43455900
        C  62.48230000   39.90100000   63.99240000
        N  62.63287700   40.28622000   62.72834600
        H  62.32236000   40.94872200   63.42460000
        H  62.82904600   39.33118200   62.99201300
        N  62.07340100   40.77340400   64.90924900
        H  62.26957000   39.81836600   65.17291600
        H  62.18774900   41.06594000   63.94932800
        N  62.74062100   38.64337600   64.33960500
        H  62.85497000   38.93591100   63.37968400
        H  62.43010400   39.30587800   65.03585900
        C  56.12980000   40.36960000   64.54710000
        N  56.28037700   40.75482000   63.28304600
        H  55.96986000   41.41732200   63.97930000
        H  56.47654600   39.79978200   63.54671300
        N  55.72090100   41.24200400   65.46394900
        H  55.91707000   40.28696600   65.72761600
        H  55.83524900   41.53454000   64.50402800
        N  56.38812100   39.11197600   64.89430500
        H  56.50247000   39.40451100   63.93438400
        H  56.07760400   39.77447800   65.59055900
        C  58.07510000   26.94060000   47.10160000
        O  59.25892500   27.00237600   46.70506300
        O  57.36381600   25.91321700   47.13415900
        H  57.61712100   27.87645000   47.45436100

Note: printed only print_atoms_list (this is not necessarily all atoms) 
  ------------RUNNING QM/MM MODULE------------- 
QM Module: ORCATheory
MM Module: OpenMMTheory
Charge provided from QMMMTheory object:  -2
Mult provided from QMMMTheory object:  1
QM-region Charge: -2 Mult: 1
Embedding: Electrostatic
Number of pointcharges (to QM program): 76
Number of charge coordinates: 76
Running QM/MM object with 8 cores available

-------------------------------------------------------------------
Time to calculate step (before-QMstep): 0.000 seconds, 0.0 minutes.
-------------------------------------------------------------------
  ------------RUNNING ORCA INTERFACE------------- 
Object-label: ORCA
Run-label: None
Running ORCA with 8 cores available
Moreadfile option not active
A GBW-file with same basename : orca.gbw is present
Autostart is False. ORCA will ignore any file present
Creating inputfile: orca.inp
ORCA input:
! B3LYP D3BJ def2-SVP def2/J RIJCOSX CPCM TightSCF

! Noautostart

%cpcm epsilon 4.0 end
%scf MaxIter 300 Guess PModel end
Charge: -2  Mult: 1
Pointcharge embedding is on!
 ORCA Calculation starting. 
Found warning messages in ORCA outputfile:
WARNING: The chosen methods will break translational/rotational symmetry
 WARNING: The chosen methods will break translational symmetry
 WARNING: The chosen methods will break translational symmetry
 Warning: op=0 Small HOMO/LUMO gap (  -0.004) - skipping pre-diagonalization

 ORCA Calculation done. 
ORCA converged in 17 iterations
ORCA energy: -836.668860387413
  ------------ENDING ORCA-INTERFACE------------- 

---------------------------------------------------------------
Time to calculate step (ORCA run): 93.680 seconds, 1.6 minutes.
---------------------------------------------------------------

--------------------------------------------------------------
Time to calculate step (QM step): 93.680 seconds, 1.6 minutes.
--------------------------------------------------------------

----------------------------------------------------------------------
Time to calculate step (QMpcgrad prepare): 0.000 seconds, 0.0 minutes.
----------------------------------------------------------------------

--------------------------------------------------------------------------
Time to calculate step (linkatomgrad prepare): 0.000 seconds, 0.0 minutes.
--------------------------------------------------------------------------

----------------------------------------------------------------------------
Time to calculate step (QM/MM gradient prepare): 0.000 seconds, 0.0 minutes.
----------------------------------------------------------------------------
Using OpenMM theory as part of QM/MM.
Using MM on full system. Charges for QM region [0, 1, 2, 3, 4, 5, 6, 7, 8, 9, 10, 11, 12, 13, 14, 15, 16, 17, 18, 19, 20, 21, 22, 23] have been set to zero 

--------------------------------------------------------------------------------
                   Creating/updating OpenMM simulation object                   
--------------------------------------------------------------------------------

Integrator name: VerletIntegrator
Timestep: 0.001
Temperature: 300
Coupling frequency: 1
Properties: {'Threads': '1'}
Topology: <Topology; 1 chains, 1 residues, 100 atoms, 0 bonds>

----------------------------------------------------------------------------------
Time to calculate step (creating/updating simulation): 0.002 seconds, 0.0 minutes.
----------------------------------------------------------------------------------

--------------------------------------------------------------------------------
                     Running Single-point OpenMM Interface                      
--------------------------------------------------------------------------------

Number of OpenMM system constraints defined: 0

-----------------------------------------------------------------------------------
Time to calculate step (OpenMMTheory.run: const-check): 0.002 seconds, 0.0 minutes.
-----------------------------------------------------------------------------------
Updating coordinates.

------------------------------------------------------------------------
Time to calculate step (Creating pos array): 0.000 seconds, 0.0 minutes.
------------------------------------------------------------------------

---------------------------------------------------------------------------
Time to calculate step (Updating MM positions): 0.000 seconds, 0.0 minutes.
---------------------------------------------------------------------------
Calling OpenMM getState.

---------------------------------------------------------------------
Time to calculate step (OpenMM getState): 0.001 seconds, 0.0 minutes.
---------------------------------------------------------------------
OpenMM Energy: -3.377272885895927 Eh
OpenMM Energy: -2119.2707323961213 kcal/mol

-----------------------
Ending OpenMM interface
-----------------------

----------------------------------------------------------------
Time to calculate step (OpenMM run): 0.004 seconds, 0.0 minutes.
----------------------------------------------------------------

-------------------------------------------------------------
Time to calculate step (MM step): 0.004 seconds, 0.0 minutes.
-------------------------------------------------------------

Note: You are using electrostatic embedding. This means that the QM-energy is actually the polarized QM-energy
Note: MM energy also contains the QM-MM Lennard-Jones interaction

QM energy:              -836.668860387413 
MM energy:                -3.377272885896
QM/MM energy:           -840.046133273309 

  ------------ENDING QM/MM MODULE------------- 

----------------------------------------------------------------
Time to calculate step (QM/MM run): 93.684 seconds, 1.6 minutes.
----------------------------------------------------------------
geometric called save_guess_files option option for ASHengineclass.
This option is currently unsupported in ASH. Continuing.

Convergence criteria: {'convergence_energy': 1e-05, 'convergence_grms': 0.003, 'convergence_gmax': 0.006, 'convergence_drms': 0.01, 'convergence_dmax': 0.015, 'convergence_cmax': 0.01}

Replacing coordinates in fragment.
Creating/Updating fragment attributes...
Number of Atoms in fragment: 100
Formula: C20O14N18H48
Label: CHHCCOOOCHCHCCHCHCHOHCOOCNHHNHHNHHCOOHCOOHCNHHNHHNHHCNHHNHHNHHCOOHCNHHNHHNHHCNHHNHHNHHCNHHNHHNHHCOOH
Charge: -2 Mult: 1

--------------------------------------------------------------------------------
Wrote XYZ file:  Fragment-currentgeo.xyz
Current geometry (Å) in step 5 (print_atoms_list region)
---------------------------------------------------
        C  59.00663224   34.67904864   58.42836707
        H  59.51479719   33.76754205   58.39067829
        H  58.82502905   35.22441818   57.50420251
        C  58.54807346   35.21184786   59.69750165
        C  57.82946833   36.57909274   59.94764675
        O  58.37899133   37.64425320   59.51968891
        O  56.72021954   36.56817506   60.62505575
        O  58.72763550   34.65050889   60.83934872
        C  57.21695875   31.62949437   55.53714811
        H  56.55458993   30.88373482   56.01121133
        C  58.56804707   31.64597619   55.90198300
        H  58.89646015   30.75450351   56.42653399
        C  59.53847812   32.68442625   55.44367722
        C  59.03365784   33.46948437   54.35222193
        H  59.72799504   33.97225977   53.65406171
        C  57.64991471   33.56741526   54.11049145
        H  57.21127800   34.24516526   53.36843858
        C  56.66086405   32.89816734   54.98599940
        H  56.81105636   33.51352857   55.94943527
        O  55.32430003   33.09921589   54.47268207
        H  54.71562446   32.40280038   54.84734759
        C  60.96367746   32.71947445   55.94729693
        O  61.20630222   32.76970992   57.17801259
        O  61.93187946   32.66548799   55.06325984
        C  51.07830000   35.22980000   63.65660000
        N  51.22887700   35.61502000   62.39254600
        H  50.91836000   36.27752200   63.08880000
        H  51.42504600   34.65998200   62.65621300
        N  50.66940100   36.10220400   64.57344900
        H  50.86557000   35.14716600   64.83711600
        H  50.78374900   36.39474000   63.61352800
        N  51.33662100   33.97217600   64.00380500
        H  51.45097000   34.26471100   63.04388400
        H  51.02610400   34.63467800   64.70005900
        C  64.07740000   35.28690000   45.52850000
        O  65.26122500   35.34867600   45.13196300
        O  63.36611600   34.25951700   45.56105900
        H  63.61942100   36.22275000   45.88126100
        C  66.29280000   24.23360000   56.82780000
        O  67.47662500   24.29537600   56.43126300
        O  65.58151600   23.20621700   56.86035900
        H  65.83482100   25.16945000   57.18056100
        C  56.25930000   31.74570000   66.22720000
        N  56.40987700   32.13092000   64.96314600
        H  56.09936000   32.79342200   65.65940000
        H  56.60604600   31.17588200   65.22681300
        N  55.85040100   32.61810400   67.14404900
        H  56.04657000   31.66306600   67.40771600
        H  55.96474900   32.91064000   66.18412800
        N  56.51762100   30.48807600   66.57440500
        H  56.63197000   30.78061100   65.61448400
        H  56.20710400   31.15057800   67.27065900
        C  54.97730000   24.02100000   60.33440000
        N  55.12787700   24.40622000   59.07034600
        H  54.81736000   25.06872200   59.76660000
        H  55.32404600   23.45118200   59.33401300
        N  54.56840100   24.89340400   61.25124900
        H  54.76457000   23.93836600   61.51491600
        H  54.68274900   25.18594000   60.29132800
        N  55.23562100   22.76337600   60.68160500
        H  55.34997000   23.05591100   59.72168400
        H  54.92510400   23.42587800   61.37785900
        C  69.25010000   33.19120000   49.20880000
        O  70.43392500   33.25297600   48.81226300
        O  68.53881600   32.16381700   49.24135900
        H  68.79212100   34.12705000   49.56156100
        C  63.85800000   34.46660000   65.39110000
        N  64.00857700   34.85182000   64.12704600
        H  63.69806000   35.51432200   64.82330000
        H  64.20474600   33.89678200   64.39071300
        N  63.44910100   35.33900400   66.30794900
        H  63.64527000   34.38396600   66.57161600
        H  63.56344900   35.63154000   65.34802800
        N  64.11632100   33.20897600   65.73830500
        H  64.23067000   33.50151100   64.77838400
        H  63.80580400   33.87147800   66.43455900
        C  62.48230000   39.90100000   63.99240000
        N  62.63287700   40.28622000   62.72834600
        H  62.32236000   40.94872200   63.42460000
        H  62.82904600   39.33118200   62.99201300
        N  62.07340100   40.77340400   64.90924900
        H  62.26957000   39.81836600   65.17291600
        H  62.18774900   41.06594000   63.94932800
        N  62.74062100   38.64337600   64.33960500
        H  62.85497000   38.93591100   63.37968400
        H  62.43010400   39.30587800   65.03585900
        C  56.12980000   40.36960000   64.54710000
        N  56.28037700   40.75482000   63.28304600
        H  55.96986000   41.41732200   63.97930000
        H  56.47654600   39.79978200   63.54671300
        N  55.72090100   41.24200400   65.46394900
        H  55.91707000   40.28696600   65.72761600
        H  55.83524900   41.53454000   64.50402800
        N  56.38812100   39.11197600   64.89430500
        H  56.50247000   39.40451100   63.93438400
        H  56.07760400   39.77447800   65.59055900
        C  58.07510000   26.94060000   47.10160000
        O  59.25892500   27.00237600   46.70506300
        O  57.36381600   25.91321700   47.13415900
        H  57.61712100   27.87645000   47.45436100

Note: printed only print_atoms_list (this is not necessarily all atoms) 
  ------------RUNNING QM/MM MODULE------------- 
QM Module: ORCATheory
MM Module: OpenMMTheory
Charge provided from QMMMTheory object:  -2
Mult provided from QMMMTheory object:  1
QM-region Charge: -2 Mult: 1
Embedding: Electrostatic
Number of pointcharges (to QM program): 76
Number of charge coordinates: 76
Running QM/MM object with 8 cores available

-------------------------------------------------------------------
Time to calculate step (before-QMstep): 0.000 seconds, 0.0 minutes.
-------------------------------------------------------------------
  ------------RUNNING ORCA INTERFACE------------- 
Object-label: ORCA
Run-label: None
Running ORCA with 8 cores available
Moreadfile option not active
A GBW-file with same basename : orca.gbw is present
Autostart is False. ORCA will ignore any file present
Creating inputfile: orca.inp
ORCA input:
! B3LYP D3BJ def2-SVP def2/J RIJCOSX CPCM TightSCF

! Noautostart

%cpcm epsilon 4.0 end
%scf MaxIter 300 Guess PModel end
Charge: -2  Mult: 1
Pointcharge embedding is on!
 ORCA Calculation starting. 
Found warning messages in ORCA outputfile:
WARNING: The chosen methods will break translational/rotational symmetry
 WARNING: The chosen methods will break translational symmetry
 WARNING: The chosen methods will break translational symmetry
 Warning: op=0 Small HOMO/LUMO gap (   0.010) - skipping pre-diagonalization

 ORCA Calculation done. 
ORCA converged in 15 iterations
ORCA energy: -836.743319577853
  ------------ENDING ORCA-INTERFACE------------- 

---------------------------------------------------------------
Time to calculate step (ORCA run): 86.274 seconds, 1.4 minutes.
---------------------------------------------------------------

--------------------------------------------------------------
Time to calculate step (QM step): 86.274 seconds, 1.4 minutes.
--------------------------------------------------------------

----------------------------------------------------------------------
Time to calculate step (QMpcgrad prepare): 0.000 seconds, 0.0 minutes.
----------------------------------------------------------------------

--------------------------------------------------------------------------
Time to calculate step (linkatomgrad prepare): 0.000 seconds, 0.0 minutes.
--------------------------------------------------------------------------

----------------------------------------------------------------------------
Time to calculate step (QM/MM gradient prepare): 0.000 seconds, 0.0 minutes.
----------------------------------------------------------------------------
Using OpenMM theory as part of QM/MM.
Using MM on full system. Charges for QM region [0, 1, 2, 3, 4, 5, 6, 7, 8, 9, 10, 11, 12, 13, 14, 15, 16, 17, 18, 19, 20, 21, 22, 23] have been set to zero 

--------------------------------------------------------------------------------
                   Creating/updating OpenMM simulation object                   
--------------------------------------------------------------------------------

Integrator name: VerletIntegrator
Timestep: 0.001
Temperature: 300
Coupling frequency: 1
Properties: {'Threads': '1'}
Topology: <Topology; 1 chains, 1 residues, 100 atoms, 0 bonds>

----------------------------------------------------------------------------------
Time to calculate step (creating/updating simulation): 0.002 seconds, 0.0 minutes.
----------------------------------------------------------------------------------

--------------------------------------------------------------------------------
                     Running Single-point OpenMM Interface                      
--------------------------------------------------------------------------------

Number of OpenMM system constraints defined: 0

-----------------------------------------------------------------------------------
Time to calculate step (OpenMMTheory.run: const-check): 0.002 seconds, 0.0 minutes.
-----------------------------------------------------------------------------------
Updating coordinates.

------------------------------------------------------------------------
Time to calculate step (Creating pos array): 0.000 seconds, 0.0 minutes.
------------------------------------------------------------------------

---------------------------------------------------------------------------
Time to calculate step (Updating MM positions): 0.000 seconds, 0.0 minutes.
---------------------------------------------------------------------------
Calling OpenMM getState.

---------------------------------------------------------------------
Time to calculate step (OpenMM getState): 0.001 seconds, 0.0 minutes.
---------------------------------------------------------------------
OpenMM Energy: -3.3777107539138407 Eh
OpenMM Energy: -2119.5454987257513 kcal/mol

-----------------------
Ending OpenMM interface
-----------------------

----------------------------------------------------------------
Time to calculate step (OpenMM run): 0.003 seconds, 0.0 minutes.
----------------------------------------------------------------

-------------------------------------------------------------
Time to calculate step (MM step): 0.003 seconds, 0.0 minutes.
-------------------------------------------------------------

Note: You are using electrostatic embedding. This means that the QM-energy is actually the polarized QM-energy
Note: MM energy also contains the QM-MM Lennard-Jones interaction

QM energy:              -836.743319577853 
MM energy:                -3.377710753914
QM/MM energy:           -840.121030331767 

  ------------ENDING QM/MM MODULE------------- 

----------------------------------------------------------------
Time to calculate step (QM/MM run): 86.278 seconds, 1.4 minutes.
----------------------------------------------------------------
geometric called save_guess_files option option for ASHengineclass.
This option is currently unsupported in ASH. Continuing.

Convergence criteria: {'convergence_energy': 1e-05, 'convergence_grms': 0.003, 'convergence_gmax': 0.006, 'convergence_drms': 0.01, 'convergence_dmax': 0.015, 'convergence_cmax': 0.01}

Replacing coordinates in fragment.
Creating/Updating fragment attributes...
Number of Atoms in fragment: 100
Formula: C20O14N18H48
Label: CHHCCOOOCHCHCCHCHCHOHCOOCNHHNHHNHHCOOHCOOHCNHHNHHNHHCNHHNHHNHHCOOHCNHHNHHNHHCNHHNHHNHHCNHHNHHNHHCOOH
Charge: -2 Mult: 1

--------------------------------------------------------------------------------
Wrote XYZ file:  Fragment-currentgeo.xyz
Current geometry (Å) in step 6 (print_atoms_list region)
---------------------------------------------------
        C  58.46419396   34.93352445   59.18839089
        H  59.12617932   34.05265944   58.98126265
        H  58.04317014   35.33985510   58.17848673
        C  58.41995432   35.45974712   60.57072023
        C  57.70137852   36.78576962   60.96795615
        O  58.16227544   37.94502297   60.64827115
        O  56.77803161   36.72149052   61.93238133
        O  59.10171180   34.98471068   61.69995214
        C  57.18871249   31.59475500   55.54962118
        H  56.50745889   30.70954908   55.73531937
        C  58.51339801   31.58224850   55.98944258
        H  58.80468900   30.68650653   56.51922579
        C  59.46463676   32.62967542   55.64289989
        C  59.04966653   33.45206873   54.53184461
        H  59.78875508   33.96625082   53.89048540
        C  57.69083423   33.53383093   54.16116896
        H  57.30559799   34.18949249   53.36768057
        C  56.64947275   32.85932875   54.98272908
        H  56.88040652   33.38513506   55.94703762
        O  55.35606559   33.17312212   54.56826689
        H  54.63734337   32.49970947   54.71428267
        C  60.81590326   32.81242797   56.28624106
        O  60.91378913   33.04948302   57.53747769
        O  61.86992238   32.73363637   55.51521739
        C  51.07830000   35.22980000   63.65660000
        N  51.22887700   35.61502000   62.39254600
        H  50.91836000   36.27752200   63.08880000
        H  51.42504600   34.65998200   62.65621300
        N  50.66940100   36.10220400   64.57344900
        H  50.86557000   35.14716600   64.83711600
        H  50.78374900   36.39474000   63.61352800
        N  51.33662100   33.97217600   64.00380500
        H  51.45097000   34.26471100   63.04388400
        H  51.02610400   34.63467800   64.70005900
        C  64.07740000   35.28690000   45.52850000
        O  65.26122500   35.34867600   45.13196300
        O  63.36611600   34.25951700   45.56105900
        H  63.61942100   36.22275000   45.88126100
        C  66.29280000   24.23360000   56.82780000
        O  67.47662500   24.29537600   56.43126300
        O  65.58151600   23.20621700   56.86035900
        H  65.83482100   25.16945000   57.18056100
        C  56.25930000   31.74570000   66.22720000
        N  56.40987700   32.13092000   64.96314600
        H  56.09936000   32.79342200   65.65940000
        H  56.60604600   31.17588200   65.22681300
        N  55.85040100   32.61810400   67.14404900
        H  56.04657000   31.66306600   67.40771600
        H  55.96474900   32.91064000   66.18412800
        N  56.51762100   30.48807600   66.57440500
        H  56.63197000   30.78061100   65.61448400
        H  56.20710400   31.15057800   67.27065900
        C  54.97730000   24.02100000   60.33440000
        N  55.12787700   24.40622000   59.07034600
        H  54.81736000   25.06872200   59.76660000
        H  55.32404600   23.45118200   59.33401300
        N  54.56840100   24.89340400   61.25124900
        H  54.76457000   23.93836600   61.51491600
        H  54.68274900   25.18594000   60.29132800
        N  55.23562100   22.76337600   60.68160500
        H  55.34997000   23.05591100   59.72168400
        H  54.92510400   23.42587800   61.37785900
        C  69.25010000   33.19120000   49.20880000
        O  70.43392500   33.25297600   48.81226300
        O  68.53881600   32.16381700   49.24135900
        H  68.79212100   34.12705000   49.56156100
        C  63.85800000   34.46660000   65.39110000
        N  64.00857700   34.85182000   64.12704600
        H  63.69806000   35.51432200   64.82330000
        H  64.20474600   33.89678200   64.39071300
        N  63.44910100   35.33900400   66.30794900
        H  63.64527000   34.38396600   66.57161600
        H  63.56344900   35.63154000   65.34802800
        N  64.11632100   33.20897600   65.73830500
        H  64.23067000   33.50151100   64.77838400
        H  63.80580400   33.87147800   66.43455900
        C  62.48230000   39.90100000   63.99240000
        N  62.63287700   40.28622000   62.72834600
        H  62.32236000   40.94872200   63.42460000
        H  62.82904600   39.33118200   62.99201300
        N  62.07340100   40.77340400   64.90924900
        H  62.26957000   39.81836600   65.17291600
        H  62.18774900   41.06594000   63.94932800
        N  62.74062100   38.64337600   64.33960500
        H  62.85497000   38.93591100   63.37968400
        H  62.43010400   39.30587800   65.03585900
        C  56.12980000   40.36960000   64.54710000
        N  56.28037700   40.75482000   63.28304600
        H  55.96986000   41.41732200   63.97930000
        H  56.47654600   39.79978200   63.54671300
        N  55.72090100   41.24200400   65.46394900
        H  55.91707000   40.28696600   65.72761600
        H  55.83524900   41.53454000   64.50402800
        N  56.38812100   39.11197600   64.89430500
        H  56.50247000   39.40451100   63.93438400
        H  56.07760400   39.77447800   65.59055900
        C  58.07510000   26.94060000   47.10160000
        O  59.25892500   27.00237600   46.70506300
        O  57.36381600   25.91321700   47.13415900
        H  57.61712100   27.87645000   47.45436100

Note: printed only print_atoms_list (this is not necessarily all atoms) 
  ------------RUNNING QM/MM MODULE------------- 
QM Module: ORCATheory
MM Module: OpenMMTheory
Charge provided from QMMMTheory object:  -2
Mult provided from QMMMTheory object:  1
QM-region Charge: -2 Mult: 1
Embedding: Electrostatic
Number of pointcharges (to QM program): 76
Number of charge coordinates: 76
Running QM/MM object with 8 cores available

-------------------------------------------------------------------
Time to calculate step (before-QMstep): 0.000 seconds, 0.0 minutes.
-------------------------------------------------------------------
  ------------RUNNING ORCA INTERFACE------------- 
Object-label: ORCA
Run-label: None
Running ORCA with 8 cores available
Moreadfile option not active
A GBW-file with same basename : orca.gbw is present
Autostart is False. ORCA will ignore any file present
Creating inputfile: orca.inp
ORCA input:
! B3LYP D3BJ def2-SVP def2/J RIJCOSX CPCM TightSCF

! Noautostart

%cpcm epsilon 4.0 end
%scf MaxIter 300 Guess PModel end
Charge: -2  Mult: 1
Pointcharge embedding is on!
 ORCA Calculation starting. 
Found warning messages in ORCA outputfile:
WARNING: The chosen methods will break translational/rotational symmetry
 WARNING: The chosen methods will break translational symmetry
 WARNING: The chosen methods will break translational symmetry
 Warning: op=0 Small HOMO/LUMO gap (  -0.598) - skipping pre-diagonalization
 Warning: op=0 Small HOMO/LUMO gap (   0.082) - skipping pre-diagonalization

 ORCA Calculation done. 
ORCA converged in 31 iterations
ORCA energy: -836.811587708725
  ------------ENDING ORCA-INTERFACE------------- 

----------------------------------------------------------------
Time to calculate step (ORCA run): 120.429 seconds, 2.0 minutes.
----------------------------------------------------------------

---------------------------------------------------------------
Time to calculate step (QM step): 120.429 seconds, 2.0 minutes.
---------------------------------------------------------------

----------------------------------------------------------------------
Time to calculate step (QMpcgrad prepare): 0.000 seconds, 0.0 minutes.
----------------------------------------------------------------------

--------------------------------------------------------------------------
Time to calculate step (linkatomgrad prepare): 0.000 seconds, 0.0 minutes.
--------------------------------------------------------------------------

----------------------------------------------------------------------------
Time to calculate step (QM/MM gradient prepare): 0.000 seconds, 0.0 minutes.
----------------------------------------------------------------------------
Using OpenMM theory as part of QM/MM.
Using MM on full system. Charges for QM region [0, 1, 2, 3, 4, 5, 6, 7, 8, 9, 10, 11, 12, 13, 14, 15, 16, 17, 18, 19, 20, 21, 22, 23] have been set to zero 

--------------------------------------------------------------------------------
                   Creating/updating OpenMM simulation object                   
--------------------------------------------------------------------------------

Integrator name: VerletIntegrator
Timestep: 0.001
Temperature: 300
Coupling frequency: 1
Properties: {'Threads': '1'}
Topology: <Topology; 1 chains, 1 residues, 100 atoms, 0 bonds>

----------------------------------------------------------------------------------
Time to calculate step (creating/updating simulation): 0.002 seconds, 0.0 minutes.Step    9 : Displace = [0m2.708e-01[0m/[0m1.127e+00[0m (rms/max) Trust = 3.000e-01 (=) Grad_T = [0m6.753e-02[0m/[0m4.696e-01[0m (rms/max) E (change) = -840.1167174220 ([91m+7.370e-02[0m) Quality = [91m-0.650[0m
Hessian Eigenvalues: 8.39751e-04 2.32728e-02 2.63687e-02 ... 5.78010e-01 5.78015e-01 6.50938e-01
Step   10 : Displace = [0m1.302e-01[0m/[0m5.557e-01[0m (rms/max) Trust = 1.354e-01 ([91m-[0m) Grad_T = [0m1.960e-02[0m/[0m8.244e-02[0m (rms/max) E (change) = -840.2788264277 ([0m-1.621e-01[0m) Quality = [0m0.679[0m
Hessian Eigenvalues: 9.39399e-04 2.15993e-02 2.63687e-02 ... 5.78012e-01 5.78072e-01 6.35518e-01
Step   11 : Displace = [0m1.313e-01[0m/[0m5.454e-01[0m (rms/max) Trust = 1.354e-01 (=) Grad_T = [0m2.361e-02[0m/[0m1.292e-01[0m (rms/max) E (change) = -840.2720759933 ([91m+6.750e-03[0m) Quality = [91m-0.079[0m
Hessian Eigenvalues: 1.23490e-03 2.26628e-02 2.63687e-02 ... 5.78011e-01 5.78015e-01 6.44970e-01
Step   12 : Displace = [0m6.202e-02[0m/[0m2.381e-01[0m (rms/max) Trust = 6.566e-02 ([91m-[0m) Grad_T = [0m1.220e-02[0m/[0m5.289e-02[0m (rms/max) E (change) = -840.3263606847 ([0m-5.428e-02[0m) Quality = [0m0.928[0m
Hessian Eigenvalues: 1.09589e-03 2.10703e-02 2.63687e-02 ... 5.78012e-01 5.96087e-01 6.11092e-01
Step   13 : Displace = [0m8.968e-02[0m/[0m3.796e-01[0m (rms/max) Trust = 9.286e-02 ([92m+[0m) Grad_T = [0m1.164e-02[0m/[0m5.134e-02[0m (rms/max) E (change) = -840.3515334420 ([0m-2.517e-02[0m) Quality = [0m0.581[0m
Hessian Eigenvalues: 1.12553e-03 2.29710e-02 2.63687e-02 ... 5.78024e-01 6.08336e-01 6.37711e-01
Step   14 : Displace = [0m9.194e-02[0m/[0m3.771e-01[0m (rms/max) Trust = 9.286e-02 (=) Grad_T = [0m9.744e-03[0m/[0m4.012e-02[0m (rms/max) E (change) = -840.3807209638 ([0m-2.919e-02[0m) Quality = [0m0.934[0m
Hessian Eigenvalues: 1.57895e-03 1.84343e-02 2.47257e-02 ... 5.78264e-01 6.07377e-01 6.75477e-01
Step   15 : Displace = [0m1.301e-01[0m/[0m5.892e-01[0m (rms/max) Trust = 1.313e-01 ([92m+[0m) Grad_T = [0m2.370e-02[0m/[0m2.148e-01[0m (rms/max) E (change) = -840.3557604814 ([91m+2.496e-02[0m) Quality = [91m-0.737[0m
Hessian Eigenvalues: 4.91746e-03 1.05310e-02 2.43896e-02 ... 5.79628e-01 6.08757e-01 6.60834e-01
Step   16 : Displace = [0m6.807e-02[0m/[0m5.245e-01[0m (rms/max) Trust = 6.503e-02 ([91m-[0m) Grad_T = [0m1.872e-02[0m/[0m8.658e-02[0m (rms/max) E (change) = -840.3866568566 ([0m-3.090e-02[0m) Quality = [0m0.255[0m
Hessian Eigenvalues: 5.75013e-03 1.09979e-02 2.44020e-02 ... 5.96373e-01 6.11578e-01 6.67824e-01
Step   17 : Displace = [0m6.421e-02[0m/[0m3.392e-01[0m (rms/max) Trust = 6.503e-02 (=) Grad_T = [0m2.007e-02[0m/[0m8.756e-02[0m (rms/max) E (change) = -840.3583266366 ([91m+2.833e-02[0m) Quality = [91m-0.502[0m
Hessian Eigenvalues: 6.11592e-03 1.47457e-02 2.44121e-02 ... 5.89235e-01 6.02640e-01 6.59544e-01
Step   18 : Displace = [0m3.415e-02[0m/[0m1.628e-01[0m (rms/max) Trust = 3.211e-02 ([91m-[0m) Grad_T = [0m6.307e-03[0m/[0m2.862e-02[0m (rms/max) E (change) = -840.4092109818 ([0m-5.088e-02[0m) Quality = [0m1.043[0m
Hessian Eigenvalues: 6.26641e-03 1.48913e-02 2.44155e-02 ... 5.91050e-01 6.02633e-01 6.52483e-01

----------------------------------------------------------------------------------

--------------------------------------------------------------------------------
                     Running Single-point OpenMM Interface                      
--------------------------------------------------------------------------------

Number of OpenMM system constraints defined: 0

-----------------------------------------------------------------------------------
Time to calculate step (OpenMMTheory.run: const-check): 0.002 seconds, 0.0 minutes.
-----------------------------------------------------------------------------------
Updating coordinates.

------------------------------------------------------------------------
Time to calculate step (Creating pos array): 0.000 seconds, 0.0 minutes.
------------------------------------------------------------------------

---------------------------------------------------------------------------
Time to calculate step (Updating MM positions): 0.000 seconds, 0.0 minutes.
---------------------------------------------------------------------------
Calling OpenMM getState.

---------------------------------------------------------------------
Time to calculate step (OpenMM getState): 0.000 seconds, 0.0 minutes.
---------------------------------------------------------------------
OpenMM Energy: -3.3788322008018525 Eh
OpenMM Energy: -2120.2492172726375 kcal/mol

-----------------------
Ending OpenMM interface
-----------------------

----------------------------------------------------------------
Time to calculate step (OpenMM run): 0.003 seconds, 0.0 minutes.
----------------------------------------------------------------

-------------------------------------------------------------
Time to calculate step (MM step): 0.003 seconds, 0.0 minutes.
-------------------------------------------------------------

Note: You are using electrostatic embedding. This means that the QM-energy is actually the polarized QM-energy
Note: MM energy also contains the QM-MM Lennard-Jones interaction

QM energy:              -836.811587708725 
MM energy:                -3.378832200802
QM/MM energy:           -840.190419909527 

  ------------ENDING QM/MM MODULE------------- 

-----------------------------------------------------------------
Time to calculate step (QM/MM run): 120.433 seconds, 2.0 minutes.
-----------------------------------------------------------------
geometric called save_guess_files option option for ASHengineclass.
This option is currently unsupported in ASH. Continuing.

Convergence criteria: {'convergence_energy': 1e-05, 'convergence_grms': 0.003, 'convergence_gmax': 0.006, 'convergence_drms': 0.01, 'convergence_dmax': 0.015, 'convergence_cmax': 0.01}

Replacing coordinates in fragment.
Creating/Updating fragment attributes...
Number of Atoms in fragment: 100
Formula: C20O14N18H48
Label: CHHCCOOOCHCHCCHCHCHOHCOOCNHHNHHNHHCOOHCOOHCNHHNHHNHHCNHHNHHNHHCOOHCNHHNHHNHHCNHHNHHNHHCNHHNHHNHHCOOH
Charge: -2 Mult: 1

--------------------------------------------------------------------------------
Wrote XYZ file:  Fragment-currentgeo.xyz
Current geometry (Å) in step 7 (print_atoms_list region)
---------------------------------------------------
        C  58.06592353   35.31257606   60.21232490
        H  58.82423820   34.44580402   59.64338681
        H  57.58503680   35.65327450   59.26353822
        C  58.24489154   35.68820750   61.29112708
        C  57.55273495   36.91969513   61.84099086
        O  58.02672853   38.09021212   61.65906019
        O  56.85334428   36.76138178   62.92296277
        O  59.08935564   35.05031171   62.03775927
        C  57.17826514   31.68787834   55.77068449
        H  56.60777947   30.70490626   55.53823688
        C  58.49344381   31.53117150   56.12625312
        H  58.88752011   30.73702519   56.72938779
        C  59.30119638   32.50918633   55.79321716
        C  59.05163118   33.47765394   54.74501379
        H  59.86937645   34.00787014   54.24334596
        C  57.79553257   33.58544960   54.26063939
        H  57.50458819   34.18736936   53.38145104
        C  56.70620123   32.87780882   55.01775587
        H  56.79405498   33.41827965   55.86514636
        O  55.53399212   33.05059201   54.63255404
        H  54.75146110   32.52421209   54.62502539
        C  60.58873421   32.79190503   56.42355588
        O  60.50306020   33.11446841   57.64049293
        O  61.44252526   32.71054089   55.64037042
        C  51.07830000   35.22980000   63.65660000
        N  51.22887700   35.61502000   62.39254600
        H  50.91836000   36.27752200   63.08880000
        H  51.42504600   34.65998200   62.65621300
        N  50.66940100   36.10220400   64.57344900
        H  50.86557000   35.14716600   64.83711600
        H  50.78374900   36.39474000   63.61352800
        N  51.33662100   33.97217600   64.00380500
        H  51.45097000   34.26471100   63.04388400
        H  51.02610400   34.63467800   64.70005900
        C  64.07740000   35.28690000   45.52850000
        O  65.26122500   35.34867600   45.13196300
        O  63.36611600   34.25951700   45.56105900
        H  63.61942100   36.22275000   45.88126100
        C  66.29280000   24.23360000   56.82780000
        O  67.47662500   24.29537600   56.43126300
        O  65.58151600   23.20621700   56.86035900
        H  65.83482100   25.16945000   57.18056100
        C  56.25930000   31.74570000   66.22720000
        N  56.40987700   32.13092000   64.96314600
        H  56.09936000   32.79342200   65.65940000
        H  56.60604600   31.17588200   65.22681300
        N  55.85040100   32.61810400   67.14404900
        H  56.04657000   31.66306600   67.40771600
        H  55.96474900   32.91064000   66.18412800
        N  56.51762100   30.48807600   66.57440500
        H  56.63197000   30.78061100   65.61448400
        H  56.20710400   31.15057800   67.27065900
        C  54.97730000   24.02100000   60.33440000
        N  55.12787700   24.40622000   59.07034600
        H  54.81736000   25.06872200   59.76660000
        H  55.32404600   23.45118200   59.33401300
        N  54.56840100   24.89340400   61.25124900
        H  54.76457000   23.93836600   61.51491600
        H  54.68274900   25.18594000   60.29132800
        N  55.23562100   22.76337600   60.68160500
        H  55.34997000   23.05591100   59.72168400
        H  54.92510400   23.42587800   61.37785900
        C  69.25010000   33.19120000   49.20880000
        O  70.43392500   33.25297600   48.81226300
        O  68.53881600   32.16381700   49.24135900
        H  68.79212100   34.12705000   49.56156100
        C  63.85800000   34.46660000   65.39110000
        N  64.00857700   34.85182000   64.12704600
        H  63.69806000   35.51432200   64.82330000
        H  64.20474600   33.89678200   64.39071300
        N  63.44910100   35.33900400   66.30794900
        H  63.64527000   34.38396600   66.57161600
        H  63.56344900   35.63154000   65.34802800
        N  64.11632100   33.20897600   65.73830500
        H  64.23067000   33.50151100   64.77838400
        H  63.80580400   33.87147800   66.43455900
        C  62.48230000   39.90100000   63.99240000
        N  62.63287700   40.28622000   62.72834600
        H  62.32236000   40.94872200   63.42460000
        H  62.82904600   39.33118200   62.99201300
        N  62.07340100   40.77340400   64.90924900
        H  62.26957000   39.81836600   65.17291600
        H  62.18774900   41.06594000   63.94932800
        N  62.74062100   38.64337600   64.33960500
        H  62.85497000   38.93591100   63.37968400
        H  62.43010400   39.30587800   65.03585900
        C  56.12980000   40.36960000   64.54710000
        N  56.28037700   40.75482000   63.28304600
        H  55.96986000   41.41732200   63.97930000
        H  56.47654600   39.79978200   63.54671300
        N  55.72090100   41.24200400   65.46394900
        H  55.91707000   40.28696600   65.72761600
        H  55.83524900   41.53454000   64.50402800
        N  56.38812100   39.11197600   64.89430500
        H  56.50247000   39.40451100   63.93438400
        H  56.07760400   39.77447800   65.59055900
        C  58.07510000   26.94060000   47.10160000
        O  59.25892500   27.00237600   46.70506300
        O  57.36381600   25.91321700   47.13415900
        H  57.61712100   27.87645000   47.45436100

Note: printed only print_atoms_list (this is not necessarily all atoms) 
  ------------RUNNING QM/MM MODULE------------- 
QM Module: ORCATheory
MM Module: OpenMMTheory
Charge provided from QMMMTheory object:  -2
Mult provided from QMMMTheory object:  1
QM-region Charge: -2 Mult: 1
Embedding: Electrostatic
Number of pointcharges (to QM program): 76
Number of charge coordinates: 76
Running QM/MM object with 8 cores available

-------------------------------------------------------------------
Time to calculate step (before-QMstep): 0.000 seconds, 0.0 minutes.
-------------------------------------------------------------------
  ------------RUNNING ORCA INTERFACE------------- 
Object-label: ORCA
Run-label: None
Running ORCA with 8 cores available
Moreadfile option not active
A GBW-file with same basename : orca.gbw is present
Autostart is False. ORCA will ignore any file present
Creating inputfile: orca.inp
ORCA input:
! B3LYP D3BJ def2-SVP def2/J RIJCOSX CPCM TightSCF

! Noautostart

%cpcm epsilon 4.0 end
%scf MaxIter 300 Guess PModel end
Charge: -2  Mult: 1
Pointcharge embedding is on!
 ORCA Calculation starting. 
Found warning messages in ORCA outputfile:
WARNING: The chosen methods will break translational/rotational symmetry
 WARNING: The chosen methods will break translational symmetry
 WARNING: The chosen methods will break translational symmetry
 Warning: op=0 Small HOMO/LUMO gap (  -0.655) - skipping pre-diagonalization
 Warning: op=0 Small HOMO/LUMO gap (   0.080) - skipping pre-diagonalization

 ORCA Calculation done. 
ORCA converged in 31 iterations
ORCA energy: -836.73684572214
  ------------ENDING ORCA-INTERFACE------------- 

----------------------------------------------------------------
Time to calculate step (ORCA run): 123.843 seconds, 2.1 minutes.
----------------------------------------------------------------

---------------------------------------------------------------
Time to calculate step (QM step): 123.843 seconds, 2.1 minutes.
---------------------------------------------------------------

----------------------------------------------------------------------
Time to calculate step (QMpcgrad prepare): 0.000 seconds, 0.0 minutes.
----------------------------------------------------------------------

--------------------------------------------------------------------------
Time to calculate step (linkatomgrad prepare): 0.000 seconds, 0.0 minutes.
--------------------------------------------------------------------------

----------------------------------------------------------------------------
Time to calculate step (QM/MM gradient prepare): 0.000 seconds, 0.0 minutes.
----------------------------------------------------------------------------
Using OpenMM theory as part of QM/MM.
Using MM on full system. Charges for QM region [0, 1, 2, 3, 4, 5, 6, 7, 8, 9, 10, 11, 12, 13, 14, 15, 16, 17, 18, 19, 20, 21, 22, 23] have been set to zero 

--------------------------------------------------------------------------------
                   Creating/updating OpenMM simulation object                   
--------------------------------------------------------------------------------

Integrator name: VerletIntegrator
Timestep: 0.001
Temperature: 300
Coupling frequency: 1
Properties: {'Threads': '1'}
Topology: <Topology; 1 chains, 1 residues, 100 atoms, 0 bonds>

----------------------------------------------------------------------------------
Time to calculate step (creating/updating simulation): 0.002 seconds, 0.0 minutes.
----------------------------------------------------------------------------------

--------------------------------------------------------------------------------
                     Running Single-point OpenMM Interface                      
--------------------------------------------------------------------------------

Number of OpenMM system constraints defined: 0

-----------------------------------------------------------------------------------
Time to calculate step (OpenMMTheory.run: const-check): 0.002 seconds, 0.0 minutes.
-----------------------------------------------------------------------------------
Updating coordinates.

------------------------------------------------------------------------
Time to calculate step (Creating pos array): 0.000 seconds, 0.0 minutes.
------------------------------------------------------------------------

---------------------------------------------------------------------------
Time to calculate step (Updating MM positions): 0.000 seconds, 0.0 minutes.
---------------------------------------------------------------------------
Calling OpenMM getState.

---------------------------------------------------------------------
Time to calculate step (OpenMM getState): 0.001 seconds, 0.0 minutes.
---------------------------------------------------------------------
OpenMM Energy: -3.379871699824707 Eh
OpenMM Energy: -2120.9015127577577 kcal/mol

-----------------------
Ending OpenMM interface
-----------------------

----------------------------------------------------------------
Time to calculate step (OpenMM run): 0.003 seconds, 0.0 minutes.
----------------------------------------------------------------

-------------------------------------------------------------
Time to calculate step (MM step): 0.004 seconds, 0.0 minutes.
-------------------------------------------------------------

Note: You are using electrostatic embedding. This means that the QM-energy is actually the polarized QM-energy
Note: MM energy also contains the QM-MM Lennard-Jones interaction

QM energy:              -836.736845722140 
MM energy:                -3.379871699825
QM/MM energy:           -840.116717421965 

  ------------ENDING QM/MM MODULE------------- 

-----------------------------------------------------------------
Time to calculate step (QM/MM run): 123.847 seconds, 2.1 minutes.
-----------------------------------------------------------------
geometric called save_guess_files option option for ASHengineclass.
This option is currently unsupported in ASH. Continuing.
geometric called clearCalcs option for ASHengineclass.
This option is currently unsupported in ASH. Continuing.

Convergence criteria: {'convergence_energy': 1e-05, 'convergence_grms': 0.003, 'convergence_gmax': 0.006, 'convergence_drms': 0.01, 'convergence_dmax': 0.015, 'convergence_cmax': 0.01}

Replacing coordinates in fragment.
Creating/Updating fragment attributes...
Number of Atoms in fragment: 100
Formula: C20O14N18H48
Label: CHHCCOOOCHCHCCHCHCHOHCOOCNHHNHHNHHCOOHCOOHCNHHNHHNHHCNHHNHHNHHCOOHCNHHNHHNHHCNHHNHHNHHCNHHNHHNHHCOOH
Charge: -2 Mult: 1

--------------------------------------------------------------------------------
Wrote XYZ file:  Fragment-currentgeo.xyz
Current geometry (Å) in step 8 (print_atoms_list region)
---------------------------------------------------
        C  57.81427260   35.34044829   60.30119336
        H  58.59216042   34.50356932   59.85087154
        H  57.17321725   35.68135471   59.40638285
        C  58.33608454   35.84074127   61.64680054
        C  57.61272646   37.03361609   62.41747909
        O  58.01071267   38.17504054   62.06232835
        O  56.80498967   36.86882305   63.40045948
        O  59.26409817   35.25260405   62.43405667
        C  57.14495565   31.56773627   55.64072019
        H  56.52306556   30.65342084   55.49560562
        C  58.44430996   31.47648581   56.09130032
        H  58.82092001   30.66529819   56.70638417
        C  59.32182110   32.52763472   55.83408019
        C  59.05551383   33.45716855   54.76300916
        H  59.88642319   33.99774158   54.29456419
        C  57.79656327   33.55449641   54.26666249
        H  57.51952069   34.17966238   53.40345292
        C  56.69243945   32.84794704   54.99111314
        H  56.87994090   33.35824040   55.94008496
        O  55.45046329   33.16250397   54.63262501
        H  54.74288012   32.51793675   54.58215623
        C  60.59303693   32.87141558   56.61261208
        O  60.36382615   33.24843055   57.83868933
        O  61.55284937   32.76998108   55.89135519
        C  51.07830000   35.22980000   63.65660000
        N  51.22887700   35.61502000   62.39254600
        H  50.91836000   36.27752200   63.08880000
        H  51.42504600   34.65998200   62.65621300
        N  50.66940100   36.10220400   64.57344900
        H  50.86557000   35.14716600   64.83711600
        H  50.78374900   36.39474000   63.61352800
        N  51.33662100   33.97217600   64.00380500
        H  51.45097000   34.26471100   63.04388400
        H  51.02610400   34.63467800   64.70005900
        C  64.07740000   35.28690000   45.52850000
        O  65.26122500   35.34867600   45.13196300
        O  63.36611600   34.25951700   45.56105900
        H  63.61942100   36.22275000   45.88126100
        C  66.29280000   24.23360000   56.82780000
        O  67.47662500   24.29537600   56.43126300
        O  65.58151600   23.20621700   56.86035900
        H  65.83482100   25.16945000   57.18056100
        C  56.25930000   31.74570000   66.22720000
        N  56.40987700   32.13092000   64.96314600
        H  56.09936000   32.79342200   65.65940000
        H  56.60604600   31.17588200   65.22681300
        N  55.85040100   32.61810400   67.14404900
        H  56.04657000   31.66306600   67.40771600
        H  55.96474900   32.91064000   66.18412800
        N  56.51762100   30.48807600   66.57440500
        H  56.63197000   30.78061100   65.61448400
        H  56.20710400   31.15057800   67.27065900
        C  54.97730000   24.02100000   60.33440000
        N  55.12787700   24.40622000   59.07034600
        H  54.81736000   25.06872200   59.76660000
        H  55.32404600   23.45118200   59.33401300
        N  54.56840100   24.89340400   61.25124900
        H  54.76457000   23.93836600   61.51491600
        H  54.68274900   25.18594000   60.29132800
        N  55.23562100   22.76337600   60.68160500
        H  55.34997000   23.05591100   59.72168400
        H  54.92510400   23.42587800   61.37785900
        C  69.25010000   33.19120000   49.20880000
        O  70.43392500   33.25297600   48.81226300
        O  68.53881600   32.16381700   49.24135900
        H  68.79212100   34.12705000   49.56156100
        C  63.85800000   34.46660000   65.39110000
        N  64.00857700   34.85182000   64.12704600
        H  63.69806000   35.51432200   64.82330000
        H  64.20474600   33.89678200   64.39071300
        N  63.44910100   35.33900400   66.30794900
        H  63.64527000   34.38396600   66.57161600
        H  63.56344900   35.63154000   65.34802800
        N  64.11632100   33.20897600   65.73830500
        H  64.23067000   33.50151100   64.77838400
        H  63.80580400   33.87147800   66.43455900
        C  62.48230000   39.90100000   63.99240000
        N  62.63287700   40.28622000   62.72834600
        H  62.32236000   40.94872200   63.42460000
        H  62.82904600   39.33118200   62.99201300
        N  62.07340100   40.77340400   64.90924900
        H  62.26957000   39.81836600   65.17291600
        H  62.18774900   41.06594000   63.94932800
        N  62.74062100   38.64337600   64.33960500
        H  62.85497000   38.93591100   63.37968400
        H  62.43010400   39.30587800   65.03585900
        C  56.12980000   40.36960000   64.54710000
        N  56.28037700   40.75482000   63.28304600
        H  55.96986000   41.41732200   63.97930000
        H  56.47654600   39.79978200   63.54671300
        N  55.72090100   41.24200400   65.46394900
        H  55.91707000   40.28696600   65.72761600
        H  55.83524900   41.53454000   64.50402800
        N  56.38812100   39.11197600   64.89430500
        H  56.50247000   39.40451100   63.93438400
        H  56.07760400   39.77447800   65.59055900
        C  58.07510000   26.94060000   47.10160000
        O  59.25892500   27.00237600   46.70506300
        O  57.36381600   25.91321700   47.13415900
        H  57.61712100   27.87645000   47.45436100

Note: printed only print_atoms_list (this is not necessarily all atoms) 
  ------------RUNNING QM/MM MODULE------------- 
QM Module: ORCATheory
MM Module: OpenMMTheory
Charge provided from QMMMTheory object:  -2
Mult provided from QMMMTheory object:  1
QM-region Charge: -2 Mult: 1
Embedding: Electrostatic
Number of pointcharges (to QM program): 76
Number of charge coordinates: 76
Running QM/MM object with 8 cores available

-------------------------------------------------------------------
Time to calculate step (before-QMstep): 0.000 seconds, 0.0 minutes.
-------------------------------------------------------------------
  ------------RUNNING ORCA INTERFACE------------- 
Object-label: ORCA
Run-label: None
Running ORCA with 8 cores available
Moreadfile option not active
A GBW-file with same basename : orca.gbw is present
Autostart is False. ORCA will ignore any file present
Creating inputfile: orca.inp
ORCA input:
! B3LYP D3BJ def2-SVP def2/J RIJCOSX CPCM TightSCF

! Noautostart

%cpcm epsilon 4.0 end
%scf MaxIter 300 Guess PModel end
Charge: -2  Mult: 1
Pointcharge embedding is on!
 ORCA Calculation starting. 
Found warning messages in ORCA outputfile:
WARNING: The chosen methods will break translational/rotational symmetry
 WARNING: The chosen methods will break translational symmetry
 WARNING: The chosen methods will break translational symmetry
 Warning: op=0 Small HOMO/LUMO gap (  -0.673) - skipping pre-diagonalization

 ORCA Calculation done. 
ORCA converged in 33 iterations
ORCA energy: -836.901456072805
  ------------ENDING ORCA-INTERFACE------------- 

----------------------------------------------------------------
Time to calculate step (ORCA run): 138.791 seconds, 2.3 minutes.
----------------------------------------------------------------

---------------------------------------------------------------
Time to calculate step (QM step): 138.791 seconds, 2.3 minutes.
---------------------------------------------------------------

----------------------------------------------------------------------
Time to calculate step (QMpcgrad prepare): 0.000 seconds, 0.0 minutes.
----------------------------------------------------------------------

--------------------------------------------------------------------------
Time to calculate step (linkatomgrad prepare): 0.000 seconds, 0.0 minutes.
--------------------------------------------------------------------------

----------------------------------------------------------------------------
Time to calculate step (QM/MM gradient prepare): 0.000 seconds, 0.0 minutes.
----------------------------------------------------------------------------
Using OpenMM theory as part of QM/MM.
Using MM on full system. Charges for QM region [0, 1, 2, 3, 4, 5, 6, 7, 8, 9, 10, 11, 12, 13, 14, 15, 16, 17, 18, 19, 20, 21, 22, 23] have been set to zero 

--------------------------------------------------------------------------------
                   Creating/updating OpenMM simulation object                   
--------------------------------------------------------------------------------

Integrator name: VerletIntegrator
Timestep: 0.001
Temperature: 300
Coupling frequency: 1
Properties: {'Threads': '1'}
Topology: <Topology; 1 chains, 1 residues, 100 atoms, 0 bonds>

----------------------------------------------------------------------------------
Time to calculate step (creating/updating simulation): 0.002 seconds, 0.0 minutes.
----------------------------------------------------------------------------------

--------------------------------------------------------------------------------
                     Running Single-point OpenMM Interface                      
--------------------------------------------------------------------------------

Number of OpenMM system constraints defined: 0

-----------------------------------------------------------------------------------
Time to calculate step (OpenMMTheory.run: const-check): 0.002 seconds, 0.0 minutes.
-----------------------------------------------------------------------------------
Updating coordinates.

------------------------------------------------------------------------
Time to calculate step (Creating pos array): 0.000 seconds, 0.0 minutes.
------------------------------------------------------------------------

---------------------------------------------------------------------------
Time to calculate step (Updating MM positions): 0.000 seconds, 0.0 minutes.
---------------------------------------------------------------------------
Calling OpenMM getState.

---------------------------------------------------------------------
Time to calculate step (OpenMM getState): 0.001 seconds, 0.0 minutes.
---------------------------------------------------------------------
OpenMM Energy: -3.377370354912625 Eh
OpenMM Energy: -2119.331895127527 kcal/mol

-----------------------
Ending OpenMM interface
-----------------------

----------------------------------------------------------------
Time to calculate step (OpenMM run): 0.004 seconds, 0.0 minutes.
----------------------------------------------------------------

-------------------------------------------------------------
Time to calculate step (MM step): 0.004 seconds, 0.0 minutes.
-------------------------------------------------------------

Note: You are using electrostatic embedding. This means that the QM-energy is actually the polarized QM-energy
Note: MM energy also contains the QM-MM Lennard-Jones interaction

QM energy:              -836.901456072805 
MM energy:                -3.377370354913
QM/MM energy:           -840.278826427718 

  ------------ENDING QM/MM MODULE------------- 

-----------------------------------------------------------------
Time to calculate step (QM/MM run): 138.795 seconds, 2.3 minutes.
-----------------------------------------------------------------
geometric called save_guess_files option option for ASHengineclass.
This option is currently unsupported in ASH. Continuing.

Convergence criteria: {'convergence_energy': 1e-05, 'convergence_grms': 0.003, 'convergence_gmax': 0.006, 'convergence_drms': 0.01, 'convergence_dmax': 0.015, 'convergence_cmax': 0.01}

Replacing coordinates in fragment.
Creating/Updating fragment attributes...
Number of Atoms in fragment: 100
Formula: C20O14N18H48
Label: CHHCCOOOCHCHCCHCHCHOHCOOCNHHNHHNHHCOOHCOOHCNHHNHHNHHCNHHNHHNHHCOOHCNHHNHHNHHCNHHNHHNHHCNHHNHHNHHCOOH
Charge: -2 Mult: 1

--------------------------------------------------------------------------------
Wrote XYZ file:  Fragment-currentgeo.xyz
Current geometry (Å) in step 9 (print_atoms_list region)
---------------------------------------------------
        C  58.13368674   35.19129959   59.95826104
        H  58.67253225   34.29587224   59.67187991
        H  57.68455287   35.71936843   59.24566150
        C  58.22385309   35.66543817   61.30546499
        C  57.66542515   36.99273867   61.93906995
        O  58.03885004   38.20590705   61.80444294
        O  56.76670465   36.79032731   62.82673186
        O  58.99332394   35.25364509   62.29638350
        C  57.13170669   31.48441117   55.49383716
        H  56.44276619   30.69878446   55.63752880
        C  58.42576907   31.48857105   55.99287059
        H  58.77443424   30.63052387   56.59457368
        C  59.37976858   32.61627224   55.74038093
        C  59.04347039   33.44802839   54.64592945
        H  59.85523986   33.99583092   54.16471483
        C  57.74722526   33.53645773   54.22022113
        H  57.44413497   34.20988718   53.41885212
        C  56.67937650   32.84680594   54.98153954
        H  56.92239067   33.38820588   56.01844865
        O  55.32365041   33.26217560   54.58909496
        H  54.79375393   32.40016334   54.59336795
        C  60.67508299   32.88134842   56.55757420
        O  60.54123060   33.11196120   57.78362180
        O  61.80878468   32.84323751   55.92082627
        C  51.07830000   35.22980000   63.65660000
        N  51.22887700   35.61502000   62.39254600
        H  50.91836000   36.27752200   63.08880000
        H  51.42504600   34.65998200   62.65621300
        N  50.66940100   36.10220400   64.57344900
        H  50.86557000   35.14716600   64.83711600
        H  50.78374900   36.39474000   63.61352800
        N  51.33662100   33.97217600   64.00380500
        H  51.45097000   34.26471100   63.04388400
        H  51.02610400   34.63467800   64.70005900
        C  64.07740000   35.28690000   45.52850000
        O  65.26122500   35.34867600   45.13196300
        O  63.36611600   34.25951700   45.56105900
        H  63.61942100   36.22275000   45.88126100
        C  66.29280000   24.23360000   56.82780000
        O  67.47662500   24.29537600   56.43126300
        O  65.58151600   23.20621700   56.86035900
        H  65.83482100   25.16945000   57.18056100
        C  56.25930000   31.74570000   66.22720000
        N  56.40987700   32.13092000   64.96314600
        H  56.09936000   32.79342200   65.65940000
        H  56.60604600   31.17588200   65.22681300
        N  55.85040100   32.61810400   67.14404900
        H  56.04657000   31.66306600   67.40771600
        H  55.96474900   32.91064000   66.18412800
        N  56.51762100   30.48807600   66.57440500
        H  56.63197000   30.78061100   65.61448400
        H  56.20710400   31.15057800   67.27065900
        C  54.97730000   24.02100000   60.33440000
        N  55.12787700   24.40622000   59.07034600
        H  54.81736000   25.06872200   59.76660000
        H  55.32404600   23.45118200   59.33401300
        N  54.56840100   24.89340400   61.25124900
        H  54.76457000   23.93836600   61.51491600
        H  54.68274900   25.18594000   60.29132800
        N  55.23562100   22.76337600   60.68160500
        H  55.34997000   23.05591100   59.72168400
        H  54.92510400   23.42587800   61.37785900
        C  69.25010000   33.19120000   49.20880000
        O  70.43392500   33.25297600   48.81226300
        O  68.53881600   32.16381700   49.24135900
        H  68.79212100   34.12705000   49.56156100
        C  63.85800000   34.46660000   65.39110000
        N  64.00857700   34.85182000   64.12704600
        H  63.69806000   35.51432200   64.82330000
        H  64.20474600   33.89678200   64.39071300
        N  63.44910100   35.33900400   66.30794900
        H  63.64527000   34.38396600   66.57161600
        H  63.56344900   35.63154000   65.34802800
        N  64.11632100   33.20897600   65.73830500
        H  64.23067000   33.50151100   64.77838400
        H  63.80580400   33.87147800   66.43455900
        C  62.48230000   39.90100000   63.99240000
        N  62.63287700   40.28622000   62.72834600
        H  62.32236000   40.94872200   63.42460000
        H  62.82904600   39.33118200   62.99201300
        N  62.07340100   40.77340400   64.90924900
        H  62.26957000   39.81836600   65.17291600
        H  62.18774900   41.06594000   63.94932800
        N  62.74062100   38.64337600   64.33960500
        H  62.85497000   38.93591100   63.37968400
        H  62.43010400   39.30587800   65.03585900
        C  56.12980000   40.36960000   64.54710000
        N  56.28037700   40.75482000   63.28304600
        H  55.96986000   41.41732200   63.97930000
        H  56.47654600   39.79978200   63.54671300
        N  55.72090100   41.24200400   65.46394900
        H  55.91707000   40.28696600   65.72761600
        H  55.83524900   41.53454000   64.50402800
        N  56.38812100   39.11197600   64.89430500
        H  56.50247000   39.40451100   63.93438400
        H  56.07760400   39.77447800   65.59055900
        C  58.07510000   26.94060000   47.10160000
        O  59.25892500   27.00237600   46.70506300
        O  57.36381600   25.91321700   47.13415900
        H  57.61712100   27.87645000   47.45436100

Note: printed only print_atoms_list (this is not necessarily all atoms) 
  ------------RUNNING QM/MM MODULE------------- 
QM Module: ORCATheory
MM Module: OpenMMTheory
Charge provided from QMMMTheory object:  -2
Mult provided from QMMMTheory object:  1
QM-region Charge: -2 Mult: 1
Embedding: Electrostatic
Number of pointcharges (to QM program): 76
Number of charge coordinates: 76
Running QM/MM object with 8 cores available

-------------------------------------------------------------------
Time to calculate step (before-QMstep): 0.000 seconds, 0.0 minutes.
-------------------------------------------------------------------
  ------------RUNNING ORCA INTERFACE------------- 
Object-label: ORCA
Run-label: None
Running ORCA with 8 cores available
Moreadfile option not active
A GBW-file with same basename : orca.gbw is present
Autostart is False. ORCA will ignore any file present
Creating inputfile: orca.inp
ORCA input:
! B3LYP D3BJ def2-SVP def2/J RIJCOSX CPCM TightSCF

! Noautostart

%cpcm epsilon 4.0 end
%scf MaxIter 300 Guess PModel end
Charge: -2  Mult: 1
Pointcharge embedding is on!
 ORCA Calculation starting. 
Found warning messages in ORCA outputfile:
WARNING: The chosen methods will break translational/rotational symmetry
 WARNING: The chosen methods will break translational symmetry
 WARNING: The chosen methods will break translational symmetry
 Warning: op=0 Small HOMO/LUMO gap (  -0.615) - skipping pre-diagonalization
 Warning: op=0 Small HOMO/LUMO gap (   0.082) - skipping pre-diagonalization

 ORCA Calculation done. 
ORCA converged in 31 iterations
ORCA energy: -836.891964434672
  ------------ENDING ORCA-INTERFACE------------- 

----------------------------------------------------------------
Time to calculate step (ORCA run): 122.427 seconds, 2.0 minutes.
----------------------------------------------------------------

---------------------------------------------------------------
Time to calculate step (QM step): 122.427 seconds, 2.0 minutes.
---------------------------------------------------------------

----------------------------------------------------------------------
Time to calculate step (QMpcgrad prepare): 0.000 seconds, 0.0 minutes.
----------------------------------------------------------------------

--------------------------------------------------------------------------
Time to calculate step (linkatomgrad prepare): 0.000 seconds, 0.0 minutes.
--------------------------------------------------------------------------

----------------------------------------------------------------------------
Time to calculate step (QM/MM gradient prepare): 0.000 seconds, 0.0 minutes.
----------------------------------------------------------------------------
Using OpenMM theory as part of QM/MM.
Using MM on full system. Charges for QM region [0, 1, 2, 3, 4, 5, 6, 7, 8, 9, 10, 11, 12, 13, 14, 15, 16, 17, 18, 19, 20, 21, 22, 23] have been set to zero 

--------------------------------------------------------------------------------
                   Creating/updating OpenMM simulation object                   
--------------------------------------------------------------------------------

Integrator name: VerletIntegrator
Timestep: 0.001
Temperature: 300
Coupling frequency: 1
Properties: {'Threads': '1'}
Topology: <Topology; 1 chains, 1 residues, 100 atoms, 0 bonds>

----------------------------------------------------------------------------------
Time to calculate step (creating/updating simulation): 0.002 seconds, 0.0 minutes.
----------------------------------------------------------------------------------

--------------------------------------------------------------------------------
                     Running Single-point OpenMM Interface                      
--------------------------------------------------------------------------------

Number of OpenMM system constraints defined: 0

-----------------------------------------------------------------------------------
Time to calculate step (OpenMMTheory.run: const-check): 0.002 seconds, 0.0 minutes.
-----------------------------------------------------------------------------------
Updating coordinates.

------------------------------------------------------------------------
Time to calculate step (Creating pos array): 0.000 seconds, 0.0 minutes.
------------------------------------------------------------------------

---------------------------------------------------------------------------
Time to calculate step (Updating MM positions): 0.000 seconds, 0.0 minutes.
---------------------------------------------------------------------------
Calling OpenMM getState.

---------------------------------------------------------------------
Time to calculate step (OpenMM getState): 0.001 seconds, 0.0 minutes.
---------------------------------------------------------------------
OpenMM Energy: -3.380111558635283 Eh
OpenMM Energy: -2121.0520264338315 kcal/mol

-----------------------
Ending OpenMM interface
-----------------------

----------------------------------------------------------------
Time to calculate step (OpenMM run): 0.003 seconds, 0.0 minutes.
----------------------------------------------------------------

-------------------------------------------------------------
Time to calculate step (MM step): 0.004 seconds, 0.0 minutes.
-------------------------------------------------------------

Note: You are using electrostatic embedding. This means that the QM-energy is actually the polarized QM-energy
Note: MM energy also contains the QM-MM Lennard-Jones interaction

QM energy:              -836.891964434672 
MM energy:                -3.380111558635
QM/MM energy:           -840.272075993307 

  ------------ENDING QM/MM MODULE------------- 

-----------------------------------------------------------------
Time to calculate step (QM/MM run): 122.431 seconds, 2.0 minutes.
-----------------------------------------------------------------
geometric called save_guess_files option option for ASHengineclass.
This option is currently unsupported in ASH. Continuing.

Convergence criteria: {'convergence_energy': 1e-05, 'convergence_grms': 0.003, 'convergence_gmax': 0.006, 'convergence_drms': 0.01, 'convergence_dmax': 0.015, 'convergence_cmax': 0.01}

Replacing coordinates in fragment.
Creating/Updating fragment attributes...
Number of Atoms in fragment: 100
Formula: C20O14N18H48
Label: CHHCCOOOCHCHCCHCHCHOHCOOCNHHNHHNHHCOOHCOOHCNHHNHHNHHCNHHNHHNHHCOOHCNHHNHHNHHCNHHNHHNHHCNHHNHHNHHCOOH
Charge: -2 Mult: 1

--------------------------------------------------------------------------------
Wrote XYZ file:  Fragment-currentgeo.xyz
Current geometry (Å) in step 10 (print_atoms_list region)
---------------------------------------------------
        C  58.13618474   35.31344552   60.18239055
        H  58.65164544   34.40447501   59.86183493
        H  57.45585039   35.74713578   59.33558393
        C  58.27156027   35.77630471   61.49713969
        C  57.59561252   37.02648986   62.15369027
        O  58.02883304   38.20424296   61.95130583
        O  56.71935013   36.78874514   63.04569556
        O  59.00086492   35.25937815   62.39036125
        C  57.15345592   31.53363974   55.54365913
        H  56.46036216   30.71466533   55.64050368
        C  58.43100029   31.50006777   56.03097021
        H  58.77013617   30.62647850   56.60997480
        C  59.36642761   32.60818780   55.78069356
        C  59.05489232   33.45985838   54.68616461
        H  59.86983878   34.01448247   54.22021127
        C  57.76552534   33.54975745   54.23636144
        H  57.46726943   34.21085155   53.42193213
        C  56.70595936   32.85055132   54.99840082
        H  56.86027844   33.41518234   55.99070538
        O  55.39066028   33.15697357   54.56160658
        H  54.78985458   32.41396794   54.56739778
        C  60.63725502   32.84900428   56.58736070
        O  60.46669087   33.10820100   57.79868660
        O  61.71950206   32.84398455   55.94553307
        C  51.07830000   35.22980000   63.65660000
        N  51.22887700   35.61502000   62.39254600
        H  50.91836000   36.27752200   63.08880000
        H  51.42504600   34.65998200   62.65621300
        N  50.66940100   36.10220400   64.57344900
        H  50.86557000   35.14716600   64.83711600
        H  50.78374900   36.39474000   63.61352800
        N  51.33662100   33.97217600   64.00380500
        H  51.45097000   34.26471100   63.04388400
        H  51.02610400   34.63467800   64.70005900
        C  64.07740000   35.28690000   45.52850000
        O  65.26122500   35.34867600   45.13196300
        O  63.36611600   34.25951700   45.56105900
        H  63.61942100   36.22275000   45.88126100
        C  66.29280000   24.23360000   56.82780000
        O  67.47662500   24.29537600   56.43126300
        O  65.58151600   23.20621700   56.86035900
        H  65.83482100   25.16945000   57.18056100
        C  56.25930000   31.74570000   66.22720000
        N  56.40987700   32.13092000   64.96314600
        H  56.09936000   32.79342200   65.65940000
        H  56.60604600   31.17588200   65.22681300
        N  55.85040100   32.61810400   67.14404900
        H  56.04657000   31.66306600   67.40771600
        H  55.96474900   32.91064000   66.18412800
        N  56.51762100   30.48807600   66.57440500
        H  56.63197000   30.78061100   65.61448400
        H  56.20710400   31.15057800   67.27065900
        C  54.97730000   24.02100000   60.33440000
        N  55.12787700   24.40622000   59.07034600
        H  54.81736000   25.06872200   59.76660000
        H  55.32404600   23.45118200   59.33401300
        N  54.56840100   24.89340400   61.25124900
        H  54.76457000   23.93836600   61.51491600
        H  54.68274900   25.18594000   60.29132800
        N  55.23562100   22.76337600   60.68160500
        H  55.34997000   23.05591100   59.72168400
        H  54.92510400   23.42587800   61.37785900
        C  69.25010000   33.19120000   49.20880000
        O  70.43392500   33.25297600   48.81226300
        O  68.53881600   32.16381700   49.24135900
        H  68.79212100   34.12705000   49.56156100
        C  63.85800000   34.46660000   65.39110000
        N  64.00857700   34.85182000   64.12704600
        H  63.69806000   35.51432200   64.82330000
        H  64.20474600   33.89678200   64.39071300
        N  63.44910100   35.33900400   66.30794900
        H  63.64527000   34.38396600   66.57161600
        H  63.56344900   35.63154000   65.34802800
        N  64.11632100   33.20897600   65.73830500
        H  64.23067000   33.50151100   64.77838400
        H  63.80580400   33.87147800   66.43455900
        C  62.48230000   39.90100000   63.99240000
        N  62.63287700   40.28622000   62.72834600
        H  62.32236000   40.94872200   63.42460000
        H  62.82904600   39.33118200   62.99201300
        N  62.07340100   40.77340400   64.90924900
        H  62.26957000   39.81836600   65.17291600
        H  62.18774900   41.06594000   63.94932800
        N  62.74062100   38.64337600   64.33960500
        H  62.85497000   38.93591100   63.37968400
        H  62.43010400   39.30587800   65.03585900
        C  56.12980000   40.36960000   64.54710000
        N  56.28037700   40.75482000   63.28304600
        H  55.96986000   41.41732200   63.97930000
        H  56.47654600   39.79978200   63.54671300
        N  55.72090100   41.24200400   65.46394900
        H  55.91707000   40.28696600   65.72761600
        H  55.83524900   41.53454000   64.50402800
        N  56.38812100   39.11197600   64.89430500
        H  56.50247000   39.40451100   63.93438400
        H  56.07760400   39.77447800   65.59055900
        C  58.07510000   26.94060000   47.10160000
        O  59.25892500   27.00237600   46.70506300
        O  57.36381600   25.91321700   47.13415900
        H  57.61712100   27.87645000   47.45436100

Note: printed only print_atoms_list (this is not necessarily all atoms) 
  ------------RUNNING QM/MM MODULE------------- 
QM Module: ORCATheory
MM Module: OpenMMTheory
Charge provided from QMMMTheory object:  -2
Mult provided from QMMMTheory object:  1
QM-region Charge: -2 Mult: 1
Embedding: Electrostatic
Number of pointcharges (to QM program): 76
Number of charge coordinates: 76
Running QM/MM object with 8 cores available

-------------------------------------------------------------------
Time to calculate step (before-QMstep): 0.000 seconds, 0.0 minutes.
-------------------------------------------------------------------
  ------------RUNNING ORCA INTERFACE------------- 
Object-label: ORCA
Run-label: None
Running ORCA with 8 cores available
Moreadfile option not active
A GBW-file with same basename : orca.gbw is present
Autostart is False. ORCA will ignore any file present
Creating inputfile: orca.inp
ORCA input:
! B3LYP D3BJ def2-SVP def2/J RIJCOSX CPCM TightSCF

! Noautostart

%cpcm epsilon 4.0 end
%scf MaxIter 300 Guess PModel end
Charge: -2  Mult: 1
Pointcharge embedding is on!
 ORCA Calculation starting. 
Found warning messages in ORCA outputfile:
WARNING: The chosen methods will break translational/rotational symmetry
 WARNING: The chosen methods will break translational symmetry
 WARNING: The chosen methods will break translational symmetry
 Warning: op=0 Small HOMO/LUMO gap (  -0.629) - skipping pre-diagonalization
 Warning: op=0 Small HOMO/LUMO gap (   0.090) - skipping pre-diagonalization

 ORCA Calculation done. 
ORCA converged in 31 iterations
ORCA energy: -836.946464780308
  ------------ENDING ORCA-INTERFACE------------- 

----------------------------------------------------------------
Time to calculate step (ORCA run): 133.476 seconds, 2.2 minutes.
----------------------------------------------------------------

---------------------------------------------------------------
Time to calculate step (QM step): 133.476 seconds, 2.2 minutes.
---------------------------------------------------------------

----------------------------------------------------------------------
Time to calculate step (QMpcgrad prepare): 0.000 seconds, 0.0 minutes.
----------------------------------------------------------------------

--------------------------------------------------------------------------
Time to calculate step (linkatomgrad prepare): 0.000 seconds, 0.0 minutes.
--------------------------------------------------------------------------

----------------------------------------------------------------------------
Time to calculate step (QM/MM gradient prepare): 0.000 seconds, 0.0 minutes.
----------------------------------------------------------------------------
Using OpenMM theory as part of QM/MM.
Using MM on full system. Charges for QM region [0, 1, 2, 3, 4, 5, 6, 7, 8, 9, 10, 11, 12, 13, 14, 15, 16, 17, 18, 19, 20, 21, 22, 23] have been set to zero 

--------------------------------------------------------------------------------
                   Creating/updating OpenMM simulation object                   
--------------------------------------------------------------------------------

Integrator name: VerletIntegrator
Timestep: 0.001
Temperature: 300
Coupling frequency: 1
Properties: {'Threads': '1'}
Topology: <Topology; 1 chains, 1 residues, 100 atoms, 0 bonds>

----------------------------------------------------------------------------------
Time to calculate step (creating/updating simulation): 0.003 seconds, 0.0 minutes.
----------------------------------------------------------------------------------

--------------------------------------------------------------------------------
                     Running Single-point OpenMM Interface                      
--------------------------------------------------------------------------------

Number of OpenMM system constraints defined: 0

-----------------------------------------------------------------------------------
Time to calculate step (OpenMMTheory.run: const-check): 0.003 seconds, 0.0 minutes.
-----------------------------------------------------------------------------------
Updating coordinates.

------------------------------------------------------------------------
Time to calculate step (Creating pos array): 0.000 seconds, 0.0 minutes.
------------------------------------------------------------------------

---------------------------------------------------------------------------
Time to calculate step (Updating MM positions): 0.000 seconds, 0.0 minutes.
---------------------------------------------------------------------------
Calling OpenMM getState.

---------------------------------------------------------------------
Time to calculate step (OpenMM getState): 0.001 seconds, 0.0 minutes.
---------------------------------------------------------------------
OpenMM Energy: -3.379895904385286 Eh
OpenMM Energy: -2120.916701348837 kcal/mol

-----------------------
Ending OpenMM interface
-----------------------

----------------------------------------------------------------
Time to calculate step (OpenMM run): 0.005 seconds, 0.0 minutes.
----------------------------------------------------------------

-------------------------------------------------------------
Time to calculate step (MM step): 0.005 seconds, 0.0 minutes.
-------------------------------------------------------------

Note: You are using electrostatic embedding. This means that the QM-energy is actually the polarized QM-energy
Note: MM energy also contains the QM-MM Lennard-Jones interaction

QM energy:              -836.946464780308 
MM energy:                -3.379895904385
QM/MM energy:           -840.326360684693 

  ------------ENDING QM/MM MODULE------------- 

-----------------------------------------------------------------
Time to calculate step (QM/MM run): 133.481 seconds, 2.2 minutes.
-----------------------------------------------------------------
geometric called save_guess_files option option for ASHengineclass.
This option is currently unsupported in ASH. Continuing.

Convergence criteria: {'convergence_energy': 1e-05, 'convergence_grms': 0.003, 'convergence_gmax': 0.006, 'convergence_drms': 0.01, 'convergence_dmax': 0.015, 'convergence_cmax': 0.01}

Replacing coordinates in fragment.
Creating/Updating fragment attributes...
Number of Atoms in fragment: 100
Formula: C20O14N18H48
Label: CHHCCOOOCHCHCCHCHCHOHCOOCNHHNHHNHHCOOHCOOHCNHHNHHNHHCNHHNHHNHHCOOHCNHHNHHNHHCNHHNHHNHHCNHHNHHNHHCOOH
Charge: -2 Mult: 1

--------------------------------------------------------------------------------
Wrote XYZ file:  Fragment-currentgeo.xyz
Current geometry (Å) in step 11 (print_atoms_list region)
---------------------------------------------------
        C  57.94579581   35.40579773   60.43474824
        H  58.56739960   34.54919209   60.05347036
        H  57.31203491   35.89898653   59.68587332
        C  58.21428520   35.83854231   61.72464076
        C  57.51270223   37.06571457   62.42774568
        O  57.96292416   38.24548091   62.24588569
        O  56.68978543   36.80053474   63.36544073
        O  59.16892137   35.35009027   62.57892254
        C  57.16879392   31.59954406   55.61002299
        H  56.48099357   30.73736297   55.62967570
        C  58.43135388   31.50455430   56.08969072
        H  58.78920358   30.64192564   56.65318576
        C  59.33026800   32.56953699   55.82525637
        C  59.07192201   33.47284213   54.74730084
        H  59.89477554   34.03960703   54.30588405
        C  57.80013436   33.58166848   54.27139581
        H  57.51855338   34.22994850   53.43412509
        C  56.71815949   32.87589091   55.01323509
        H  56.77137546   33.45135225   55.93928855
        O  55.46603738   33.08702477   54.56248388
        H  54.86912922   32.33965134   54.51366810
        C  60.57214360   32.81633226   56.62804011
        O  60.31562987   33.12102376   57.82967573
        O  61.58450948   32.81058889   55.98474402
        C  51.07830000   35.22980000   63.65660000
        N  51.22887700   35.61502000   62.39254600
        H  50.91836000   36.27752200   63.08880000
        H  51.42504600   34.65998200   62.65621300
        N  50.66940100   36.10220400   64.57344900
        H  50.86557000   35.14716600   64.83711600
        H  50.78374900   36.39474000   63.61352800
        N  51.33662100   33.97217600   64.00380500
        H  51.45097000   34.26471100   63.04388400
        H  51.02610400   34.63467800   64.70005900
        C  64.07740000   35.28690000   45.52850000
        O  65.26122500   35.34867600   45.13196300
        O  63.36611600   34.25951700   45.56105900
        H  63.61942100   36.22275000   45.88126100
        C  66.29280000   24.23360000   56.82780000
        O  67.47662500   24.29537600   56.43126300
        O  65.58151600   23.20621700   56.86035900
        H  65.83482100   25.16945000   57.18056100
        C  56.25930000   31.74570000   66.22720000
        N  56.40987700   32.13092000   64.96314600
        H  56.09936000   32.79342200   65.65940000
        H  56.60604600   31.17588200   65.22681300
        N  55.85040100   32.61810400   67.14404900
        H  56.04657000   31.66306600   67.40771600
        H  55.96474900   32.91064000   66.18412800
        N  56.51762100   30.48807600   66.57440500
        H  56.63197000   30.78061100   65.61448400
        H  56.20710400   31.15057800   67.27065900
        C  54.97730000   24.02100000   60.33440000
        N  55.12787700   24.40622000   59.07034600
        H  54.81736000   25.06872200   59.76660000
        H  55.32404600   23.45118200   59.33401300
        N  54.56840100   24.89340400   61.25124900
        H  54.76457000   23.93836600   61.51491600
        H  54.68274900   25.18594000   60.29132800
        N  55.23562100   22.76337600   60.68160500
        H  55.34997000   23.05591100   59.72168400
        H  54.92510400   23.42587800   61.37785900
        C  69.25010000   33.19120000   49.20880000
        O  70.43392500   33.25297600   48.81226300
        O  68.53881600   32.16381700   49.24135900
        H  68.79212100   34.12705000   49.56156100
        C  63.85800000   34.46660000   65.39110000
        N  64.00857700   34.85182000   64.12704600
        H  63.69806000   35.51432200   64.82330000
        H  64.20474600   33.89678200   64.39071300
        N  63.44910100   35.33900400   66.30794900
        H  63.64527000   34.38396600   66.57161600
        H  63.56344900   35.63154000   65.34802800
        N  64.11632100   33.20897600   65.73830500
        H  64.23067000   33.50151100   64.77838400
        H  63.80580400   33.87147800   66.43455900
        C  62.48230000   39.90100000   63.99240000
        N  62.63287700   40.28622000   62.72834600
        H  62.32236000   40.94872200   63.42460000
        H  62.82904600   39.33118200   62.99201300
        N  62.07340100   40.77340400   64.90924900
        H  62.26957000   39.81836600   65.17291600
        H  62.18774900   41.06594000   63.94932800
        N  62.74062100   38.64337600   64.33960500
        H  62.85497000   38.93591100   63.37968400
        H  62.43010400   39.30587800   65.03585900
        C  56.12980000   40.36960000   64.54710000
        N  56.28037700   40.75482000   63.28304600
        H  55.96986000   41.41732200   63.97930000
        H  56.47654600   39.79978200   63.54671300
        N  55.72090100   41.24200400   65.46394900
        H  55.91707000   40.28696600   65.72761600
        H  55.83524900   41.53454000   64.50402800
        N  56.38812100   39.11197600   64.89430500
        H  56.50247000   39.40451100   63.93438400
        H  56.07760400   39.77447800   65.59055900
        C  58.07510000   26.94060000   47.10160000
        O  59.25892500   27.00237600   46.70506300
        O  57.36381600   25.91321700   47.13415900
        H  57.61712100   27.87645000   47.45436100

Note: printed only print_atoms_list (this is not necessarily all atoms) 
  ------------RUNNING QM/MM MODULE------------- 
QM Module: ORCATheory
MM Module: OpenMMTheory
Charge provided from QMMMTheory object:  -2
Mult provided from QMMMTheory object:  1
QM-region Charge: -2 Mult: 1
Embedding: Electrostatic
Number of pointcharges (to QM program): 76
Number of charge coordinates: 76
Running QM/MM object with 8 cores available

-------------------------------------------------------------------
Time to calculate step (before-QMstep): 0.000 seconds, 0.0 minutes.
-------------------------------------------------------------------
  ------------RUNNING ORCA INTERFACE------------- 
Object-label: ORCA
Run-label: None
Running ORCA with 8 cores available
Moreadfile option not active
A GBW-file with same basename : orca.gbw is present
Autostart is False. ORCA will ignore any file present
Creating inputfile: orca.inp
ORCA input:
! B3LYP D3BJ def2-SVP def2/J RIJCOSX CPCM TightSCF

! Noautostart

%cpcm epsilon 4.0 end
%scf MaxIter 300 Guess PModel end
Charge: -2  Mult: 1
Pointcharge embedding is on!
 ORCA Calculation starting. 
Found warning messages in ORCA outputfile:
WARNING: The chosen methods will break translational/rotational symmetry
 WARNING: The chosen methods will break translational symmetry
 WARNING: The chosen methods will break translational symmetry
 Warning: op=0 Small HOMO/LUMO gap (  -0.662) - skipping pre-diagonalization
 Warning: op=0 Small HOMO/LUMO gap (   0.099) - skipping pre-diagonalization

 ORCA Calculation done. 
ORCA converged in 31 iterations
ORCA energy: -836.973314129112
  ------------ENDING ORCA-INTERFACE------------- 

----------------------------------------------------------------
Time to calculate step (ORCA run): 135.550 seconds, 2.3 minutes.
----------------------------------------------------------------

---------------------------------------------------------------
Time to calculate step (QM step): 135.550 seconds, 2.3 minutes.
---------------------------------------------------------------

----------------------------------------------------------------------
Time to calculate step (QMpcgrad prepare): 0.000 seconds, 0.0 minutes.
----------------------------------------------------------------------

--------------------------------------------------------------------------
Time to calculate step (linkatomgrad prepare): 0.000 seconds, 0.0 minutes.
--------------------------------------------------------------------------

----------------------------------------------------------------------------
Time to calculate step (QM/MM gradient prepare): 0.000 seconds, 0.0 minutes.
----------------------------------------------------------------------------
Using OpenMM theory as part of QM/MM.
Using MM on full system. Charges for QM region [0, 1, 2, 3, 4, 5, 6, 7, 8, 9, 10, 11, 12, 13, 14, 15, 16, 17, 18, 19, 20, 21, 22, 23] have been set to zero 

--------------------------------------------------------------------------------
                   Creating/updating OpenMM simulation object                   
--------------------------------------------------------------------------------

Integrator name: VerletIntegrator
Timestep: 0.001
Temperature: 300
Coupling frequency: 1
Properties: {'Threads': '1'}
Topology: <Topology; 1 chains, 1 residues, 100 atoms, 0 bonds>

----------------------------------------------------------------------------------
Time to calculate step (creating/updating simulation): 0.002 seconds, 0.0 minutes.
----------------------------------------------------------------------------------

--------------------------------------------------------------------------------
                     Running Single-point OpenMM Interface                      
--------------------------------------------------------------------------------

Number of OpenMM system constraints defined: 0

-----------------------------------------------------------------------------------
Time to calculate step (OpenMMTheory.run: const-check): 0.002 seconds, 0.0 minutes.
-----------------------------------------------------------------------------------
Updating coordinates.

------------------------------------------------------------------------
Time to calculate step (Creating pos array): 0.000 seconds, 0.0 minutes.
------------------------------------------------------------------------

---------------------------------------------------------------------------
Time to calculate step (Updating MM positions): 0.000 seconds, 0.0 minutes.
---------------------------------------------------------------------------
Calling OpenMM getState.

---------------------------------------------------------------------
Time to calculate step (OpenMM getState): 0.000 seconds, 0.0 minutes.
---------------------------------------------------------------------
OpenMM Energy: -3.378219312909877 Eh
OpenMM Energy: -2119.864624313884 kcal/mol

-----------------------
Ending OpenMM interface
-----------------------

----------------------------------------------------------------
Time to calculate step (OpenMM run): 0.003 seconds, 0.0 minutes.
----------------------------------------------------------------

-------------------------------------------------------------
Time to calculate step (MM step): 0.003 seconds, 0.0 minutes.
-------------------------------------------------------------

Note: You are using electrostatic embedding. This means that the QM-energy is actually the polarized QM-energy
Note: MM energy also contains the QM-MM Lennard-Jones interaction

QM energy:              -836.973314129112 
MM energy:                -3.378219312910
QM/MM energy:           -840.351533442022 

  ------------ENDING QM/MM MODULE------------- 

-----------------------------------------------------------------
Time to calculate step (QM/MM run): 135.553 seconds, 2.3 minutes.
-----------------------------------------------------------------
geometric called save_guess_files option option for ASHengineclass.
This option is currently unsupported in ASH. Continuing.

Convergence criteria: {'convergence_energy': 1e-05, 'convergence_grms': 0.003, 'convergence_gmax': 0.006, 'convergence_drms': 0.01, 'convergence_dmax': 0.015, 'convergence_cmax': 0.01}

Replacing coordinates in fragment.
Creating/Updating fragment attributes...
Number of Atoms in fragment: 100
Formula: C20O14N18H48
Label: CHHCCOOOCHCHCCHCHCHOHCOOCNHHNHHNHHCOOHCOOHCNHHNHHNHHCNHHNHHNHHCOOHCNHHNHHNHHCNHHNHHNHHCNHHNHHNHHCOOH
Charge: -2 Mult: 1

--------------------------------------------------------------------------------
Wrote XYZ file:  Fragment-currentgeo.xyz
Current geometry (Å) in step 12 (print_atoms_list region)
---------------------------------------------------
        C  57.88404946   35.52276494   60.75058462
        H  58.41967735   34.65576895   60.20758517
        H  57.17772269   35.97425810   60.01560163
        C  58.21409511   35.94346379   62.01287481
        C  57.48177067   37.13404991   62.72952716
        O  57.88022967   38.35374074   62.63243736
        O  56.64922658   36.81989854   63.63118005
        O  59.10349594   35.43541658   62.82826231
        C  57.14995375   31.57272695   55.58451341
        H  56.44673372   30.72171353   55.59763806
        C  58.41340215   31.48273063   56.09204454
        H  58.76191696   30.61985956   56.66213854
        C  59.32390819   32.55775662   55.85047386
        C  59.07873367   33.46841849   54.77662047
        H  59.91325481   34.04864586   54.37141535
        C  57.81181992   33.58396296   54.28564730
        H  57.54770210   34.24556947   53.45286471
        C  56.71000410   32.87755029   55.00737390
        H  56.77635515   33.44895313   55.95762347
        O  55.44023290   33.11163209   54.55837009
        H  54.91523434   32.28167531   54.43735448
        C  60.53542014   32.84894283   56.73782425
        O  60.15973285   33.17633017   57.94144790
        O  61.64638605   32.82922640   56.17905398
        C  51.07830000   35.22980000   63.65660000
        N  51.22887700   35.61502000   62.39254600
        H  50.91836000   36.27752200   63.08880000
        H  51.42504600   34.65998200   62.65621300
        N  50.66940100   36.10220400   64.57344900
        H  50.86557000   35.14716600   64.83711600
        H  50.78374900   36.39474000   63.61352800
        N  51.33662100   33.97217600   64.00380500
        H  51.45097000   34.26471100   63.04388400
        H  51.02610400   34.63467800   64.70005900
        C  64.07740000   35.28690000   45.52850000
        O  65.26122500   35.34867600   45.13196300
        O  63.36611600   34.25951700   45.56105900
        H  63.61942100   36.22275000   45.88126100
        C  66.29280000   24.23360000   56.82780000
        O  67.47662500   24.29537600   56.43126300
        O  65.58151600   23.20621700   56.86035900
        H  65.83482100   25.16945000   57.18056100
        C  56.25930000   31.74570000   66.22720000
        N  56.40987700   32.13092000   64.96314600
        H  56.09936000   32.79342200   65.65940000
        H  56.60604600   31.17588200   65.22681300
        N  55.85040100   32.61810400   67.14404900
        H  56.04657000   31.66306600   67.40771600
        H  55.96474900   32.91064000   66.18412800
        N  56.51762100   30.48807600   66.57440500
        H  56.63197000   30.78061100   65.61448400
        H  56.20710400   31.15057800   67.27065900
        C  54.97730000   24.02100000   60.33440000
        N  55.12787700   24.40622000   59.07034600
        H  54.81736000   25.06872200   59.76660000
        H  55.32404600   23.45118200   59.33401300
        N  54.56840100   24.89340400   61.25124900
        H  54.76457000   23.93836600   61.51491600
        H  54.68274900   25.18594000   60.29132800
        N  55.23562100   22.76337600   60.68160500
        H  55.34997000   23.05591100   59.72168400
        H  54.92510400   23.42587800   61.37785900
        C  69.25010000   33.19120000   49.20880000
        O  70.43392500   33.25297600   48.81226300
        O  68.53881600   32.16381700   49.24135900
        H  68.79212100   34.12705000   49.56156100
        C  63.85800000   34.46660000   65.39110000
        N  64.00857700   34.85182000   64.12704600
        H  63.69806000   35.51432200   64.82330000
        H  64.20474600   33.89678200   64.39071300
        N  63.44910100   35.33900400   66.30794900
        H  63.64527000   34.38396600   66.57161600
        H  63.56344900   35.63154000   65.34802800
        N  64.11632100   33.20897600   65.73830500
        H  64.23067000   33.50151100   64.77838400
        H  63.80580400   33.87147800   66.43455900
        C  62.48230000   39.90100000   63.99240000
        N  62.63287700   40.28622000   62.72834600
        H  62.32236000   40.94872200   63.42460000
        H  62.82904600   39.33118200   62.99201300
        N  62.07340100   40.77340400   64.90924900
        H  62.26957000   39.81836600   65.17291600
        H  62.18774900   41.06594000   63.94932800
        N  62.74062100   38.64337600   64.33960500
        H  62.85497000   38.93591100   63.37968400
        H  62.43010400   39.30587800   65.03585900
        C  56.12980000   40.36960000   64.54710000
        N  56.28037700   40.75482000   63.28304600
        H  55.96986000   41.41732200   63.97930000
        H  56.47654600   39.79978200   63.54671300
        N  55.72090100   41.24200400   65.46394900
        H  55.91707000   40.28696600   65.72761600
        H  55.83524900   41.53454000   64.50402800
        N  56.38812100   39.11197600   64.89430500
        H  56.50247000   39.40451100   63.93438400
        H  56.07760400   39.77447800   65.59055900
        C  58.07510000   26.94060000   47.10160000
        O  59.25892500   27.00237600   46.70506300
        O  57.36381600   25.91321700   47.13415900
        H  57.61712100   27.87645000   47.45436100

Note: printed only print_atoms_list (this is not necessarily all atoms) 
  ------------RUNNING QM/MM MODULE------------- 
QM Module: ORCATheory
MM Module: OpenMMTheory
Charge provided from QMMMTheory object:  -2
Mult provided from QMMMTheory object:  1
QM-region Charge: -2 Mult: 1
Embedding: Electrostatic
Number of pointcharges (to QM program): 76
Number of charge coordinates: 76
Running QM/MM object with 8 cores available

-------------------------------------------------------------------
Time to calculate step (before-QMstep): 0.000 seconds, 0.0 minutes.
-------------------------------------------------------------------
  ------------RUNNING ORCA INTERFACE------------- 
Object-label: ORCA
Run-label: None
Running ORCA with 8 cores available
Moreadfile option not active
A GBW-file with same basename : orca.gbw is present
Autostart is False. ORCA will ignore any file present
Creating inputfile: orca.inp
ORCA input:
! B3LYP D3BJ def2-SVP def2/J RIJCOSX CPCM TightSCF

! Noautostart

%cpcm epsilon 4.0 end
%scf MaxIter 300 Guess PModel end
Charge: -2  Mult: 1
Pointcharge embedding is on!
 ORCA Calculation starting. 
Found warning messages in ORCA outputfile:
WARNING: The chosen methods will break translational/rotational symmetry
 WARNING: The chosen methods will break translational symmetry
 WARNING: The chosen methods will break translational symmetry
 Warning: op=0 Small HOMO/LUMO gap (  -0.666) - skipping pre-diagonalization
 Warning: op=0 Small HOMO/LUMO gap (   0.095) - skipping pre-diagonalization

 ORCA Calculation done. 
ORCA converged in 31 iterations
ORCA energy: -837.00886392159
  ------------ENDING ORCA-INTERFACE------------- 

----------------------------------------------------------------
Time to calculate step (ORCA run): 136.453 seconds, 2.3 minutes.
----------------------------------------------------------------

---------------------------------------------------------------
Time to calculate step (QM step): 136.453 seconds, 2.3 minutes.
---------------------------------------------------------------

----------------------------------------------------------------------
Time to calculate step (QMpcgrad prepare): 0.000 seconds, 0.0 minutes.
----------------------------------------------------------------------

--------------------------------------------------------------------------
Time to calculate step (linkatomgrad prepare): 0.000 seconds, 0.0 minutes.
--------------------------------------------------------------------------

----------------------------------------------------------------------------
Time to calculate step (QM/MM gradient prepare): 0.000 seconds, 0.0 minutes.
----------------------------------------------------------------------------
Using OpenMM theory as part of QM/MM.
Using MM on full system. Charges for QM region [0, 1, 2, 3, 4, 5, 6, 7, 8, 9, 10, 11, 12, 13, 14, 15, 16, 17, 18, 19, 20, 21, 22, 23] have been set to zero 

--------------------------------------------------------------------------------
                   Creating/updating OpenMM simulation object                   
--------------------------------------------------------------------------------

Integrator name: VerletIntegrator
Timestep: 0.001
Temperature: 300
Coupling frequency: 1
Properties: {'Threads': '1'}
Topology: <Topology; 1 chains, 1 residues, 100 atoms, 0 bonds>

----------------------------------------------------------------------------------
Time to calculate step (creating/updating simulation): 0.003 seconds, 0.0 minutes.
----------------------------------------------------------------------------------

--------------------------------------------------------------------------------
                     Running Single-point OpenMM Interface                      
--------------------------------------------------------------------------------

Number of OpenMM system constraints defined: 0

-----------------------------------------------------------------------------------
Time to calculate step (OpenMMTheory.run: const-check): 0.003 seconds, 0.0 minutes.
-----------------------------------------------------------------------------------
Updating coordinates.

------------------------------------------------------------------------
Time to calculate step (Creating pos array): 0.000 seconds, 0.0 minutes.
------------------------------------------------------------------------

---------------------------------------------------------------------------
Time to calculate step (Updating MM positions): 0.000 seconds, 0.0 minutes.
---------------------------------------------------------------------------
Calling OpenMM getState.

---------------------------------------------------------------------
Time to calculate step (OpenMM getState): 0.001 seconds, 0.0 minutes.
---------------------------------------------------------------------
OpenMM Energy: -3.3718570422369005 Eh
OpenMM Energy: -2115.8722391900374 kcal/mol

-----------------------
Ending OpenMM interface
-----------------------

----------------------------------------------------------------
Time to calculate step (OpenMM run): 0.004 seconds, 0.0 minutes.
----------------------------------------------------------------

-------------------------------------------------------------
Time to calculate step (MM step): 0.004 seconds, 0.0 minutes.
-------------------------------------------------------------

Note: You are using electrostatic embedding. This means that the QM-energy is actually the polarized QM-energy
Note: MM energy also contains the QM-MM Lennard-Jones interaction

QM energy:              -837.008863921590 
MM energy:                -3.371857042237
QM/MM energy:           -840.380720963827 

  ------------ENDING QM/MM MODULE------------- 

-----------------------------------------------------------------
Time to calculate step (QM/MM run): 136.458 seconds, 2.3 minutes.
-----------------------------------------------------------------
geometric called save_guess_files option option for ASHengineclass.
This option is currently unsupported in ASH. Continuing.
geometric called clearCalcs option for ASHengineclass.
This option is currently unsupported in ASH. Continuing.

Convergence criteria: {'convergence_energy': 1e-05, 'convergence_grms': 0.003, 'convergence_gmax': 0.006, 'convergence_drms': 0.01, 'convergence_dmax': 0.015, 'convergence_cmax': 0.01}

Replacing coordinates in fragment.
Creating/Updating fragment attributes...
Number of Atoms in fragment: 100
Formula: C20O14N18H48
Label: CHHCCOOOCHCHCCHCHCHOHCOOCNHHNHHNHHCOOHCOOHCNHHNHHNHHCNHHNHHNHHCOOHCNHHNHHNHHCNHHNHHNHHCNHHNHHNHHCOOH
Charge: -2 Mult: 1

--------------------------------------------------------------------------------
Wrote XYZ file:  Fragment-currentgeo.xyz
Current geometry (Å) in step 13 (print_atoms_list region)
---------------------------------------------------
        C  57.78662833   35.68060900   61.11983175
        H  58.30538609   34.84688335   60.68149466
        H  56.98995535   36.16018651   60.48623203
        C  58.19478704   36.09997241   62.34845145
        C  57.43247718   37.20648763   63.14398157
        O  57.67464169   38.51229885   63.21208634
        O  56.54612471   36.69810134   63.88085975
        O  59.03029245   35.59651864   63.16075295
        C  57.13357111   31.55138477   55.57211167
        H  56.40299754   30.74657808   55.61695455
        C  58.39936170   31.47841435   56.09598366
        H  58.72359014   30.59553634   56.66225186
        C  59.31339813   32.58428349   55.91046136
        C  59.08709432   33.48357517   54.83390228
        H  59.93710472   34.07666738   54.48221650
        C  57.83071422   33.59570041   54.31141983
        H  57.59051219   34.28284415   53.49449083
        C  56.71477233   32.87779119   55.00712565
        H  56.76146203   33.48253324   55.98364998
        O  55.42353310   33.05444461   54.47947760
        H  54.98881870   32.20168892   54.32208758
        C  60.45502634   32.89984510   56.86099198
        O  60.06225940   33.09208981   58.02253741
        O  61.62763706   32.89615981   56.42261482
        C  51.07830000   35.22980000   63.65660000
        N  51.22887700   35.61502000   62.39254600
        H  50.91836000   36.27752200   63.08880000
        H  51.42504600   34.65998200   62.65621300
        N  50.66940100   36.10220400   64.57344900
        H  50.86557000   35.14716600   64.83711600
        H  50.78374900   36.39474000   63.61352800
        N  51.33662100   33.97217600   64.00380500
        H  51.45097000   34.26471100   63.04388400
        H  51.02610400   34.63467800   64.70005900
        C  64.07740000   35.28690000   45.52850000
        O  65.26122500   35.34867600   45.13196300
        O  63.36611600   34.25951700   45.56105900
        H  63.61942100   36.22275000   45.88126100
        C  66.29280000   24.23360000   56.82780000
        O  67.47662500   24.29537600   56.43126300
        O  65.58151600   23.20621700   56.86035900
        H  65.83482100   25.16945000   57.18056100
        C  56.25930000   31.74570000   66.22720000
        N  56.40987700   32.13092000   64.96314600
        H  56.09936000   32.79342200   65.65940000
        H  56.60604600   31.17588200   65.22681300
        N  55.85040100   32.61810400   67.14404900
        H  56.04657000   31.66306600   67.40771600
        H  55.96474900   32.91064000   66.18412800
        N  56.51762100   30.48807600   66.57440500
        H  56.63197000   30.78061100   65.61448400
        H  56.20710400   31.15057800   67.27065900
        C  54.97730000   24.02100000   60.33440000
        N  55.12787700   24.40622000   59.07034600
        H  54.81736000   25.06872200   59.76660000
        H  55.32404600   23.45118200   59.33401300
        N  54.56840100   24.89340400   61.25124900
        H  54.76457000   23.93836600   61.51491600
        H  54.68274900   25.18594000   60.29132800
        N  55.23562100   22.76337600   60.68160500
        H  55.34997000   23.05591100   59.72168400
        H  54.92510400   23.42587800   61.37785900
        C  69.25010000   33.19120000   49.20880000
        O  70.43392500   33.25297600   48.81226300
        O  68.53881600   32.16381700   49.24135900
        H  68.79212100   34.12705000   49.56156100
        C  63.85800000   34.46660000   65.39110000
        N  64.00857700   34.85182000   64.12704600
        H  63.69806000   35.51432200   64.82330000
        H  64.20474600   33.89678200   64.39071300
        N  63.44910100   35.33900400   66.30794900
        H  63.64527000   34.38396600   66.57161600
        H  63.56344900   35.63154000   65.34802800
        N  64.11632100   33.20897600   65.73830500
        H  64.23067000   33.50151100   64.77838400
        H  63.80580400   33.87147800   66.43455900
        C  62.48230000   39.90100000   63.99240000
        N  62.63287700   40.28622000   62.72834600
        H  62.32236000   40.94872200   63.42460000
        H  62.82904600   39.33118200   62.99201300
        N  62.07340100   40.77340400   64.90924900
        H  62.26957000   39.81836600   65.17291600
        H  62.18774900   41.06594000   63.94932800
        N  62.74062100   38.64337600   64.33960500
        H  62.85497000   38.93591100   63.37968400
        H  62.43010400   39.30587800   65.03585900
        C  56.12980000   40.36960000   64.54710000
        N  56.28037700   40.75482000   63.28304600
        H  55.96986000   41.41732200   63.97930000
        H  56.47654600   39.79978200   63.54671300
        N  55.72090100   41.24200400   65.46394900
        H  55.91707000   40.28696600   65.72761600
        H  55.83524900   41.53454000   64.50402800
        N  56.38812100   39.11197600   64.89430500
        H  56.50247000   39.40451100   63.93438400
        H  56.07760400   39.77447800   65.59055900
        C  58.07510000   26.94060000   47.10160000
        O  59.25892500   27.00237600   46.70506300
        O  57.36381600   25.91321700   47.13415900
        H  57.61712100   27.87645000   47.45436100

Note: printed only print_atoms_list (this is not necessarily all atoms) 
  ------------RUNNING QM/MM MODULE------------- 
QM Module: ORCATheory
MM Module: OpenMMTheory
Charge provided from QMMMTheory object:  -2
Mult provided from QMMMTheory object:  1
QM-region Charge: -2 Mult: 1
Embedding: Electrostatic
Number of pointcharges (to QM program): 76
Number of charge coordinates: 76
Running QM/MM object with 8 cores available

-------------------------------------------------------------------
Time to calculate step (before-QMstep): 0.000 seconds, 0.0 minutes.
-------------------------------------------------------------------
  ------------RUNNING ORCA INTERFACE------------- 
Object-label: ORCA
Run-label: None
Running ORCA with 8 cores available
Moreadfile option not active
A GBW-file with same basename : orca.gbw is present
Autostart is False. ORCA will ignore any file present
Creating inputfile: orca.inp
ORCA input:
! B3LYP D3BJ def2-SVP def2/J RIJCOSX CPCM TightSCF

! Noautostart

%cpcm epsilon 4.0 end
%scf MaxIter 300 Guess PModel end
Charge: -2  Mult: 1
Pointcharge embedding is on!
 ORCA Calculation starting. 
Found warning messages in ORCA outputfile:
WARNING: The chosen methods will break translational/rotational symmetry
 WARNING: The chosen methods will break translational symmetry
 WARNING: The chosen methods will break translational symmetry
 Warning: op=0 Small HOMO/LUMO gap (  -0.686) - skipping pre-diagonalization
 Warning: op=0 Small HOMO/LUMO gap (   0.087) - skipping pre-diagonalization

 ORCA Calculation done. 
ORCA converged in 31 iterations
ORCA energy: -837.062281068532
  ------------ENDING ORCA-INTERFACE------------- 

----------------------------------------------------------------
Time to calculate step (ORCA run): 336.170 seconds, 5.6 minutes.
----------------------------------------------------------------

---------------------------------------------------------------
Time to calculate step (QM step): 336.170 seconds, 5.6 minutes.
---------------------------------------------------------------

----------------------------------------------------------------------
Time to calculate step (QMpcgrad prepare): 0.000 seconds, 0.0 minutes.
----------------------------------------------------------------------

--------------------------------------------------------------------------
Time to calculate step (linkatomgrad prepare): 0.000 seconds, 0.0 minutes.
--------------------------------------------------------------------------

----------------------------------------------------------------------------
Time to calculate step (QM/MM gradient prepare): 0.000 seconds, 0.0 minutes.
----------------------------------------------------------------------------
Using OpenMM theory as part of QM/MM.
Using MM on full system. Charges for QM region [0, 1, 2, 3, 4, 5, 6, 7, 8, 9, 10, 11, 12, 13, 14, 15, 16, 17, 18, 19, 20, 21, 22, 23] have been set to zero 

--------------------------------------------------------------------------------
                   Creating/updating OpenMM simulation object                   
--------------------------------------------------------------------------------

Integrator name: VerletIntegrator
Timestep: 0.001
Temperature: 300
Coupling frequency: 1
Properties: {'Threads': '1'}
Topology: <Topology; 1 chains, 1 residues, 100 atoms, 0 bonds>

----------------------------------------------------------------------------------
Time to calculate step (creating/updating simulation): 0.003 seconds, 0.0 minutes.
----------------------------------------------------------------------------------

--------------------------------------------------------------------------------
                     Running Single-point OpenMM Interface                      
--------------------------------------------------------------------------------

Number of OpenMM system constraints defined: 0

-----------------------------------------------------------------------------------
Time to calculate step (OpenMMTheory.run: const-check): 0.003 seconds, 0.0 minutes.
-----------------------------------------------------------------------------------
Updating coordinates.

------------------------------------------------------------------------
Time to calculate step (Creating pos array): 0.000 seconds, 0.0 minutes.
------------------------------------------------------------------------

---------------------------------------------------------------------------
Time to calculate step (Updating MM positions): 0.000 seconds, 0.0 minutes.
---------------------------------------------------------------------------
Calling OpenMM getState.

---------------------------------------------------------------------
Time to calculate step (OpenMM getState): 0.001 seconds, 0.0 minutes.
---------------------------------------------------------------------
OpenMM Energy: -3.2934794129112235 Eh
OpenMM Energy: -2066.6895342335692 kcal/mol

-----------------------
Ending OpenMM interface
-----------------------

----------------------------------------------------------------
Time to calculate step (OpenMM run): 0.005 seconds, 0.0 minutes.
----------------------------------------------------------------

-------------------------------------------------------------
Time to calculate step (MM step): 0.005 seconds, 0.0 minutes.
-------------------------------------------------------------

Note: You are using electrostatic embedding. This means that the QM-energy is actually the polarized QM-energy
Note: MM energy also contains the QM-MM Lennard-Jones interaction

QM energy:              -837.062281068532 
MM energy:                -3.293479412911
QM/MM energy:           -840.355760481443 

  ------------ENDING QM/MM MODULE------------- 

-----------------------------------------------------------------
Time to calculate step (QM/MM run): 336.176 seconds, 5.6 minutes.
-----------------------------------------------------------------
geometric called save_guess_files option option for ASHengineclass.
This option is currently unsupported in ASH. Continuing.

Convergence criteria: {'convergence_energy': 1e-05, 'convergence_grms': 0.003, 'convergence_gmax': 0.006, 'convergence_drms': 0.01, 'convergence_dmax': 0.015, 'convergence_cmax': 0.01}

Replacing coordinates in fragment.
Creating/Updating fragment attributes...
Number of Atoms in fragment: 100
Formula: C20O14N18H48
Label: CHHCCOOOCHCHCCHCHCHOHCOOCNHHNHHNHHCOOHCOOHCNHHNHHNHHCNHHNHHNHHCOOHCNHHNHHNHHCNHHNHHNHHCNHHNHHNHHCOOH
Charge: -2 Mult: 1

--------------------------------------------------------------------------------
Wrote XYZ file:  Fragment-currentgeo.xyz
Current geometry (Å) in step 14 (print_atoms_list region)
---------------------------------------------------
        C  57.85545275   35.65764356   61.04650436
        H  58.35441623   34.82950678   60.60008518
        H  57.12593099   36.22373711   60.52656891
        C  58.24421075   36.05057702   62.30269272
        C  57.43563459   37.13688803   62.95054862
        O  57.86342178   38.32792647   62.74101183
        O  56.50092439   36.70108836   63.63775291
        O  58.98874657   35.55597684   63.16510457
        C  57.13685829   31.56379142   55.58063402
        H  56.39735353   30.78677546   55.68280411
        C  58.40516913   31.49417080   56.08294993
        H  58.73610230   30.60987391   56.64331847
        C  59.32409317   32.60067039   55.88256364
        C  59.08712837   33.49636730   54.81374934
        H  59.93087048   34.08856227   54.45505143
        C  57.82516430   33.60944989   54.30813378
        H  57.57771641   34.30559517   53.50352853
        C  56.71585980   32.88831054   55.00888273
        H  56.73991174   33.52209988   55.98516853
        O  55.41760780   33.01713212   54.42627441
        H  55.02664171   32.15102289   54.31564109
        C  60.46475296   32.87740103   56.82252510
        O  60.10960702   33.01493531   57.97928663
        O  61.63195214   32.89563381   56.39280165
        C  51.07830000   35.22980000   63.65660000
        N  51.22887700   35.61502000   62.39254600
        H  50.91836000   36.27752200   63.08880000
        H  51.42504600   34.65998200   62.65621300
        N  50.66940100   36.10220400   64.57344900
        H  50.86557000   35.14716600   64.83711600
        H  50.78374900   36.39474000   63.61352800
        N  51.33662100   33.97217600   64.00380500
        H  51.45097000   34.26471100   63.04388400
        H  51.02610400   34.63467800   64.70005900
        C  64.07740000   35.28690000   45.52850000
        O  65.26122500   35.34867600   45.13196300
        O  63.36611600   34.25951700   45.56105900
        H  63.61942100   36.22275000   45.88126100
        C  66.29280000   24.23360000   56.82780000
        O  67.47662500   24.29537600   56.43126300
        O  65.58151600   23.20621700   56.86035900
        H  65.83482100   25.16945000   57.18056100
        C  56.25930000   31.74570000   66.22720000
        N  56.40987700   32.13092000   64.96314600
        H  56.09936000   32.79342200   65.65940000
        H  56.60604600   31.17588200   65.22681300
        N  55.85040100   32.61810400   67.14404900
        H  56.04657000   31.66306600   67.40771600
        H  55.96474900   32.91064000   66.18412800
        N  56.51762100   30.48807600   66.57440500
        H  56.63197000   30.78061100   65.61448400
        H  56.20710400   31.15057800   67.27065900
        C  54.97730000   24.02100000   60.33440000
        N  55.12787700   24.40622000   59.07034600
        H  54.81736000   25.06872200   59.76660000
        H  55.32404600   23.45118200   59.33401300
        N  54.56840100   24.89340400   61.25124900
        H  54.76457000   23.93836600   61.51491600
        H  54.68274900   25.18594000   60.29132800
        N  55.23562100   22.76337600   60.68160500
        H  55.34997000   23.05591100   59.72168400
        H  54.92510400   23.42587800   61.37785900
        C  69.25010000   33.19120000   49.20880000
        O  70.43392500   33.25297600   48.81226300
        O  68.53881600   32.16381700   49.24135900
        H  68.79212100   34.12705000   49.56156100
        C  63.85800000   34.46660000   65.39110000
        N  64.00857700   34.85182000   64.12704600
        H  63.69806000   35.51432200   64.82330000
        H  64.20474600   33.89678200   64.39071300
        N  63.44910100   35.33900400   66.30794900
        H  63.64527000   34.38396600   66.57161600
        H  63.56344900   35.63154000   65.34802800
        N  64.11632100   33.20897600   65.73830500
        H  64.23067000   33.50151100   64.77838400
        H  63.80580400   33.87147800   66.43455900
        C  62.48230000   39.90100000   63.99240000
        N  62.63287700   40.28622000   62.72834600
        H  62.32236000   40.94872200   63.42460000
        H  62.82904600   39.33118200   62.99201300
        N  62.07340100   40.77340400   64.90924900
        H  62.26957000   39.81836600   65.17291600
        H  62.18774900   41.06594000   63.94932800
        N  62.74062100   38.64337600   64.33960500
        H  62.85497000   38.93591100   63.37968400
        H  62.43010400   39.30587800   65.03585900
        C  56.12980000   40.36960000   64.54710000
        N  56.28037700   40.75482000   63.28304600
        H  55.96986000   41.41732200   63.97930000
        H  56.47654600   39.79978200   63.54671300
        N  55.72090100   41.24200400   65.46394900
        H  55.91707000   40.28696600   65.72761600
        H  55.83524900   41.53454000   64.50402800
        N  56.38812100   39.11197600   64.89430500
        H  56.50247000   39.40451100   63.93438400
        H  56.07760400   39.77447800   65.59055900
        C  58.07510000   26.94060000   47.10160000
        O  59.25892500   27.00237600   46.70506300
        O  57.36381600   25.91321700   47.13415900
        H  57.61712100   27.87645000   47.45436100

Note: printed only print_atoms_list (this is not necessarily all atoms) 
  ------------RUNNING QM/MM MODULE------------- 
QM Module: ORCATheory
MM Module: OpenMMTheory
Charge provided from QMMMTheory object:  -2
Mult provided from QMMMTheory object:  1
QM-region Charge: -2 Mult: 1
Embedding: Electrostatic
Number of pointcharges (to QM program): 76
Number of charge coordinates: 76
Running QM/MM object with 8 cores available

-------------------------------------------------------------------
Time to calculate step (before-QMstep): 0.000 seconds, 0.0 minutes.
-------------------------------------------------------------------
  ------------RUNNING ORCA INTERFACE------------- 
Object-label: ORCA
Run-label: None
Running ORCA with 8 cores available
Moreadfile option not active
A GBW-file with same basename : orca.gbw is present
Autostart is False. ORCA will ignore any file present
Creating inputfile: orca.inp
ORCA input:
! B3LYP D3BJ def2-SVP def2/J RIJCOSX CPCM TightSCF

! Noautostart

%cpcm epsilon 4.0 end
%scf MaxIter 300 Guess PModel end
Charge: -2  Mult: 1
Pointcharge embedding is on!
 ORCA Calculation starting. 
Found warning messages in ORCA outputfile:
WARNING: The chosen methods will break translational/rotational symmetry
 WARNING: The chosen methods will break translational symmetry
 WARNING: The chosen methods will break translational symmetry
 Warning: op=0 Small HOMO/LUMO gap (  -0.653) - skipping pre-diagonalization
 Warning: op=0 Small HOMO/LUMO gap (   0.089) - skipping pre-diagonalization

 ORCA Calculation done. 
ORCA converged in 31 iterations
ORCA energy: -837.014785884453
  ------------ENDING ORCA-INTERFACE------------- 

----------------------------------------------------------------
Time to calculate step (ORCA run): 482.764 seconds, 8.0 minutes.
----------------------------------------------------------------

---------------------------------------------------------------
Time to calculate step (QM step): 482.764 seconds, 8.0 minutes.
---------------------------------------------------------------

----------------------------------------------------------------------
Time to calculate step (QMpcgrad prepare): 0.000 seconds, 0.0 minutes.
----------------------------------------------------------------------

--------------------------------------------------------------------------
Time to calculate step (linkatomgrad prepare): 0.000 seconds, 0.0 minutes.
--------------------------------------------------------------------------

----------------------------------------------------------------------------
Time to calculate step (QM/MM gradient prepare): 0.000 seconds, 0.0 minutes.
----------------------------------------------------------------------------
Using OpenMM theory as part of QM/MM.
Using MM on full system. Charges for QM region [0, 1, 2, 3, 4, 5, 6, 7, 8, 9, 10, 11, 12, 13, 14, 15, 16, 17, 18, 19, 20, 21, 22, 23] have been set to zero 

--------------------------------------------------------------------------------
                   Creating/updating OpenMM simulation object                   
--------------------------------------------------------------------------------

Integrator name: VerletIntegrator
Timestep: 0.001
Temperature: 300
Coupling frequency: 1
Properties: {'Threads': '1'}
Topology: <Topology; 1 chains, 1 residues, 100 atoms, 0 bonds>

----------------------------------------------------------------------------------
Time to calculate step (creating/updating simulation): 0.003 seconds, 0.0 minutes.
----------------------------------------------------------------------------------

--------------------------------------------------------------------------------
                     Running Single-point OpenMM Interface                      
--------------------------------------------------------------------------------

Number of OpenMM system constraints defined: 0

-----------------------------------------------------------------------------------
Time to calculate step (OpenMMTheory.run: const-check): 0.003 seconds, 0.0 minutes.
-----------------------------------------------------------------------------------
Updating coordinates.

------------------------------------------------------------------------
Time to calculate step (Creating pos array): 0.000 seconds, 0.0 minutes.
------------------------------------------------------------------------

---------------------------------------------------------------------------
Time to calculate step (Updating MM positions): 0.000 seconds, 0.0 minutes.
---------------------------------------------------------------------------
Calling OpenMM getState.

---------------------------------------------------------------------
Time to calculate step (OpenMM getState): 0.001 seconds, 0.0 minutes.
---------------------------------------------------------------------
OpenMM Energy: -3.371870972135924 Eh
OpenMM Energy: -2115.8809803336476 kcal/mol

-----------------------
Ending OpenMM interface
-----------------------

----------------------------------------------------------------
Time to calculate step (OpenMM run): 0.005 seconds, 0.0 minutes.
----------------------------------------------------------------

-------------------------------------------------------------
Time to calculate step (MM step): 0.005 seconds, 0.0 minutes.
-------------------------------------------------------------

Note: You are using electrostatic embedding. This means that the QM-energy is actually the polarized QM-energy
Note: MM energy also contains the QM-MM Lennard-Jones interaction

QM energy:              -837.014785884453 
MM energy:                -3.371870972136
QM/MM energy:           -840.386656856589 

  ------------ENDING QM/MM MODULE------------- 

-----------------------------------------------------------------
Time to calculate step (QM/MM run): 482.770 seconds, 8.0 minutes.
-----------------------------------------------------------------
geometric called save_guess_files option option for ASHengineclass.
This option is currently unsupported in ASH. Continuing.

Convergence criteria: {'convergence_energy': 1e-05, 'convergence_grms': 0.003, 'convergence_gmax': 0.006, 'convergence_drms': 0.01, 'convergence_dmax': 0.015, 'convergence_cmax': 0.01}

Replacing coordinates in fragment.
Creating/Updating fragment attributes...
Number of Atoms in fragment: 100
Formula: C20O14N18H48
Label: CHHCCOOOCHCHCCHCHCHOHCOOCNHHNHHNHHCOOHCOOHCNHHNHHNHHCNHHNHHNHHCOOHCNHHNHHNHHCNHHNHHNHHCNHHNHHNHHCOOH
Charge: -2 Mult: 1

--------------------------------------------------------------------------------
Wrote XYZ file:  Fragment-currentgeo.xyz
Current geometry (Å) in step 15 (print_atoms_list region)
---------------------------------------------------
        C  57.81114834   35.61021472   61.09827528
        H  58.33354558   34.80540363   60.39557242
        H  56.95558781   36.12961720   60.51971329
        C  58.20468291   35.99359241   62.35143973
        C  57.39555699   37.14187453   62.95721424
        O  57.86457286   38.31336457   62.70790817
        O  56.55119542   36.85111110   63.86480648
        O  59.32701456   35.58816788   63.16397958
        C  57.15566296   31.60568118   55.59596963
        H  56.44257517   30.75911719   55.63635515
        C  58.40039130   31.49673221   56.11820648
        H  58.73510541   30.61702829   56.66824165
        C  59.32783589   32.55830675   55.90957076
        C  59.09200621   33.47890917   54.82678612
        H  59.92825240   34.07175416   54.44425002
        C  57.82530603   33.60189505   54.31116858
        H  57.57546152   34.28140205   53.48810232
        C  56.71326222   32.88550310   55.00818568
        H  56.71217953   33.46999823   55.92876178
        O  55.47001432   33.04928022   54.51719802
        H  55.01674936   32.18559443   54.30999923
        C  60.50295548   32.78415927   56.86039789
        O  59.93129423   33.21289071   58.04611360
        O  61.62548389   32.85000355   56.36956449
        C  51.07830000   35.22980000   63.65660000
        N  51.22887700   35.61502000   62.39254600
        H  50.91836000   36.27752200   63.08880000
        H  51.42504600   34.65998200   62.65621300
        N  50.66940100   36.10220400   64.57344900
        H  50.86557000   35.14716600   64.83711600
        H  50.78374900   36.39474000   63.61352800
        N  51.33662100   33.97217600   64.00380500
        H  51.45097000   34.26471100   63.04388400
        H  51.02610400   34.63467800   64.70005900
        C  64.07740000   35.28690000   45.52850000
        O  65.26122500   35.34867600   45.13196300
        O  63.36611600   34.25951700   45.56105900
        H  63.61942100   36.22275000   45.88126100
        C  66.29280000   24.23360000   56.82780000
        O  67.47662500   24.29537600   56.43126300
        O  65.58151600   23.20621700   56.86035900
        H  65.83482100   25.16945000   57.18056100
        C  56.25930000   31.74570000   66.22720000
        N  56.40987700   32.13092000   64.96314600
        H  56.09936000   32.79342200   65.65940000
        H  56.60604600   31.17588200   65.22681300
        N  55.85040100   32.61810400   67.14404900
        H  56.04657000   31.66306600   67.40771600
        H  55.96474900   32.91064000   66.18412800
        N  56.51762100   30.48807600   66.57440500
        H  56.63197000   30.78061100   65.61448400
        H  56.20710400   31.15057800   67.27065900
        C  54.97730000   24.02100000   60.33440000
        N  55.12787700   24.40622000   59.07034600
        H  54.81736000   25.06872200   59.76660000
        H  55.32404600   23.45118200   59.33401300
        N  54.56840100   24.89340400   61.25124900
        H  54.76457000   23.93836600   61.51491600
        H  54.68274900   25.18594000   60.29132800
        N  55.23562100   22.76337600   60.68160500
        H  55.34997000   23.05591100   59.72168400
        H  54.92510400   23.42587800   61.37785900
        C  69.25010000   33.19120000   49.20880000
        O  70.43392500   33.25297600   48.81226300
        O  68.53881600   32.16381700   49.24135900
        H  68.79212100   34.12705000   49.56156100
        C  63.85800000   34.46660000   65.39110000
        N  64.00857700   34.85182000   64.12704600
        H  63.69806000   35.51432200   64.82330000
        H  64.20474600   33.89678200   64.39071300
        N  63.44910100   35.33900400   66.30794900
        H  63.64527000   34.38396600   66.57161600
        H  63.56344900   35.63154000   65.34802800
        N  64.11632100   33.20897600   65.73830500
        H  64.23067000   33.50151100   64.77838400
        H  63.80580400   33.87147800   66.43455900
        C  62.48230000   39.90100000   63.99240000
        N  62.63287700   40.28622000   62.72834600
        H  62.32236000   40.94872200   63.42460000
        H  62.82904600   39.33118200   62.99201300
        N  62.07340100   40.77340400   64.90924900
        H  62.26957000   39.81836600   65.17291600
        H  62.18774900   41.06594000   63.94932800
        N  62.74062100   38.64337600   64.33960500
        H  62.85497000   38.93591100   63.37968400
        H  62.43010400   39.30587800   65.03585900
        C  56.12980000   40.36960000   64.54710000
        N  56.28037700   40.75482000   63.28304600
        H  55.96986000   41.41732200   63.97930000
        H  56.47654600   39.79978200   63.54671300
        N  55.72090100   41.24200400   65.46394900
        H  55.91707000   40.28696600   65.72761600
        H  55.83524900   41.53454000   64.50402800
        N  56.38812100   39.11197600   64.89430500
        H  56.50247000   39.40451100   63.93438400
        H  56.07760400   39.77447800   65.59055900
        C  58.07510000   26.94060000   47.10160000
        O  59.25892500   27.00237600   46.70506300
        O  57.36381600   25.91321700   47.13415900
        H  57.61712100   27.87645000   47.45436100

Note: printed only print_atoms_list (this is not necessarily all atoms) 
  ------------RUNNING QM/MM MODULE------------- 
QM Module: ORCATheory
MM Module: OpenMMTheory
Charge provided from QMMMTheory object:  -2
Mult provided from QMMMTheory object:  1
QM-region Charge: -2 Mult: 1
Embedding: Electrostatic
Number of pointcharges (to QM program): 76
Number of charge coordinates: 76
Running QM/MM object with 8 cores available

-------------------------------------------------------------------
Time to calculate step (before-QMstep): 0.000 seconds, 0.0 minutes.
-------------------------------------------------------------------
  ------------RUNNING ORCA INTERFACE------------- 
Object-label: ORCA
Run-label: None
Running ORCA with 8 cores available
Moreadfile option not active
A GBW-file with same basename : orca.gbw is present
Autostart is False. ORCA will ignore any file present
Creating inputfile: orca.inp
ORCA input:
! B3LYP D3BJ def2-SVP def2/J RIJCOSX CPCM TightSCF

! Noautostart

%cpcm epsilon 4.0 end
%scf MaxIter 300 Guess PModel end
Charge: -2  Mult: 1
Pointcharge embedding is on!
 ORCA Calculation starting. 
Found warning messages in ORCA outputfile:
WARNING: The chosen methods will break translational/rotational symmetry
 WARNING: The chosen methods will break translational symmetry
 WARNING: The chosen methods will break translational symmetry
 Warning: op=0 Small HOMO/LUMO gap (  -0.677) - skipping pre-diagonalization

 ORCA Calculation done. 
ORCA converged in 33 iterations
ORCA energy: -836.995158052005
  ------------ENDING ORCA-INTERFACE------------- 

----------------------------------------------------------------
Time to calculate step (ORCA run): 471.621 seconds, 7.9 minutes.
----------------------------------------------------------------

---------------------------------------------------------------
Time to calculate step (QM step): 471.621 seconds, 7.9 minutes.
---------------------------------------------------------------

----------------------------------------------------------------------
Time to calculate step (QMpcgrad prepare): 0.000 seconds, 0.0 minutes.
----------------------------------------------------------------------

--------------------------------------------------------------------------
Time to calculate step (linkatomgrad prepare): 0.000 seconds, 0.0 minutes.
--------------------------------------------------------------------------

----------------------------------------------------------------------------
Time to calculate step (QM/MM gradient prepare): 0.000 seconds, 0.0 minutes.
----------------------------------------------------------------------------
Using OpenMM theory as part of QM/MM.
Using MM on full system. Charges for QM region [0, 1, 2, 3, 4, 5, 6, 7, 8, 9, 10, 11, 12, 13, 14, 15, 16, 17, 18, 19, 20, 21, 22, 23] have been set to zero 

--------------------------------------------------------------------------------
                   Creating/updating OpenMM simulation object                   
--------------------------------------------------------------------------------

Integrator name: VerletIntegrator
Timestep: 0.001
Temperature: 300
Coupling frequency: 1
Properties: {'Threads': '1'}
Topology: <Topology; 1 chains, 1 residues, 100 atoms, 0 bonds>

----------------------------------------------------------------------------------
Time to calculate step (creating/updating simulation): 0.002 seconds, 0.0 minutes.
----------------------------------------------------------------------------------

--------------------------------------------------------------------------------
                     Running Single-point OpenMM Interface                      
--------------------------------------------------------------------------------

Number of OpenMM system constraints defined: 0

-----------------------------------------------------------------------------------
Time to calculate step (OpenMMTheory.run: const-check): 0.002 seconds, 0.0 minutes.
-----------------------------------------------------------------------------------
Updating coordinates.

------------------------------------------------------------------------
Time to calculate step (Creating pos array): 0.000 seconds, 0.0 minutes.
------------------------------------------------------------------------

---------------------------------------------------------------------------
Time to calculate step (Updating MM positions): 0.000 seconds, 0.0 minutes.
---------------------------------------------------------------------------
Calling OpenMM getState.

---------------------------------------------------------------------
Time to calculate step (OpenMM getState): 0.000 seconds, 0.0 minutes.
---------------------------------------------------------------------
OpenMM Energy: -3.363168584615917 Eh
OpenMM Energy: -2110.4201497178747 kcal/mol

-----------------------
Ending OpenMM interface
-----------------------

----------------------------------------------------------------
Time to calculate step (OpenMM run): 0.002 seconds, 0.0 minutes.
----------------------------------------------------------------

-------------------------------------------------------------
Time to calculate step (MM step): 0.003 seconds, 0.0 minutes.
-------------------------------------------------------------

Note: You are using electrostatic embedding. This means that the QM-energy is actually the polarized QM-energy
Note: MM energy also contains the QM-MM Lennard-Jones interaction

QM energy:              -836.995158052005 
MM energy:                -3.363168584616
QM/MM energy:           -840.358326636621 

  ------------ENDING QM/MM MODULE------------- 

-----------------------------------------------------------------
Time to calculate step (QM/MM run): 471.624 seconds, 7.9 minutes.
-----------------------------------------------------------------
geometric called save_guess_files option option for ASHengineclass.
This option is currently unsupported in ASH. Continuing.

Convergence criteria: {'convergence_energy': 1e-05, 'convergence_grms': 0.003, 'convergence_gmax': 0.006, 'convergence_drms': 0.01, 'convergence_dmax': 0.015, 'convergence_cmax': 0.01}

Replacing coordinates in fragment.
Creating/Updating fragment attributes...
Number of Atoms in fragment: 100
Formula: C20O14N18H48
Label: CHHCCOOOCHCHCCHCHCHOHCOOCNHHNHHNHHCOOHCOOHCNHHNHHNHHCNHHNHHNHHCOOHCNHHNHHNHHCNHHNHHNHHCNHHNHHNHHCOOH
Charge: -2 Mult: 1

--------------------------------------------------------------------------------
Wrote XYZ file:  Fragment-currentgeo.xyz
Current geometry (Å) in step 16 (print_atoms_list region)
---------------------------------------------------
        C  57.86797599   35.61392745   61.05660853
        H  58.35235099   34.79389619   60.47806156
        H  57.06531169   36.16517877   60.51943618
        C  58.23309594   35.99514379   62.31891850
        C  57.43806047   37.12435794   62.93740144
        O  57.81056111   38.34783501   62.74937821
        O  56.52214003   36.77940263   63.73841743
        O  59.16978731   35.54540890   63.16396804
        C  57.15006343   31.59459762   55.60005812
        H  56.42657281   30.76995992   55.66319180
        C  58.40374042   31.49881894   56.11383833
        H  58.74005086   30.61973782   56.66548161
        C  59.32125729   32.58012263   55.90014323
        C  59.09207946   33.49269532   54.82755690
        H  59.92613970   34.08596099   54.44693701
        C  57.82863718   33.60829450   54.31328552
        H  57.57484368   34.29171080   53.49658779
        C  56.71811142   32.88728581   55.00609813
        H  56.71260162   33.50078962   55.94657920
        O  55.44699767   33.02500334   54.46545682
        H  55.03146233   32.16319284   54.29663316
        C  60.47178376   32.83244841   56.84112581
        O  60.02119658   33.10751009   58.02312157
        O  61.61113252   32.86336377   56.38765361
        C  51.07830000   35.22980000   63.65660000
        N  51.22887700   35.61502000   62.39254600
        H  50.91836000   36.27752200   63.08880000
        H  51.42504600   34.65998200   62.65621300
        N  50.66940100   36.10220400   64.57344900
        H  50.86557000   35.14716600   64.83711600
        H  50.78374900   36.39474000   63.61352800
        N  51.33662100   33.97217600   64.00380500
        H  51.45097000   34.26471100   63.04388400
        H  51.02610400   34.63467800   64.70005900
        C  64.07740000   35.28690000   45.52850000
        O  65.26122500   35.34867600   45.13196300
        O  63.36611600   34.25951700   45.56105900
        H  63.61942100   36.22275000   45.88126100
        C  66.29280000   24.23360000   56.82780000
        O  67.47662500   24.29537600   56.43126300
        O  65.58151600   23.20621700   56.86035900
        H  65.83482100   25.16945000   57.18056100
        C  56.25930000   31.74570000   66.22720000
        N  56.40987700   32.13092000   64.96314600
        H  56.09936000   32.79342200   65.65940000
        H  56.60604600   31.17588200   65.22681300
        N  55.85040100   32.61810400   67.14404900
        H  56.04657000   31.66306600   67.40771600
        H  55.96474900   32.91064000   66.18412800
        N  56.51762100   30.48807600   66.57440500
        H  56.63197000   30.78061100   65.61448400
        H  56.20710400   31.15057800   67.27065900
        C  54.97730000   24.02100000   60.33440000
        N  55.12787700   24.40622000   59.07034600
        H  54.81736000   25.06872200   59.76660000
        H  55.32404600   23.45118200   59.33401300
        N  54.56840100   24.89340400   61.25124900
        H  54.76457000   23.93836600   61.51491600
        H  54.68274900   25.18594000   60.29132800
        N  55.23562100   22.76337600   60.68160500
        H  55.34997000   23.05591100   59.72168400
        H  54.92510400   23.42587800   61.37785900
        C  69.25010000   33.19120000   49.20880000
        O  70.43392500   33.25297600   48.81226300
        O  68.53881600   32.16381700   49.24135900
        H  68.79212100   34.12705000   49.56156100
        C  63.85800000   34.46660000   65.39110000
        N  64.00857700   34.85182000   64.12704600
        H  63.69806000   35.51432200   64.82330000
        H  64.20474600   33.89678200   64.39071300
        N  63.44910100   35.33900400   66.30794900
        H  63.64527000   34.38396600   66.57161600
        H  63.56344900   35.63154000   65.34802800
        N  64.11632100   33.20897600   65.73830500
        H  64.23067000   33.50151100   64.77838400
        H  63.80580400   33.87147800   66.43455900
        C  62.48230000   39.90100000   63.99240000
        N  62.63287700   40.28622000   62.72834600
        H  62.32236000   40.94872200   63.42460000
        H  62.82904600   39.33118200   62.99201300
        N  62.07340100   40.77340400   64.90924900
        H  62.26957000   39.81836600   65.17291600
        H  62.18774900   41.06594000   63.94932800
        N  62.74062100   38.64337600   64.33960500
        H  62.85497000   38.93591100   63.37968400
        H  62.43010400   39.30587800   65.03585900
        C  56.12980000   40.36960000   64.54710000
        N  56.28037700   40.75482000   63.28304600
        H  55.96986000   41.41732200   63.97930000
        H  56.47654600   39.79978200   63.54671300
        N  55.72090100   41.24200400   65.46394900
        H  55.91707000   40.28696600   65.72761600
        H  55.83524900   41.53454000   64.50402800
        N  56.38812100   39.11197600   64.89430500
        H  56.50247000   39.40451100   63.93438400
        H  56.07760400   39.77447800   65.59055900
        C  58.07510000   26.94060000   47.10160000
        O  59.25892500   27.00237600   46.70506300
        O  57.36381600   25.91321700   47.13415900
        H  57.61712100   27.87645000   47.45436100

Note: printed only print_atoms_list (this is not necessarily all atoms) 
  ------------RUNNING QM/MM MODULE------------- 
QM Module: ORCATheory
MM Module: OpenMMTheory
Charge provided from QMMMTheory object:  -2
Mult provided from QMMMTheory object:  1
QM-region Charge: -2 Mult: 1
Embedding: Electrostatic
Number of pointcharges (to QM program): 76
Number of charge coordinates: 76
Running QM/MM object with 8 cores available

-------------------------------------------------------------------
Time to calculate step (before-QMstep): 0.000 seconds, 0.0 minutes.
-------------------------------------------------------------------
  ------------RUNNING ORCA INTERFACE------------- 
Object-label: ORCA
Run-label: None
Running ORCA with 8 cores available
Moreadfile option not active
A GBW-file with same basename : orca.gbw is present
Autostart is False. ORCA will ignore any file present
Creating inputfile: orca.inp
ORCA input:
! B3LYP D3BJ def2-SVP def2/J RIJCOSX CPCM TightSCF

! Noautostart

%cpcm epsilon 4.0 end
%scf MaxIter 300 Guess PModel end
Charge: -2  Mult: 1
Pointcharge embedding is on!
 ORCA Calculation starting. 
Found warning messages in ORCA outputfile:
WARNING: The chosen methods will break translational/rotational symmetry
 WARNING: The chosen methods will break translational symmetry
 WARNING: The chosen methods will break translational symmetry
 Warning: op=0 Small HOMO/LUMO gap (  -0.668) - skipping pre-diagonalization
 Warning: op=0 Small HOMO/LUMO gap (   0.099) - skipping pre-diagonalization

 ORCA Calculation done. 
ORCA converged in 33 iterations
ORCA energy: -837.04160662204
  ------------ENDING ORCA-INTERFACE------------- 

----------------------------------------------------------------
Time to calculate step (ORCA run): 479.247 seconds, 8.0 minutes.
----------------------------------------------------------------

---------------------------------------------------------------
Time to calculate step (QM step): 479.247 seconds, 8.0 minutes.
---------------------------------------------------------------

----------------------------------------------------------------------
Time to calculate step (QMpcgrad prepare): 0.000 seconds, 0.0 minutes.
----------------------------------------------------------------------

--------------------------------------------------------------------------
Time to calculate step (linkatomgrad prepare): 0.000 seconds, 0.0 minutes.
--------------------------------------------------------------------------

----------------------------------------------------------------------------
Time to calculate step (QM/MM gradient prepare): 0.000 seconds, 0.0 minutes.
----------------------------------------------------------------------------
Using OpenMM theory as part of QM/MM.
Using MM on full system. Charges for QM region [0, 1, 2, 3, 4, 5, 6, 7, 8, 9, 10, 11, 12, 13, 14, 15, 16, 17, 18, 19, 20, 21, 22, 23] have been set to zero 

--------------------------------------------------------------------------------
                   Creating/updating OpenMM simulation object                   
--------------------------------------------------------------------------------

Integrator name: VerletIntegrator
Timestep: 0.001
Temperature: 300
Coupling frequency: 1
Properties: {'Threads': '1'}
Topology: <Topology; 1 chains, 1 residues, 100 atoms, 0 bonds>

----------------------------------------------------------------------------------
Time to calculate step (creating/updating simulation): 0.003 seconds, 0.0 minutes.
----------------------------------------------------------------------------------

--------------------------------------------------------------------------------
                     Running Single-point OpenMM Interface                      
--------------------------------------------------------------------------------

Number of OpenMM system constraints defined: 0

-----------------------------------------------------------------------------------
Time to calculate step (OpenMMTheory.run: const-check): 0.003 seconds, 0.0 minutes.
-----------------------------------------------------------------------------------
Updating coordinates.

------------------------------------------------------------------------
Time to calculate step (Creating pos array): 0.000 seconds, 0.0 minutes.
------------------------------------------------------------------------

---------------------------------------------------------------------------
Time to calculate step (Updating MM positions): 0.000 seconds, 0.0 minutes.
---------------------------------------------------------------------------
Calling OpenMM getState.

---------------------------------------------------------------------
Time to calculate step (OpenMM getState): 0.001 seconds, 0.0 minutes.
---------------------------------------------------------------------
OpenMM Energy: -3.367604359786072 Eh
OpenMM Energy: -2113.203640661961 kcal/mol

-----------------------
Ending OpenMM interface
-----------------------

----------------------------------------------------------------
Time to calculate step (OpenMM run): 0.005 seconds, 0.0 minutes.
----------------------------------------------------------------

-------------------------------------------------------------
Time to calculate step (MM step): 0.005 seconds, 0.0 minutes.
-------------------------------------------------------------

Note: You are using electrostatic embedding. This means that the QM-energy is actually the polarized QM-energy
Note: MM energy also contains the QM-MM Lennard-Jones interaction

QM energy:              -837.041606622040 
MM energy:                -3.367604359786
QM/MM energy:           -840.409210981826 

  ------------ENDING QM/MM MODULE------------- 

-----------------------------------------------------------------
Time to calculate step (QM/MM run): 479.253 seconds, 8.0 minutes.
-----------------------------------------------------------------
geometric called save_guess_files option option for ASHengineclass.
This option is currently unsupported in ASH. Continuing.

Convergence criteria: {'convergence_energy': 1e-05, 'convergence_grms': 0.003, 'convergence_gmax': 0.006, 'convergence_drms': 0.01, 'convergence_dmax': 0.015, 'convergence_cmax': 0.01}

Replacing coordinates in fragment.
Creating/Updating fragment attributes...
Number of Atoms in fragment: 100
Formula: C20O14N18H48
Label: CHHCCOOOCHCHCCHCHCHOHCOOCNHHNHHNHHCOOHCOOHCNHHNHHNHHCNHHNHHNHHCOOHCNHHNHHNHHCNHHNHHNHHCNHHNHHNHHCOOH
Charge: -2 Mult: 1

--------------------------------------------------------------------------------
Wrote XYZ file:  Fragment-currentgeo.xyz
Current geometry (Å) in step 17 (print_atoms_list region)
---------------------------------------------------
        C  57.91116004   35.65021661   61.12659857
        H  58.34220967   34.83741068   60.51523229
        H  57.16010979   36.22776467   60.63172932
        C  58.29237763   36.03343110   62.39671180
        C  57.40196472   37.11825259   62.96556213
        O  57.72152867   38.36778384   62.80525546
        O  56.42672357   36.70580960   63.64218640
        O  59.10853401   35.54145833   63.23883465
        C  57.15088026   31.61404001   55.61070230
        H  56.41460458   30.82308803   55.73244549
        C  58.40529697   31.50891797   56.10599771
        H  58.74100894   30.62800684   56.65748010
        C  59.32596733   32.58996927   55.89296717
        C  59.09227029   33.50733262   54.82991671
        H  59.92734735   34.10864462   54.46243077
        C  57.82810917   33.62910071   54.32362592
        H  57.58223498   34.33131290   53.52124593
        C  56.71209404   32.90045434   55.00496951
        H  56.65665907   33.54202608   55.93168961
        O  55.45593643   32.97148149   54.40993887
        H  55.12261443   32.06240445   54.21837264
        C  60.46182094   32.81911918   56.85929732
        O  59.98013354   33.04297462   58.02062849
        O  61.62070611   32.87657796   56.45034564
        C  51.07830000   35.22980000   63.65660000
        N  51.22887700   35.61502000   62.39254600
        H  50.91836000   36.27752200   63.08880000
        H  51.42504600   34.65998200   62.65621300
        N  50.66940100   36.10220400   64.57344900
        H  50.86557000   35.14716600   64.83711600Step   19 : Displace = [0m3.890e-02[0m/[0m1.595e-01[0m (rms/max) Trust = 4.540e-02 ([92m+[0m) Grad_T = [0m7.239e-03[0m/[0m3.509e-02[0m (rms/max) E (change) = -840.4176212503 ([0m-8.410e-03[0m) Quality = [0m0.910[0m
Hessian Eigenvalues: 6.15421e-03 1.06073e-02 2.51867e-02 ... 5.97989e-01 6.08250e-01 7.48807e-01
Step   20 : Displace = [0m3.637e-02[0m/[0m2.009e-01[0m (rms/max) Trust = 6.421e-02 ([92m+[0m) Grad_T = [0m1.061e-02[0m/[0m5.477e-02[0m (rms/max) E (change) = -840.4186145886 ([0m-9.933e-04[0m) Quality = [0m0.138[0m
Hessian Eigenvalues: 6.05617e-03 9.62834e-03 2.55478e-02 ... 6.00745e-01 6.45735e-01 7.27172e-01
Step   21 : Displace = [0m1.905e-02[0m/[0m1.154e-01[0m (rms/max) Trust = 1.819e-02 ([91m-[0m) Grad_T = [0m6.027e-03[0m/[0m3.359e-02[0m (rms/max) E (change) = -840.4245820175 ([0m-5.967e-03[0m) Quality = [0m0.745[0m
Hessian Eigenvalues: 6.08548e-03 9.57010e-03 2.53353e-02 ... 6.06764e-01 6.20504e-01 7.08240e-01
Step   22 : Displace = [0m1.667e-02[0m/[0m8.387e-02[0m (rms/max) Trust = 1.819e-02 (=) Grad_T = [0m4.912e-03[0m/[0m2.398e-02[0m (rms/max) E (change) = -840.4275994848 ([0m-3.017e-03[0m) Quality = [0m0.653[0m
Hessian Eigenvalues: 6.09981e-03 9.15245e-03 2.53694e-02 ... 6.10891e-01 6.58391e-01 7.04154e-01
