geometric-optimize called with the following command line:
relax_shell.py shell8p1 run

                                        [91m())))))))))))))))/[0m                     
                                    [91m())))))))))))))))))))))))),[0m                
                                [91m*)))))))))))))))))))))))))))))))))[0m             
                        [94m#,[0m    [91m()))))))))/[0m                [91m.)))))))))),[0m          
                      [94m#%%%%,[0m  [91m())))))[0m                        [91m.))))))))*[0m        
                      [94m*%%%%%%,[0m  [91m))[0m              [93m..[0m              [91m,))))))).[0m      
                        [94m*%%%%%%,[0m         [93m***************/.[0m        [91m.)))))))[0m     
                [94m#%%/[0m      [94m(%%%%%%,[0m    [93m/*********************.[0m       [91m)))))))[0m    
              [94m.%%%%%%#[0m      [94m*%%%%%%,[0m  [93m*******/,[0m     [93m**********,[0m      [91m.))))))[0m   
                [94m.%%%%%%/[0m      [94m*%%%%%%,[0m  [93m**[0m              [93m********[0m      [91m.))))))[0m  
          [94m##[0m      [94m.%%%%%%/[0m      [94m(%%%%%%,[0m                  [93m,******[0m      [91m/)))))[0m  
        [94m%%%%%%[0m      [94m.%%%%%%#[0m      [94m*%%%%%%,[0m    [92m,/////.[0m       [93m******[0m      [91m))))))[0m 
      [94m#%[0m      [94m%%[0m      [94m.%%%%%%/[0m      [94m*%%%%%%,[0m  [92m////////,[0m      [93m*****/[0m     [91m,)))))[0m 
    [94m#%%[0m  [94m%%%[0m  [94m%%%#[0m      [94m.%%%%%%/[0m      [94m(%%%%%%,[0m  [92m///////.[0m     [93m/*****[0m      [91m))))).[0m
  [94m#%%%%.[0m      [94m%%%%%#[0m      [94m/%%%%%%*[0m      [94m#%%%%%%[0m   [92m/////)[0m     [93m******[0m      [91m))))),[0m
    [94m#%%%%##%[0m  [94m%%%#[0m      [94m.%%%%%%/[0m      [94m(%%%%%%,[0m  [92m///////.[0m     [93m/*****[0m      [91m))))).[0m
      [94m##[0m     [94m%%%[0m      [94m.%%%%%%/[0m      [94m*%%%%%%,[0m  [92m////////.[0m      [93m*****/[0m     [91m,)))))[0m 
        [94m#%%%%#[0m      [94m/%%%%%%/[0m      [94m(%%%%%%[0m      [92m/)/)//[0m       [93m******[0m      [91m))))))[0m 
          [94m##[0m      [94m.%%%%%%/[0m      [94m(%%%%%%,[0m                  [93m*******[0m      [91m))))))[0m  
                [94m.%%%%%%/[0m      [94m*%%%%%%,[0m  [93m**.[0m             [93m/*******[0m      [91m.))))))[0m  
              [94m*%%%%%%/[0m      [94m(%%%%%%[0m   [93m********/*..,*/*********[0m       [91m*))))))[0m   
                [94m#%%/[0m      [94m(%%%%%%,[0m    [93m*********************/[0m        [91m)))))))[0m    
                        [94m*%%%%%%,[0m         [93m,**************/[0m         [91m,))))))/[0m     
                      [94m(%%%%%%[0m   [91m()[0m                              [91m))))))))[0m       
                      [94m#%%%%,[0m  [91m())))))[0m                        [91m,)))))))),[0m        
                        [94m#,[0m    [91m())))))))))[0m                [91m,)))))))))).[0m          
                                 [91m()))))))))))))))))))))))))))))))/[0m             
                                    [91m())))))))))))))))))))))))).[0m                
                                         [91m())))))))))))))),[0m                     

-=# [1;94m geomeTRIC started. Version: 1.1.1 [0m #=-
Current date and time: 2026-07-29 17:23:17
#========================================================#
#| [92m    Arguments passed to driver run_optimizer():     [0m |#
#========================================================#
bothre                    0.0 
constraints               constraints.txt 
convergence_cmax          0.01 
convergence_dmax          0.015 
convergence_drms          0.01 
convergence_energy        1e-05 
convergence_gmax          0.006 
convergence_grms          0.003 
coordsys                  hdlc 
customengine              <ash.interfaces.interface_geometric_new.ASHengineclass object at 0x145edaf65610> 
input                     dummyinputname 
irc                       False 
logIni                    /home/18660916/envs/ash/lib/python3.11/site-packages/ash/log.ini 
maxiter                   400 
prefix                    geometric_OPTtraj 
rigid                     False 
subfrctor                 1 
transition                False 
verbose                   0 
----------------------------------------------------------
Custom engine selected.
$freeze
xyz 25
xyz 26
xyz 27
xyz 28
xyz 29
xyz 30
xyz 31
xyz 32
xyz 33
xyz 34
xyz 35
xyz 36
xyz 37
xyz 38
xyz 39
xyz 40
xyz 41
xyz 42
xyz 43
xyz 44
xyz 45
xyz 46
xyz 47
xyz 48
xyz 49
xyz 50
xyz 51
xyz 52
xyz 53
xyz 54
xyz 55
xyz 56
xyz 57
xyz 58
xyz 59
xyz 60
xyz 61
xyz 62
xyz 63
xyz 64
xyz 65
xyz 66
xyz 67
xyz 68
xyz 69
xyz 70
xyz 71
xyz 72
xyz 73
xyz 74
xyz 75
xyz 76
xyz 77
xyz 78
xyz 79
xyz 80
xyz 81
xyz 82
xyz 83
xyz 84
xyz 85
xyz 86
xyz 87
xyz 88
Bonds will be generated from interatomic distances less than 1.20 times sum of covalent radii
264 internal coordinates being used (instead of 264 Cartesians)
<class 'geometric.internal.CartesianX'> : 88
<class 'geometric.internal.CartesianY'> : 88
<class 'geometric.internal.CartesianZ'> : 88
<class 'geometric.internal.Distance'> : 114
<class 'geometric.internal.Angle'> : 134
<class 'geometric.internal.OutOfPlane'> : 386
<class 'geometric.internal.Dihedral'> : 665
Constraint                         Current      Target       Diff.
Cartesian-X 25                    64.93960    64.93960     0.00000
Cartesian-Y 25                    33.26550    33.26550     0.00000
Cartesian-Z 25                    44.42870    44.42870     0.00000
Cartesian-X 26                    66.12342    66.12342     0.00000
Cartesian-Y 26                    33.32728    33.32728     0.00000
Cartesian-Z 26                    44.03216    44.03216     0.00000
Cartesian-X 27                    64.22832    64.22832     0.00000
Cartesian-Y 27                    32.23812    32.23812     0.00000
Cartesian-Z 27                    44.46126    44.46126     0.00000
Cartesian-X 28                    64.48162    64.48162     0.00000
Cartesian-Y 28                    34.20135    34.20135     0.00000
Cartesian-Z 28                    44.78146    44.78146     0.00000
Cartesian-X 29                    57.48340    57.48340     0.00000
Cartesian-Y 29                    32.05040    32.05040     0.00000
Cartesian-Z 29                    67.31550    67.31550     0.00000
Cartesian-X 30                    57.63398    57.63398     0.00000
Cartesian-Y 30                    32.43562    32.43562     0.00000
Cartesian-Z 30                    66.05145    66.05145     0.00000
Cartesian-X 31                    57.32346    57.32346     0.00000
Cartesian-Y 31                    33.09812    33.09812     0.00000
Cartesian-Z 31                    66.74770    66.74770     0.00000
Cartesian-X 32                    57.83015    57.83015     0.00000
Cartesian-Y 32                    31.48058    31.48058     0.00000
Cartesian-Z 32                    66.31511    66.31511     0.00000
Cartesian-X 33                    57.07450    57.07450     0.00000
Cartesian-Y 33                    32.92280    32.92280     0.00000
Cartesian-Z 33                    68.23235    68.23235     0.00000
Cartesian-X 34                    57.27067    57.27067     0.00000
Cartesian-Y 34                    31.96777    31.96777     0.00000
Cartesian-Z 34                    68.49602    68.49602     0.00000
Cartesian-X 35                    57.18885    57.18885     0.00000
Cartesian-Y 35                    33.21534    33.21534     0.00000
Cartesian-Z 35                    67.27243    67.27243     0.00000
Cartesian-X 36                    57.74172    57.74172     0.00000
Cartesian-Y 36                    30.79278    30.79278     0.00000
Cartesian-Z 36                    67.66271    67.66271     0.00000
Cartesian-X 37                    57.85607    57.85607     0.00000
Cartesian-Y 37                    31.08531    31.08531     0.00000
Cartesian-Z 37                    66.70278    66.70278     0.00000
Cartesian-X 38                    57.43120    57.43120     0.00000
Cartesian-Y 38                    31.45528    31.45528     0.00000
Cartesian-Z 38                    68.35896    68.35896     0.00000
Cartesian-X 39                    57.23480    57.23480     0.00000
Cartesian-Y 39                    27.87720    27.87720     0.00000
Cartesian-Z 39                    45.86430    45.86430     0.00000
Cartesian-X 40                    58.41862    58.41862     0.00000
Cartesian-Y 40                    27.93898    27.93898     0.00000
Cartesian-Z 40                    45.46776    45.46776     0.00000
Cartesian-X 41                    56.52352    56.52352     0.00000
Cartesian-Y 41                    26.84982    26.84982     0.00000
Cartesian-Z 41                    45.89686    45.89686     0.00000
Cartesian-X 42                    56.77682    56.77682     0.00000
Cartesian-Y 42                    28.81305    28.81305     0.00000
Cartesian-Z 42                    46.21706    46.21706     0.00000
Cartesian-X 43                    70.60420    70.60420     0.00000
Cartesian-Y 43                    27.88010    27.88010     0.00000
Cartesian-Z 43                    55.89570    55.89570     0.00000
Cartesian-X 44                    71.78803    71.78803     0.00000
Cartesian-Y 44                    27.94188    27.94188     0.00000
Cartesian-Z 44                    55.49916    55.49916     0.00000
Cartesian-X 45                    69.89292    69.89292     0.00000
Cartesian-Y 45                    26.85272    26.85272     0.00000
Cartesian-Z 45                    55.92826    55.92826     0.00000
Cartesian-X 46                    70.14622    70.14622     0.00000
Cartesian-Y 46                    28.81595    28.81595     0.00000
Cartesian-Z 46                    56.24846    56.24846     0.00000
Cartesian-X 47                    56.61970    56.61970     0.00000
Cartesian-Y 47                    24.87390    24.87390     0.00000
Cartesian-Z 47                    63.10710    63.10710     0.00000
Cartesian-X 48                    56.77028    56.77028     0.00000
Cartesian-Y 48                    25.25912    25.25912     0.00000
Cartesian-Z 48                    61.84305    61.84305     0.00000
Cartesian-X 49                    56.45976    56.45976     0.00000
Cartesian-Y 49                    25.92162    25.92162     0.00000
Cartesian-Z 49                    62.53930    62.53930     0.00000
Cartesian-X 50                    56.96645    56.96645     0.00000
Cartesian-Y 50                    24.30408    24.30408     0.00000
Cartesian-Z 50                    62.10671    62.10671     0.00000
Cartesian-X 51                    56.21080    56.21080     0.00000
Cartesian-Y 51                    25.74630    25.74630     0.00000
Cartesian-Z 51                    64.02395    64.02395     0.00000
Cartesian-X 52                    56.40697    56.40697     0.00000
Cartesian-Y 52                    24.79127    24.79127     0.00000
Cartesian-Z 52                    64.28762    64.28762     0.00000
Cartesian-X 53                    56.32515    56.32515     0.00000
Cartesian-Y 53                    26.03884    26.03884     0.00000
Cartesian-Z 53                    63.06403    63.06403     0.00000
Cartesian-X 54                    56.87802    56.87802     0.00000
Cartesian-Y 54                    23.61628    23.61628     0.00000
Cartesian-Z 54                    63.45430    63.45430     0.00000
Cartesian-X 55                    56.99237    56.99237     0.00000
Cartesian-Y 55                    23.90881    23.90881     0.00000
Cartesian-Z 55                    62.49438    62.49438     0.00000
Cartesian-X 56                    56.56750    56.56750     0.00000
Cartesian-Y 56                    24.27878    24.27878     0.00000
Cartesian-Z 56                    64.15056    64.15056     0.00000
Cartesian-X 57                    67.62720    67.62720     0.00000
Cartesian-Y 57                    26.53280    26.53280     0.00000
Cartesian-Z 57                    48.41340    48.41340     0.00000
Cartesian-X 58                    68.81103    68.81103     0.00000
Cartesian-Y 58                    26.59458    26.59458     0.00000
Cartesian-Z 58                    48.01686    48.01686     0.00000
Cartesian-X 59                    66.91592    66.91592     0.00000
Cartesian-Y 59                    25.50542    25.50542     0.00000
Cartesian-Z 59                    48.44596    48.44596     0.00000
Cartesian-X 60                    67.16922    67.16922     0.00000
Cartesian-Y 60                    27.46865    27.46865     0.00000
Cartesian-Z 60                    48.76616    48.76616     0.00000
Cartesian-X 61                    67.23540    67.23540     0.00000
Cartesian-Y 61                    23.78030    23.78030     0.00000
Cartesian-Z 61                    55.38840    55.38840     0.00000
Cartesian-X 62                    68.41922    68.41922     0.00000
Cartesian-Y 62                    23.84208    23.84208     0.00000
Cartesian-Z 62                    54.99186    54.99186     0.00000
Cartesian-X 63                    66.52412    66.52412     0.00000
Cartesian-Y 63                    22.75292    22.75292     0.00000
Cartesian-Z 63                    55.42096    55.42096     0.00000
Cartesian-X 64                    66.77742    66.77742     0.00000
Cartesian-Y 64                    24.71615    24.71615     0.00000
Cartesian-Z 64                    55.74116    55.74116     0.00000
Cartesian-X 65                    52.05360    52.05360     0.00000
Cartesian-Y 65                    26.34030    26.34030     0.00000
Cartesian-Z 65                    62.61070    62.61070     0.00000
Cartesian-X 66                    52.20418    52.20418     0.00000
Cartesian-Y 66                    26.72552    26.72552     0.00000
Cartesian-Z 66                    61.34665    61.34665     0.00000
Cartesian-X 67                    51.89366    51.89366     0.00000
Cartesian-Y 67                    27.38802    27.38802     0.00000
Cartesian-Z 67                    62.04290    62.04290     0.00000
Cartesian-X 68                    52.40035    52.40035     0.00000
Cartesian-Y 68                    25.77048    25.77048     0.00000
Cartesian-Z 68                    61.61031    61.61031     0.00000
Cartesian-X 69                    51.64470    51.64470     0.00000
Cartesian-Y 69                    27.21270    27.21270     0.00000
Cartesian-Z 69                    63.52755    63.52755     0.00000
Cartesian-X 70                    51.84087    51.84087     0.00000
Cartesian-Y 70                    26.25767    26.25767     0.00000
Cartesian-Z 70                    63.79122    63.79122     0.00000
Cartesian-X 71                    51.75905    51.75905     0.00000
Cartesian-Y 71                    27.50524    27.50524     0.00000
Cartesian-Z 71                    62.56763    62.56763     0.00000
Cartesian-X 72                    52.31192    52.31192     0.00000
Cartesian-Y 72                    25.08268    25.08268     0.00000
Cartesian-Z 72                    62.95790    62.95790     0.00000
Cartesian-X 73                    52.42627    52.42627     0.00000
Cartesian-Y 73                    25.37521    25.37521     0.00000
Cartesian-Z 73                    61.99798    61.99798     0.00000
Cartesian-X 74                    52.00140    52.00140     0.00000
Cartesian-Y 74                    25.74518    25.74518     0.00000
Cartesian-Z 74                    63.65416    63.65416     0.00000
Cartesian-X 75                    60.99040    60.99040     0.00000
Cartesian-Y 75                    38.20210    38.20210     0.00000
Cartesian-Z 75                    66.19070    66.19070     0.00000
Cartesian-X 76                    61.14098    61.14098     0.00000
Cartesian-Y 76                    38.58732    38.58732     0.00000
Cartesian-Z 76                    64.92665    64.92665     0.00000
Cartesian-X 77                    60.83046    60.83046     0.00000
Cartesian-Y 77                    39.24982    39.24982     0.00000
Cartesian-Z 77                    65.62290    65.62290     0.00000
Cartesian-X 78                    61.33715    61.33715     0.00000
Cartesian-Y 78                    37.63228    37.63228     0.00000
Cartesian-Z 78                    65.19031    65.19031     0.00000
Cartesian-X 79                    60.58150    60.58150     0.00000
Cartesian-Y 79                    39.07450    39.07450     0.00000
Cartesian-Z 79                    67.10755    67.10755     0.00000
Cartesian-X 80                    60.77767    60.77767     0.00000
Cartesian-Y 80                    38.11947    38.11947     0.00000
Cartesian-Z 80                    67.37122    67.37122     0.00000
Cartesian-X 81                    60.69585    60.69585     0.00000
Cartesian-Y 81                    39.36704    39.36704     0.00000
Cartesian-Z 81                    66.14763    66.14763     0.00000
Cartesian-X 82                    61.24872    61.24872     0.00000
Cartesian-Y 82                    36.94448    36.94448     0.00000
Cartesian-Z 82                    66.53790    66.53790     0.00000
Cartesian-X 83                    61.36307    61.36307     0.00000
Cartesian-Y 83                    37.23701    37.23701     0.00000
Cartesian-Z 83                    65.57798    65.57798     0.00000
Cartesian-X 84                    60.93820    60.93820     0.00000
Cartesian-Y 84                    37.60698    37.60698     0.00000
Cartesian-Z 84                    67.23416    67.23416     0.00000
Cartesian-X 85                    60.54270    60.54270     0.00000
Cartesian-Y 85                    22.28810    22.28810     0.00000
Cartesian-Z 85                    53.74910    53.74910     0.00000
Cartesian-X 86                    61.72652    61.72652     0.00000
Cartesian-Y 86                    22.34988    22.34988     0.00000
Cartesian-Z 86                    53.35256    53.35256     0.00000
Cartesian-X 87                    59.83142    59.83142     0.00000
Cartesian-Y 87                    21.26072    21.26072     0.00000
Cartesian-Z 87                    53.78166    53.78166     0.00000
Cartesian-X 88                    60.08472    60.08472     0.00000
Cartesian-Y 88                    23.22395    23.22395     0.00000
Cartesian-Z 88                    54.10186    54.10186     0.00000
> ===== Optimization Info: ====
> Job type: Energy minimization
> Maximum number of optimization cycles: 400
> Initial / maximum trust radius (Angstrom): 0.100 / 0.300
> Convergence Criteria:
> Will converge when all 5 criteria are reached:
>  |Delta-E| < 1.00e-05
>  RMS-Ortho-Grad < 3.00e-03
>  Max-Ortho-Grad < 6.00e-03
>  RMS-Disp  < 1.00e-02
>  Max-Disp  < 1.50e-02
> 
> Constraints are requested. The following criterion is added:
>  Max Constraint Violation (in Angstroms/degrees) < 1.00e-02 
> === End Optimization Info ===
Step    0 : Gradient = 5.419e-03/3.212e-02 (rms/max) Energy = -838.8760716716
Hessian Eigenvalues: 2.63687e-02 2.63687e-02 2.63687e-02 ... 5.78010e-01 5.78010e-01 5.78010e-01
Step    1 : Displace = [0m1.312e-02[0m/[0m6.015e-02[0m (rms/max) Trust = 1.000e-01 (=) Grad_T = [92m2.341e-03[0m/[0m1.274e-02[0m (rms/max) E (change) = -838.8798100456 ([0m-3.738e-03[0m) Quality = [0m1.100[0m
Hessian Eigenvalues: 2.46175e-02 2.63687e-02 2.63687e-02 ... 5.78010e-01 5.78010e-01 5.78011e-01
Step    2 : Displace = [0m1.516e-02[0m/[0m6.294e-02[0m (rms/max) Trust = 1.414e-01 ([92m+[0m) Grad_T = [92m1.832e-03[0m/[0m1.033e-02[0m (rms/max) E (change) = -838.8823485753 ([0m-2.539e-03[0m) Quality = [0m1.455[0m
Hessian Eigenvalues: 9.61884e-03 2.63687e-02 2.63687e-02 ... 5.78010e-01 5.78010e-01 5.96377e-01
Step    3 : Displace = [0m3.290e-02[0m/[0m1.482e-01[0m (rms/max) Trust = 2.000e-01 ([92m+[0m) Grad_T = [0m3.450e-03[0m/[0m1.702e-02[0m (rms/max) E (change) = -838.8859482833 ([0m-3.600e-03[0m) Quality = [0m1.518[0m
Hessian Eigenvalues: 3.52910e-03 2.63687e-02 2.63687e-02 ... 5.78010e-01 5.78010e-01 6.13210e-01
Step    4 : Displace = [0m7.001e-02[0m/[0m3.158e-01[0m (rms/max) Trust = 2.828e-01 ([92m+[0m) Grad_T = [0m4.675e-03[0m/[0m2.253e-02[0m (rms/max) E (change) = -838.8918227076 ([0m-5.874e-03[0m) Quality = [0m1.459[0m
Hessian Eigenvalues: 1.78995e-03 2.63687e-02 2.63687e-02 ... 5.78010e-01 5.79980e-01 5.96769e-01
Step    5 : Displace = [0m9.972e-02[0m/[0m4.652e-01[0m (rms/max) Trust = 3.000e-01 ([92m+[0m) Grad_T = [0m5.076e-03[0m/[0m1.848e-02[0m (rms/max) E (change) = -838.8979719534 ([0m-6.149e-03[0m) Quality = [0m1.218[0m
Hessian Eigenvalues: 1.84240e-03 2.63687e-02 2.63687e-02 ... 5.78010e-01 5.78021e-01 6.07002e-01
Step    6 : Displace = [0m5.223e-02[0m/[0m2.387e-01[0m (rms/max) Trust = 3.000e-01 (=) Grad_T = [0m3.870e-03[0m/[0m1.480e-02[0m (rms/max) E (change) = -838.9061057261 ([0m-8.134e-03[0m) Quality = [0m1.685[0m
Hessian Eigenvalues: 1.32299e-03 2.19968e-02 2.63687e-02 ... 5.78012e-01 5.81911e-01 6.06557e-01
Step    7 : Displace = [0m1.412e-01[0m/[0m6.419e-01[0m (rms/max) Trust = 3.000e-01 (=) Grad_T = [0m4.752e-03[0m/[0m2.289e-02[0m (rms/max) E (change) = -838.9228858934 ([0m-1.678e-02[0m) Quality = [0m1.341[0m
Hessian Eigenvalues: 9.79013e-04 1.63261e-02 2.63687e-02 ... 5.78012e-01 5.85428e-01 6.09420e-01
Step    8 : Displace = [0m1.334e-01[0m/[0m5.585e-01[0m (rms/max) Trust = 3.000e-01 (=) Grad_T = [0m6.057e-03[0m/[0m2.549e-02[0m (rms/max) E (change) = -838.9346885725 ([0m-1.180e-02[0m) Quality = [0m1.497[0m
Hessian Eigenvalues: 5.59444e-04 1.14125e-02 2.63687e-02 ... 5.78011e-01 5.84801e-01 5.97969e-01
Step    9 : Displace = [0m2.700e-01[0m/[0m1.116e+00[0m (rms/max) Trust = 3.000e-01 (=) Grad_T = [0m1.330e-02[0m/[0m6.188e-02[0m (rms/max) E (change) = -838.9451829166 ([0m-1.049e-02[0m) Quality = [0m0.783[0m
Hessian Eigenvalues: 6.48983e-04 1.27826e-02 2.63687e-02 ... 5.78012e-01 5.83211e-01 5.96529e-01
ashpath: /home/18660916/envs/ash/lib/python3.11/site-packages/ash
Sys path: ['/home/18660916/envs/ash/lib/python3.11/site-packages/ash', '/home/18660916/system_development/phase2b_charge_design/05d_shell_ladder/relax/run_shell8p1', '/home/18660916/envs/ash/lib/python311.zip', '/home/18660916/envs/ash/lib/python3.11', '/home/18660916/envs/ash/lib/python3.11/lib-dynload', '/home/18660916/envs/ash/lib/python3.11/site-packages']
--------------------------------------------------------------------------------
--------------------------------------------------------------------------------
                                           ASH                                            
                              A MULTISCALE MODELLING PROGRAM                              
                                        Version: 0.9dev                                        
                               Git commit version: Unknown                                
--------------------------------------------------------------------------------
--------------------------------------------------------------------------------
ASH path: /home/18660916/envs/ash/lib/python3.11/site-packages/ash
Python version: 3.11.15
Python interpreter: /home/18660916/envs/ash/bin/python3

ASH Settings after reading defaults and ~/ash_user_settings.ini : 
See https://ash.readthedocs.io/en/latest/basics.html#ash-settings on how to change settings.
	 debugflag :  False
	 load_julia :  False
	 julia_library :  pythoncall
	 use_ANSI_color :  False
	 print_logo :  False
	 print_input :  True
	 scale :  1.0
	 tol :  0.1
	 conndepth :  10
	 connectivity_code :  julia
	 nonbondedMM_code :  julia
	 print_exit_footer :  True
	 print_full_timings :  True

Note: ASH can use ANSI escape sequences for displaying color. Use e.g. less -R to display
To turn on/off escape sequences, set: 'use_ANSI_color = False' in
~/ash_user_settings.ini

Input script: /home/18660916/system_development/phase2b_charge_design/05d_shell_ladder/relax/run_shell8p1/relax_shell.py
================================================================================
   > import sys, openmm
   > from ash import Fragment, ORCATheory, OpenMMTheory, QMMMTheory, Optimizer
   > name=sys.argv[1]; RUN=(len(sys.argv)>2 and sys.argv[2]=="run")
   > ORCADIR="/home/apps2/ORCA/6.0.1"
   > coords="\n".join(open("%s_coords.xyz"%name).read().splitlines()[2:])
   > mmcharges=[float(x) for x in open("%s_charges.txt"%name).read().split(",")]
   > frag=Fragment(coordsstring=coords, charge=-2, mult=1)
   > els=[a.split()[0] for a in coords.strip().split("\n")]
   > print(">> %s: %d atoms (24 QM + %d MM), MM net %+.2f"%(name,frag.numatoms,frag.numatoms-24,sum(mmcharges)))
   > assert len(mmcharges)==frag.numatoms
   > LJ={"C":(3.40,0.086),"N":(3.25,0.170),"O":(2.96,0.210),"H":(1.06,0.016)}
   > orca=ORCATheory(orcadir=ORCADIR,orcasimpleinput="! B3LYP D3BJ def2-SVP def2/J RIJCOSX CPCM TightSCF",
   >     orcablocks="%cpcm epsilon 4.0 end\n%scf MaxIter 300 Guess PModel end",numcores=8,autostart=False)
   > mm=OpenMMTheory(fragment=frag,dummysystem=True,platform="CPU",numcores=1,autoconstraints=None,rigidwater=False)
   > lj=openmm.CustomBondForce("4*eps*((sig/r)^12 - (sig/r)^6)")
   > lj.addPerBondParameter("sig");lj.addPerBondParameter("eps");lj.setUsesPeriodicBoundaryConditions(False)
   > ang=openmm.unit.angstrom;kcal=openmm.unit.kilocalorie_per_mole;npair=0
   > for i in range(24):
   >     si,ei=LJ[els[i]]
   >     for j in range(24,frag.numatoms):
   >         sj,ej=LJ[els[j]]
   >         sig=((si+sj)/2*ang).value_in_unit(openmm.unit.nanometer)
   >         eps=(((ei*ej)**0.5)*kcal).value_in_unit(openmm.unit.kilojoule_per_mole)
   >         lj.addBond(i,j,[sig,eps]);npair+=1
   > lj.setForceGroup(11);mm.system.addForce(lj)
   > print(">> LJ pairs: %d"%npair)
   > qmmm=QMMMTheory(qm_theory=orca,mm_theory=mm,fragment=frag,qmatoms=list(range(24)),charges=mmcharges,
   >     embedding="elstat",qm_charge=-2,qm_mult=1,numcores=8)
   > FROZEN=list(range(24,frag.numatoms))
   > CONV={"convergence_energy":1e-5,"convergence_grms":3.0e-3,"convergence_gmax":6.0e-3,"convergence_drms":1.0e-2,"convergence_dmax":1.5e-2}
   > if not RUN:
   >     print("\n=== DRY RUN OK %s: %d pairs, MM %+.0f, %d frozen ==="%(name,npair,sum(mmcharges),len(FROZEN))); sys.exit(0)
   > Optimizer(theory=qmmm,fragment=frag,coordsystem="hdlc",frozenatoms=FROZEN,maxiter=400,conv_criteria=CONV,charge=-2,mult=1)
   > frag.write_xyzfile("%s_relaxed.xyz"%name); print(">> DONE -> %s_relaxed.xyz"%name)
================================================================================ 


--------------------------------------------------------------------------------
                                New ASH fragment                                
--------------------------------------------------------------------------------

ASH Fragment creation
Getting coordinates from string: C     60.11193800    34.38396900    57.21013200
H     60.60719900    33.42993900    57.38460900
H     60.72469300    35.27181800    57.05919300
C     58.78057700    34.50353200    57.15195800
C     58.09218200    35.83426100    56.89335400
O     58.81246700    36.81821800    56.57878900
O     56.83954900    35.84891700    57.00961700
O     57.93461500    33.42640300    57.34599800
C     57.67693600    32.53773200    56.20080600
H     57.01901700    31.76376900    56.62407200
C     58.98648700    31.96184000    55.79317200
H     59.46393000    31.24298300    56.46049600
C     59.68310500    32.48267100    54.76815100
C     59.06432100    33.48370900    53.89317900
H     59.70236100    33.90454400    53.11096900
C     57.78125300    33.86565900    54.03153300
H     57.33218100    34.60235400    53.35662900
C     56.88979900    33.27109300    55.08618200
H     56.34719000    34.09064800    55.58588000
O     55.96286300    32.39770700    54.43466800
H     55.31084500    32.10952700    55.09277000
C     61.12320000    32.06212600    54.53420800
O     61.78496200    31.70232800    55.54338100
O     61.54107100    32.10651300    53.35273800
C     64.939600    33.265500    44.428700
O     66.123425    33.327276    44.032163
O     64.228316    32.238117    44.461259
H     64.481621    34.201350    44.781461
C     57.483400    32.050400    67.315500
N     57.633977    32.435620    66.051446
H     57.323460    33.098122    66.747700
H     57.830146    31.480582    66.315113
N     57.074501    32.922804    68.232349
H     57.270670    31.967766    68.496016
H     57.188849    33.215340    67.272428
N     57.741721    30.792776    67.662705
H     57.856070    31.085311    66.702784
H     57.431204    31.455278    68.358959
C     57.234800    27.877200    45.864300
O     58.418625    27.938976    45.467763
O     56.523516    26.849817    45.896859
H     56.776821    28.813050    46.217061
C     70.604200    27.880100    55.895700
O     71.788025    27.941876    55.499163
O     69.892916    26.852717    55.928259
H     70.146221    28.815950    56.248461
C     56.619700    24.873900    63.107100
N     56.770277    25.259120    61.843046
H     56.459760    25.921622    62.539300
H     56.966446    24.304082    62.106713
N     56.210801    25.746304    64.023949
H     56.406970    24.791266    64.287616
H     56.325149    26.038840    63.064028
N     56.878021    23.616276    63.454305
H     56.992370    23.908811    62.494384
H     56.567504    24.278778    64.150559
C     67.627200    26.532800    48.413400
O     68.811025    26.594576    48.016863
O     66.915916    25.505417    48.445959
H     67.169221    27.468650    48.766161
C     67.235400    23.780300    55.388400
O     68.419225    23.842076    54.991863
O     66.524116    22.752917    55.420959
H     66.777421    24.716150    55.741161
C     52.053600    26.340300    62.610700
N     52.204177    26.725520    61.346646
H     51.893660    27.388022    62.042900
H     52.400346    25.770482    61.610313
N     51.644701    27.212704    63.527549
H     51.840870    26.257666    63.791216
H     51.759049    27.505240    62.567628
N     52.311921    25.082676    62.957905
H     52.426270    25.375211    61.997984
H     52.001404    25.745178    63.654159
C     60.990400    38.202100    66.190700
N     61.140977    38.587320    64.926646
H     60.830460    39.249822    65.622900
H     61.337146    37.632282    65.190313
N     60.581501    39.074504    67.107549
H     60.777670    38.119466    67.371216
H     60.695849    39.367040    66.147628
N     61.248721    36.944476    66.537905
H     61.363070    37.237011    65.577984
H     60.938204    37.606978    67.234159
C     60.542700    22.288100    53.749100
O     61.726525    22.349876    53.352563
O     59.831416    21.260717    53.781659
H     60.084721    23.223950    54.101861
Creating/Updating fragment attributes...
Number of Atoms in fragment: 88
Formula: O18N12H38C20
Label: CHHCCOOOCHCHCCHCHCHOHCOOCOOHCNHHNHHNHHCOOHCOOHCNHHNHHNHHCOOHCOOHCNHHNHHNHHCNHHNHHNHHCOOH
Charge: -2 Mult: 1

--------------------------------------------------------------------------------
>> shell8p1: 88 atoms (24 QM + 64 MM), MM net -2.00


                     #####################################                      
                     #                                   #                      
                     #     ORCATheory initialization     #                      
                     #                                   #                      
                     #####################################                      
Checking for ORCA location
 Using orcadir path provided: /home/apps2/ORCA/6.0.1 
Checking if ORCA binary works... yes 
ORCA parallel job requested with numcores: 8 . Make sure that the correct OpenMPI version (for the ORCA version) is available in your environment
OpenMPI binary directory found: /apps/openmpi/4.1.1/bin
Testing that mpirun is executable... yes 
OpenMPI version (mpirun -V): mpirun (Open MPI) 4.1.1

Report bugs to http://www.open-mpi.org/community/help/

bind_to_core_option: True

Creating ORCA object
ORCA dir: /home/apps2/ORCA/6.0.1
! B3LYP D3BJ def2-SVP def2/J RIJCOSX CPCM TightSCF
%cpcm epsilon 4.0 end
%scf MaxIter 300 Guess PModel end

ORCATheory object created!


                           #########################                            
                           #                       #                            
                           #     OpenMM Theory     #                            
                           #                       #                            
                           #########################                            
OpenMM CPU threads set to: 1
Imported OpenMM library version: 8.5.2

--------------------------------------------------------------------------------
                             Defining OpenMM object                             
--------------------------------------------------------------------------------

Printlevel: 2
No automatic constraints
AutoConstraint setting: None
Rigidwater constraints: False
Hydrogenmass option: 1.5 Da
Using platform: CPU

--------------------------------------------------------------------------------
                            Setting up force fields.                            
--------------------------------------------------------------------------------

Note: OpenMM will fail in this step if parameters are missing in topology and
      parameter files (e.g. nonbonded entries).

Defining new basic single-chain, multi-residue topology
Inside write_xmlfile_nonbonded
Wrote XML-file: dummy.xml
residueTemplates: {}
System is non-periodic.
nonbonded noPBC Method is: NoCutoff
Nonbonded cutoff : 20 Angstrom

----------------------
OpenMM system created.
----------------------
OpenMM Forces defined: [<openmm.openmm.NonbondedForce; proxy of <Swig Object of type 'OpenMM::NonbondedForce *' at 0x145edcbbfcb0> >, <openmm.openmm.CMMotionRemover; proxy of <Swig Object of type 'OpenMM::CMMotionRemover *' at 0x145edcbbf7f0> >]

Setting charges
Number of atoms in OpenMM system: 88

System constraints defined upon system creation: 0
Use printlevel =>3 to see list of all constraints

----------------------------------------------------------------------------
Time to calculate step (OpenMM object creation): 0.827 seconds, 0.0 minutes.
----------------------------------------------------------------------------
>> LJ pairs: 1536


                            ########################                            
                            #                      #                            
                            #     QM/MM Theory     #                            
                            #                      #                            
                            ########################                            
QM-theory: ORCATheory
MM-theory: OpenMMTheory
All atoms in fragment: 88
QM region (24 atoms): [0, 1, 2, 3, 4, 5, 6, 7, 8, 9, 10, 11, 12, 13, 14, 15, 16, 17, 18, 19, 20, 21, 22, 23]
MM region (64 atoms)
QM/MM object selected to use 8 cores
Embedding: elstat
Reading in charges
Updating charges in OpenMM object.
Updating simulation object for modified Nonbonded force.

--------------------------------------------------------------------
Time to calculate step (update_charges): 0.001 seconds, 0.0 minutes.
--------------------------------------------------------------------
QM-region coordinates (before linkatoms):
   0    C  60.11193800   34.38396900   57.21013200
   1    H  60.60719900   33.42993900   57.38460900
   2    H  60.72469300   35.27181800   57.05919300
   3    C  58.78057700   34.50353200   57.15195800
   4    C  58.09218200   35.83426100   56.89335400
   5    O  58.81246700   36.81821800   56.57878900
   6    O  56.83954900   35.84891700   57.00961700
   7    O  57.93461500   33.42640300   57.34599800
   8    C  57.67693600   32.53773200   56.20080600
   9    H  57.01901700   31.76376900   56.62407200
  10    C  58.98648700   31.96184000   55.79317200
  11    H  59.46393000   31.24298300   56.46049600
  12    C  59.68310500   32.48267100   54.76815100
  13    C  59.06432100   33.48370900   53.89317900
  14    H  59.70236100   33.90454400   53.11096900
  15    C  57.78125300   33.86565900   54.03153300
  16    H  57.33218100   34.60235400   53.35662900
  17    C  56.88979900   33.27109300   55.08618200
  18    H  56.34719000   34.09064800   55.58588000
  19    O  55.96286300   32.39770700   54.43466800
  20    H  55.31084500   32.10952700   55.09277000
  21    C  61.12320000   32.06212600   54.53420800
  22    O  61.78496200   31.70232800   55.54338100
  23    O  61.54107100   32.10651300   53.35273800

Determining QM-MM/HL-LL boundary
Parameters determing connectivity:
Scaling factor: 1.0
Tolerance: 0.30000000000000004
QM atoms: [0, 1, 2, 3, 4, 5, 6, 7, 8, 9, 10, 11, 12, 13, 14, 15, 16, 17, 18, 19, 20, 21, 22, 23]
QM atoms to be excluded from boundary creation (excludeboundaryatomlist):  []
QM-MM boundary dictionary: {}

------------------------------------------------------------------------
Time to calculate step (get_boundary_atoms): 0.001 seconds, 0.0 minutes.
------------------------------------------------------------------------
No covalent QM-MM boundary. Linkatoms and dipole_correction options set to False
Removing constraints in OpenMM object for atoms: [0, 1, 2, 3, 4, 5, 6, 7, 8, 9, 10, 11, 12, 13, 14, 15, 16, 17, 18, 19, 20, 21, 22, 23]
Removing bonded terms for QM-region in MMtheory
Modifying bonded forces.


Number of bonded terms removed:
Harmonic Bond terms: 0
Harmonic Angle terms: 0
Periodic Torsion terms: 0
Custom Torsion terms: 0
CMAP Torsion terms: 0
CustomBond terms 0


--------------------------------------------------------------------------
Time to calculate step (modify_bonded_forces): 0.002 seconds, 0.0 minutes.
--------------------------------------------------------------------------
Removing nonbonded terms for QM-region in MMtheory (QM-QM interactions)
Add exceptions/exclusions. Removing i-j interactions for list: 24 atoms
Case Nonbondedforce. Adding Exception for ij pair.
Number of exceptions (Nonbondedforce) added: 276
Number of exclusions (CustomNonbondedforce) added: 0

--------------------------------------------------------------------
Time to calculate step (add exceptions): 0.001 seconds, 0.0 minutes.
--------------------------------------------------------------------
Charges of QM atoms set to 0 (since Electrostatic Embedding):
Setting QM charges to Zero

-------------------------------------------------------------------
Time to calculate step (ZeroQMCharges): 0.000 seconds, 0.0 minutes.
-------------------------------------------------------------------
Updating charges in OpenMM object.
Updating simulation object for modified Nonbonded force.

--------------------------------------------------------------------
Time to calculate step (update_charges): 0.000 seconds, 0.0 minutes.
--------------------------------------------------------------------
Deleting Coulombexceptions for atomlist: [0, 1, 2, 3, 4, 5, 6, 7, 8, 9, 10, 11, 12, 13, 14, 15, 16, 17, 18, 19, 20, 21, 22, 23]

-----------------------------------------------------------------------
Time to calculate step (delete_exceptions): 0.004 seconds, 0.0 minutes.
-----------------------------------------------------------------------


---------------------------------------------------------------------------
Time to calculate step (QM/MM object creation): 0.187 seconds, 0.0 minutes.
---------------------------------------------------------------------------


                 #############################################                  
                 #                                           #                  
                 #     geomeTRICOptimizer initialization     #                  
                 #                                           #                  
                 #############################################                  
Creating optimizer object
User-defined convergence criteria:
Theory is not periodic
Printlevel: 2
Coordinate system:  hdlc
Max iterations:  400
Frozen atoms: [24, 25, 26, 27, 28, 29, 30, 31, 32, 33, 34, 35, 36, 37, 38, 39, 40, 41, 42, 43, 44, 45, 46, 47, 48, 49, 50, 51, 52, 53, 54, 55, 56, 57, 58, 59, 60, 61, 62, 63, 64, 65, 66, 67, 68, 69, 70, 71, 72, 73, 74, 75, 76, 77, 78, 79, 80, 81, 82, 83, 84, 85, 86, 87]
Active Region: False
TS Optimization: False
Hessian Option: None
Convergence criteria: {'convergence_energy': 1e-05, 'convergence_grms': 0.003, 'convergence_gmax': 0.006, 'convergence_drms': 0.01, 'convergence_dmax': 0.015, 'convergence_cmax': 0.01}


--------------------------------------------------------------------------------
                            Running geomeTRIC object                            
--------------------------------------------------------------------------------

 
Doing geometry optimization on fragment. Formula: O18N12H38C20 Label: CHHCCOOOCHCHCCHCHCHOHCOOCOOHCNHHNHHNHHCOOHCOOHCNHHNHHNHHCOOHCOOHCNHHNHHNHHCNHHNHHNHHCOOH  
No constraints provided to run method.
Testing if constraints present in optimizer object
No constraints in optimizer object.
Now testing if constraints in fragment object 
No constraints in fragment object.

Constraints:  None
constrainvalue:  False
Inside define_constraints
Constraints: None
Inside write_constraintsfile
Writing frozen atom constraints
Wrote XYZ file:  initialxyzfiletric.xyz
No Hessian option provided.
self.constraintsfile: constraints.txt
Convergence criteria: {'convergence_energy': 1e-05, 'convergence_grms': 0.003, 'convergence_gmax': 0.006, 'convergence_drms': 0.01, 'convergence_dmax': 0.015, 'convergence_cmax': 0.01}
Hessian option: None
Coordinate system: hdlc
Starting optimization

-------------------------------------------------------------------------------------
Time to calculate step (Time spent before run_optimizer): 6.781 seconds, 0.1 minutes.
-------------------------------------------------------------------------------------
geometric called detect_dft option option for ASHengineclass.

Convergence criteria: {'convergence_energy': 1e-05, 'convergence_grms': 0.003, 'convergence_gmax': 0.006, 'convergence_drms': 0.01, 'convergence_dmax': 0.015, 'convergence_cmax': 0.01}

Replacing coordinates in fragment.
Creating/Updating fragment attributes...
Number of Atoms in fragment: 88
Formula: O18N12H38C20
Label: CHHCCOOOCHCHCCHCHCHOHCOOCOOHCNHHNHHNHHCOOHCOOHCNHHNHHNHHCOOHCOOHCNHHNHHNHHCNHHNHHNHHCOOH
Charge: -2 Mult: 1

--------------------------------------------------------------------------------
Wrote XYZ file:  Fragment-currentgeo.xyz
Current geometry (Å) in step 0 (print_atoms_list region)
---------------------------------------------------
        C  60.11193800   34.38396900   57.21013200
        H  60.60719900   33.42993900   57.38460900
        H  60.72469300   35.27181800   57.05919300
        C  58.78057700   34.50353200   57.15195800
        C  58.09218200   35.83426100   56.89335400
        O  58.81246700   36.81821800   56.57878900
        O  56.83954900   35.84891700   57.00961700
        O  57.93461500   33.42640300   57.34599800
        C  57.67693600   32.53773200   56.20080600
        H  57.01901700   31.76376900   56.62407200
        C  58.98648700   31.96184000   55.79317200
        H  59.46393000   31.24298300   56.46049600
        C  59.68310500   32.48267100   54.76815100
        C  59.06432100   33.48370900   53.89317900
        H  59.70236100   33.90454400   53.11096900
        C  57.78125300   33.86565900   54.03153300
        H  57.33218100   34.60235400   53.35662900
        C  56.88979900   33.27109300   55.08618200
        H  56.34719000   34.09064800   55.58588000
        O  55.96286300   32.39770700   54.43466800
        H  55.31084500   32.10952700   55.09277000
        C  61.12320000   32.06212600   54.53420800
        O  61.78496200   31.70232800   55.54338100
        O  61.54107100   32.10651300   53.35273800
        C  64.93960000   33.26550000   44.42870000
        O  66.12342500   33.32727600   44.03216300
        O  64.22831600   32.23811700   44.46125900
        H  64.48162100   34.20135000   44.78146100
        C  57.48340000   32.05040000   67.31550000
        N  57.63397700   32.43562000   66.05144600
        H  57.32346000   33.09812200   66.74770000
        H  57.83014600   31.48058200   66.31511300
        N  57.07450100   32.92280400   68.23234900
        H  57.27067000   31.96776600   68.49601600
        H  57.18884900   33.21534000   67.27242800
        N  57.74172100   30.79277600   67.66270500
        H  57.85607000   31.08531100   66.70278400
        H  57.43120400   31.45527800   68.35895900
        C  57.23480000   27.87720000   45.86430000
        O  58.41862500   27.93897600   45.46776300
        O  56.52351600   26.84981700   45.89685900
        H  56.77682100   28.81305000   46.21706100
        C  70.60420000   27.88010000   55.89570000
        O  71.78802500   27.94187600   55.49916300
        O  69.89291600   26.85271700   55.92825900
        H  70.14622100   28.81595000   56.24846100
        C  56.61970000   24.87390000   63.10710000
        N  56.77027700   25.25912000   61.84304600
        H  56.45976000   25.92162200   62.53930000
        H  56.96644600   24.30408200   62.10671300
        N  56.21080100   25.74630400   64.02394900
        H  56.40697000   24.79126600   64.28761600
        H  56.32514900   26.03884000   63.06402800
        N  56.87802100   23.61627600   63.45430500
        H  56.99237000   23.90881100   62.49438400
        H  56.56750400   24.27877800   64.15055900
        C  67.62720000   26.53280000   48.41340000
        O  68.81102500   26.59457600   48.01686300
        O  66.91591600   25.50541700   48.44595900
        H  67.16922100   27.46865000   48.76616100
        C  67.23540000   23.78030000   55.38840000
        O  68.41922500   23.84207600   54.99186300
        O  66.52411600   22.75291700   55.42095900
        H  66.77742100   24.71615000   55.74116100
        C  52.05360000   26.34030000   62.61070000
        N  52.20417700   26.72552000   61.34664600
        H  51.89366000   27.38802200   62.04290000
        H  52.40034600   25.77048200   61.61031300
        N  51.64470100   27.21270400   63.52754900
        H  51.84087000   26.25766600   63.79121600
        H  51.75904900   27.50524000   62.56762800
        N  52.31192100   25.08267600   62.95790500
        H  52.42627000   25.37521100   61.99798400
        H  52.00140400   25.74517800   63.65415900
        C  60.99040000   38.20210000   66.19070000
        N  61.14097700   38.58732000   64.92664600
        H  60.83046000   39.24982200   65.62290000
        H  61.33714600   37.63228200   65.19031300
        N  60.58150100   39.07450400   67.10754900
        H  60.77767000   38.11946600   67.37121600
        H  60.69584900   39.36704000   66.14762800
        N  61.24872100   36.94447600   66.53790500
        H  61.36307000   37.23701100   65.57798400
        H  60.93820400   37.60697800   67.23415900
        C  60.54270000   22.28810000   53.74910000
        O  61.72652500   22.34987600   53.35256300
        O  59.83141600   21.26071700   53.78165900
        H  60.08472100   23.22395000   54.10186100

Note: printed only print_atoms_list (this is not necessarily all atoms) 
  ------------RUNNING QM/MM MODULE------------- 
QM Module: ORCATheory
MM Module: OpenMMTheory
Charge provided from QMMMTheory object:  -2
Mult provided from QMMMTheory object:  1
QM-region Charge: -2 Mult: 1
Embedding: Electrostatic
First QMMMTheory run. Running runprep
Inside QMMMTheory runprep

-------------------------------------------------------------
Time to calculate step (runprep): 0.000 seconds, 0.0 minutes.
-------------------------------------------------------------
Number of pointcharges (to QM program): 64
Number of charge coordinates: 64
Running QM/MM object with 8 cores available

-------------------------------------------------------------------
Time to calculate step (before-QMstep): 0.000 seconds, 0.0 minutes.
-------------------------------------------------------------------
  ------------RUNNING ORCA INTERFACE------------- 
Object-label: ORCA
Run-label: None
Running ORCA with 8 cores available
Moreadfile option not active
No orca.gbw file is present in dir.
Checking if a file orca.gbw exists in parentdir:
Found no file. ORCA will guess new orbitals
Creating inputfile: orca.inp
ORCA input:
! B3LYP D3BJ def2-SVP def2/J RIJCOSX CPCM TightSCF

! Noautostart


%cpcm epsilon 4.0 end
%scf MaxIter 300 Guess PModel end
Charge: -2  Mult: 1
Pointcharge embedding is on!
 ORCA Calculation starting. 
Found warning messages in ORCA outputfile:
WARNING: The chosen methods will break translational/rotational symmetry
 WARNING: The chosen methods will break translational symmetry
 WARNING: The chosen methods will break translational symmetry
 Warning: op=0 Small HOMO/LUMO gap (   0.083) - skipping pre-diagonalization

 ORCA Calculation done. 
ORCA converged in 14 iterations
ORCA energy: -836.230846650286
  ------------ENDING ORCA-INTERFACE------------- 

----------------------------------------------------------------
Time to calculate step (ORCA run): 125.966 seconds, 2.1 minutes.
----------------------------------------------------------------

---------------------------------------------------------------
Time to calculate step (QM step): 125.966 seconds, 2.1 minutes.
---------------------------------------------------------------

----------------------------------------------------------------------
Time to calculate step (QMpcgrad prepare): 0.000 seconds, 0.0 minutes.
----------------------------------------------------------------------

--------------------------------------------------------------------------
Time to calculate step (linkatomgrad prepare): 0.000 seconds, 0.0 minutes.
--------------------------------------------------------------------------

----------------------------------------------------------------------------
Time to calculate step (QM/MM gradient prepare): 0.000 seconds, 0.0 minutes.
----------------------------------------------------------------------------
Using OpenMM theory as part of QM/MM.
Using MM on full system. Charges for QM region [0, 1, 2, 3, 4, 5, 6, 7, 8, 9, 10, 11, 12, 13, 14, 15, 16, 17, 18, 19, 20, 21, 22, 23] have been set to zero 

--------------------------------------------------------------------------------
                   Creating/updating OpenMM simulation object                   
--------------------------------------------------------------------------------

Integrator name: VerletIntegrator
Timestep: 0.001
Temperature: 300
Coupling frequency: 1
Properties: {'Threads': '1'}
Topology: <Topology; 1 chains, 1 residues, 88 atoms, 0 bonds>

----------------------------------------------------------------------------------
Time to calculate step (creating/updating simulation): 0.002 seconds, 0.0 minutes.
----------------------------------------------------------------------------------

--------------------------------------------------------------------------------
                     Running Single-point OpenMM Interface                      
--------------------------------------------------------------------------------

Number of OpenMM system constraints defined: 0

-----------------------------------------------------------------------------------
Time to calculate step (OpenMMTheory.run: const-check): 0.002 seconds, 0.0 minutes.
-----------------------------------------------------------------------------------
Updating coordinates.

------------------------------------------------------------------------
Time to calculate step (Creating pos array): 0.000 seconds, 0.0 minutes.
------------------------------------------------------------------------

---------------------------------------------------------------------------
Time to calculate step (Updating MM positions): 0.000 seconds, 0.0 minutes.
---------------------------------------------------------------------------
Calling OpenMM getState.

---------------------------------------------------------------------
Time to calculate step (OpenMM getState): 0.000 seconds, 0.0 minutes.
---------------------------------------------------------------------
OpenMM Energy: -2.6452250212686437 Eh
OpenMM Energy: -1659.9037618748391 kcal/mol

-----------------------
Ending OpenMM interface
-----------------------

----------------------------------------------------------------
Time to calculate step (OpenMM run): 0.004 seconds, 0.0 minutes.
----------------------------------------------------------------

-------------------------------------------------------------
Time to calculate step (MM step): 0.004 seconds, 0.0 minutes.
-------------------------------------------------------------

Note: You are using electrostatic embedding. This means that the QM-energy is actually the polarized QM-energy
Note: MM energy also contains the QM-MM Lennard-Jones interaction

QM energy:              -836.230846650286 
MM energy:                -2.645225021269
QM/MM energy:           -838.876071671555 

  ------------ENDING QM/MM MODULE------------- 

-----------------------------------------------------------------
Time to calculate step (QM/MM run): 125.970 seconds, 2.1 minutes.
-----------------------------------------------------------------

Convergence criteria: {'convergence_energy': 1e-05, 'convergence_grms': 0.003, 'convergence_gmax': 0.006, 'convergence_drms': 0.01, 'convergence_dmax': 0.015, 'convergence_cmax': 0.01}

Replacing coordinates in fragment.
Creating/Updating fragment attributes...
Number of Atoms in fragment: 88
Formula: O18N12H38C20
Label: CHHCCOOOCHCHCCHCHCHOHCOOCOOHCNHHNHHNHHCOOHCOOHCNHHNHHNHHCOOHCOOHCNHHNHHNHHCNHHNHHNHHCOOH
Charge: -2 Mult: 1

--------------------------------------------------------------------------------
Wrote XYZ file:  Fragment-currentgeo.xyz
Current geometry (Å) in step 0 (print_atoms_list region)
---------------------------------------------------
        C  60.10251910   34.38796960   57.23086523
        H  60.60820355   33.42916803   57.36480173
        H  60.71662640   35.27368161   57.05811021
        C  58.76633060   34.50942070   57.16253186
        C  58.06416979   35.84897561   56.89386552
        O  58.81642384   36.82108932   56.63393065
        O  56.81206335   35.87735178   57.05292325
        O  57.92687584   33.42788063   57.36120214
        C  57.67984080   32.53957843   56.20488712
        H  57.00848062   31.77143994   56.63061237
        C  58.97952047   31.95327231   55.79075548
        H  59.46673347   31.23553637   56.45533305
        C  59.68643466   32.47711693   54.77166026
        C  59.06724666   33.47666852   53.89327402
        H  59.70310797   33.89217298   53.10760264
        C  57.78626577   33.86393818   54.03709827
        H  57.33662046   34.59821840   53.36031002
        C  56.89283513   33.27278116   55.09087926
        H  56.34844591   34.09188088   55.59422969
        O  55.96904504   32.39238909   54.43888044
        H  55.31699652   32.11263435   55.09641012
        C  61.13786759   32.05802731   54.53459752
        O  61.74437548   31.71986278   55.58853764
        O  61.53532352   32.14515947   53.35696567
        C  64.93960000   33.26550000   44.42870000
        O  66.12342500   33.32727600   44.03216300
        O  64.22831600   32.23811700   44.46125900
        H  64.48162100   34.20135000   44.78146100
        C  57.48340000   32.05040000   67.31550000
        N  57.63397700   32.43562000   66.05144600
        H  57.32346000   33.09812200   66.74770000
        H  57.83014600   31.48058200   66.31511300
        N  57.07450100   32.92280400   68.23234900
        H  57.27067000   31.96776600   68.49601600
        H  57.18884900   33.21534000   67.27242800
        N  57.74172100   30.79277600   67.66270500
        H  57.85607000   31.08531100   66.70278400
        H  57.43120400   31.45527800   68.35895900
        C  57.23480000   27.87720000   45.86430000
        O  58.41862500   27.93897600   45.46776300
        O  56.52351600   26.84981700   45.89685900
        H  56.77682100   28.81305000   46.21706100
        C  70.60420000   27.88010000   55.89570000
        O  71.78802500   27.94187600   55.49916300
        O  69.89291600   26.85271700   55.92825900
        H  70.14622100   28.81595000   56.24846100
        C  56.61970000   24.87390000   63.10710000
        N  56.77027700   25.25912000   61.84304600
        H  56.45976000   25.92162200   62.53930000
        H  56.96644600   24.30408200   62.10671300
        N  56.21080100   25.74630400   64.02394900
        H  56.40697000   24.79126600   64.28761600
        H  56.32514900   26.03884000   63.06402800
        N  56.87802100   23.61627600   63.45430500
        H  56.99237000   23.90881100   62.49438400
        H  56.56750400   24.27877800   64.15055900
        C  67.62720000   26.53280000   48.41340000
        O  68.81102500   26.59457600   48.01686300
        O  66.91591600   25.50541700   48.44595900
        H  67.16922100   27.46865000   48.76616100
        C  67.23540000   23.78030000   55.38840000
        O  68.41922500   23.84207600   54.99186300
        O  66.52411600   22.75291700   55.42095900
        H  66.77742100   24.71615000   55.74116100
        C  52.05360000   26.34030000   62.61070000
        N  52.20417700   26.72552000   61.34664600
        H  51.89366000   27.38802200   62.04290000
        H  52.40034600   25.77048200   61.61031300
        N  51.64470100   27.21270400   63.52754900
        H  51.84087000   26.25766600   63.79121600
        H  51.75904900   27.50524000   62.56762800
        N  52.31192100   25.08267600   62.95790500
        H  52.42627000   25.37521100   61.99798400
        H  52.00140400   25.74517800   63.65415900
        C  60.99040000   38.20210000   66.19070000
        N  61.14097700   38.58732000   64.92664600
        H  60.83046000   39.24982200   65.62290000
        H  61.33714600   37.63228200   65.19031300
        N  60.58150100   39.07450400   67.10754900
        H  60.77767000   38.11946600   67.37121600
        H  60.69584900   39.36704000   66.14762800
        N  61.24872100   36.94447600   66.53790500
        H  61.36307000   37.23701100   65.57798400
        H  60.93820400   37.60697800   67.23415900
        C  60.54270000   22.28810000   53.74910000
        O  61.72652500   22.34987600   53.35256300
        O  59.83141600   21.26071700   53.78165900
        H  60.08472100   23.22395000   54.10186100

Note: printed only print_atoms_list (this is not necessarily all atoms) 
  ------------RUNNING QM/MM MODULE------------- 
QM Module: ORCATheory
MM Module: OpenMMTheory
Charge provided from QMMMTheory object:  -2
Mult provided from QMMMTheory object:  1
QM-region Charge: -2 Mult: 1
Embedding: Electrostatic
Number of pointcharges (to QM program): 64
Number of charge coordinates: 64
Running QM/MM object with 8 cores available

-------------------------------------------------------------------
Time to calculate step (before-QMstep): 0.000 seconds, 0.0 minutes.
-------------------------------------------------------------------
  ------------RUNNING ORCA INTERFACE------------- 
Object-label: ORCA
Run-label: None
Running ORCA with 8 cores available
Moreadfile option not active
A GBW-file with same basename : orca.gbw is present
Autostart is False. ORCA will ignore any file present
Creating inputfile: orca.inp
ORCA input:
! B3LYP D3BJ def2-SVP def2/J RIJCOSX CPCM TightSCF

! Noautostart

%cpcm epsilon 4.0 end
%scf MaxIter 300 Guess PModel end
Charge: -2  Mult: 1
Pointcharge embedding is on!
 ORCA Calculation starting. 
Found warning messages in ORCA outputfile:
WARNING: The chosen methods will break translational/rotational symmetry
 WARNING: The chosen methods will break translational symmetry
 WARNING: The chosen methods will break translational symmetry
 Warning: op=0 Small HOMO/LUMO gap (   0.093) - skipping pre-diagonalization

 ORCA Calculation done. 
ORCA converged in 14 iterations
ORCA energy: -836.234584739035
  ------------ENDING ORCA-INTERFACE------------- 

----------------------------------------------------------------
Time to calculate step (ORCA run): 125.050 seconds, 2.1 minutes.
----------------------------------------------------------------

---------------------------------------------------------------
Time to calculate step (QM step): 125.050 seconds, 2.1 minutes.
---------------------------------------------------------------

----------------------------------------------------------------------
Time to calculate step (QMpcgrad prepare): 0.000 seconds, 0.0 minutes.
----------------------------------------------------------------------

--------------------------------------------------------------------------
Time to calculate step (linkatomgrad prepare): 0.000 seconds, 0.0 minutes.
--------------------------------------------------------------------------

----------------------------------------------------------------------------
Time to calculate step (QM/MM gradient prepare): 0.000 seconds, 0.0 minutes.
----------------------------------------------------------------------------
Using OpenMM theory as part of QM/MM.
Using MM on full system. Charges for QM region [0, 1, 2, 3, 4, 5, 6, 7, 8, 9, 10, 11, 12, 13, 14, 15, 16, 17, 18, 19, 20, 21, 22, 23] have been set to zero 

--------------------------------------------------------------------------------
                   Creating/updating OpenMM simulation object                   
--------------------------------------------------------------------------------

Integrator name: VerletIntegrator
Timestep: 0.001
Temperature: 300
Coupling frequency: 1
Properties: {'Threads': '1'}
Topology: <Topology; 1 chains, 1 residues, 88 atoms, 0 bonds>

----------------------------------------------------------------------------------
Time to calculate step (creating/updating simulation): 0.001 seconds, 0.0 minutes.
----------------------------------------------------------------------------------

--------------------------------------------------------------------------------
                     Running Single-point OpenMM Interface                      
--------------------------------------------------------------------------------

Number of OpenMM system constraints defined: 0

-----------------------------------------------------------------------------------
Time to calculate step (OpenMMTheory.run: const-check): 0.002 seconds, 0.0 minutes.
-----------------------------------------------------------------------------------
Updating coordinates.

------------------------------------------------------------------------
Time to calculate step (Creating pos array): 0.000 seconds, 0.0 minutes.
------------------------------------------------------------------------

---------------------------------------------------------------------------
Time to calculate step (Updating MM positions): 0.000 seconds, 0.0 minutes.
---------------------------------------------------------------------------
Calling OpenMM getState.

---------------------------------------------------------------------
Time to calculate step (OpenMM getState): 0.000 seconds, 0.0 minutes.
---------------------------------------------------------------------
OpenMM Energy: -2.6452253066097673 Eh
OpenMM Energy: -1659.9039409290976 kcal/mol

-----------------------
Ending OpenMM interface
-----------------------

----------------------------------------------------------------
Time to calculate step (OpenMM run): 0.002 seconds, 0.0 minutes.
----------------------------------------------------------------

-------------------------------------------------------------
Time to calculate step (MM step): 0.002 seconds, 0.0 minutes.
-------------------------------------------------------------

Note: You are using electrostatic embedding. This means that the QM-energy is actually the polarized QM-energy
Note: MM energy also contains the QM-MM Lennard-Jones interaction

QM energy:              -836.234584739035 
MM energy:                -2.645225306610
QM/MM energy:           -838.879810045645 

  ------------ENDING QM/MM MODULE------------- 

-----------------------------------------------------------------
Time to calculate step (QM/MM run): 125.053 seconds, 2.1 minutes.
-----------------------------------------------------------------
geometric called save_guess_files option option for ASHengineclass.
This option is currently unsupported in ASH. Continuing.

Convergence criteria: {'convergence_energy': 1e-05, 'convergence_grms': 0.003, 'convergence_gmax': 0.006, 'convergence_drms': 0.01, 'convergence_dmax': 0.015, 'convergence_cmax': 0.01}

Replacing coordinates in fragment.
Creating/Updating fragment attributes...
Number of Atoms in fragment: 88
Formula: O18N12H38C20
Label: CHHCCOOOCHCHCCHCHCHOHCOOCOOHCNHHNHHNHHCOOHCOOHCNHHNHHNHHCOOHCOOHCNHHNHHNHHCNHHNHHNHHCOOH
Charge: -2 Mult: 1

--------------------------------------------------------------------------------
Wrote XYZ file:  Fragment-currentgeo.xyz
Current geometry (Å) in step 0 (print_atoms_list region)
---------------------------------------------------
        C  60.08553948   34.39230648   57.24867935
        H  60.60113656   33.42989277   57.33605787
        H  60.69707359   35.27905761   57.06120859
        C  58.74536647   34.51049904   57.18316168
        C  58.05059386   35.87702244   56.95528142
        O  58.79654891   36.84620215   56.69129205
        O  56.79399604   35.90305249   57.09630476
        O  57.91191072   33.42441494   57.37989409
        C  57.67523187   32.53906416   56.21134609
        H  56.99007140   31.78010098   56.63881967
        C  58.96278907   31.94328197   55.79059549
        H  59.46444003   31.22807256   56.45002495
        C  59.67485154   32.47269625   54.77688356
        C  59.06469756   33.46925066   53.89207648
        H  59.70180491   33.87571641   53.10303207
        C  57.78803730   33.86522870   54.04305019
        H  57.33883762   34.59604081   53.36342602
        C  56.89423211   33.27673235   55.09762812
        H  56.34635494   34.09324928   55.60451650
        O  55.97608451   32.38885323   54.44482449
        H  55.32320613   32.11684996   55.10224994
        C  61.14777994   32.07298737   54.56267414
        O  61.74355572   31.72600363   55.61996160
        O  61.53676461   32.18692640   53.39356809
        C  64.93960000   33.26550000   44.42870000
        O  66.12342500   33.32727600   44.03216300
        O  64.22831600   32.23811700   44.46125900
        H  64.48162100   34.20135000   44.78146100
        C  57.48340000   32.05040000   67.31550000
        N  57.63397700   32.43562000   66.05144600
        H  57.32346000   33.09812200   66.74770000
        H  57.83014600   31.48058200   66.31511300
        N  57.07450100   32.92280400   68.23234900
        H  57.27067000   31.96776600   68.49601600
        H  57.18884900   33.21534000   67.27242800
        N  57.74172100   30.79277600   67.66270500
        H  57.85607000   31.08531100   66.70278400
        H  57.43120400   31.45527800   68.35895900
        C  57.23480000   27.87720000   45.86430000
        O  58.41862500   27.93897600   45.46776300
        O  56.52351600   26.84981700   45.89685900
        H  56.77682100   28.81305000   46.21706100
        C  70.60420000   27.88010000   55.89570000
        O  71.78802500   27.94187600   55.49916300
        O  69.89291600   26.85271700   55.92825900
        H  70.14622100   28.81595000   56.24846100
        C  56.61970000   24.87390000   63.10710000
        N  56.77027700   25.25912000   61.84304600
        H  56.45976000   25.92162200   62.53930000
        H  56.96644600   24.30408200   62.10671300
        N  56.21080100   25.74630400   64.02394900
        H  56.40697000   24.79126600   64.28761600
        H  56.32514900   26.03884000   63.06402800
        N  56.87802100   23.61627600   63.45430500
        H  56.99237000   23.90881100   62.49438400
        H  56.56750400   24.27877800   64.15055900
        C  67.62720000   26.53280000   48.41340000
        O  68.81102500   26.59457600   48.01686300
        O  66.91591600   25.50541700   48.44595900
        H  67.16922100   27.46865000   48.76616100
        C  67.23540000   23.78030000   55.38840000
        O  68.41922500   23.84207600   54.99186300
        O  66.52411600   22.75291700   55.42095900
        H  66.77742100   24.71615000   55.74116100
        C  52.05360000   26.34030000   62.61070000
        N  52.20417700   26.72552000   61.34664600
        H  51.89366000   27.38802200   62.04290000
        H  52.40034600   25.77048200   61.61031300
        N  51.64470100   27.21270400   63.52754900
        H  51.84087000   26.25766600   63.79121600
        H  51.75904900   27.50524000   62.56762800
        N  52.31192100   25.08267600   62.95790500
        H  52.42627000   25.37521100   61.99798400
        H  52.00140400   25.74517800   63.65415900
        C  60.99040000   38.20210000   66.19070000
        N  61.14097700   38.58732000   64.92664600
        H  60.83046000   39.24982200   65.62290000
        H  61.33714600   37.63228200   65.19031300
        N  60.58150100   39.07450400   67.10754900
        H  60.77767000   38.11946600   67.37121600
        H  60.69584900   39.36704000   66.14762800
        N  61.24872100   36.94447600   66.53790500
        H  61.36307000   37.23701100   65.57798400
        H  60.93820400   37.60697800   67.23415900
        C  60.54270000   22.28810000   53.74910000
        O  61.72652500   22.34987600   53.35256300
        O  59.83141600   21.26071700   53.78165900
        H  60.08472100   23.22395000   54.10186100

Note: printed only print_atoms_list (this is not necessarily all atoms) 
  ------------RUNNING QM/MM MODULE------------- 
QM Module: ORCATheory
MM Module: OpenMMTheory
Charge provided from QMMMTheory object:  -2
Mult provided from QMMMTheory object:  1
QM-region Charge: -2 Mult: 1
Embedding: Electrostatic
Number of pointcharges (to QM program): 64
Number of charge coordinates: 64
Running QM/MM object with 8 cores available

-------------------------------------------------------------------
Time to calculate step (before-QMstep): 0.000 seconds, 0.0 minutes.
-------------------------------------------------------------------
  ------------RUNNING ORCA INTERFACE------------- 
Object-label: ORCA
Run-label: None
Running ORCA with 8 cores available
Moreadfile option not active
A GBW-file with same basename : orca.gbw is present
Autostart is False. ORCA will ignore any file present
Creating inputfile: orca.inp
ORCA input:
! B3LYP D3BJ def2-SVP def2/J RIJCOSX CPCM TightSCF

! Noautostart

%cpcm epsilon 4.0 end
%scf MaxIter 300 Guess PModel end
Charge: -2  Mult: 1
Pointcharge embedding is on!
 ORCA Calculation starting. 
Found warning messages in ORCA outputfile:
WARNING: The chosen methods will break translational/rotational symmetry
 WARNING: The chosen methods will break translational symmetry
 WARNING: The chosen methods will break translational symmetry
 Warning: op=0 Small HOMO/LUMO gap (   0.095) - skipping pre-diagonalization

 ORCA Calculation done. 
ORCA converged in 14 iterations
ORCA energy: -836.237122704778
  ------------ENDING ORCA-INTERFACE------------- 

----------------------------------------------------------------
Time to calculate step (ORCA run): 126.118 seconds, 2.1 minutes.
----------------------------------------------------------------

---------------------------------------------------------------
Time to calculate step (QM step): 126.118 seconds, 2.1 minutes.
---------------------------------------------------------------

----------------------------------------------------------------------
Time to calculate step (QMpcgrad prepare): 0.000 seconds, 0.0 minutes.
----------------------------------------------------------------------

--------------------------------------------------------------------------
Time to calculate step (linkatomgrad prepare): 0.000 seconds, 0.0 minutes.
--------------------------------------------------------------------------

----------------------------------------------------------------------------
Time to calculate step (QM/MM gradient prepare): 0.000 seconds, 0.0 minutes.
----------------------------------------------------------------------------
Using OpenMM theory as part of QM/MM.
Using MM on full system. Charges for QM region [0, 1, 2, 3, 4, 5, 6, 7, 8, 9, 10, 11, 12, 13, 14, 15, 16, 17, 18, 19, 20, 21, 22, 23] have been set to zero 

--------------------------------------------------------------------------------
                   Creating/updating OpenMM simulation object                   
--------------------------------------------------------------------------------

Integrator name: VerletIntegrator
Timestep: 0.001
Temperature: 300
Coupling frequency: 1
Properties: {'Threads': '1'}
Topology: <Topology; 1 chains, 1 residues, 88 atoms, 0 bonds>

----------------------------------------------------------------------------------
Time to calculate step (creating/updating simulation): 0.002 seconds, 0.0 minutes.
----------------------------------------------------------------------------------

--------------------------------------------------------------------------------
                     Running Single-point OpenMM Interface                      
--------------------------------------------------------------------------------

Number of OpenMM system constraints defined: 0

-----------------------------------------------------------------------------------
Time to calculate step (OpenMMTheory.run: const-check): 0.002 seconds, 0.0 minutes.
-----------------------------------------------------------------------------------
Updating coordinates.

------------------------------------------------------------------------
Time to calculate step (Creating pos array): 0.000 seconds, 0.0 minutes.
------------------------------------------------------------------------

---------------------------------------------------------------------------
Time to calculate step (Updating MM positions): 0.000 seconds, 0.0 minutes.
---------------------------------------------------------------------------
Calling OpenMM getState.

---------------------------------------------------------------------
Time to calculate step (OpenMM getState): 0.000 seconds, 0.0 minutes.
---------------------------------------------------------------------
OpenMM Energy: -2.6452258705216405 Eh
OpenMM Energy: -1659.9042947891405 kcal/mol

-----------------------
Ending OpenMM interface
-----------------------

----------------------------------------------------------------
Time to calculate step (OpenMM run): 0.002 seconds, 0.0 minutes.
----------------------------------------------------------------

-------------------------------------------------------------
Time to calculate step (MM step): 0.003 seconds, 0.0 minutes.
-------------------------------------------------------------

Note: You are using electrostatic embedding. This means that the QM-energy is actually the polarized QM-energy
Note: MM energy also contains the QM-MM Lennard-Jones interaction

QM energy:              -836.237122704778 
MM energy:                -2.645225870522
QM/MM energy:           -838.882348575300 

  ------------ENDING QM/MM MODULE------------- 

-----------------------------------------------------------------
Time to calculate step (QM/MM run): 126.121 seconds, 2.1 minutes.
-----------------------------------------------------------------
geometric called save_guess_files option option for ASHengineclass.
This option is currently unsupported in ASH. Continuing.

Convergence criteria: {'convergence_energy': 1e-05, 'convergence_grms': 0.003, 'convergence_gmax': 0.006, 'convergence_drms': 0.01, 'convergence_dmax': 0.015, 'convergence_cmax': 0.01}

Replacing coordinates in fragment.
Creating/Updating fragment attributes...
Number of Atoms in fragment: 88
Formula: O18N12H38C20
Label: CHHCCOOOCHCHCCHCHCHOHCOOCOOHCNHHNHHNHHCOOHCOOHCNHHNHHNHHCOOHCOOHCNHHNHHNHHCNHHNHHNHHCOOH
Charge: -2 Mult: 1

--------------------------------------------------------------------------------
Wrote XYZ file:  Fragment-currentgeo.xyz
Current geometry (Å) in step 1 (print_atoms_list region)
---------------------------------------------------
        C  60.04985620   34.40115973   57.27116667
        H  60.57361490   33.43473064   57.27914082
        H  60.64984374   35.29483400   57.07486627
        C  58.70653910   34.52143249   57.22940544
        C  58.01167512   35.91723404   57.06436168
        O  58.75800751   36.89069086   56.84353018
        O  56.75453320   35.94389460   57.21629810
        O  57.88090514   33.42767098   57.41278304
        C  57.65783331   32.53899203   56.22997911
        H  56.94928795   31.79964885   56.65767282
        C  58.93088508   31.93066873   55.80305095
        H  59.45238957   31.21946137   56.45344771
        C  59.65058241   32.46764794   54.79772125
        C  59.05657327   33.45615594   53.89750330
        H  59.69748247   33.83668193   53.09778047
        C  57.78777453   33.87129690   54.05731733
        H  57.33845765   34.59427664   53.37048659
        C  56.89377439   33.28724145   55.11408484
        H  56.33774659   34.09808765   55.62297430
        O  55.98773991   32.38805120   54.45812415
        H  55.33080856   32.12518987   55.11440664
        C  61.15656976   32.10467511   54.62486838
        O  61.74168554   31.74616318   55.68196281
        O  61.57149662   32.27500345   53.47853423
        C  64.93960000   33.26550000   44.42870000
        O  66.12342500   33.32727600   44.03216300
        O  64.22831600   32.23811700   44.46125900
        H  64.48162100   34.20135000   44.78146100
        C  57.48340000   32.05040000   67.31550000
        N  57.63397700   32.43562000   66.05144600
        H  57.32346000   33.09812200   66.74770000
        H  57.83014600   31.48058200   66.31511300
        N  57.07450100   32.92280400   68.23234900
        H  57.27067000   31.96776600   68.49601600
        H  57.18884900   33.21534000   67.27242800
        N  57.74172100   30.79277600   67.66270500
        H  57.85607000   31.08531100   66.70278400
        H  57.43120400   31.45527800   68.35895900
        C  57.23480000   27.87720000   45.86430000
        O  58.41862500   27.93897600   45.46776300
        O  56.52351600   26.84981700   45.89685900
        H  56.77682100   28.81305000   46.21706100
        C  70.60420000   27.88010000   55.89570000
        O  71.78802500   27.94187600   55.49916300
        O  69.89291600   26.85271700   55.92825900
        H  70.14622100   28.81595000   56.24846100
        C  56.61970000   24.87390000   63.10710000
        N  56.77027700   25.25912000   61.84304600
        H  56.45976000   25.92162200   62.53930000
        H  56.96644600   24.30408200   62.10671300
        N  56.21080100   25.74630400   64.02394900
        H  56.40697000   24.79126600   64.28761600
        H  56.32514900   26.03884000   63.06402800
        N  56.87802100   23.61627600   63.45430500
        H  56.99237000   23.90881100   62.49438400
        H  56.56750400   24.27877800   64.15055900
        C  67.62720000   26.53280000   48.41340000
        O  68.81102500   26.59457600   48.01686300
        O  66.91591600   25.50541700   48.44595900
        H  67.16922100   27.46865000   48.76616100
        C  67.23540000   23.78030000   55.38840000
        O  68.41922500   23.84207600   54.99186300
        O  66.52411600   22.75291700   55.42095900
        H  66.77742100   24.71615000   55.74116100
        C  52.05360000   26.34030000   62.61070000
        N  52.20417700   26.72552000   61.34664600
        H  51.89366000   27.38802200   62.04290000
        H  52.40034600   25.77048200   61.61031300
        N  51.64470100   27.21270400   63.52754900
        H  51.84087000   26.25766600   63.79121600
        H  51.75904900   27.50524000   62.56762800
        N  52.31192100   25.08267600   62.95790500
        H  52.42627000   25.37521100   61.99798400
        H  52.00140400   25.74517800   63.65415900
        C  60.99040000   38.20210000   66.19070000
        N  61.14097700   38.58732000   64.92664600
        H  60.83046000   39.24982200   65.62290000
        H  61.33714600   37.63228200   65.19031300
        N  60.58150100   39.07450400   67.10754900
        H  60.77767000   38.11946600   67.37121600
        H  60.69584900   39.36704000   66.14762800
        N  61.24872100   36.94447600   66.53790500
        H  61.36307000   37.23701100   65.57798400
        H  60.93820400   37.60697800   67.23415900
        C  60.54270000   22.28810000   53.74910000
        O  61.72652500   22.34987600   53.35256300
        O  59.83141600   21.26071700   53.78165900
        H  60.08472100   23.22395000   54.10186100

Note: printed only print_atoms_list (this is not necessarily all atoms) 
  ------------RUNNING QM/MM MODULE------------- 
QM Module: ORCATheory
MM Module: OpenMMTheory
Charge provided from QMMMTheory object:  -2
Mult provided from QMMMTheory object:  1
QM-region Charge: -2 Mult: 1
Embedding: Electrostatic
Number of pointcharges (to QM program): 64
Number of charge coordinates: 64
Running QM/MM object with 8 cores available

-------------------------------------------------------------------
Time to calculate step (before-QMstep): 0.000 seconds, 0.0 minutes.
-------------------------------------------------------------------
  ------------RUNNING ORCA INTERFACE------------- 
Object-label: ORCA
Run-label: None
Running ORCA with 8 cores available
Moreadfile option not active
A GBW-file with same basename : orca.gbw is present
Autostart is False. ORCA will ignore any file present
Creating inputfile: orca.inp
ORCA input:
! B3LYP D3BJ def2-SVP def2/J RIJCOSX CPCM TightSCF

! Noautostart

%cpcm epsilon 4.0 end
%scf MaxIter 300 Guess PModel end
Charge: -2  Mult: 1
Pointcharge embedding is on!
 ORCA Calculation starting. 
Found warning messages in ORCA outputfile:
WARNING: The chosen methods will break translational/rotational symmetry
 WARNING: The chosen methods will break translational symmetry
 WARNING: The chosen methods will break translational symmetry
 Warning: op=0 Small HOMO/LUMO gap (   0.095) - skipping pre-diagonalization

 ORCA Calculation done. 
ORCA converged in 12 iterations
ORCA energy: -836.240721108345
  ------------ENDING ORCA-INTERFACE------------- 

----------------------------------------------------------------
Time to calculate step (ORCA run): 117.206 seconds, 2.0 minutes.
----------------------------------------------------------------

---------------------------------------------------------------
Time to calculate step (QM step): 117.206 seconds, 2.0 minutes.
---------------------------------------------------------------

----------------------------------------------------------------------
Time to calculate step (QMpcgrad prepare): 0.000 seconds, 0.0 minutes.
----------------------------------------------------------------------

--------------------------------------------------------------------------
Time to calculate step (linkatomgrad prepare): 0.000 seconds, 0.0 minutes.
--------------------------------------------------------------------------

----------------------------------------------------------------------------
Time to calculate step (QM/MM gradient prepare): 0.000 seconds, 0.0 minutes.
----------------------------------------------------------------------------
Using OpenMM theory as part of QM/MM.
Using MM on full system. Charges for QM region [0, 1, 2, 3, 4, 5, 6, 7, 8, 9, 10, 11, 12, 13, 14, 15, 16, 17, 18, 19, 20, 21, 22, 23] have been set to zero 

--------------------------------------------------------------------------------
                   Creating/updating OpenMM simulation object                   
--------------------------------------------------------------------------------

Integrator name: VerletIntegrator
Timestep: 0.001
Temperature: 300
Coupling frequency: 1
Properties: {'Threads': '1'}
Topology: <Topology; 1 chains, 1 residues, 88 atoms, 0 bonds>

----------------------------------------------------------------------------------
Time to calculate step (creating/updating simulation): 0.002 seconds, 0.0 minutes.
----------------------------------------------------------------------------------

--------------------------------------------------------------------------------
                     Running Single-point OpenMM Interface                      
--------------------------------------------------------------------------------

Number of OpenMM system constraints defined: 0

-----------------------------------------------------------------------------------
Time to calculate step (OpenMMTheory.run: const-check): 0.002 seconds, 0.0 minutes.
-----------------------------------------------------------------------------------
Updating coordinates.

------------------------------------------------------------------------
Time to calculate step (Creating pos array): 0.000 seconds, 0.0 minutes.
------------------------------------------------------------------------

---------------------------------------------------------------------------
Time to calculate step (Updating MM positions): 0.000 seconds, 0.0 minutes.
---------------------------------------------------------------------------
Calling OpenMM getState.

---------------------------------------------------------------------
Time to calculate step (OpenMM getState): 0.000 seconds, 0.0 minutes.
---------------------------------------------------------------------
OpenMM Energy: -2.6452271750014162 Eh
OpenMM Energy: -1659.9051133625585 kcal/mol

-----------------------
Ending OpenMM interface
-----------------------

----------------------------------------------------------------
Time to calculate step (OpenMM run): 0.004 seconds, 0.0 minutes.
----------------------------------------------------------------

-------------------------------------------------------------
Time to calculate step (MM step): 0.004 seconds, 0.0 minutes.
-------------------------------------------------------------

Note: You are using electrostatic embedding. This means that the QM-energy is actually the polarized QM-energy
Note: MM energy also contains the QM-MM Lennard-Jones interaction

QM energy:              -836.240721108345 
MM energy:                -2.645227175001
QM/MM energy:           -838.885948283346 

  ------------ENDING QM/MM MODULE------------- 

-----------------------------------------------------------------
Time to calculate step (QM/MM run): 117.211 seconds, 2.0 minutes.
-----------------------------------------------------------------
geometric called save_guess_files option option for ASHengineclass.
This option is currently unsupported in ASH. Continuing.

Convergence criteria: {'convergence_energy': 1e-05, 'convergence_grms': 0.003, 'convergence_gmax': 0.006, 'convergence_drms': 0.01, 'convergence_dmax': 0.015, 'convergence_cmax': 0.01}

Replacing coordinates in fragment.
Creating/Updating fragment attributes...
Number of Atoms in fragment: 88
Formula: O18N12H38C20
Label: CHHCCOOOCHCHCCHCHCHOHCOOCOOHCNHHNHHNHHCOOHCOOHCNHHNHHNHHCOOHCOOHCNHHNHHNHHCNHHNHHNHHCOOH
Charge: -2 Mult: 1

--------------------------------------------------------------------------------
Wrote XYZ file:  Fragment-currentgeo.xyz
Current geometry (Å) in step 2 (print_atoms_list region)
---------------------------------------------------
        C  59.97615574   34.42120057   57.29197801
        H  60.50418109   33.45745761   57.17327479
        H  60.55036042   35.33496299   57.11566250
        C  58.62965997   34.54664253   57.32662063
        C  57.93573068   35.98186118   57.32442820
        O  58.67498646   36.97156759   57.17309841
        O  56.67722625   35.99644073   57.46827870
        O  57.81432506   33.44045623   57.47323500
        C  57.61576359   32.54398793   56.27204474
        H  56.87027310   31.83928481   56.69618716
        C  58.87831702   31.91912169   55.84422739
        H  59.41643344   31.21396492   56.48850038
        C  59.61556133   32.46012152   54.84943881
        C  59.03796040   33.43112884   53.92122552
        H  59.68608713   33.75439743   53.09964603
        C  57.78278501   33.88409853   54.09076640
        H  57.33333335   34.59132872   53.38759449
        C  56.88503082   33.31067672   55.15047376
        H  56.31199622   34.11143634   55.65841372
        O  56.00038415   32.39707418   54.48408114
        H  55.33557993   32.14054899   55.13547045
        C  61.17090515   32.17962521   54.74776359
        O  61.69330826   31.79313122   55.82763873
        O  61.67048625   32.46617848   53.65613570
        C  64.93960000   33.26550000   44.42870000
        O  66.12342500   33.32727600   44.03216300
        O  64.22831600   32.23811700   44.46125900
        H  64.48162100   34.20135000   44.78146100
        C  57.48340000   32.05040000   67.31550000
        N  57.63397700   32.43562000   66.05144600
        H  57.32346000   33.09812200   66.74770000
        H  57.83014600   31.48058200   66.31511300
        N  57.07450100   32.92280400   68.23234900
        H  57.27067000   31.96776600   68.49601600
        H  57.18884900   33.21534000   67.27242800
        N  57.74172100   30.79277600   67.66270500
        H  57.85607000   31.08531100   66.70278400
        H  57.43120400   31.45527800   68.35895900
        C  57.23480000   27.87720000   45.86430000
        O  58.41862500   27.93897600   45.46776300
        O  56.52351600   26.84981700   45.89685900
        H  56.77682100   28.81305000   46.21706100
        C  70.60420000   27.88010000   55.89570000
        O  71.78802500   27.94187600   55.49916300
        O  69.89291600   26.85271700   55.92825900
        H  70.14622100   28.81595000   56.24846100
        C  56.61970000   24.87390000   63.10710000
        N  56.77027700   25.25912000   61.84304600
        H  56.45976000   25.92162200   62.53930000
        H  56.96644600   24.30408200   62.10671300
        N  56.21080100   25.74630400   64.02394900
        H  56.40697000   24.79126600   64.28761600
        H  56.32514900   26.03884000   63.06402800
        N  56.87802100   23.61627600   63.45430500
        H  56.99237000   23.90881100   62.49438400
        H  56.56750400   24.27877800   64.15055900
        C  67.62720000   26.53280000   48.41340000
        O  68.81102500   26.59457600   48.01686300
        O  66.91591600   25.50541700   48.44595900
        H  67.16922100   27.46865000   48.76616100
        C  67.23540000   23.78030000   55.38840000
        O  68.41922500   23.84207600   54.99186300
        O  66.52411600   22.75291700   55.42095900
        H  66.77742100   24.71615000   55.74116100
        C  52.05360000   26.34030000   62.61070000
        N  52.20417700   26.72552000   61.34664600
        H  51.89366000   27.38802200   62.04290000
        H  52.40034600   25.77048200   61.61031300
        N  51.64470100   27.21270400   63.52754900
        H  51.84087000   26.25766600   63.79121600
        H  51.75904900   27.50524000   62.56762800
        N  52.31192100   25.08267600   62.95790500
        H  52.42627000   25.37521100   61.99798400
        H  52.00140400   25.74517800   63.65415900
        C  60.99040000   38.20210000   66.19070000
        N  61.14097700   38.58732000   64.92664600
        H  60.83046000   39.24982200   65.62290000
        H  61.33714600   37.63228200   65.19031300
        N  60.58150100   39.07450400   67.10754900
        H  60.77767000   38.11946600   67.37121600
        H  60.69584900   39.36704000   66.14762800
        N  61.24872100   36.94447600   66.53790500
        H  61.36307000   37.23701100   65.57798400
        H  60.93820400   37.60697800   67.23415900
        C  60.54270000   22.28810000   53.74910000
        O  61.72652500   22.34987600   53.35256300
        O  59.83141600   21.26071700   53.78165900
        H  60.08472100   23.22395000   54.10186100

Note: printed only print_atoms_list (this is not necessarily all atoms) 
  ------------RUNNING QM/MM MODULE------------- 
QM Module: ORCATheory
MM Module: OpenMMTheory
Charge provided from QMMMTheory object:  -2
Mult provided from QMMMTheory object:  1
QM-region Charge: -2 Mult: 1
Embedding: Electrostatic
Number of pointcharges (to QM program): 64
Number of charge coordinates: 64
Running QM/MM object with 8 cores available

-------------------------------------------------------------------
Time to calculate step (before-QMstep): 0.000 seconds, 0.0 minutes.
-------------------------------------------------------------------
  ------------RUNNING ORCA INTERFACE------------- 
Object-label: ORCA
Run-label: None
Running ORCA with 8 cores available
Moreadfile option not active
A GBW-file with same basename : orca.gbw is present
Autostart is False. ORCA will ignore any file present
Creating inputfile: orca.inp
ORCA input:
! B3LYP D3BJ def2-SVP def2/J RIJCOSX CPCM TightSCF

! Noautostart

%cpcm epsilon 4.0 end
%scf MaxIter 300 Guess PModel end
Charge: -2  Mult: 1
Pointcharge embedding is on!
 ORCA Calculation starting. 
Found warning messages in ORCA outputfile:
WARNING: The chosen methods will break translational/rotational symmetry
 WARNING: The chosen methods will break translational symmetry
 WARNING: The chosen methods will break translational symmetry
 Warning: op=0 Small HOMO/LUMO gap (   0.097) - skipping pre-diagonalization

 ORCA Calculation done. 
ORCA converged in 14 iterations
ORCA energy: -836.246592291645
  ------------ENDING ORCA-INTERFACE------------- 

----------------------------------------------------------------
Time to calculate step (ORCA run): 132.429 seconds, 2.2 minutes.
----------------------------------------------------------------

---------------------------------------------------------------
Time to calculate step (QM step): 132.429 seconds, 2.2 minutes.
---------------------------------------------------------------

----------------------------------------------------------------------
Time to calculate step (QMpcgrad prepare): 0.000 seconds, 0.0 minutes.
----------------------------------------------------------------------

--------------------------------------------------------------------------
Time to calculate step (linkatomgrad prepare): 0.000 seconds, 0.0 minutes.
--------------------------------------------------------------------------

----------------------------------------------------------------------------
Time to calculate step (QM/MM gradient prepare): 0.000 seconds, 0.0 minutes.
----------------------------------------------------------------------------
Using OpenMM theory as part of QM/MM.
Using MM on full system. Charges for QM region [0, 1, 2, 3, 4, 5, 6, 7, 8, 9, 10, 11, 12, 13, 14, 15, 16, 17, 18, 19, 20, 21, 22, 23] have been set to zero 

--------------------------------------------------------------------------------
                   Creating/updating OpenMM simulation object                   
--------------------------------------------------------------------------------

Integrator name: VerletIntegrator
Timestep: 0.001
Temperature: 300
Coupling frequency: 1
Properties: {'Threads': '1'}
Topology: <Topology; 1 chains, 1 residues, 88 atoms, 0 bonds>

----------------------------------------------------------------------------------
Time to calculate step (creating/updating simulation): 0.002 seconds, 0.0 minutes.
----------------------------------------------------------------------------------

--------------------------------------------------------------------------------
                     Running Single-point OpenMM Interface                      
--------------------------------------------------------------------------------

Number of OpenMM system constraints defined: 0

-----------------------------------------------------------------------------------
Time to calculate step (OpenMMTheory.run: const-check): 0.002 seconds, 0.0 minutes.
-----------------------------------------------------------------------------------
Updating coordinates.

------------------------------------------------------------------------
Time to calculate step (Creating pos array): 0.000 seconds, 0.0 minutes.
------------------------------------------------------------------------

---------------------------------------------------------------------------
Time to calculate step (Updating MM positions): 0.000 seconds, 0.0 minutes.
---------------------------------------------------------------------------
Calling OpenMM getState.

---------------------------------------------------------------------
Time to calculate step (OpenMM getState): 0.000 seconds, 0.0 minutes.
---------------------------------------------------------------------
OpenMM Energy: -2.645230415936891 Eh
OpenMM Energy: -1659.9071470802737 kcal/mol

-----------------------
Ending OpenMM interface
-----------------------

----------------------------------------------------------------
Time to calculate step (OpenMM run): 0.003 seconds, 0.0 minutes.
----------------------------------------------------------------

-------------------------------------------------------------
Time to calculate step (MM step): 0.003 seconds, 0.0 minutes.
-------------------------------------------------------------

Note: You are using electrostatic embedding. This means that the QM-energy is actually the polarized QM-energy
Note: MM energy also contains the QM-MM Lennard-Jones interaction

QM energy:              -836.246592291645 
MM energy:                -2.645230415937
QM/MM energy:           -838.891822707582 

  ------------ENDING QM/MM MODULE------------- 

-----------------------------------------------------------------
Time to calculate step (QM/MM run): 132.433 seconds, 2.2 minutes.
-----------------------------------------------------------------
geometric called save_guess_files option option for ASHengineclass.
This option is currently unsupported in ASH. Continuing.
geometric called clearCalcs option for ASHengineclass.
This option is currently unsupported in ASH. Continuing.

Convergence criteria: {'convergence_energy': 1e-05, 'convergence_grms': 0.003, 'convergence_gmax': 0.006, 'convergence_drms': 0.01, 'convergence_dmax': 0.015, 'convergence_cmax': 0.01}

Replacing coordinates in fragment.
Creating/Updating fragment attributes...
Number of Atoms in fragment: 88
Formula: O18N12H38C20
Label: CHHCCOOOCHCHCCHCHCHOHCOOCOOHCNHHNHHNHHCOOHCOOHCNHHNHHNHHCOOHCOOHCNHHNHHNHHCNHHNHHNHHCOOH
Charge: -2 Mult: 1

--------------------------------------------------------------------------------
Wrote XYZ file:  Fragment-currentgeo.xyz
Current geometry (Å) in step 3 (print_atoms_list region)
---------------------------------------------------
        C  59.86912701   34.46542388   57.30280968
        H  60.39527919   33.51908303   57.05831549
        H  60.41657740   35.40277433   57.18262261
        C  58.52610936   34.58636536   57.46370238
        C  57.82688078   36.03420556   57.67515668
        O  58.56813659   37.04556576   57.67100343
        O  56.57241834   36.03554564   57.84500623
        O  57.71849204   33.46790411   57.55293805
        C  57.55519098   32.56471246   56.33349504
        H  56.77765160   31.89086980   56.74635575
        C  58.81861840   31.92310067   55.91684148
        H  59.35373078   31.22506618   56.57064990
        C  59.57521795   32.45227772   54.92321896
        C  59.00956426   33.39816699   53.96065666
        H  59.66380403   33.65228921   53.11714115
        C  57.77171902   33.89831965   54.13573486
        H  57.32335770   34.58606766   53.41189606
        C  56.86367496   33.34471964   55.19924580
        H  56.26996460   34.13630907   55.69766223
        O  55.99933910   32.42221558   54.51601451
        H  55.32682610   32.15919085   55.15805905
        C  61.17404105   32.29352500   54.93820113
        O  61.62849579   31.85491557   56.03142214
        O  61.78526778   32.73756361   53.94537408
        C  64.93960000   33.26550000   44.42870000
        O  66.12342500   33.32727600   44.03216300
        O  64.22831600   32.23811700   44.46125900
        H  64.48162100   34.20135000   44.78146100
        C  57.48340000   32.05040000   67.31550000
        N  57.63397700   32.43562000   66.05144600
        H  57.32346000   33.09812200   66.74770000
        H  57.83014600   31.48058200   66.31511300
        N  57.07450100   32.92280400   68.23234900
        H  57.27067000   31.96776600   68.49601600
        H  57.18884900   33.21534000   67.27242800
        N  57.74172100   30.79277600   67.66270500
        H  57.85607000   31.08531100   66.70278400
        H  57.43120400   31.45527800   68.35895900
        C  57.23480000   27.87720000   45.86430000
        O  58.41862500   27.93897600   45.46776300
        O  56.52351600   26.84981700   45.89685900
        H  56.77682100   28.81305000   46.21706100
        C  70.60420000   27.88010000   55.89570000
        O  71.78802500   27.94187600   55.49916300
        O  69.89291600   26.85271700   55.92825900
        H  70.14622100   28.81595000   56.24846100
        C  56.61970000   24.87390000   63.10710000
        N  56.77027700   25.25912000   61.84304600
        H  56.45976000   25.92162200   62.53930000
        H  56.96644600   24.30408200   62.10671300
        N  56.21080100   25.74630400   64.02394900
        H  56.40697000   24.79126600   64.28761600
        H  56.32514900   26.03884000   63.06402800
        N  56.87802100   23.61627600   63.45430500
        H  56.99237000   23.90881100   62.49438400
        H  56.56750400   24.27877800   64.15055900
        C  67.62720000   26.53280000   48.41340000
        O  68.81102500   26.59457600   48.01686300
        O  66.91591600   25.50541700   48.44595900
        H  67.16922100   27.46865000   48.76616100
        C  67.23540000   23.78030000   55.38840000
        O  68.41922500   23.84207600   54.99186300
        O  66.52411600   22.75291700   55.42095900
        H  66.77742100   24.71615000   55.74116100
        C  52.05360000   26.34030000   62.61070000
        N  52.20417700   26.72552000   61.34664600
        H  51.89366000   27.38802200   62.04290000
        H  52.40034600   25.77048200   61.61031300
        N  51.64470100   27.21270400   63.52754900
        H  51.84087000   26.25766600   63.79121600
        H  51.75904900   27.50524000   62.56762800
        N  52.31192100   25.08267600   62.95790500
        H  52.42627000   25.37521100   61.99798400
        H  52.00140400   25.74517800   63.65415900
        C  60.99040000   38.20210000   66.19070000
        N  61.14097700   38.58732000   64.92664600
        H  60.83046000   39.24982200   65.62290000
        H  61.33714600   37.63228200   65.19031300
        N  60.58150100   39.07450400   67.10754900
        H  60.77767000   38.11946600   67.37121600
        H  60.69584900   39.36704000   66.14762800
        N  61.24872100   36.94447600   66.53790500
        H  61.36307000   37.23701100   65.57798400
        H  60.93820400   37.60697800   67.23415900
        C  60.54270000   22.28810000   53.74910000
        O  61.72652500   22.34987600   53.35256300
        O  59.83141600   21.26071700   53.78165900
        H  60.08472100   23.22395000   54.10186100

Note: printed only print_atoms_list (this is not necessarily all atoms) 
  ------------RUNNING QM/MM MODULE------------- 
QM Module: ORCATheory
MM Module: OpenMMTheory
Charge provided from QMMMTheory object:  -2
Mult provided from QMMMTheory object:  1
QM-region Charge: -2 Mult: 1
Embedding: Electrostatic
Number of pointcharges (to QM program): 64
Number of charge coordinates: 64
Running QM/MM object with 8 cores available

-------------------------------------------------------------------
Time to calculate step (before-QMstep): 0.000 seconds, 0.0 minutes.
-------------------------------------------------------------------
  ------------RUNNING ORCA INTERFACE------------- 
Object-label: ORCA
Run-label: None
Running ORCA with 8 cores available
Moreadfile option not active
A GBW-file with same basename : orca.gbw is present
Autostart is False. ORCA will ignore any file present
Creating inputfile: orca.inp
ORCA input:
! B3LYP D3BJ def2-SVP def2/J RIJCOSX CPCM TightSCF

! Noautostart

%cpcm epsilon 4.0 end
%scf MaxIter 300 Guess PModel end
Charge: -2  Mult: 1
Pointcharge embedding is on!
 ORCA Calculation starting. 
Found warning messages in ORCA outputfile:
WARNING: The chosen methods will break translational/rotational symmetry
 WARNING: The chosen methods will break translational symmetry
 WARNING: The chosen methods will break translational symmetry
 Warning: op=0 Small HOMO/LUMO gap (   0.096) - skipping pre-diagonalization

 ORCA Calculation done. 
ORCA converged in 14 iterations
ORCA energy: -836.252735376338
  ------------ENDING ORCA-INTERFACE------------- 

----------------------------------------------------------------
Time to calculate step (ORCA run): 134.729 seconds, 2.2 minutes.
----------------------------------------------------------------

---------------------------------------------------------------
Time to calculate step (QM step): 134.729 seconds, 2.2 minutes.
---------------------------------------------------------------

----------------------------------------------------------------------
Time to calculate step (QMpcgrad prepare): 0.000 seconds, 0.0 minutes.
----------------------------------------------------------------------

--------------------------------------------------------------------------
Time to calculate step (linkatomgrad prepare): 0.000 seconds, 0.0 minutes.
--------------------------------------------------------------------------

----------------------------------------------------------------------------
Time to calculate step (QM/MM gradient prepare): 0.000 seconds, 0.0 minutes.
----------------------------------------------------------------------------
Using OpenMM theory as part of QM/MM.
Using MM on full system. Charges for QM region [0, 1, 2, 3, 4, 5, 6, 7, 8, 9, 10, 11, 12, 13, 14, 15, 16, 17, 18, 19, 20, 21, 22, 23] have been set to zero 

--------------------------------------------------------------------------------
                   Creating/updating OpenMM simulation object                   
--------------------------------------------------------------------------------

Integrator name: VerletIntegrator
Timestep: 0.001
Temperature: 300
Coupling frequency: 1
Properties: {'Threads': '1'}
Topology: <Topology; 1 chains, 1 residues, 88 atoms, 0 bonds>

----------------------------------------------------------------------------------
Time to calculate step (creating/updating simulation): 0.002 seconds, 0.0 minutes.
----------------------------------------------------------------------------------

--------------------------------------------------------------------------------
                     Running Single-point OpenMM Interface                      
--------------------------------------------------------------------------------

Number of OpenMM system constraints defined: 0

-----------------------------------------------------------------------------------
Time to calculate step (OpenMMTheory.run: const-check): 0.002 seconds, 0.0 minutes.
-----------------------------------------------------------------------------------
Updating coordinates.

------------------------------------------------------------------------
Time to calculate step (Creating pos array): 0.000 seconds, 0.0 minutes.
------------------------------------------------------------------------

---------------------------------------------------------------------------
Time to calculate step (Updating MM positions): 0.000 seconds, 0.0 minutes.
---------------------------------------------------------------------------
Calling OpenMM getState.

---------------------------------------------------------------------
Time to calculate step (OpenMM getState): 0.000 seconds, 0.0 minutes.
---------------------------------------------------------------------
OpenMM Energy: -2.6452365770558948 Eh
OpenMM Energy: -1659.9110132408196 kcal/mol

-----------------------
Ending OpenMM interface
-----------------------

----------------------------------------------------------------
Time to calculate step (OpenMM run): 0.003 seconds, 0.0 minutes.
----------------------------------------------------------------

-------------------------------------------------------------
Time to calculate step (MM step): 0.004 seconds, 0.0 minutes.
-------------------------------------------------------------

Note: You are using electrostatic embedding. This means that the QM-energy is actually the polarized QM-energy
Note: MM energy also contains the QM-MM Lennard-Jones interaction

QM energy:              -836.252735376338 
MM energy:                -2.645236577056
QM/MM energy:           -838.897971953394 

  ------------ENDING QM/MM MODULE------------- 

-----------------------------------------------------------------
Time to calculate step (QM/MM run): 134.733 seconds, 2.2 minutes.
-----------------------------------------------------------------
geometric called save_guess_files option option for ASHengineclass.
This option is currently unsupported in ASH. Continuing.

Convergence criteria: {'convergence_energy': 1e-05, 'convergence_grms': 0.003, 'convergence_gmax': 0.006, 'convergence_drms': 0.01, 'convergence_dmax': 0.015, 'convergence_cmax': 0.01}

Replacing coordinates in fragment.
Creating/Updating fragment attributes...
Number of Atoms in fragment: 88
Formula: O18N12H38C20
Label: CHHCCOOOCHCHCCHCHCHOHCOOCOOHCNHHNHHNHHCOOHCOOHCNHHNHHNHHCOOHCOOHCNHHNHHNHHCNHHNHHNHHCOOH
Charge: -2 Mult: 1

--------------------------------------------------------------------------------
Wrote XYZ file:  Fragment-currentgeo.xyz
Current geometry (Å) in step 4 (print_atoms_list region)
---------------------------------------------------
        C  59.80632748   34.51522923   57.30182968
        H  60.32901797   33.58313865   57.05461820
        H  60.35289738   35.45537777   57.23105743
        C  58.47841056   34.61044350   57.53658391
        C  57.77196938   36.02135122   57.86228967
        O  58.52340824   37.02952535   57.93256975
        O  56.52420899   36.00739042   58.04186903
        O  57.66868207   33.49139270   57.58837513
        C  57.52292701   32.59033154   56.36830996
        H  56.75060312   31.90978912   56.76736422
        C  58.80544877   31.95290382   55.97798041
        H  59.31452659   31.25746948   56.65173202
        C  59.56524336   32.46402189   54.97929698
        C  58.99760979   33.38739942   53.99411315
        H  59.64740250   33.62308194   53.14423492
        C  57.76350266   33.89979881   54.15679743
        H  57.31746205   34.57951663   53.42327448
        C  56.84450021   33.36346869   55.22139864
        H  56.24464519   34.15840675   55.70477706
        O  55.98053480   32.44766072   54.52909119
        H  55.30668020   32.16666060   55.16433598
        C  61.15208712   32.35401419   55.05001209
        O  61.58685269   31.88959100   56.13717372
        O  61.79827522   32.85438977   54.10962904
        C  64.93960000   33.26550000   44.42870000
        O  66.12342500   33.32727600   44.03216300
        O  64.22831600   32.23811700   44.46125900
        H  64.48162100   34.20135000   44.78146100
        C  57.48340000   32.05040000   67.31550000
        N  57.63397700   32.43562000   66.05144600
        H  57.32346000   33.09812200   66.74770000
        H  57.83014600   31.48058200   66.31511300
        N  57.07450100   32.92280400   68.23234900
        H  57.27067000   31.96776600   68.49601600
        H  57.18884900   33.21534000   67.27242800
        N  57.74172100   30.79277600   67.66270500
        H  57.85607000   31.08531100   66.70278400
        H  57.43120400   31.45527800   68.35895900
        C  57.23480000   27.87720000   45.86430000
        O  58.41862500   27.93897600   45.46776300
        O  56.52351600   26.84981700   45.89685900
        H  56.77682100   28.81305000   46.21706100
        C  70.60420000   27.88010000   55.89570000
        O  71.78802500   27.94187600   55.49916300
        O  69.89291600   26.85271700   55.92825900
        H  70.14622100   28.81595000   56.24846100
        C  56.61970000   24.87390000   63.10710000
        N  56.77027700   25.25912000   61.84304600
        H  56.45976000   25.92162200   62.53930000
        H  56.96644600   24.30408200   62.10671300
        N  56.21080100   25.74630400   64.02394900
        H  56.40697000   24.79126600   64.28761600
        H  56.32514900   26.03884000   63.06402800
        N  56.87802100   23.61627600   63.45430500
        H  56.99237000   23.90881100   62.49438400
        H  56.56750400   24.27877800   64.15055900
        C  67.62720000   26.53280000   48.41340000
        O  68.81102500   26.59457600   48.01686300
        O  66.91591600   25.50541700   48.44595900
        H  67.16922100   27.46865000   48.76616100
        C  67.23540000   23.78030000   55.38840000
        O  68.41922500   23.84207600   54.99186300
        O  66.52411600   22.75291700   55.42095900
        H  66.77742100   24.71615000   55.74116100
        C  52.05360000   26.34030000   62.61070000
        N  52.20417700   26.72552000   61.34664600
        H  51.89366000   27.38802200   62.04290000
        H  52.40034600   25.77048200   61.61031300
        N  51.64470100   27.21270400   63.52754900
        H  51.84087000   26.25766600   63.79121600
        H  51.75904900   27.50524000   62.56762800
        N  52.31192100   25.08267600   62.95790500
        H  52.42627000   25.37521100   61.99798400
        H  52.00140400   25.74517800   63.65415900
        C  60.99040000   38.20210000   66.19070000
        N  61.14097700   38.58732000   64.92664600
        H  60.83046000   39.24982200   65.62290000
        H  61.33714600   37.63228200   65.19031300
        N  60.58150100   39.07450400   67.10754900
        H  60.77767000   38.11946600   67.37121600
        H  60.69584900   39.36704000   66.14762800
        N  61.24872100   36.94447600   66.53790500
        H  61.36307000   37.23701100   65.57798400
        H  60.93820400   37.60697800   67.23415900
        C  60.54270000   22.28810000   53.74910000
        O  61.72652500   22.34987600   53.35256300
        O  59.83141600   21.26071700   53.78165900
        H  60.08472100   23.22395000   54.10186100

Note: printed only print_atoms_list (this is not necessarily all atoms) 
  ------------RUNNING QM/MM MODULE------------- 
QM Module: ORCATheory
MM Module: OpenMMTheory
Charge provided from QMMMTheory object:  -2
Mult provided from QMMMTheory object:  1
QM-region Charge: -2 Mult: 1
Embedding: Electrostatic
Number of pointcharges (to QM program): 64
Number of charge coordinates: 64
Running QM/MM object with 8 cores available

-------------------------------------------------------------------
Time to calculate step (before-QMstep): 0.000 seconds, 0.0 minutes.
-------------------------------------------------------------------
  ------------RUNNING ORCA INTERFACE------------- 
Object-label: ORCA
Run-label: None
Running ORCA with 8 cores available
Moreadfile option not active
A GBW-file with same basename : orca.gbw is present
Autostart is False. ORCA will ignore any file present
Creating inputfile: orca.inp
ORCA input:
! B3LYP D3BJ def2-SVP def2/J RIJCOSX CPCM TightSCF

! Noautostart

%cpcm epsilon 4.0 end
%scf MaxIter 300 Guess PModel end
Charge: -2  Mult: 1
Pointcharge embedding is on!
 ORCA Calculation starting. 
Found warning messages in ORCA outputfile:
WARNING: The chosen methods will break translational/rotational symmetry
 WARNING: The chosen methods will break translational symmetry
 WARNING: The chosen methods will break translational symmetry
 Warning: op=0 Small HOMO/LUMO gap (   0.094) - skipping pre-diagonalization

 ORCA Calculation done. 
ORCA converged in 14 iterations
ORCA energy: -836.260865078791
  ------------ENDING ORCA-INTERFACE------------- 

----------------------------------------------------------------
Time to calculate step (ORCA run): 126.727 seconds, 2.1 minutes.
----------------------------------------------------------------

---------------------------------------------------------------
Time to calculate step (QM step): 126.727 seconds, 2.1 minutes.
---------------------------------------------------------------

----------------------------------------------------------------------
Time to calculate step (QMpcgrad prepare): 0.000 seconds, 0.0 minutes.
----------------------------------------------------------------------

--------------------------------------------------------------------------
Time to calculate step (linkatomgrad prepare): 0.000 seconds, 0.0 minutes.
--------------------------------------------------------------------------

----------------------------------------------------------------------------
Time to calculate step (QM/MM gradient prepare): 0.000 seconds, 0.0 minutes.
----------------------------------------------------------------------------
Using OpenMM theory as part of QM/MM.
Using MM on full system. Charges for QM region [0, 1, 2, 3, 4, 5, 6, 7, 8, 9, 10, 11, 12, 13, 14, 15, 16, 17, 18, 19, 20, 21, 22, 23] have been set to zero 

--------------------------------------------------------------------------------
                   Creating/updating OpenMM simulation object                   
--------------------------------------------------------------------------------

Integrator name: VerletIntegrator
Timestep: 0.001
Temperature: 300
Coupling frequency: 1
Properties: {'Threads': '1'}
Topology: <Topology; 1 chains, 1 residues, 88 atoms, 0 bonds>

----------------------------------------------------------------------------------
Time to calculate step (creating/updating simulation): 0.002 seconds, 0.0 minutes.
----------------------------------------------------------------------------------

--------------------------------------------------------------------------------
                     Running Single-point OpenMM Interface                      
--------------------------------------------------------------------------------

Number of OpenMM system constraints defined: 0

-----------------------------------------------------------------------------------
Time to calculate step (OpenMMTheory.run: const-check): 0.002 seconds, 0.0 minutes.
-----------------------------------------------------------------------------------
Updating coordinates.

------------------------------------------------------------------------
Time to calculate step (Creating pos array): 0.000 seconds, 0.0 minutes.
------------------------------------------------------------------------

---------------------------------------------------------------------------
Time to calculate step (Updating MM positions): 0.000 seconds, 0.0 minutes.
---------------------------------------------------------------------------
Calling OpenMM getState.

---------------------------------------------------------------------
Time to calculate step (OpenMM getState): 0.000 seconds, 0.0 minutes.
---------------------------------------------------------------------
OpenMM Energy: -2.6452406473481584 Eh
OpenMM Energy: -1659.9135673877772 kcal/mol

-----------------------
Ending OpenMM interface
-----------------------

----------------------------------------------------------------
Time to calculate step (OpenMM run): 0.004 seconds, 0.0 minutes.
----------------------------------------------------------------

-------------------------------------------------------------
Time to calculate step (MM step): 0.004 seconds, 0.0 minutes.
-------------------------------------------------------------

Note: You are using electrostatic embedding. This means that the QM-energy is actually the polarized QM-energy
Note: MM energy also contains the QM-MM Lennard-Jones interaction

QM energy:              -836.260865078791 
MM energy:                -2.645240647348
QM/MM energy:           -838.906105726139 

  ------------ENDING QM/MM MODULE------------- 

-----------------------------------------------------------------
Time to calculate step (QM/MM run): 126.731 seconds, 2.1 minutes.
-----------------------------------------------------------------
geometric called save_guess_files option option for ASHengineclass.
This option is currently unsupported in ASH. Continuing.

Convergence criteria: {'convergence_energy': 1e-05, 'convergence_grms': 0.003, 'convergence_gmax': 0.006, 'convergence_drms': 0.01, 'convergence_dmax': 0.015, 'convergence_cmax': 0.01}

Replacing coordinates in fragment.
Creating/Updating fragment attributes...
Number of Atoms in fragment: 88
Formula: O18N12H38C20
Label: CHHCCOOOCHCHCCHCHCHOHCOOCOOHCNHHNHHNHHCOOHCOOHCNHHNHHNHHCOOHCOOHCNHHNHHNHHCNHHNHHNHHCOOH
Charge: -2 Mult: 1

--------------------------------------------------------------------------------
Wrote XYZ file:  Fragment-currentgeo.xyz
Current geometry (Å) in step 5 (print_atoms_list region)
---------------------------------------------------
        C  59.62533878   34.68416319   57.35435098
        H  60.16768796   33.78671877   57.07609467
        H  60.18186453   35.62039097   57.39402429
        C  58.33831614   34.66970666   57.73350361
        C  57.64784656   35.94435753   58.33693399
        O  58.38966710   36.94212183   58.63123789
        O  56.41581999   35.88980537   58.56542587
        O  57.52712585   33.54659604   57.67892609
        C  57.43679775   32.67088591   56.46159240
        H  56.69585503   31.94318722   56.82112697
        C  58.77391531   32.06169541   56.16234871
        H  59.21177022   31.38691817   56.90415804
        C  59.55057094   32.51958168   55.15670622
        C  58.97414781   33.37650089   54.10869545
        H  59.61249673   33.58664996   53.24871075
        C  57.73784721   33.89439799   54.21596336
        H  57.31058937   34.54861920   53.44680380
        C  56.78241161   33.41231494   55.27699928
        H  56.17878379   34.23219897   55.71160344
        O  55.91259949   32.51757787   54.56781609
        H  55.24049397   32.18987999   55.18561651
        C  61.07911640   32.49282489   55.34368422
        O  61.44576716   31.96077744   56.42925308
        O  61.76950878   33.15398455   54.53854718
        C  64.93960000   33.26550000   44.42870000
        O  66.12342500   33.32727600   44.03216300
        O  64.22831600   32.23811700   44.46125900
        H  64.48162100   34.20135000   44.78146100
        C  57.48340000   32.05040000   67.31550000
        N  57.63397700   32.43562000   66.05144600
        H  57.32346000   33.09812200   66.74770000
        H  57.83014600   31.48058200   66.31511300
        N  57.07450100   32.92280400   68.23234900
        H  57.27067000   31.96776600   68.49601600
        H  57.18884900   33.21534000   67.27242800
        N  57.74172100   30.79277600   67.66270500
        H  57.85607000   31.08531100   66.70278400
        H  57.43120400   31.45527800   68.35895900
        C  57.23480000   27.87720000   45.86430000
        O  58.41862500   27.93897600   45.46776300
        O  56.52351600   26.84981700   45.89685900
        H  56.77682100   28.81305000   46.21706100
        C  70.60420000   27.88010000   55.89570000
        O  71.78802500   27.94187600   55.49916300
        O  69.89291600   26.85271700   55.92825900
        H  70.14622100   28.81595000   56.24846100
        C  56.61970000   24.87390000   63.10710000
        N  56.77027700   25.25912000   61.84304600
        H  56.45976000   25.92162200   62.53930000
        H  56.96644600   24.30408200   62.10671300
        N  56.21080100   25.74630400   64.02394900
        H  56.40697000   24.79126600   64.28761600
        H  56.32514900   26.03884000   63.06402800
        N  56.87802100   23.61627600   63.45430500
        H  56.99237000   23.90881100   62.49438400
        H  56.56750400   24.27877800   64.15055900
        C  67.62720000   26.53280000   48.41340000
        O  68.81102500   26.59457600   48.01686300
        O  66.91591600   25.50541700   48.44595900
        H  67.16922100   27.46865000   48.76616100
        C  67.23540000   23.78030000   55.38840000
        O  68.41922500   23.84207600   54.99186300
        O  66.52411600   22.75291700   55.42095900
        H  66.77742100   24.71615000   55.74116100
        C  52.05360000   26.34030000   62.61070000
        N  52.20417700   26.72552000   61.34664600
        H  51.89366000   27.38802200   62.04290000
        H  52.40034600   25.77048200   61.61031300
        N  51.64470100   27.21270400   63.52754900
        H  51.84087000   26.25766600   63.79121600
        H  51.75904900   27.50524000   62.56762800
        N  52.31192100   25.08267600   62.95790500
        H  52.42627000   25.37521100   61.99798400
        H  52.00140400   25.74517800   63.65415900
        C  60.99040000   38.20210000   66.19070000
        N  61.14097700   38.58732000   64.92664600
        H  60.83046000   39.24982200   65.62290000
        H  61.33714600   37.63228200   65.19031300
        N  60.58150100   39.07450400   67.10754900
        H  60.77767000   38.11946600   67.37121600
        H  60.69584900   39.36704000   66.14762800
        N  61.24872100   36.94447600   66.53790500
        H  61.36307000   37.23701100   65.57798400
        H  60.93820400   37.60697800   67.23415900
        C  60.54270000   22.28810000   53.74910000
        O  61.72652500   22.34987600   53.35256300
        O  59.83141600   21.26071700   53.78165900
        H  60.08472100   23.22395000   54.10186100

Note: printed only print_atoms_list (this is not necessarily all atoms) 
  ------------RUNNING QM/MM MODULE------------- 
QM Module: ORCATheory
MM Module: OpenMMTheory
Charge provided from QMMMTheory object:  -2
Mult provided from QMMMTheory object:  1
QM-region Charge: -2 Mult: 1
Embedding: Electrostatic
Number of pointcharges (to QM program): 64
Number of charge coordinates: 64
Running QM/MM object with 8 cores available

-------------------------------------------------------------------
Time to calculate step (before-QMstep): 0.000 seconds, 0.0 minutes.
-------------------------------------------------------------------
  ------------RUNNING ORCA INTERFACE------------- 
Object-label: ORCA
Run-label: None
Running ORCA with 8 cores available
Moreadfile option not active
A GBW-file with same basename : orca.gbw is present
Autostart is False. ORCA will ignore any file present
Creating inputfile: orca.inp
ORCA input:
! B3LYP D3BJ def2-SVP def2/J RIJCOSX CPCM TightSCF

! Noautostart

%cpcm epsilon 4.0 end
%scf MaxIter 300 Guess PModel end
Charge: -2  Mult: 1
Pointcharge embedding is on!
 ORCA Calculation starting. 
Found warning messages in ORCA outputfile:
WARNING: The chosen methods will break translational/rotational symmetry
 WARNING: The chosen methods will break translational symmetry
 WARNING: The chosen methods will break translational symmetry
 Warning: op=0 Small HOMO/LUMO gap (   0.097) - skipping pre-diagonalization

 ORCA Calculation done. 
ORCA converged in 14 iterations
ORCA energy: -836.277629789279
  ------------ENDING ORCA-INTERFACE------------- 

----------------------------------------------------------------
Time to calculate step (ORCA run): 122.363 seconds, 2.0 minutes.
----------------------------------------------------------------

---------------------------------------------------------------
Time to calculate step (QM step): 122.363 seconds, 2.0 minutes.
---------------------------------------------------------------

----------------------------------------------------------------------
Time to calculate step (QMpcgrad prepare): 0.000 seconds, 0.0 minutes.
----------------------------------------------------------------------

--------------------------------------------------------------------------
Time to calculate step (linkatomgrad prepare): 0.000 seconds, 0.0 minutes.
--------------------------------------------------------------------------

----------------------------------------------------------------------------
Time to calculate step (QM/MM gradient prepare): 0.000 seconds, 0.0 minutes.
----------------------------------------------------------------------------
Using OpenMM theory as part of QM/MM.
Using MM on full system. Charges for QM region [0, 1, 2, 3, 4, 5, 6, 7, 8, 9, 10, 11, 12, 13, 14, 15, 16, 17, 18, 19, 20, 21, 22, 23] have been set to zero 

--------------------------------------------------------------------------------
                   Creating/updating OpenMM simulation object                   
--------------------------------------------------------------------------------

Integrator name: VerletIntegrator
Timestep: 0.001
Temperature: 300
Coupling frequency: 1
Properties: {'Threads': '1'}
Topology: <Topology; 1 chains, 1 residues, 88 atoms, 0 bonds>

----------------------------------------------------------------------------------
Time to calculate step (creating/updating simulation): 0.002 seconds, 0.0 minutes.
----------------------------------------------------------------------------------

--------------------------------------------------------------------------------
                     Running Single-point OpenMM Interface                      
--------------------------------------------------------------------------------

Number of OpenMM system constraints defined: 0

-----------------------------------------------------------------------------------
Time to calculate step (OpenMMTheory.run: const-check): 0.002 seconds, 0.0 minutes.
-----------------------------------------------------------------------------------
Updating coordinates.

------------------------------------------------------------------------
Time to calculate step (Creating pos array): 0.000 seconds, 0.0 minutes.
------------------------------------------------------------------------

---------------------------------------------------------------------------
Time to calculate step (Updating MM positions): 0.000 seconds, 0.0 minutes.
---------------------------------------------------------------------------
Calling OpenMM getState.

---------------------------------------------------------------------
Time to calculate step (OpenMM getState): 0.000 seconds, 0.0 minutes.
---------------------------------------------------------------------
OpenMM Energy: -2.6452561041013762 Eh
OpenMM Energy: -1659.9232666468595 kcal/mol

-----------------------
Ending OpenMM interface
-----------------------

----------------------------------------------------------------
Time to calculate step (OpenMM run): 0.003 seconds, 0.0 minutes.
----------------------------------------------------------------

-------------------------------------------------------------
Time to calculate step (MM step): 0.004 seconds, 0.0 minutes.
-------------------------------------------------------------

Note: You are using electrostatic embedding. This means that the QM-energy is actually the polarized QM-energy
Note: MM energy also contains the QM-MM Lennard-Jones interaction

QM energy:              -836.277629789279 
MM energy:                -2.645256104101
QM/MM energy:           -838.922885893380 

  ------------ENDING QM/MM MODULE------------- 

-----------------------------------------------------------------
Time to calculate step (QM/MM run): 122.367 seconds, 2.0 minutes.
-----------------------------------------------------------------
geometric called save_guess_files option option for ASHengineclass.
This option is currently unsupported in ASH. Continuing.

Convergence criteria: {'convergence_energy': 1e-05, 'convergence_grms': 0.003, 'convergence_gmax': 0.006, 'convergence_drms': 0.01, 'convergence_dmax': 0.015, 'convergence_cmax': 0.01}

Replacing coordinates in fragment.
Creating/Updating fragment attributes...
Number of Atoms in fragment: 88
Formula: O18N12H38C20
Label: CHHCCOOOCHCHCCHCHCHOHCOOCOOHCNHHNHHNHHCOOHCOOHCNHHNHHNHHCOOHCOOHCNHHNHHNHHCNHHNHHNHHCOOH
Charge: -2 Mult: 1

--------------------------------------------------------------------------------
Wrote XYZ file:  Fragment-currentgeo.xyz
Current geometry (Å) in step 6 (print_atoms_list region)
---------------------------------------------------
        C  59.45637225   34.85642335   57.44690781
        H  60.01818880   33.99093909   57.07756885
        H  60.00679776   35.78896968   57.59021038
        C  58.19851132   34.74811528   57.92992210
        C  57.51319481   35.84789615   58.80669519
        O  58.28361866   36.78320814   59.22815497
        O  56.28629103   35.74977189   59.06331262
        O  57.39332913   33.61889392   57.76528618
        C  57.35307280   32.75797041   56.55592571
        H  56.64001232   31.98058211   56.87934380
        C  58.71901445   32.16671200   56.33571468
        H  59.11951746   31.53740479   57.13911333
        C  59.52396279   32.57861637   55.33284279
        C  58.95801700   33.38064044   54.23004959
        H  59.59980069   33.57507997   53.37027733
        C  57.71209743   33.88774285   54.27639509
        H  57.31086705   34.50819000   53.46419300
        C  56.72110760   33.46238377   55.33125279
        H  56.12723605   34.31532817   55.72070211
        O  55.84590161   32.57624619   54.61991975
        H  55.17699358   32.22116464   55.22506549
        C  61.00909499   32.62145423   55.63507789
        O  61.36322200   32.04196124   56.69886667
        O  61.69875870   33.38785836   54.93136026
        C  64.93960000   33.26550000   44.42870000
        O  66.12342500   33.32727600   44.03216300
        O  64.22831600   32.23811700   44.46125900
        H  64.48162100   34.20135000   44.78146100
        C  57.48340000   32.05040000   67.31550000
        N  57.63397700   32.43562000   66.05144600
        H  57.32346000   33.09812200   66.74770000
        H  57.83014600   31.48058200   66.31511300
        N  57.07450100   32.92280400   68.23234900
        H  57.27067000   31.96776600   68.49601600
        H  57.18884900   33.21534000   67.27242800
        N  57.74172100   30.79277600   67.66270500
        H  57.85607000   31.08531100   66.70278400
        H  57.43120400   31.45527800   68.35895900
        C  57.23480000   27.87720000   45.86430000
        O  58.41862500   27.93897600   45.46776300
        O  56.52351600   26.84981700   45.89685900
        H  56.77682100   28.81305000   46.21706100
        C  70.60420000   27.88010000   55.89570000
        O  71.78802500   27.94187600   55.49916300
        O  69.89291600   26.85271700   55.92825900
        H  70.14622100   28.81595000   56.24846100
        C  56.61970000   24.87390000   63.10710000
        N  56.77027700   25.25912000   61.84304600
        H  56.45976000   25.92162200   62.53930000
        H  56.96644600   24.30408200   62.10671300
        N  56.21080100   25.74630400   64.02394900
        H  56.40697000   24.79126600   64.28761600
        H  56.32514900   26.03884000   63.06402800
        N  56.87802100   23.61627600   63.45430500
        H  56.99237000   23.90881100   62.49438400
        H  56.56750400   24.27877800   64.15055900
        C  67.62720000   26.53280000   48.41340000
        O  68.81102500   26.59457600   48.01686300
        O  66.91591600   25.50541700   48.44595900
        H  67.16922100   27.46865000   48.76616100
        C  67.23540000   23.78030000   55.38840000
        O  68.41922500   23.84207600   54.99186300
        O  66.52411600   22.75291700   55.42095900
        H  66.77742100   24.71615000   55.74116100
        C  52.05360000   26.34030000   62.61070000
        N  52.20417700   26.72552000   61.34664600
        H  51.89366000   27.38802200   62.04290000
        H  52.40034600   25.77048200   61.61031300
        N  51.64470100   27.21270400   63.52754900
        H  51.84087000   26.25766600   63.79121600
        H  51.75904900   27.50524000   62.56762800
        N  52.31192100   25.08267600   62.95790500
        H  52.42627000   25.37521100   61.99798400
        H  52.00140400   25.74517800   63.65415900
        C  60.99040000   38.20210000   66.19070000
        N  61.14097700   38.58732000   64.92664600
        H  60.83046000   39.24982200   65.62290000
        H  61.33714600   37.63228200   65.19031300
        N  60.58150100   39.07450400   67.10754900
        H  60.77767000   38.11946600   67.37121600
        H  60.69584900   39.36704000   66.14762800
        N  61.24872100   36.94447600   66.53790500
        H  61.36307000   37.23701100   65.57798400
        H  60.93820400   37.60697800   67.23415900
        C  60.54270000   22.28810000   53.74910000
        O  61.72652500   22.34987600   53.35256300
        O  59.83141600   21.26071700   53.78165900
        H  60.08472100   23.22395000   54.10186100

Note: printed only print_atoms_list (this is not necessarily all atoms) 
  ------------RUNNING QM/MM MODULE------------- 
QM Module: ORCATheory
MM Module: OpenMMTheory
Charge provided from QMMMTheory object:  -2
Mult provided from QMMMTheory object:  1
QM-region Charge: -2 Mult: 1
Embedding: Electrostatic
Number of pointcharges (to QM program): 64
Number of charge coordinates: 64
Running QM/MM object with 8 cores available

-------------------------------------------------------------------
Time to calculate step (before-QMstep): 0.000 seconds, 0.0 minutes.
-------------------------------------------------------------------
  ------------RUNNING ORCA INTERFACE------------- 
Object-label: ORCA
Run-label: None
Running ORCA with 8 cores available
Moreadfile option not active
A GBW-file with same basename : orca.gbw is present
Autostart is False. ORCA will ignore any file present
Creating inputfile: orca.inp
ORCA input:
! B3LYP D3BJ def2-SVP def2/J RIJCOSX CPCM TightSCF

! Noautostart

%cpcm epsilon 4.0 end
%scf MaxIter 300 Guess PModel end
Charge: -2  Mult: 1
Pointcharge embedding is on!
 ORCA Calculation starting. 
Found warning messages in ORCA outputfile:
WARNING: The chosen methods will break translational/rotational symmetry
 WARNING: The chosen methods will break translational symmetry
 WARNING: The chosen methods will break translational symmetry
 Warning: op=0 Small HOMO/LUMO gap (   0.099) - skipping pre-diagonalization

 ORCA Calculation done. 
ORCA converged in 15 iterations
ORCA energy: -836.289411030868
  ------------ENDING ORCA-INTERFACE------------- 

----------------------------------------------------------------
Time to calculate step (ORCA run): 125.719 seconds, 2.1 minutes.
----------------------------------------------------------------

---------------------------------------------------------------
Time to calculate step (QM step): 125.719 seconds, 2.1 minutes.
---------------------------------------------------------------

----------------------------------------------------------------------
Time to calculate step (QMpcgrad prepare): 0.000 seconds, 0.0 minutes.
----------------------------------------------------------------------

--------------------------------------------------------------------------
Time to calculate step (linkatomgrad prepare): 0.000 seconds, 0.0 minutes.
--------------------------------------------------------------------------

----------------------------------------------------------------------------
Time to calculate step (QM/MM gradient prepare): 0.000 seconds, 0.0 minutes.
----------------------------------------------------------------------------
Using OpenMM theory as part of QM/MM.
Using MM on full system. Charges for QM region [0, 1, 2, 3, 4, 5, 6, 7, 8, 9, 10, 11, 12, 13, 14, 15, 16, 17, 18, 19, 20, 21, 22, 23] have been set to zero 

--------------------------------------------------------------------------------
                   Creating/updating OpenMM simulation object                   
--------------------------------------------------------------------------------

Integrator name: VerletIntegrator
Timestep: 0.001
Temperature: 300
Coupling frequency: 1
Properties: {'Threads': '1'}
Topology: <Topology; 1 chains, 1 residues, 88 atoms, 0 bonds>

----------------------------------------------------------------------------------
Time to calculate step (creating/updating simulation): 0.002 seconds, 0.0 minutes.
----------------------------------------------------------------------------------

--------------------------------------------------------------------------------
                     Running Single-point OpenMM Interface                      
--------------------------------------------------------------------------------

Number of OpenMM system constraints defined: 0

-----------------------------------------------------------------------------------
Time to calculate step (OpenMMTheory.run: const-check): 0.002 seconds, 0.0 minutes.
-----------------------------------------------------------------------------------
Updating coordinates.

------------------------------------------------------------------------
Time to calculate step (Creating pos array): 0.000 seconds, 0.0 minutes.
------------------------------------------------------------------------

---------------------------------------------------------------------------
Time to calculate step (Updating MM positions): 0.000 seconds, 0.0 minutes.
---------------------------------------------------------------------------
Calling OpenMM getState.

---------------------------------------------------------------------
Time to calculate step (OpenMM getState): 0.000 seconds, 0.0 minutes.
---------------------------------------------------------------------
OpenMM Energy: -2.6452775416495267 Eh
OpenMM Energy: -1659.9367189114246 kcal/mol

-----------------------
Ending OpenMM interface
-----------------------

----------------------------------------------------------------
Time to calculate step (OpenMM run): 0.003 seconds, 0.0 minutes.
----------------------------------------------------------------

-------------------------------------------------------------
Time to calculate step (MM step): 0.004 seconds, 0.0 minutes.
-------------------------------------------------------------

Note: You are using electrostatic embedding. This means that the QM-energy is actually the polarized QM-energy
Note: MM energy also contains the QM-MM Lennard-Jones interaction

QM energy:              -836.289411030868 
MM energy:                -2.645277541650
QM/MM energy:           -838.934688572518 

  ------------ENDING QM/MM MODULE------------- 

-----------------------------------------------------------------
Time to calculate step (QM/MM run): 125.723 seconds, 2.1 minutes.
-----------------------------------------------------------------
geometric called save_guess_files option option for ASHengineclass.
This option is currently unsupported in ASH. Continuing.

Convergence criteria: {'convergence_energy': 1e-05, 'convergence_grms': 0.003, 'convergence_gmax': 0.006, 'convergence_drms': 0.01, 'convergence_dmax': 0.015, 'convergence_cmax': 0.01}

Replacing coordinates in fragment.
Creating/Updating fragment attributes...
Number of Atoms in fragment: 88
Formula: O18N12H38C20
Label: CHHCCOOOCHCHCCHCHCHOHCOOCOOHCNHHNHHNHHCOOHCOOHCNHHNHHNHHCOOHCOOHCNHHNHHNHHCNHHNHHNHHCOOH
Charge: -2 Mult: 1

--------------------------------------------------------------------------------
Wrote XYZ file:  Fragment-currentgeo.xyz
Current geometry (Å) in step 7 (print_atoms_list region)
---------------------------------------------------
        C  59.08239955   35.22580050   57.71018433
        H  59.66804222   34.47366689   57.11109268
        H  59.62205646   36.12631998   58.04166166
        C  57.88010720   34.90525467   58.31366464
        C  57.28969706   35.63152718   59.66546632
        O  58.05612382   36.40991129   60.40211414
        O  56.09432857   35.40968258   60.07055125
        O  57.09174043   33.78000469   57.94251591
        C  57.17562711   32.93198943   56.75404778
        H  56.50975973   32.07595653   57.00968433
        C  58.58093926   32.36824115   56.67788367
        H  58.93839213   31.86286275   57.59286141
        C  59.46038154   32.69170696   55.69359935
        C  58.93673274   33.40059072   54.49506421
        H  59.60234910   33.56465947   53.64493195
        C  57.67061448   33.87264683   54.41094270
        H  57.32380658   34.41081169   53.50967052
        C  56.60622158   33.56351540   55.44461032
        H  56.04598862   34.48495219   55.74162000
        O  55.71772152   32.68487019   54.74519500
        H  55.05366434   32.30316966   55.33584943
        C  60.89139143   32.86513401   56.19820441
        O  61.20166355   32.20046034   57.23036504
        O  61.53210816   33.86290496   55.72304060
        C  64.93960000   33.26550000   44.42870000
        O  66.12342500   33.32727600   44.03216300
        O  64.22831600   32.23811700   44.46125900
        H  64.48162100   34.20135000   44.78146100
        C  57.48340000   32.05040000   67.31550000
        N  57.63397700   32.43562000   66.05144600
        H  57.32346000   33.09812200   66.74770000
        H  57.83014600   31.48058200   66.31511300
        N  57.07450100   32.92280400   68.23234900
        H  57.27067000   31.96776600   68.49601600
        H  57.18884900   33.21534000   67.27242800
        N  57.74172100   30.79277600   67.66270500
        H  57.85607000   31.08531100   66.70278400
        H  57.43120400   31.45527800   68.35895900
        C  57.23480000   27.87720000   45.86430000
        O  58.41862500   27.93897600   45.46776300
        O  56.52351600   26.84981700   45.89685900
        H  56.77682100   28.81305000   46.21706100
        C  70.60420000   27.88010000   55.89570000
        O  71.78802500   27.94187600   55.49916300
        O  69.89291600   26.85271700   55.92825900
        H  70.14622100   28.81595000   56.24846100
        C  56.61970000   24.87390000   63.10710000
        N  56.77027700   25.25912000   61.84304600
        H  56.45976000   25.92162200   62.53930000
        H  56.96644600   24.30408200   62.10671300
        N  56.21080100   25.74630400   64.02394900Step   10 : Displace = [0m3.016e-01[0m/[0m1.061e+00[0m (rms/max) Trust = 3.000e-01 (=) Grad_T = [0m3.065e-02[0m/[0m1.898e-01[0m (rms/max) E (change) = -838.9042779980 ([91m+4.090e-02[0m) Quality = [91m-0.941[0m
Hessian Eigenvalues: 1.07951e-03 1.45194e-02 2.63687e-02 ... 5.78010e-01 5.83259e-01 6.59993e-01
Step   11 : Displace = [0m1.522e-01[0m/[0m7.609e-01[0m (rms/max) Trust = 1.500e-01 ([91m-[0m) Grad_T = [0m2.350e-02[0m/[0m1.460e-01[0m (rms/max) E (change) = -838.9426788504 ([0m-3.840e-02[0m) Quality = [0m0.371[0m
Hessian Eigenvalues: 1.28987e-03 1.38860e-02 2.63687e-02 ... 5.78010e-01 5.81996e-01 6.50656e-01
Step   12 : Displace = [0m1.496e-01[0m/[0m1.036e+00[0m (rms/max) Trust = 1.500e-01 (=) Grad_T = [0m2.510e-02[0m/[0m1.346e-01[0m (rms/max) E (change) = -838.8630874200 ([91m+7.959e-02[0m) Quality = [91m-0.610[0m
Hessian Eigenvalues: 1.37936e-03 1.57472e-02 2.63687e-02 ... 5.78010e-01 5.78991e-01 6.44012e-01
Step   13 : Displace = [0m7.649e-02[0m/[0m4.485e-01[0m (rms/max) Trust = 7.480e-02 ([91m-[0m) Grad_T = [0m1.422e-02[0m/[0m8.375e-02[0m (rms/max) E (change) = -838.9708216423 ([0m-1.077e-01[0m) Quality = [0m0.966[0m
Hessian Eigenvalues: 1.43407e-03 1.50873e-02 2.63687e-02 ... 5.78010e-01 5.88192e-01 6.36344e-01
Step   14 : Displace = [0m1.054e-01[0m/[0m4.535e-01[0m (rms/max) Trust = 1.058e-01 ([92m+[0m) Grad_T = [0m2.886e-02[0m/[0m1.905e-01[0m (rms/max) E (change) = -838.9636539606 ([91m+7.168e-03[0m) Quality = [91m-0.119[0m
Hessian Eigenvalues: 1.58948e-03 1.51259e-02 2.63687e-02 ... 5.78010e-01 5.97119e-01 6.81030e-01
Step   15 : Displace = [0m4.629e-02[0m/[0m2.913e-01[0m (rms/max) Trust = 5.271e-02 ([91m-[0m) Grad_T = [0m8.585e-03[0m/[0m4.222e-02[0m (rms/max) E (change) = -839.0034520220 ([0m-3.980e-02[0m) Quality = [0m0.677[0m
Hessian Eigenvalues: 1.60091e-03 1.48881e-02 2.63687e-02 ... 5.78011e-01 6.15889e-01 6.95163e-01
Step   16 : Displace = [0m5.319e-02[0m/[0m2.142e-01[0m (rms/max) Trust = 5.271e-02 (=) Grad_T = [0m1.086e-02[0m/[0m4.969e-02[0m (rms/max) E (change) = -839.0023761578 ([91m+1.076e-03[0m) Quality = [91m-0.073[0m
Hessian Eigenvalues: 2.02984e-03 2.05011e-02 2.63687e-02 ... 5.78011e-01 6.14196e-01 6.79362e-01
Step   17 : Displace = [0m2.748e-02[0m/[0m1.034e-01[0m (rms/max) Trust = 2.636e-02 ([91m-[0m) Grad_T = [0m3.245e-03[0m/[0m1.443e-02[0m (rms/max) E (change) = -839.0163196977 ([0m-1.394e-02[0m) Quality = [0m1.076[0m
Hessian Eigenvalues: 2.00126e-03 1.98761e-02 2.63687e-02 ... 5.78010e-01 6.08259e-01 7.05847e-01
Step   18 : Displace = [0m3.593e-02[0m/[0m1.178e-01[0m (rms/max) Trust = 3.727e-02 ([92m+[0m) Grad_T = [0m3.609e-03[0m/[0m1.675e-02[0m (rms/max) E (change) = -839.0206943484 ([0m-4.375e-03[0m) Quality = [0m0.785[0m
Hessian Eigenvalues: 1.82044e-03 2.15185e-02 2.20742e-02 ... 5.78011e-01 6.05464e-01 6.98095e-01
Step   19 : Displace = [0m5.223e-02[0m/[0m1.635e-01[0m (rms/max) Trust = 5.271e-02 ([92m+[0m) Grad_T = [0m3.511e-03[0m/[0m1.554e-02[0m (rms/max) E (change) = -839.0276448712 ([0m-6.951e-03[0m) Quality = [0m1.330[0m
Hessian Eigenvalues: 6.49067e-04 1.28764e-02 2.21011e-02 ... 6.05019e-01 6.70019e-01 6.96951e-01
Step   20 : Displace = [0m7.054e-02[0m/[0m2.588e-01[0m (rms/max) Trust = 7.455e-02 ([92m+[0m) Grad_T = [0m6.861e-03[0m/[0m4.342e-02[0m (rms/max) E (change) = -839.0346750278 ([0m-7.030e-03[0m) Quality = [0m0.627[0m
Hessian Eigenvalues: 6.45168e-04 1.39888e-02 2.27301e-02 ... 6.15238e-01 6.53694e-01 7.34720e-01

        H  56.40697000   24.79126600   64.28761600
        H  56.32514900   26.03884000   63.06402800
        N  56.87802100   23.61627600   63.45430500
        H  56.99237000   23.90881100   62.49438400
        H  56.56750400   24.27877800   64.15055900
        C  67.62720000   26.53280000   48.41340000
        O  68.81102500   26.59457600   48.01686300
        O  66.91591600   25.50541700   48.44595900
        H  67.16922100   27.46865000   48.76616100
        C  67.23540000   23.78030000   55.38840000
        O  68.41922500   23.84207600   54.99186300
        O  66.52411600   22.75291700   55.42095900
        H  66.77742100   24.71615000   55.74116100
        C  52.05360000   26.34030000   62.61070000
        N  52.20417700   26.72552000   61.34664600
        H  51.89366000   27.38802200   62.04290000
        H  52.40034600   25.77048200   61.61031300
        N  51.64470100   27.21270400   63.52754900
        H  51.84087000   26.25766600   63.79121600
        H  51.75904900   27.50524000   62.56762800
        N  52.31192100   25.08267600   62.95790500
        H  52.42627000   25.37521100   61.99798400
        H  52.00140400   25.74517800   63.65415900
        C  60.99040000   38.20210000   66.19070000
        N  61.14097700   38.58732000   64.92664600
        H  60.83046000   39.24982200   65.62290000
        H  61.33714600   37.63228200   65.19031300
        N  60.58150100   39.07450400   67.10754900
        H  60.77767000   38.11946600   67.37121600
        H  60.69584900   39.36704000   66.14762800
        N  61.24872100   36.94447600   66.53790500
        H  61.36307000   37.23701100   65.57798400
        H  60.93820400   37.60697800   67.23415900
        C  60.54270000   22.28810000   53.74910000
        O  61.72652500   22.34987600   53.35256300
        O  59.83141600   21.26071700   53.78165900
        H  60.08472100   23.22395000   54.10186100

Note: printed only print_atoms_list (this is not necessarily all atoms) 
  ------------RUNNING QM/MM MODULE------------- 
QM Module: ORCATheory
MM Module: OpenMMTheory
Charge provided from QMMMTheory object:  -2
Mult provided from QMMMTheory object:  1
QM-region Charge: -2 Mult: 1
Embedding: Electrostatic
Number of pointcharges (to QM program): 64
Number of charge coordinates: 64
Running QM/MM object with 8 cores available

-------------------------------------------------------------------
Time to calculate step (before-QMstep): 0.000 seconds, 0.0 minutes.
-------------------------------------------------------------------
  ------------RUNNING ORCA INTERFACE------------- 
Object-label: ORCA
Run-label: None
Running ORCA with 8 cores available
Moreadfile option not active
A GBW-file with same basename : orca.gbw is present
Autostart is False. ORCA will ignore any file present
Creating inputfile: orca.inp
ORCA input:
! B3LYP D3BJ def2-SVP def2/J RIJCOSX CPCM TightSCF

! Noautostart

%cpcm epsilon 4.0 end
%scf MaxIter 300 Guess PModel end
Charge: -2  Mult: 1
Pointcharge embedding is on!
 ORCA Calculation starting. 
Found warning messages in ORCA outputfile:
WARNING: The chosen methods will break translational/rotational symmetry
 WARNING: The chosen methods will break translational symmetry
 WARNING: The chosen methods will break translational symmetry
 Warning: op=0 Small HOMO/LUMO gap (   0.091) - skipping pre-diagonalization

 ORCA Calculation done. 
ORCA converged in 15 iterations
ORCA energy: -836.299832667407
  ------------ENDING ORCA-INTERFACE------------- 

----------------------------------------------------------------
Time to calculate step (ORCA run): 123.979 seconds, 2.1 minutes.
----------------------------------------------------------------

---------------------------------------------------------------
Time to calculate step (QM step): 123.980 seconds, 2.1 minutes.
---------------------------------------------------------------

----------------------------------------------------------------------
Time to calculate step (QMpcgrad prepare): 0.000 seconds, 0.0 minutes.
----------------------------------------------------------------------

--------------------------------------------------------------------------
Time to calculate step (linkatomgrad prepare): 0.000 seconds, 0.0 minutes.
--------------------------------------------------------------------------

----------------------------------------------------------------------------
Time to calculate step (QM/MM gradient prepare): 0.000 seconds, 0.0 minutes.
----------------------------------------------------------------------------
Using OpenMM theory as part of QM/MM.
Using MM on full system. Charges for QM region [0, 1, 2, 3, 4, 5, 6, 7, 8, 9, 10, 11, 12, 13, 14, 15, 16, 17, 18, 19, 20, 21, 22, 23] have been set to zero 

--------------------------------------------------------------------------------
                   Creating/updating OpenMM simulation object                   
--------------------------------------------------------------------------------

Integrator name: VerletIntegrator
Timestep: 0.001
Temperature: 300
Coupling frequency: 1
Properties: {'Threads': '1'}
Topology: <Topology; 1 chains, 1 residues, 88 atoms, 0 bonds>

----------------------------------------------------------------------------------
Time to calculate step (creating/updating simulation): 0.003 seconds, 0.0 minutes.
----------------------------------------------------------------------------------

--------------------------------------------------------------------------------
                     Running Single-point OpenMM Interface                      
--------------------------------------------------------------------------------

Number of OpenMM system constraints defined: 0

-----------------------------------------------------------------------------------
Time to calculate step (OpenMMTheory.run: const-check): 0.003 seconds, 0.0 minutes.
-----------------------------------------------------------------------------------
Updating coordinates.

------------------------------------------------------------------------
Time to calculate step (Creating pos array): 0.000 seconds, 0.0 minutes.
------------------------------------------------------------------------

---------------------------------------------------------------------------
Time to calculate step (Updating MM positions): 0.000 seconds, 0.0 minutes.
---------------------------------------------------------------------------
Calling OpenMM getState.

---------------------------------------------------------------------
Time to calculate step (OpenMM getState): 0.001 seconds, 0.0 minutes.
---------------------------------------------------------------------
OpenMM Energy: -2.645350249165384 Eh
OpenMM Energy: -1659.9823435664607 kcal/mol

-----------------------
Ending OpenMM interface
-----------------------

----------------------------------------------------------------
Time to calculate step (OpenMM run): 0.004 seconds, 0.0 minutes.
----------------------------------------------------------------

-------------------------------------------------------------
Time to calculate step (MM step): 0.005 seconds, 0.0 minutes.
-------------------------------------------------------------

Note: You are using electrostatic embedding. This means that the QM-energy is actually the polarized QM-energy
Note: MM energy also contains the QM-MM Lennard-Jones interaction

QM energy:              -836.299832667407 
MM energy:                -2.645350249165
QM/MM energy:           -838.945182916572 

  ------------ENDING QM/MM MODULE------------- 

-----------------------------------------------------------------
Time to calculate step (QM/MM run): 123.985 seconds, 2.1 minutes.
-----------------------------------------------------------------
geometric called save_guess_files option option for ASHengineclass.
This option is currently unsupported in ASH. Continuing.
geometric called clearCalcs option for ASHengineclass.
This option is currently unsupported in ASH. Continuing.

Convergence criteria: {'convergence_energy': 1e-05, 'convergence_grms': 0.003, 'convergence_gmax': 0.006, 'convergence_drms': 0.01, 'convergence_dmax': 0.015, 'convergence_cmax': 0.01}

Replacing coordinates in fragment.
Creating/Updating fragment attributes...
Number of Atoms in fragment: 88
Formula: O18N12H38C20
Label: CHHCCOOOCHCHCCHCHCHOHCOOCOOHCNHHNHHNHHCOOHCOOHCNHHNHHNHHCOOHCOOHCNHHNHHNHHCNHHNHHNHHCOOH
Charge: -2 Mult: 1

--------------------------------------------------------------------------------
Wrote XYZ file:  Fragment-currentgeo.xyz
Current geometry (Å) in step 8 (print_atoms_list region)
---------------------------------------------------
        C  58.67022156   35.70977484   58.26891573
        H  59.27445437   35.20915924   57.40911147
        H  59.19158787   36.56527228   58.76970497
        C  57.52158099   35.06013753   58.75891873
        C  57.07563436   35.13353312   60.33306678
        O  57.97717619   35.59079427   61.02439296
        O  56.01468924   34.68688831   60.98566884
        O  56.79137378   33.99213698   58.08178368
        C  56.98171051   33.19161717   56.97107661
        H  56.48211871   32.17068234   57.14880343
        C  58.42686138   32.70916510   57.12234313
        H  58.74973256   32.42681349   58.16691486
        C  59.36181720   32.93451080   56.18988546
        C  58.95209474   33.55289124   54.90115535
        H  59.68448367   33.78298072   54.11692392
        C  57.63656325   33.82649297   54.57148316
        H  57.38150721   34.24261834   53.55729623
        C  56.45918532   33.66784491   55.54475606
        H  56.02291579   34.71802954   55.69186591
        O  55.50713570   32.81517117   54.91700679
        H  54.85930136   32.42943649   55.51194598
        C  60.66032828   33.00882120   56.80088072
        O  61.16351887   32.37916033   57.71782085
        O  61.06517230   33.99177616   56.30931439
        C  64.93960000   33.26550000   44.42870000
        O  66.12342500   33.32727600   44.03216300
        O  64.22831600   32.23811700   44.46125900
        H  64.48162100   34.20135000   44.78146100
        C  57.48340000   32.05040000   67.31550000
        N  57.63397700   32.43562000   66.05144600
        H  57.32346000   33.09812200   66.74770000
        H  57.83014600   31.48058200   66.31511300
        N  57.07450100   32.92280400   68.23234900
        H  57.27067000   31.96776600   68.49601600
        H  57.18884900   33.21534000   67.27242800
        N  57.74172100   30.79277600   67.66270500
        H  57.85607000   31.08531100   66.70278400
        H  57.43120400   31.45527800   68.35895900
        C  57.23480000   27.87720000   45.86430000
        O  58.41862500   27.93897600   45.46776300
        O  56.52351600   26.84981700   45.89685900
        H  56.77682100   28.81305000   46.21706100
        C  70.60420000   27.88010000   55.89570000
        O  71.78802500   27.94187600   55.49916300
        O  69.89291600   26.85271700   55.92825900
        H  70.14622100   28.81595000   56.24846100
        C  56.61970000   24.87390000   63.10710000
        N  56.77027700   25.25912000   61.84304600
        H  56.45976000   25.92162200   62.53930000
        H  56.96644600   24.30408200   62.10671300
        N  56.21080100   25.74630400   64.02394900
        H  56.40697000   24.79126600   64.28761600
        H  56.32514900   26.03884000   63.06402800
        N  56.87802100   23.61627600   63.45430500
        H  56.99237000   23.90881100   62.49438400
        H  56.56750400   24.27877800   64.15055900
        C  67.62720000   26.53280000   48.41340000
        O  68.81102500   26.59457600   48.01686300
        O  66.91591600   25.50541700   48.44595900
        H  67.16922100   27.46865000   48.76616100
        C  67.23540000   23.78030000   55.38840000
        O  68.41922500   23.84207600   54.99186300
        O  66.52411600   22.75291700   55.42095900
        H  66.77742100   24.71615000   55.74116100
        C  52.05360000   26.34030000   62.61070000
        N  52.20417700   26.72552000   61.34664600
        H  51.89366000   27.38802200   62.04290000
        H  52.40034600   25.77048200   61.61031300
        N  51.64470100   27.21270400   63.52754900
        H  51.84087000   26.25766600   63.79121600
        H  51.75904900   27.50524000   62.56762800
        N  52.31192100   25.08267600   62.95790500
        H  52.42627000   25.37521100   61.99798400
        H  52.00140400   25.74517800   63.65415900
        C  60.99040000   38.20210000   66.19070000
        N  61.14097700   38.58732000   64.92664600
        H  60.83046000   39.24982200   65.62290000
        H  61.33714600   37.63228200   65.19031300
        N  60.58150100   39.07450400   67.10754900
        H  60.77767000   38.11946600   67.37121600
        H  60.69584900   39.36704000   66.14762800
        N  61.24872100   36.94447600   66.53790500
        H  61.36307000   37.23701100   65.57798400
        H  60.93820400   37.60697800   67.23415900
        C  60.54270000   22.28810000   53.74910000
        O  61.72652500   22.34987600   53.35256300
        O  59.83141600   21.26071700   53.78165900
        H  60.08472100   23.22395000   54.10186100

Note: printed only print_atoms_list (this is not necessarily all atoms) 
  ------------RUNNING QM/MM MODULE------------- 
QM Module: ORCATheory
MM Module: OpenMMTheory
Charge provided from QMMMTheory object:  -2
Mult provided from QMMMTheory object:  1
QM-region Charge: -2 Mult: 1
Embedding: Electrostatic
Number of pointcharges (to QM program): 64
Number of charge coordinates: 64
Running QM/MM object with 8 cores available

-------------------------------------------------------------------
Time to calculate step (before-QMstep): 0.000 seconds, 0.0 minutes.
-------------------------------------------------------------------
  ------------RUNNING ORCA INTERFACE------------- 
Object-label: ORCA
Run-label: None
Running ORCA with 8 cores available
Moreadfile option not active
A GBW-file with same basename : orca.gbw is present
Autostart is False. ORCA will ignore any file present
Creating inputfile: orca.inp
ORCA input:
! B3LYP D3BJ def2-SVP def2/J RIJCOSX CPCM TightSCF

! Noautostart

%cpcm epsilon 4.0 end
%scf MaxIter 300 Guess PModel end
Charge: -2  Mult: 1
Pointcharge embedding is on!
 ORCA Calculation starting. 
Found warning messages in ORCA outputfile:
WARNING: The chosen methods will break translational/rotational symmetry
 WARNING: The chosen methods will break translational symmetry
 WARNING: The chosen methods will break translational symmetry
 Warning: op=0 Small HOMO/LUMO gap (   0.069) - skipping pre-diagonalization

 ORCA Calculation done. 
ORCA converged in 15 iterations
ORCA energy: -836.258827611145
  ------------ENDING ORCA-INTERFACE------------- 

----------------------------------------------------------------
Time to calculate step (ORCA run): 131.995 seconds, 2.2 minutes.
----------------------------------------------------------------

---------------------------------------------------------------
Time to calculate step (QM step): 131.995 seconds, 2.2 minutes.
---------------------------------------------------------------

----------------------------------------------------------------------
Time to calculate step (QMpcgrad prepare): 0.000 seconds, 0.0 minutes.
----------------------------------------------------------------------

--------------------------------------------------------------------------
Time to calculate step (linkatomgrad prepare): 0.000 seconds, 0.0 minutes.
--------------------------------------------------------------------------

----------------------------------------------------------------------------
Time to calculate step (QM/MM gradient prepare): 0.000 seconds, 0.0 minutes.
----------------------------------------------------------------------------
Using OpenMM theory as part of QM/MM.
Using MM on full system. Charges for QM region [0, 1, 2, 3, 4, 5, 6, 7, 8, 9, 10, 11, 12, 13, 14, 15, 16, 17, 18, 19, 20, 21, 22, 23] have been set to zero 

--------------------------------------------------------------------------------
                   Creating/updating OpenMM simulation object                   
--------------------------------------------------------------------------------

Integrator name: VerletIntegrator
Timestep: 0.001
Temperature: 300
Coupling frequency: 1
Properties: {'Threads': '1'}
Topology: <Topology; 1 chains, 1 residues, 88 atoms, 0 bonds>

----------------------------------------------------------------------------------
Time to calculate step (creating/updating simulation): 0.002 seconds, 0.0 minutes.
----------------------------------------------------------------------------------

--------------------------------------------------------------------------------
                     Running Single-point OpenMM Interface                      
--------------------------------------------------------------------------------

Number of OpenMM system constraints defined: 0

-----------------------------------------------------------------------------------
Time to calculate step (OpenMMTheory.run: const-check): 0.002 seconds, 0.0 minutes.
-----------------------------------------------------------------------------------
Updating coordinates.

------------------------------------------------------------------------
Time to calculate step (Creating pos array): 0.000 seconds, 0.0 minutes.
------------------------------------------------------------------------

---------------------------------------------------------------------------
Time to calculate step (Updating MM positions): 0.000 seconds, 0.0 minutes.
---------------------------------------------------------------------------
Calling OpenMM getState.

---------------------------------------------------------------------
Time to calculate step (OpenMM getState): 0.000 seconds, 0.0 minutes.
---------------------------------------------------------------------
OpenMM Energy: -2.6454503868537773 Eh
OpenMM Energy: -1660.0451809146382 kcal/mol

-----------------------
Ending OpenMM interface
-----------------------

----------------------------------------------------------------
Time to calculate step (OpenMM run): 0.002 seconds, 0.0 minutes.
----------------------------------------------------------------

-------------------------------------------------------------
Time to calculate step (MM step): 0.003 seconds, 0.0 minutes.
-------------------------------------------------------------

Note: You are using electrostatic embedding. This means that the QM-energy is actually the polarized QM-energy
Note: MM energy also contains the QM-MM Lennard-Jones interaction

QM energy:              -836.258827611145 
MM energy:                -2.645450386854
QM/MM energy:           -838.904277997999 

  ------------ENDING QM/MM MODULE------------- 

-----------------------------------------------------------------
Time to calculate step (QM/MM run): 131.998 seconds, 2.2 minutes.
-----------------------------------------------------------------
geometric called save_guess_files option option for ASHengineclass.
This option is currently unsupported in ASH. Continuing.

Convergence criteria: {'convergence_energy': 1e-05, 'convergence_grms': 0.003, 'convergence_gmax': 0.006, 'convergence_drms': 0.01, 'convergence_dmax': 0.015, 'convergence_cmax': 0.01}

Replacing coordinates in fragment.
Creating/Updating fragment attributes...
Number of Atoms in fragment: 88
Formula: O18N12H38C20
Label: CHHCCOOOCHCHCCHCHCHOHCOOCOOHCNHHNHHNHHCOOHCOOHCNHHNHHNHHCOOHCOOHCNHHNHHNHHCNHHNHHNHHCOOH
Charge: -2 Mult: 1

--------------------------------------------------------------------------------
Wrote XYZ file:  Fragment-currentgeo.xyz
Current geometry (Å) in step 9 (print_atoms_list region)
---------------------------------------------------
        C  58.85486476   35.41918970   58.16926225
        H  59.41244423   34.91610664   57.33660918
        H  59.33147601   36.33974059   58.55802585
        C  57.70193421   34.92971900   58.62146990
        C  57.19250842   35.29011907   59.96431413
        O  58.08596221   35.88344313   60.48615556
        O  56.02677906   34.93548343   60.20533589
        O  56.86532044   33.93339166   58.13146838
        C  57.06551191   33.10782411   56.93759367
        H  56.47495861   32.16896211   57.12029866
        C  58.46224743   32.57727350   56.93176118
        H  58.83705203   32.21404768   57.89624993
        C  59.36739513   32.82579789   55.96944226
        C  58.94651437   33.51106685   54.74935898
        H  59.68699293   33.74155302   53.97466413
        C  57.66159247   33.84692516   54.52962592
        H  57.37648727   34.30113942   53.56759999
        C  56.54280506   33.63221423   55.52994495
        H  56.06765477   34.62776252   55.72580938
        O  55.61352182   32.75622258   54.88791268
        H  54.95276768   32.41109409   55.49411061
        C  60.80518544   32.90553311   56.48204225
        O  61.16907884   32.19194652   57.45687087
        O  61.27104837   34.05911719   56.08005014
        C  64.93960000   33.26550000   44.42870000
        O  66.12342500   33.32727600   44.03216300
        O  64.22831600   32.23811700   44.46125900
        H  64.48162100   34.20135000   44.78146100
        C  57.48340000   32.05040000   67.31550000
        N  57.63397700   32.43562000   66.05144600
        H  57.32346000   33.09812200   66.74770000
        H  57.83014600   31.48058200   66.31511300
        N  57.07450100   32.92280400   68.23234900
        H  57.27067000   31.96776600   68.49601600
        H  57.18884900   33.21534000   67.27242800
        N  57.74172100   30.79277600   67.66270500
        H  57.85607000   31.08531100   66.70278400
        H  57.43120400   31.45527800   68.35895900
        C  57.23480000   27.87720000   45.86430000
        O  58.41862500   27.93897600   45.46776300
        O  56.52351600   26.84981700   45.89685900
        H  56.77682100   28.81305000   46.21706100
        C  70.60420000   27.88010000   55.89570000
        O  71.78802500   27.94187600   55.49916300
        O  69.89291600   26.85271700   55.92825900
        H  70.14622100   28.81595000   56.24846100
        C  56.61970000   24.87390000   63.10710000
        N  56.77027700   25.25912000   61.84304600
        H  56.45976000   25.92162200   62.53930000
        H  56.96644600   24.30408200   62.10671300
        N  56.21080100   25.74630400   64.02394900
        H  56.40697000   24.79126600   64.28761600
        H  56.32514900   26.03884000   63.06402800
        N  56.87802100   23.61627600   63.45430500
        H  56.99237000   23.90881100   62.49438400
        H  56.56750400   24.27877800   64.15055900
        C  67.62720000   26.53280000   48.41340000
        O  68.81102500   26.59457600   48.01686300
        O  66.91591600   25.50541700   48.44595900
        H  67.16922100   27.46865000   48.76616100
        C  67.23540000   23.78030000   55.38840000
        O  68.41922500   23.84207600   54.99186300
        O  66.52411600   22.75291700   55.42095900
        H  66.77742100   24.71615000   55.74116100
        C  52.05360000   26.34030000   62.61070000
        N  52.20417700   26.72552000   61.34664600
        H  51.89366000   27.38802200   62.04290000
        H  52.40034600   25.77048200   61.61031300
        N  51.64470100   27.21270400   63.52754900
        H  51.84087000   26.25766600   63.79121600
        H  51.75904900   27.50524000   62.56762800
        N  52.31192100   25.08267600   62.95790500
        H  52.42627000   25.37521100   61.99798400
        H  52.00140400   25.74517800   63.65415900
        C  60.99040000   38.20210000   66.19070000
        N  61.14097700   38.58732000   64.92664600
        H  60.83046000   39.24982200   65.62290000
        H  61.33714600   37.63228200   65.19031300
        N  60.58150100   39.07450400   67.10754900
        H  60.77767000   38.11946600   67.37121600
        H  60.69584900   39.36704000   66.14762800
        N  61.24872100   36.94447600   66.53790500
        H  61.36307000   37.23701100   65.57798400
        H  60.93820400   37.60697800   67.23415900
        C  60.54270000   22.28810000   53.74910000
        O  61.72652500   22.34987600   53.35256300
        O  59.83141600   21.26071700   53.78165900
        H  60.08472100   23.22395000   54.10186100

Note: printed only print_atoms_list (this is not necessarily all atoms) 
  ------------RUNNING QM/MM MODULE------------- 
QM Module: ORCATheory
MM Module: OpenMMTheory
Charge provided from QMMMTheory object:  -2
Mult provided from QMMMTheory object:  1
QM-region Charge: -2 Mult: 1
Embedding: Electrostatic
Number of pointcharges (to QM program): 64
Number of charge coordinates: 64
Running QM/MM object with 8 cores available

-------------------------------------------------------------------
Time to calculate step (before-QMstep): 0.000 seconds, 0.0 minutes.
-------------------------------------------------------------------
  ------------RUNNING ORCA INTERFACE------------- 
Object-label: ORCA
Run-label: None
Running ORCA with 8 cores available
Moreadfile option not active
A GBW-file with same basename : orca.gbw is present
Autostart is False. ORCA will ignore any file present
Creating inputfile: orca.inp
ORCA input:
! B3LYP D3BJ def2-SVP def2/J RIJCOSX CPCM TightSCF

! Noautostart

%cpcm epsilon 4.0 end
%scf MaxIter 300 Guess PModel end
Charge: -2  Mult: 1
Pointcharge embedding is on!
 ORCA Calculation starting. 
Found warning messages in ORCA outputfile:
WARNING: The chosen methods will break translational/rotational symmetry
 WARNING: The chosen methods will break translational symmetry
 WARNING: The chosen methods will break translational symmetry

 ORCA Calculation done. 
ORCA converged in 14 iterations
ORCA energy: -836.297302412756
  ------------ENDING ORCA-INTERFACE------------- 

----------------------------------------------------------------
Time to calculate step (ORCA run): 122.142 seconds, 2.0 minutes.
----------------------------------------------------------------

---------------------------------------------------------------
Time to calculate step (QM step): 122.142 seconds, 2.0 minutes.
---------------------------------------------------------------

----------------------------------------------------------------------
Time to calculate step (QMpcgrad prepare): 0.000 seconds, 0.0 minutes.
----------------------------------------------------------------------

--------------------------------------------------------------------------
Time to calculate step (linkatomgrad prepare): 0.000 seconds, 0.0 minutes.
--------------------------------------------------------------------------

----------------------------------------------------------------------------
Time to calculate step (QM/MM gradient prepare): 0.000 seconds, 0.0 minutes.
----------------------------------------------------------------------------
Using OpenMM theory as part of QM/MM.
Using MM on full system. Charges for QM region [0, 1, 2, 3, 4, 5, 6, 7, 8, 9, 10, 11, 12, 13, 14, 15, 16, 17, 18, 19, 20, 21, 22, 23] have been set to zero 

--------------------------------------------------------------------------------
                   Creating/updating OpenMM simulation object                   
--------------------------------------------------------------------------------

Integrator name: VerletIntegrator
Timestep: 0.001
Temperature: 300
Coupling frequency: 1
Properties: {'Threads': '1'}
Topology: <Topology; 1 chains, 1 residues, 88 atoms, 0 bonds>

----------------------------------------------------------------------------------
Time to calculate step (creating/updating simulation): 0.001 seconds, 0.0 minutes.
----------------------------------------------------------------------------------

--------------------------------------------------------------------------------
                     Running Single-point OpenMM Interface                      
--------------------------------------------------------------------------------

Number of OpenMM system constraints defined: 0

-----------------------------------------------------------------------------------
Time to calculate step (OpenMMTheory.run: const-check): 0.002 seconds, 0.0 minutes.
-----------------------------------------------------------------------------------
Updating coordinates.

------------------------------------------------------------------------
Time to calculate step (Creating pos array): 0.000 seconds, 0.0 minutes.
------------------------------------------------------------------------

---------------------------------------------------------------------------
Time to calculate step (Updating MM positions): 0.000 seconds, 0.0 minutes.
---------------------------------------------------------------------------
Calling OpenMM getState.

---------------------------------------------------------------------
Time to calculate step (OpenMM getState): 0.000 seconds, 0.0 minutes.
---------------------------------------------------------------------
OpenMM Energy: -2.645376437597702 Eh
OpenMM Energy: -1659.998777055851 kcal/mol

-----------------------
Ending OpenMM interface
-----------------------

----------------------------------------------------------------
Time to calculate step (OpenMM run): 0.002 seconds, 0.0 minutes.
----------------------------------------------------------------

-------------------------------------------------------------
Time to calculate step (MM step): 0.002 seconds, 0.0 minutes.
-------------------------------------------------------------

Note: You are using electrostatic embedding. This means that the QM-energy is actually the polarized QM-energy
Note: MM energy also contains the QM-MM Lennard-Jones interaction

QM energy:              -836.297302412756 
MM energy:                -2.645376437598
QM/MM energy:           -838.942678850354 

  ------------ENDING QM/MM MODULE------------- 

-----------------------------------------------------------------
Time to calculate step (QM/MM run): 122.145 seconds, 2.0 minutes.
-----------------------------------------------------------------
geometric called save_guess_files option option for ASHengineclass.
This option is currently unsupported in ASH. Continuing.

Convergence criteria: {'convergence_energy': 1e-05, 'convergence_grms': 0.003, 'convergence_gmax': 0.006, 'convergence_drms': 0.01, 'convergence_dmax': 0.015, 'convergence_cmax': 0.01}

Replacing coordinates in fragment.
Creating/Updating fragment attributes...
Number of Atoms in fragment: 88
Formula: O18N12H38C20
Label: CHHCCOOOCHCHCCHCHCHOHCOOCOOHCNHHNHHNHHCOOHCOOHCNHHNHHNHHCOOHCOOHCNHHNHHNHHCNHHNHHNHHCOOH
Charge: -2 Mult: 1

--------------------------------------------------------------------------------
Wrote XYZ file:  Fragment-currentgeo.xyz
Current geometry (Å) in step 10 (print_atoms_list region)
---------------------------------------------------
        C  58.73035435   35.34717223   57.99099824
        H  59.23883725   34.92092366   57.06235781
        H  59.20546448   36.20929543   58.50599575
        C  57.59848395   34.96987981   58.63876414
        C  57.19760561   35.48098218   60.27306487
        O  57.87947288   36.03638786   61.52827019
        O  55.97613382   35.05001104   60.26904673
        O  56.66465980   34.01861913   58.24939278
        C  57.02499894   33.09206845   57.01151902
        H  56.31082181   32.27945447   57.19419302
        C  58.41986390   32.56987546   56.97818914
        H  58.78388400   32.12434284   57.88517935
        C  59.36654032   32.83129381   56.03203882
        C  58.91758279   33.42993919   54.73961045
        H  59.65815280   33.55007012   53.94129382
        C  57.67061110   33.87404245   54.58728062
        H  57.35795031   34.31857701   53.64472425
        C  56.57983833   33.66990563   55.60761045
        H  56.04261730   34.60527513   55.81404237
        O  55.68793385   32.77107367   54.93452628
        H  55.00582131   32.45570156   55.54546864
        C  60.83825733   33.16460715   56.70951622
        O  61.08503913   32.22639436   57.58335110
        O  61.44133800   34.31355956   56.39317811
        C  64.93960000   33.26550000   44.42870000
        O  66.12342500   33.32727600   44.03216300
        O  64.22831600   32.23811700   44.46125900
        H  64.48162100   34.20135000   44.78146100
        C  57.48340000   32.05040000   67.31550000
        N  57.63397700   32.43562000   66.05144600
        H  57.32346000   33.09812200   66.74770000
        H  57.83014600   31.48058200   66.31511300
        N  57.07450100   32.92280400   68.23234900
        H  57.27067000   31.96776600   68.49601600
        H  57.18884900   33.21534000   67.27242800
        N  57.74172100   30.79277600   67.66270500
        H  57.85607000   31.08531100   66.70278400
        H  57.43120400   31.45527800   68.35895900
        C  57.23480000   27.87720000   45.86430000
        O  58.41862500   27.93897600   45.46776300
        O  56.52351600   26.84981700   45.89685900
        H  56.77682100   28.81305000   46.21706100
        C  70.60420000   27.88010000   55.89570000
        O  71.78802500   27.94187600   55.49916300
        O  69.89291600   26.85271700   55.92825900
        H  70.14622100   28.81595000   56.24846100
        C  56.61970000   24.87390000   63.10710000
        N  56.77027700   25.25912000   61.84304600
        H  56.45976000   25.92162200   62.53930000
        H  56.96644600   24.30408200   62.10671300
        N  56.21080100   25.74630400   64.02394900
        H  56.40697000   24.79126600   64.28761600
        H  56.32514900   26.03884000   63.06402800
        N  56.87802100   23.61627600   63.45430500
        H  56.99237000   23.90881100   62.49438400
        H  56.56750400   24.27877800   64.15055900
        C  67.62720000   26.53280000   48.41340000
        O  68.81102500   26.59457600   48.01686300
        O  66.91591600   25.50541700   48.44595900
        H  67.16922100   27.46865000   48.76616100
        C  67.23540000   23.78030000   55.38840000
        O  68.41922500   23.84207600   54.99186300
        O  66.52411600   22.75291700   55.42095900
        H  66.77742100   24.71615000   55.74116100
        C  52.05360000   26.34030000   62.61070000
        N  52.20417700   26.72552000   61.34664600
        H  51.89366000   27.38802200   62.04290000
        H  52.40034600   25.77048200   61.61031300
        N  51.64470100   27.21270400   63.52754900
        H  51.84087000   26.25766600   63.79121600
        H  51.75904900   27.50524000   62.56762800
        N  52.31192100   25.08267600   62.95790500
        H  52.42627000   25.37521100   61.99798400
        H  52.00140400   25.74517800   63.65415900
        C  60.99040000   38.20210000   66.19070000
        N  61.14097700   38.58732000   64.92664600
        H  60.83046000   39.24982200   65.62290000
        H  61.33714600   37.63228200   65.19031300
        N  60.58150100   39.07450400   67.10754900
        H  60.77767000   38.11946600   67.37121600
        H  60.69584900   39.36704000   66.14762800
        N  61.24872100   36.94447600   66.53790500
        H  61.36307000   37.23701100   65.57798400
        H  60.93820400   37.60697800   67.23415900
        C  60.54270000   22.28810000   53.74910000
        O  61.72652500   22.34987600   53.35256300
        O  59.83141600   21.26071700   53.78165900
        H  60.08472100   23.22395000   54.10186100

Note: printed only print_atoms_list (this is not necessarily all atoms) 
  ------------RUNNING QM/MM MODULE------------- 
QM Module: ORCATheory
MM Module: OpenMMTheory
Charge provided from QMMMTheory object:  -2
Mult provided from QMMMTheory object:  1
QM-region Charge: -2 Mult: 1
Embedding: Electrostatic
Number of pointcharges (to QM program): 64
Number of charge coordinates: 64
Running QM/MM object with 8 cores available

-------------------------------------------------------------------
Time to calculate step (before-QMstep): 0.000 seconds, 0.0 minutes.
-------------------------------------------------------------------
  ------------RUNNING ORCA INTERFACE------------- 
Object-label: ORCA
Run-label: None
Running ORCA with 8 cores available
Moreadfile option not active
A GBW-file with same basename : orca.gbw is present
Autostart is False. ORCA will ignore any file present
Creating inputfile: orca.inp
ORCA input:
! B3LYP D3BJ def2-SVP def2/J RIJCOSX CPCM TightSCF

! Noautostart

%cpcm epsilon 4.0 end
%scf MaxIter 300 Guess PModel end
Charge: -2  Mult: 1
Pointcharge embedding is on!
 ORCA Calculation starting. 
Found warning messages in ORCA outputfile:
WARNING: The chosen methods will break translational/rotational symmetry
 WARNING: The chosen methods will break translational symmetry
 WARNING: The chosen methods will break translational symmetry

 ORCA Calculation done. 
ORCA converged in 16 iterations
ORCA energy: -836.217629351329
  ------------ENDING ORCA-INTERFACE------------- 

----------------------------------------------------------------
Time to calculate step (ORCA run): 128.337 seconds, 2.1 minutes.
----------------------------------------------------------------

---------------------------------------------------------------
Time to calculate step (QM step): 128.337 seconds, 2.1 minutes.
---------------------------------------------------------------

----------------------------------------------------------------------
Time to calculate step (QMpcgrad prepare): 0.000 seconds, 0.0 minutes.
----------------------------------------------------------------------

--------------------------------------------------------------------------
Time to calculate step (linkatomgrad prepare): 0.000 seconds, 0.0 minutes.
--------------------------------------------------------------------------

----------------------------------------------------------------------------
Time to calculate step (QM/MM gradient prepare): 0.000 seconds, 0.0 minutes.
----------------------------------------------------------------------------
Using OpenMM theory as part of QM/MM.
Using MM on full system. Charges for QM region [0, 1, 2, 3, 4, 5, 6, 7, 8, 9, 10, 11, 12, 13, 14, 15, 16, 17, 18, 19, 20, 21, 22, 23] have been set to zero 

--------------------------------------------------------------------------------
                   Creating/updating OpenMM simulation object                   
--------------------------------------------------------------------------------

Integrator name: VerletIntegrator
Timestep: 0.001
Temperature: 300
Coupling frequency: 1
Properties: {'Threads': '1'}
Topology: <Topology; 1 chains, 1 residues, 88 atoms, 0 bonds>

----------------------------------------------------------------------------------
Time to calculate step (creating/updating simulation): 0.002 seconds, 0.0 minutes.
----------------------------------------------------------------------------------

--------------------------------------------------------------------------------
                     Running Single-point OpenMM Interface                      
--------------------------------------------------------------------------------

Number of OpenMM system constraints defined: 0

-----------------------------------------------------------------------------------
Time to calculate step (OpenMMTheory.run: const-check): 0.002 seconds, 0.0 minutes.
-----------------------------------------------------------------------------------
Updating coordinates.

------------------------------------------------------------------------
Time to calculate step (Creating pos array): 0.000 seconds, 0.0 minutes.
------------------------------------------------------------------------

---------------------------------------------------------------------------
Time to calculate step (Updating MM positions): 0.000 seconds, 0.0 minutes.
---------------------------------------------------------------------------
Calling OpenMM getState.

---------------------------------------------------------------------
Time to calculate step (OpenMM getState): 0.000 seconds, 0.0 minutes.
---------------------------------------------------------------------
OpenMM Energy: -2.6454580686399884 Eh
OpenMM Energy: -1660.0500013082635 kcal/mol

-----------------------
Ending OpenMM interface
-----------------------

----------------------------------------------------------------
Time to calculate step (OpenMM run): 0.003 seconds, 0.0 minutes.
----------------------------------------------------------------

-------------------------------------------------------------
Time to calculate step (MM step): 0.004 seconds, 0.0 minutes.
-------------------------------------------------------------

Note: You are using electrostatic embedding. This means that the QM-energy is actually the polarized QM-energy
Note: MM energy also contains the QM-MM Lennard-Jones interaction

QM energy:              -836.217629351329 
MM energy:                -2.645458068640
QM/MM energy:           -838.863087419969 

  ------------ENDING QM/MM MODULE------------- 

-----------------------------------------------------------------
Time to calculate step (QM/MM run): 128.341 seconds, 2.1 minutes.
-----------------------------------------------------------------
geometric called save_guess_files option option for ASHengineclass.
This option is currently unsupported in ASH. Continuing.

Convergence criteria: {'convergence_energy': 1e-05, 'convergence_grms': 0.003, 'convergence_gmax': 0.006, 'convergence_drms': 0.01, 'convergence_dmax': 0.015, 'convergence_cmax': 0.01}

Replacing coordinates in fragment.
Creating/Updating fragment attributes...
Number of Atoms in fragment: 88
Formula: O18N12H38C20
Label: CHHCCOOOCHCHCCHCHCHOHCOOCOOHCNHHNHHNHHCOOHCOOHCNHHNHHNHHCOOHCOOHCNHHNHHNHHCNHHNHHNHHCOOH
Charge: -2 Mult: 1

--------------------------------------------------------------------------------
Wrote XYZ file:  Fragment-currentgeo.xyz
Current geometry (Å) in step 11 (print_atoms_list region)
---------------------------------------------------
        C  58.73890434   35.34964273   58.05371415
        H  59.25616388   34.91544971   57.20133924
        H  59.25180059   36.21059649   58.45603382
        C  57.60648408   34.90111295   58.66532070
        C  57.10994070   35.48127115   60.14344766
        O  57.94502696   36.02629297   61.07539394
        O  55.97445382   35.16904134   60.55721169
        O  56.78519539   33.91874312   58.14870539
        C  57.04192836   33.06238318   56.95375757
        H  56.32410613   32.25806060   57.17331152
        C  58.42618573   32.55753143   56.96835521
        H  58.79311406   32.11519443   57.88559052
        C  59.35627305   32.84564539   56.03275519
        C  58.93321346   33.44942076   54.74969080
        H  59.66957423   33.57749021   53.95133276
        C  57.67700457   33.87891087   54.58454489
        H  57.36002150   34.32917912   53.64490507
        C  56.58100096   33.66177355   55.59202443
        H  56.05435298   34.60867729   55.80709964
        O  55.67703760   32.77136276   54.93094432
        H  55.00126949   32.46089441   55.55014892
        C  60.81732716   33.05692513   56.63994972
        O  61.20879453   32.36409889   57.58311793
        O  61.37021773   34.12829486   56.24543474
        C  64.93960000   33.26550000   44.42870000
        O  66.12342500   33.32727600   44.03216300
        O  64.22831600   32.23811700   44.46125900
        H  64.48162100   34.20135000   44.78146100
        C  57.48340000   32.05040000   67.31550000
        N  57.63397700   32.43562000   66.05144600
        H  57.32346000   33.09812200   66.74770000
        H  57.83014600   31.48058200   66.31511300
        N  57.07450100   32.92280400   68.23234900
        H  57.27067000   31.96776600   68.49601600
        H  57.18884900   33.21534000   67.27242800
        N  57.74172100   30.79277600   67.66270500
        H  57.85607000   31.08531100   66.70278400
        H  57.43120400   31.45527800   68.35895900
        C  57.23480000   27.87720000   45.86430000
        O  58.41862500   27.93897600   45.46776300
        O  56.52351600   26.84981700   45.89685900
        H  56.77682100   28.81305000   46.21706100
        C  70.60420000   27.88010000   55.89570000
        O  71.78802500   27.94187600   55.49916300
        O  69.89291600   26.85271700   55.92825900
        H  70.14622100   28.81595000   56.24846100
        C  56.61970000   24.87390000   63.10710000
        N  56.77027700   25.25912000   61.84304600
        H  56.45976000   25.92162200   62.53930000
        H  56.96644600   24.30408200   62.10671300
        N  56.21080100   25.74630400   64.02394900
        H  56.40697000   24.79126600   64.28761600
        H  56.32514900   26.03884000   63.06402800
        N  56.87802100   23.61627600   63.45430500
        H  56.99237000   23.90881100   62.49438400
        H  56.56750400   24.27877800   64.15055900
        C  67.62720000   26.53280000   48.41340000
        O  68.81102500   26.59457600   48.01686300
        O  66.91591600   25.50541700   48.44595900
        H  67.16922100   27.46865000   48.76616100
        C  67.23540000   23.78030000   55.38840000
        O  68.41922500   23.84207600   54.99186300
        O  66.52411600   22.75291700   55.42095900
        H  66.77742100   24.71615000   55.74116100
        C  52.05360000   26.34030000   62.61070000
        N  52.20417700   26.72552000   61.34664600
        H  51.89366000   27.38802200   62.04290000
        H  52.40034600   25.77048200   61.61031300
        N  51.64470100   27.21270400   63.52754900
        H  51.84087000   26.25766600   63.79121600
        H  51.75904900   27.50524000   62.56762800
        N  52.31192100   25.08267600   62.95790500
        H  52.42627000   25.37521100   61.99798400
        H  52.00140400   25.74517800   63.65415900
        C  60.99040000   38.20210000   66.19070000
        N  61.14097700   38.58732000   64.92664600
        H  60.83046000   39.24982200   65.62290000
        H  61.33714600   37.63228200   65.19031300
        N  60.58150100   39.07450400   67.10754900
        H  60.77767000   38.11946600   67.37121600
        H  60.69584900   39.36704000   66.14762800
        N  61.24872100   36.94447600   66.53790500
        H  61.36307000   37.23701100   65.57798400
        H  60.93820400   37.60697800   67.23415900
        C  60.54270000   22.28810000   53.74910000
        O  61.72652500   22.34987600   53.35256300
        O  59.83141600   21.26071700   53.78165900
        H  60.08472100   23.22395000   54.10186100

Note: printed only print_atoms_list (this is not necessarily all atoms) 
  ------------RUNNING QM/MM MODULE------------- 
QM Module: ORCATheory
MM Module: OpenMMTheory
Charge provided from QMMMTheory object:  -2
Mult provided from QMMMTheory object:  1
QM-region Charge: -2 Mult: 1
Embedding: Electrostatic
Number of pointcharges (to QM program): 64
Number of charge coordinates: 64
Running QM/MM object with 8 cores available

-------------------------------------------------------------------
Time to calculate step (before-QMstep): 0.000 seconds, 0.0 minutes.
-------------------------------------------------------------------
  ------------RUNNING ORCA INTERFACE------------- 
Object-label: ORCA
Run-label: None
Running ORCA with 8 cores available
Moreadfile option not active
A GBW-file with same basename : orca.gbw is present
Autostart is False. ORCA will ignore any file present
Creating inputfile: orca.inp
ORCA input:
! B3LYP D3BJ def2-SVP def2/J RIJCOSX CPCM TightSCF

! Noautostart

%cpcm epsilon 4.0 end
%scf MaxIter 300 Guess PModel end
Charge: -2  Mult: 1
Pointcharge embedding is on!
 ORCA Calculation starting. 
Found warning messages in ORCA outputfile:
WARNING: The chosen methods will break translational/rotational symmetry
 WARNING: The chosen methods will break translational symmetry
 WARNING: The chosen methods will break translational symmetry

 ORCA Calculation done. 
ORCA converged in 12 iterations
ORCA energy: -836.325400139833
  ------------ENDING ORCA-INTERFACE------------- 

----------------------------------------------------------------
Time to calculate step (ORCA run): 113.562 seconds, 1.9 minutes.
----------------------------------------------------------------

---------------------------------------------------------------
Time to calculate step (QM step): 113.562 seconds, 1.9 minutes.
---------------------------------------------------------------

----------------------------------------------------------------------
Time to calculate step (QMpcgrad prepare): 0.000 seconds, 0.0 minutes.
----------------------------------------------------------------------

--------------------------------------------------------------------------
Time to calculate step (linkatomgrad prepare): 0.000 seconds, 0.0 minutes.
--------------------------------------------------------------------------

----------------------------------------------------------------------------
Time to calculate step (QM/MM gradient prepare): 0.000 seconds, 0.0 minutes.
----------------------------------------------------------------------------
Using OpenMM theory as part of QM/MM.
Using MM on full system. Charges for QM region [0, 1, 2, 3, 4, 5, 6, 7, 8, 9, 10, 11, 12, 13, 14, 15, 16, 17, 18, 19, 20, 21, 22, 23] have been set to zero 

--------------------------------------------------------------------------------
                   Creating/updating OpenMM simulation object                   
--------------------------------------------------------------------------------

Integrator name: VerletIntegrator
Timestep: 0.001
Temperature: 300
Coupling frequency: 1
Properties: {'Threads': '1'}
Topology: <Topology; 1 chains, 1 residues, 88 atoms, 0 bonds>

----------------------------------------------------------------------------------
Time to calculate step (creating/updating simulation): 0.002 seconds, 0.0 minutes.
----------------------------------------------------------------------------------

--------------------------------------------------------------------------------
                     Running Single-point OpenMM Interface                      
--------------------------------------------------------------------------------

Number of OpenMM system constraints defined: 0

-----------------------------------------------------------------------------------
Time to calculate step (OpenMMTheory.run: const-check): 0.002 seconds, 0.0 minutes.
-----------------------------------------------------------------------------------
Updating coordinates.

------------------------------------------------------------------------
Time to calculate step (Creating pos array): 0.000 seconds, 0.0 minutes.
------------------------------------------------------------------------

---------------------------------------------------------------------------
Time to calculate step (Updating MM positions): 0.000 seconds, 0.0 minutes.
---------------------------------------------------------------------------
Calling OpenMM getState.

---------------------------------------------------------------------
Time to calculate step (OpenMM getState): 0.000 seconds, 0.0 minutes.
---------------------------------------------------------------------
OpenMM Energy: -2.6454215024950183 Eh
OpenMM Energy: -1660.0270557058648 kcal/mol

-----------------------
Ending OpenMM interface
-----------------------

----------------------------------------------------------------
Time to calculate step (OpenMM run): 0.003 seconds, 0.0 minutes.
----------------------------------------------------------------

-------------------------------------------------------------
Time to calculate step (MM step): 0.004 seconds, 0.0 minutes.
-------------------------------------------------------------

Note: You are using electrostatic embedding. This means that the QM-energy is actually the polarized QM-energy
Note: MM energy also contains the QM-MM Lennard-Jones interaction

QM energy:              -836.325400139833 
MM energy:                -2.645421502495
QM/MM energy:           -838.970821642328 

  ------------ENDING QM/MM MODULE------------- 

-----------------------------------------------------------------
Time to calculate step (QM/MM run): 113.566 seconds, 1.9 minutes.
-----------------------------------------------------------------
geometric called save_guess_files option option for ASHengineclass.
This option is currently unsupported in ASH. Continuing.

Convergence criteria: {'convergence_energy': 1e-05, 'convergence_grms': 0.003, 'convergence_gmax': 0.006, 'convergence_drms': 0.01, 'convergence_dmax': 0.015, 'convergence_cmax': 0.01}

Replacing coordinates in fragment.
Creating/Updating fragment attributes...
Number of Atoms in fragment: 88
Formula: O18N12H38C20
Label: CHHCCOOOCHCHCCHCHCHOHCOOCOOHCNHHNHHNHHCOOHCOOHCNHHNHHNHHCOOHCOOHCNHHNHHNHHCNHHNHHNHHCOOH
Charge: -2 Mult: 1

--------------------------------------------------------------------------------
Wrote XYZ file:  Fragment-currentgeo.xyz
Current geometry (Å) in step 12 (print_atoms_list region)
---------------------------------------------------
        C  58.66673306   35.51574665   58.25747263
        H  59.14091573   35.14008626   57.28898275
        H  59.15056833   36.35837255   58.83251458
        C  57.55500007   34.90880914   58.79833427
        C  57.07782284   35.17897544   60.28499241
        O  57.96838871   35.77088703   60.73762620
        O  55.94374895   34.93848820   60.72837670
        O  56.75477739   33.95504044   58.18915145
        C  57.00493919   33.13941604   57.02019267
        H  56.35112045   32.25184376   57.20440888
        C  58.42171622   32.66961969   57.11371472
        H  58.76873284   32.30035801   58.09474579
        C  59.35485830   32.95025986   56.19725319
        C  58.96310447   33.53559320   54.90629024
        H  59.71802761   33.69754792   54.12708650
        C  57.67265576   33.87016752   54.63463604
        H  57.38204468   34.27532221   53.64402489
        C  56.53698178   33.68528367   55.62019651
        H  56.05850021   34.68819959   55.78295407
        O  55.61195732   32.79871860   54.98920146
        H  54.93695908   32.50888220   55.61293682
        C  60.74996800   33.08181776   56.74637215
        O  61.12347012   32.28666528   57.64084781
        O  61.19953234   34.09063485   56.26379928
        C  64.93960000   33.26550000   44.42870000
        O  66.12342500   33.32727600   44.03216300
        O  64.22831600   32.23811700   44.46125900
        H  64.48162100   34.20135000   44.78146100
        C  57.48340000   32.05040000   67.31550000
        N  57.63397700   32.43562000   66.05144600
        H  57.32346000   33.09812200   66.74770000
        H  57.83014600   31.48058200   66.31511300
        N  57.07450100   32.92280400   68.23234900
        H  57.27067000   31.96776600   68.49601600
        H  57.18884900   33.21534000   67.27242800
        N  57.74172100   30.79277600   67.66270500
        H  57.85607000   31.08531100   66.70278400
        H  57.43120400   31.45527800   68.35895900
        C  57.23480000   27.87720000   45.86430000
        O  58.41862500   27.93897600   45.46776300
        O  56.52351600   26.84981700   45.89685900
        H  56.77682100   28.81305000   46.21706100
        C  70.60420000   27.88010000   55.89570000
        O  71.78802500   27.94187600   55.49916300
        O  69.89291600   26.85271700   55.92825900
        H  70.14622100   28.81595000   56.24846100
        C  56.61970000   24.87390000   63.10710000
        N  56.77027700   25.25912000   61.84304600
        H  56.45976000   25.92162200   62.53930000
        H  56.96644600   24.30408200   62.10671300
        N  56.21080100   25.74630400   64.02394900
        H  56.40697000   24.79126600   64.28761600
        H  56.32514900   26.03884000   63.06402800
        N  56.87802100   23.61627600   63.45430500
        H  56.99237000   23.90881100   62.49438400
        H  56.56750400   24.27877800   64.15055900
        C  67.62720000   26.53280000   48.41340000
        O  68.81102500   26.59457600   48.01686300
        O  66.91591600   25.50541700   48.44595900
        H  67.16922100   27.46865000   48.76616100
        C  67.23540000   23.78030000   55.38840000
        O  68.41922500   23.84207600   54.99186300
        O  66.52411600   22.75291700   55.42095900
        H  66.77742100   24.71615000   55.74116100
        C  52.05360000   26.34030000   62.61070000
        N  52.20417700   26.72552000   61.34664600
        H  51.89366000   27.38802200   62.04290000
        H  52.40034600   25.77048200   61.61031300
        N  51.64470100   27.21270400   63.52754900
        H  51.84087000   26.25766600   63.79121600
        H  51.75904900   27.50524000   62.56762800
        N  52.31192100   25.08267600   62.95790500
        H  52.42627000   25.37521100   61.99798400
        H  52.00140400   25.74517800   63.65415900
        C  60.99040000   38.20210000   66.19070000
        N  61.14097700   38.58732000   64.92664600
        H  60.83046000   39.24982200   65.62290000
        H  61.33714600   37.63228200   65.19031300
        N  60.58150100   39.07450400   67.10754900
        H  60.77767000   38.11946600   67.37121600
        H  60.69584900   39.36704000   66.14762800
        N  61.24872100   36.94447600   66.53790500
        H  61.36307000   37.23701100   65.57798400
        H  60.93820400   37.60697800   67.23415900
        C  60.54270000   22.28810000   53.74910000
        O  61.72652500   22.34987600   53.35256300
        O  59.83141600   21.26071700   53.78165900
        H  60.08472100   23.22395000   54.10186100

Note: printed only print_atoms_list (this is not necessarily all atoms) 
  ------------RUNNING QM/MM MODULE------------- 
QM Module: ORCATheory
MM Module: OpenMMTheory
Charge provided from QMMMTheory object:  -2
Mult provided from QMMMTheory object:  1
QM-region Charge: -2 Mult: 1
Embedding: Electrostatic
Number of pointcharges (to QM program): 64
Number of charge coordinates: 64
Running QM/MM object with 8 cores available

-------------------------------------------------------------------
Time to calculate step (before-QMstep): 0.000 seconds, 0.0 minutes.
-------------------------------------------------------------------
  ------------RUNNING ORCA INTERFACE------------- 
Object-label: ORCA
Run-label: None
Running ORCA with 8 cores available
Moreadfile option not active
A GBW-file with same basename : orca.gbw is present
Autostart is False. ORCA will ignore any file present
Creating inputfile: orca.inp
ORCA input:
! B3LYP D3BJ def2-SVP def2/J RIJCOSX CPCM TightSCF

! Noautostart

%cpcm epsilon 4.0 end
%scf MaxIter 300 Guess PModel end
Charge: -2  Mult: 1
Pointcharge embedding is on!
 ORCA Calculation starting. 
Found warning messages in ORCA outputfile:
WARNING: The chosen methods will break translational/rotational symmetry
 WARNING: The chosen methods will break translational symmetry
 WARNING: The chosen methods will break translational symmetry

 ORCA Calculation done. 
ORCA converged in 12 iterations
ORCA energy: -836.318237274445
  ------------ENDING ORCA-INTERFACE------------- 

----------------------------------------------------------------
Time to calculate step (ORCA run): 105.313 seconds, 1.8 minutes.
----------------------------------------------------------------

---------------------------------------------------------------
Time to calculate step (QM step): 105.313 seconds, 1.8 minutes.
---------------------------------------------------------------

----------------------------------------------------------------------
Time to calculate step (QMpcgrad prepare): 0.000 seconds, 0.0 minutes.
----------------------------------------------------------------------

--------------------------------------------------------------------------
Time to calculate step (linkatomgrad prepare): 0.000 seconds, 0.0 minutes.
--------------------------------------------------------------------------

----------------------------------------------------------------------------
Time to calculate step (QM/MM gradient prepare): 0.000 seconds, 0.0 minutes.
----------------------------------------------------------------------------
Using OpenMM theory as part of QM/MM.
Using MM on full system. Charges for QM region [0, 1, 2, 3, 4, 5, 6, 7, 8, 9, 10, 11, 12, 13, 14, 15, 16, 17, 18, 19, 20, 21, 22, 23] have been set to zero 

--------------------------------------------------------------------------------
                   Creating/updating OpenMM simulation object                   
--------------------------------------------------------------------------------

Integrator name: VerletIntegrator
Timestep: 0.001
Temperature: 300
Coupling frequency: 1
Properties: {'Threads': '1'}
Topology: <Topology; 1 chains, 1 residues, 88 atoms, 0 bonds>

----------------------------------------------------------------------------------
Time to calculate step (creating/updating simulation): 0.002 seconds, 0.0 minutes.
----------------------------------------------------------------------------------

--------------------------------------------------------------------------------
                     Running Single-point OpenMM Interface                      
--------------------------------------------------------------------------------

Number of OpenMM system constraints defined: 0

-----------------------------------------------------------------------------------
Time to calculate step (OpenMMTheory.run: const-check): 0.002 seconds, 0.0 minutes.
-----------------------------------------------------------------------------------
Updating coordinates.

------------------------------------------------------------------------
Time to calculate step (Creating pos array): 0.000 seconds, 0.0 minutes.
------------------------------------------------------------------------

---------------------------------------------------------------------------
Time to calculate step (Updating MM positions): 0.000 seconds, 0.0 minutes.
---------------------------------------------------------------------------
Calling OpenMM getState.

---------------------------------------------------------------------
Time to calculate step (OpenMM getState): 0.000 seconds, 0.0 minutes.
---------------------------------------------------------------------
OpenMM Energy: -2.645416686130031 Eh
OpenMM Energy: -1660.0240333912047 kcal/mol

-----------------------
Ending OpenMM interface
-----------------------

----------------------------------------------------------------
Time to calculate step (OpenMM run): 0.003 seconds, 0.0 minutes.
----------------------------------------------------------------

-------------------------------------------------------------
Time to calculate step (MM step): 0.004 seconds, 0.0 minutes.
-------------------------------------------------------------

Note: You are using electrostatic embedding. This means that the QM-energy is actually the polarized QM-energy
Note: MM energy also contains the QM-MM Lennard-Jones interaction

QM energy:              -836.318237274445 
MM energy:                -2.645416686130
QM/MM energy:           -838.963653960575 

  ------------ENDING QM/MM MODULE------------- 

-----------------------------------------------------------------
Time to calculate step (QM/MM run): 105.317 seconds, 1.8 minutes.
-----------------------------------------------------------------
geometric called save_guess_files option option for ASHengineclass.
This option is currently unsupported in ASH. Continuing.
geometric called clearCalcs option for ASHengineclass.
This option is currently unsupported in ASH. Continuing.

Convergence criteria: {'convergence_energy': 1e-05, 'convergence_grms': 0.003, 'convergence_gmax': 0.006, 'convergence_drms': 0.01, 'convergence_dmax': 0.015, 'convergence_cmax': 0.01}

Replacing coordinates in fragment.
Creating/Updating fragment attributes...
Number of Atoms in fragment: 88
Formula: O18N12H38C20
Label: CHHCCOOOCHCHCCHCHCHOHCOOCOOHCNHHNHHNHHCOOHCOOHCNHHNHHNHHCOOHCOOHCNHHNHHNHHCNHHNHHNHHCOOH
Charge: -2 Mult: 1

--------------------------------------------------------------------------------
Wrote XYZ file:  Fragment-currentgeo.xyz
Current geometry (Å) in step 13 (print_atoms_list region)
---------------------------------------------------
        C  58.65664164   35.45759870   58.23020316
        H  59.13892164   35.08753115   57.33811979
        H  59.15785828   36.29122247   58.75114481
        C  57.54668637   34.91149518   58.72265129
        C  57.10729166   35.28946467   60.19573195
        O  57.97114483   35.81307414   61.02555456
        O  55.95975166   34.92774343   60.54794729
        O  56.69177109   33.97823571   58.21903226
        C  56.99516358   33.12866545   57.03713036
        H  56.33075763   32.25904861   57.21820134
        C  58.40581306   32.65959947   57.10577095
        H  58.75800857   32.27208148   58.07042637
        C  59.33697578   32.93722080   56.18170223
        C  58.95647427   33.53121296   54.89807626
        H  59.71702233   33.68195098   54.12450294
        C  57.67765951   33.87687032   54.64570310
        H  57.38651371   34.28434827   53.66496527
        C  56.54672366   33.68728741   55.63390658
        H  56.06048601   34.67655213   55.80294196
        O  55.62840823   32.79830724   54.99476747
        H  54.94832627   32.52120093   55.62141979
        C  60.75698809   33.04302627   56.72447510
        O  61.17656753   32.32656543   57.64238150
        O  61.22026328   34.13422792   56.31873124
        C  64.93960000   33.26550000   44.42870000
        O  66.12342500   33.32727600   44.03216300
        O  64.22831600   32.23811700   44.46125900
        H  64.48162100   34.20135000   44.78146100
        C  57.48340000   32.05040000   67.31550000
        N  57.63397700   32.43562000   66.05144600
        H  57.32346000   33.09812200   66.74770000
        H  57.83014600   31.48058200   66.31511300
        N  57.07450100   32.92280400   68.23234900
        H  57.27067000   31.96776600   68.49601600
        H  57.18884900   33.21534000   67.27242800
        N  57.74172100   30.79277600   67.66270500
        H  57.85607000   31.08531100   66.70278400
        H  57.43120400   31.45527800   68.35895900
        C  57.23480000   27.87720000   45.86430000
        O  58.41862500   27.93897600   45.46776300
        O  56.52351600   26.84981700   45.89685900
        H  56.77682100   28.81305000   46.21706100
        C  70.60420000   27.88010000   55.89570000
        O  71.78802500   27.94187600   55.49916300
        O  69.89291600   26.85271700   55.92825900
        H  70.14622100   28.81595000   56.24846100
        C  56.61970000   24.87390000   63.10710000
        N  56.77027700   25.25912000   61.84304600
        H  56.45976000   25.92162200   62.53930000
        H  56.96644600   24.30408200   62.10671300
        N  56.21080100   25.74630400   64.02394900
        H  56.40697000   24.79126600   64.28761600
        H  56.32514900   26.03884000   63.06402800
        N  56.87802100   23.61627600   63.45430500
        H  56.99237000   23.90881100   62.49438400
        H  56.56750400   24.27877800   64.15055900
        C  67.62720000   26.53280000   48.41340000
        O  68.81102500   26.59457600   48.01686300
        O  66.91591600   25.50541700   48.44595900
        H  67.16922100   27.46865000   48.76616100
        C  67.23540000   23.78030000   55.38840000
        O  68.41922500   23.84207600   54.99186300
        O  66.52411600   22.75291700   55.42095900
        H  66.77742100   24.71615000   55.74116100
        C  52.05360000   26.34030000   62.61070000
        N  52.20417700   26.72552000   61.34664600
        H  51.89366000   27.38802200   62.04290000
        H  52.40034600   25.77048200   61.61031300
        N  51.64470100   27.21270400   63.52754900
        H  51.84087000   26.25766600   63.79121600
        H  51.75904900   27.50524000   62.56762800
        N  52.31192100   25.08267600   62.95790500
        H  52.42627000   25.37521100   61.99798400
        H  52.00140400   25.74517800   63.65415900
        C  60.99040000   38.20210000   66.19070000
        N  61.14097700   38.58732000   64.92664600
        H  60.83046000   39.24982200   65.62290000
        H  61.33714600   37.63228200   65.19031300
        N  60.58150100   39.07450400   67.10754900
        H  60.77767000   38.11946600   67.37121600
        H  60.69584900   39.36704000   66.14762800
        N  61.24872100   36.94447600   66.53790500
        H  61.36307000   37.23701100   65.57798400
        H  60.93820400   37.60697800   67.23415900
        C  60.54270000   22.28810000   53.74910000
        O  61.72652500   22.34987600   53.35256300
        O  59.83141600   21.26071700   53.78165900
        H  60.08472100   23.22395000   54.10186100

Note: printed only print_atoms_list (this is not necessarily all atoms) 
  ------------RUNNING QM/MM MODULE------------- 
QM Module: ORCATheory
MM Module: OpenMMTheory
Charge provided from QMMMTheory object:  -2
Mult provided from QMMMTheory object:  1
QM-region Charge: -2 Mult: 1
Embedding: Electrostatic
Number of pointcharges (to QM program): 64
Number of charge coordinates: 64
Running QM/MM object with 8 cores available

-------------------------------------------------------------------
Time to calculate step (before-QMstep): 0.000 seconds, 0.0 minutes.
-------------------------------------------------------------------
  ------------RUNNING ORCA INTERFACE------------- 
Object-label: ORCA
Run-label: None
Running ORCA with 8 cores available
Moreadfile option not active
A GBW-file with same basename : orca.gbw is present
Autostart is False. ORCA will ignore any file present
Creating inputfile: orca.inp
ORCA input:
! B3LYP D3BJ def2-SVP def2/J RIJCOSX CPCM TightSCF

! Noautostart

%cpcm epsilon 4.0 end
%scf MaxIter 300 Guess PModel end
Charge: -2  Mult: 1
Pointcharge embedding is on!
 ORCA Calculation starting. 
Found warning messages in ORCA outputfile:
WARNING: The chosen methods will break translational/rotational symmetry
 WARNING: The chosen methods will break translational symmetry
 WARNING: The chosen methods will break translational symmetry

 ORCA Calculation done. 
ORCA converged in 12 iterations
ORCA energy: -836.358025939725
  ------------ENDING ORCA-INTERFACE------------- 

----------------------------------------------------------------
Time to calculate step (ORCA run): 108.914 seconds, 1.8 minutes.
----------------------------------------------------------------

---------------------------------------------------------------
Time to calculate step (QM step): 108.914 seconds, 1.8 minutes.
---------------------------------------------------------------

----------------------------------------------------------------------
Time to calculate step (QMpcgrad prepare): 0.000 seconds, 0.0 minutes.
----------------------------------------------------------------------

--------------------------------------------------------------------------
Time to calculate step (linkatomgrad prepare): 0.000 seconds, 0.0 minutes.
--------------------------------------------------------------------------

----------------------------------------------------------------------------
Time to calculate step (QM/MM gradient prepare): 0.000 seconds, 0.0 minutes.
----------------------------------------------------------------------------
Using OpenMM theory as part of QM/MM.
Using MM on full system. Charges for QM region [0, 1, 2, 3, 4, 5, 6, 7, 8, 9, 10, 11, 12, 13, 14, 15, 16, 17, 18, 19, 20, 21, 22, 23] have been set to zero 

--------------------------------------------------------------------------------
                   Creating/updating OpenMM simulation object                   
--------------------------------------------------------------------------------

Integrator name: VerletIntegrator
Timestep: 0.001
Temperature: 300
Coupling frequency: 1
Properties: {'Threads': '1'}
Topology: <Topology; 1 chains, 1 residues, 88 atoms, 0 bonds>

----------------------------------------------------------------------------------
Time to calculate step (creating/updating simulation): 0.002 seconds, 0.0 minutes.
----------------------------------------------------------------------------------

--------------------------------------------------------------------------------
                     Running Single-point OpenMM Interface                      
--------------------------------------------------------------------------------

Number of OpenMM system constraints defined: 0

-----------------------------------------------------------------------------------
Time to calculate step (OpenMMTheory.run: const-check): 0.002 seconds, 0.0 minutes.
-----------------------------------------------------------------------------------
Updating coordinates.

------------------------------------------------------------------------
Time to calculate step (Creating pos array): 0.000 seconds, 0.0 minutes.
------------------------------------------------------------------------

---------------------------------------------------------------------------
Time to calculate step (Updating MM positions): 0.000 seconds, 0.0 minutes.
---------------------------------------------------------------------------
Calling OpenMM getState.

---------------------------------------------------------------------
Time to calculate step (OpenMM getState): 0.001 seconds, 0.0 minutes.
---------------------------------------------------------------------
OpenMM Energy: -2.6454260822802977 Eh
OpenMM Energy: -1660.0299295645168 kcal/mol

-----------------------
Ending OpenMM interface
-----------------------

----------------------------------------------------------------
Time to calculate step (OpenMM run): 0.003 seconds, 0.0 minutes.
----------------------------------------------------------------

-------------------------------------------------------------
Time to calculate step (MM step): 0.004 seconds, 0.0 minutes.
-------------------------------------------------------------

Note: You are using electrostatic embedding. This means that the QM-energy is actually the polarized QM-energy
Note: MM energy also contains the QM-MM Lennard-Jones interaction

QM energy:              -836.358025939725 
MM energy:                -2.645426082280
QM/MM energy:           -839.003452022005 

  ------------ENDING QM/MM MODULE------------- 

-----------------------------------------------------------------
Time to calculate step (QM/MM run): 108.918 seconds, 1.8 minutes.
-----------------------------------------------------------------
geometric called save_guess_files option option for ASHengineclass.
This option is currently unsupported in ASH. Continuing.

Convergence criteria: {'convergence_energy': 1e-05, 'convergence_grms': 0.003, 'convergence_gmax': 0.006, 'convergence_drms': 0.01, 'convergence_dmax': 0.015, 'convergence_cmax': 0.01}

Replacing coordinates in fragment.
Creating/Updating fragment attributes...
Number of Atoms in fragment: 88
Formula: O18N12H38C20
Label: CHHCCOOOCHCHCCHCHCHOHCOOCOOHCNHHNHHNHHCOOHCOOHCNHHNHHNHHCOOHCOOHCNHHNHHNHHCNHHNHHNHHCOOH
Charge: -2 Mult: 1

--------------------------------------------------------------------------------
Wrote XYZ file:  Fragment-currentgeo.xyz
Current geometry (Å) in step 14 (print_atoms_list region)
---------------------------------------------------
        C  58.57345108   35.48355512   58.26730446
        H  59.03945248   35.20411608   57.26177736
        H  59.11456293   36.27730321   58.75964585
        C  57.47920111   34.91211874   58.89626032
        C  57.03612081   35.27065725   60.38480875
        O  57.91886964   35.80665719   61.14266479
        O  55.89908967   34.93296030   60.77718648
        O  56.68881576   33.97702703   58.22276463
        C  56.98010782   33.13738600   57.05255294
        H  56.27820587   32.29766109   57.23663316
        C  58.38147224   32.66116545   57.14965745
        H  58.72648038   32.27603407   58.11182705
        C  59.33177235   32.93205661   56.22046706
        C  58.94390925   33.51394080   54.92218681
        H  59.71526494   33.64866991   54.15924740
        C  57.67605162   33.87894855   54.67422519
        H  57.38594752   34.28074501   53.69825370
        C  56.55177397   33.70401907   55.66230074
        H  56.06173025   34.68775486   55.83410389
        O  55.62945308   32.81558422   55.02609266
        H  54.94283460   32.55355825   55.65414987
        C  60.76780077   33.12350525   56.81020269
        O  61.12643833   32.32836848   57.71636566
        O  61.27065958   34.27476065   56.49008285
        C  64.93960000   33.26550000   44.42870000
        O  66.12342500   33.32727600   44.03216300
        O  64.22831600   32.23811700   44.46125900
        H  64.48162100   34.20135000   44.78146100
        C  57.48340000   32.05040000   67.31550000
        N  57.63397700   32.43562000   66.05144600
        H  57.32346000   33.09812200   66.74770000
        H  57.83014600   31.48058200   66.31511300
        N  57.07450100   32.92280400   68.23234900
        H  57.27067000   31.96776600   68.49601600
        H  57.18884900   33.21534000   67.27242800
        N  57.74172100   30.79277600   67.66270500
        H  57.85607000   31.08531100   66.70278400
        H  57.43120400   31.45527800   68.35895900
        C  57.23480000   27.87720000   45.86430000
        O  58.41862500   27.93897600   45.46776300
        O  56.52351600   26.84981700   45.89685900
        H  56.77682100   28.81305000   46.21706100
        C  70.60420000   27.88010000   55.89570000
        O  71.78802500   27.94187600   55.49916300
        O  69.89291600   26.85271700   55.92825900
        H  70.14622100   28.81595000   56.24846100
        C  56.61970000   24.87390000   63.10710000
        N  56.77027700   25.25912000   61.84304600
        H  56.45976000   25.92162200   62.53930000
        H  56.96644600   24.30408200   62.10671300
        N  56.21080100   25.74630400   64.02394900
        H  56.40697000   24.79126600   64.28761600
        H  56.32514900   26.03884000   63.06402800
        N  56.87802100   23.61627600   63.45430500
        H  56.99237000   23.90881100   62.49438400
        H  56.56750400   24.27877800   64.15055900
        C  67.62720000   26.53280000   48.41340000
        O  68.81102500   26.59457600   48.01686300
        O  66.91591600   25.50541700   48.44595900
        H  67.16922100   27.46865000   48.76616100
        C  67.23540000   23.78030000   55.38840000
        O  68.41922500   23.84207600   54.99186300
        O  66.52411600   22.75291700   55.42095900
        H  66.77742100   24.71615000   55.74116100
        C  52.05360000   26.34030000   62.61070000
        N  52.20417700   26.72552000   61.34664600
        H  51.89366000   27.38802200   62.04290000
        H  52.40034600   25.77048200   61.61031300
        N  51.64470100   27.21270400   63.52754900
        H  51.84087000   26.25766600   63.79121600
        H  51.75904900   27.50524000   62.56762800
        N  52.31192100   25.08267600   62.95790500
        H  52.42627000   25.37521100   61.99798400
        H  52.00140400   25.74517800   63.65415900
        C  60.99040000   38.20210000   66.19070000
        N  61.14097700   38.58732000   64.92664600
        H  60.83046000   39.24982200   65.62290000
        H  61.33714600   37.63228200   65.19031300
        N  60.58150100   39.07450400   67.10754900
        H  60.77767000   38.11946600   67.37121600
        H  60.69584900   39.36704000   66.14762800
        N  61.24872100   36.94447600   66.53790500
        H  61.36307000   37.23701100   65.57798400
        H  60.93820400   37.60697800   67.23415900
        C  60.54270000   22.28810000   53.74910000
        O  61.72652500   22.34987600   53.35256300
        O  59.83141600   21.26071700   53.78165900
        H  60.08472100   23.22395000   54.10186100

Note: printed only print_atoms_list (this is not necessarily all atoms) 
  ------------RUNNING QM/MM MODULE------------- 
QM Module: ORCATheory
MM Module: OpenMMTheory
Charge provided from QMMMTheory object:  -2
Mult provided from QMMMTheory object:  1
QM-region Charge: -2 Mult: 1
Embedding: Electrostatic
Number of pointcharges (to QM program): 64
Number of charge coordinates: 64
Running QM/MM object with 8 cores available

-------------------------------------------------------------------
Time to calculate step (before-QMstep): 0.000 seconds, 0.0 minutes.
-------------------------------------------------------------------
  ------------RUNNING ORCA INTERFACE------------- 
Object-label: ORCA
Run-label: None
Running ORCA with 8 cores available
Moreadfile option not active
A GBW-file with same basename : orca.gbw is present
Autostart is False. ORCA will ignore any file present
Creating inputfile: orca.inp
ORCA input:
! B3LYP D3BJ def2-SVP def2/J RIJCOSX CPCM TightSCF

! Noautostart

%cpcm epsilon 4.0 end
%scf MaxIter 300 Guess PModel end
Charge: -2  Mult: 1
Pointcharge embedding is on!
 ORCA Calculation starting. 
Found warning messages in ORCA outputfile:
WARNING: The chosen methods will break translational/rotational symmetry
 WARNING: The chosen methods will break translational symmetry
 WARNING: The chosen methods will break translational symmetry

 ORCA Calculation done. 
ORCA converged in 15 iterations
ORCA energy: -836.35692685966
  ------------ENDING ORCA-INTERFACE------------- 

----------------------------------------------------------------
Time to calculate step (ORCA run): 109.500 seconds, 1.8 minutes.
----------------------------------------------------------------

---------------------------------------------------------------
Time to calculate step (QM step): 109.500 seconds, 1.8 minutes.
---------------------------------------------------------------

----------------------------------------------------------------------
Time to calculate step (QMpcgrad prepare): 0.000 seconds, 0.0 minutes.
----------------------------------------------------------------------

--------------------------------------------------------------------------
Time to calculate step (linkatomgrad prepare): 0.000 seconds, 0.0 minutes.
--------------------------------------------------------------------------

----------------------------------------------------------------------------
Time to calculate step (QM/MM gradient prepare): 0.000 seconds, 0.0 minutes.
----------------------------------------------------------------------------
Using OpenMM theory as part of QM/MM.
Using MM on full system. Charges for QM region [0, 1, 2, 3, 4, 5, 6, 7, 8, 9, 10, 11, 12, 13, 14, 15, 16, 17, 18, 19, 20, 21, 22, 23] have been set to zero 

--------------------------------------------------------------------------------
                   Creating/updating OpenMM simulation object                   
--------------------------------------------------------------------------------

Integrator name: VerletIntegrator
Timestep: 0.001
Temperature: 300
Coupling frequency: 1
Properties: {'Threads': '1'}
Topology: <Topology; 1 chains, 1 residues, 88 atoms, 0 bonds>

----------------------------------------------------------------------------------
Time to calculate step (creating/updating simulation): 0.002 seconds, 0.0 minutes.
----------------------------------------------------------------------------------

--------------------------------------------------------------------------------
                     Running Single-point OpenMM Interface                      
--------------------------------------------------------------------------------

Number of OpenMM system constraints defined: 0

-----------------------------------------------------------------------------------
Time to calculate step (OpenMMTheory.run: const-check): 0.002 seconds, 0.0 minutes.
-----------------------------------------------------------------------------------
Updating coordinates.

------------------------------------------------------------------------
Time to calculate step (Creating pos array): 0.000 seconds, 0.0 minutes.
------------------------------------------------------------------------

---------------------------------------------------------------------------
Time to calculate step (Updating MM positions): 0.000 seconds, 0.0 minutes.
---------------------------------------------------------------------------
Calling OpenMM getState.

---------------------------------------------------------------------
Time to calculate step (OpenMM getState): 0.000 seconds, 0.0 minutes.
---------------------------------------------------------------------
OpenMM Energy: -2.645449298113292 Eh
OpenMM Energy: -1660.044497719669 kcal/mol

-----------------------
Ending OpenMM interface
-----------------------

----------------------------------------------------------------
Time to calculate step (OpenMM run): 0.003 seconds, 0.0 minutes.
----------------------------------------------------------------

-------------------------------------------------------------
Time to calculate step (MM step): 0.004 seconds, 0.0 minutes.
-------------------------------------------------------------

Note: You are using electrostatic embedding. This means that the QM-energy is actually the polarized QM-energy
Note: MM energy also contains the QM-MM Lennard-Jones interaction

QM energy:              -836.356926859660 
MM energy:                -2.645449298113
QM/MM energy:           -839.002376157773 

  ------------ENDING QM/MM MODULE------------- 

-----------------------------------------------------------------
Time to calculate step (QM/MM run): 109.504 seconds, 1.8 minutes.
-----------------------------------------------------------------
geometric called save_guess_files option option for ASHengineclass.
This option is currently unsupported in ASH. Continuing.

Convergence criteria: {'convergence_energy': 1e-05, 'convergence_grms': 0.003, 'convergence_gmax': 0.006, 'convergence_drms': 0.01, 'convergence_dmax': 0.015, 'convergence_cmax': 0.01}

Replacing coordinates in fragment.
Creating/Updating fragment attributes...
Number of Atoms in fragment: 88
Formula: O18N12H38C20
Label: CHHCCOOOCHCHCCHCHCHOHCOOCOOHCNHHNHHNHHCOOHCOOHCNHHNHHNHHCOOHCOOHCNHHNHHNHHCNHHNHHNHHCOOH
Charge: -2 Mult: 1

--------------------------------------------------------------------------------
Wrote XYZ file:  Fragment-currentgeo.xyz
Current geometry (Å) in step 15 (print_atoms_list region)
---------------------------------------------------
        C  58.57811267   35.48592180   58.26913839
        H  59.02587427   35.18606568   57.31130222
        H  59.09647396   36.25598873   58.86236808
        C  57.48402616   34.91294298   58.83546263
        C  57.05342920   35.22975818   60.31669610
        O  57.91329874   35.78880270   61.04475003
        O  55.91497467   34.87420280   60.71984633
        O  56.64968456   33.99351948   58.25620125
        C  56.97715682   33.14049368   57.08593490
        H  56.28524536   32.29470918   57.25773135
        C  58.38187786   32.68162438   57.17181039
        H  58.72091685   32.29245388   58.13198202
        C  59.32821270   32.95948076   56.25186382
        C  58.94846416   33.53302840   54.95075848
        H  59.72940262   33.67858150   54.20066583
        C  57.67854071   33.88238521   54.69621533
        H  57.39296811   34.27871326   53.71819708
        C  56.55339668   33.70642464   55.68552169
        H  56.06821075   34.69073390   55.85153369
        O  55.63227830   32.81862425   55.04924625
        H  54.93712909   32.58053307   55.67898972
        C  60.74906533   33.14041486   56.83597094
        O  61.14078819   32.33542925   57.71123463
        O  61.26375598   34.20501655   56.43328681
        C  64.93960000   33.26550000   44.42870000
        O  66.12342500   33.32727600   44.03216300
        O  64.22831600   32.23811700   44.46125900
        H  64.48162100   34.20135000   44.78146100
        C  57.48340000   32.05040000   67.31550000
        N  57.63397700   32.43562000   66.05144600
        H  57.32346000   33.09812200   66.74770000
        H  57.83014600   31.48058200   66.31511300
        N  57.07450100   32.92280400   68.23234900
        H  57.27067000   31.96776600   68.49601600
        H  57.18884900   33.21534000   67.27242800
        N  57.74172100   30.79277600   67.66270500
        H  57.85607000   31.08531100   66.70278400
        H  57.43120400   31.45527800   68.35895900
        C  57.23480000   27.87720000   45.86430000
        O  58.41862500   27.93897600   45.46776300
        O  56.52351600   26.84981700   45.89685900
        H  56.77682100   28.81305000   46.21706100
        C  70.60420000   27.88010000   55.89570000
        O  71.78802500   27.94187600   55.49916300
        O  69.89291600   26.85271700   55.92825900
        H  70.14622100   28.81595000   56.24846100
        C  56.61970000   24.87390000   63.10710000
        N  56.77027700   25.25912000   61.84304600
        H  56.45976000   25.92162200   62.53930000
        H  56.96644600   24.30408200   62.10671300
        N  56.21080100   25.74630400   64.02394900
        H  56.40697000   24.79126600   64.28761600
        H  56.32514900   26.03884000   63.06402800
        N  56.87802100   23.61627600   63.45430500
        H  56.99237000   23.90881100   62.49438400
        H  56.56750400   24.27877800   64.15055900
        C  67.62720000   26.53280000   48.41340000
        O  68.81102500   26.59457600   48.01686300
        O  66.91591600   25.50541700   48.44595900
        H  67.16922100   27.46865000   48.76616100
        C  67.23540000   23.78030000   55.38840000
        O  68.41922500   23.84207600   54.99186300
        O  66.52411600   22.75291700   55.42095900
        H  66.77742100   24.71615000   55.74116100
        C  52.05360000   26.34030000   62.61070000
        N  52.20417700   26.72552000   61.34664600
        H  51.89366000   27.38802200   62.04290000
        H  52.40034600   25.77048200   61.61031300
        N  51.64470100   27.21270400   63.52754900
        H  51.84087000   26.25766600   63.79121600
        H  51.75904900   27.50524000   62.56762800
        N  52.31192100   25.08267600   62.95790500
        H  52.42627000   25.37521100   61.99798400
        H  52.00140400   25.74517800   63.65415900
        C  60.99040000   38.20210000   66.19070000
        N  61.14097700   38.58732000   64.92664600
        H  60.83046000   39.24982200   65.62290000
        H  61.33714600   37.63228200   65.19031300
        N  60.58150100   39.07450400   67.10754900
        H  60.77767000   38.11946600   67.37121600
        H  60.69584900   39.36704000   66.14762800
        N  61.24872100   36.94447600   66.53790500
        H  61.36307000   37.23701100   65.57798400
        H  60.93820400   37.60697800   67.23415900
        C  60.54270000   22.28810000   53.74910000
        O  61.72652500   22.34987600   53.35256300
        O  59.83141600   21.26071700   53.78165900
        H  60.08472100   23.22395000   54.10186100

Note: printed only print_atoms_list (this is not necessarily all atoms) 
  ------------RUNNING QM/MM MODULE------------- 
QM Module: ORCATheory
MM Module: OpenMMTheory
Charge provided from QMMMTheory object:  -2
Mult provided from QMMMTheory object:  1
QM-region Charge: -2 Mult: 1
Embedding: Electrostatic
Number of pointcharges (to QM program): 64
Number of charge coordinates: 64
Running QM/MM object with 8 cores available

-------------------------------------------------------------------
Time to calculate step (before-QMstep): 0.000 seconds, 0.0 minutes.
-------------------------------------------------------------------
  ------------RUNNING ORCA INTERFACE------------- 
Object-label: ORCA
Run-label: None
Running ORCA with 8 cores available
Moreadfile option not active
A GBW-file with same basename : orca.gbw is present
Autostart is False. ORCA will ignore any file present
Creating inputfile: orca.inp
ORCA input:
! B3LYP D3BJ def2-SVP def2/J RIJCOSX CPCM TightSCF

! Noautostart

%cpcm epsilon 4.0 end
%scf MaxIter 300 Guess PModel end
Charge: -2  Mult: 1
Pointcharge embedding is on!
 ORCA Calculation starting. 
Found warning messages in ORCA outputfile:
WARNING: The chosen methods will break translational/rotational symmetry
 WARNING: The chosen methods will break translational symmetry
 WARNING: The chosen methods will break translational symmetry

 ORCA Calculation done. 
ORCA converged in 12 iterations
ORCA energy: -836.370881165832
  ------------ENDING ORCA-INTERFACE------------- 

---------------------------------------------------------------
Time to calculate step (ORCA run): 99.742 seconds, 1.7 minutes.
---------------------------------------------------------------

--------------------------------------------------------------
Time to calculate step (QM step): 99.742 seconds, 1.7 minutes.
--------------------------------------------------------------

----------------------------------------------------------------------
Time to calculate step (QMpcgrad prepare): 0.000 seconds, 0.0 minutes.
----------------------------------------------------------------------

--------------------------------------------------------------------------
Time to calculate step (linkatomgrad prepare): 0.000 seconds, 0.0 minutes.
--------------------------------------------------------------------------

----------------------------------------------------------------------------
Time to calculate step (QM/MM gradient prepare): 0.000 seconds, 0.0 minutes.
----------------------------------------------------------------------------
Using OpenMM theory as part of QM/MM.
Using MM on full system. Charges for QM region [0, 1, 2, 3, 4, 5, 6, 7, 8, 9, 10, 11, 12, 13, 14, 15, 16, 17, 18, 19, 20, 21, 22, 23] have been set to zero 

--------------------------------------------------------------------------------
                   Creating/updating OpenMM simulation object                   
--------------------------------------------------------------------------------

Integrator name: VerletIntegrator
Timestep: 0.001
Temperature: 300
Coupling frequency: 1
Properties: {'Threads': '1'}
Topology: <Topology; 1 chains, 1 residues, 88 atoms, 0 bonds>

----------------------------------------------------------------------------------
Time to calculate step (creating/updating simulation): 0.002 seconds, 0.0 minutes.
----------------------------------------------------------------------------------

--------------------------------------------------------------------------------
                     Running Single-point OpenMM Interface                      
--------------------------------------------------------------------------------

Number of OpenMM system constraints defined: 0

-----------------------------------------------------------------------------------
Time to calculate step (OpenMMTheory.run: const-check): 0.002 seconds, 0.0 minutes.
-----------------------------------------------------------------------------------
Updating coordinates.

------------------------------------------------------------------------
Time to calculate step (Creating pos array): 0.000 seconds, 0.0 minutes.
------------------------------------------------------------------------

---------------------------------------------------------------------------
Time to calculate step (Updating MM positions): 0.000 seconds, 0.0 minutes.
---------------------------------------------------------------------------
Calling OpenMM getState.

---------------------------------------------------------------------
Time to calculate step (OpenMM getState): 0.000 seconds, 0.0 minutes.
---------------------------------------------------------------------
OpenMM Energy: -2.6454385318490523 Eh
OpenMM Energy: -1660.0377417868583 kcal/mol

-----------------------
Ending OpenMM interface
-----------------------

----------------------------------------------------------------
Time to calculate step (OpenMM run): 0.003 seconds, 0.0 minutes.
----------------------------------------------------------------

-------------------------------------------------------------
Time to calculate step (MM step): 0.004 seconds, 0.0 minutes.
-------------------------------------------------------------

Note: You are using electrostatic embedding. This means that the QM-energy is actually the polarized QM-energy
Note: MM energy also contains the QM-MM Lennard-Jones interaction

QM energy:              -836.370881165832 
MM energy:                -2.645438531849
QM/MM energy:           -839.016319697681 

  ------------ENDING QM/MM MODULE------------- 

----------------------------------------------------------------
Time to calculate step (QM/MM run): 99.746 seconds, 1.7 minutes.
----------------------------------------------------------------
geometric called save_guess_files option option for ASHengineclass.
This option is currently unsupported in ASH. Continuing.

Convergence criteria: {'convergence_energy': 1e-05, 'convergence_grms': 0.003, 'convergence_gmax': 0.006, 'convergence_drms': 0.01, 'convergence_dmax': 0.015, 'convergence_cmax': 0.01}

Replacing coordinates in fragment.
Creating/Updating fragment attributes...
Number of Atoms in fragment: 88
Formula: O18N12H38C20
Label: CHHCCOOOCHCHCCHCHCHOHCOOCOOHCNHHNHHNHHCOOHCOOHCNHHNHHNHHCOOHCOOHCNHHNHHNHHCNHHNHHNHHCOOH
Charge: -2 Mult: 1

--------------------------------------------------------------------------------
Wrote XYZ file:  Fragment-currentgeo.xyz
Current geometry (Å) in step 16 (print_atoms_list region)
---------------------------------------------------
        C  58.51935919   35.51888479   58.35498642
        H  58.94865347   35.26822651   57.38390589
        H  59.06268413   36.25873741   58.94250569
        C  57.43666744   34.92794313   58.87993963
        C  57.04528809   35.16482166   60.37300411
        O  57.89870654   35.71466828   61.12116571
        O  55.90094477   34.77637817   60.73197287
        O  56.59627073   34.02301512   58.27674994
        C  56.95165630   33.16569821   57.12230800
        H  56.27212539   32.30500796   57.28404151
        C  58.36511953   32.72196349   57.23930653
        H  58.69746074   32.34272173   58.20992746
        C  59.31633775   32.99788648   56.32833919
        C  58.95755882   33.56080594   55.02184431
        H  59.74307138   33.70324809   54.27230576
        C  57.68252012   33.88778021   54.73603923
        H  57.40307417   34.26686376   53.74344825
        C  56.54178556   33.72132645   55.71323800
        H  56.06787558   34.71642697   55.86680825
        O  55.61465592   32.83526324   55.08319279
        H  54.91277477   32.61888959   55.71213140
        C  60.72894171   33.12678251   56.88348244
        O  61.14758874   32.37724093   57.77506523
        O  61.21155929   34.22214816   56.51308621
        C  64.93960000   33.26550000   44.42870000
        O  66.12342500   33.32727600   44.03216300
        O  64.22831600   32.23811700   44.46125900
        H  64.48162100   34.20135000   44.78146100
        C  57.48340000   32.05040000   67.31550000
        N  57.63397700   32.43562000   66.05144600
        H  57.32346000   33.09812200   66.74770000
        H  57.83014600   31.48058200   66.31511300
        N  57.07450100   32.92280400   68.23234900
        H  57.27067000   31.96776600   68.49601600
        H  57.18884900   33.21534000   67.27242800
        N  57.74172100   30.79277600   67.66270500
        H  57.85607000   31.08531100   66.70278400
        H  57.43120400   31.45527800   68.35895900
        C  57.23480000   27.87720000   45.86430000
        O  58.41862500   27.93897600   45.46776300
        O  56.52351600   26.84981700   45.89685900
        H  56.77682100   28.81305000   46.21706100
        C  70.60420000   27.88010000   55.89570000
        O  71.78802500   27.94187600   55.49916300
        O  69.89291600   26.85271700   55.92825900
        H  70.14622100   28.81595000   56.24846100
        C  56.61970000   24.87390000   63.10710000
        N  56.77027700   25.25912000   61.84304600
        H  56.45976000   25.92162200   62.53930000
        H  56.96644600   24.30408200   62.10671300
        N  56.21080100   25.74630400   64.02394900
        H  56.40697000   24.79126600   64.28761600
        H  56.32514900   26.03884000   63.06402800
        N  56.87802100   23.61627600   63.45430500
        H  56.99237000   23.90881100   62.49438400
        H  56.56750400   24.27877800   64.15055900
        C  67.62720000   26.53280000   48.41340000
        O  68.81102500   26.59457600   48.01686300
        O  66.91591600   25.50541700   48.44595900
        H  67.16922100   27.46865000   48.76616100
        C  67.23540000   23.78030000   55.38840000
        O  68.41922500   23.84207600   54.99186300
        O  66.52411600   22.75291700   55.42095900
        H  66.77742100   24.71615000   55.74116100
        C  52.05360000   26.34030000   62.61070000
        N  52.20417700   26.72552000   61.34664600
        H  51.89366000   27.38802200   62.04290000
        H  52.40034600   25.77048200   61.61031300
        N  51.64470100   27.21270400   63.52754900
        H  51.84087000   26.25766600   63.79121600
        H  51.75904900   27.50524000   62.56762800
        N  52.31192100   25.08267600   62.95790500
        H  52.42627000   25.37521100   61.99798400
        H  52.00140400   25.74517800   63.65415900
        C  60.99040000   38.20210000   66.19070000
        N  61.14097700   38.58732000   64.92664600
        H  60.83046000   39.24982200   65.62290000
        H  61.33714600   37.63228200   65.19031300
        N  60.58150100   39.07450400   67.10754900
        H  60.77767000   38.11946600   67.37121600
        H  60.69584900   39.36704000   66.14762800
        N  61.24872100   36.94447600   66.53790500
        H  61.36307000   37.23701100   65.57798400
        H  60.93820400   37.60697800   67.23415900
        C  60.54270000   22.28810000   53.74910000
        O  61.72652500   22.34987600   53.35256300
        O  59.83141600   21.26071700   53.78165900
        H  60.08472100   23.22395000   54.10186100

Note: printed only print_atoms_list (this is not necessarily all atoms) 
  ------------RUNNING QM/MM MODULE------------- 
QM Module: ORCATheory
MM Module: OpenMMTheory
Charge provided from QMMMTheory object:  -2
Mult provided from QMMMTheory object:  1
QM-region Charge: -2 Mult: 1
Embedding: Electrostatic
Number of pointcharges (to QM program): 64
Number of charge coordinates: 64
Running QM/MM object with 8 cores available

-------------------------------------------------------------------
Time to calculate step (before-QMstep): 0.000 seconds, 0.0 minutes.
-------------------------------------------------------------------
  ------------RUNNING ORCA INTERFACE------------- 
Object-label: ORCA
Run-label: None
Running ORCA with 8 cores available
Moreadfile option not active
A GBW-file with same basename : orca.gbw is present
Autostart is False. ORCA will ignore any file present
Creating inputfile: orca.inp
ORCA input:
! B3LYP D3BJ def2-SVP def2/J RIJCOSX CPCM TightSCF

! Noautostart

%cpcm epsilon 4.0 end
%scf MaxIter 300 Guess PModel end
Charge: -2  Mult: 1
Pointcharge embedding is on!
 ORCA Calculation starting. 
Found warning messages in ORCA outputfile:
WARNING: The chosen methods will break translational/rotational symmetry
 WARNING: The chosen methods will break translational symmetry
 WARNING: The chosen methods will break translational symmetry

 ORCA Calculation done. 
ORCA converged in 12 iterations
ORCA energy: -836.375244503201
  ------------ENDING ORCA-INTERFACE------------- 

---------------------------------------------------------------
Time to calculate step (ORCA run): 93.118 seconds, 1.6 minutes.
---------------------------------------------------------------

--------------------------------------------------------------
Time to calculate step (QM step): 93.118 seconds, 1.6 minutes.
--------------------------------------------------------------

----------------------------------------------------------------------
Time to calculate step (QMpcgrad prepare): 0.000 seconds, 0.0 minutes.
----------------------------------------------------------------------

--------------------------------------------------------------------------
Time to calculate step (linkatomgrad prepare): 0.000 seconds, 0.0 minutes.
--------------------------------------------------------------------------

----------------------------------------------------------------------------
Time to calculate step (QM/MM gradient prepare): 0.000 seconds, 0.0 minutes.
----------------------------------------------------------------------------
Using OpenMM theory as part of QM/MM.
Using MM on full system. Charges for QM region [0, 1, 2, 3, 4, 5, 6, 7, 8, 9, 10, 11, 12, 13, 14, 15, 16, 17, 18, 19, 20, 21, 22, 23] have been set to zero 

--------------------------------------------------------------------------------
                   Creating/updating OpenMM simulation object                   
--------------------------------------------------------------------------------

Integrator name: VerletIntegrator
Timestep: 0.001
Temperature: 300
Coupling frequency: 1
Properties: {'Threads': '1'}
Topology: <Topology; 1 chains, 1 residues, 88 atoms, 0 bonds>

----------------------------------------------------------------------------------
Time to calculate step (creating/updating simulation): 0.002 seconds, 0.0 minutes.
----------------------------------------------------------------------------------

--------------------------------------------------------------------------------
                     Running Single-point OpenMM Interface                      
--------------------------------------------------------------------------------

Number of OpenMM system constraints defined: 0

-----------------------------------------------------------------------------------
Time to calculate step (OpenMMTheory.run: const-check): 0.002 seconds, 0.0 minutes.
-----------------------------------------------------------------------------------
Updating coordinates.

------------------------------------------------------------------------
Time to calculate step (Creating pos array): 0.000 seconds, 0.0 minutes.
------------------------------------------------------------------------

---------------------------------------------------------------------------
Time to calculate step (Updating MM positions): 0.000 seconds, 0.0 minutes.
---------------------------------------------------------------------------
Calling OpenMM getState.

---------------------------------------------------------------------
Time to calculate step (OpenMM getState): 0.000 seconds, 0.0 minutes.
---------------------------------------------------------------------
OpenMM Energy: -2.645449845197424 Eh
OpenMM Energy: -1660.044841020145 kcal/mol

-----------------------
Ending OpenMM interface
-----------------------

----------------------------------------------------------------
Time to calculate step (OpenMM run): 0.003 seconds, 0.0 minutes.
----------------------------------------------------------------

-------------------------------------------------------------
Time to calculate step (MM step): 0.004 seconds, 0.0 minutes.
-------------------------------------------------------------

Note: You are using electrostatic embedding. This means that the QM-energy is actually the polarized QM-energy
Note: MM energy also contains the QM-MM Lennard-Jones interaction

QM energy:              -836.375244503201 
MM energy:                -2.645449845197
QM/MM energy:           -839.020694348398 

  ------------ENDING QM/MM MODULE------------- 

----------------------------------------------------------------
Time to calculate step (QM/MM run): 93.122 seconds, 1.6 minutes.
----------------------------------------------------------------
geometric called save_guess_files option option for ASHengineclass.
This option is currently unsupported in ASH. Continuing.

Convergence criteria: {'convergence_energy': 1e-05, 'convergence_grms': 0.003, 'convergence_gmax': 0.006, 'convergence_drms': 0.01, 'convergence_dmax': 0.015, 'convergence_cmax': 0.01}

Replacing coordinates in fragment.
Creating/Updating fragment attributes...
Number of Atoms in fragment: 88
Formula: O18N12H38C20
Label: CHHCCOOOCHCHCCHCHCHOHCOOCOOHCNHHNHHNHHCOOHCOOHCNHHNHHNHHCOOHCOOHCNHHNHHNHHCNHHNHHNHHCOOH
Charge: -2 Mult: 1

--------------------------------------------------------------------------------
Wrote XYZ file:  Fragment-currentgeo.xyz
Current geometry (Å) in step 17 (print_atoms_list region)
---------------------------------------------------
        C  58.43357914   35.56820694   58.43965165
        H  58.82365632   35.39181352   57.42838556
        H  58.99208030   36.25479479   59.09103875
        C  57.36710829   34.93691008   58.95051701
        C  57.00736704   35.09227043   60.46295965
        O  57.86142051   35.61298691   61.23368968
        O  55.88222151   34.65490131   60.85352326
        O  56.51804068   34.06155739   58.32022285
        C  56.91904002   33.19684279   57.18289818
        H  56.24520865   32.32890770   57.33059871
        C  58.33778489   32.77248791   57.33207468
        H  58.65645250   32.40127451   58.31223132
        C  59.30150149   33.04847446   56.43371286
        C  58.95943156   33.58777116   55.11232406
        H  59.75569708   33.72413255   54.37223299
        C  57.68446393   33.89475153   54.79785328
        H  57.41568273   34.25338029   53.79299616
        C  56.53157995   33.74357965   55.76419863
        H  56.06738049   34.74593414   55.90426367
        O  55.59895155   32.86136258   55.13680872
        H  54.88309437   32.67963336   55.76186821
        C  60.70785072   33.17933917   56.99801649
        O  61.12391584   32.38960482   57.86572738
        O  61.18375739   34.28994596   56.65153165
        C  64.93960000   33.26550000   44.42870000
        O  66.12342500   33.32727600   44.03216300
        O  64.22831600   32.23811700   44.46125900
        H  64.48162100   34.20135000   44.78146100
        C  57.48340000   32.05040000   67.31550000
        N  57.63397700   32.43562000   66.05144600
        H  57.32346000   33.09812200   66.74770000
        H  57.83014600   31.48058200   66.31511300
        N  57.07450100   32.92280400   68.23234900
        H  57.27067000   31.96776600   68.49601600
        H  57.18884900   33.21534000   67.27242800
        N  57.74172100   30.79277600   67.66270500
        H  57.85607000   31.08531100   66.70278400
        H  57.43120400   31.45527800   68.35895900
        C  57.23480000   27.87720000   45.86430000
        O  58.41862500   27.93897600   45.46776300
        O  56.52351600   26.84981700   45.89685900
        H  56.77682100   28.81305000   46.21706100
        C  70.60420000   27.88010000   55.89570000
        O  71.78802500   27.94187600   55.49916300
        O  69.89291600   26.85271700   55.92825900
        H  70.14622100   28.81595000   56.24846100
        C  56.61970000   24.87390000   63.10710000
        N  56.77027700   25.25912000   61.84304600
        H  56.45976000   25.92162200   62.53930000
        H  56.96644600   24.30408200   62.10671300
        N  56.21080100   25.74630400   64.02394900
        H  56.40697000   24.79126600   64.28761600
        H  56.32514900   26.03884000   63.06402800
        N  56.87802100   23.61627600   63.45430500
        H  56.99237000   23.90881100   62.49438400
        H  56.56750400   24.27877800   64.15055900
        C  67.62720000   26.53280000   48.41340000
        O  68.81102500   26.59457600   48.01686300
        O  66.91591600   25.50541700   48.44595900
        H  67.16922100   27.46865000   48.76616100
        C  67.23540000   23.78030000   55.38840000
        O  68.41922500   23.84207600   54.99186300
        O  66.52411600   22.75291700   55.42095900
        H  66.77742100   24.71615000   55.74116100
        C  52.05360000   26.34030000   62.61070000
        N  52.20417700   26.72552000   61.34664600
        H  51.89366000   27.38802200   62.04290000
        H  52.40034600   25.77048200   61.61031300
        N  51.64470100   27.21270400   63.52754900
        H  51.84087000   26.25766600   63.79121600
        H  51.75904900   27.50524000   62.56762800
        N  52.31192100   25.08267600   62.95790500
        H  52.42627000   25.37521100   61.99798400
        H  52.00140400   25.74517800   63.65415900
        C  60.99040000   38.20210000   66.19070000
        N  61.14097700   38.58732000   64.92664600
        H  60.83046000   39.24982200   65.62290000
        H  61.33714600   37.63228200   65.19031300
        N  60.58150100   39.07450400   67.10754900
        H  60.77767000   38.11946600   67.37121600
        H  60.69584900   39.36704000   66.14762800
        N  61.24872100   36.94447600   66.53790500
        H  61.36307000   37.23701100   65.57798400
        H  60.93820400   37.60697800   67.23415900
        C  60.54270000   22.28810000   53.74910000
        O  61.72652500   22.34987600   53.35256300
        O  59.83141600   21.26071700   53.78165900
        H  60.08472100   23.22395000   54.10186100

Note: printed only print_atoms_list (this is not necessarily all atoms) 
  ------------RUNNING QM/MM MODULE------------- 
QM Module: ORCATheory
MM Module: OpenMMTheory
Charge provided from QMMMTheory object:  -2
Mult provided from QMMMTheory object:  1
QM-region Charge: -2 Mult: 1
Embedding: Electrostatic
Number of pointcharges (to QM program): 64
Number of charge coordinates: 64
Running QM/MM object with 8 cores available

-------------------------------------------------------------------
Time to calculate step (before-QMstep): 0.000 seconds, 0.0 minutes.
-------------------------------------------------------------------
  ------------RUNNING ORCA INTERFACE------------- 
Object-label: ORCA
Run-label: None
Running ORCA with 8 cores available
Moreadfile option not active
A GBW-file with same basename : orca.gbw is present
Autostart is False. ORCA will ignore any file present
Creating inputfile: orca.inp
ORCA input:
! B3LYP D3BJ def2-SVP def2/J RIJCOSX CPCM TightSCF

! Noautostart

%cpcm epsilon 4.0 end
%scf MaxIter 300 Guess PModel end
Charge: -2  Mult: 1
Pointcharge embedding is on!
 ORCA Calculation starting. 
Found warning messages in ORCA outputfile:
WARNING: The chosen methods will break translational/rotational symmetry
 WARNING: The chosen methods will break translational symmetry
 WARNING: The chosen methods will break translational symmetry

 ORCA Calculation done. 
ORCA converged in 12 iterations
ORCA energy: -836.382173848854
  ------------ENDING ORCA-INTERFACE------------- 

---------------------------------------------------------------
Time to calculate step (ORCA run): 95.652 seconds, 1.6 minutes.
---------------------------------------------------------------

--------------------------------------------------------------
Time to calculate step (QM step): 95.652 seconds, 1.6 minutes.
--------------------------------------------------------------

----------------------------------------------------------------------
Time to calculate step (QMpcgrad prepare): 0.000 seconds, 0.0 minutes.
----------------------------------------------------------------------

--------------------------------------------------------------------------
Time to calculate step (linkatomgrad prepare): 0.000 seconds, 0.0 minutes.
--------------------------------------------------------------------------

----------------------------------------------------------------------------
Time to calculate step (QM/MM gradient prepare): 0.000 seconds, 0.0 minutes.
----------------------------------------------------------------------------
Using OpenMM theory as part of QM/MM.
Using MM on full system. Charges for QM region [0, 1, 2, 3, 4, 5, 6, 7, 8, 9, 10, 11, 12, 13, 14, 15, 16, 17, 18, 19, 20, 21, 22, 23] have been set to zero 

--------------------------------------------------------------------------------
                   Creating/updating OpenMM simulation object                   
--------------------------------------------------------------------------------

Integrator name: VerletIntegrator
Timestep: 0.001
Temperature: 300
Coupling frequency: 1
Properties: {'Threads': '1'}
Topology: <Topology; 1 chains, 1 residues, 88 atoms, 0 bonds>

----------------------------------------------------------------------------------
Time to calculate step (creating/updating simulation): 0.002 seconds, 0.0 minutes.
----------------------------------------------------------------------------------

--------------------------------------------------------------------------------
                     Running Single-point OpenMM Interface                      
--------------------------------------------------------------------------------

Number of OpenMM system constraints defined: 0

-----------------------------------------------------------------------------------
Time to calculate step (OpenMMTheory.run: const-check): 0.002 seconds, 0.0 minutes.
-----------------------------------------------------------------------------------
Updating coordinates.

------------------------------------------------------------------------
Time to calculate step (Creating pos array): 0.000 seconds, 0.0 minutes.
------------------------------------------------------------------------

---------------------------------------------------------------------------
Time to calculate step (Updating MM positions): 0.000 seconds, 0.0 minutes.
---------------------------------------------------------------------------
Calling OpenMM getState.

---------------------------------------------------------------------
Time to calculate step (OpenMM getState): 0.000 seconds, 0.0 minutes.
---------------------------------------------------------------------
OpenMM Energy: -2.645471022311387 Eh
OpenMM Energy: -1660.0581298597901 kcal/mol

-----------------------
Ending OpenMM interface
-----------------------

----------------------------------------------------------------
Time to calculate step (OpenMM run): 0.003 seconds, 0.0 minutes.
----------------------------------------------------------------

-------------------------------------------------------------
Time to calculate step (MM step): 0.003 seconds, 0.0 minutes.
-------------------------------------------------------------

Note: You are using electrostatic embedding. This means that the QM-energy is actually the polarized QM-energy
Note: MM energy also contains the QM-MM Lennard-Jones interaction

QM energy:              -836.382173848854 
MM energy:                -2.645471022311
QM/MM energy:           -839.027644871165 

  ------------ENDING QM/MM MODULE------------- 

----------------------------------------------------------------
Time to calculate step (QM/MM run): 95.656 seconds, 1.6 minutes.
----------------------------------------------------------------
geometric called save_guess_files option option for ASHengineclass.
This option is currently unsupported in ASH. Continuing.
geometric called clearCalcs option for ASHengineclass.
This option is currently unsupported in ASH. Continuing.

Convergence criteria: {'convergence_energy': 1e-05, 'convergence_grms': 0.003, 'convergence_gmax': 0.006, 'convergence_drms': 0.01, 'convergence_dmax': 0.015, 'convergence_cmax': 0.01}

Replacing coordinates in fragment.
Creating/Updating fragment attributes...
Number of Atoms in fragment: 88
Formula: O18N12H38C20
Label: CHHCCOOOCHCHCCHCHCHOHCOOCOOHCNHHNHHNHHCOOHCOOHCNHHNHHNHHCOOHCOOHCNHHNHHNHHCNHHNHHNHHCOOH
Charge: -2 Mult: 1

--------------------------------------------------------------------------------
Wrote XYZ file:  Fragment-currentgeo.xyz
Current geometry (Å) in step 18 (print_atoms_list region)
---------------------------------------------------
        C  58.30206776   35.58788190   58.55387899
        H  58.60628143   35.55624207   57.50152963
        H  58.93153063   36.15551464   59.22667241
        C  57.26630653   34.91378111   59.09166650
        C  56.94394208   35.00511567   60.57967621
        O  57.79160921   35.54116201   61.34608807
        O  55.84224897   34.50595132   60.95342655
        O  56.43684147   34.09132639   58.36130310
        C  56.88964899   33.21408945   57.26460956
        H  56.19064378   32.36894980   57.40170701
        C  58.30560445   32.82308375   57.46283863
        H  58.60228392   32.43536869   58.43808697
        C  59.28802718   33.12553282   56.58897083
        C  58.96121251   33.62540711   55.24494221
        H  59.77558509   33.74513617   54.52493443
        C  57.69463710   33.91655128   54.90774406
        H  57.43464597   34.25615179   53.90224261
        C  56.53984326   33.77085380   55.85847425
        H  56.07899985   34.76832557   56.00174361
        O  55.59910108   32.89657672   55.23034312
        H  54.85027847   32.80270313   55.84335054
        C  60.69445729   33.29627193   57.17440924
        O  61.07480806   32.38933771   57.97673824
        O  61.21427475   34.35601557   56.80507118
        C  64.93960000   33.26550000   44.42870000
        O  66.12342500   33.32727600   44.03216300
        O  64.22831600   32.23811700   44.46125900
        H  64.48162100   34.20135000   44.78146100
        C  57.48340000   32.05040000   67.31550000
        N  57.63397700   32.43562000   66.05144600
        H  57.32346000   33.09812200   66.74770000
        H  57.83014600   31.48058200   66.31511300
        N  57.07450100   32.92280400   68.23234900
        H  57.27067000   31.96776600   68.49601600
        H  57.18884900   33.21534000   67.27242800
        N  57.74172100   30.79277600   67.66270500
        H  57.85607000   31.08531100   66.70278400
        H  57.43120400   31.45527800   68.35895900
        C  57.23480000   27.87720000   45.86430000
        O  58.41862500   27.93897600   45.46776300
        O  56.52351600   26.84981700   45.89685900
        H  56.77682100   28.81305000   46.21706100
        C  70.60420000   27.88010000   55.89570000
        O  71.78802500   27.94187600   55.49916300
        O  69.89291600   26.85271700   55.92825900
        H  70.14622100   28.81595000   56.24846100
        C  56.61970000   24.87390000   63.10710000
        N  56.77027700   25.25912000   61.84304600
        H  56.45976000   25.92162200   62.53930000
        H  56.96644600   24.30408200   62.10671300
        N  56.21080100   25.74630400   64.02394900
        H  56.40697000   24.79126600   64.28761600
        H  56.32514900   26.03884000   63.06402800
        N  56.87802100   23.61627600   63.45430500
        H  56.99237000   23.90881100   62.49438400
        H  56.56750400   24.27877800   64.15055900
        C  67.62720000   26.53280000   48.41340000
        O  68.81102500   26.59457600   48.01686300
        O  66.91591600   25.50541700   48.44595900
        H  67.16922100   27.46865000   48.76616100
        C  67.23540000   23.78030000   55.38840000
        O  68.41922500   23.84207600   54.99186300
        O  66.52411600   22.75291700   55.42095900
        H  66.77742100   24.71615000   55.74116100
        C  52.05360000   26.34030000   62.61070000
        N  52.20417700   26.72552000   61.34664600
        H  51.89366000   27.38802200   62.04290000
        H  52.40034600   25.77048200   61.61031300
        N  51.64470100   27.21270400   63.52754900
        H  51.84087000   26.25766600   63.79121600
        H  51.75904900   27.50524000   62.56762800Step   21 : Displace = [0m7.269e-02[0m/[0m2.248e-01[0m (rms/max) Trust = 7.455e-02 (=) Grad_T = [0m4.736e-03[0m/[0m2.458e-02[0m (rms/max) E (change) = -839.0420430043 ([0m-7.368e-03[0m) Quality = [0m0.736[0m
Hessian Eigenvalues: 8.86032e-04 1.44197e-02 2.29643e-02 ... 5.98998e-01 6.39962e-01 7.45797e-01
Step   22 : Displace = [0m7.348e-02[0m/[0m2.464e-01[0m (rms/max) Trust = 7.455e-02 (=) Grad_T = [0m7.087e-03[0m/[0m3.077e-02[0m (rms/max) E (change) = -839.0475397809 ([0m-5.497e-03[0m) Quality = [0m0.667[0m
Hessian Eigenvalues: 7.31969e-04 1.61301e-02 2.28182e-02 ... 5.93513e-01 6.27230e-01 7.47842e-01
Step   23 : Displace = [0m7.259e-02[0m/[0m2.580e-01[0m (rms/max) Trust = 7.455e-02 (=) Grad_T = [0m7.426e-03[0m/[0m4.143e-02[0m (rms/max) E (change) = -839.0554670719 ([0m-7.927e-03[0m) Quality = [0m0.777[0m
Hessian Eigenvalues: 7.62784e-04 1.38577e-02 2.20009e-02 ... 5.91169e-01 6.24247e-01 7.17177e-01
Step   24 : Displace = [0m1.038e-01[0m/[0m3.292e-01[0m (rms/max) Trust = 1.054e-01 ([92m+[0m) Grad_T = [0m5.617e-03[0m/[0m2.867e-02[0m (rms/max) E (change) = -839.0672200245 ([0m-1.175e-02[0m) Quality = [0m1.074[0m
Hessian Eigenvalues: 5.41403e-04 1.42488e-02 2.18949e-02 ... 5.94379e-01 6.39665e-01 7.61957e-01
Step   25 : Displace = [0m1.469e-01[0m/[0m4.438e-01[0m (rms/max) Trust = 1.491e-01 ([92m+[0m) Grad_T = [0m5.787e-03[0m/[0m3.360e-02[0m (rms/max) E (change) = -839.0796960172 ([0m-1.248e-02[0m) Quality = [0m1.218[0m
Hessian Eigenvalues: 5.62046e-04 1.32129e-02 1.84125e-02 ... 5.91279e-01 6.66564e-01 7.79921e-01
Step   26 : Displace = [0m2.128e-01[0m/[0m6.101e-01[0m (rms/max) Trust = 2.109e-01 ([92m+[0m) Grad_T = [0m4.913e-02[0m/[0m3.115e-01[0m (rms/max) E (change) = -838.9877658411 ([91m+9.193e-02[0m) Quality = [91m-3.422[0m
[93mRejecting step - quality is lower than -1.0[0m
Hessian Eigenvalues: 5.62046e-04 1.32129e-02 1.84125e-02 ... 5.91279e-01 6.66564e-01 7.79921e-01
Step   27 : Displace = [0m1.147e-01[0m/[0m4.408e-01[0m (rms/max) Trust = 1.054e-01 ([1;91mx[0m) Grad_T = [0m4.045e-02[0m/[0m2.374e-01[0m (rms/max) E (change) = -839.0033891122 ([91m+7.631e-02[0m) Quality = [91m-3.527[0m
[93mRejecting step - quality is lower than -1.0[0m
Hessian Eigenvalues: 5.62046e-04 1.32129e-02 1.84125e-02 ... 5.91279e-01 6.66564e-01 7.79921e-01
Step   28 : Displace = [0m5.512e-02[0m/[0m3.124e-01[0m (rms/max) Trust = 5.271e-02 ([1;91mx[0m) Grad_T = [0m2.236e-02[0m/[0m1.252e-01[0m (rms/max) E (change) = -839.0554527240 ([91m+2.424e-02[0m) Quality = [91m-1.644[0m
[93mRejecting step - quality is lower than -1.0[0m
Hessian Eigenvalues: 5.62046e-04 1.32129e-02 1.84125e-02 ... 5.91279e-01 6.66564e-01 7.79921e-01
Step   29 : Displace = [0m2.696e-02[0m/[0m1.648e-01[0m (rms/max) Trust = 2.636e-02 ([1;91mx[0m) Grad_T = [0m9.250e-03[0m/[0m5.155e-02[0m (rms/max) E (change) = -839.0800413715 ([0m-3.454e-04[0m) Quality = [0m0.038[0m
Hessian Eigenvalues: 5.62417e-04 1.58005e-02 2.34496e-02 ... 5.97579e-01 6.72743e-01 9.24188e-01
Step   30 : Displace = [0m1.286e-02[0m/[0m6.907e-02[0m (rms/max) Trust = 1.318e-02 ([91m-[0m) Grad_T = [0m6.061e-03[0m/[0m2.884e-02[0m (rms/max) E (change) = -839.0823325161 ([0m-2.291e-03[0m) Quality = [0m0.327[0m
Hessian Eigenvalues: 5.63971e-04 1.59782e-02 2.34693e-02 ... 5.86301e-01 6.99670e-01 2.45946e+00
Step   31 : Displace = [0m1.342e-02[0m/[0m6.826e-02[0m (rms/max) Trust = 1.318e-02 (=) Grad_T = [92m2.932e-03[0m/[0m1.245e-02[0m (rms/max) E (change) = -839.0864124141 ([0m-4.080e-03[0m) Quality = [0m0.638[0m
Hessian Eigenvalues: 5.62771e-04 1.59883e-02 2.34573e-02 ... 5.86902e-01 7.01467e-01 2.70907e+00

        N  52.31192100   25.08267600   62.95790500
        H  52.42627000   25.37521100   61.99798400
        H  52.00140400   25.74517800   63.65415900
        C  60.99040000   38.20210000   66.19070000
        N  61.14097700   38.58732000   64.92664600
        H  60.83046000   39.24982200   65.62290000
        H  61.33714600   37.63228200   65.19031300
        N  60.58150100   39.07450400   67.10754900
        H  60.77767000   38.11946600   67.37121600
        H  60.69584900   39.36704000   66.14762800
        N  61.24872100   36.94447600   66.53790500
        H  61.36307000   37.23701100   65.57798400
        H  60.93820400   37.60697800   67.23415900
        C  60.54270000   22.28810000   53.74910000
        O  61.72652500   22.34987600   53.35256300
        O  59.83141600   21.26071700   53.78165900
        H  60.08472100   23.22395000   54.10186100

Note: printed only print_atoms_list (this is not necessarily all atoms) 
  ------------RUNNING QM/MM MODULE------------- 
QM Module: ORCATheory
MM Module: OpenMMTheory
Charge provided from QMMMTheory object:  -2
Mult provided from QMMMTheory object:  1
QM-region Charge: -2 Mult: 1
Embedding: Electrostatic
Number of pointcharges (to QM program): 64
Number of charge coordinates: 64
Running QM/MM object with 8 cores available

-------------------------------------------------------------------
Time to calculate step (before-QMstep): 0.000 seconds, 0.0 minutes.
-------------------------------------------------------------------
  ------------RUNNING ORCA INTERFACE------------- 
Object-label: ORCA
Run-label: None
Running ORCA with 8 cores available
Moreadfile option not active
A GBW-file with same basename : orca.gbw is present
Autostart is False. ORCA will ignore any file present
Creating inputfile: orca.inp
ORCA input:
! B3LYP D3BJ def2-SVP def2/J RIJCOSX CPCM TightSCF

! Noautostart

%cpcm epsilon 4.0 end
%scf MaxIter 300 Guess PModel end
Charge: -2  Mult: 1
Pointcharge embedding is on!
 ORCA Calculation starting. 
Found warning messages in ORCA outputfile:
WARNING: The chosen methods will break translational/rotational symmetry
 WARNING: The chosen methods will break translational symmetry
 WARNING: The chosen methods will break translational symmetry

 ORCA Calculation done. 
ORCA converged in 12 iterations
ORCA energy: -836.389179095053
  ------------ENDING ORCA-INTERFACE------------- 

---------------------------------------------------------------
Time to calculate step (ORCA run): 98.632 seconds, 1.6 minutes.
---------------------------------------------------------------

--------------------------------------------------------------
Time to calculate step (QM step): 98.632 seconds, 1.6 minutes.
--------------------------------------------------------------

----------------------------------------------------------------------
Time to calculate step (QMpcgrad prepare): 0.000 seconds, 0.0 minutes.
----------------------------------------------------------------------

--------------------------------------------------------------------------
Time to calculate step (linkatomgrad prepare): 0.000 seconds, 0.0 minutes.
--------------------------------------------------------------------------

----------------------------------------------------------------------------
Time to calculate step (QM/MM gradient prepare): 0.000 seconds, 0.0 minutes.
----------------------------------------------------------------------------
Using OpenMM theory as part of QM/MM.
Using MM on full system. Charges for QM region [0, 1, 2, 3, 4, 5, 6, 7, 8, 9, 10, 11, 12, 13, 14, 15, 16, 17, 18, 19, 20, 21, 22, 23] have been set to zero 

--------------------------------------------------------------------------------
                   Creating/updating OpenMM simulation object                   
--------------------------------------------------------------------------------

Integrator name: VerletIntegrator
Timestep: 0.001
Temperature: 300
Coupling frequency: 1
Properties: {'Threads': '1'}
Topology: <Topology; 1 chains, 1 residues, 88 atoms, 0 bonds>

----------------------------------------------------------------------------------
Time to calculate step (creating/updating simulation): 0.002 seconds, 0.0 minutes.
----------------------------------------------------------------------------------

--------------------------------------------------------------------------------
                     Running Single-point OpenMM Interface                      
--------------------------------------------------------------------------------

Number of OpenMM system constraints defined: 0

-----------------------------------------------------------------------------------
Time to calculate step (OpenMMTheory.run: const-check): 0.002 seconds, 0.0 minutes.
-----------------------------------------------------------------------------------
Updating coordinates.

------------------------------------------------------------------------
Time to calculate step (Creating pos array): 0.000 seconds, 0.0 minutes.
------------------------------------------------------------------------

---------------------------------------------------------------------------
Time to calculate step (Updating MM positions): 0.000 seconds, 0.0 minutes.
---------------------------------------------------------------------------
Calling OpenMM getState.

---------------------------------------------------------------------
Time to calculate step (OpenMM getState): 0.000 seconds, 0.0 minutes.
---------------------------------------------------------------------
OpenMM Energy: -2.6454959327665546 Eh
OpenMM Energy: -1660.0737614064108 kcal/mol

-----------------------
Ending OpenMM interface
-----------------------

----------------------------------------------------------------
Time to calculate step (OpenMM run): 0.002 seconds, 0.0 minutes.
----------------------------------------------------------------

-------------------------------------------------------------
Time to calculate step (MM step): 0.002 seconds, 0.0 minutes.
-------------------------------------------------------------

Note: You are using electrostatic embedding. This means that the QM-energy is actually the polarized QM-energy
Note: MM energy also contains the QM-MM Lennard-Jones interaction

QM energy:              -836.389179095053 
MM energy:                -2.645495932767
QM/MM energy:           -839.034675027820 

  ------------ENDING QM/MM MODULE------------- 

----------------------------------------------------------------
Time to calculate step (QM/MM run): 98.635 seconds, 1.6 minutes.
----------------------------------------------------------------
geometric called save_guess_files option option for ASHengineclass.
This option is currently unsupported in ASH. Continuing.

Convergence criteria: {'convergence_energy': 1e-05, 'convergence_grms': 0.003, 'convergence_gmax': 0.006, 'convergence_drms': 0.01, 'convergence_dmax': 0.015, 'convergence_cmax': 0.01}

Replacing coordinates in fragment.
Creating/Updating fragment attributes...
Number of Atoms in fragment: 88
Formula: O18N12H38C20
Label: CHHCCOOOCHCHCCHCHCHOHCOOCOOHCNHHNHHNHHCOOHCOOHCNHHNHHNHHCOOHCOOHCNHHNHHNHHCNHHNHHNHHCOOH
Charge: -2 Mult: 1

--------------------------------------------------------------------------------
Wrote XYZ file:  Fragment-currentgeo.xyz
Current geometry (Å) in step 19 (print_atoms_list region)
---------------------------------------------------
        C  58.19091963   35.67117820   58.63997550
        H  58.43359629   35.72580036   57.55689266
        H  58.83392758   36.14353602   59.41339269
        C  57.17937047   34.92786966   59.18017058
        C  56.89657216   34.87819842   60.73680552
        O  57.73169592   35.41764983   61.51477715
        O  55.81460950   34.33845141   61.13791575
        O  56.32571360   34.15083314   58.43431482
        C  56.84296609   33.25701459   57.35712869
        H  56.15958956   32.39638471   57.47333302
        C  58.26033488   32.88695954   57.58327921
        H  58.53820741   32.50401801   58.56814694
        C  59.25996587   33.18072015   56.72088105
        C  58.95856000   33.65748254   55.36283026
        H  59.78766095   33.76638198   54.65770233
        C  57.69631504   33.92822161   54.99589333
        H  57.45525324   34.24224481   53.97584116
        C  56.52380955   33.80161150   55.93282397
        H  56.07375575   34.80638625   56.05934660
        O  55.57813835   32.93540599   55.29919884
        H  54.80946756   32.88460642   55.89387521
        C  60.66672252   33.33804554   57.32151945
        O  61.06458284   32.47232500   58.13632819
        O  61.18356330   34.43971014   57.01685697
        C  64.93960000   33.26550000   44.42870000
        O  66.12342500   33.32727600   44.03216300
        O  64.22831600   32.23811700   44.46125900
        H  64.48162100   34.20135000   44.78146100
        C  57.48340000   32.05040000   67.31550000
        N  57.63397700   32.43562000   66.05144600
        H  57.32346000   33.09812200   66.74770000
        H  57.83014600   31.48058200   66.31511300
        N  57.07450100   32.92280400   68.23234900
        H  57.27067000   31.96776600   68.49601600
        H  57.18884900   33.21534000   67.27242800
        N  57.74172100   30.79277600   67.66270500
        H  57.85607000   31.08531100   66.70278400
        H  57.43120400   31.45527800   68.35895900
        C  57.23480000   27.87720000   45.86430000
        O  58.41862500   27.93897600   45.46776300
        O  56.52351600   26.84981700   45.89685900
        H  56.77682100   28.81305000   46.21706100
        C  70.60420000   27.88010000   55.89570000
        O  71.78802500   27.94187600   55.49916300
        O  69.89291600   26.85271700   55.92825900
        H  70.14622100   28.81595000   56.24846100
        C  56.61970000   24.87390000   63.10710000
        N  56.77027700   25.25912000   61.84304600
        H  56.45976000   25.92162200   62.53930000
        H  56.96644600   24.30408200   62.10671300
        N  56.21080100   25.74630400   64.02394900
        H  56.40697000   24.79126600   64.28761600
        H  56.32514900   26.03884000   63.06402800
        N  56.87802100   23.61627600   63.45430500
        H  56.99237000   23.90881100   62.49438400
        H  56.56750400   24.27877800   64.15055900
        C  67.62720000   26.53280000   48.41340000
        O  68.81102500   26.59457600   48.01686300
        O  66.91591600   25.50541700   48.44595900
        H  67.16922100   27.46865000   48.76616100
        C  67.23540000   23.78030000   55.38840000
        O  68.41922500   23.84207600   54.99186300
        O  66.52411600   22.75291700   55.42095900
        H  66.77742100   24.71615000   55.74116100
        C  52.05360000   26.34030000   62.61070000
        N  52.20417700   26.72552000   61.34664600
        H  51.89366000   27.38802200   62.04290000
        H  52.40034600   25.77048200   61.61031300
        N  51.64470100   27.21270400   63.52754900
        H  51.84087000   26.25766600   63.79121600
        H  51.75904900   27.50524000   62.56762800
        N  52.31192100   25.08267600   62.95790500
        H  52.42627000   25.37521100   61.99798400
        H  52.00140400   25.74517800   63.65415900
        C  60.99040000   38.20210000   66.19070000
        N  61.14097700   38.58732000   64.92664600
        H  60.83046000   39.24982200   65.62290000
        H  61.33714600   37.63228200   65.19031300
        N  60.58150100   39.07450400   67.10754900
        H  60.77767000   38.11946600   67.37121600
        H  60.69584900   39.36704000   66.14762800
        N  61.24872100   36.94447600   66.53790500
        H  61.36307000   37.23701100   65.57798400
        H  60.93820400   37.60697800   67.23415900
        C  60.54270000   22.28810000   53.74910000
        O  61.72652500   22.34987600   53.35256300
        O  59.83141600   21.26071700   53.78165900
        H  60.08472100   23.22395000   54.10186100

Note: printed only print_atoms_list (this is not necessarily all atoms) 
  ------------RUNNING QM/MM MODULE------------- 
QM Module: ORCATheory
MM Module: OpenMMTheory
Charge provided from QMMMTheory object:  -2
Mult provided from QMMMTheory object:  1
QM-region Charge: -2 Mult: 1
Embedding: Electrostatic
Number of pointcharges (to QM program): 64
Number of charge coordinates: 64
Running QM/MM object with 8 cores available

-------------------------------------------------------------------
Time to calculate step (before-QMstep): 0.000 seconds, 0.0 minutes.
-------------------------------------------------------------------
  ------------RUNNING ORCA INTERFACE------------- 
Object-label: ORCA
Run-label: None
Running ORCA with 8 cores available
Moreadfile option not active
A GBW-file with same basename : orca.gbw is present
Autostart is False. ORCA will ignore any file present
Creating inputfile: orca.inp
ORCA input:
! B3LYP D3BJ def2-SVP def2/J RIJCOSX CPCM TightSCF

! Noautostart

%cpcm epsilon 4.0 end
%scf MaxIter 300 Guess PModel end
Charge: -2  Mult: 1
Pointcharge embedding is on!
 ORCA Calculation starting. 
Found warning messages in ORCA outputfile:
WARNING: The chosen methods will break translational/rotational symmetry
 WARNING: The chosen methods will break translational symmetry
 WARNING: The chosen methods will break translational symmetry

 ORCA Calculation done. 
ORCA converged in 14 iterations
ORCA energy: -836.396506684216
  ------------ENDING ORCA-INTERFACE------------- 

----------------------------------------------------------------
Time to calculate step (ORCA run): 106.492 seconds, 1.8 minutes.
----------------------------------------------------------------

---------------------------------------------------------------
Time to calculate step (QM step): 106.492 seconds, 1.8 minutes.
---------------------------------------------------------------

----------------------------------------------------------------------
Time to calculate step (QMpcgrad prepare): 0.000 seconds, 0.0 minutes.
----------------------------------------------------------------------

--------------------------------------------------------------------------
Time to calculate step (linkatomgrad prepare): 0.000 seconds, 0.0 minutes.
--------------------------------------------------------------------------

----------------------------------------------------------------------------
Time to calculate step (QM/MM gradient prepare): 0.000 seconds, 0.0 minutes.
----------------------------------------------------------------------------
Using OpenMM theory as part of QM/MM.
Using MM on full system. Charges for QM region [0, 1, 2, 3, 4, 5, 6, 7, 8, 9, 10, 11, 12, 13, 14, 15, 16, 17, 18, 19, 20, 21, 22, 23] have been set to zero 

--------------------------------------------------------------------------------
                   Creating/updating OpenMM simulation object                   
--------------------------------------------------------------------------------

Integrator name: VerletIntegrator
Timestep: 0.001
Temperature: 300
Coupling frequency: 1
Properties: {'Threads': '1'}
Topology: <Topology; 1 chains, 1 residues, 88 atoms, 0 bonds>

----------------------------------------------------------------------------------
Time to calculate step (creating/updating simulation): 0.001 seconds, 0.0 minutes.
----------------------------------------------------------------------------------

--------------------------------------------------------------------------------
                     Running Single-point OpenMM Interface                      
--------------------------------------------------------------------------------

Number of OpenMM system constraints defined: 0

-----------------------------------------------------------------------------------
Time to calculate step (OpenMMTheory.run: const-check): 0.002 seconds, 0.0 minutes.
-----------------------------------------------------------------------------------
Updating coordinates.

------------------------------------------------------------------------
Time to calculate step (Creating pos array): 0.000 seconds, 0.0 minutes.
------------------------------------------------------------------------

---------------------------------------------------------------------------
Time to calculate step (Updating MM positions): 0.000 seconds, 0.0 minutes.
---------------------------------------------------------------------------
Calling OpenMM getState.

---------------------------------------------------------------------
Time to calculate step (OpenMM getState): 0.000 seconds, 0.0 minutes.
---------------------------------------------------------------------
OpenMM Energy: -2.645536320066995 Eh
OpenMM Energy: -1660.099104820069 kcal/mol

-----------------------
Ending OpenMM interface
-----------------------

----------------------------------------------------------------
Time to calculate step (OpenMM run): 0.002 seconds, 0.0 minutes.
----------------------------------------------------------------

-------------------------------------------------------------
Time to calculate step (MM step): 0.002 seconds, 0.0 minutes.
-------------------------------------------------------------

Note: You are using electrostatic embedding. This means that the QM-energy is actually the polarized QM-energy
Note: MM energy also contains the QM-MM Lennard-Jones interaction

QM energy:              -836.396506684216 
MM energy:                -2.645536320067
QM/MM energy:           -839.042043004283 

  ------------ENDING QM/MM MODULE------------- 

-----------------------------------------------------------------
Time to calculate step (QM/MM run): 106.495 seconds, 1.8 minutes.
-----------------------------------------------------------------
geometric called save_guess_files option option for ASHengineclass.
This option is currently unsupported in ASH. Continuing.

Convergence criteria: {'convergence_energy': 1e-05, 'convergence_grms': 0.003, 'convergence_gmax': 0.006, 'convergence_drms': 0.01, 'convergence_dmax': 0.015, 'convergence_cmax': 0.01}

Replacing coordinates in fragment.
Creating/Updating fragment attributes...
Number of Atoms in fragment: 88
Formula: O18N12H38C20
Label: CHHCCOOOCHCHCCHCHCHOHCOOCOOHCNHHNHHNHHCOOHCOOHCNHHNHHNHHCOOHCOOHCNHHNHHNHHCNHHNHHNHHCOOH
Charge: -2 Mult: 1

--------------------------------------------------------------------------------
Wrote XYZ file:  Fragment-currentgeo.xyz
Current geometry (Å) in step 20 (print_atoms_list region)
---------------------------------------------------
        C  58.07002942   35.72541006   58.81675917
        H  58.28654311   35.84376715   57.77770885
        H  58.75595769   36.20823646   59.47244645
        C  57.07784880   34.95434424   59.29679953
        C  56.82933669   34.77945011   60.85939935
        O  57.67965946   35.26432885   61.65790220
        O  55.80188859   34.15107302   61.30888925
        O  56.24777784   34.20442537   58.48400340
        C  56.79565624   33.30598883   57.43905992
        H  56.14444947   32.41242506   57.54047712
        C  58.21879168   32.95958569   57.71120962
        H  58.47620346   32.59349911   58.71533025
        C  59.23577965   33.24215901   56.86264122
        C  58.95710148   33.69943074   55.49256339
        H  59.79991417   33.80940189   54.80248614
        C  57.69354546   33.93459099   55.07984117
        H  57.47566359   34.22208685   54.03968135
        C  56.49730734   33.82986667   55.99766144
        H  56.06767293   34.85217729   56.10492686
        O  55.54108540   32.97898227   55.36073521
        H  54.75741917   32.95913229   55.93283688
        C  60.63016328   33.38279770   57.48185800
        O  61.03347374   32.51191393   58.28791743
        O  61.13182594   34.52601149   57.22750756
        C  64.93960000   33.26550000   44.42870000
        O  66.12342500   33.32727600   44.03216300
        O  64.22831600   32.23811700   44.46125900
        H  64.48162100   34.20135000   44.78146100
        C  57.48340000   32.05040000   67.31550000
        N  57.63397700   32.43562000   66.05144600
        H  57.32346000   33.09812200   66.74770000
        H  57.83014600   31.48058200   66.31511300
        N  57.07450100   32.92280400   68.23234900
        H  57.27067000   31.96776600   68.49601600
        H  57.18884900   33.21534000   67.27242800
        N  57.74172100   30.79277600   67.66270500
        H  57.85607000   31.08531100   66.70278400
        H  57.43120400   31.45527800   68.35895900
        C  57.23480000   27.87720000   45.86430000
        O  58.41862500   27.93897600   45.46776300
        O  56.52351600   26.84981700   45.89685900
        H  56.77682100   28.81305000   46.21706100
        C  70.60420000   27.88010000   55.89570000
        O  71.78802500   27.94187600   55.49916300
        O  69.89291600   26.85271700   55.92825900
        H  70.14622100   28.81595000   56.24846100
        C  56.61970000   24.87390000   63.10710000
        N  56.77027700   25.25912000   61.84304600
        H  56.45976000   25.92162200   62.53930000
        H  56.96644600   24.30408200   62.10671300
        N  56.21080100   25.74630400   64.02394900
        H  56.40697000   24.79126600   64.28761600
        H  56.32514900   26.03884000   63.06402800
        N  56.87802100   23.61627600   63.45430500
        H  56.99237000   23.90881100   62.49438400
        H  56.56750400   24.27877800   64.15055900
        C  67.62720000   26.53280000   48.41340000
        O  68.81102500   26.59457600   48.01686300
        O  66.91591600   25.50541700   48.44595900
        H  67.16922100   27.46865000   48.76616100
        C  67.23540000   23.78030000   55.38840000
        O  68.41922500   23.84207600   54.99186300
        O  66.52411600   22.75291700   55.42095900
        H  66.77742100   24.71615000   55.74116100
        C  52.05360000   26.34030000   62.61070000
        N  52.20417700   26.72552000   61.34664600
        H  51.89366000   27.38802200   62.04290000
        H  52.40034600   25.77048200   61.61031300
        N  51.64470100   27.21270400   63.52754900
        H  51.84087000   26.25766600   63.79121600
        H  51.75904900   27.50524000   62.56762800
        N  52.31192100   25.08267600   62.95790500
        H  52.42627000   25.37521100   61.99798400
        H  52.00140400   25.74517800   63.65415900
        C  60.99040000   38.20210000   66.19070000
        N  61.14097700   38.58732000   64.92664600
        H  60.83046000   39.24982200   65.62290000
        H  61.33714600   37.63228200   65.19031300
        N  60.58150100   39.07450400   67.10754900
        H  60.77767000   38.11946600   67.37121600
        H  60.69584900   39.36704000   66.14762800
        N  61.24872100   36.94447600   66.53790500
        H  61.36307000   37.23701100   65.57798400
        H  60.93820400   37.60697800   67.23415900
        C  60.54270000   22.28810000   53.74910000
        O  61.72652500   22.34987600   53.35256300
        O  59.83141600   21.26071700   53.78165900
        H  60.08472100   23.22395000   54.10186100

Note: printed only print_atoms_list (this is not necessarily all atoms) 
  ------------RUNNING QM/MM MODULE------------- 
QM Module: ORCATheory
MM Module: OpenMMTheory
Charge provided from QMMMTheory object:  -2
Mult provided from QMMMTheory object:  1
QM-region Charge: -2 Mult: 1
Embedding: Electrostatic
Number of pointcharges (to QM program): 64
Number of charge coordinates: 64
Running QM/MM object with 8 cores available

-------------------------------------------------------------------
Time to calculate step (before-QMstep): 0.000 seconds, 0.0 minutes.
-------------------------------------------------------------------
  ------------RUNNING ORCA INTERFACE------------- 
Object-label: ORCA
Run-label: None
Running ORCA with 8 cores available
Moreadfile option not active
A GBW-file with same basename : orca.gbw is present
Autostart is False. ORCA will ignore any file present
Creating inputfile: orca.inp
ORCA input:
! B3LYP D3BJ def2-SVP def2/J RIJCOSX CPCM TightSCF

! Noautostart

%cpcm epsilon 4.0 end
%scf MaxIter 300 Guess PModel end
Charge: -2  Mult: 1
Pointcharge embedding is on!
 ORCA Calculation starting. 
Found warning messages in ORCA outputfile:
WARNING: The chosen methods will break translational/rotational symmetry
 WARNING: The chosen methods will break translational symmetry
 WARNING: The chosen methods will break translational symmetry

 ORCA Calculation done. 
ORCA converged in 15 iterations
ORCA energy: -836.401958805933
  ------------ENDING ORCA-INTERFACE------------- 

----------------------------------------------------------------
Time to calculate step (ORCA run): 108.940 seconds, 1.8 minutes.
----------------------------------------------------------------

---------------------------------------------------------------
Time to calculate step (QM step): 108.940 seconds, 1.8 minutes.
---------------------------------------------------------------

----------------------------------------------------------------------
Time to calculate step (QMpcgrad prepare): 0.000 seconds, 0.0 minutes.
----------------------------------------------------------------------

--------------------------------------------------------------------------
Time to calculate step (linkatomgrad prepare): 0.000 seconds, 0.0 minutes.
--------------------------------------------------------------------------

----------------------------------------------------------------------------
Time to calculate step (QM/MM gradient prepare): 0.000 seconds, 0.0 minutes.
----------------------------------------------------------------------------
Using OpenMM theory as part of QM/MM.
Using MM on full system. Charges for QM region [0, 1, 2, 3, 4, 5, 6, 7, 8, 9, 10, 11, 12, 13, 14, 15, 16, 17, 18, 19, 20, 21, 22, 23] have been set to zero 

--------------------------------------------------------------------------------
                   Creating/updating OpenMM simulation object                   
--------------------------------------------------------------------------------

Integrator name: VerletIntegrator
Timestep: 0.001
Temperature: 300
Coupling frequency: 1
Properties: {'Threads': '1'}
Topology: <Topology; 1 chains, 1 residues, 88 atoms, 0 bonds>

----------------------------------------------------------------------------------
Time to calculate step (creating/updating simulation): 0.002 seconds, 0.0 minutes.
----------------------------------------------------------------------------------

--------------------------------------------------------------------------------
                     Running Single-point OpenMM Interface                      
--------------------------------------------------------------------------------

Number of OpenMM system constraints defined: 0

-----------------------------------------------------------------------------------
Time to calculate step (OpenMMTheory.run: const-check): 0.002 seconds, 0.0 minutes.
-----------------------------------------------------------------------------------
Updating coordinates.

------------------------------------------------------------------------
Time to calculate step (Creating pos array): 0.000 seconds, 0.0 minutes.
------------------------------------------------------------------------

---------------------------------------------------------------------------
Time to calculate step (Updating MM positions): 0.000 seconds, 0.0 minutes.
---------------------------------------------------------------------------
Calling OpenMM getState.

---------------------------------------------------------------------
Time to calculate step (OpenMM getState): 0.000 seconds, 0.0 minutes.
---------------------------------------------------------------------
OpenMM Energy: -2.6455809749979067 Eh
OpenMM Energy: -1660.1271262122798 kcal/mol

-----------------------
Ending OpenMM interface
-----------------------

----------------------------------------------------------------
Time to calculate step (OpenMM run): 0.003 seconds, 0.0 minutes.
----------------------------------------------------------------

-------------------------------------------------------------
Time to calculate step (MM step): 0.004 seconds, 0.0 minutes.
-------------------------------------------------------------

Note: You are using electrostatic embedding. This means that the QM-energy is actually the polarized QM-energy
Note: MM energy also contains the QM-MM Lennard-Jones interaction

QM energy:              -836.401958805933 
MM energy:                -2.645580974998
QM/MM energy:           -839.047539780931 

  ------------ENDING QM/MM MODULE------------- 

-----------------------------------------------------------------
Time to calculate step (QM/MM run): 108.944 seconds, 1.8 minutes.
-----------------------------------------------------------------
geometric called save_guess_files option option for ASHengineclass.
This option is currently unsupported in ASH. Continuing.

Convergence criteria: {'convergence_energy': 1e-05, 'convergence_grms': 0.003, 'convergence_gmax': 0.006, 'convergence_drms': 0.01, 'convergence_dmax': 0.015, 'convergence_cmax': 0.01}

Replacing coordinates in fragment.
Creating/Updating fragment attributes...
Number of Atoms in fragment: 88
Formula: O18N12H38C20
Label: CHHCCOOOCHCHCCHCHCHOHCOOCOOHCNHHNHHNHHCOOHCOOHCNHHNHHNHHCOOHCOOHCNHHNHHNHHCNHHNHHNHHCOOH
Charge: -2 Mult: 1

--------------------------------------------------------------------------------
Wrote XYZ file:  Fragment-currentgeo.xyz
Current geometry (Å) in step 21 (print_atoms_list region)
---------------------------------------------------
        C  57.97282829   35.71548351   58.99072764
        H  58.07763290   36.00948112   57.88227073
        H  58.68473663   36.17681916   59.65630048
        C  57.00448996   34.90807373   59.44107259
        C  56.77659896   34.69116394   60.94429917
        O  57.62321947   35.16182422   61.77335256
        O  55.78657602   33.97527445   61.31106419
        O  56.16281481   34.24457990   58.57707806
        C  56.75266876   33.34052071   57.54133690
        H  56.12286699   32.43060321   57.62605787
        C  58.17908965   33.02803656   57.85147991
        H  58.41673642   32.65369682   58.85595822
        C  59.20961447   33.31835454   57.02491231
        C  58.95856888   33.75132137   55.64300589
        H  59.81343167   33.85768950   54.96704010
        C  57.69909232   33.95274550   55.19239981
        H  57.49913307   34.21763832   54.14108612
        C  56.48404643   33.85833753   56.08860563
        H  56.06965904   34.88849081   56.18685797
        O  55.51940897   33.02358558   55.44171169
        H  54.70978489   33.06376443   55.97596984
        C  60.59481501   33.43468979   57.65033582
        O  61.00807822   32.57395769   58.44866489
        O  61.10251360   34.55213979   57.38582390
        C  64.93960000   33.26550000   44.42870000
        O  66.12342500   33.32727600   44.03216300
        O  64.22831600   32.23811700   44.46125900
        H  64.48162100   34.20135000   44.78146100
        C  57.48340000   32.05040000   67.31550000
        N  57.63397700   32.43562000   66.05144600
        H  57.32346000   33.09812200   66.74770000
        H  57.83014600   31.48058200   66.31511300
        N  57.07450100   32.92280400   68.23234900
        H  57.27067000   31.96776600   68.49601600
        H  57.18884900   33.21534000   67.27242800
        N  57.74172100   30.79277600   67.66270500
        H  57.85607000   31.08531100   66.70278400
        H  57.43120400   31.45527800   68.35895900
        C  57.23480000   27.87720000   45.86430000
        O  58.41862500   27.93897600   45.46776300
        O  56.52351600   26.84981700   45.89685900
        H  56.77682100   28.81305000   46.21706100
        C  70.60420000   27.88010000   55.89570000
        O  71.78802500   27.94187600   55.49916300
        O  69.89291600   26.85271700   55.92825900
        H  70.14622100   28.81595000   56.24846100
        C  56.61970000   24.87390000   63.10710000
        N  56.77027700   25.25912000   61.84304600
        H  56.45976000   25.92162200   62.53930000
        H  56.96644600   24.30408200   62.10671300
        N  56.21080100   25.74630400   64.02394900
        H  56.40697000   24.79126600   64.28761600
        H  56.32514900   26.03884000   63.06402800
        N  56.87802100   23.61627600   63.45430500
        H  56.99237000   23.90881100   62.49438400
        H  56.56750400   24.27877800   64.15055900
        C  67.62720000   26.53280000   48.41340000
        O  68.81102500   26.59457600   48.01686300
        O  66.91591600   25.50541700   48.44595900
        H  67.16922100   27.46865000   48.76616100
        C  67.23540000   23.78030000   55.38840000
        O  68.41922500   23.84207600   54.99186300
        O  66.52411600   22.75291700   55.42095900
        H  66.77742100   24.71615000   55.74116100
        C  52.05360000   26.34030000   62.61070000
        N  52.20417700   26.72552000   61.34664600
        H  51.89366000   27.38802200   62.04290000
        H  52.40034600   25.77048200   61.61031300
        N  51.64470100   27.21270400   63.52754900
        H  51.84087000   26.25766600   63.79121600
        H  51.75904900   27.50524000   62.56762800
        N  52.31192100   25.08267600   62.95790500
        H  52.42627000   25.37521100   61.99798400
        H  52.00140400   25.74517800   63.65415900
        C  60.99040000   38.20210000   66.19070000
        N  61.14097700   38.58732000   64.92664600
        H  60.83046000   39.24982200   65.62290000
        H  61.33714600   37.63228200   65.19031300
        N  60.58150100   39.07450400   67.10754900
        H  60.77767000   38.11946600   67.37121600
        H  60.69584900   39.36704000   66.14762800
        N  61.24872100   36.94447600   66.53790500
        H  61.36307000   37.23701100   65.57798400
        H  60.93820400   37.60697800   67.23415900
        C  60.54270000   22.28810000   53.74910000
        O  61.72652500   22.34987600   53.35256300
        O  59.83141600   21.26071700   53.78165900
        H  60.08472100   23.22395000   54.10186100

Note: printed only print_atoms_list (this is not necessarily all atoms) 
  ------------RUNNING QM/MM MODULE------------- 
QM Module: ORCATheory
MM Module: OpenMMTheory
Charge provided from QMMMTheory object:  -2
Mult provided from QMMMTheory object:  1
QM-region Charge: -2 Mult: 1
Embedding: Electrostatic
Number of pointcharges (to QM program): 64
Number of charge coordinates: 64
Running QM/MM object with 8 cores available

-------------------------------------------------------------------
Time to calculate step (before-QMstep): 0.000 seconds, 0.0 minutes.
-------------------------------------------------------------------
  ------------RUNNING ORCA INTERFACE------------- 
Object-label: ORCA
Run-label: None
Running ORCA with 8 cores available
Moreadfile option not active
A GBW-file with same basename : orca.gbw is present
Autostart is False. ORCA will ignore any file present
Creating inputfile: orca.inp
ORCA input:
! B3LYP D3BJ def2-SVP def2/J RIJCOSX CPCM TightSCF

! Noautostart

%cpcm epsilon 4.0 end
%scf MaxIter 300 Guess PModel end
Charge: -2  Mult: 1
Pointcharge embedding is on!
 ORCA Calculation starting. 
Found warning messages in ORCA outputfile:
WARNING: The chosen methods will break translational/rotational symmetry
 WARNING: The chosen methods will break translational symmetry
 WARNING: The chosen methods will break translational symmetry
 Warning: op=0 Small HOMO/LUMO gap (   0.099) - skipping pre-diagonalization

 ORCA Calculation done. 
ORCA converged in 14 iterations
ORCA energy: -836.409851962041
  ------------ENDING ORCA-INTERFACE------------- 

----------------------------------------------------------------
Time to calculate step (ORCA run): 104.882 seconds, 1.7 minutes.
----------------------------------------------------------------

---------------------------------------------------------------
Time to calculate step (QM step): 104.882 seconds, 1.7 minutes.
---------------------------------------------------------------

----------------------------------------------------------------------
Time to calculate step (QMpcgrad prepare): 0.000 seconds, 0.0 minutes.
----------------------------------------------------------------------

--------------------------------------------------------------------------
Time to calculate step (linkatomgrad prepare): 0.000 seconds, 0.0 minutes.
--------------------------------------------------------------------------

----------------------------------------------------------------------------
Time to calculate step (QM/MM gradient prepare): 0.000 seconds, 0.0 minutes.
----------------------------------------------------------------------------
Using OpenMM theory as part of QM/MM.
Using MM on full system. Charges for QM region [0, 1, 2, 3, 4, 5, 6, 7, 8, 9, 10, 11, 12, 13, 14, 15, 16, 17, 18, 19, 20, 21, 22, 23] have been set to zero 

--------------------------------------------------------------------------------
                   Creating/updating OpenMM simulation object                   
--------------------------------------------------------------------------------

Integrator name: VerletIntegrator
Timestep: 0.001
Temperature: 300
Coupling frequency: 1
Properties: {'Threads': '1'}
Topology: <Topology; 1 chains, 1 residues, 88 atoms, 0 bonds>

----------------------------------------------------------------------------------
Time to calculate step (creating/updating simulation): 0.003 seconds, 0.0 minutes.
----------------------------------------------------------------------------------

--------------------------------------------------------------------------------
                     Running Single-point OpenMM Interface                      
--------------------------------------------------------------------------------

Number of OpenMM system constraints defined: 0

-----------------------------------------------------------------------------------
Time to calculate step (OpenMMTheory.run: const-check): 0.003 seconds, 0.0 minutes.
-----------------------------------------------------------------------------------
Updating coordinates.

------------------------------------------------------------------------
Time to calculate step (Creating pos array): 0.000 seconds, 0.0 minutes.
------------------------------------------------------------------------

---------------------------------------------------------------------------
Time to calculate step (Updating MM positions): 0.000 seconds, 0.0 minutes.
---------------------------------------------------------------------------
Calling OpenMM getState.

---------------------------------------------------------------------
Time to calculate step (OpenMM getState): 0.001 seconds, 0.0 minutes.
---------------------------------------------------------------------
OpenMM Energy: -2.6456151099089413 Eh
OpenMM Energy: -1660.1485461923503 kcal/mol

-----------------------
Ending OpenMM interface
-----------------------

----------------------------------------------------------------
Time to calculate step (OpenMM run): 0.004 seconds, 0.0 minutes.
----------------------------------------------------------------

-------------------------------------------------------------
Time to calculate step (MM step): 0.004 seconds, 0.0 minutes.
-------------------------------------------------------------

Note: You are using electrostatic embedding. This means that the QM-energy is actually the polarized QM-energy
Note: MM energy also contains the QM-MM Lennard-Jones interaction

QM energy:              -836.409851962041 
MM energy:                -2.645615109909
QM/MM energy:           -839.055467071950 

  ------------ENDING QM/MM MODULE------------- 

-----------------------------------------------------------------
Time to calculate step (QM/MM run): 104.887 seconds, 1.7 minutes.
-----------------------------------------------------------------
geometric called save_guess_files option option for ASHengineclass.
This option is currently unsupported in ASH. Continuing.

Convergence criteria: {'convergence_energy': 1e-05, 'convergence_grms': 0.003, 'convergence_gmax': 0.006, 'convergence_drms': 0.01, 'convergence_dmax': 0.015, 'convergence_cmax': 0.01}

Replacing coordinates in fragment.
Creating/Updating fragment attributes...
Number of Atoms in fragment: 88
Formula: O18N12H38C20
Label: CHHCCOOOCHCHCCHCHCHOHCOOCOOHCNHHNHHNHHCOOHCOOHCNHHNHHNHHCOOHCOOHCNHHNHHNHHCNHHNHHNHHCOOH
Charge: -2 Mult: 1

--------------------------------------------------------------------------------
Wrote XYZ file:  Fragment-currentgeo.xyz
Current geometry (Å) in step 22 (print_atoms_list region)
---------------------------------------------------
        C  57.78085921   35.80243571   59.17789573
        H  57.80104889   36.11962343   58.13231851
        H  58.55881530   36.12467342   59.90739077
        C  56.88352695   34.88274047   59.61945752
        C  56.70687276   34.51956004   61.10136812
        O  57.51877902   35.06128760   61.91367245
        O  55.76057237   33.73695140   61.38951877
        O  56.06750076   34.28602211   58.69476324
        C  56.70091589   33.37315753   57.68765665
        H  56.08239503   32.46232859   57.76597482
        C  58.12021911   33.11088661   58.04874188
        H  58.33032957   32.71785354   59.04704505
        C  59.17146514   33.42328796   57.26007749
        C  58.95203774   33.82022333   55.86292343
        H  59.82351418   33.91811166   55.20813482
        C  57.70664068   33.98402736   55.37534743
        H  57.53094947   34.22394051   54.32050648
        C  56.47139799   33.89910566   56.23914126
        H  56.07434313   34.93115093   56.33395719
        O  55.49905586   33.09031930   55.57253745
        H  54.65110318   33.22929675   56.03929740
        C  60.55689778   33.53209523   57.89830385
        O  60.92905937   32.64077633   58.69005523
        O  61.09547643   34.62474273   57.64132420
        C  64.93960000   33.26550000   44.42870000
        O  66.12342500   33.32727600   44.03216300
        O  64.22831600   32.23811700   44.46125900
        H  64.48162100   34.20135000   44.78146100
        C  57.48340000   32.05040000   67.31550000
        N  57.63397700   32.43562000   66.05144600
        H  57.32346000   33.09812200   66.74770000
        H  57.83014600   31.48058200   66.31511300
        N  57.07450100   32.92280400   68.23234900
        H  57.27067000   31.96776600   68.49601600
        H  57.18884900   33.21534000   67.27242800
        N  57.74172100   30.79277600   67.66270500
        H  57.85607000   31.08531100   66.70278400
        H  57.43120400   31.45527800   68.35895900
        C  57.23480000   27.87720000   45.86430000
        O  58.41862500   27.93897600   45.46776300
        O  56.52351600   26.84981700   45.89685900
        H  56.77682100   28.81305000   46.21706100
        C  70.60420000   27.88010000   55.89570000
        O  71.78802500   27.94187600   55.49916300
        O  69.89291600   26.85271700   55.92825900
        H  70.14622100   28.81595000   56.24846100
        C  56.61970000   24.87390000   63.10710000
        N  56.77027700   25.25912000   61.84304600
        H  56.45976000   25.92162200   62.53930000
        H  56.96644600   24.30408200   62.10671300
        N  56.21080100   25.74630400   64.02394900
        H  56.40697000   24.79126600   64.28761600
        H  56.32514900   26.03884000   63.06402800
        N  56.87802100   23.61627600   63.45430500
        H  56.99237000   23.90881100   62.49438400
        H  56.56750400   24.27877800   64.15055900
        C  67.62720000   26.53280000   48.41340000
        O  68.81102500   26.59457600   48.01686300
        O  66.91591600   25.50541700   48.44595900
        H  67.16922100   27.46865000   48.76616100
        C  67.23540000   23.78030000   55.38840000
        O  68.41922500   23.84207600   54.99186300
        O  66.52411600   22.75291700   55.42095900
        H  66.77742100   24.71615000   55.74116100
        C  52.05360000   26.34030000   62.61070000
        N  52.20417700   26.72552000   61.34664600
        H  51.89366000   27.38802200   62.04290000
        H  52.40034600   25.77048200   61.61031300
        N  51.64470100   27.21270400   63.52754900
        H  51.84087000   26.25766600   63.79121600
        H  51.75904900   27.50524000   62.56762800
        N  52.31192100   25.08267600   62.95790500
        H  52.42627000   25.37521100   61.99798400
        H  52.00140400   25.74517800   63.65415900
        C  60.99040000   38.20210000   66.19070000
        N  61.14097700   38.58732000   64.92664600
        H  60.83046000   39.24982200   65.62290000
        H  61.33714600   37.63228200   65.19031300
        N  60.58150100   39.07450400   67.10754900
        H  60.77767000   38.11946600   67.37121600
        H  60.69584900   39.36704000   66.14762800
        N  61.24872100   36.94447600   66.53790500
        H  61.36307000   37.23701100   65.57798400
        H  60.93820400   37.60697800   67.23415900
        C  60.54270000   22.28810000   53.74910000
        O  61.72652500   22.34987600   53.35256300
        O  59.83141600   21.26071700   53.78165900
        H  60.08472100   23.22395000   54.10186100

Note: printed only print_atoms_list (this is not necessarily all atoms) 
  ------------RUNNING QM/MM MODULE------------- 
QM Module: ORCATheory
MM Module: OpenMMTheory
Charge provided from QMMMTheory object:  -2
Mult provided from QMMMTheory object:  1
QM-region Charge: -2 Mult: 1
Embedding: Electrostatic
Number of pointcharges (to QM program): 64
Number of charge coordinates: 64
Running QM/MM object with 8 cores available

-------------------------------------------------------------------
Time to calculate step (before-QMstep): 0.000 seconds, 0.0 minutes.
-------------------------------------------------------------------
  ------------RUNNING ORCA INTERFACE------------- 
Object-label: ORCA
Run-label: None
Running ORCA with 8 cores available
Moreadfile option not active
A GBW-file with same basename : orca.gbw is present
Autostart is False. ORCA will ignore any file present
Creating inputfile: orca.inp
ORCA input:
! B3LYP D3BJ def2-SVP def2/J RIJCOSX CPCM TightSCF

! Noautostart

%cpcm epsilon 4.0 end
%scf MaxIter 300 Guess PModel end
Charge: -2  Mult: 1
Pointcharge embedding is on!
 ORCA Calculation starting. 
Found warning messages in ORCA outputfile:
WARNING: The chosen methods will break translational/rotational symmetry
 WARNING: The chosen methods will break translational symmetry
 WARNING: The chosen methods will break translational symmetry
 Warning: op=0 Small HOMO/LUMO gap (   0.099) - skipping pre-diagonalization

 ORCA Calculation done. 
ORCA converged in 14 iterations
ORCA energy: -836.421547340641
  ------------ENDING ORCA-INTERFACE------------- 

----------------------------------------------------------------
Time to calculate step (ORCA run): 103.669 seconds, 1.7 minutes.
----------------------------------------------------------------

---------------------------------------------------------------
Time to calculate step (QM step): 103.669 seconds, 1.7 minutes.
---------------------------------------------------------------

----------------------------------------------------------------------
Time to calculate step (QMpcgrad prepare): 0.000 seconds, 0.0 minutes.
----------------------------------------------------------------------

--------------------------------------------------------------------------
Time to calculate step (linkatomgrad prepare): 0.000 seconds, 0.0 minutes.
--------------------------------------------------------------------------

----------------------------------------------------------------------------
Time to calculate step (QM/MM gradient prepare): 0.000 seconds, 0.0 minutes.
----------------------------------------------------------------------------
Using OpenMM theory as part of QM/MM.
Using MM on full system. Charges for QM region [0, 1, 2, 3, 4, 5, 6, 7, 8, 9, 10, 11, 12, 13, 14, 15, 16, 17, 18, 19, 20, 21, 22, 23] have been set to zero 

--------------------------------------------------------------------------------
                   Creating/updating OpenMM simulation object                   
--------------------------------------------------------------------------------

Integrator name: VerletIntegrator
Timestep: 0.001
Temperature: 300
Coupling frequency: 1
Properties: {'Threads': '1'}
Topology: <Topology; 1 chains, 1 residues, 88 atoms, 0 bonds>

----------------------------------------------------------------------------------
Time to calculate step (creating/updating simulation): 0.002 seconds, 0.0 minutes.
----------------------------------------------------------------------------------

--------------------------------------------------------------------------------
                     Running Single-point OpenMM Interface                      
--------------------------------------------------------------------------------

Number of OpenMM system constraints defined: 0

-----------------------------------------------------------------------------------
Time to calculate step (OpenMMTheory.run: const-check): 0.002 seconds, 0.0 minutes.
-----------------------------------------------------------------------------------
Updating coordinates.

------------------------------------------------------------------------
Time to calculate step (Creating pos array): 0.000 seconds, 0.0 minutes.
------------------------------------------------------------------------

---------------------------------------------------------------------------
Time to calculate step (Updating MM positions): 0.000 seconds, 0.0 minutes.
---------------------------------------------------------------------------
Calling OpenMM getState.

---------------------------------------------------------------------
Time to calculate step (OpenMM getState): 0.000 seconds, 0.0 minutes.
---------------------------------------------------------------------
OpenMM Energy: -2.645672683850948 Eh
OpenMM Energy: -1660.1846743864187 kcal/mol

-----------------------
Ending OpenMM interface
-----------------------

----------------------------------------------------------------
Time to calculate step (OpenMM run): 0.002 seconds, 0.0 minutes.
----------------------------------------------------------------

-------------------------------------------------------------
Time to calculate step (MM step): 0.002 seconds, 0.0 minutes.
-------------------------------------------------------------

Note: You are using electrostatic embedding. This means that the QM-energy is actually the polarized QM-energy
Note: MM energy also contains the QM-MM Lennard-Jones interaction

QM energy:              -836.421547340641 
MM energy:                -2.645672683851
QM/MM energy:           -839.067220024492 

  ------------ENDING QM/MM MODULE------------- 

-----------------------------------------------------------------
Time to calculate step (QM/MM run): 103.672 seconds, 1.7 minutes.
-----------------------------------------------------------------
geometric called save_guess_files option option for ASHengineclass.
This option is currently unsupported in ASH. Continuing.
geometric called clearCalcs option for ASHengineclass.
This option is currently unsupported in ASH. Continuing.

Convergence criteria: {'convergence_energy': 1e-05, 'convergence_grms': 0.003, 'convergence_gmax': 0.006, 'convergence_drms': 0.01, 'convergence_dmax': 0.015, 'convergence_cmax': 0.01}

Replacing coordinates in fragment.
Creating/Updating fragment attributes...
Number of Atoms in fragment: 88
Formula: O18N12H38C20
Label: CHHCCOOOCHCHCCHCHCHOHCOOCOOHCNHHNHHNHHCOOHCOOHCNHHNHHNHHCOOHCOOHCNHHNHHNHHCNHHNHHNHHCOOH
Charge: -2 Mult: 1

--------------------------------------------------------------------------------
Wrote XYZ file:  Fragment-currentgeo.xyz
Current geometry (Å) in step 23 (print_atoms_list region)
---------------------------------------------------
        C  57.53238347   35.90697036   59.50762244
        H  57.48539177   36.32599499   58.51119423
        H  58.34519247   36.20449737   60.17832790
        C  56.70185227   34.88363896   59.86079634
        C  56.60854118   34.28579194   61.33829384
        O  57.38704046   34.82608146   62.19962893
        O  55.75284554   33.38675937   61.59548143
        O  55.90452341   34.35915278   58.86498903
        C  56.61601268   33.44094863   57.88987895
        H  56.04287933   32.49977360   57.95174383
        C  58.02864502   33.23320031   58.30878983
        H  58.20196859   32.84501104   59.31654137
        C  59.10847520   33.54456913   57.56096423
        C  58.93040922   33.90286794   56.14510611
        H  59.82455260   34.00592690   55.52332574
        C  57.70230014   34.01403946   55.60755489
        H  57.57012277   34.21516645   54.53936366
        C  56.43116711   33.96103679   56.43023103
        H  56.06858103   35.00559725   56.50457508
        O  55.45187469   33.19040846   55.73299953
        H  54.57595243   33.40882707   56.10997147
        C  60.47867028   33.66281041   58.26490293
        O  60.81664089   32.75708227   59.05294532
        O  61.04354048   34.75011117   58.04358809
        C  64.93960000   33.26550000   44.42870000
        O  66.12342500   33.32727600   44.03216300
        O  64.22831600   32.23811700   44.46125900
        H  64.48162100   34.20135000   44.78146100
        C  57.48340000   32.05040000   67.31550000
        N  57.63397700   32.43562000   66.05144600
        H  57.32346000   33.09812200   66.74770000
        H  57.83014600   31.48058200   66.31511300
        N  57.07450100   32.92280400   68.23234900
        H  57.27067000   31.96776600   68.49601600
        H  57.18884900   33.21534000   67.27242800
        N  57.74172100   30.79277600   67.66270500
        H  57.85607000   31.08531100   66.70278400
        H  57.43120400   31.45527800   68.35895900
        C  57.23480000   27.87720000   45.86430000
        O  58.41862500   27.93897600   45.46776300
        O  56.52351600   26.84981700   45.89685900
        H  56.77682100   28.81305000   46.21706100
        C  70.60420000   27.88010000   55.89570000
        O  71.78802500   27.94187600   55.49916300
        O  69.89291600   26.85271700   55.92825900
        H  70.14622100   28.81595000   56.24846100
        C  56.61970000   24.87390000   63.10710000
        N  56.77027700   25.25912000   61.84304600
        H  56.45976000   25.92162200   62.53930000
        H  56.96644600   24.30408200   62.10671300
        N  56.21080100   25.74630400   64.02394900
        H  56.40697000   24.79126600   64.28761600
        H  56.32514900   26.03884000   63.06402800
        N  56.87802100   23.61627600   63.45430500
        H  56.99237000   23.90881100   62.49438400
        H  56.56750400   24.27877800   64.15055900
        C  67.62720000   26.53280000   48.41340000
        O  68.81102500   26.59457600   48.01686300
        O  66.91591600   25.50541700   48.44595900
        H  67.16922100   27.46865000   48.76616100
        C  67.23540000   23.78030000   55.38840000
        O  68.41922500   23.84207600   54.99186300
        O  66.52411600   22.75291700   55.42095900
        H  66.77742100   24.71615000   55.74116100
        C  52.05360000   26.34030000   62.61070000
        N  52.20417700   26.72552000   61.34664600
        H  51.89366000   27.38802200   62.04290000
        H  52.40034600   25.77048200   61.61031300
        N  51.64470100   27.21270400   63.52754900
        H  51.84087000   26.25766600   63.79121600
        H  51.75904900   27.50524000   62.56762800
        N  52.31192100   25.08267600   62.95790500
        H  52.42627000   25.37521100   61.99798400
        H  52.00140400   25.74517800   63.65415900
        C  60.99040000   38.20210000   66.19070000
        N  61.14097700   38.58732000   64.92664600
        H  60.83046000   39.24982200   65.62290000
        H  61.33714600   37.63228200   65.19031300
        N  60.58150100   39.07450400   67.10754900
        H  60.77767000   38.11946600   67.37121600
        H  60.69584900   39.36704000   66.14762800
        N  61.24872100   36.94447600   66.53790500
        H  61.36307000   37.23701100   65.57798400
        H  60.93820400   37.60697800   67.23415900
        C  60.54270000   22.28810000   53.74910000
        O  61.72652500   22.34987600   53.35256300
        O  59.83141600   21.26071700   53.78165900
        H  60.08472100   23.22395000   54.10186100

Note: printed only print_atoms_list (this is not necessarily all atoms) 
  ------------RUNNING QM/MM MODULE------------- 
QM Module: ORCATheory
MM Module: OpenMMTheory
Charge provided from QMMMTheory object:  -2
Mult provided from QMMMTheory object:  1
QM-region Charge: -2 Mult: 1
Embedding: Electrostatic
Number of pointcharges (to QM program): 64
Number of charge coordinates: 64
Running QM/MM object with 8 cores available

-------------------------------------------------------------------
Time to calculate step (before-QMstep): 0.000 seconds, 0.0 minutes.
-------------------------------------------------------------------
  ------------RUNNING ORCA INTERFACE------------- 
Object-label: ORCA
Run-label: None
Running ORCA with 8 cores available
Moreadfile option not active
A GBW-file with same basename : orca.gbw is present
Autostart is False. ORCA will ignore any file present
Creating inputfile: orca.inp
ORCA input:
! B3LYP D3BJ def2-SVP def2/J RIJCOSX CPCM TightSCF

! Noautostart

%cpcm epsilon 4.0 end
%scf MaxIter 300 Guess PModel end
Charge: -2  Mult: 1
Pointcharge embedding is on!
 ORCA Calculation starting. 
Found warning messages in ORCA outputfile:
WARNING: The chosen methods will break translational/rotational symmetry
 WARNING: The chosen methods will break translational symmetry
 WARNING: The chosen methods will break translational symmetry
 Warning: op=0 Small HOMO/LUMO gap (   0.094) - skipping pre-diagonalization

 ORCA Calculation done. 
ORCA converged in 12 iterations
ORCA energy: -836.433889285279
  ------------ENDING ORCA-INTERFACE------------- 

---------------------------------------------------------------
Time to calculate step (ORCA run): 96.157 seconds, 1.6 minutes.
---------------------------------------------------------------

--------------------------------------------------------------
Time to calculate step (QM step): 96.157 seconds, 1.6 minutes.
--------------------------------------------------------------

----------------------------------------------------------------------
Time to calculate step (QMpcgrad prepare): 0.000 seconds, 0.0 minutes.
----------------------------------------------------------------------

--------------------------------------------------------------------------
Time to calculate step (linkatomgrad prepare): 0.000 seconds, 0.0 minutes.
--------------------------------------------------------------------------

----------------------------------------------------------------------------
Time to calculate step (QM/MM gradient prepare): 0.000 seconds, 0.0 minutes.
----------------------------------------------------------------------------
Using OpenMM theory as part of QM/MM.
Using MM on full system. Charges for QM region [0, 1, 2, 3, 4, 5, 6, 7, 8, 9, 10, 11, 12, 13, 14, 15, 16, 17, 18, 19, 20, 21, 22, 23] have been set to zero 

--------------------------------------------------------------------------------
                   Creating/updating OpenMM simulation object                   
--------------------------------------------------------------------------------

Integrator name: VerletIntegrator
Timestep: 0.001
Temperature: 300
Coupling frequency: 1
Properties: {'Threads': '1'}
Topology: <Topology; 1 chains, 1 residues, 88 atoms, 0 bonds>

----------------------------------------------------------------------------------
Time to calculate step (creating/updating simulation): 0.002 seconds, 0.0 minutes.
----------------------------------------------------------------------------------

--------------------------------------------------------------------------------
                     Running Single-point OpenMM Interface                      
--------------------------------------------------------------------------------

Number of OpenMM system constraints defined: 0

-----------------------------------------------------------------------------------
Time to calculate step (OpenMMTheory.run: const-check): 0.002 seconds, 0.0 minutes.
-----------------------------------------------------------------------------------
Updating coordinates.

------------------------------------------------------------------------
Time to calculate step (Creating pos array): 0.000 seconds, 0.0 minutes.
------------------------------------------------------------------------

---------------------------------------------------------------------------
Time to calculate step (Updating MM positions): 0.000 seconds, 0.0 minutes.
---------------------------------------------------------------------------
Calling OpenMM getState.

---------------------------------------------------------------------
Time to calculate step (OpenMM getState): 0.001 seconds, 0.0 minutes.
---------------------------------------------------------------------
OpenMM Energy: -2.645806731905837 Eh
OpenMM Energy: -1660.2687908108414 kcal/mol

-----------------------
Ending OpenMM interface
-----------------------

----------------------------------------------------------------
Time to calculate step (OpenMM run): 0.004 seconds, 0.0 minutes.
----------------------------------------------------------------

-------------------------------------------------------------
Time to calculate step (MM step): 0.004 seconds, 0.0 minutes.
-------------------------------------------------------------

Note: You are using electrostatic embedding. This means that the QM-energy is actually the polarized QM-energy
Note: MM energy also contains the QM-MM Lennard-Jones interaction

QM energy:              -836.433889285279 
MM energy:                -2.645806731906
QM/MM energy:           -839.079696017185 

  ------------ENDING QM/MM MODULE------------- 

----------------------------------------------------------------
Time to calculate step (QM/MM run): 96.161 seconds, 1.6 minutes.
----------------------------------------------------------------
geometric called save_guess_files option option for ASHengineclass.
This option is currently unsupported in ASH. Continuing.

Convergence criteria: {'convergence_energy': 1e-05, 'convergence_grms': 0.003, 'convergence_gmax': 0.006, 'convergence_drms': 0.01, 'convergence_dmax': 0.015, 'convergence_cmax': 0.01}

Replacing coordinates in fragment.
Creating/Updating fragment attributes...
Number of Atoms in fragment: 88
Formula: O18N12H38C20
Label: CHHCCOOOCHCHCCHCHCHOHCOOCOOHCNHHNHHNHHCOOHCOOHCNHHNHHNHHCOOHCOOHCNHHNHHNHHCNHHNHHNHHCOOH
Charge: -2 Mult: 1

--------------------------------------------------------------------------------
Wrote XYZ file:  Fragment-currentgeo.xyz
Current geometry (Å) in step 24 (print_atoms_list region)
---------------------------------------------------
        C  57.23670577   35.94217773   60.05124621
        H  57.31731509   36.11373869   59.20395935
        H  57.93493216   36.51910979   60.62379970
        C  56.47174941   34.96210066   60.12858188
        C  56.48912319   34.08880260   61.47158554
        O  57.16379402   34.61309478   62.45879789
        O  55.85542116   32.98659192   61.52364452
        O  55.72716721   34.31485403   59.32459388
        C  56.51578251   33.45954431   58.24854387
        H  56.05296927   32.47736031   58.31407998
        C  57.91277632   33.33485689   58.63264877
        H  58.02521683   32.90935414   59.62412024
        C  59.00499777   33.65815397   57.95504900
        C  58.86442072   34.02637344   56.56259857
        H  59.76312028   34.17126658   55.97624819
        C  57.67223460   34.08840260   56.02100631
        H  57.61038853   34.27785167   54.96536683
        C  56.35569122   34.03753466   56.78401753
        H  56.03742538   35.07882205   56.86711383
        O  55.41371882   33.36203476   55.95827385
        H  54.51469594   33.64388295   56.11315560
        C  60.34824525   33.78236487   58.78270160
        O  60.56812061   32.98746619   59.68768160
        O  61.01282331   34.84662916   58.60998048
        C  64.93960000   33.26550000   44.42870000
        O  66.12342500   33.32727600   44.03216300
        O  64.22831600   32.23811700   44.46125900
        H  64.48162100   34.20135000   44.78146100
        C  57.48340000   32.05040000   67.31550000
        N  57.63397700   32.43562000   66.05144600
        H  57.32346000   33.09812200   66.74770000
        H  57.83014600   31.48058200   66.31511300
        N  57.07450100   32.92280400   68.23234900
        H  57.27067000   31.96776600   68.49601600
        H  57.18884900   33.21534000   67.27242800
        N  57.74172100   30.79277600   67.66270500
        H  57.85607000   31.08531100   66.70278400
        H  57.43120400   31.45527800   68.35895900
        C  57.23480000   27.87720000   45.86430000
        O  58.41862500   27.93897600   45.46776300
        O  56.52351600   26.84981700   45.89685900
        H  56.77682100   28.81305000   46.21706100
        C  70.60420000   27.88010000   55.89570000
        O  71.78802500   27.94187600   55.49916300
        O  69.89291600   26.85271700   55.92825900
        H  70.14622100   28.81595000   56.24846100
        C  56.61970000   24.87390000   63.10710000
        N  56.77027700   25.25912000   61.84304600
        H  56.45976000   25.92162200   62.53930000
        H  56.96644600   24.30408200   62.10671300
        N  56.21080100   25.74630400   64.02394900
        H  56.40697000   24.79126600   64.28761600
        H  56.32514900   26.03884000   63.06402800
        N  56.87802100   23.61627600   63.45430500
        H  56.99237000   23.90881100   62.49438400
        H  56.56750400   24.27877800   64.15055900
        C  67.62720000   26.53280000   48.41340000
        O  68.81102500   26.59457600   48.01686300
        O  66.91591600   25.50541700   48.44595900
        H  67.16922100   27.46865000   48.76616100
        C  67.23540000   23.78030000   55.38840000
        O  68.41922500   23.84207600   54.99186300
        O  66.52411600   22.75291700   55.42095900
        H  66.77742100   24.71615000   55.74116100
        C  52.05360000   26.34030000   62.61070000
        N  52.20417700   26.72552000   61.34664600
        H  51.89366000   27.38802200   62.04290000
        H  52.40034600   25.77048200   61.61031300
        N  51.64470100   27.21270400   63.52754900
        H  51.84087000   26.25766600   63.79121600
        H  51.75904900   27.50524000   62.56762800
        N  52.31192100   25.08267600   62.95790500
        H  52.42627000   25.37521100   61.99798400
        H  52.00140400   25.74517800   63.65415900
        C  60.99040000   38.20210000   66.19070000
        N  61.14097700   38.58732000   64.92664600
        H  60.83046000   39.24982200   65.62290000
        H  61.33714600   37.63228200   65.19031300
        N  60.58150100   39.07450400   67.10754900
        H  60.77767000   38.11946600   67.37121600
        H  60.69584900   39.36704000   66.14762800
        N  61.24872100   36.94447600   66.53790500
        H  61.36307000   37.23701100   65.57798400
        H  60.93820400   37.60697800   67.23415900
        C  60.54270000   22.28810000   53.74910000
        O  61.72652500   22.34987600   53.35256300
        O  59.83141600   21.26071700   53.78165900
        H  60.08472100   23.22395000   54.10186100

Note: printed only print_atoms_list (this is not necessarily all atoms) 
  ------------RUNNING QM/MM MODULE------------- 
QM Module: ORCATheory
MM Module: OpenMMTheory
Charge provided from QMMMTheory object:  -2
Mult provided from QMMMTheory object:  1
QM-region Charge: -2 Mult: 1
Embedding: Electrostatic
Number of pointcharges (to QM program): 64
Number of charge coordinates: 64
Running QM/MM object with 8 cores available

-------------------------------------------------------------------
Time to calculate step (before-QMstep): 0.000 seconds, 0.0 minutes.
-------------------------------------------------------------------
  ------------RUNNING ORCA INTERFACE------------- 
Object-label: ORCA
Run-label: None
Running ORCA with 8 cores available
Moreadfile option not active
A GBW-file with same basename : orca.gbw is present
Autostart is False. ORCA will ignore any file present
Creating inputfile: orca.inp
ORCA input:
! B3LYP D3BJ def2-SVP def2/J RIJCOSX CPCM TightSCF

! Noautostart

%cpcm epsilon 4.0 end
%scf MaxIter 300 Guess PModel end
Charge: -2  Mult: 1
Pointcharge embedding is on!
 ORCA Calculation starting. 
Found warning messages in ORCA outputfile:
WARNING: The chosen methods will break translational/rotational symmetry
 WARNING: The chosen methods will break translational symmetry
 WARNING: The chosen methods will break translational symmetry

 ORCA Calculation done. 
ORCA converged in 14 iterations
ORCA energy: -836.341811690863
  ------------ENDING ORCA-INTERFACE------------- 

---------------------------------------------------------------
Time to calculate step (ORCA run): 96.803 seconds, 1.6 minutes.
---------------------------------------------------------------

--------------------------------------------------------------
Time to calculate step (QM step): 96.803 seconds, 1.6 minutes.
--------------------------------------------------------------

----------------------------------------------------------------------
Time to calculate step (QMpcgrad prepare): 0.000 seconds, 0.0 minutes.
----------------------------------------------------------------------

--------------------------------------------------------------------------
Time to calculate step (linkatomgrad prepare): 0.000 seconds, 0.0 minutes.
--------------------------------------------------------------------------

----------------------------------------------------------------------------
Time to calculate step (QM/MM gradient prepare): 0.000 seconds, 0.0 minutes.
----------------------------------------------------------------------------
Using OpenMM theory as part of QM/MM.
Using MM on full system. Charges for QM region [0, 1, 2, 3, 4, 5, 6, 7, 8, 9, 10, 11, 12, 13, 14, 15, 16, 17, 18, 19, 20, 21, 22, 23] have been set to zero 

--------------------------------------------------------------------------------
                   Creating/updating OpenMM simulation object                   
--------------------------------------------------------------------------------

Integrator name: VerletIntegrator
Timestep: 0.001
Temperature: 300
Coupling frequency: 1
Properties: {'Threads': '1'}
Topology: <Topology; 1 chains, 1 residues, 88 atoms, 0 bonds>

----------------------------------------------------------------------------------
Time to calculate step (creating/updating simulation): 0.002 seconds, 0.0 minutes.
----------------------------------------------------------------------------------

--------------------------------------------------------------------------------
                     Running Single-point OpenMM Interface                      
--------------------------------------------------------------------------------

Number of OpenMM system constraints defined: 0

-----------------------------------------------------------------------------------
Time to calculate step (OpenMMTheory.run: const-check): 0.002 seconds, 0.0 minutes.
-----------------------------------------------------------------------------------
Updating coordinates.

------------------------------------------------------------------------
Time to calculate step (Creating pos array): 0.000 seconds, 0.0 minutes.
------------------------------------------------------------------------

---------------------------------------------------------------------------
Time to calculate step (Updating MM positions): 0.000 seconds, 0.0 minutes.
---------------------------------------------------------------------------
Calling OpenMM getState.

---------------------------------------------------------------------
Time to calculate step (OpenMM getState): 0.000 seconds, 0.0 minutes.
---------------------------------------------------------------------
OpenMM Energy: -2.6459541502184734 Eh
OpenMM Energy: -1660.3612971986709 kcal/mol

-----------------------
Ending OpenMM interface
-----------------------

----------------------------------------------------------------
Time to calculate step (OpenMM run): 0.004 seconds, 0.0 minutes.
----------------------------------------------------------------

-------------------------------------------------------------
Time to calculate step (MM step): 0.004 seconds, 0.0 minutes.
-------------------------------------------------------------

Note: You are using electrostatic embedding. This means that the QM-energy is actually the polarized QM-energy
Note: MM energy also contains the QM-MM Lennard-Jones interaction

QM energy:              -836.341811690863 
MM energy:                -2.645954150218
QM/MM energy:           -838.987765841081 

  ------------ENDING QM/MM MODULE------------- 

----------------------------------------------------------------
Time to calculate step (QM/MM run): 96.807 seconds, 1.6 minutes.
----------------------------------------------------------------
geometric called load_guess_files option for ASHengineclass.
This option is currently unsupported in ASH. Continuing.

Convergence criteria: {'convergence_energy': 1e-05, 'convergence_grms': 0.003, 'convergence_gmax': 0.006, 'convergence_drms': 0.01, 'convergence_dmax': 0.015, 'convergence_cmax': 0.01}

Replacing coordinates in fragment.
Creating/Updating fragment attributes...
Number of Atoms in fragment: 88
Formula: O18N12H38C20
Label: CHHCCOOOCHCHCCHCHCHOHCOOCOOHCNHHNHHNHHCOOHCOOHCNHHNHHNHHCOOHCOOHCNHHNHHNHHCNHHNHHNHHCOOH
Charge: -2 Mult: 1

--------------------------------------------------------------------------------
Wrote XYZ file:  Fragment-currentgeo.xyz
Current geometry (Å) in step 25 (print_atoms_list region)
---------------------------------------------------
        C  57.43398796   35.88593642   59.76823950
        H  57.54603885   36.02464207   58.88324662
        H  58.10946186   36.44524465   60.41098686
        C  56.62043303   34.95306409   59.90689483
        C  56.57164881   34.25205992   61.31869373
        O  57.27294453   34.76932441   62.28509447
        O  55.83187222   33.24823864   61.43743263
        O  55.82135163   34.28680100   59.17072434
        C  56.57709802   33.41897208   58.08588008
        H  56.08152141   32.45332852   58.15642013
        C  57.98218765   33.25202315   58.43128512
        H  58.12599390   32.83286303   59.42202928
        C  59.05452746   33.56834591   57.71792199
        C  58.88364668   33.95786285   56.33282087
        H  59.76861083   34.09661246   55.72295145
        C  57.67662942   34.05821005   55.82357967
        H  57.58082482   34.27214958   54.77325119
        C  56.38747631   33.99054977   56.62206103
        H  56.04200769   35.02525806   56.71182756
        O  55.44914725   33.27950124   55.82723984
        H  54.55919683   33.49559079   56.06930300
        C  60.41060714   33.69355722   58.50057437
        O  60.66645347   32.89020633   59.39168409
        O  61.04708135   34.76265785   58.29706582
        C  64.93960000   33.26550000   44.42870000
        O  66.12342500   33.32727600   44.03216300
        O  64.22831600   32.23811700   44.46125900
        H  64.48162100   34.20135000   44.78146100
        C  57.48340000   32.05040000   67.31550000
        N  57.63397700   32.43562000   66.05144600
        H  57.32346000   33.09812200   66.74770000
        H  57.83014600   31.48058200   66.31511300
        N  57.07450100   32.92280400   68.23234900
        H  57.27067000   31.96776600   68.49601600
        H  57.18884900   33.21534000   67.27242800
        N  57.74172100   30.79277600   67.66270500
        H  57.85607000   31.08531100   66.70278400
        H  57.43120400   31.45527800   68.35895900
        C  57.23480000   27.87720000   45.86430000
        O  58.41862500   27.93897600   45.46776300
        O  56.52351600   26.84981700   45.89685900
        H  56.77682100   28.81305000   46.21706100
        C  70.60420000   27.88010000   55.89570000
        O  71.78802500   27.94187600   55.49916300
        O  69.89291600   26.85271700   55.92825900
        H  70.14622100   28.81595000   56.24846100
        C  56.61970000   24.87390000   63.10710000
        N  56.77027700   25.25912000   61.84304600
        H  56.45976000   25.92162200   62.53930000
        H  56.96644600   24.30408200   62.10671300
        N  56.21080100   25.74630400   64.02394900
        H  56.40697000   24.79126600   64.28761600
        H  56.32514900   26.03884000   63.06402800
        N  56.87802100   23.61627600   63.45430500
        H  56.99237000   23.90881100   62.49438400
        H  56.56750400   24.27877800   64.15055900
        C  67.62720000   26.53280000   48.41340000
        O  68.81102500   26.59457600   48.01686300
        O  66.91591600   25.50541700   48.44595900
        H  67.16922100   27.46865000   48.76616100
        C  67.23540000   23.78030000   55.38840000
        O  68.41922500   23.84207600   54.99186300
        O  66.52411600   22.75291700   55.42095900
        H  66.77742100   24.71615000   55.74116100
        C  52.05360000   26.34030000   62.61070000
        N  52.20417700   26.72552000   61.34664600
        H  51.89366000   27.38802200   62.04290000
        H  52.40034600   25.77048200   61.61031300
        N  51.64470100   27.21270400   63.52754900
        H  51.84087000   26.25766600   63.79121600
        H  51.75904900   27.50524000   62.56762800
        N  52.31192100   25.08267600   62.95790500
        H  52.42627000   25.37521100   61.99798400
        H  52.00140400   25.74517800   63.65415900
        C  60.99040000   38.20210000   66.19070000
        N  61.14097700   38.58732000   64.92664600
        H  60.83046000   39.24982200   65.62290000
        H  61.33714600   37.63228200   65.19031300
        N  60.58150100   39.07450400   67.10754900
        H  60.77767000   38.11946600   67.37121600
        H  60.69584900   39.36704000   66.14762800
        N  61.24872100   36.94447600   66.53790500
        H  61.36307000   37.23701100   65.57798400
        H  60.93820400   37.60697800   67.23415900
        C  60.54270000   22.28810000   53.74910000
        O  61.72652500   22.34987600   53.35256300
        O  59.83141600   21.26071700   53.78165900
        H  60.08472100   23.22395000   54.10186100

Note: printed only print_atoms_list (this is not necessarily all atoms) 
  ------------RUNNING QM/MM MODULE------------- 
QM Module: ORCATheory
MM Module: OpenMMTheory
Charge provided from QMMMTheory object:  -2
Mult provided from QMMMTheory object:  1
QM-region Charge: -2 Mult: 1
Embedding: Electrostatic
Number of pointcharges (to QM program): 64
Number of charge coordinates: 64
Running QM/MM object with 8 cores available

-------------------------------------------------------------------
Time to calculate step (before-QMstep): 0.000 seconds, 0.0 minutes.
-------------------------------------------------------------------
  ------------RUNNING ORCA INTERFACE------------- 
Object-label: ORCA
Run-label: None
Running ORCA with 8 cores available
Moreadfile option not active
A GBW-file with same basename : orca.gbw is present
Autostart is False. ORCA will ignore any file present
Creating inputfile: orca.inp
ORCA input:
! B3LYP D3BJ def2-SVP def2/J RIJCOSX CPCM TightSCF

! Noautostart

%cpcm epsilon 4.0 end
%scf MaxIter 300 Guess PModel end
Charge: -2  Mult: 1
Pointcharge embedding is on!
 ORCA Calculation starting. 
Found warning messages in ORCA outputfile:
WARNING: The chosen methods will break translational/rotational symmetry
 WARNING: The chosen methods will break translational symmetry
 WARNING: The chosen methods will break translational symmetry

 ORCA Calculation done. 
ORCA converged in 14 iterations
ORCA energy: -836.357551926352
  ------------ENDING ORCA-INTERFACE------------- 

---------------------------------------------------------------
Time to calculate step (ORCA run): 98.016 seconds, 1.6 minutes.
---------------------------------------------------------------

--------------------------------------------------------------
Time to calculate step (QM step): 98.016 seconds, 1.6 minutes.
--------------------------------------------------------------

----------------------------------------------------------------------
Time to calculate step (QMpcgrad prepare): 0.000 seconds, 0.0 minutes.
----------------------------------------------------------------------

--------------------------------------------------------------------------
Time to calculate step (linkatomgrad prepare): 0.000 seconds, 0.0 minutes.
--------------------------------------------------------------------------

----------------------------------------------------------------------------
Time to calculate step (QM/MM gradient prepare): 0.000 seconds, 0.0 minutes.
----------------------------------------------------------------------------
Using OpenMM theory as part of QM/MM.
Using MM on full system. Charges for QM region [0, 1, 2, 3, 4, 5, 6, 7, 8, 9, 10, 11, 12, 13, 14, 15, 16, 17, 18, 19, 20, 21, 22, 23] have been set to zero 

--------------------------------------------------------------------------------
                   Creating/updating OpenMM simulation object                   
--------------------------------------------------------------------------------

Integrator name: VerletIntegrator
Timestep: 0.001
Temperature: 300
Coupling frequency: 1
Properties: {'Threads': '1'}
Topology: <Topology; 1 chains, 1 residues, 88 atoms, 0 bonds>

----------------------------------------------------------------------------------
Time to calculate step (creating/updating simulation): 0.002 seconds, 0.0 minutes.
----------------------------------------------------------------------------------

--------------------------------------------------------------------------------
                     Running Single-point OpenMM Interface                      
--------------------------------------------------------------------------------

Number of OpenMM system constraints defined: 0

-----------------------------------------------------------------------------------
Time to calculate step (OpenMMTheory.run: const-check): 0.002 seconds, 0.0 minutes.
-----------------------------------------------------------------------------------
Updating coordinates.

------------------------------------------------------------------------
Time to calculate step (Creating pos array): 0.000 seconds, 0.0 minutes.
------------------------------------------------------------------------

---------------------------------------------------------------------------
Time to calculate step (Updating MM positions): 0.000 seconds, 0.0 minutes.
---------------------------------------------------------------------------
Calling OpenMM getState.

---------------------------------------------------------------------
Time to calculate step (OpenMM getState): 0.000 seconds, 0.0 minutes.
---------------------------------------------------------------------
OpenMM Energy: -2.6458371858037433 Eh
OpenMM Energy: -1660.2879009202995 kcal/mol

-----------------------
Ending OpenMM interface
-----------------------

----------------------------------------------------------------
Time to calculate step (OpenMM run): 0.004 seconds, 0.0 minutes.
----------------------------------------------------------------

-------------------------------------------------------------
Time to calculate step (MM step): 0.004 seconds, 0.0 minutes.
-------------------------------------------------------------

Note: You are using electrostatic embedding. This means that the QM-energy is actually the polarized QM-energy
Note: MM energy also contains the QM-MM Lennard-Jones interaction

QM energy:              -836.357551926352 
MM energy:                -2.645837185804
QM/MM energy:           -839.003389112156 

  ------------ENDING QM/MM MODULE------------- 

----------------------------------------------------------------
Time to calculate step (QM/MM run): 98.020 seconds, 1.6 minutes.
----------------------------------------------------------------
geometric called load_guess_files option for ASHengineclass.
This option is currently unsupported in ASH. Continuing.

Convergence criteria: {'convergence_energy': 1e-05, 'convergence_grms': 0.003, 'convergence_gmax': 0.006, 'convergence_drms': 0.01, 'convergence_dmax': 0.015, 'convergence_cmax': 0.01}

Replacing coordinates in fragment.
Creating/Updating fragment attributes...
Number of Atoms in fragment: 88
Formula: O18N12H38C20
Label: CHHCCOOOCHCHCCHCHCHOHCOOCOOHCNHHNHHNHHCOOHCOOHCNHHNHHNHHCOOHCOOHCNHHNHHNHHCNHHNHHNHHCOOH
Charge: -2 Mult: 1

--------------------------------------------------------------------------------
Wrote XYZ file:  Fragment-currentgeo.xyz
Current geometry (Å) in step 26 (print_atoms_list region)
---------------------------------------------------
        C  57.53384538   35.86724661   59.59635173
        H  57.61762572   36.07413645   58.65280358
        H  58.24760462   36.35876489   60.24419483
        C  56.69582187   34.93109876   59.82506461
        C  56.60836777   34.33325873   61.26756034
        O  57.35397202   34.84548886   62.18009311
        O  55.79951618   33.40093274   61.46099989
        O  55.89050892   34.29629009   59.00773506
        C  56.61262822   33.41320369   57.95700013
        H  56.07673207   32.46236816   58.02671426
        C  58.02333690   33.21643911   58.31522649
        H  58.18844283   32.81373105   59.31334689
        C  59.08973799   33.52847432   57.57659864
        C  58.90564681   33.91341983   56.18269551
        H  59.78949572   34.03843306   55.56087452
        C  57.68614143   34.02969233   55.67453337
        H  57.56546468   34.24688153   54.61920329
        C  56.41360520   33.96353313   56.49485429
        H  56.05462135   35.00102310   56.58068362
        O  55.46119552   33.21924599   55.74771327
        H  54.58586793   33.40887049   56.06992625
        C  60.45300693   33.64962491   58.31638151
        O  60.75287509   32.80390812   59.16545218
        O  61.05226297   34.73390755   58.09938017
        C  64.93960000   33.26550000   44.42870000
        O  66.12342500   33.32727600   44.03216300
        O  64.22831600   32.23811700   44.46125900
        H  64.48162100   34.20135000   44.78146100
        C  57.48340000   32.05040000   67.31550000
        N  57.63397700   32.43562000   66.05144600
        H  57.32346000   33.09812200   66.74770000
        H  57.83014600   31.48058200   66.31511300
        N  57.07450100   32.92280400   68.23234900
        H  57.27067000   31.96776600   68.49601600
        H  57.18884900   33.21534000   67.27242800
        N  57.74172100   30.79277600   67.66270500
        H  57.85607000   31.08531100   66.70278400
        H  57.43120400   31.45527800   68.35895900
        C  57.23480000   27.87720000   45.86430000
        O  58.41862500   27.93897600   45.46776300
        O  56.52351600   26.84981700   45.89685900
        H  56.77682100   28.81305000   46.21706100
        C  70.60420000   27.88010000   55.89570000
        O  71.78802500   27.94187600   55.49916300
        O  69.89291600   26.85271700   55.92825900
        H  70.14622100   28.81595000   56.24846100
        C  56.61970000   24.87390000   63.10710000
        N  56.77027700   25.25912000   61.84304600
        H  56.45976000   25.92162200   62.53930000
        H  56.96644600   24.30408200   62.10671300
        N  56.21080100   25.74630400   64.02394900
        H  56.40697000   24.79126600   64.28761600
        H  56.32514900   26.03884000   63.06402800
        N  56.87802100   23.61627600   63.45430500
        H  56.99237000   23.90881100   62.49438400
        H  56.56750400   24.27877800   64.15055900
        C  67.62720000   26.53280000   48.41340000
        O  68.81102500   26.59457600   48.01686300
        O  66.91591600   25.50541700   48.44595900
        H  67.16922100   27.46865000   48.76616100
        C  67.23540000   23.78030000   55.38840000
        O  68.41922500   23.84207600   54.99186300
        O  66.52411600   22.75291700   55.42095900
        H  66.77742100   24.71615000   55.74116100
        C  52.05360000   26.34030000   62.61070000
        N  52.20417700   26.72552000   61.34664600
        H  51.89366000   27.38802200   62.04290000
        H  52.40034600   25.77048200   61.61031300
        N  51.64470100   27.21270400   63.52754900
        H  51.84087000   26.25766600   63.79121600
        H  51.75904900   27.50524000   62.56762800
        N  52.31192100   25.08267600   62.95790500
        H  52.42627000   25.37521100   61.99798400
        H  52.00140400   25.74517800   63.65415900
        C  60.99040000   38.20210000   66.19070000
        N  61.14097700   38.58732000   64.92664600
        H  60.83046000   39.24982200   65.62290000
        H  61.33714600   37.63228200   65.19031300
        N  60.58150100   39.07450400   67.10754900
        H  60.77767000   38.11946600   67.37121600
        H  60.69584900   39.36704000   66.14762800
        N  61.24872100   36.94447600   66.53790500
        H  61.36307000   37.23701100   65.57798400
        H  60.93820400   37.60697800   67.23415900
        C  60.54270000   22.28810000   53.74910000
        O  61.72652500   22.34987600   53.35256300
        O  59.83141600   21.26071700   53.78165900
        H  60.08472100   23.22395000   54.10186100

Note: printed only print_atoms_list (this is not necessarily all atoms) 
  ------------RUNNING QM/MM MODULE------------- 
QM Module: ORCATheory
MM Module: OpenMMTheory
Charge provided from QMMMTheory object:  -2
Mult provided from QMMMTheory object:  1
QM-region Charge: -2 Mult: 1
Embedding: Electrostatic
Number of pointcharges (to QM program): 64
Number of charge coordinates: 64
Running QM/MM object with 8 cores available

-------------------------------------------------------------------
Time to calculate step (before-QMstep): 0.000 seconds, 0.0 minutes.
-------------------------------------------------------------------
  ------------RUNNING ORCA INTERFACE------------- 
Object-label: ORCA
Run-label: None
Running ORCA with 8 cores available
Moreadfile option not active
A GBW-file with same basename : orca.gbw is present
Autostart is False. ORCA will ignore any file present
Creating inputfile: orca.inp
ORCA input:
! B3LYP D3BJ def2-SVP def2/J RIJCOSX CPCM TightSCF

! Noautostart

%cpcm epsilon 4.0 end
%scf MaxIter 300 Guess PModel end
Charge: -2  Mult: 1
Pointcharge embedding is on!
 ORCA Calculation starting. 
Found warning messages in ORCA outputfile:
WARNING: The chosen methods will break translational/rotational symmetry
 WARNING: The chosen methods will break translational symmetry
 WARNING: The chosen methods will break translational symmetry

 ORCA Calculation done. 
ORCA converged in 12 iterations
ORCA energy: -836.409665743905
  ------------ENDING ORCA-INTERFACE------------- 

---------------------------------------------------------------
Time to calculate step (ORCA run): 92.460 seconds, 1.5 minutes.
---------------------------------------------------------------

--------------------------------------------------------------
Time to calculate step (QM step): 92.460 seconds, 1.5 minutes.
--------------------------------------------------------------

----------------------------------------------------------------------
Time to calculate step (QMpcgrad prepare): 0.000 seconds, 0.0 minutes.
----------------------------------------------------------------------

--------------------------------------------------------------------------
Time to calculate step (linkatomgrad prepare): 0.000 seconds, 0.0 minutes.
--------------------------------------------------------------------------

----------------------------------------------------------------------------
Time to calculate step (QM/MM gradient prepare): 0.000 seconds, 0.0 minutes.
----------------------------------------------------------------------------
Using OpenMM theory as part of QM/MM.
Using MM on full system. Charges for QM region [0, 1, 2, 3, 4, 5, 6, 7, 8, 9, 10, 11, 12, 13, 14, 15, 16, 17, 18, 19, 20, 21, 22, 23] have been set to zero 

--------------------------------------------------------------------------------
                   Creating/updating OpenMM simulation object                   
--------------------------------------------------------------------------------

Integrator name: VerletIntegrator
Timestep: 0.001
Temperature: 300
Coupling frequency: 1
Properties: {'Threads': '1'}
Topology: <Topology; 1 chains, 1 residues, 88 atoms, 0 bonds>

----------------------------------------------------------------------------------
Time to calculate step (creating/updating simulation): 0.002 seconds, 0.0 minutes.
----------------------------------------------------------------------------------

--------------------------------------------------------------------------------
                     Running Single-point OpenMM Interface                      
--------------------------------------------------------------------------------

Number of OpenMM system constraints defined: 0

-----------------------------------------------------------------------------------
Time to calculate step (OpenMMTheory.run: const-check): 0.002 seconds, 0.0 minutes.
-----------------------------------------------------------------------------------
Updating coordinates.

------------------------------------------------------------------------
Time to calculate step (Creating pos array): 0.000 seconds, 0.0 minutes.
------------------------------------------------------------------------

---------------------------------------------------------------------------
Time to calculate step (Updating MM positions): 0.000 seconds, 0.0 minutes.
---------------------------------------------------------------------------
Calling OpenMM getState.

---------------------------------------------------------------------
Time to calculate step (OpenMM getState): 0.000 seconds, 0.0 minutes.
---------------------------------------------------------------------
OpenMM Energy: -2.645786980088244 Eh
OpenMM Energy: -1660.2563963581717 kcal/mol

-----------------------
Ending OpenMM interface
-----------------------

----------------------------------------------------------------
Time to calculate step (OpenMM run): 0.003 seconds, 0.0 minutes.
----------------------------------------------------------------

-------------------------------------------------------------
Time to calculate step (MM step): 0.004 seconds, 0.0 minutes.
-------------------------------------------------------------

Note: You are using electrostatic embedding. This means that the QM-energy is actually the polarized QM-energy
Note: MM energy also contains the QM-MM Lennard-Jones interaction

QM energy:              -836.409665743905 
MM energy:                -2.645786980088
QM/MM energy:           -839.055452723993 

  ------------ENDING QM/MM MODULE------------- 

----------------------------------------------------------------
Time to calculate step (QM/MM run): 92.464 seconds, 1.5 minutes.
----------------------------------------------------------------
geometric called load_guess_files option for ASHengineclass.
This option is currently unsupported in ASH. Continuing.

Convergence criteria: {'convergence_energy': 1e-05, 'convergence_grms': 0.003, 'convergence_gmax': 0.006, 'convergence_drms': 0.01, 'convergence_dmax': 0.015, 'convergence_cmax': 0.01}

Replacing coordinates in fragment.
Creating/Updating fragment attributes...
Number of Atoms in fragment: 88
Formula: O18N12H38C20
Label: CHHCCOOOCHCHCCHCHCHOHCOOCOOHCNHHNHHNHHCOOHCOOHCNHHNHHNHHCOOHCOOHCNHHNHHNHHCNHHNHHNHHCOOH
Charge: -2 Mult: 1

--------------------------------------------------------------------------------
Wrote XYZ file:  Fragment-currentgeo.xyz
Current geometry (Å) in step 27 (print_atoms_list region)
---------------------------------------------------
        C  57.53222284   35.87935234   59.55896805
        H  57.55839857   36.19120069   58.57599099
        H  58.30059550   36.28783102   60.19698927
        C  56.69650995   34.90896543   59.84851470
        C  56.60410688   34.32631315   61.29742327
        O  57.37498571   34.83838963   62.17343841
        O  55.77559713   33.41194662   61.53292738
        O  55.90733647   34.32467989   58.92487364
        C  56.61644154   33.42798119   57.91424984
        H  56.05644642   32.48404915   57.97955922
        C  58.02903702   33.22443463   58.30588173
        H  58.19848036   32.83207810   59.31077147
        C  59.10085893   33.53632995   57.56086519
        C  58.91942734   33.90550200   56.15445250
        H  59.80949226   34.01808800   55.53252830
        C  57.69466487   34.01846786   55.62983167
        H  57.56638802   34.22625354   54.56654622
        C  56.42427084   33.96057819   56.45331783
        H  56.06420721   35.00350398   56.53212855
        O  55.45597987   33.20077847   55.73784461
        H  54.58642305   33.40402101   56.09417499
        C  60.46570499   33.65372450   58.27979047
        O  60.79006710   32.76929000   59.09234012
        O  61.04378315   34.74792635   58.06318221
        C  64.93960000   33.26550000   44.42870000
        O  66.12342500   33.32727600   44.03216300
        O  64.22831600   32.23811700   44.46125900
        H  64.48162100   34.20135000   44.78146100
        C  57.48340000   32.05040000   67.31550000
        N  57.63397700   32.43562000   66.05144600
        H  57.32346000   33.09812200   66.74770000
        H  57.83014600   31.48058200   66.31511300
        N  57.07450100   32.92280400   68.23234900
        H  57.27067000   31.96776600   68.49601600
        H  57.18884900   33.21534000   67.27242800
        N  57.74172100   30.79277600   67.66270500
        H  57.85607000   31.08531100   66.70278400
        H  57.43120400   31.45527800   68.35895900
        C  57.23480000   27.87720000   45.86430000
        O  58.41862500   27.93897600   45.46776300
        O  56.52351600   26.84981700   45.89685900
        H  56.77682100   28.81305000   46.21706100
        C  70.60420000   27.88010000   55.89570000
        O  71.78802500   27.94187600   55.49916300
        O  69.89291600   26.85271700   55.92825900
        H  70.14622100   28.81595000   56.24846100
        C  56.61970000   24.87390000   63.10710000
        N  56.77027700   25.25912000   61.84304600
        H  56.45976000   25.92162200   62.53930000
        H  56.96644600   24.30408200   62.10671300
        N  56.21080100   25.74630400   64.02394900
        H  56.40697000   24.79126600   64.28761600
        H  56.32514900   26.03884000   63.06402800
        N  56.87802100   23.61627600   63.45430500
        H  56.99237000   23.90881100   62.49438400
        H  56.56750400   24.27877800   64.15055900
        C  67.62720000   26.53280000   48.41340000
        O  68.81102500   26.59457600   48.01686300
        O  66.91591600   25.50541700   48.44595900
        H  67.16922100   27.46865000   48.76616100
        C  67.23540000   23.78030000   55.38840000
        O  68.41922500   23.84207600   54.99186300
        O  66.52411600   22.75291700   55.42095900
        H  66.77742100   24.71615000   55.74116100
        C  52.05360000   26.34030000   62.61070000
        N  52.20417700   26.72552000   61.34664600
        H  51.89366000   27.38802200   62.04290000
        H  52.40034600   25.77048200   61.61031300
        N  51.64470100   27.21270400   63.52754900
        H  51.84087000   26.25766600   63.79121600
        H  51.75904900   27.50524000   62.56762800
        N  52.31192100   25.08267600   62.95790500
        H  52.42627000   25.37521100   61.99798400
        H  52.00140400   25.74517800   63.65415900
        C  60.99040000   38.20210000   66.19070000
        N  61.14097700   38.58732000   64.92664600
        H  60.83046000   39.24982200   65.62290000
        H  61.33714600   37.63228200   65.19031300
        N  60.58150100   39.07450400   67.10754900
        H  60.77767000   38.11946600   67.37121600
        H  60.69584900   39.36704000   66.14762800
        N  61.24872100   36.94447600   66.53790500
        H  61.36307000   37.23701100   65.57798400
        H  60.93820400   37.60697800   67.23415900
        C  60.54270000   22.28810000   53.74910000
        O  61.72652500   22.34987600   53.35256300
        O  59.83141600   21.26071700   53.78165900
        H  60.08472100   23.22395000   54.10186100

Note: printed only print_atoms_list (this is not necessarily all atoms) 
  ------------RUNNING QM/MM MODULE------------- 
QM Module: ORCATheory
MM Module: OpenMMTheory
Charge provided from QMMMTheory object:  -2
Mult provided from QMMMTheory object:  1
QM-region Charge: -2 Mult: 1
Embedding: Electrostatic
Number of pointcharges (to QM program): 64
Number of charge coordinates: 64
Running QM/MM object with 8 cores available

-------------------------------------------------------------------
Time to calculate step (before-QMstep): 0.000 seconds, 0.0 minutes.
-------------------------------------------------------------------
  ------------RUNNING ORCA INTERFACE------------- 
Object-label: ORCA
Run-label: None
Running ORCA with 8 cores available
Moreadfile option not active
A GBW-file with same basename : orca.gbw is present
Autostart is False. ORCA will ignore any file present
Creating inputfile: orca.inp
ORCA input:
! B3LYP D3BJ def2-SVP def2/J RIJCOSX CPCM TightSCF

! Noautostart

%cpcm epsilon 4.0 end
%scf MaxIter 300 Guess PModel end
Charge: -2  Mult: 1
Pointcharge embedding is on!
 ORCA Calculation starting. 
Found warning messages in ORCA outputfile:
WARNING: The chosen methods will break translational/rotational symmetry
 WARNING: The chosen methods will break translational symmetry
 WARNING: The chosen methods will break translational symmetry

 ORCA Calculation done. 
ORCA converged in 14 iterations
ORCA energy: -836.43424959402
  ------------ENDING ORCA-INTERFACE------------- 

----------------------------------------------------------------
Time to calculate step (ORCA run): 104.677 seconds, 1.7 minutes.
----------------------------------------------------------------

---------------------------------------------------------------
Time to calculate step (QM step): 104.677 seconds, 1.7 minutes.
---------------------------------------------------------------

----------------------------------------------------------------------
Time to calculate step (QMpcgrad prepare): 0.000 seconds, 0.0 minutes.
----------------------------------------------------------------------

--------------------------------------------------------------------------
Time to calculate step (linkatomgrad prepare): 0.000 seconds, 0.0 minutes.
--------------------------------------------------------------------------

----------------------------------------------------------------------------
Time to calculate step (QM/MM gradient prepare): 0.000 seconds, 0.0 minutes.
----------------------------------------------------------------------------
Using OpenMM theory as part of QM/MM.
Using MM on full system. Charges for QM region [0, 1, 2, 3, 4, 5, 6, 7, 8, 9, 10, 11, 12, 13, 14, 15, 16, 17, 18, 19, 20, 21, 22, 23] have been set to zero 

--------------------------------------------------------------------------------
                   Creating/updating OpenMM simulation object                   
--------------------------------------------------------------------------------

Integrator name: VerletIntegrator
Timestep: 0.001
Temperature: 300
Coupling frequency: 1
Properties: {'Threads': '1'}
Topology: <Topology; 1 chains, 1 residues, 88 atoms, 0 bonds>

----------------------------------------------------------------------------------
Time to calculate step (creating/updating simulation): 0.002 seconds, 0.0 minutes.
----------------------------------------------------------------------------------

--------------------------------------------------------------------------------
                     Running Single-point OpenMM Interface                      
--------------------------------------------------------------------------------

Number of OpenMM system constraints defined: 0

-----------------------------------------------------------------------------------
Time to calculate step (OpenMMTheory.run: const-check): 0.002 seconds, 0.0 minutes.
-----------------------------------------------------------------------------------
Updating coordinates.

------------------------------------------------------------------------
Time to calculate step (Creating pos array): 0.000 seconds, 0.0 minutes.
------------------------------------------------------------------------

---------------------------------------------------------------------------
Time to calculate step (Updating MM positions): 0.000 seconds, 0.0 minutes.
---------------------------------------------------------------------------
Calling OpenMM getState.

---------------------------------------------------------------------
Time to calculate step (OpenMM getState): 0.000 seconds, 0.0 minutes.
---------------------------------------------------------------------
OpenMM Energy: -2.6457917774775708 Eh
OpenMM Energy: -1660.259406765425 kcal/mol

-----------------------
Ending OpenMM interface
-----------------------

----------------------------------------------------------------
Time to calculate step (OpenMM run): 0.004 seconds, 0.0 minutes.
----------------------------------------------------------------

-------------------------------------------------------------
Time to calculate step (MM step): 0.004 seconds, 0.0 minutes.
-------------------------------------------------------------

Note: You are using electrostatic embedding. This means that the QM-energy is actually the polarized QM-energy
Note: MM energy also contains the QM-MM Lennard-Jones interaction

QM energy:              -836.434249594020 
MM energy:                -2.645791777478
QM/MM energy:           -839.080041371498 

  ------------ENDING QM/MM MODULE------------- 

-----------------------------------------------------------------
Time to calculate step (QM/MM run): 104.682 seconds, 1.7 minutes.
-----------------------------------------------------------------
geometric called save_guess_files option option for ASHengineclass.
This option is currently unsupported in ASH. Continuing.
geometric called clearCalcs option for ASHengineclass.
This option is currently unsupported in ASH. Continuing.

Convergence criteria: {'convergence_energy': 1e-05, 'convergence_grms': 0.003, 'convergence_gmax': 0.006, 'convergence_drms': 0.01, 'convergence_dmax': 0.015, 'convergence_cmax': 0.01}

Replacing coordinates in fragment.
Creating/Updating fragment attributes...
Number of Atoms in fragment: 88
Formula: O18N12H38C20
Label: CHHCCOOOCHCHCCHCHCHOHCOOCOOHCNHHNHHNHHCOOHCOOHCNHHNHHNHHCOOHCOOHCNHHNHHNHHCNHHNHHNHHCOOH
Charge: -2 Mult: 1

--------------------------------------------------------------------------------
Wrote XYZ file:  Fragment-currentgeo.xyz
Current geometry (Å) in step 28 (print_atoms_list region)
---------------------------------------------------
        C  57.52255605   35.87788213   59.59311996
        H  57.54126048   36.23138848   58.55974120
        H  58.30544064   36.29293880   60.18455095
        C  56.68678422   34.88538471   59.91362835
        C  56.59273532   34.32332487   61.31724811
        O  57.37852563   34.83862697   62.14117223
        O  55.76968029   33.41486596   61.55843529
        O  55.95409758   34.30618874   58.90500755
        C  56.61913712   33.42901979   57.89943894
        H  56.04578949   32.48852101   57.96788536
        C  58.02846021   33.21889320   58.30876720
        H  58.19851167   32.83006371   59.31450146
        C  59.10235480   33.53383285   57.56304810
        C  58.92069906   33.90450852   56.15623888
        H  59.81006162   34.01975736   55.53335769
        C  57.69355359   34.01762633   55.62798756
        H  57.56292187   34.22696208   54.56444136
        C  56.42641205   33.96081837   56.44966981
        H  56.06895921   35.00744811   56.53185003
        O  55.45500169   33.20124735   55.73958627
        H  54.58805357   33.40577483   56.09756311
        C  60.46194423   33.65431744   58.28257569
        O  60.78325359   32.76270244   59.09774689
        O  61.03868581   34.75317636   58.06528226
        C  64.93960000   33.26550000   44.42870000
        O  66.12342500   33.32727600   44.03216300
        O  64.22831600   32.23811700   44.46125900
        H  64.48162100   34.20135000   44.78146100
        C  57.48340000   32.05040000   67.31550000
        N  57.63397700   32.43562000   66.05144600
        H  57.32346000   33.09812200   66.74770000
        H  57.83014600   31.48058200   66.31511300
        N  57.07450100   32.92280400   68.23234900
        H  57.27067000   31.96776600   68.49601600
        H  57.18884900   33.21534000   67.27242800
        N  57.74172100   30.79277600   67.66270500
        H  57.85607000   31.08531100   66.70278400
        H  57.43120400   31.45527800   68.35895900
        C  57.23480000   27.87720000   45.86430000
        O  58.41862500   27.93897600   45.46776300
        O  56.52351600   26.84981700   45.89685900
        H  56.77682100   28.81305000   46.21706100
        C  70.60420000   27.88010000   55.89570000
        O  71.78802500   27.94187600   55.49916300
        O  69.89291600   26.85271700   55.92825900
        H  70.14622100   28.81595000   56.24846100
        C  56.61970000   24.87390000   63.10710000
        N  56.77027700   25.25912000   61.84304600
        H  56.45976000   25.92162200   62.53930000
        H  56.96644600   24.30408200   62.10671300
        N  56.21080100   25.74630400   64.02394900
        H  56.40697000   24.79126600   64.28761600
        H  56.32514900   26.03884000   63.06402800
        N  56.87802100   23.61627600   63.45430500
        H  56.99237000   23.90881100   62.49438400
        H  56.56750400   24.27877800   64.15055900
        C  67.62720000   26.53280000   48.41340000
        O  68.81102500   26.59457600   48.01686300
        O  66.91591600   25.50541700   48.44595900
        H  67.16922100   27.46865000   48.76616100
        C  67.23540000   23.78030000   55.38840000
        O  68.41922500   23.84207600   54.99186300
        O  66.52411600   22.75291700   55.42095900
        H  66.77742100   24.71615000   55.74116100
        C  52.05360000   26.34030000   62.61070000
        N  52.20417700   26.72552000   61.34664600
        H  51.89366000   27.38802200   62.04290000
        H  52.40034600   25.77048200   61.61031300
        N  51.64470100   27.21270400   63.52754900
        H  51.84087000   26.25766600   63.79121600
        H  51.75904900   27.50524000   62.56762800
        N  52.31192100   25.08267600   62.95790500
        H  52.42627000   25.37521100   61.99798400
        H  52.00140400   25.74517800   63.65415900
        C  60.99040000   38.20210000   66.19070000
        N  61.14097700   38.58732000   64.92664600
        H  60.83046000   39.24982200   65.62290000
        H  61.33714600   37.63228200   65.19031300
        N  60.58150100   39.07450400   67.10754900
        H  60.77767000   38.11946600   67.37121600
        H  60.69584900   39.36704000   66.14762800
        N  61.24872100   36.94447600   66.53790500
        H  61.36307000   37.23701100   65.57798400
        H  60.93820400   37.60697800   67.23415900
        C  60.54270000   22.28810000   53.74910000
        O  61.72652500   22.34987600   53.35256300
        O  59.83141600   21.26071700   53.78165900
        H  60.08472100   23.22395000   54.10186100

Note: printed only print_atoms_list (this is not necessarily all atoms) 
  ------------RUNNING QM/MM MODULE------------- 
QM Module: ORCATheory
MM Module: OpenMMTheory
Charge provided from QMMMTheory object:  -2
Mult provided from QMMMTheory object:  1
QM-region Charge: -2 Mult: 1
Embedding: Electrostatic
Number of pointcharges (to QM program): 64
Number of charge coordinates: 64
Running QM/MM object with 8 cores available

-------------------------------------------------------------------
Time to calculate step (before-QMstep): 0.000 seconds, 0.0 minutes.
-------------------------------------------------------------------
  ------------RUNNING ORCA INTERFACE------------- 
Object-label: ORCA
Run-label: None
Running ORCA with 8 cores available
Moreadfile option not active
A GBW-file with same basename : orca.gbw is present
Autostart is False. ORCA will ignore any file present
Creating inputfile: orca.inp
ORCA input:
! B3LYP D3BJ def2-SVP def2/J RIJCOSX CPCM TightSCF

! Noautostart

%cpcm epsilon 4.0 end
%scf MaxIter 300 Guess PModel end
Charge: -2  Mult: 1
Pointcharge embedding is on!
 ORCA Calculation starting. 
Found warning messages in ORCA outputfile:
WARNING: The chosen methods will break translational/rotational symmetry
 WARNING: The chosen methods will break translational symmetry
 WARNING: The chosen methods will break translational symmetry

 ORCA Calculation done. 
ORCA converged in 12 iterations
ORCA energy: -836.436540384559
  ------------ENDING ORCA-INTERFACE------------- 

---------------------------------------------------------------
Time to calculate step (ORCA run): 89.781 seconds, 1.5 minutes.
---------------------------------------------------------------

--------------------------------------------------------------
Time to calculate step (QM step): 89.781 seconds, 1.5 minutes.
--------------------------------------------------------------

----------------------------------------------------------------------
Time to calculate step (QMpcgrad prepare): 0.000 seconds, 0.0 minutes.
----------------------------------------------------------------------

--------------------------------------------------------------------------
Time to calculate step (linkatomgrad prepare): 0.000 seconds, 0.0 minutes.
--------------------------------------------------------------------------

----------------------------------------------------------------------------
Time to calculate step (QM/MM gradient prepare): 0.000 seconds, 0.0 minutes.
----------------------------------------------------------------------------
Using OpenMM theory as part of QM/MM.
Using MM on full system. Charges for QM region [0, 1, 2, 3, 4, 5, 6, 7, 8, 9, 10, 11, 12, 13, 14, 15, 16, 17, 18, 19, 20, 21, 22, 23] have been set to zero 

--------------------------------------------------------------------------------
                   Creating/updating OpenMM simulation object                   
--------------------------------------------------------------------------------

Integrator name: VerletIntegrator
Timestep: 0.001
Temperature: 300
Coupling frequency: 1
Properties: {'Threads': '1'}
Topology: <Topology; 1 chains, 1 residues, 88 atoms, 0 bonds>

----------------------------------------------------------------------------------
Time to calculate step (creating/updating simulation): 0.002 seconds, 0.0 minutes.
----------------------------------------------------------------------------------

--------------------------------------------------------------------------------
                     Running Single-point OpenMM Interface                      
--------------------------------------------------------------------------------

Number of OpenMM system constraints defined: 0

-----------------------------------------------------------------------------------
Time to calculate step (OpenMMTheory.run: const-check): 0.002 seconds, 0.0 minutes.
-----------------------------------------------------------------------------------
Updating coordinates.

------------------------------------------------------------------------
Time to calculate step (Creating pos array): 0.000 seconds, 0.0 minutes.
------------------------------------------------------------------------

---------------------------------------------------------------------------
Time to calculate step (Updating MM positions): 0.000 seconds, 0.0 minutes.
---------------------------------------------------------------------------
Calling OpenMM getState.

---------------------------------------------------------------------
Time to calculate step (OpenMM getState): 0.000 seconds, 0.0 minutes.
---------------------------------------------------------------------
OpenMM Energy: -2.645792131580324 Eh
OpenMM Energy: -1660.2596289682574 kcal/mol

-----------------------
Ending OpenMM interface
-----------------------

----------------------------------------------------------------
Time to calculate step (OpenMM run): 0.002 seconds, 0.0 minutes.
----------------------------------------------------------------

-------------------------------------------------------------
Time to calculate step (MM step): 0.002 seconds, 0.0 minutes.
-------------------------------------------------------------

Note: You are using electrostatic embedding. This means that the QM-energy is actually the polarized QM-energy
Note: MM energy also contains the QM-MM Lennard-Jones interaction

QM energy:              -836.436540384559 
MM energy:                -2.645792131580
QM/MM energy:           -839.082332516139 

  ------------ENDING QM/MM MODULE------------- 

----------------------------------------------------------------
Time to calculate step (QM/MM run): 89.784 seconds, 1.5 minutes.
----------------------------------------------------------------
geometric called save_guess_files option option for ASHengineclass.
This option is currently unsupported in ASH. Continuing.

Convergence criteria: {'convergence_energy': 1e-05, 'convergence_grms': 0.003, 'convergence_gmax': 0.006, 'convergence_drms': 0.01, 'convergence_dmax': 0.015, 'convergence_cmax': 0.01}

Replacing coordinates in fragment.
Creating/Updating fragment attributes...
Number of Atoms in fragment: 88
Formula: O18N12H38C20
Label: CHHCCOOOCHCHCCHCHCHOHCOOCOOHCNHHNHHNHHCOOHCOOHCNHHNHHNHHCOOHCOOHCNHHNHHNHHCNHHNHHNHHCOOH
Charge: -2 Mult: 1

--------------------------------------------------------------------------------
Wrote XYZ file:  Fragment-currentgeo.xyz
Current geometry (Å) in step 29 (print_atoms_list region)
---------------------------------------------------
        C  57.53563914   35.89028543   59.55841224
        H  57.55023120   36.23852074   58.51256380
        H  58.29245070   36.27726796   60.25012909
        C  56.69388276   34.89687060   59.87494425
        C  56.60655857   34.32463600   61.30192892
        O  57.37449454   34.82880842   62.17925156
        O  55.78159812   33.39810943   61.54040818
        O  55.91177293   34.31395299   58.92694483
        C  56.61548997   33.42804910   57.91230173
        H  56.05026190   32.48445350   57.97668728
        C  58.02977331   33.22108639   58.31275693
        H  58.20030857   32.83003346   59.31703617
        C  59.10409616   33.53612827   57.56638951
        C  58.92233432   33.90618453   56.15910542
        H  59.81040224   34.02105574   55.53398874
        C  57.69273767   34.01921538   55.63097721
        H  57.56124834   34.22770426   54.56561381
        C  56.42553973   33.96082554   56.45525348
        H  56.06584295   35.00624399   56.53578498
        O  55.45910956   33.19909548   55.74038464
        H  54.58775192   33.40574421   56.09773270
        C  60.46209138   33.65685221   58.28412226
        O  60.78026637   32.76251618   59.10093159
        O  61.03597233   34.75052620   58.06335143
        C  64.93960000   33.26550000   44.42870000
        O  66.12342500   33.32727600   44.03216300
        O  64.22831600   32.23811700   44.46125900
        H  64.48162100   34.20135000   44.78146100
        C  57.48340000   32.05040000   67.31550000
        N  57.63397700   32.43562000   66.05144600
        H  57.32346000   33.09812200   66.74770000
        H  57.83014600   31.48058200   66.31511300
        N  57.07450100   32.92280400   68.23234900
        H  57.27067000   31.96776600   68.49601600
        H  57.18884900   33.21534000   67.27242800
        N  57.74172100   30.79277600   67.66270500
        H  57.85607000   31.08531100   66.70278400
        H  57.43120400   31.45527800   68.35895900
        C  57.23480000   27.87720000   45.86430000
        O  58.41862500   27.93897600   45.46776300
        O  56.52351600   26.84981700   45.89685900
        H  56.77682100   28.81305000   46.21706100
        C  70.60420000   27.88010000   55.89570000
        O  71.78802500   27.94187600   55.49916300
        O  69.89291600   26.85271700   55.92825900
        H  70.14622100   28.81595000   56.24846100
        C  56.61970000   24.87390000   63.10710000
        N  56.77027700   25.25912000   61.84304600
        H  56.45976000   25.92162200   62.53930000
        H  56.96644600   24.30408200   62.10671300
        N  56.21080100   25.74630400   64.02394900
        H  56.40697000   24.79126600   64.28761600
        H  56.32514900   26.03884000   63.06402800
        N  56.87802100   23.61627600   63.45430500
        H  56.99237000   23.90881100   62.49438400
        H  56.56750400   24.27877800   64.15055900
        C  67.62720000   26.53280000   48.41340000
        O  68.81102500   26.59457600   48.01686300
        O  66.91591600   25.50541700   48.44595900
        H  67.16922100   27.46865000   48.76616100
        C  67.23540000   23.78030000   55.38840000
        O  68.41922500   23.84207600   54.99186300
        O  66.52411600   22.75291700   55.42095900
        H  66.77742100   24.71615000   55.74116100
        C  52.05360000   26.34030000   62.61070000
        N  52.20417700   26.72552000   61.34664600
        H  51.89366000   27.38802200   62.04290000
        H  52.40034600   25.77048200   61.61031300
        N  51.64470100   27.21270400   63.52754900
        H  51.84087000   26.25766600   63.79121600
        H  51.75904900   27.50524000   62.56762800
        N  52.31192100   25.08267600   62.95790500
        H  52.42627000   25.37521100   61.99798400
        H  52.00140400   25.74517800   63.65415900
        C  60.99040000   38.20210000   66.19070000
        N  61.14097700   38.58732000   64.92664600
        H  60.83046000   39.24982200   65.62290000
        H  61.33714600   37.63228200   65.19031300
        N  60.58150100   39.07450400   67.10754900
        H  60.77767000   38.11946600   67.37121600
        H  60.69584900   39.36704000   66.14762800
        N  61.24872100   36.94447600   66.53790500
        H  61.36307000   37.23701100   65.57798400
        H  60.93820400   37.60697800   67.23415900
        C  60.54270000   22.28810000   53.74910000
        O  61.72652500   22.34987600   53.35256300
        O  59.83141600   21.26071700   53.78165900
        H  60.08472100   23.22395000   54.10186100

Note: printed only print_atoms_list (this is not necessarily all atoms) 
  ------------RUNNING QM/MM MODULE------------- 
QM Module: ORCATheory
MM Module: OpenMMTheory
Charge provided from QMMMTheory object:  -2
Mult provided from QMMMTheory object:  1
QM-region Charge: -2 Mult: 1
Embedding: Electrostatic
Number of pointcharges (to QM program): 64
Number of charge coordinates: 64
Running QM/MM object with 8 cores availableStep   32 : Displace = [0m1.334e-02[0m/[0m4.720e-02[0m (rms/max) Trust = 1.318e-02 (=) Grad_T = [92m2.607e-03[0m/[0m1.047e-02[0m (rms/max) E (change) = -839.0887021934 ([0m-2.290e-03[0m) Quality = [0m0.954[0m
Hessian Eigenvalues: 5.34983e-04 1.57078e-02 2.10241e-02 ... 5.92175e-01 7.42871e-01 2.76947e+00
Step   33 : Displace = [0m1.803e-02[0m/[0m7.684e-02[0m (rms/max) Trust = 1.864e-02 ([92m+[0m) Grad_T = [92m1.903e-03[0m/[0m6.656e-03[0m (rms/max) E (change) = -839.0917339560 ([0m-3.032e-03[0m) Quality = [0m1.111[0m
Hessian Eigenvalues: 3.89581e-04 1.13901e-02 1.73919e-02 ... 6.46969e-01 7.05986e-01 2.92533e+00
Step   34 : Displace = [0m2.615e-02[0m/[0m9.680e-02[0m (rms/max) Trust = 2.636e-02 ([92m+[0m) Grad_T = [92m1.369e-03[0m/[0m6.030e-03[0m (rms/max) E (change) = -839.0957189501 ([0m-3.985e-03[0m) Quality = [0m1.041[0m
Hessian Eigenvalues: 3.20026e-04 7.34162e-03 1.92460e-02 ... 6.44317e-01 7.20412e-01 2.86010e+00
Step   35 : Displace = [0m3.639e-02[0m/[0m1.349e-01[0m (rms/max) Trust = 3.727e-02 ([92m+[0m) Grad_T = [92m1.641e-03[0m/[0m7.223e-03[0m (rms/max) E (change) = -839.1007471468 ([0m-5.028e-03[0m) Quality = [0m1.022[0m
Hessian Eigenvalues: 3.07047e-04 4.65868e-03 1.91453e-02 ... 6.37327e-01 7.19674e-01 3.15166e+00
Step   36 : Displace = [0m5.252e-02[0m/[0m1.924e-01[0m (rms/max) Trust = 5.271e-02 ([92m+[0m) Grad_T = [92m1.896e-03[0m/[0m8.588e-03[0m (rms/max) E (change) = -839.1077127589 ([0m-6.966e-03[0m) Quality = [0m1.011[0m
Hessian Eigenvalues: 3.12178e-04 3.62650e-03 2.03953e-02 ... 6.32201e-01 7.19647e-01 3.17948e+00
Step   37 : Displace = [0m7.405e-02[0m/[0m2.577e-01[0m (rms/max) Trust = 7.455e-02 ([92m+[0m) Grad_T = [92m2.472e-03[0m/[0m1.349e-02[0m (rms/max) E (change) = -839.1170120624 ([0m-9.299e-03[0m) Quality = [0m1.009[0m
Hessian Eigenvalues: 1.96874e-04 4.77504e-03 2.03567e-02 ... 6.53601e-01 7.22307e-01 2.94450e+00
Step   38 : Displace = [0m1.051e-01[0m/[0m3.202e-01[0m (rms/max) Trust = 1.054e-01 ([92m+[0m) Grad_T = [0m4.148e-03[0m/[0m2.529e-02[0m (rms/max) E (change) = -839.1285706844 ([0m-1.156e-02[0m) Quality = [0m0.916[0m
Hessian Eigenvalues: 3.37701e-04 4.17028e-03 2.03122e-02 ... 6.48101e-01 7.21304e-01 2.69051e+00
Step   39 : Displace = [0m1.472e-01[0m/[0m4.541e-01[0m (rms/max) Trust = 1.491e-01 ([92m+[0m) Grad_T = [0m4.956e-03[0m/[0m2.738e-02[0m (rms/max) E (change) = -839.1455890798 ([0m-1.702e-02[0m) Quality = [0m1.010[0m
Hessian Eigenvalues: 2.17722e-04 4.94337e-03 2.00352e-02 ... 6.76801e-01 7.26979e-01 2.94000e+00
Step   40 : Displace = [0m2.111e-01[0m/[0m5.589e-01[0m (rms/max) Trust = 2.109e-01 ([92m+[0m) Grad_T = [0m1.059e-02[0m/[0m5.101e-02[0m (rms/max) E (change) = -839.1643505796 ([0m-1.876e-02[0m) Quality = [0m0.857[0m
Hessian Eigenvalues: 3.20830e-04 4.94401e-03 1.80151e-02 ... 6.51398e-01 7.44840e-01 3.02325e+00
Step   41 : Displace = [0m2.961e-01[0m/[0m7.953e-01[0m (rms/max) Trust = 2.982e-01 ([92m+[0m) Grad_T = [0m1.194e-02[0m/[0m5.010e-02[0m (rms/max) E (change) = -839.1937375840 ([0m-2.939e-02[0m) Quality = [0m0.950[0m
Hessian Eigenvalues: 1.85902e-04 7.06145e-03 1.92430e-02 ... 6.57913e-01 7.37457e-01 4.03602e+00
Step   42 : Displace = [0m3.046e-01[0m/[0m8.036e-01[0m (rms/max) Trust = 3.000e-01 ([92m+[0m) Grad_T = [0m3.364e-02[0m/[0m1.340e-01[0m (rms/max) E (change) = -839.1428250952 ([91m+5.091e-02[0m) Quality = [91m-0.916[0m
Hessian Eigenvalues: 2.14864e-04 5.00434e-03 2.05614e-02 ... 7.22696e-01 9.38552e-01 1.14861e+01


-------------------------------------------------------------------
Time to calculate step (before-QMstep): 0.000 seconds, 0.0 minutes.
-------------------------------------------------------------------
  ------------RUNNING ORCA INTERFACE------------- 
Object-label: ORCA
Run-label: None
Running ORCA with 8 cores available
Moreadfile option not active
A GBW-file with same basename : orca.gbw is present
Autostart is False. ORCA will ignore any file present
Creating inputfile: orca.inp
ORCA input:
! B3LYP D3BJ def2-SVP def2/J RIJCOSX CPCM TightSCF

! Noautostart

%cpcm epsilon 4.0 end
%scf MaxIter 300 Guess PModel end
Charge: -2  Mult: 1
Pointcharge embedding is on!
 ORCA Calculation starting. 
Found warning messages in ORCA outputfile:
WARNING: The chosen methods will break translational/rotational symmetry
 WARNING: The chosen methods will break translational symmetry
 WARNING: The chosen methods will break translational symmetry

 ORCA Calculation done. 
ORCA converged in 12 iterations
ORCA energy: -836.440615815201
  ------------ENDING ORCA-INTERFACE------------- 

---------------------------------------------------------------
Time to calculate step (ORCA run): 94.495 seconds, 1.6 minutes.
---------------------------------------------------------------

--------------------------------------------------------------
Time to calculate step (QM step): 94.495 seconds, 1.6 minutes.
--------------------------------------------------------------

----------------------------------------------------------------------
Time to calculate step (QMpcgrad prepare): 0.000 seconds, 0.0 minutes.
----------------------------------------------------------------------

--------------------------------------------------------------------------
Time to calculate step (linkatomgrad prepare): 0.000 seconds, 0.0 minutes.
--------------------------------------------------------------------------

----------------------------------------------------------------------------
Time to calculate step (QM/MM gradient prepare): 0.000 seconds, 0.0 minutes.
----------------------------------------------------------------------------
Using OpenMM theory as part of QM/MM.
Using MM on full system. Charges for QM region [0, 1, 2, 3, 4, 5, 6, 7, 8, 9, 10, 11, 12, 13, 14, 15, 16, 17, 18, 19, 20, 21, 22, 23] have been set to zero 

--------------------------------------------------------------------------------
                   Creating/updating OpenMM simulation object                   
--------------------------------------------------------------------------------

Integrator name: VerletIntegrator
Timestep: 0.001
Temperature: 300
Coupling frequency: 1
Properties: {'Threads': '1'}
Topology: <Topology; 1 chains, 1 residues, 88 atoms, 0 bonds>

----------------------------------------------------------------------------------
Time to calculate step (creating/updating simulation): 0.002 seconds, 0.0 minutes.
----------------------------------------------------------------------------------

--------------------------------------------------------------------------------
                     Running Single-point OpenMM Interface                      
--------------------------------------------------------------------------------

Number of OpenMM system constraints defined: 0

-----------------------------------------------------------------------------------
Time to calculate step (OpenMMTheory.run: const-check): 0.002 seconds, 0.0 minutes.
-----------------------------------------------------------------------------------
Updating coordinates.

------------------------------------------------------------------------
Time to calculate step (Creating pos array): 0.000 seconds, 0.0 minutes.
------------------------------------------------------------------------

---------------------------------------------------------------------------
Time to calculate step (Updating MM positions): 0.000 seconds, 0.0 minutes.
---------------------------------------------------------------------------
Calling OpenMM getState.

---------------------------------------------------------------------
Time to calculate step (OpenMM getState): 0.000 seconds, 0.0 minutes.
---------------------------------------------------------------------
OpenMM Energy: -2.6457965988636083 Eh
OpenMM Energy: -1660.2624322308416 kcal/mol

-----------------------
Ending OpenMM interface
-----------------------

----------------------------------------------------------------
Time to calculate step (OpenMM run): 0.003 seconds, 0.0 minutes.
----------------------------------------------------------------

-------------------------------------------------------------
Time to calculate step (MM step): 0.004 seconds, 0.0 minutes.
-------------------------------------------------------------

Note: You are using electrostatic embedding. This means that the QM-energy is actually the polarized QM-energy
Note: MM energy also contains the QM-MM Lennard-Jones interaction

QM energy:              -836.440615815201 
MM energy:                -2.645796598864
QM/MM energy:           -839.086412414065 

  ------------ENDING QM/MM MODULE------------- 

----------------------------------------------------------------
Time to calculate step (QM/MM run): 94.499 seconds, 1.6 minutes.
----------------------------------------------------------------
geometric called save_guess_files option option for ASHengineclass.
This option is currently unsupported in ASH. Continuing.

Convergence criteria: {'convergence_energy': 1e-05, 'convergence_grms': 0.003, 'convergence_gmax': 0.006, 'convergence_drms': 0.01, 'convergence_dmax': 0.015, 'convergence_cmax': 0.01}

Replacing coordinates in fragment.
Creating/Updating fragment attributes...
Number of Atoms in fragment: 88
Formula: O18N12H38C20
Label: CHHCCOOOCHCHCCHCHCHOHCOOCOOHCNHHNHHNHHCOOHCOOHCNHHNHHNHHCOOHCOOHCNHHNHHNHHCNHHNHHNHHCOOH
Charge: -2 Mult: 1

--------------------------------------------------------------------------------
Wrote XYZ file:  Fragment-currentgeo.xyz
Current geometry (Å) in step 30 (print_atoms_list region)
---------------------------------------------------
        C  57.52048864   35.89997143   59.56949661
        H  57.55137755   36.23399137   58.53574669
        H  58.25459725   36.30685910   60.26638737
        C  56.68628180   34.89520012   59.91075517
        C  56.60006228   34.31329208   61.34083616
        O  57.35994113   34.82326052   62.22653408
        O  55.78367140   33.36844014   61.53647358
        O  55.91289484   34.30573438   58.94264839
        C  56.61403797   33.42847200   57.92422111
        H  56.04262074   32.48565999   57.98493891
        C  58.02420157   33.21748143   58.33512393
        H  58.19880433   32.82869078   59.33919812
        C  59.09887301   33.53726932   57.58996805
        C  58.92211855   33.91059767   56.18125208
        H  59.80882932   34.02823938   55.55366874
        C  57.69245869   34.02457149   55.64997965
        H  57.55479946   34.23304282   54.58469929
        C  56.42597070   33.96533783   56.47271272
        H  56.06722905   35.01142006   56.55789017
        O  55.46266875   33.20170349   55.75496116
        H  54.58492405   33.41893514   56.10185799
        C  60.44995958   33.66380469   58.31700719
        O  60.76224032   32.78012087   59.14523197
        O  61.02274447   34.74497319   58.08186464
        C  64.93960000   33.26550000   44.42870000
        O  66.12342500   33.32727600   44.03216300
        O  64.22831600   32.23811700   44.46125900
        H  64.48162100   34.20135000   44.78146100
        C  57.48340000   32.05040000   67.31550000
        N  57.63397700   32.43562000   66.05144600
        H  57.32346000   33.09812200   66.74770000
        H  57.83014600   31.48058200   66.31511300
        N  57.07450100   32.92280400   68.23234900
        H  57.27067000   31.96776600   68.49601600
        H  57.18884900   33.21534000   67.27242800
        N  57.74172100   30.79277600   67.66270500
        H  57.85607000   31.08531100   66.70278400
        H  57.43120400   31.45527800   68.35895900
        C  57.23480000   27.87720000   45.86430000
        O  58.41862500   27.93897600   45.46776300
        O  56.52351600   26.84981700   45.89685900
        H  56.77682100   28.81305000   46.21706100
        C  70.60420000   27.88010000   55.89570000
        O  71.78802500   27.94187600   55.49916300
        O  69.89291600   26.85271700   55.92825900
        H  70.14622100   28.81595000   56.24846100
        C  56.61970000   24.87390000   63.10710000
        N  56.77027700   25.25912000   61.84304600
        H  56.45976000   25.92162200   62.53930000
        H  56.96644600   24.30408200   62.10671300
        N  56.21080100   25.74630400   64.02394900
        H  56.40697000   24.79126600   64.28761600
        H  56.32514900   26.03884000   63.06402800
        N  56.87802100   23.61627600   63.45430500
        H  56.99237000   23.90881100   62.49438400
        H  56.56750400   24.27877800   64.15055900
        C  67.62720000   26.53280000   48.41340000
        O  68.81102500   26.59457600   48.01686300
        O  66.91591600   25.50541700   48.44595900
        H  67.16922100   27.46865000   48.76616100
        C  67.23540000   23.78030000   55.38840000
        O  68.41922500   23.84207600   54.99186300
        O  66.52411600   22.75291700   55.42095900
        H  66.77742100   24.71615000   55.74116100
        C  52.05360000   26.34030000   62.61070000
        N  52.20417700   26.72552000   61.34664600
        H  51.89366000   27.38802200   62.04290000
        H  52.40034600   25.77048200   61.61031300
        N  51.64470100   27.21270400   63.52754900
        H  51.84087000   26.25766600   63.79121600
        H  51.75904900   27.50524000   62.56762800
        N  52.31192100   25.08267600   62.95790500
        H  52.42627000   25.37521100   61.99798400
        H  52.00140400   25.74517800   63.65415900
        C  60.99040000   38.20210000   66.19070000
        N  61.14097700   38.58732000   64.92664600
        H  60.83046000   39.24982200   65.62290000
        H  61.33714600   37.63228200   65.19031300
        N  60.58150100   39.07450400   67.10754900
        H  60.77767000   38.11946600   67.37121600
        H  60.69584900   39.36704000   66.14762800
        N  61.24872100   36.94447600   66.53790500
        H  61.36307000   37.23701100   65.57798400
        H  60.93820400   37.60697800   67.23415900
        C  60.54270000   22.28810000   53.74910000
        O  61.72652500   22.34987600   53.35256300
        O  59.83141600   21.26071700   53.78165900
        H  60.08472100   23.22395000   54.10186100

Note: printed only print_atoms_list (this is not necessarily all atoms) 
  ------------RUNNING QM/MM MODULE------------- 
QM Module: ORCATheory
MM Module: OpenMMTheory
Charge provided from QMMMTheory object:  -2
Mult provided from QMMMTheory object:  1
QM-region Charge: -2 Mult: 1
Embedding: Electrostatic
Number of pointcharges (to QM program): 64
Number of charge coordinates: 64
Running QM/MM object with 8 cores available

-------------------------------------------------------------------
Time to calculate step (before-QMstep): 0.000 seconds, 0.0 minutes.
-------------------------------------------------------------------
  ------------RUNNING ORCA INTERFACE------------- 
Object-label: ORCA
Run-label: None
Running ORCA with 8 cores available
Moreadfile option not active
A GBW-file with same basename : orca.gbw is present
Autostart is False. ORCA will ignore any file present
Creating inputfile: orca.inp
ORCA input:
! B3LYP D3BJ def2-SVP def2/J RIJCOSX CPCM TightSCF

! Noautostart

%cpcm epsilon 4.0 end
%scf MaxIter 300 Guess PModel end
Charge: -2  Mult: 1
Pointcharge embedding is on!
 ORCA Calculation starting. 
Found warning messages in ORCA outputfile:
WARNING: The chosen methods will break translational/rotational symmetry
 WARNING: The chosen methods will break translational symmetry
 WARNING: The chosen methods will break translational symmetry
 Warning: op=0 Small HOMO/LUMO gap (   0.099) - skipping pre-diagonalization

 ORCA Calculation done. 
ORCA converged in 14 iterations
ORCA energy: -836.442889632884
  ------------ENDING ORCA-INTERFACE------------- 

----------------------------------------------------------------
Time to calculate step (ORCA run): 106.367 seconds, 1.8 minutes.
----------------------------------------------------------------

---------------------------------------------------------------
Time to calculate step (QM step): 106.367 seconds, 1.8 minutes.
---------------------------------------------------------------

----------------------------------------------------------------------
Time to calculate step (QMpcgrad prepare): 0.000 seconds, 0.0 minutes.
----------------------------------------------------------------------

--------------------------------------------------------------------------
Time to calculate step (linkatomgrad prepare): 0.000 seconds, 0.0 minutes.
--------------------------------------------------------------------------

----------------------------------------------------------------------------
Time to calculate step (QM/MM gradient prepare): 0.000 seconds, 0.0 minutes.
----------------------------------------------------------------------------
Using OpenMM theory as part of QM/MM.
Using MM on full system. Charges for QM region [0, 1, 2, 3, 4, 5, 6, 7, 8, 9, 10, 11, 12, 13, 14, 15, 16, 17, 18, 19, 20, 21, 22, 23] have been set to zero 

--------------------------------------------------------------------------------
                   Creating/updating OpenMM simulation object                   
--------------------------------------------------------------------------------

Integrator name: VerletIntegrator
Timestep: 0.001
Temperature: 300
Coupling frequency: 1
Properties: {'Threads': '1'}
Topology: <Topology; 1 chains, 1 residues, 88 atoms, 0 bonds>

----------------------------------------------------------------------------------
Time to calculate step (creating/updating simulation): 0.002 seconds, 0.0 minutes.
----------------------------------------------------------------------------------

--------------------------------------------------------------------------------
                     Running Single-point OpenMM Interface                      
--------------------------------------------------------------------------------

Number of OpenMM system constraints defined: 0

-----------------------------------------------------------------------------------
Time to calculate step (OpenMMTheory.run: const-check): 0.002 seconds, 0.0 minutes.
-----------------------------------------------------------------------------------
Updating coordinates.

------------------------------------------------------------------------
Time to calculate step (Creating pos array): 0.000 seconds, 0.0 minutes.
------------------------------------------------------------------------

---------------------------------------------------------------------------
Time to calculate step (Updating MM positions): 0.000 seconds, 0.0 minutes.
---------------------------------------------------------------------------
Calling OpenMM getState.

---------------------------------------------------------------------
Time to calculate step (OpenMM getState): 0.000 seconds, 0.0 minutes.
---------------------------------------------------------------------
OpenMM Energy: -2.6458125604715503 Eh
OpenMM Energy: -1660.2724482910467 kcal/mol

-----------------------
Ending OpenMM interface
-----------------------

----------------------------------------------------------------
Time to calculate step (OpenMM run): 0.003 seconds, 0.0 minutes.
----------------------------------------------------------------

-------------------------------------------------------------
Time to calculate step (MM step): 0.003 seconds, 0.0 minutes.
-------------------------------------------------------------

Note: You are using electrostatic embedding. This means that the QM-energy is actually the polarized QM-energy
Note: MM energy also contains the QM-MM Lennard-Jones interaction

QM energy:              -836.442889632884 
MM energy:                -2.645812560472
QM/MM energy:           -839.088702193356 

  ------------ENDING QM/MM MODULE------------- 

-----------------------------------------------------------------
Time to calculate step (QM/MM run): 106.371 seconds, 1.8 minutes.
-----------------------------------------------------------------
geometric called save_guess_files option option for ASHengineclass.
This option is currently unsupported in ASH. Continuing.

Convergence criteria: {'convergence_energy': 1e-05, 'convergence_grms': 0.003, 'convergence_gmax': 0.006, 'convergence_drms': 0.01, 'convergence_dmax': 0.015, 'convergence_cmax': 0.01}

Replacing coordinates in fragment.
Creating/Updating fragment attributes...
Number of Atoms in fragment: 88
Formula: O18N12H38C20
Label: CHHCCOOOCHCHCCHCHCHOHCOOCOOHCNHHNHHNHHCOOHCOOHCNHHNHHNHHCOOHCOOHCNHHNHHNHHCNHHNHHNHHCOOH
Charge: -2 Mult: 1

--------------------------------------------------------------------------------
Wrote XYZ file:  Fragment-currentgeo.xyz
Current geometry (Å) in step 31 (print_atoms_list region)
---------------------------------------------------
        C  57.50178219   35.89918578   59.60250134
        H  57.55350302   36.24404171   58.56870817
        H  58.19659982   36.32915996   60.32691366
        C  56.67062891   34.89206333   59.93438114
        C  56.59483763   34.29953751   61.36778963
        O  57.34111391   34.81678734   62.24782260
        O  55.79397790   33.34818552   61.56267836
        O  55.91023667   34.28256139   58.96462647
        C  56.61107741   33.42147500   57.94725882
        H  56.03021237   32.48314125   58.00056333
        C  58.01738952   33.20902260   58.36533150
        H  58.19396158   32.82148913   59.36987321
        C  59.09199582   33.53727873   57.62214149
        C  58.91930730   33.91742298   56.21413890
        H  59.80664635   34.03929638   55.58719396
        C  57.69087532   34.03427960   55.68301339
        H  57.54618304   34.24469960   54.61948491
        C  56.42582720   33.97052259   56.50499212
        H  56.06803015   35.01624105   56.59835124
        O  55.46771228   33.20696782   55.78122115
        H  54.58653679   33.43922869   56.11204492
        C  60.43218379   33.67329531   58.36278267
        O  60.72626730   32.79424714   59.20693024
        O  61.01302425   34.75291801   58.12368706
        C  64.93960000   33.26550000   44.42870000
        O  66.12342500   33.32727600   44.03216300
        O  64.22831600   32.23811700   44.46125900
        H  64.48162100   34.20135000   44.78146100
        C  57.48340000   32.05040000   67.31550000
        N  57.63397700   32.43562000   66.05144600
        H  57.32346000   33.09812200   66.74770000
        H  57.83014600   31.48058200   66.31511300
        N  57.07450100   32.92280400   68.23234900
        H  57.27067000   31.96776600   68.49601600
        H  57.18884900   33.21534000   67.27242800
        N  57.74172100   30.79277600   67.66270500
        H  57.85607000   31.08531100   66.70278400
        H  57.43120400   31.45527800   68.35895900
        C  57.23480000   27.87720000   45.86430000
        O  58.41862500   27.93897600   45.46776300
        O  56.52351600   26.84981700   45.89685900
        H  56.77682100   28.81305000   46.21706100
        C  70.60420000   27.88010000   55.89570000
        O  71.78802500   27.94187600   55.49916300
        O  69.89291600   26.85271700   55.92825900
        H  70.14622100   28.81595000   56.24846100
        C  56.61970000   24.87390000   63.10710000
        N  56.77027700   25.25912000   61.84304600
        H  56.45976000   25.92162200   62.53930000
        H  56.96644600   24.30408200   62.10671300
        N  56.21080100   25.74630400   64.02394900
        H  56.40697000   24.79126600   64.28761600
        H  56.32514900   26.03884000   63.06402800
        N  56.87802100   23.61627600   63.45430500
        H  56.99237000   23.90881100   62.49438400
        H  56.56750400   24.27877800   64.15055900
        C  67.62720000   26.53280000   48.41340000
        O  68.81102500   26.59457600   48.01686300
        O  66.91591600   25.50541700   48.44595900
        H  67.16922100   27.46865000   48.76616100
        C  67.23540000   23.78030000   55.38840000
        O  68.41922500   23.84207600   54.99186300
        O  66.52411600   22.75291700   55.42095900
        H  66.77742100   24.71615000   55.74116100
        C  52.05360000   26.34030000   62.61070000
        N  52.20417700   26.72552000   61.34664600
        H  51.89366000   27.38802200   62.04290000
        H  52.40034600   25.77048200   61.61031300
        N  51.64470100   27.21270400   63.52754900
        H  51.84087000   26.25766600   63.79121600
        H  51.75904900   27.50524000   62.56762800
        N  52.31192100   25.08267600   62.95790500
        H  52.42627000   25.37521100   61.99798400
        H  52.00140400   25.74517800   63.65415900
        C  60.99040000   38.20210000   66.19070000
        N  61.14097700   38.58732000   64.92664600
        H  60.83046000   39.24982200   65.62290000
        H  61.33714600   37.63228200   65.19031300
        N  60.58150100   39.07450400   67.10754900
        H  60.77767000   38.11946600   67.37121600
        H  60.69584900   39.36704000   66.14762800
        N  61.24872100   36.94447600   66.53790500
        H  61.36307000   37.23701100   65.57798400
        H  60.93820400   37.60697800   67.23415900
        C  60.54270000   22.28810000   53.74910000
        O  61.72652500   22.34987600   53.35256300
        O  59.83141600   21.26071700   53.78165900
        H  60.08472100   23.22395000   54.10186100

Note: printed only print_atoms_list (this is not necessarily all atoms) 
  ------------RUNNING QM/MM MODULE------------- 
QM Module: ORCATheory
MM Module: OpenMMTheory
Charge provided from QMMMTheory object:  -2
Mult provided from QMMMTheory object:  1
QM-region Charge: -2 Mult: 1
Embedding: Electrostatic
Number of pointcharges (to QM program): 64
Number of charge coordinates: 64
Running QM/MM object with 8 cores available

-------------------------------------------------------------------
Time to calculate step (before-QMstep): 0.000 seconds, 0.0 minutes.
-------------------------------------------------------------------
  ------------RUNNING ORCA INTERFACE------------- 
Object-label: ORCA
Run-label: None
Running ORCA with 8 cores available
Moreadfile option not active
A GBW-file with same basename : orca.gbw is present
Autostart is False. ORCA will ignore any file present
Creating inputfile: orca.inp
ORCA input:
! B3LYP D3BJ def2-SVP def2/J RIJCOSX CPCM TightSCF

! Noautostart

%cpcm epsilon 4.0 end
%scf MaxIter 300 Guess PModel end
Charge: -2  Mult: 1
Pointcharge embedding is on!
 ORCA Calculation starting. 
Found warning messages in ORCA outputfile:
WARNING: The chosen methods will break translational/rotational symmetry
 WARNING: The chosen methods will break translational symmetry
 WARNING: The chosen methods will break translational symmetry

 ORCA Calculation done. 
ORCA converged in 14 iterations
ORCA energy: -836.445906428014
  ------------ENDING ORCA-INTERFACE------------- 

----------------------------------------------------------------
Time to calculate step (ORCA run): 100.196 seconds, 1.7 minutes.
----------------------------------------------------------------

---------------------------------------------------------------
Time to calculate step (QM step): 100.196 seconds, 1.7 minutes.
---------------------------------------------------------------

----------------------------------------------------------------------
Time to calculate step (QMpcgrad prepare): 0.000 seconds, 0.0 minutes.
----------------------------------------------------------------------

--------------------------------------------------------------------------
Time to calculate step (linkatomgrad prepare): 0.000 seconds, 0.0 minutes.
--------------------------------------------------------------------------

----------------------------------------------------------------------------
Time to calculate step (QM/MM gradient prepare): 0.000 seconds, 0.0 minutes.
----------------------------------------------------------------------------
Using OpenMM theory as part of QM/MM.
Using MM on full system. Charges for QM region [0, 1, 2, 3, 4, 5, 6, 7, 8, 9, 10, 11, 12, 13, 14, 15, 16, 17, 18, 19, 20, 21, 22, 23] have been set to zero 

--------------------------------------------------------------------------------
                   Creating/updating OpenMM simulation object                   
--------------------------------------------------------------------------------

Integrator name: VerletIntegrator
Timestep: 0.001
Temperature: 300
Coupling frequency: 1
Properties: {'Threads': '1'}
Topology: <Topology; 1 chains, 1 residues, 88 atoms, 0 bonds>

----------------------------------------------------------------------------------
Time to calculate step (creating/updating simulation): 0.003 seconds, 0.0 minutes.
----------------------------------------------------------------------------------

--------------------------------------------------------------------------------
                     Running Single-point OpenMM Interface                      
--------------------------------------------------------------------------------

Number of OpenMM system constraints defined: 0

-----------------------------------------------------------------------------------
Time to calculate step (OpenMMTheory.run: const-check): 0.003 seconds, 0.0 minutes.
-----------------------------------------------------------------------------------
Updating coordinates.

------------------------------------------------------------------------
Time to calculate step (Creating pos array): 0.000 seconds, 0.0 minutes.
------------------------------------------------------------------------

---------------------------------------------------------------------------
Time to calculate step (Updating MM positions): 0.000 seconds, 0.0 minutes.
---------------------------------------------------------------------------
Calling OpenMM getState.

---------------------------------------------------------------------
Time to calculate step (OpenMM getState): 0.000 seconds, 0.0 minutes.
---------------------------------------------------------------------
OpenMM Energy: -2.6458275279798076 Eh
OpenMM Energy: -1660.281840544281 kcal/mol

-----------------------
Ending OpenMM interface
-----------------------

----------------------------------------------------------------
Time to calculate step (OpenMM run): 0.004 seconds, 0.0 minutes.
----------------------------------------------------------------

-------------------------------------------------------------
Time to calculate step (MM step): 0.004 seconds, 0.0 minutes.
-------------------------------------------------------------

Note: You are using electrostatic embedding. This means that the QM-energy is actually the polarized QM-energy
Note: MM energy also contains the QM-MM Lennard-Jones interaction

QM energy:              -836.445906428014 
MM energy:                -2.645827527980
QM/MM energy:           -839.091733955994 

  ------------ENDING QM/MM MODULE------------- 

-----------------------------------------------------------------
Time to calculate step (QM/MM run): 100.201 seconds, 1.7 minutes.
-----------------------------------------------------------------
geometric called save_guess_files option option for ASHengineclass.
This option is currently unsupported in ASH. Continuing.

Convergence criteria: {'convergence_energy': 1e-05, 'convergence_grms': 0.003, 'convergence_gmax': 0.006, 'convergence_drms': 0.01, 'convergence_dmax': 0.015, 'convergence_cmax': 0.01}

Replacing coordinates in fragment.
Creating/Updating fragment attributes...
Number of Atoms in fragment: 88
Formula: O18N12H38C20
Label: CHHCCOOOCHCHCCHCHCHOHCOOCOOHCNHHNHHNHHCOOHCOOHCNHHNHHNHHCOOHCOOHCNHHNHHNHHCNHHNHHNHHCOOH
Charge: -2 Mult: 1

--------------------------------------------------------------------------------
Wrote XYZ file:  Fragment-currentgeo.xyz
Current geometry (Å) in step 32 (print_atoms_list region)
---------------------------------------------------
        C  57.47415141   35.90147669   59.64696788
        H  57.56567647   36.24674492   58.61195144
        H  58.11882026   36.35900028   60.39799905
        C  56.65847317   34.88206269   59.96813810
        C  56.58488176   34.29272481   61.39604961
        O  57.29420986   34.82028553   62.29991233
        O  55.81833951   33.30715505   61.57484496
        O  55.90533114   34.24865565   59.01417922
        C  56.60503331   33.40903679   57.98861284
        H  56.01687888   32.47376893   58.02328713
        C  58.00946681   33.19308374   58.40576487
        H  58.18453298   32.80453365   59.41090082
        C  59.08436638   33.53410363   57.66778044
        C  58.91642124   33.92700604   56.26227393
        H  59.80535469   34.05546741   55.63814932
        C  57.68913477   34.04967075   55.73204543
        H  57.53837901   34.26572411   54.66973825
        C  56.42467951   33.97653404   56.55333693
        H  56.06639857   35.02133452   56.65858655
        O  55.47120934   33.21684509   55.81827107
        H  54.58954585   33.46308949   56.12661183
        C  60.40687737   33.67959513   58.42757070
        O  60.68126333   32.82390810   59.30333978
        O  60.99736659   34.75662630   58.17986251
        C  64.93960000   33.26550000   44.42870000
        O  66.12342500   33.32727600   44.03216300
        O  64.22831600   32.23811700   44.46125900
        H  64.48162100   34.20135000   44.78146100
        C  57.48340000   32.05040000   67.31550000
        N  57.63397700   32.43562000   66.05144600
        H  57.32346000   33.09812200   66.74770000
        H  57.83014600   31.48058200   66.31511300
        N  57.07450100   32.92280400   68.23234900
        H  57.27067000   31.96776600   68.49601600
        H  57.18884900   33.21534000   67.27242800
        N  57.74172100   30.79277600   67.66270500
        H  57.85607000   31.08531100   66.70278400
        H  57.43120400   31.45527800   68.35895900
        C  57.23480000   27.87720000   45.86430000
        O  58.41862500   27.93897600   45.46776300
        O  56.52351600   26.84981700   45.89685900
        H  56.77682100   28.81305000   46.21706100
        C  70.60420000   27.88010000   55.89570000
        O  71.78802500   27.94187600   55.49916300
        O  69.89291600   26.85271700   55.92825900
        H  70.14622100   28.81595000   56.24846100
        C  56.61970000   24.87390000   63.10710000
        N  56.77027700   25.25912000   61.84304600
        H  56.45976000   25.92162200   62.53930000
        H  56.96644600   24.30408200   62.10671300
        N  56.21080100   25.74630400   64.02394900
        H  56.40697000   24.79126600   64.28761600
        H  56.32514900   26.03884000   63.06402800
        N  56.87802100   23.61627600   63.45430500
        H  56.99237000   23.90881100   62.49438400
        H  56.56750400   24.27877800   64.15055900
        C  67.62720000   26.53280000   48.41340000
        O  68.81102500   26.59457600   48.01686300
        O  66.91591600   25.50541700   48.44595900
        H  67.16922100   27.46865000   48.76616100
        C  67.23540000   23.78030000   55.38840000
        O  68.41922500   23.84207600   54.99186300
        O  66.52411600   22.75291700   55.42095900
        H  66.77742100   24.71615000   55.74116100
        C  52.05360000   26.34030000   62.61070000
        N  52.20417700   26.72552000   61.34664600
        H  51.89366000   27.38802200   62.04290000
        H  52.40034600   25.77048200   61.61031300
        N  51.64470100   27.21270400   63.52754900
        H  51.84087000   26.25766600   63.79121600
        H  51.75904900   27.50524000   62.56762800
        N  52.31192100   25.08267600   62.95790500
        H  52.42627000   25.37521100   61.99798400
        H  52.00140400   25.74517800   63.65415900
        C  60.99040000   38.20210000   66.19070000
        N  61.14097700   38.58732000   64.92664600
        H  60.83046000   39.24982200   65.62290000
        H  61.33714600   37.63228200   65.19031300
        N  60.58150100   39.07450400   67.10754900
        H  60.77767000   38.11946600   67.37121600
        H  60.69584900   39.36704000   66.14762800
        N  61.24872100   36.94447600   66.53790500
        H  61.36307000   37.23701100   65.57798400
        H  60.93820400   37.60697800   67.23415900
        C  60.54270000   22.28810000   53.74910000
        O  61.72652500   22.34987600   53.35256300
        O  59.83141600   21.26071700   53.78165900
        H  60.08472100   23.22395000   54.10186100

Note: printed only print_atoms_list (this is not necessarily all atoms) 
  ------------RUNNING QM/MM MODULE------------- 
QM Module: ORCATheory
MM Module: OpenMMTheory
Charge provided from QMMMTheory object:  -2
Mult provided from QMMMTheory object:  1
QM-region Charge: -2 Mult: 1
Embedding: Electrostatic
Number of pointcharges (to QM program): 64
Number of charge coordinates: 64
Running QM/MM object with 8 cores available

-------------------------------------------------------------------
Time to calculate step (before-QMstep): 0.000 seconds, 0.0 minutes.
-------------------------------------------------------------------
  ------------RUNNING ORCA INTERFACE------------- 
Object-label: ORCA
Run-label: None
Running ORCA with 8 cores available
Moreadfile option not active
A GBW-file with same basename : orca.gbw is present
Autostart is False. ORCA will ignore any file present
Creating inputfile: orca.inp
ORCA input:
! B3LYP D3BJ def2-SVP def2/J RIJCOSX CPCM TightSCF

! Noautostart

%cpcm epsilon 4.0 end
%scf MaxIter 300 Guess PModel end
Charge: -2  Mult: 1
Pointcharge embedding is on!
 ORCA Calculation starting. 
Found warning messages in ORCA outputfile:
WARNING: The chosen methods will break translational/rotational symmetry
 WARNING: The chosen methods will break translational symmetry
 WARNING: The chosen methods will break translational symmetry

 ORCA Calculation done. 
ORCA converged in 14 iterations
ORCA energy: -836.449869890972
  ------------ENDING ORCA-INTERFACE------------- 

----------------------------------------------------------------
Time to calculate step (ORCA run): 102.908 seconds, 1.7 minutes.
----------------------------------------------------------------

---------------------------------------------------------------
Time to calculate step (QM step): 102.908 seconds, 1.7 minutes.
---------------------------------------------------------------

----------------------------------------------------------------------
Time to calculate step (QMpcgrad prepare): 0.000 seconds, 0.0 minutes.
----------------------------------------------------------------------

--------------------------------------------------------------------------
Time to calculate step (linkatomgrad prepare): 0.000 seconds, 0.0 minutes.
--------------------------------------------------------------------------

----------------------------------------------------------------------------
Time to calculate step (QM/MM gradient prepare): 0.000 seconds, 0.0 minutes.
----------------------------------------------------------------------------
Using OpenMM theory as part of QM/MM.
Using MM on full system. Charges for QM region [0, 1, 2, 3, 4, 5, 6, 7, 8, 9, 10, 11, 12, 13, 14, 15, 16, 17, 18, 19, 20, 21, 22, 23] have been set to zero 

--------------------------------------------------------------------------------
                   Creating/updating OpenMM simulation object                   
--------------------------------------------------------------------------------

Integrator name: VerletIntegrator
Timestep: 0.001
Temperature: 300
Coupling frequency: 1
Properties: {'Threads': '1'}
Topology: <Topology; 1 chains, 1 residues, 88 atoms, 0 bonds>

----------------------------------------------------------------------------------
Time to calculate step (creating/updating simulation): 0.002 seconds, 0.0 minutes.
----------------------------------------------------------------------------------

--------------------------------------------------------------------------------
                     Running Single-point OpenMM Interface                      
--------------------------------------------------------------------------------

Number of OpenMM system constraints defined: 0

-----------------------------------------------------------------------------------
Time to calculate step (OpenMMTheory.run: const-check): 0.002 seconds, 0.0 minutes.
-----------------------------------------------------------------------------------
Updating coordinates.

------------------------------------------------------------------------
Time to calculate step (Creating pos array): 0.000 seconds, 0.0 minutes.
------------------------------------------------------------------------

---------------------------------------------------------------------------
Time to calculate step (Updating MM positions): 0.000 seconds, 0.0 minutes.
---------------------------------------------------------------------------
Calling OpenMM getState.

---------------------------------------------------------------------
Time to calculate step (OpenMM getState): 0.000 seconds, 0.0 minutes.
---------------------------------------------------------------------
OpenMM Energy: -2.6458490591673085 Eh
OpenMM Energy: -1660.2953515684258 kcal/mol

-----------------------
Ending OpenMM interface
-----------------------

----------------------------------------------------------------
Time to calculate step (OpenMM run): 0.002 seconds, 0.0 minutes.
----------------------------------------------------------------

-------------------------------------------------------------
Time to calculate step (MM step): 0.002 seconds, 0.0 minutes.
-------------------------------------------------------------

Note: You are using electrostatic embedding. This means that the QM-energy is actually the polarized QM-energy
Note: MM energy also contains the QM-MM Lennard-Jones interaction

QM energy:              -836.449869890972 
MM energy:                -2.645849059167
QM/MM energy:           -839.095718950139 

  ------------ENDING QM/MM MODULE------------- 

-----------------------------------------------------------------
Time to calculate step (QM/MM run): 102.911 seconds, 1.7 minutes.
-----------------------------------------------------------------
geometric called save_guess_files option option for ASHengineclass.
This option is currently unsupported in ASH. Continuing.
geometric called clearCalcs option for ASHengineclass.
This option is currently unsupported in ASH. Continuing.

Convergence criteria: {'convergence_energy': 1e-05, 'convergence_grms': 0.003, 'convergence_gmax': 0.006, 'convergence_drms': 0.01, 'convergence_dmax': 0.015, 'convergence_cmax': 0.01}

Replacing coordinates in fragment.
Creating/Updating fragment attributes...
Number of Atoms in fragment: 88
Formula: O18N12H38C20
Label: CHHCCOOOCHCHCCHCHCHOHCOOCOOHCNHHNHHNHHCOOHCOOHCNHHNHHNHHCOOHCOOHCNHHNHHNHHCNHHNHHNHHCOOH
Charge: -2 Mult: 1

--------------------------------------------------------------------------------
Wrote XYZ file:  Fragment-currentgeo.xyz
Current geometry (Å) in step 33 (print_atoms_list region)
---------------------------------------------------
        C  57.43440502   35.90037267   59.71260934
        H  57.55389904   36.25206007   58.68115694
        H  58.02994096   36.37821611   60.49226897
        C  56.63725018   34.86637133   60.01655420
        C  56.56628790   34.26969392   61.44985273
        O  57.22480251   34.84029381   62.36767537
        O  55.84372032   33.24696300   61.60613737
        O  55.88887105   34.21517065   59.07464526
        C  56.59377738   33.39143546   58.04608687
        H  56.00182252   32.45843339   58.05611627
        C  57.99683669   33.17144347   58.46446252
        H  58.16895953   32.77820632   59.46785106
        C  59.07528734   33.53171868   57.73991871
        C  58.91457261   33.94028188   56.33687438
        H  59.80585815   34.07535776   55.71788318
        C  57.68890592   34.07158469   55.80517894
        H  57.53788344   34.29810890   54.74524271
        C  56.42187387   33.98378811   56.62021007
        H  56.05993545   35.02502210   56.74246907
        O  55.47218142   33.23246147   55.86936017
        H  54.58644978   33.50471627   56.14505357
        C  60.38152907   33.69546612   58.52349557
        O  60.62629031   32.87179032   59.43972754
        O  60.98739689   34.75870120   58.25767117
        C  64.93960000   33.26550000   44.42870000
        O  66.12342500   33.32727600   44.03216300
        O  64.22831600   32.23811700   44.46125900
        H  64.48162100   34.20135000   44.78146100
        C  57.48340000   32.05040000   67.31550000
        N  57.63397700   32.43562000   66.05144600
        H  57.32346000   33.09812200   66.74770000
        H  57.83014600   31.48058200   66.31511300
        N  57.07450100   32.92280400   68.23234900
        H  57.27067000   31.96776600   68.49601600
        H  57.18884900   33.21534000   67.27242800
        N  57.74172100   30.79277600   67.66270500
        H  57.85607000   31.08531100   66.70278400
        H  57.43120400   31.45527800   68.35895900
        C  57.23480000   27.87720000   45.86430000
        O  58.41862500   27.93897600   45.46776300
        O  56.52351600   26.84981700   45.89685900
        H  56.77682100   28.81305000   46.21706100
        C  70.60420000   27.88010000   55.89570000
        O  71.78802500   27.94187600   55.49916300
        O  69.89291600   26.85271700   55.92825900
        H  70.14622100   28.81595000   56.24846100
        C  56.61970000   24.87390000   63.10710000
        N  56.77027700   25.25912000   61.84304600
        H  56.45976000   25.92162200   62.53930000
        H  56.96644600   24.30408200   62.10671300
        N  56.21080100   25.74630400   64.02394900
        H  56.40697000   24.79126600   64.28761600
        H  56.32514900   26.03884000   63.06402800
        N  56.87802100   23.61627600   63.45430500
        H  56.99237000   23.90881100   62.49438400
        H  56.56750400   24.27877800   64.15055900
        C  67.62720000   26.53280000   48.41340000
        O  68.81102500   26.59457600   48.01686300
        O  66.91591600   25.50541700   48.44595900
        H  67.16922100   27.46865000   48.76616100
        C  67.23540000   23.78030000   55.38840000
        O  68.41922500   23.84207600   54.99186300
        O  66.52411600   22.75291700   55.42095900
        H  66.77742100   24.71615000   55.74116100
        C  52.05360000   26.34030000   62.61070000
        N  52.20417700   26.72552000   61.34664600
        H  51.89366000   27.38802200   62.04290000
        H  52.40034600   25.77048200   61.61031300
        N  51.64470100   27.21270400   63.52754900
        H  51.84087000   26.25766600   63.79121600
        H  51.75904900   27.50524000   62.56762800
        N  52.31192100   25.08267600   62.95790500
        H  52.42627000   25.37521100   61.99798400
        H  52.00140400   25.74517800   63.65415900
        C  60.99040000   38.20210000   66.19070000
        N  61.14097700   38.58732000   64.92664600
        H  60.83046000   39.24982200   65.62290000
        H  61.33714600   37.63228200   65.19031300
        N  60.58150100   39.07450400   67.10754900
        H  60.77767000   38.11946600   67.37121600
        H  60.69584900   39.36704000   66.14762800
        N  61.24872100   36.94447600   66.53790500
        H  61.36307000   37.23701100   65.57798400
        H  60.93820400   37.60697800   67.23415900
        C  60.54270000   22.28810000   53.74910000
        O  61.72652500   22.34987600   53.35256300
        O  59.83141600   21.26071700   53.78165900
        H  60.08472100   23.22395000   54.10186100

Note: printed only print_atoms_list (this is not necessarily all atoms) 
  ------------RUNNING QM/MM MODULE------------- 
QM Module: ORCATheory
MM Module: OpenMMTheory
Charge provided from QMMMTheory object:  -2
Mult provided from QMMMTheory object:  1
QM-region Charge: -2 Mult: 1
Embedding: Electrostatic
Number of pointcharges (to QM program): 64
Number of charge coordinates: 64
Running QM/MM object with 8 cores available

-------------------------------------------------------------------
Time to calculate step (before-QMstep): 0.000 seconds, 0.0 minutes.
-------------------------------------------------------------------
  ------------RUNNING ORCA INTERFACE------------- 
Object-label: ORCA
Run-label: None
Running ORCA with 8 cores available
Moreadfile option not active
A GBW-file with same basename : orca.gbw is present
Autostart is False. ORCA will ignore any file present
Creating inputfile: orca.inp
ORCA input:
! B3LYP D3BJ def2-SVP def2/J RIJCOSX CPCM TightSCF

! Noautostart

%cpcm epsilon 4.0 end
%scf MaxIter 300 Guess PModel end
Charge: -2  Mult: 1
Pointcharge embedding is on!
 ORCA Calculation starting. 
Found warning messages in ORCA outputfile:
WARNING: The chosen methods will break translational/rotational symmetry
 WARNING: The chosen methods will break translational symmetry
 WARNING: The chosen methods will break translational symmetry

 ORCA Calculation done. 
ORCA converged in 14 iterations
ORCA energy: -836.454866360394
  ------------ENDING ORCA-INTERFACE------------- 

---------------------------------------------------------------
Time to calculate step (ORCA run): 98.723 seconds, 1.6 minutes.
---------------------------------------------------------------

--------------------------------------------------------------
Time to calculate step (QM step): 98.723 seconds, 1.6 minutes.
--------------------------------------------------------------

----------------------------------------------------------------------
Time to calculate step (QMpcgrad prepare): 0.000 seconds, 0.0 minutes.
----------------------------------------------------------------------

--------------------------------------------------------------------------
Time to calculate step (linkatomgrad prepare): 0.000 seconds, 0.0 minutes.
--------------------------------------------------------------------------

----------------------------------------------------------------------------
Time to calculate step (QM/MM gradient prepare): 0.000 seconds, 0.0 minutes.
----------------------------------------------------------------------------
Using OpenMM theory as part of QM/MM.
Using MM on full system. Charges for QM region [0, 1, 2, 3, 4, 5, 6, 7, 8, 9, 10, 11, 12, 13, 14, 15, 16, 17, 18, 19, 20, 21, 22, 23] have been set to zero 

--------------------------------------------------------------------------------
                   Creating/updating OpenMM simulation object                   
--------------------------------------------------------------------------------

Integrator name: VerletIntegrator
Timestep: 0.001
Temperature: 300
Coupling frequency: 1
Properties: {'Threads': '1'}
Topology: <Topology; 1 chains, 1 residues, 88 atoms, 0 bonds>

----------------------------------------------------------------------------------
Time to calculate step (creating/updating simulation): 0.002 seconds, 0.0 minutes.
----------------------------------------------------------------------------------

--------------------------------------------------------------------------------
                     Running Single-point OpenMM Interface                      
--------------------------------------------------------------------------------

Number of OpenMM system constraints defined: 0

-----------------------------------------------------------------------------------
Time to calculate step (OpenMMTheory.run: const-check): 0.002 seconds, 0.0 minutes.
-----------------------------------------------------------------------------------
Updating coordinates.

------------------------------------------------------------------------
Time to calculate step (Creating pos array): 0.000 seconds, 0.0 minutes.
------------------------------------------------------------------------

---------------------------------------------------------------------------
Time to calculate step (Updating MM positions): 0.000 seconds, 0.0 minutes.
---------------------------------------------------------------------------
Calling OpenMM getState.

---------------------------------------------------------------------
Time to calculate step (OpenMM getState): 0.000 seconds, 0.0 minutes.
---------------------------------------------------------------------
OpenMM Energy: -2.645880786450342 Eh
OpenMM Energy: -1660.3152607391157 kcal/mol

-----------------------
Ending OpenMM interface
-----------------------

----------------------------------------------------------------
Time to calculate step (OpenMM run): 0.004 seconds, 0.0 minutes.
----------------------------------------------------------------

-------------------------------------------------------------
Time to calculate step (MM step): 0.004 seconds, 0.0 minutes.
-------------------------------------------------------------

Note: You are using electrostatic embedding. This means that the QM-energy is actually the polarized QM-energy
Note: MM energy also contains the QM-MM Lennard-Jones interaction

QM energy:              -836.454866360394 
MM energy:                -2.645880786450
QM/MM energy:           -839.100747146844 

  ------------ENDING QM/MM MODULE------------- 

----------------------------------------------------------------
Time to calculate step (QM/MM run): 98.727 seconds, 1.6 minutes.
----------------------------------------------------------------
geometric called save_guess_files option option for ASHengineclass.
This option is currently unsupported in ASH. Continuing.

Convergence criteria: {'convergence_energy': 1e-05, 'convergence_grms': 0.003, 'convergence_gmax': 0.006, 'convergence_drms': 0.01, 'convergence_dmax': 0.015, 'convergence_cmax': 0.01}

Replacing coordinates in fragment.
Creating/Updating fragment attributes...
Number of Atoms in fragment: 88
Formula: O18N12H38C20
Label: CHHCCOOOCHCHCCHCHCHOHCOOCOOHCNHHNHHNHHCOOHCOOHCNHHNHHNHHCOOHCOOHCNHHNHHNHHCNHHNHHNHHCOOH
Charge: -2 Mult: 1

--------------------------------------------------------------------------------
Wrote XYZ file:  Fragment-currentgeo.xyz
Current geometry (Å) in step 34 (print_atoms_list region)
---------------------------------------------------
        C  57.37223615   35.90029247   59.81055455
        H  57.52398444   36.25460923   58.78495445
        H  57.90622908   36.39829444   60.62808909
        C  56.60163069   34.84199724   60.10046764
        C  56.52992384   34.25057773   61.53282292
        O  57.12574613   34.86258312   62.47215645
        O  55.88964701   33.16693759   61.67547919
        O  55.87232062   34.17045915   59.15522861
        C  56.57538341   33.36781524   58.12311555
        H  55.98362132   32.43405078   58.09766503
        C  57.97768940   33.13885361   58.55058987
        H  58.14465514   32.74160632   59.55309474
        C  59.06220374   33.52542555   57.84852171
        C  58.91319849   33.95764366   56.44827630
        H  59.80943409   34.10340870   55.83839041
        C  57.68946240   34.10092447   55.90765329
        H  57.54570988   34.34630062   54.84978383
        C  56.41483374   33.99266469   56.70850843
        H  56.04681524   35.02951847   56.85492138
        O  55.46725760   33.25630146   55.93759853
        H  54.58223399   33.55911776   56.17458384
        C  60.34590739   33.71870323   58.66626400
        O  60.55291319   32.94260145   59.63619031
        O  60.96903855   34.76199119   58.36972116
        C  64.93960000   33.26550000   44.42870000
        O  66.12342500   33.32727600   44.03216300
        O  64.22831600   32.23811700   44.46125900
        H  64.48162100   34.20135000   44.78146100
        C  57.48340000   32.05040000   67.31550000
        N  57.63397700   32.43562000   66.05144600
        H  57.32346000   33.09812200   66.74770000
        H  57.83014600   31.48058200   66.31511300
        N  57.07450100   32.92280400   68.23234900
        H  57.27067000   31.96776600   68.49601600
        H  57.18884900   33.21534000   67.27242800
        N  57.74172100   30.79277600   67.66270500
        H  57.85607000   31.08531100   66.70278400
        H  57.43120400   31.45527800   68.35895900
        C  57.23480000   27.87720000   45.86430000
        O  58.41862500   27.93897600   45.46776300
        O  56.52351600   26.84981700   45.89685900
        H  56.77682100   28.81305000   46.21706100
        C  70.60420000   27.88010000   55.89570000
        O  71.78802500   27.94187600   55.49916300
        O  69.89291600   26.85271700   55.92825900
        H  70.14622100   28.81595000   56.24846100
        C  56.61970000   24.87390000   63.10710000
        N  56.77027700   25.25912000   61.84304600
        H  56.45976000   25.92162200   62.53930000
        H  56.96644600   24.30408200   62.10671300
        N  56.21080100   25.74630400   64.02394900
        H  56.40697000   24.79126600   64.28761600
        H  56.32514900   26.03884000   63.06402800
        N  56.87802100   23.61627600   63.45430500
        H  56.99237000   23.90881100   62.49438400
        H  56.56750400   24.27877800   64.15055900
        C  67.62720000   26.53280000   48.41340000
        O  68.81102500   26.59457600   48.01686300
        O  66.91591600   25.50541700   48.44595900
        H  67.16922100   27.46865000   48.76616100
        C  67.23540000   23.78030000   55.38840000
        O  68.41922500   23.84207600   54.99186300
        O  66.52411600   22.75291700   55.42095900
        H  66.77742100   24.71615000   55.74116100
        C  52.05360000   26.34030000   62.61070000
        N  52.20417700   26.72552000   61.34664600
        H  51.89366000   27.38802200   62.04290000
        H  52.40034600   25.77048200   61.61031300
        N  51.64470100   27.21270400   63.52754900
        H  51.84087000   26.25766600   63.79121600
        H  51.75904900   27.50524000   62.56762800
        N  52.31192100   25.08267600   62.95790500
        H  52.42627000   25.37521100   61.99798400
        H  52.00140400   25.74517800   63.65415900
        C  60.99040000   38.20210000   66.19070000
        N  61.14097700   38.58732000   64.92664600
        H  60.83046000   39.24982200   65.62290000
        H  61.33714600   37.63228200   65.19031300
        N  60.58150100   39.07450400   67.10754900
        H  60.77767000   38.11946600   67.37121600
        H  60.69584900   39.36704000   66.14762800
        N  61.24872100   36.94447600   66.53790500
        H  61.36307000   37.23701100   65.57798400
        H  60.93820400   37.60697800   67.23415900
        C  60.54270000   22.28810000   53.74910000
        O  61.72652500   22.34987600   53.35256300
        O  59.83141600   21.26071700   53.78165900
        H  60.08472100   23.22395000   54.10186100

Note: printed only print_atoms_list (this is not necessarily all atoms) 
  ------------RUNNING QM/MM MODULE------------- 
QM Module: ORCATheory
MM Module: OpenMMTheory
Charge provided from QMMMTheory object:  -2
Mult provided from QMMMTheory object:  1
QM-region Charge: -2 Mult: 1
Embedding: Electrostatic
Number of pointcharges (to QM program): 64
Number of charge coordinates: 64
Running QM/MM object with 8 cores available

-------------------------------------------------------------------
Time to calculate step (before-QMstep): 0.000 seconds, 0.0 minutes.
-------------------------------------------------------------------
  ------------RUNNING ORCA INTERFACE------------- 
Object-label: ORCA
Run-label: None
Running ORCA with 8 cores available
Moreadfile option not active
A GBW-file with same basename : orca.gbw is present
Autostart is False. ORCA will ignore any file present
Creating inputfile: orca.inp
ORCA input:
! B3LYP D3BJ def2-SVP def2/J RIJCOSX CPCM TightSCF

! Noautostart

%cpcm epsilon 4.0 end
%scf MaxIter 300 Guess PModel end
Charge: -2  Mult: 1
Pointcharge embedding is on!
 ORCA Calculation starting. 
Found warning messages in ORCA outputfile:
WARNING: The chosen methods will break translational/rotational symmetry
 WARNING: The chosen methods will break translational symmetry
 WARNING: The chosen methods will break translational symmetry

 ORCA Calculation done. 
ORCA converged in 14 iterations
ORCA energy: -836.461778309769
  ------------ENDING ORCA-INTERFACE------------- 

----------------------------------------------------------------
Time to calculate step (ORCA run): 103.521 seconds, 1.7 minutes.
----------------------------------------------------------------

---------------------------------------------------------------
Time to calculate step (QM step): 103.521 seconds, 1.7 minutes.
---------------------------------------------------------------

----------------------------------------------------------------------
Time to calculate step (QMpcgrad prepare): 0.000 seconds, 0.0 minutes.
----------------------------------------------------------------------

--------------------------------------------------------------------------
Time to calculate step (linkatomgrad prepare): 0.000 seconds, 0.0 minutes.
--------------------------------------------------------------------------

----------------------------------------------------------------------------
Time to calculate step (QM/MM gradient prepare): 0.000 seconds, 0.0 minutes.
----------------------------------------------------------------------------
Using OpenMM theory as part of QM/MM.
Using MM on full system. Charges for QM region [0, 1, 2, 3, 4, 5, 6, 7, 8, 9, 10, 11, 12, 13, 14, 15, 16, 17, 18, 19, 20, 21, 22, 23] have been set to zero 

--------------------------------------------------------------------------------
                   Creating/updating OpenMM simulation object                   
--------------------------------------------------------------------------------

Integrator name: VerletIntegrator
Timestep: 0.001
Temperature: 300
Coupling frequency: 1
Properties: {'Threads': '1'}
Topology: <Topology; 1 chains, 1 residues, 88 atoms, 0 bonds>

----------------------------------------------------------------------------------
Time to calculate step (creating/updating simulation): 0.002 seconds, 0.0 minutes.
----------------------------------------------------------------------------------

--------------------------------------------------------------------------------
                     Running Single-point OpenMM Interface                      
--------------------------------------------------------------------------------

Number of OpenMM system constraints defined: 0

-----------------------------------------------------------------------------------
Time to calculate step (OpenMMTheory.run: const-check): 0.002 seconds, 0.0 minutes.
-----------------------------------------------------------------------------------
Updating coordinates.

------------------------------------------------------------------------
Time to calculate step (Creating pos array): 0.000 seconds, 0.0 minutes.
------------------------------------------------------------------------

---------------------------------------------------------------------------
Time to calculate step (Updating MM positions): 0.000 seconds, 0.0 minutes.
---------------------------------------------------------------------------
Calling OpenMM getState.

---------------------------------------------------------------------
Time to calculate step (OpenMM getState): 0.000 seconds, 0.0 minutes.
---------------------------------------------------------------------
OpenMM Energy: -2.6459344490988266 Eh
OpenMM Energy: -1660.348934559443 kcal/mol

-----------------------
Ending OpenMM interface
-----------------------

----------------------------------------------------------------
Time to calculate step (OpenMM run): 0.004 seconds, 0.0 minutes.
----------------------------------------------------------------

-------------------------------------------------------------
Time to calculate step (MM step): 0.004 seconds, 0.0 minutes.
-------------------------------------------------------------

Note: You are using electrostatic embedding. This means that the QM-energy is actually the polarized QM-energy
Note: MM energy also contains the QM-MM Lennard-Jones interaction

QM energy:              -836.461778309769 
MM energy:                -2.645934449099
QM/MM energy:           -839.107712758868 

  ------------ENDING QM/MM MODULE------------- 

-----------------------------------------------------------------
Time to calculate step (QM/MM run): 103.526 seconds, 1.7 minutes.
-----------------------------------------------------------------
geometric called save_guess_files option option for ASHengineclass.
This option is currently unsupported in ASH. Continuing.

Convergence criteria: {'convergence_energy': 1e-05, 'convergence_grms': 0.003, 'convergence_gmax': 0.006, 'convergence_drms': 0.01, 'convergence_dmax': 0.015, 'convergence_cmax': 0.01}

Replacing coordinates in fragment.
Creating/Updating fragment attributes...
Number of Atoms in fragment: 88
Formula: O18N12H38C20
Label: CHHCCOOOCHCHCCHCHCHOHCOOCOOHCNHHNHHNHHCOOHCOOHCNHHNHHNHHCOOHCOOHCNHHNHHNHHCNHHNHHNHHCOOH
Charge: -2 Mult: 1

--------------------------------------------------------------------------------
Wrote XYZ file:  Fragment-currentgeo.xyz
Current geometry (Å) in step 35 (print_atoms_list region)
---------------------------------------------------
        C  57.28078509   35.88407834   59.95517560
        H  57.43926670   36.26397970   58.93993197
        H  57.75880251   36.40602893   60.78882714
        C  56.54557248   34.79463629   60.22632687
        C  56.47950528   34.20596848   61.66148613
        O  56.98491063   34.88834779   62.62059406
        O  55.93402617   33.07857972   61.78861004
        O  55.83213756   34.11935738   59.27379949
        C  56.54862846   33.33850699   58.23716538
        H  55.96267503   32.40393809   58.16850326
        C  57.94939263   33.10307033   58.67804783
        H  58.10062446   32.69440471   59.67819781
        C  59.04162157   33.52575243   58.01165189
        C  58.91034250   33.98396562   56.61505783
        H  59.81365614   34.14043072   56.01830730
        C  57.69369505   34.14128387   56.06012540
        H  57.56944550   34.41282011   55.00533298
        C  56.40529649   34.00608474   56.83573010
        H  56.02658431   35.03370561   57.01108852
        O  55.46244563   33.29209935   56.03395384
        H  54.57818796   33.64467375   56.21285517
        C  60.30191946   33.75753192   58.86789749
        O  60.45601898   33.04415464   59.90053042
        O  60.95437211   34.76975917   58.53274411
        C  64.93960000   33.26550000   44.42870000
        O  66.12342500   33.32727600   44.03216300
        O  64.22831600   32.23811700   44.46125900
        H  64.48162100   34.20135000   44.78146100
        C  57.48340000   32.05040000   67.31550000
        N  57.63397700   32.43562000   66.05144600
        H  57.32346000   33.09812200   66.74770000
        H  57.83014600   31.48058200   66.31511300
        N  57.07450100   32.92280400   68.23234900
        H  57.27067000   31.96776600   68.49601600
        H  57.18884900   33.21534000   67.27242800
        N  57.74172100   30.79277600   67.66270500
        H  57.85607000   31.08531100   66.70278400
        H  57.43120400   31.45527800   68.35895900
        C  57.23480000   27.87720000   45.86430000
        O  58.41862500   27.93897600   45.46776300
        O  56.52351600   26.84981700   45.89685900
        H  56.77682100   28.81305000   46.21706100
        C  70.60420000   27.88010000   55.89570000
        O  71.78802500   27.94187600   55.49916300
        O  69.89291600   26.85271700   55.92825900
        H  70.14622100   28.81595000   56.24846100
        C  56.61970000   24.87390000   63.10710000
        N  56.77027700   25.25912000   61.84304600
        H  56.45976000   25.92162200   62.53930000
        H  56.96644600   24.30408200   62.10671300
        N  56.21080100   25.74630400   64.02394900
        H  56.40697000   24.79126600   64.28761600
        H  56.32514900   26.03884000   63.06402800
        N  56.87802100   23.61627600   63.45430500
        H  56.99237000   23.90881100   62.49438400
        H  56.56750400   24.27877800   64.15055900
        C  67.62720000   26.53280000   48.41340000
        O  68.81102500   26.59457600   48.01686300
        O  66.91591600   25.50541700   48.44595900
        H  67.16922100   27.46865000   48.76616100
        C  67.23540000   23.78030000   55.38840000
        O  68.41922500   23.84207600   54.99186300
        O  66.52411600   22.75291700   55.42095900
        H  66.77742100   24.71615000   55.74116100
        C  52.05360000   26.34030000   62.61070000
        N  52.20417700   26.72552000   61.34664600
        H  51.89366000   27.38802200   62.04290000
        H  52.40034600   25.77048200   61.61031300
        N  51.64470100   27.21270400   63.52754900
        H  51.84087000   26.25766600   63.79121600
        H  51.75904900   27.50524000   62.56762800
        N  52.31192100   25.08267600   62.95790500
        H  52.42627000   25.37521100   61.99798400
        H  52.00140400   25.74517800   63.65415900
        C  60.99040000   38.20210000   66.19070000
        N  61.14097700   38.58732000   64.92664600
        H  60.83046000   39.24982200   65.62290000
        H  61.33714600   37.63228200   65.19031300
        N  60.58150100   39.07450400   67.10754900
        H  60.77767000   38.11946600   67.37121600
        H  60.69584900   39.36704000   66.14762800
        N  61.24872100   36.94447600   66.53790500
        H  61.36307000   37.23701100   65.57798400
        H  60.93820400   37.60697800   67.23415900
        C  60.54270000   22.28810000   53.74910000
        O  61.72652500   22.34987600   53.35256300
        O  59.83141600   21.26071700   53.78165900
        H  60.08472100   23.22395000   54.10186100

Note: printed only print_atoms_list (this is not necessarily all atoms) 
  ------------RUNNING QM/MM MODULE------------- 
QM Module: ORCATheory
MM Module: OpenMMTheory
Charge provided from QMMMTheory object:  -2
Mult provided from QMMMTheory object:  1
QM-region Charge: -2 Mult: 1
Embedding: Electrostatic
Number of pointcharges (to QM program): 64
Number of charge coordinates: 64
Running QM/MM object with 8 cores available

-------------------------------------------------------------------
Time to calculate step (before-QMstep): 0.000 seconds, 0.0 minutes.
-------------------------------------------------------------------
  ------------RUNNING ORCA INTERFACE------------- 
Object-label: ORCA
Run-label: None
Running ORCA with 8 cores available
Moreadfile option not active
A GBW-file with same basename : orca.gbw is present
Autostart is False. ORCA will ignore any file present
Creating inputfile: orca.inp
ORCA input:
! B3LYP D3BJ def2-SVP def2/J RIJCOSX CPCM TightSCF

! Noautostart

%cpcm epsilon 4.0 end
%scf MaxIter 300 Guess PModel end
Charge: -2  Mult: 1
Pointcharge embedding is on!
 ORCA Calculation starting. 
Found warning messages in ORCA outputfile:
WARNING: The chosen methods will break translational/rotational symmetry
 WARNING: The chosen methods will break translational symmetry
 WARNING: The chosen methods will break translational symmetry

 ORCA Calculation done. 
ORCA converged in 10 iterations
ORCA energy: -836.47099231672
  ------------ENDING ORCA-INTERFACE------------- 

---------------------------------------------------------------
Time to calculate step (ORCA run): 85.223 seconds, 1.4 minutes.
---------------------------------------------------------------

--------------------------------------------------------------
Time to calculate step (QM step): 85.223 seconds, 1.4 minutes.
--------------------------------------------------------------

----------------------------------------------------------------------
Time to calculate step (QMpcgrad prepare): 0.000 seconds, 0.0 minutes.
----------------------------------------------------------------------

--------------------------------------------------------------------------
Time to calculate step (linkatomgrad prepare): 0.000 seconds, 0.0 minutes.
--------------------------------------------------------------------------

----------------------------------------------------------------------------
Time to calculate step (QM/MM gradient prepare): 0.000 seconds, 0.0 minutes.
----------------------------------------------------------------------------
Using OpenMM theory as part of QM/MM.
Using MM on full system. Charges for QM region [0, 1, 2, 3, 4, 5, 6, 7, 8, 9, 10, 11, 12, 13, 14, 15, 16, 17, 18, 19, 20, 21, 22, 23] have been set to zero 

--------------------------------------------------------------------------------
                   Creating/updating OpenMM simulation object                   
--------------------------------------------------------------------------------

Integrator name: VerletIntegrator
Timestep: 0.001
Temperature: 300
Coupling frequency: 1
Properties: {'Threads': '1'}
Topology: <Topology; 1 chains, 1 residues, 88 atoms, 0 bonds>

----------------------------------------------------------------------------------
Time to calculate step (creating/updating simulation): 0.002 seconds, 0.0 minutes.
----------------------------------------------------------------------------------

--------------------------------------------------------------------------------
                     Running Single-point OpenMM Interface                      
--------------------------------------------------------------------------------

Number of OpenMM system constraints defined: 0

-----------------------------------------------------------------------------------
Time to calculate step (OpenMMTheory.run: const-check): 0.002 seconds, 0.0 minutes.
-----------------------------------------------------------------------------------
Updating coordinates.

------------------------------------------------------------------------
Time to calculate step (Creating pos array): 0.000 seconds, 0.0 minutes.
------------------------------------------------------------------------

---------------------------------------------------------------------------
Time to calculate step (Updating MM positions): 0.000 seconds, 0.0 minutes.
---------------------------------------------------------------------------
Calling OpenMM getState.

---------------------------------------------------------------------
Time to calculate step (OpenMM getState): 0.000 seconds, 0.0 minutes.
---------------------------------------------------------------------
OpenMM Energy: -2.6460197456736383 Eh
OpenMM Energy: -1660.4024589682424 kcal/mol

-----------------------
Ending OpenMM interface
-----------------------

----------------------------------------------------------------
Time to calculate step (OpenMM run): 0.003 seconds, 0.0 minutes.
----------------------------------------------------------------

-------------------------------------------------------------
Time to calculate step (MM step): 0.004 seconds, 0.0 minutes.
-------------------------------------------------------------

Note: You are using electrostatic embedding. This means that the QM-energy is actually the polarized QM-energy
Note: MM energy also contains the QM-MM Lennard-Jones interaction

QM energy:              -836.470992316720 
MM energy:                -2.646019745674
QM/MM energy:           -839.117012062394 

  ------------ENDING QM/MM MODULE------------- 

----------------------------------------------------------------
Time to calculate step (QM/MM run): 85.227 seconds, 1.4 minutes.
----------------------------------------------------------------
geometric called save_guess_files option option for ASHengineclass.
This option is currently unsupported in ASH. Continuing.

Convergence criteria: {'convergence_energy': 1e-05, 'convergence_grms': 0.003, 'convergence_gmax': 0.006, 'convergence_drms': 0.01, 'convergence_dmax': 0.015, 'convergence_cmax': 0.01}

Replacing coordinates in fragment.
Creating/Updating fragment attributes...
Number of Atoms in fragment: 88
Formula: O18N12H38C20
Label: CHHCCOOOCHCHCCHCHCHOHCOOCOOHCNHHNHHNHHCOOHCOOHCNHHNHHNHHCOOHCOOHCNHHNHHNHHCNHHNHHNHHCOOH
Charge: -2 Mult: 1

--------------------------------------------------------------------------------
Wrote XYZ file:  Fragment-currentgeo.xyz
Current geometry (Å) in step 36 (print_atoms_list region)
---------------------------------------------------
        C  57.12520257   35.89093813   60.18022440
        H  57.27152168   36.28847235   59.18269181
        H  57.57128341   36.42134043   61.02212244
        C  56.43239474   34.75992078   60.42260438
        C  56.38875722   34.11669267   61.85165796
        O  56.82126152   34.86431094   62.79281340
        O  55.99931959   32.90723819   61.97193595
        O  55.77297325   34.07325136   59.43761927
        C  56.50665680   33.32135452   58.39574504
        H  55.93860835   32.37959108   58.28735427
        C  57.89987834   33.09013439   58.86875855
        H  58.02357838   32.67360479   59.87036335
        C  59.00311405   33.54911656   58.25003374
        C  58.90079633   34.02886799   56.85743509
        H  59.81874042   34.20215061   56.28651268
        C  57.69825259   34.18735140   56.27256486
        H  57.61007349   34.48289864   55.22065284
        C  56.38615111   34.03131035   57.00826803
        H  56.00374314   35.05144294   57.20845428
        O  55.44868684   33.35053972   56.16866428
        H  54.57456637   33.76447777   56.27160437
        C  60.23486557   33.81983261   59.14981017
        O  60.33582152   33.17608872   60.23684123
        O  60.92305659   34.79599149   58.77956743
        C  64.93960000   33.26550000   44.42870000
        O  66.12342500   33.32727600   44.03216300
        O  64.22831600   32.23811700   44.46125900
        H  64.48162100   34.20135000   44.78146100
        C  57.48340000   32.05040000   67.31550000
        N  57.63397700   32.43562000   66.05144600
        H  57.32346000   33.09812200   66.74770000
        H  57.83014600   31.48058200   66.31511300
        N  57.07450100   32.92280400   68.23234900
        H  57.27067000   31.96776600   68.49601600
        H  57.18884900   33.21534000   67.27242800
        N  57.74172100   30.79277600   67.66270500
        H  57.85607000   31.08531100   66.70278400
        H  57.43120400   31.45527800   68.35895900
        C  57.23480000   27.87720000   45.86430000
        O  58.41862500   27.93897600   45.46776300
        O  56.52351600   26.84981700   45.89685900
        H  56.77682100   28.81305000   46.21706100
        C  70.60420000   27.88010000   55.89570000
        O  71.78802500   27.94187600   55.49916300
        O  69.89291600   26.85271700   55.92825900
        H  70.14622100   28.81595000   56.24846100
        C  56.61970000   24.87390000   63.10710000
        N  56.77027700   25.25912000   61.84304600
        H  56.45976000   25.92162200   62.53930000
        H  56.96644600   24.30408200   62.10671300
        N  56.21080100   25.74630400   64.02394900
        H  56.40697000   24.79126600   64.28761600
        H  56.32514900   26.03884000   63.06402800
        N  56.87802100   23.61627600   63.45430500
        H  56.99237000   23.90881100   62.49438400
        H  56.56750400   24.27877800   64.15055900
        C  67.62720000   26.53280000   48.41340000
        O  68.81102500   26.59457600   48.01686300
        O  66.91591600   25.50541700   48.44595900
        H  67.16922100   27.46865000   48.76616100
        C  67.23540000   23.78030000   55.38840000
        O  68.41922500   23.84207600   54.99186300
        O  66.52411600   22.75291700   55.42095900
        H  66.77742100   24.71615000   55.74116100
        C  52.05360000   26.34030000   62.61070000
        N  52.20417700   26.72552000   61.34664600
        H  51.89366000   27.38802200   62.04290000
        H  52.40034600   25.77048200   61.61031300
        N  51.64470100   27.21270400   63.52754900
        H  51.84087000   26.25766600   63.79121600
        H  51.75904900   27.50524000   62.56762800
        N  52.31192100   25.08267600   62.95790500
        H  52.42627000   25.37521100   61.99798400
        H  52.00140400   25.74517800   63.65415900
        C  60.99040000   38.20210000   66.19070000
        N  61.14097700   38.58732000   64.92664600
        H  60.83046000   39.24982200   65.62290000
        H  61.33714600   37.63228200   65.19031300
        N  60.58150100   39.07450400   67.10754900
        H  60.77767000   38.11946600   67.37121600
        H  60.69584900   39.36704000   66.14762800
        N  61.24872100   36.94447600   66.53790500
        H  61.36307000   37.23701100   65.57798400
        H  60.93820400   37.60697800   67.23415900
        C  60.54270000   22.28810000   53.74910000
        O  61.72652500   22.34987600   53.35256300
        O  59.83141600   21.26071700   53.78165900
        H  60.08472100   23.22395000   54.10186100

Note: printed only print_atoms_list (this is not necessarily all atoms) 
  ------------RUNNING QM/MM MODULE------------- 
QM Module: ORCATheory
MM Module: OpenMMTheory
Charge provided from QMMMTheory object:  -2
Mult provided from QMMMTheory object:  1
QM-region Charge: -2 Mult: 1
Embedding: Electrostatic
Number of pointcharges (to QM program): 64
Number of charge coordinates: 64
Running QM/MM object with 8 cores available

-------------------------------------------------------------------
Time to calculate step (before-QMstep): 0.000 seconds, 0.0 minutes.
-------------------------------------------------------------------
  ------------RUNNING ORCA INTERFACE------------- 
Object-label: ORCA
Run-label: None
Running ORCA with 8 cores available
Moreadfile option not active
A GBW-file with same basename : orca.gbw is present
Autostart is False. ORCA will ignore any file present
Creating inputfile: orca.inp
ORCA input:
! B3LYP D3BJ def2-SVP def2/J RIJCOSX CPCM TightSCF

! Noautostart

%cpcm epsilon 4.0 end
%scf MaxIter 300 Guess PModel end
Charge: -2  Mult: 1
Pointcharge embedding is on!
 ORCA Calculation starting. 
Found warning messages in ORCA outputfile:
WARNING: The chosen methods will break translational/rotational symmetry
 WARNING: The chosen methods will break translational symmetry
 WARNING: The chosen methods will break translational symmetry

 ORCA Calculation done. 
ORCA converged in 12 iterations
ORCA energy: -836.482406441527
  ------------ENDING ORCA-INTERFACE------------- 

---------------------------------------------------------------
Time to calculate step (ORCA run): 97.255 seconds, 1.6 minutes.
---------------------------------------------------------------

--------------------------------------------------------------
Time to calculate step (QM step): 97.255 seconds, 1.6 minutes.
--------------------------------------------------------------

----------------------------------------------------------------------
Time to calculate step (QMpcgrad prepare): 0.000 seconds, 0.0 minutes.
----------------------------------------------------------------------

--------------------------------------------------------------------------
Time to calculate step (linkatomgrad prepare): 0.000 seconds, 0.0 minutes.
--------------------------------------------------------------------------

----------------------------------------------------------------------------
Time to calculate step (QM/MM gradient prepare): 0.000 seconds, 0.0 minutes.
----------------------------------------------------------------------------
Using OpenMM theory as part of QM/MM.
Using MM on full system. Charges for QM region [0, 1, 2, 3, 4, 5, 6, 7, 8, 9, 10, 11, 12, 13, 14, 15, 16, 17, 18, 19, 20, 21, 22, 23] have been set to zero 

--------------------------------------------------------------------------------
                   Creating/updating OpenMM simulation object                   
--------------------------------------------------------------------------------

Integrator name: VerletIntegrator
Timestep: 0.001
Temperature: 300
Coupling frequency: 1
Properties: {'Threads': '1'}
Topology: <Topology; 1 chains, 1 residues, 88 atoms, 0 bonds>

----------------------------------------------------------------------------------
Time to calculate step (creating/updating simulation): 0.002 seconds, 0.0 minutes.
----------------------------------------------------------------------------------

--------------------------------------------------------------------------------
                     Running Single-point OpenMM Interface                      
--------------------------------------------------------------------------------

Number of OpenMM system constraints defined: 0

-----------------------------------------------------------------------------------
Time to calculate step (OpenMMTheory.run: const-check): 0.002 seconds, 0.0 minutes.
-----------------------------------------------------------------------------------
Updating coordinates.

------------------------------------------------------------------------
Time to calculate step (Creating pos array): 0.000 seconds, 0.0 minutes.
------------------------------------------------------------------------

---------------------------------------------------------------------------
Time to calculate step (Updating MM positions): 0.000 seconds, 0.0 minutes.
---------------------------------------------------------------------------
Calling OpenMM getState.

---------------------------------------------------------------------
Time to calculate step (OpenMM getState): 0.000 seconds, 0.0 minutes.
---------------------------------------------------------------------
OpenMM Energy: -2.6461642428854373 Eh
OpenMM Energy: -1660.493132337622 kcal/mol

-----------------------
Ending OpenMM interface
-----------------------

----------------------------------------------------------------
Time to calculate step (OpenMM run): 0.002 seconds, 0.0 minutes.
----------------------------------------------------------------

-------------------------------------------------------------
Time to calculate step (MM step): 0.002 seconds, 0.0 minutes.
-------------------------------------------------------------

Note: You are using electrostatic embedding. This means that the QM-energy is actually the polarized QM-energy
Note: MM energy also contains the QM-MM Lennard-Jones interaction

QM energy:              -836.482406441527 
MM energy:                -2.646164242885
QM/MM energy:           -839.128570684412 

  ------------ENDING QM/MM MODULE------------- 

----------------------------------------------------------------
Time to calculate step (QM/MM run): 97.258 seconds, 1.6 minutes.
----------------------------------------------------------------
geometric called save_guess_files option option for ASHengineclass.
This option is currently unsupported in ASH. Continuing.

Convergence criteria: {'convergence_energy': 1e-05, 'convergence_grms': 0.003, 'convergence_gmax': 0.006, 'convergence_drms': 0.01, 'convergence_dmax': 0.015, 'convergence_cmax': 0.01}

Replacing coordinates in fragment.
Creating/Updating fragment attributes...
Number of Atoms in fragment: 88
Formula: O18N12H38C20
Label: CHHCCOOOCHCHCCHCHCHOHCOOCOOHCNHHNHHNHHCOOHCOOHCNHHNHHNHHCOOHCOOHCNHHNHHNHHCNHHNHHNHHCOOH
Charge: -2 Mult: 1

--------------------------------------------------------------------------------
Wrote XYZ file:  Fragment-currentgeo.xyz
Current geometry (Å) in step 37 (print_atoms_list region)
---------------------------------------------------
        C  56.90700972   35.84774797   60.49013556
        H  57.02579760   36.28282419   59.50308332
        H  57.32281841   36.39357458   61.32725865
        C  56.29045705   34.66132440   60.69957910
        C  56.28312683   34.04107310   62.13211749
        O  56.59547166   34.84776986   63.07961405
        O  56.05497696   32.82196872   62.27947875
        O  55.68339103   33.97459251   59.67126969
        C  56.45290487   33.27585239   58.61326836
        H  55.90696547   32.32946563   58.44026896
        C  57.83712818   33.04237145   59.14127854
        H  57.91935393   32.61136277   60.14186908
        C  58.95146639   33.56542534   58.59965879
        C  58.88994178   34.08137206   57.21270646
        H  59.82931837   34.27634804   56.68054698
        C  57.70872841   34.25700736   56.58004800
        H  57.67801027   34.60482641   55.53720480
        C  56.36410614   34.05977666   57.25295293
        H  55.96072899   35.06143713   57.49739426
        O  55.44391999   33.42626491   56.35698867
        H  54.60712467   33.90243672   56.37296668
        C  60.14046510   33.90694154   59.54476260
        O  60.16105898   33.37648611   60.70397210
        O  60.88317728   34.80257666   59.09675816
        C  64.93960000   33.26550000   44.42870000
        O  66.12342500   33.32727600   44.03216300
        O  64.22831600   32.23811700   44.46125900
        H  64.48162100   34.20135000   44.78146100
        C  57.48340000   32.05040000   67.31550000
        N  57.63397700   32.43562000   66.05144600
        H  57.32346000   33.09812200   66.74770000
        H  57.83014600   31.48058200   66.31511300
        N  57.07450100   32.92280400   68.23234900
        H  57.27067000   31.96776600   68.49601600
        H  57.18884900   33.21534000   67.27242800
        N  57.74172100   30.79277600   67.66270500
        H  57.85607000   31.08531100   66.70278400
        H  57.43120400   31.45527800   68.35895900
        C  57.23480000   27.87720000   45.86430000
        O  58.41862500   27.93897600   45.46776300
        O  56.52351600   26.84981700   45.89685900
        H  56.77682100   28.81305000   46.21706100
        C  70.60420000   27.88010000   55.89570000
        O  71.78802500   27.94187600   55.49916300
        O  69.89291600   26.85271700   55.92825900
        H  70.14622100   28.81595000   56.24846100
        C  56.61970000   24.87390000   63.10710000
        N  56.77027700   25.25912000   61.84304600
        H  56.45976000   25.92162200   62.53930000
        H  56.96644600   24.30408200   62.10671300
        N  56.21080100   25.74630400   64.02394900
        H  56.40697000   24.79126600   64.28761600
        H  56.32514900   26.03884000   63.06402800
        N  56.87802100   23.61627600   63.45430500
        H  56.99237000   23.90881100   62.49438400
        H  56.56750400   24.27877800   64.15055900
        C  67.62720000   26.53280000   48.41340000
        O  68.81102500   26.59457600   48.01686300
        O  66.91591600   25.50541700   48.44595900
        H  67.16922100   27.46865000   48.76616100
        C  67.23540000   23.78030000   55.38840000
        O  68.41922500   23.84207600   54.99186300
        O  66.52411600   22.75291700   55.42095900
        H  66.77742100   24.71615000   55.74116100
        C  52.05360000   26.34030000   62.61070000
        N  52.20417700   26.72552000   61.34664600
        H  51.89366000   27.38802200   62.04290000
        H  52.40034600   25.77048200   61.61031300
        N  51.64470100   27.21270400   63.52754900
        H  51.84087000   26.25766600   63.79121600
        H  51.75904900   27.50524000   62.56762800
        N  52.31192100   25.08267600   62.95790500
        H  52.42627000   25.37521100   61.99798400
        H  52.00140400   25.74517800   63.65415900
        C  60.99040000   38.20210000   66.19070000
        N  61.14097700   38.58732000   64.92664600
        H  60.83046000   39.24982200   65.62290000
        H  61.33714600   37.63228200   65.19031300
        N  60.58150100   39.07450400   67.10754900
        H  60.77767000   38.11946600   67.37121600
        H  60.69584900   39.36704000   66.14762800
        N  61.24872100   36.94447600   66.53790500
        H  61.36307000   37.23701100   65.57798400
        H  60.93820400   37.60697800   67.23415900
        C  60.54270000   22.28810000   53.74910000
        O  61.72652500   22.34987600   53.35256300
        O  59.83141600   21.26071700   53.78165900
        H  60.08472100   23.22395000   54.10186100

Note: printed only print_atoms_list (this is not necessarily all atoms) 
  ------------RUNNING QM/MM MODULE------------- 
QM Module: ORCATheory
MM Module: OpenMMTheory
Charge provided from QMMMTheory object:  -2
Mult provided from QMMMTheory object:  1
QM-region Charge: -2 Mult: 1
Embedding: Electrostatic
Number of pointcharges (to QM program): 64
Number of charge coordinates: 64
Running QM/MM object with 8 cores available

-------------------------------------------------------------------
Time to calculate step (before-QMstep): 0.000 seconds, 0.0 minutes.
-------------------------------------------------------------------
  ------------RUNNING ORCA INTERFACE------------- 
Object-label: ORCA
Run-label: None
Running ORCA with 8 cores available
Moreadfile option not active
A GBW-file with same basename : orca.gbw is present
Autostart is False. ORCA will ignore any file present
Creating inputfile: orca.inp
ORCA input:
! B3LYP D3BJ def2-SVP def2/J RIJCOSX CPCM TightSCF

! Noautostart

%cpcm epsilon 4.0 end
%scf MaxIter 300 Guess PModel end
Charge: -2  Mult: 1
Pointcharge embedding is on!
 ORCA Calculation starting. 
Found warning messages in ORCA outputfile:
WARNING: The chosen methods will break translational/rotational symmetry
 WARNING: The chosen methods will break translational symmetry
 WARNING: The chosen methods will break translational symmetry

 ORCA Calculation done. 
ORCA converged in 12 iterations
ORCA energy: -836.49916440329
  ------------ENDING ORCA-INTERFACE------------- 

---------------------------------------------------------------
Time to calculate step (ORCA run): 96.151 seconds, 1.6 minutes.
---------------------------------------------------------------

--------------------------------------------------------------
Time to calculate step (QM step): 96.151 seconds, 1.6 minutes.
--------------------------------------------------------------

----------------------------------------------------------------------
Time to calculate step (QMpcgrad prepare): 0.000 seconds, 0.0 minutes.
----------------------------------------------------------------------

--------------------------------------------------------------------------
Time to calculate step (linkatomgrad prepare): 0.000 seconds, 0.0 minutes.
--------------------------------------------------------------------------

----------------------------------------------------------------------------
Time to calculate step (QM/MM gradient prepare): 0.000 seconds, 0.0 minutes.
----------------------------------------------------------------------------
Using OpenMM theory as part of QM/MM.
Using MM on full system. Charges for QM region [0, 1, 2, 3, 4, 5, 6, 7, 8, 9, 10, 11, 12, 13, 14, 15, 16, 17, 18, 19, 20, 21, 22, 23] have been set to zero 

--------------------------------------------------------------------------------
                   Creating/updating OpenMM simulation object                   
--------------------------------------------------------------------------------

Integrator name: VerletIntegrator
Timestep: 0.001
Temperature: 300
Coupling frequency: 1
Properties: {'Threads': '1'}
Topology: <Topology; 1 chains, 1 residues, 88 atoms, 0 bonds>

----------------------------------------------------------------------------------
Time to calculate step (creating/updating simulation): 0.002 seconds, 0.0 minutes.
----------------------------------------------------------------------------------

--------------------------------------------------------------------------------
                     Running Single-point OpenMM Interface                      
--------------------------------------------------------------------------------

Number of OpenMM system constraints defined: 0

-----------------------------------------------------------------------------------
Time to calculate step (OpenMMTheory.run: const-check): 0.002 seconds, 0.0 minutes.
-----------------------------------------------------------------------------------
Updating coordinates.

------------------------------------------------------------------------
Time to calculate step (Creating pos array): 0.000 seconds, 0.0 minutes.
------------------------------------------------------------------------

---------------------------------------------------------------------------
Time to calculate step (Updating MM positions): 0.000 seconds, 0.0 minutes.
---------------------------------------------------------------------------
Calling OpenMM getState.

---------------------------------------------------------------------
Time to calculate step (OpenMM getState): 0.000 seconds, 0.0 minutes.
---------------------------------------------------------------------
OpenMM Energy: -2.6464246765144654 Eh
OpenMM Energy: -1660.6565569072018 kcal/mol

-----------------------
Ending OpenMM interface
-----------------------

----------------------------------------------------------------
Time to calculate step (OpenMM run): 0.003 seconds, 0.0 minutes.
----------------------------------------------------------------

-------------------------------------------------------------
Time to calculate step (MM step): 0.004 seconds, 0.0 minutes.
-------------------------------------------------------------

Note: You are using electrostatic embedding. This means that the QM-energy is actually the polarized QM-energy
Note: MM energy also contains the QM-MM Lennard-Jones interaction

QM energy:              -836.499164403290 
MM energy:                -2.646424676514
QM/MM energy:           -839.145589079804 

  ------------ENDING QM/MM MODULE------------- 

----------------------------------------------------------------
Time to calculate step (QM/MM run): 96.155 seconds, 1.6 minutes.
----------------------------------------------------------------
geometric called save_guess_files option option for ASHengineclass.
This option is currently unsupported in ASH. Continuing.
geometric called clearCalcs option for ASHengineclass.
This option is currently unsupported in ASH. Continuing.

Convergence criteria: {'convergence_energy': 1e-05, 'convergence_grms': 0.003, 'convergence_gmax': 0.006, 'convergence_drms': 0.01, 'convergence_dmax': 0.015, 'convergence_cmax': 0.01}

Replacing coordinates in fragment.
Creating/Updating fragment attributes...
Number of Atoms in fragment: 88
Formula: O18N12H38C20
Label: CHHCCOOOCHCHCCHCHCHOHCOOCOOHCNHHNHHNHHCOOHCOOHCNHHNHHNHHCOOHCOOHCNHHNHHNHHCNHHNHHNHHCOOH
Charge: -2 Mult: 1

--------------------------------------------------------------------------------
Wrote XYZ file:  Fragment-currentgeo.xyz
Current geometry (Å) in step 38 (print_atoms_list region)
---------------------------------------------------
        C  56.56213095   35.83826358   60.92815130
        H  56.62867739   36.38357174   59.95878251
        H  56.95742329   36.36096281   61.78980477
        C  56.07863591   34.55900374   61.07908450
        C  56.15106684   33.86986270   62.49289176
        O  56.27676878   34.69004308   63.51436350
        O  56.14345050   32.59650125   62.57085521
        O  55.52149800   33.87099739   60.02709397
        C  56.37327702   33.26078694   58.94718747
        H  55.84985110   32.31395887   58.71295047
        C  57.73467849   33.06798278   59.55823182
        H  57.75562204   32.60886643   60.54907893
        C  58.85897787   33.66063025   59.10066238
        C  58.86235128   34.18185503   57.71249295
        H  59.82676030   34.39768496   57.23203474
        C  57.71427597   34.34195417   57.02273835
        H  57.73452217   34.71263984   55.98759594
        C  56.33342466   34.11741085   57.62723005
        H  55.92961138   35.10766036   57.89819298
        O  55.43557037   33.52747498   56.67155597
        H  54.65955215   34.15034531   56.49814247
        C  59.99727589   34.04722186   60.08696772
        O  59.90737184   33.60318663   61.29510427
        O  60.82581809   34.86814193   59.61462405
        C  64.93960000   33.26550000   44.42870000
        O  66.12342500   33.32727600   44.03216300
        O  64.22831600   32.23811700   44.46125900
        H  64.48162100   34.20135000   44.78146100
        C  57.48340000   32.05040000   67.31550000
        N  57.63397700   32.43562000   66.05144600
        H  57.32346000   33.09812200   66.74770000
        H  57.83014600   31.48058200   66.31511300
        N  57.07450100   32.92280400   68.23234900
        H  57.27067000   31.96776600   68.49601600
        H  57.18884900   33.21534000   67.27242800
        N  57.74172100   30.79277600   67.66270500
        H  57.85607000   31.08531100   66.70278400
        H  57.43120400   31.45527800   68.35895900
        C  57.23480000   27.87720000   45.86430000
        O  58.41862500   27.93897600   45.46776300
        O  56.52351600   26.84981700   45.89685900
        H  56.77682100   28.81305000   46.21706100
        C  70.60420000   27.88010000   55.89570000
        O  71.78802500   27.94187600   55.49916300
        O  69.89291600   26.85271700   55.92825900
        H  70.14622100   28.81595000   56.24846100
        C  56.61970000   24.87390000   63.10710000
        N  56.77027700   25.25912000   61.84304600
        H  56.45976000   25.92162200   62.53930000
        H  56.96644600   24.30408200   62.10671300
        N  56.21080100   25.74630400   64.02394900
        H  56.40697000   24.79126600   64.28761600
        H  56.32514900   26.03884000   63.06402800
        N  56.87802100   23.61627600   63.45430500
        H  56.99237000   23.90881100   62.49438400
        H  56.56750400   24.27877800   64.15055900
        C  67.62720000   26.53280000   48.41340000
        O  68.81102500   26.59457600   48.01686300
        O  66.91591600   25.50541700   48.44595900
        H  67.16922100   27.46865000   48.76616100
        C  67.23540000   23.78030000   55.38840000
        O  68.41922500   23.84207600   54.99186300
        O  66.52411600   22.75291700   55.42095900
        H  66.77742100   24.71615000   55.74116100
        C  52.05360000   26.34030000   62.61070000
        N  52.20417700   26.72552000   61.34664600
        H  51.89366000   27.38802200   62.04290000
        H  52.40034600   25.77048200   61.61031300
        N  51.64470100   27.21270400   63.52754900
        H  51.84087000   26.25766600   63.79121600
        H  51.75904900   27.50524000   62.56762800
        N  52.31192100   25.08267600   62.95790500
        H  52.42627000   25.37521100   61.99798400
        H  52.00140400   25.74517800   63.65415900
        C  60.99040000   38.20210000   66.19070000
        N  61.14097700   38.58732000   64.92664600
        H  60.83046000   39.24982200   65.62290000
        H  61.33714600   37.63228200   65.19031300
        N  60.58150100   39.07450400   67.10754900
        H  60.77767000   38.11946600   67.37121600
        H  60.69584900   39.36704000   66.14762800
        N  61.24872100   36.94447600   66.53790500
        H  61.36307000   37.23701100   65.57798400
        H  60.93820400   37.60697800   67.23415900
        C  60.54270000   22.28810000   53.74910000
        O  61.72652500   22.34987600   53.35256300
        O  59.83141600   21.26071700   53.78165900
        H  60.08472100   23.22395000   54.10186100

Note: printed only print_atoms_list (this is not necessarily all atoms) 
  ------------RUNNING QM/MM MODULE------------- 
QM Module: ORCATheory
MM Module: OpenMMTheory
Charge provided from QMMMTheory object:  -2
Mult provided from QMMMTheory object:  1
QM-region Charge: -2 Mult: 1
Embedding: Electrostatic
Number of pointcharges (to QM program): 64
Number of charge coordinates: 64
Running QM/MM object with 8 cores available

-------------------------------------------------------------------
Time to calculate step (before-QMstep): 0.000 seconds, 0.0 minutes.
-------------------------------------------------------------------
  ------------RUNNING ORCA INTERFACE------------- 
Object-label: ORCA
Run-label: None
Running ORCA with 8 cores available
Moreadfile option not active
A GBW-file with same basename : orca.gbw is present
Autostart is False. ORCA will ignore any file present
Creating inputfile: orca.inp
ORCA input:
! B3LYP D3BJ def2-SVP def2/J RIJCOSX CPCM TightSCF

! Noautostart

%cpcm epsilon 4.0 end
%scf MaxIter 300 Guess PModel end
Charge: -2  Mult: 1
Pointcharge embedding is on!
 ORCA Calculation starting. 
Found warning messages in ORCA outputfile:
WARNING: The chosen methods will break translational/rotational symmetry
 WARNING: The chosen methods will break translational symmetry
 WARNING: The chosen methods will break translational symmetry

 ORCA Calculation done. 
ORCA converged in 12 iterations
ORCA energy: -836.517474276169
  ------------ENDING ORCA-INTERFACE------------- 

---------------------------------------------------------------
Time to calculate step (ORCA run): 92.242 seconds, 1.5 minutes.
---------------------------------------------------------------

--------------------------------------------------------------
Time to calculate step (QM step): 92.242 seconds, 1.5 minutes.
--------------------------------------------------------------

----------------------------------------------------------------------
Time to calculate step (QMpcgrad prepare): 0.000 seconds, 0.0 minutes.
----------------------------------------------------------------------

--------------------------------------------------------------------------
Time to calculate step (linkatomgrad prepare): 0.000 seconds, 0.0 minutes.
--------------------------------------------------------------------------

----------------------------------------------------------------------------
Time to calculate step (QM/MM gradient prepare): 0.000 seconds, 0.0 minutes.
----------------------------------------------------------------------------
Using OpenMM theory as part of QM/MM.
Using MM on full system. Charges for QM region [0, 1, 2, 3, 4, 5, 6, 7, 8, 9, 10, 11, 12, 13, 14, 15, 16, 17, 18, 19, 20, 21, 22, 23] have been set to zero 

--------------------------------------------------------------------------------
                   Creating/updating OpenMM simulation object                   
--------------------------------------------------------------------------------

Integrator name: VerletIntegrator
Timestep: 0.001
Temperature: 300
Coupling frequency: 1
Properties: {'Threads': '1'}
Topology: <Topology; 1 chains, 1 residues, 88 atoms, 0 bonds>

----------------------------------------------------------------------------------
Time to calculate step (creating/updating simulation): 0.002 seconds, 0.0 minutes.
----------------------------------------------------------------------------------

--------------------------------------------------------------------------------
                     Running Single-point OpenMM Interface                      
--------------------------------------------------------------------------------

Number of OpenMM system constraints defined: 0

-----------------------------------------------------------------------------------
Time to calculate step (OpenMMTheory.run: const-check): 0.002 seconds, 0.0 minutes.
-----------------------------------------------------------------------------------
Updating coordinates.

------------------------------------------------------------------------
Time to calculate step (Creating pos array): 0.000 seconds, 0.0 minutes.
------------------------------------------------------------------------

---------------------------------------------------------------------------
Time to calculate step (Updating MM positions): 0.000 seconds, 0.0 minutes.
---------------------------------------------------------------------------
Calling OpenMM getState.

---------------------------------------------------------------------
Time to calculate step (OpenMM getState): 0.000 seconds, 0.0 minutes.
---------------------------------------------------------------------
OpenMM Energy: -2.646876303421971 Eh
OpenMM Energy: -1660.9399570704034 kcal/mol

-----------------------
Ending OpenMM interface
-----------------------

----------------------------------------------------------------
Time to calculate step (OpenMM run): 0.004 seconds, 0.0 minutes.
----------------------------------------------------------------

-------------------------------------------------------------
Time to calculate step (MM step): 0.004 seconds, 0.0 minutes.
-------------------------------------------------------------

Note: You are using electrostatic embedding. This means that the QM-energy is actually the polarized QM-energy
Note: MM energy also contains the QM-MM Lennard-Jones interaction

QM energy:              -836.517474276169 
MM energy:                -2.646876303422
QM/MM energy:           -839.164350579591 

  ------------ENDING QM/MM MODULE------------- 

----------------------------------------------------------------
Time to calculate step (QM/MM run): 92.246 seconds, 1.5 minutes.
----------------------------------------------------------------
geometric called save_guess_files option option for ASHengineclass.
This option is currently unsupported in ASH. Continuing.

Convergence criteria: {'convergence_energy': 1e-05, 'convergence_grms': 0.003, 'convergence_gmax': 0.006, 'convergence_drms': 0.01, 'convergence_dmax': 0.015, 'convergence_cmax': 0.01}

Replacing coordinates in fragment.
Creating/Updating fragment attributes...
Number of Atoms in fragment: 88
Formula: O18N12H38C20
Label: CHHCCOOOCHCHCCHCHCHOHCOOCOOHCNHHNHHNHHCOOHCOOHCNHHNHHNHHCOOHCOOHCNHHNHHNHHCNHHNHHNHHCOOH
Charge: -2 Mult: 1

--------------------------------------------------------------------------------
Wrote XYZ file:  Fragment-currentgeo.xyz
Current geometry (Å) in step 39 (print_atoms_list region)
---------------------------------------------------
        C  56.03182515   35.78833215   61.57023814
        H  55.93332695   36.46588539   60.64859681
        H  56.50967682   36.28777104   62.37563226
        C  55.73868652   34.42532027   61.64669790
        C  55.96438914   33.63577168   63.01547949
        O  56.00913221   34.35156400   64.06475849
        O  56.11379719   32.40039717   63.08603706
        O  55.28525017   33.75823512   60.52235037
        C  56.26920256   33.29444590   59.42260655
        H  55.78320053   32.34139377   59.13898116
        C  57.57060712   33.18233647   60.17141755
        H  57.49562158   32.69389200   61.14489423
        C  58.69140275   33.84283868   59.81009875
        C  58.79858409   34.32988282   58.42112226
        H  59.80250146   34.56884109   58.03956195
        C  57.71436865   34.44306733   57.64306949
        H  57.80629753   34.81252966   56.61890751
        C  56.29228500   34.21322776   58.15197242
        H  55.89996394   35.19595516   58.43526946
        O  55.44209425   33.68317734   57.12580915
        H  54.81250548   34.40744495   56.76088871
        C  59.78986863   34.25310343   60.80385786
        O  59.60998164   33.87860884   62.00532236
        O  60.72165913   34.98846278   60.35845903
        C  64.93960000   33.26550000   44.42870000
        O  66.12342500   33.32727600   44.03216300
        O  64.22831600   32.23811700   44.46125900
        H  64.48162100   34.20135000   44.78146100
        C  57.48340000   32.05040000   67.31550000
        N  57.63397700   32.43562000   66.05144600
        H  57.32346000   33.09812200   66.74770000
        H  57.83014600   31.48058200   66.31511300
        N  57.07450100   32.92280400   68.23234900
        H  57.27067000   31.96776600   68.49601600
        H  57.18884900   33.21534000   67.27242800
        N  57.74172100   30.79277600   67.66270500
        H  57.85607000   31.08531100   66.70278400
        H  57.43120400   31.45527800   68.35895900
        C  57.23480000   27.87720000   45.86430000
        O  58.41862500   27.93897600   45.46776300
        O  56.52351600   26.84981700   45.89685900
        H  56.77682100   28.81305000   46.21706100
        C  70.60420000   27.88010000   55.89570000
        O  71.78802500   27.94187600   55.49916300
        O  69.89291600   26.85271700   55.92825900
        H  70.14622100   28.81595000   56.24846100
        C  56.61970000   24.87390000   63.10710000
        N  56.77027700   25.25912000   61.84304600
        H  56.45976000   25.92162200   62.53930000
        H  56.96644600   24.30408200   62.10671300
        N  56.21080100   25.74630400   64.02394900
        H  56.40697000   24.79126600   64.28761600
        H  56.32514900   26.03884000   63.06402800
        N  56.87802100   23.61627600   63.45430500
        H  56.99237000   23.90881100   62.49438400
        H  56.56750400   24.27877800   64.15055900
        C  67.62720000   26.53280000   48.41340000
        O  68.81102500   26.59457600   48.01686300
        O  66.91591600   25.50541700   48.44595900
        H  67.16922100   27.46865000   48.76616100
        C  67.23540000   23.78030000   55.38840000
        O  68.41922500   23.84207600   54.99186300
        O  66.52411600   22.75291700   55.42095900
        H  66.77742100   24.71615000   55.74116100
        C  52.05360000   26.34030000   62.61070000
        N  52.20417700   26.72552000   61.34664600
        H  51.89366000   27.38802200   62.04290000
        H  52.40034600   25.77048200   61.61031300
        N  51.64470100   27.21270400   63.52754900
        H  51.84087000   26.25766600   63.79121600
        H  51.75904900   27.50524000   62.56762800
        N  52.31192100   25.08267600   62.95790500
        H  52.42627000   25.37521100   61.99798400
        H  52.00140400   25.74517800   63.65415900
        C  60.99040000   38.20210000   66.19070000
        N  61.14097700   38.58732000   64.92664600
        H  60.83046000   39.24982200   65.62290000
        H  61.33714600   37.63228200   65.19031300
        N  60.58150100   39.07450400   67.10754900
        H  60.77767000   38.11946600   67.37121600
        H  60.69584900   39.36704000   66.14762800
        N  61.24872100   36.94447600   66.53790500
        H  61.36307000   37.23701100   65.57798400
        H  60.93820400   37.60697800   67.23415900
        C  60.54270000   22.28810000   53.74910000
        O  61.72652500   22.34987600   53.35256300
        O  59.83141600   21.26071700   53.78165900
        H  60.08472100   23.22395000   54.10186100

Note: printed only print_atoms_list (this is not necessarily all atoms) 
  ------------RUNNING QM/MM MODULE------------- 
QM Module: ORCATheory
MM Module: OpenMMTheory
Charge provided from QMMMTheory object:  -2
Mult provided from QMMMTheory object:  1
QM-region Charge: -2 Mult: 1
Embedding: Electrostatic
Number of pointcharges (to QM program): 64
Number of charge coordinates: 64
Running QM/MM object with 8 cores available

-------------------------------------------------------------------
Time to calculate step (before-QMstep): 0.000 seconds, 0.0 minutes.
-------------------------------------------------------------------
  ------------RUNNING ORCA INTERFACE------------- 
Object-label: ORCA
Run-label: None
Running ORCA with 8 cores available
Moreadfile option not active
A GBW-file with same basename : orca.gbw is present
Autostart is False. ORCA will ignore any file present
Creating inputfile: orca.inp
ORCA input:
! B3LYP D3BJ def2-SVP def2/J RIJCOSX CPCM TightSCF

! Noautostart

%cpcm epsilon 4.0 end
%scf MaxIter 300 Guess PModel end
Charge: -2  Mult: 1
Pointcharge embedding is on!
 ORCA Calculation starting. 
Found warning messages in ORCA outputfile:
WARNING: The chosen methods will break translational/rotational symmetry
 WARNING: The chosen methods will break translational symmetry
 WARNING: The chosen methods will break translational symmetry

 ORCA Calculation done. 
ORCA converged in 12 iterations
ORCA energy: -836.546309027754
  ------------ENDING ORCA-INTERFACE------------- 

---------------------------------------------------------------
Time to calculate step (ORCA run): 95.540 seconds, 1.6 minutes.
---------------------------------------------------------------

--------------------------------------------------------------
Time to calculate step (QM step): 95.540 seconds, 1.6 minutes.
--------------------------------------------------------------

----------------------------------------------------------------------
Time to calculate step (QMpcgrad prepare): 0.000 seconds, 0.0 minutes.
----------------------------------------------------------------------

--------------------------------------------------------------------------
Time to calculate step (linkatomgrad prepare): 0.000 seconds, 0.0 minutes.
--------------------------------------------------------------------------

----------------------------------------------------------------------------
Time to calculate step (QM/MM gradient prepare): 0.000 seconds, 0.0 minutes.
----------------------------------------------------------------------------
Using OpenMM theory as part of QM/MM.
Using MM on full system. Charges for QM region [0, 1, 2, 3, 4, 5, 6, 7, 8, 9, 10, 11, 12, 13, 14, 15, 16, 17, 18, 19, 20, 21, 22, 23] have been set to zero 

--------------------------------------------------------------------------------
                   Creating/updating OpenMM simulation object                   
--------------------------------------------------------------------------------

Integrator name: VerletIntegrator
Timestep: 0.001
Temperature: 300
Coupling frequency: 1
Properties: {'Threads': '1'}
Topology: <Topology; 1 chains, 1 residues, 88 atoms, 0 bonds>

----------------------------------------------------------------------------------
Time to calculate step (creating/updating simulation): 0.002 seconds, 0.0 minutes.
----------------------------------------------------------------------------------

--------------------------------------------------------------------------------
                     Running Single-point OpenMM Interface                      
--------------------------------------------------------------------------------

Number of OpenMM system constraints defined: 0

-----------------------------------------------------------------------------------
Time to calculate step (OpenMMTheory.run: const-check): 0.002 seconds, 0.0 minutes.
-----------------------------------------------------------------------------------
Updating coordinates.

------------------------------------------------------------------------
Time to calculate step (Creating pos array): 0.000 seconds, 0.0 minutes.
------------------------------------------------------------------------

---------------------------------------------------------------------------
Time to calculate step (Updating MM positions): 0.000 seconds, 0.0 minutes.
---------------------------------------------------------------------------
Calling OpenMM getState.

---------------------------------------------------------------------
Time to calculate step (OpenMM getState): 0.000 seconds, 0.0 minutes.
---------------------------------------------------------------------
OpenMM Energy: -2.6474285562487685 Eh
OpenMM Energy: -1661.2865009512968 kcal/mol

-----------------------
Ending OpenMM interface
-----------------------

----------------------------------------------------------------
Time to calculate step (OpenMM run): 0.003 seconds, 0.0 minutes.
----------------------------------------------------------------

-------------------------------------------------------------
Time to calculate step (MM step): 0.004 seconds, 0.0 minutes.
-------------------------------------------------------------

Note: You are using electrostatic embedding. This means that the QM-energy is actually the polarized QM-energy
Note: MM energy also contains the QM-MM Lennard-Jones interaction

QM energy:              -836.546309027754 
MM energy:                -2.647428556249
QM/MM energy:           -839.193737584003 

  ------------ENDING QM/MM MODULE------------- 

----------------------------------------------------------------
Time to calculate step (QM/MM run): 95.544 seconds, 1.6 minutes.
----------------------------------------------------------------
geometric called save_guess_files option option for ASHengineclass.
This option is currently unsupported in ASH. Continuing.

Convergence criteria: {'convergence_energy': 1e-05, 'convergence_grms': 0.003, 'convergence_gmax': 0.006, 'convergence_drms': 0.01, 'convergence_dmax': 0.015, 'convergence_cmax': 0.01}

Replacing coordinates in fragment.
Creating/Updating fragment attributes...
Number of Atoms in fragment: 88
Formula: O18N12H38C20
Label: CHHCCOOOCHCHCCHCHCHOHCOOCOOHCNHHNHHNHHCOOHCOOHCNHHNHHNHHCOOHCOOHCNHHNHHNHHCNHHNHHNHHCOOH
Charge: -2 Mult: 1

--------------------------------------------------------------------------------
Wrote XYZ file:  Fragment-currentgeo.xyz
Current geometry (Å) in step 40 (print_atoms_list region)
---------------------------------------------------
        C  55.59329537   35.70662814   62.05177898
        H  55.54154115   36.16958345   61.09907959
        H  55.94536880   35.99373313   63.15405053
        C  55.45839501   34.41430062   62.03654013
        C  55.69939228   33.70739046   63.50914448
        O  55.50884236   34.15806790   64.78233341
        O  56.29922623   32.41662033   63.46927510
        O  55.07019327   33.44217250   61.19850021
        C  56.21418065   33.22104134   59.96253855
        H  55.76667592   32.28978280   59.58929751
        C  57.45800338   33.15587233   60.76540706
        H  57.29140105   32.62173035   61.70721070
        C  58.52707945   33.91812668   60.50244949
        C  58.72555568   34.44585381   59.15323755
        H  59.75633190   34.72606125   58.89473873
        C  57.70530837   34.58250297   58.32906452
        H  57.84474400   35.01682199   57.34059441
        C  56.27539971   34.27938801   58.76330010
        H  55.83870299   35.22250298   59.11432379
        O  55.56031099   33.82894846   57.60900577
        H  55.09920569   34.47933691   57.21877507
        C  59.55380173   34.39020147   61.50387315
        O  59.26631977   34.21442639   62.73218571
        O  60.60504813   34.97794174   61.03078963
        C  64.93960000   33.26550000   44.42870000
        O  66.12342500   33.32727600   44.03216300
        O  64.22831600   32.23811700   44.46125900
        H  64.48162100   34.20135000   44.78146100
        C  57.48340000   32.05040000   67.31550000
        N  57.63397700   32.43562000   66.05144600
        H  57.32346000   33.09812200   66.74770000
        H  57.83014600   31.48058200   66.31511300
        N  57.07450100   32.92280400   68.23234900
        H  57.27067000   31.96776600   68.49601600
        H  57.18884900   33.21534000   67.27242800
        N  57.74172100   30.79277600   67.66270500
        H  57.85607000   31.08531100   66.70278400
        H  57.43120400   31.45527800   68.35895900
        C  57.23480000   27.87720000   45.86430000
        O  58.41862500   27.93897600   45.46776300
        O  56.52351600   26.84981700   45.89685900
        H  56.77682100   28.81305000   46.21706100
        C  70.60420000   27.88010000   55.89570000
        O  71.78802500   27.94187600   55.49916300
        O  69.89291600   26.85271700   55.92825900
        H  70.14622100   28.81595000   56.24846100
        C  56.61970000   24.87390000   63.10710000
        N  56.77027700   25.25912000   61.84304600
        H  56.45976000   25.92162200   62.53930000
        H  56.96644600   24.30408200   62.10671300
        N  56.21080100   25.74630400   64.02394900
        H  56.40697000   24.79126600   64.28761600
        H  56.32514900   26.03884000   63.06402800
        N  56.87802100   23.61627600   63.45430500
        H  56.99237000   23.90881100   62.49438400
        H  56.56750400   24.27877800   64.15055900
        C  67.62720000   26.53280000   48.41340000
        O  68.81102500   26.59457600   48.01686300
        O  66.91591600   25.50541700   48.44595900
        H  67.16922100   27.46865000   48.76616100
        C  67.23540000   23.78030000   55.38840000
        O  68.41922500   23.84207600   54.99186300
        O  66.52411600   22.75291700   55.42095900
        H  66.77742100   24.71615000   55.74116100
        C  52.05360000   26.34030000   62.61070000
        N  52.20417700   26.72552000   61.34664600
        H  51.89366000   27.38802200   62.04290000
        H  52.40034600   25.77048200   61.61031300
        N  51.64470100   27.21270400   63.52754900
        H  51.84087000   26.25766600   63.79121600
        H  51.75904900   27.50524000   62.56762800
        N  52.31192100   25.08267600   62.95790500
        H  52.42627000   25.37521100   61.99798400
        H  52.00140400   25.74517800   63.65415900
        C  60.99040000   38.20210000   66.19070000
        N  61.14097700   38.58732000   64.92664600
        H  60.83046000   39.24982200   65.62290000
        H  61.33714600   37.63228200   65.19031300
        N  60.58150100   39.07450400   67.10754900
        H  60.77767000   38.11946600   67.37121600
        H  60.69584900   39.36704000   66.14762800
        N  61.24872100   36.94447600   66.53790500
        H  61.36307000   37.23701100   65.57798400
        H  60.93820400   37.60697800   67.23415900
        C  60.54270000   22.28810000   53.74910000
        O  61.72652500   22.34987600   53.35256300
        O  59.83141600   21.26071700   53.78165900
        H  60.08472100   23.22395000   54.10186100

Note: printed only print_atoms_list (this is not necessarily all atoms) 
  ------------RUNNING QM/MM MODULE------------- 
QM Module: ORCATheory
MM Module: OpenMMTheory
Charge provided from QMMMTheory object:  -2
Mult provided from QMMMTheory object:  1
QM-region Charge: -2 Mult: 1
Embedding: Electrostatic
Number of pointcharges (to QM program): 64
Number of charge coordinates: 64
Running QM/MM object with 8 cores available

-------------------------------------------------------------------
Time to calculate step (before-QMstep): 0.000 seconds, 0.0 minutes.
-------------------------------------------------------------------
  ------------RUNNING ORCA INTERFACE------------- 
Object-label: ORCA
Run-label: None
Running ORCA with 8 cores available
Moreadfile option not active
A GBW-file with same basename : orca.gbw is present
Autostart is False. ORCA will ignore any file present
Creating inputfile: orca.inp
ORCA input:
! B3LYP D3BJ def2-SVP def2/J RIJCOSX CPCM TightSCF

! Noautostart

%cpcm epsilon 4.0 end
%scf MaxIter 300 Guess PModel end
Charge: -2  Mult: 1
Pointcharge embedding is on!
 ORCA Calculation starting. 
Found warning messages in ORCA outputfile:
WARNING: The chosen methods will break translational/rotational symmetry
 WARNING: The chosen methods will break translational symmetry
 WARNING: The chosen methods will break translational symmetry

 ORCA Calculation done. 
ORCA converged in 14 iterations
ORCA energy: -836.496151940868
  ------------ENDING ORCA-INTERFACE------------- 

---------------------------------------------------------------
Time to calculate step (ORCA run): 94.837 seconds, 1.6 minutes.
---------------------------------------------------------------

--------------------------------------------------------------Step   43 : Displace = [0m1.568e-01[0m/[0m6.851e-01[0m (rms/max) Trust = 1.500e-01 ([91m-[0m) Grad_T = [0m1.770e-01[0m/[0m9.775e-01[0m (rms/max) E (change) = -838.7359556028 ([91m+4.069e-01[0m) Quality = [91m-2.136[0m
[93mRejecting step - quality is lower than -1.0[0m
Hessian Eigenvalues: 2.14864e-04 5.00434e-03 2.05614e-02 ... 7.22696e-01 9.38552e-01 1.14861e+01
Step   44 : Displace = [0m7.714e-02[0m/[0m3.338e-01[0m (rms/max) Trust = 7.500e-02 ([1;91mx[0m) Grad_T = [0m7.102e-02[0m/[0m3.371e-01[0m (rms/max) E (change) = -839.0926446010 ([91m+5.018e-02[0m) Quality = [91m-0.315[0m
Hessian Eigenvalues: 2.16769e-04 5.54098e-03 2.10432e-02 ... 7.21022e-01 1.17091e+00 8.95087e+00
Step   45 : Displace = [0m4.124e-02[0m/[0m2.711e-01[0m (rms/max) Trust = 3.750e-02 ([91m-[0m) Grad_T = [0m2.506e-02[0m/[0m1.477e-01[0m (rms/max) E (change) = -839.2017356410 ([0m-1.091e-01[0m) Quality = [0m0.506[0m
Hessian Eigenvalues: 2.16907e-04 5.54706e-03 2.10481e-02 ... 7.57202e-01 1.56952e+00 8.52245e+00
