geometric-optimize called with the following command line:
relax_barrier.py shell15p0ts run

                                        [91m())))))))))))))))/[0m                     
                                    [91m())))))))))))))))))))))))),[0m                
                                [91m*)))))))))))))))))))))))))))))))))[0m             
                        [94m#,[0m    [91m()))))))))/[0m                [91m.)))))))))),[0m          
                      [94m#%%%%,[0m  [91m())))))[0m                        [91m.))))))))*[0m        
                      [94m*%%%%%%,[0m  [91m))[0m              [93m..[0m              [91m,))))))).[0m      
                        [94m*%%%%%%,[0m         [93m***************/.[0m        [91m.)))))))[0m     
                [94m#%%/[0m      [94m(%%%%%%,[0m    [93m/*********************.[0m       [91m)))))))[0m    
              [94m.%%%%%%#[0m      [94m*%%%%%%,[0m  [93m*******/,[0m     [93m**********,[0m      [91m.))))))[0m   
                [94m.%%%%%%/[0m      [94m*%%%%%%,[0m  [93m**[0m              [93m********[0m      [91m.))))))[0m  
          [94m##[0m      [94m.%%%%%%/[0m      [94m(%%%%%%,[0m                  [93m,******[0m      [91m/)))))[0m  
        [94m%%%%%%[0m      [94m.%%%%%%#[0m      [94m*%%%%%%,[0m    [92m,/////.[0m       [93m******[0m      [91m))))))[0m 
      [94m#%[0m      [94m%%[0m      [94m.%%%%%%/[0m      [94m*%%%%%%,[0m  [92m////////,[0m      [93m*****/[0m     [91m,)))))[0m 
    [94m#%%[0m  [94m%%%[0m  [94m%%%#[0m      [94m.%%%%%%/[0m      [94m(%%%%%%,[0m  [92m///////.[0m     [93m/*****[0m      [91m))))).[0m
  [94m#%%%%.[0m      [94m%%%%%#[0m      [94m/%%%%%%*[0m      [94m#%%%%%%[0m   [92m/////)[0m     [93m******[0m      [91m))))),[0m
    [94m#%%%%##%[0m  [94m%%%#[0m      [94m.%%%%%%/[0m      [94m(%%%%%%,[0m  [92m///////.[0m     [93m/*****[0m      [91m))))).[0m
      [94m##[0m     [94m%%%[0m      [94m.%%%%%%/[0m      [94m*%%%%%%,[0m  [92m////////.[0m      [93m*****/[0m     [91m,)))))[0m 
        [94m#%%%%#[0m      [94m/%%%%%%/[0m      [94m(%%%%%%[0m      [92m/)/)//[0m       [93m******[0m      [91m))))))[0m 
          [94m##[0m      [94m.%%%%%%/[0m      [94m(%%%%%%,[0m                  [93m*******[0m      [91m))))))[0m  
                [94m.%%%%%%/[0m      [94m*%%%%%%,[0m  [93m**.[0m             [93m/*******[0m      [91m.))))))[0m  
              [94m*%%%%%%/[0m      [94m(%%%%%%[0m   [93m********/*..,*/*********[0m       [91m*))))))[0m   
                [94m#%%/[0m      [94m(%%%%%%,[0m    [93m*********************/[0m        [91m)))))))[0m    
                        [94m*%%%%%%,[0m         [93m,**************/[0m         [91m,))))))/[0m     
                      [94m(%%%%%%[0m   [91m()[0m                              [91m))))))))[0m       
                      [94m#%%%%,[0m  [91m())))))[0m                        [91m,)))))))),[0m        
                        [94m#,[0m    [91m())))))))))[0m                [91m,)))))))))).[0m          
                                 [91m()))))))))))))))))))))))))))))))/[0m             
                                    [91m())))))))))))))))))))))))).[0m                
                                         [91m())))))))))))))),[0m                     

-=# [1;94m geomeTRIC started. Version: 1.1.1 [0m #=-
Current date and time: 2026-07-29 17:06:55
#========================================================#
#| [92m    Arguments passed to driver run_optimizer():     [0m |#
#========================================================#
bothre                    0.0 
constraints               constraints.txt 
convergence_cmax          0.01 
convergence_dmax          0.015 
convergence_drms          0.01 
convergence_energy        1e-05 
convergence_gmax          0.006 
convergence_grms          0.003 
coordsys                  hdlc 
customengine              <ash.interfaces.interface_geometric_new.ASHengineclass object at 0x14db5f0ae690> 
input                     dummyinputname 
irc                       False 
logIni                    /home/18660916/envs/ash/lib/python3.11/site-packages/ash/log.ini 
maxiter                   400 
prefix                    geometric_OPTtraj 
rigid                     False 
subfrctor                 1 
transition                False 
verbose                   0 
----------------------------------------------------------
Custom engine selected.
$freeze
xyz 25
xyz 26
xyz 27
xyz 28
xyz 29
xyz 30
xyz 31
xyz 32
xyz 33
xyz 34
xyz 35
xyz 36
xyz 37
xyz 38
xyz 39
xyz 40
xyz 41
xyz 42
xyz 43
xyz 44
xyz 45
xyz 46
xyz 47
xyz 48
xyz 49
xyz 50
xyz 51
xyz 52
xyz 53
xyz 54
xyz 55
xyz 56
xyz 57
xyz 58
xyz 59
xyz 60
xyz 61
xyz 62
xyz 63
xyz 64
Bonds will be generated from interatomic distances less than 1.20 times sum of covalent radii
192 internal coordinates being used (instead of 192 Cartesians)
Internal coordinate system (atoms numbered from 1):
Cartesian-X 25
Cartesian-Y 25
Cartesian-Z 25
Cartesian-X 26
Cartesian-Y 26
Cartesian-Z 26
Cartesian-X 27
Cartesian-Y 27
Cartesian-Z 27
Cartesian-X 28
Cartesian-Y 28
Cartesian-Z 28
Cartesian-X 29
Cartesian-Y 29
Cartesian-Z 29
Cartesian-X 30
Cartesian-Y 30
Cartesian-Z 30
Cartesian-X 31
Cartesian-Y 31
Cartesian-Z 31
Cartesian-X 32
Cartesian-Y 32
Cartesian-Z 32
Cartesian-X 33
Cartesian-Y 33
Cartesian-Z 33
Cartesian-X 34
Cartesian-Y 34
Cartesian-Z 34
Cartesian-X 35
Cartesian-Y 35
Cartesian-Z 35
Cartesian-X 36
Cartesian-Y 36
Cartesian-Z 36
Cartesian-X 37
Cartesian-Y 37
Cartesian-Z 37
Cartesian-X 38
Cartesian-Y 38
Cartesian-Z 38
Cartesian-X 39
Cartesian-Y 39
Cartesian-Z 39
Cartesian-X 40
Cartesian-Y 40
Cartesian-Z 40
Cartesian-X 41
Cartesian-Y 41
Cartesian-Z 41
Cartesian-X 42
Cartesian-Y 42
Cartesian-Z 42
Cartesian-X 43
Cartesian-Y 43
Cartesian-Z 43
Cartesian-X 44
Cartesian-Y 44
Cartesian-Z 44
Cartesian-X 45
Cartesian-Y 45
Cartesian-Z 45
Cartesian-X 46
Cartesian-Y 46
Cartesian-Z 46
Cartesian-X 47
Cartesian-Y 47
Cartesian-Z 47
Cartesian-X 48
Cartesian-Y 48
Cartesian-Z 48
Cartesian-X 49
Cartesian-Y 49
Cartesian-Z 49
Cartesian-X 50
Cartesian-Y 50
Cartesian-Z 50
Cartesian-X 51
Cartesian-Y 51
Cartesian-Z 51
Cartesian-X 52
Cartesian-Y 52
Cartesian-Z 52
Cartesian-X 53
Cartesian-Y 53
Cartesian-Z 53
Cartesian-X 54
Cartesian-Y 54
Cartesian-Z 54
Cartesian-X 55
Cartesian-Y 55
Cartesian-Z 55
Cartesian-X 56
Cartesian-Y 56
Cartesian-Z 56
Cartesian-X 57
Cartesian-Y 57
Cartesian-Z 57
Cartesian-X 58
Cartesian-Y 58
Cartesian-Z 58
Cartesian-X 59
Cartesian-Y 59
Cartesian-Z 59
Cartesian-X 60
Cartesian-Y 60
Cartesian-Z 60
Cartesian-X 61
Cartesian-Y 61
Cartesian-Z 61
Cartesian-X 62
Cartesian-Y 62
Cartesian-Z 62
Cartesian-X 63
Cartesian-Y 63
Cartesian-Z 63
Cartesian-X 64
Cartesian-Y 64
Cartesian-Z 64
Distance 1-2
Distance 1-3
Distance 1-4
Distance 4-5
Distance 4-8
Distance 5-6
Distance 5-7
Distance 9-10
Distance 9-11
Distance 9-18
Distance 11-12
Distance 11-13
Distance 13-14
Distance 13-22
Distance 14-15
Distance 14-16
Distance 16-17
Distance 16-18
Distance 18-19
Distance 18-20
Distance 20-21
Distance 22-23
Distance 22-24
Distance 25-26
Distance 25-27
Distance 25-28
Distance 29-30
Distance 29-31
Distance 29-32
Distance 33-34
Distance 33-35
Distance 33-36
Distance 37-38
Distance 37-39
Distance 37-40
Distance 41-42
Distance 41-43
Distance 41-44
Distance 45-46
Distance 45-47
Distance 45-48
Distance 49-50
Distance 49-51
Distance 49-52
Distance 53-54
Distance 53-55
Distance 53-56
Distance 57-58
Distance 57-59
Distance 57-60
Distance 61-62
Distance 61-63
Distance 61-64
Angle 2-1-4
Angle 3-1-4
Angle 1-4-8
Angle 5-4-8
Angle 4-5-7
Angle 6-5-7
Angle 10-9-18
Angle 11-9-18
Angle 9-11-13
Angle 12-11-13
Angle 11-13-22
Angle 14-13-22
Angle 13-14-16
Angle 15-14-16
Angle 14-16-18
Angle 17-16-18
Angle 9-18-16
Angle 9-18-19
Angle 9-18-20
Angle 16-18-19
Angle 16-18-20
Angle 19-18-20
Angle 18-20-21
Angle 13-22-24
Angle 23-22-24
Angle 26-25-28
Angle 27-25-28
Angle 30-29-32
Angle 31-29-32
Angle 34-33-36
Angle 35-33-36
Angle 38-37-40
Angle 39-37-40
Angle 42-41-44
Angle 43-41-44
Angle 46-45-48
Angle 47-45-48
Angle 50-49-52
Angle 51-49-52
Angle 54-53-56
Angle 55-53-56
Angle 58-57-60
Angle 59-57-60
Angle 62-61-64
Angle 63-61-64
Out-of-Plane 1-2-3-4
Out-of-Plane 4-1-5-8
Out-of-Plane 5-4-6-7
Out-of-Plane 9-10-11-18
Out-of-Plane 11-9-12-13
Out-of-Plane 13-11-14-22
Out-of-Plane 14-13-15-16
Out-of-Plane 16-14-17-18
Out-of-Plane 22-13-23-24
Out-of-Plane 25-26-27-28
Out-of-Plane 29-30-31-32
Out-of-Plane 33-34-35-36
Out-of-Plane 37-38-39-40
Out-of-Plane 41-42-43-44
Out-of-Plane 45-46-47-48
Out-of-Plane 49-50-51-52
Out-of-Plane 53-54-55-56
Out-of-Plane 57-58-59-60
Out-of-Plane 61-62-63-64
Dihedral 2-1-4-5
Dihedral 2-1-4-8
Dihedral 3-1-4-5
Dihedral 3-1-4-8
Dihedral 1-4-5-6
Dihedral 1-4-5-7
Dihedral 8-4-5-6
Dihedral 8-4-5-7
Dihedral 10-9-11-12
Dihedral 10-9-11-13
Dihedral 18-9-11-12
Dihedral 18-9-11-13
Dihedral 10-9-18-16
Dihedral 10-9-18-19
Dihedral 10-9-18-20
Dihedral 11-9-18-16
Dihedral 11-9-18-19
Dihedral 11-9-18-20
Dihedral 9-11-13-14
Dihedral 9-11-13-22
Dihedral 12-11-13-14
Dihedral 12-11-13-22
Dihedral 11-13-14-15
Dihedral 11-13-14-16
Dihedral 22-13-14-15
Dihedral 22-13-14-16
Dihedral 11-13-22-23
Dihedral 11-13-22-24
Dihedral 14-13-22-23
Dihedral 14-13-22-24
Dihedral 13-14-16-17
Dihedral 13-14-16-18
Dihedral 15-14-16-17
Dihedral 15-14-16-18
Dihedral 14-16-18-9
Dihedral 14-16-18-19
Dihedral 14-16-18-20
Dihedral 17-16-18-9
Dihedral 17-16-18-19
Dihedral 17-16-18-20
Dihedral 9-18-20-21
Dihedral 16-18-20-21
Dihedral 19-18-20-21
Cartesian-X 1
Cartesian-X 2
Cartesian-X 3
Cartesian-X 4
Cartesian-X 5
Cartesian-X 6
Cartesian-X 7
Cartesian-X 8
Cartesian-X 9
Cartesian-X 10
Cartesian-X 11
Cartesian-X 12
Cartesian-X 13
Cartesian-X 14
Cartesian-X 15
Cartesian-X 16
Cartesian-X 17
Cartesian-X 18
Cartesian-X 19
Cartesian-X 20
Cartesian-X 21
Cartesian-X 22
Cartesian-X 23
Cartesian-X 24
Cartesian-Y 1
Cartesian-Y 2
Cartesian-Y 3
Cartesian-Y 4
Cartesian-Y 5
Cartesian-Y 6
Cartesian-Y 7
Cartesian-Y 8
Cartesian-Y 9
Cartesian-Y 10
Cartesian-Y 11
Cartesian-Y 12
Cartesian-Y 13
Cartesian-Y 14
Cartesian-Y 15
Cartesian-Y 16
Cartesian-Y 17
Cartesian-Y 18
Cartesian-Y 19
Cartesian-Y 20
Cartesian-Y 21
Cartesian-Y 22
Cartesian-Y 23
Cartesian-Y 24
Cartesian-Z 1
Cartesian-Z 2
Cartesian-Z 3
Cartesian-Z 4
Cartesian-Z 5
Cartesian-Z 6
Cartesian-Z 7
Cartesian-Z 8
Cartesian-Z 9
Cartesian-Z 10
Cartesian-Z 11
Cartesian-Z 12
Cartesian-Z 13
Cartesian-Z 14
Cartesian-Z 15
Cartesian-Z 16
Cartesian-Z 17
Cartesian-Z 18
Cartesian-Z 19
Cartesian-Z 20
Cartesian-Z 21
Cartesian-Z 22
Cartesian-Z 23
Cartesian-Z 24
<class 'geometric.internal.CartesianX'> : 64
<class 'geometric.internal.CartesianY'> : 64
<class 'geometric.internal.CartesianZ'> : 64
<class 'geometric.internal.Distance'> : 53
<class 'geometric.internal.Angle'> : 45
<class 'geometric.internal.OutOfPlane'> : 19
<class 'geometric.internal.Dihedral'> : 43
Constraint                         Current      Target       Diff.
Cartesian-X 25                    62.30000    62.30000     0.00000
Cartesian-Y 25                    23.67560    23.67560     0.00000
Cartesian-Z 25                    39.16760    39.16760     0.00000
Cartesian-X 26                    63.48382    63.48382     0.00000
Cartesian-Y 26                    23.73738    23.73738     0.00000
Cartesian-Z 26                    38.77106    38.77106     0.00000
Cartesian-X 27                    61.58872    61.58872     0.00000
Cartesian-Y 27                    22.64822    22.64822     0.00000
Cartesian-Z 27                    39.20016    39.20016     0.00000
Cartesian-X 28                    61.84202    61.84202     0.00000
Cartesian-Y 28                    24.61145    24.61145     0.00000
Cartesian-Z 28                    39.52036    39.52036     0.00000
Cartesian-X 29                    70.33410    70.33410     0.00000
Cartesian-Y 29                    23.27020    23.27020     0.00000
Cartesian-Z 29                    42.51360    42.51360     0.00000
Cartesian-X 30                    71.51793    71.51793     0.00000
Cartesian-Y 30                    23.33198    23.33198     0.00000
Cartesian-Z 30                    42.11706    42.11706     0.00000
Cartesian-X 31                    69.62282    69.62282     0.00000
Cartesian-Y 31                    22.24282    22.24282     0.00000
Cartesian-Z 31                    42.54616    42.54616     0.00000
Cartesian-X 32                    69.87612    69.87612     0.00000
Cartesian-Y 32                    24.20605    24.20605     0.00000
Cartesian-Z 32                    42.86636    42.86636     0.00000
Cartesian-X 33                    67.16140    67.16140     0.00000
Cartesian-Y 33                    25.40240    25.40240     0.00000
Cartesian-Z 33                    39.34040    39.34040     0.00000
Cartesian-X 34                    68.34522    68.34522     0.00000
Cartesian-Y 34                    25.46418    25.46418     0.00000
Cartesian-Z 34                    38.94386    38.94386     0.00000
Cartesian-X 35                    66.45012    66.45012     0.00000
Cartesian-Y 35                    24.37502    24.37502     0.00000
Cartesian-Z 35                    39.37296    39.37296     0.00000
Cartesian-X 36                    66.70342    66.70342     0.00000
Cartesian-Y 36                    26.33825    26.33825     0.00000
Cartesian-Z 36                    39.69316    39.69316     0.00000
Cartesian-X 37                    69.72710    69.72710     0.00000
Cartesian-Y 37                    19.85340    19.85340     0.00000
Cartesian-Z 37                    45.88680    45.88680     0.00000
Cartesian-X 38                    70.91093    70.91093     0.00000
Cartesian-Y 38                    19.91518    19.91518     0.00000
Cartesian-Z 38                    45.49026    45.49026     0.00000
Cartesian-X 39                    69.01582    69.01582     0.00000
Cartesian-Y 39                    18.82602    18.82602     0.00000
Cartesian-Z 39                    45.91936    45.91936     0.00000
Cartesian-X 40                    69.26912    69.26912     0.00000
Cartesian-Y 40                    20.78925    20.78925     0.00000
Cartesian-Z 40                    46.23956    46.23956     0.00000
Cartesian-X 41                    71.26850    71.26850     0.00000
Cartesian-Y 41                    29.65350    29.65350     0.00000
Cartesian-Z 41                    40.22830    40.22830     0.00000
Cartesian-X 42                    72.45233    72.45233     0.00000
Cartesian-Y 42                    29.71528    29.71528     0.00000
Cartesian-Z 42                    39.83176    39.83176     0.00000
Cartesian-X 43                    70.55722    70.55722     0.00000
Cartesian-Y 43                    28.62612    28.62612     0.00000
Cartesian-Z 43                    40.26086    40.26086     0.00000
Cartesian-X 44                    70.81052    70.81052     0.00000
Cartesian-Y 44                    30.58935    30.58935     0.00000
Cartesian-Z 44                    40.58106    40.58106     0.00000
Cartesian-X 45                    73.27240    73.27240     0.00000
Cartesian-Y 45                    21.48500    21.48500     0.00000
Cartesian-Z 45                    48.61490    48.61490     0.00000
Cartesian-X 46                    74.45623    74.45623     0.00000
Cartesian-Y 46                    21.54678    21.54678     0.00000
Cartesian-Z 46                    48.21836    48.21836     0.00000
Cartesian-X 47                    72.56112    72.56112     0.00000
Cartesian-Y 47                    20.45762    20.45762     0.00000
Cartesian-Z 47                    48.64746    48.64746     0.00000
Cartesian-X 48                    72.81442    72.81442     0.00000
Cartesian-Y 48                    22.42085    22.42085     0.00000
Cartesian-Z 48                    48.96766    48.96766     0.00000
Cartesian-X 49                    74.58920    74.58920     0.00000
Cartesian-Y 49                    25.92650    25.92650     0.00000
Cartesian-Z 49                    45.32570    45.32570     0.00000
Cartesian-X 50                    75.77302    75.77302     0.00000
Cartesian-Y 50                    25.98828    25.98828     0.00000
Cartesian-Z 50                    44.92916    44.92916     0.00000
Cartesian-X 51                    73.87792    73.87792     0.00000
Cartesian-Y 51                    24.89912    24.89912     0.00000
Cartesian-Z 51                    45.35826    45.35826     0.00000
Cartesian-X 52                    74.13122    74.13122     0.00000
Cartesian-Y 52                    26.86235    26.86235     0.00000
Cartesian-Z 52                    45.67846    45.67846     0.00000
Cartesian-X 53                    66.52770    66.52770     0.00000
Cartesian-Y 53                    29.85550    29.85550     0.00000
Cartesian-Z 53                    37.76620    37.76620     0.00000
Cartesian-X 54                    67.71152    67.71152     0.00000
Cartesian-Y 54                    29.91728    29.91728     0.00000
Cartesian-Z 54                    37.36966    37.36966     0.00000
Cartesian-X 55                    65.81642    65.81642     0.00000
Cartesian-Y 55                    28.82812    28.82812     0.00000
Cartesian-Z 55                    37.79876    37.79876     0.00000
Cartesian-X 56                    66.06972    66.06972     0.00000
Cartesian-Y 56                    30.79135    30.79135     0.00000
Cartesian-Z 56                    38.11896    38.11896     0.00000
Cartesian-X 57                    65.51640    65.51640     0.00000
Cartesian-Y 57                    20.49630    20.49630     0.00000
Cartesian-Z 57                    42.29420    42.29420     0.00000
Cartesian-X 58                    66.70023    66.70023     0.00000
Cartesian-Y 58                    20.55808    20.55808     0.00000
Cartesian-Z 58                    41.89766    41.89766     0.00000
Cartesian-X 59                    64.80512    64.80512     0.00000
Cartesian-Y 59                    19.46892    19.46892     0.00000
Cartesian-Z 59                    42.32676    42.32676     0.00000
Cartesian-X 60                    65.05842    65.05842     0.00000
Cartesian-Y 60                    21.43215    21.43215     0.00000
Cartesian-Z 60                    42.64696    42.64696     0.00000
Cartesian-X 61                    75.27500    75.27500     0.00000
Cartesian-Y 61                    30.49480    30.49480     0.00000
Cartesian-Z 61                    44.31670    44.31670     0.00000
Cartesian-X 62                    76.45883    76.45883     0.00000
Cartesian-Y 62                    30.55658    30.55658     0.00000
Cartesian-Z 62                    43.92016    43.92016     0.00000
Cartesian-X 63                    74.56372    74.56372     0.00000
Cartesian-Y 63                    29.46742    29.46742     0.00000
Cartesian-Z 63                    44.34926    44.34926     0.00000
Cartesian-X 64                    74.81702    74.81702     0.00000
Cartesian-Y 64                    31.43065    31.43065     0.00000
Cartesian-Z 64                    44.66946    44.66946     0.00000
> ===== Optimization Info: ====
> Job type: Energy minimization
> Maximum number of optimization cycles: 400
> Initial / maximum trust radius (Angstrom): 0.100 / 0.300
> Convergence Criteria:
> Will converge when all 5 criteria are reached:
>  |Delta-E| < 1.00e-05
>  RMS-Ortho-Grad < 3.00e-03
>  Max-Ortho-Grad < 6.00e-03
>  RMS-Disp  < 1.00e-02
>  Max-Disp  < 1.50e-02
> 
> Constraints are requested. The following criterion is added:
>  Max Constraint Violation (in Angstroms/degrees) < 1.00e-02 
> === End Optimization Info ===
Step    0 : Gradient = 4.772e-03/2.307e-02 (rms/max) Energy = -834.5683296104
Hessian Eigenvalues: 2.80177e-02 2.87719e-02 2.95935e-02 ... 5.78010e-01 5.78010e-01 5.78010e-01
Step    1 : Displace = [0m1.323e-02[0m/[0m5.452e-02[0m (rms/max) Trust = 1.000e-01 (=) Grad_T = [92m2.393e-03[0m/[0m7.398e-03[0m (rms/max) E (change) = -834.5709169246 ([0m-2.587e-03[0m) Quality = [0m1.122[0m
Hessian Eigenvalues: 2.58514e-02 2.80321e-02 2.91590e-02 ... 5.78010e-01 5.78010e-01 5.78011e-01
Step    2 : Displace = [0m1.213e-02[0m/[0m4.296e-02[0m (rms/max) Trust = 1.414e-01 ([92m+[0m) Grad_T = [92m1.980e-03[0m/[0m7.449e-03[0m (rms/max) E (change) = -834.5722746687 ([0m-1.358e-03[0m) Quality = [0m1.568[0m
Hessian Eigenvalues: 8.43038e-03 2.80296e-02 2.91489e-02 ... 5.78010e-01 5.78010e-01 5.88548e-01
Step    3 : Displace = [0m3.412e-02[0m/[0m1.271e-01[0m (rms/max) Trust = 2.000e-01 ([92m+[0m) Grad_T = [0m3.689e-03[0m/[0m1.405e-02[0m (rms/max) E (change) = -834.5749243554 ([0m-2.650e-03[0m) Quality = [0m1.515[0m
Hessian Eigenvalues: 2.91020e-03 2.80330e-02 2.91562e-02 ... 5.78010e-01 5.79344e-01 6.10055e-01
Step    4 : Displace = [0m7.471e-02[0m/[0m2.863e-01[0m (rms/max) Trust = 2.828e-01 ([92m+[0m) Grad_T = [0m7.616e-03[0m/[0m2.743e-02[0m (rms/max) E (change) = -834.5791257816 ([0m-4.201e-03[0m) Quality = [0m1.291[0m
Hessian Eigenvalues: 1.60903e-03 2.80848e-02 2.91890e-02 ... 5.78010e-01 5.83628e-01 6.10923e-01
Step    5 : Displace = [0m1.100e-01[0m/[0m4.330e-01[0m (rms/max) Trust = 3.000e-01 ([92m+[0m) Grad_T = [0m1.335e-02[0m/[0m4.055e-02[0m (rms/max) E (change) = -834.5860672000 ([0m-6.941e-03[0m) Quality = [0m1.228[0m
Hessian Eigenvalues: 1.30601e-03 2.81649e-02 2.92466e-02 ... 5.78010e-01 5.85446e-01 5.96185e-01
Step    6 : Displace = [0m2.007e-01[0m/[0m7.764e-01[0m (rms/max) Trust = 3.000e-01 (=) Grad_T = [0m2.999e-01[0m/[0m1.690e+00[0m (rms/max) E (change) = -833.9454942114 ([91m+6.406e-01[0m) Quality = [91m-36.325[0m
[93mRejecting step - quality is lower than -1.0[0m
Hessian Eigenvalues: 1.30601e-03 2.81649e-02 2.92466e-02 ... 5.78010e-01 5.85446e-01 5.96185e-01
Step    7 : Displace = [0m9.732e-02[0m/[0m3.742e-01[0m (rms/max) Trust = 1.004e-01 ([1;91mx[0m) Grad_T = [0m2.738e-02[0m/[0m1.362e-01[0m (rms/max) E (change) = -834.5648607433 ([91m+2.121e-02[0m) Quality = [91m-1.377[0m
[93mRejecting step - quality is lower than -1.0[0m
Hessian Eigenvalues: 1.30601e-03 2.81649e-02 2.92466e-02 ... 5.78010e-01 5.85446e-01 5.96185e-01
Step    8 : Displace = [0m4.510e-02[0m/[0m1.622e-01[0m (rms/max) Trust = 4.866e-02 ([1;91mx[0m) Grad_T = [0m1.175e-02[0m/[0m3.051e-02[0m (rms/max) E (change) = -834.6022051170 ([0m-1.614e-02[0m) Quality = [0m1.304[0m
Hessian Eigenvalues: 5.88536e-03 1.51966e-02 2.81834e-02 ... 5.78010e-01 5.78010e-01 5.88109e-01
Step    9 : Displace = [0m6.736e-02[0m/[0m2.699e-01[0m (rms/max) Trust = 6.882e-02 ([92m+[0m) Grad_T = [0m1.169e-02[0m/[0m4.392e-02[0m (rms/max) E (change) = -834.6210635020 ([0m-1.886e-02[0m) Quality = [0m0.434[0m
Hessian Eigenvalues: 7.96944e-03 2.70973e-02 2.81744e-02 ... 5.78010e-01 5.78010e-01 5.87413e-01
Step   10 : Displace = [0m4.608e-02[0m/[0m1.714e-01[0m (rms/max) Trust = 6.882e-02 (=) Grad_T = [0m9.418e-03[0m/[0m4.460e-02[0m (rms/max) E (change) = -834.6200405370 ([91m+1.023e-03[0m) Quality = [91m-0.079[0m
Hessian Eigenvalues: 1.13453e-02 2.61371e-02 2.81670e-02 ... 5.78010e-01 5.78010e-01 5.87462e-01
ashpath: /home/18660916/envs/ash/lib/python3.11/site-packages/ash
Sys path: ['/home/18660916/envs/ash/lib/python3.11/site-packages/ash', '/home/18660916/system_development/phase2b_charge_design/05d_shell_ladder/relax/run_barr_15p0', '/home/18660916/envs/ash/lib/python311.zip', '/home/18660916/envs/ash/lib/python3.11', '/home/18660916/envs/ash/lib/python3.11/lib-dynload', '/home/18660916/envs/ash/lib/python3.11/site-packages']
--------------------------------------------------------------------------------
--------------------------------------------------------------------------------
                                           ASH                                            
                              A MULTISCALE MODELLING PROGRAM                              
                                        Version: 0.9dev                                        
                               Git commit version: Unknown                                
--------------------------------------------------------------------------------
--------------------------------------------------------------------------------
ASH path: /home/18660916/envs/ash/lib/python3.11/site-packages/ash
Python version: 3.11.15
Python interpreter: /home/18660916/envs/ash/bin/python3

ASH Settings after reading defaults and ~/ash_user_settings.ini : 
See https://ash.readthedocs.io/en/latest/basics.html#ash-settings on how to change settings.
	 debugflag :  False
	 load_julia :  False
	 julia_library :  pythoncall
	 use_ANSI_color :  False
	 print_logo :  False
	 print_input :  True
	 scale :  1.0
	 tol :  0.1
	 conndepth :  10
	 connectivity_code :  julia
	 nonbondedMM_code :  julia
	 print_exit_footer :  True
	 print_full_timings :  True

Note: ASH can use ANSI escape sequences for displaying color. Use e.g. less -R to display
To turn on/off escape sequences, set: 'use_ANSI_color = False' in
~/ash_user_settings.ini

Input script: /home/18660916/system_development/phase2b_charge_design/05d_shell_ladder/relax/run_barr_15p0/relax_barrier.py
================================================================================
   > import sys, openmm
   > from ash import Fragment, ORCATheory, OpenMMTheory, QMMMTheory, Optimizer
   > name=sys.argv[1]; RUN=(len(sys.argv)>2 and sys.argv[2]=="run")
   > ORCADIR="/home/apps2/ORCA/6.0.1"
   > coords="\n".join(open("%s_coords.xyz"%name).read().splitlines()[2:])
   > mmcharges=[float(x) for x in open("%s_charges.txt"%name).read().split(",")]
   > frag=Fragment(coordsstring=coords, charge=-2, mult=1)
   > els=[a.split()[0] for a in coords.strip().split("\n")]
   > print(">> %s: %d atoms (24 QM + %d MM), MM net %+.2f"%(name,frag.numatoms,frag.numatoms-24,sum(mmcharges)))
   > assert len(mmcharges)==frag.numatoms
   > LJ={"C":(3.40,0.086),"N":(3.25,0.170),"O":(2.96,0.210),"H":(1.06,0.016)}
   > orca=ORCATheory(orcadir=ORCADIR,orcasimpleinput="! B3LYP D3BJ def2-SVP def2/J RIJCOSX CPCM TightSCF",
   >     orcablocks="%cpcm epsilon 4.0 end\n%scf MaxIter 300 Guess PModel end",numcores=8,autostart=False)
   > mm=OpenMMTheory(fragment=frag,dummysystem=True,platform="CPU",numcores=1,autoconstraints=None,rigidwater=False)
   > lj=openmm.CustomBondForce("4*eps*((sig/r)^12 - (sig/r)^6)")
   > lj.addPerBondParameter("sig");lj.addPerBondParameter("eps");lj.setUsesPeriodicBoundaryConditions(False)
   > ang=openmm.unit.angstrom;kcal=openmm.unit.kilocalorie_per_mole;npair=0
   > for i in range(24):
   >     si,ei=LJ[els[i]]
   >     for j in range(24,frag.numatoms):
   >         sj,ej=LJ[els[j]]
   >         sig=((si+sj)/2*ang).value_in_unit(openmm.unit.nanometer);eps=(((ei*ej)**0.5)*kcal).value_in_unit(openmm.unit.kilojoule_per_mole)
   >         lj.addBond(i,j,[sig,eps]);npair+=1
   > lj.setForceGroup(11);mm.system.addForce(lj)
   > qmmm=QMMMTheory(qm_theory=orca,mm_theory=mm,fragment=frag,qmatoms=list(range(24)),charges=mmcharges,embedding="elstat",qm_charge=-2,qm_mult=1,numcores=8)
   > FROZEN=list(range(24,frag.numatoms))
   > CONV={"convergence_energy":1e-5,"convergence_grms":3.0e-3,"convergence_gmax":6.0e-3,"convergence_drms":1.0e-2,"convergence_dmax":1.5e-2}
   > if not RUN:
   >     print("\n=== DRY RUN OK %s: %d pairs, MM %+.0f, %d frozen ==="%(name,npair,sum(mmcharges),len(FROZEN))); sys.exit(0)
   > result=Optimizer(theory=qmmm,fragment=frag,coordsystem="hdlc",frozenatoms=FROZEN,maxiter=400,conv_criteria=CONV,charge=-2,mult=1)
   > frag.write_xyzfile("%s_relaxed.xyz"%name)
   > # extract final energy
   > E=frag.energy if hasattr(frag,"energy") else None
   > print(">> DONE %s  FINAL ENERGY = %s Eh -> %s_relaxed.xyz"%(name,E,name))
   > open("%s_energy.txt"%name,"w").write(str(E))
================================================================================ 


--------------------------------------------------------------------------------
                                New ASH fragment                                
--------------------------------------------------------------------------------

ASH Fragment creation
Getting coordinates from string: C     60.14190600    34.25017500    56.86750500
H     60.65410400    33.35229400    57.20242100
H     60.73860600    35.07435300    56.47491200
C     58.80287300    34.45194900    57.16141800
C     58.13069700    35.79868100    56.84307300
O     58.86276300    36.77666300    56.53446600
O     56.87734100    35.82963400    56.93983700
O     58.04533200    33.51170800    57.60013500
C     57.53567900    32.20862600    56.01945400
H     56.92805500    31.57263500    56.66681400
C     58.86068700    31.87524000    55.78984900
H     59.36035100    31.12725100    56.40326400
C     59.64119800    32.67145500    54.96010600
C     58.97535300    33.57937300    54.02371700
H     59.61208400    34.05213900    53.27111900
C     57.64453400    33.77154800    54.05277400
H     57.14874400    34.42947900    53.33266900
C     56.77153500    33.13738000    55.09626400
H     56.36648800    33.96180100    55.70835200
O     55.70405500    32.44082700    54.44502300
H     55.04194600    32.20048300    55.11214300
C     61.07068900    32.21901900    54.67969600
O     61.72429900    31.71851300    55.62834500
O     61.44865900    32.31879300    53.48933100
C     62.300000    23.675600    39.167600
O     63.483825    23.737376    38.771063
O     61.588716    22.648217    39.200159
H     61.842021    24.611450    39.520361
C     70.334100    23.270200    42.513600
O     71.517925    23.331976    42.117063
O     69.622816    22.242817    42.546159
H     69.876121    24.206050    42.866361
C     67.161400    25.402400    39.340400
O     68.345225    25.464176    38.943863
O     66.450116    24.375017    39.372959
H     66.703421    26.338250    39.693161
C     69.727100    19.853400    45.886800
O     70.910925    19.915176    45.490263
O     69.015816    18.826017    45.919359
H     69.269121    20.789250    46.239561
C     71.268500    29.653500    40.228300
O     72.452325    29.715276    39.831763
O     70.557216    28.626117    40.260859
H     70.810521    30.589350    40.581061
C     73.272400    21.485000    48.614900
O     74.456225    21.546776    48.218363
O     72.561116    20.457617    48.647459
H     72.814421    22.420850    48.967661
C     74.589200    25.926500    45.325700
O     75.773025    25.988276    44.929163
O     73.877916    24.899117    45.358259
H     74.131221    26.862350    45.678461
C     66.527700    29.855500    37.766200
O     67.711525    29.917276    37.369663
O     65.816416    28.828117    37.798759
H     66.069721    30.791350    38.118961
C     65.516400    20.496300    42.294200
O     66.700225    20.558076    41.897663
O     64.805116    19.468917    42.326759
H     65.058421    21.432150    42.646961
C     75.275000    30.494800    44.316700
O     76.458825    30.556576    43.920163
O     74.563716    29.467417    44.349259
H     74.817021    31.430650    44.669461
Creating/Updating fragment attributes...
Number of Atoms in fragment: 64
Formula: C20O26H18
Label: CHHCCOOOCHCHCCHCHCHOHCOOCOOHCOOHCOOHCOOHCOOHCOOHCOOHCOOHCOOHCOOH
Charge: -2 Mult: 1

--------------------------------------------------------------------------------
>> shell15p0ts: 64 atoms (24 QM + 40 MM), MM net -10.00


                     #####################################                      
                     #                                   #                      
                     #     ORCATheory initialization     #                      
                     #                                   #                      
                     #####################################                      
Checking for ORCA location
 Using orcadir path provided: /home/apps2/ORCA/6.0.1 
Checking if ORCA binary works... yes 
ORCA parallel job requested with numcores: 8 . Make sure that the correct OpenMPI version (for the ORCA version) is available in your environment
OpenMPI binary directory found: /apps/openmpi/4.1.1/bin
Testing that mpirun is executable... yes 
OpenMPI version (mpirun -V): mpirun (Open MPI) 4.1.1

Report bugs to http://www.open-mpi.org/community/help/

bind_to_core_option: True

Creating ORCA object
ORCA dir: /home/apps2/ORCA/6.0.1
! B3LYP D3BJ def2-SVP def2/J RIJCOSX CPCM TightSCF
%cpcm epsilon 4.0 end
%scf MaxIter 300 Guess PModel end

ORCATheory object created!


                           #########################                            
                           #                       #                            
                           #     OpenMM Theory     #                            
                           #                       #                            
                           #########################                            
OpenMM CPU threads set to: 1
Imported OpenMM library version: 8.5.2

--------------------------------------------------------------------------------
                             Defining OpenMM object                             
--------------------------------------------------------------------------------

Printlevel: 2
No automatic constraints
AutoConstraint setting: None
Rigidwater constraints: False
Hydrogenmass option: 1.5 Da
Using platform: CPU

--------------------------------------------------------------------------------
                            Setting up force fields.                            
--------------------------------------------------------------------------------

Note: OpenMM will fail in this step if parameters are missing in topology and
      parameter files (e.g. nonbonded entries).

Defining new basic single-chain, multi-residue topology
Inside write_xmlfile_nonbonded
Wrote XML-file: dummy.xml
residueTemplates: {}
System is non-periodic.
nonbonded noPBC Method is: NoCutoff
Nonbonded cutoff : 20 Angstrom

----------------------
OpenMM system created.
----------------------
OpenMM Forces defined: [<openmm.openmm.NonbondedForce; proxy of <Swig Object of type 'OpenMM::NonbondedForce *' at 0x14db614aa7b0> >, <openmm.openmm.CMMotionRemover; proxy of <Swig Object of type 'OpenMM::CMMotionRemover *' at 0x14db614b3930> >]

Setting charges
Number of atoms in OpenMM system: 64

System constraints defined upon system creation: 0
Use printlevel =>3 to see list of all constraints

----------------------------------------------------------------------------
Time to calculate step (OpenMM object creation): 0.655 seconds, 0.0 minutes.
----------------------------------------------------------------------------


                            ########################                            
                            #                      #                            
                            #     QM/MM Theory     #                            
                            #                      #                            
                            ########################                            
QM-theory: ORCATheory
MM-theory: OpenMMTheory
All atoms in fragment: 64
QM region (24 atoms): [0, 1, 2, 3, 4, 5, 6, 7, 8, 9, 10, 11, 12, 13, 14, 15, 16, 17, 18, 19, 20, 21, 22, 23]
MM region (40 atoms)
QM/MM object selected to use 8 cores
Embedding: elstat
Reading in charges
Updating charges in OpenMM object.
Updating simulation object for modified Nonbonded force.

--------------------------------------------------------------------
Time to calculate step (update_charges): 0.002 seconds, 0.0 minutes.
--------------------------------------------------------------------
QM-region coordinates (before linkatoms):
   0    C  60.14190600   34.25017500   56.86750500
   1    H  60.65410400   33.35229400   57.20242100
   2    H  60.73860600   35.07435300   56.47491200
   3    C  58.80287300   34.45194900   57.16141800
   4    C  58.13069700   35.79868100   56.84307300
   5    O  58.86276300   36.77666300   56.53446600
   6    O  56.87734100   35.82963400   56.93983700
   7    O  58.04533200   33.51170800   57.60013500
   8    C  57.53567900   32.20862600   56.01945400
   9    H  56.92805500   31.57263500   56.66681400
  10    C  58.86068700   31.87524000   55.78984900
  11    H  59.36035100   31.12725100   56.40326400
  12    C  59.64119800   32.67145500   54.96010600
  13    C  58.97535300   33.57937300   54.02371700
  14    H  59.61208400   34.05213900   53.27111900
  15    C  57.64453400   33.77154800   54.05277400
  16    H  57.14874400   34.42947900   53.33266900
  17    C  56.77153500   33.13738000   55.09626400
  18    H  56.36648800   33.96180100   55.70835200
  19    O  55.70405500   32.44082700   54.44502300
  20    H  55.04194600   32.20048300   55.11214300
  21    C  61.07068900   32.21901900   54.67969600
  22    O  61.72429900   31.71851300   55.62834500
  23    O  61.44865900   32.31879300   53.48933100

Determining QM-MM/HL-LL boundary
Parameters determing connectivity:
Scaling factor: 1.0
Tolerance: 0.30000000000000004
QM atoms: [0, 1, 2, 3, 4, 5, 6, 7, 8, 9, 10, 11, 12, 13, 14, 15, 16, 17, 18, 19, 20, 21, 22, 23]
QM atoms to be excluded from boundary creation (excludeboundaryatomlist):  []
QM-MM boundary dictionary: {}

------------------------------------------------------------------------
Time to calculate step (get_boundary_atoms): 0.010 seconds, 0.0 minutes.
------------------------------------------------------------------------
No covalent QM-MM boundary. Linkatoms and dipole_correction options set to False
Removing constraints in OpenMM object for atoms: [0, 1, 2, 3, 4, 5, 6, 7, 8, 9, 10, 11, 12, 13, 14, 15, 16, 17, 18, 19, 20, 21, 22, 23]
Removing bonded terms for QM-region in MMtheory
Modifying bonded forces.


Number of bonded terms removed:
Harmonic Bond terms: 0
Harmonic Angle terms: 0
Periodic Torsion terms: 0
Custom Torsion terms: 0
CMAP Torsion terms: 0
CustomBond terms 0


--------------------------------------------------------------------------
Time to calculate step (modify_bonded_forces): 0.004 seconds, 0.0 minutes.
--------------------------------------------------------------------------
Removing nonbonded terms for QM-region in MMtheory (QM-QM interactions)
Add exceptions/exclusions. Removing i-j interactions for list: 24 atoms
Case Nonbondedforce. Adding Exception for ij pair.
Number of exceptions (Nonbondedforce) added: 276
Number of exclusions (CustomNonbondedforce) added: 0

--------------------------------------------------------------------
Time to calculate step (add exceptions): 0.002 seconds, 0.0 minutes.
--------------------------------------------------------------------
Charges of QM atoms set to 0 (since Electrostatic Embedding):
Setting QM charges to Zero

-------------------------------------------------------------------
Time to calculate step (ZeroQMCharges): 0.000 seconds, 0.0 minutes.
-------------------------------------------------------------------
Updating charges in OpenMM object.
Updating simulation object for modified Nonbonded force.

--------------------------------------------------------------------
Time to calculate step (update_charges): 0.000 seconds, 0.0 minutes.
--------------------------------------------------------------------
Deleting Coulombexceptions for atomlist: [0, 1, 2, 3, 4, 5, 6, 7, 8, 9, 10, 11, 12, 13, 14, 15, 16, 17, 18, 19, 20, 21, 22, 23]

-----------------------------------------------------------------------
Time to calculate step (delete_exceptions): 0.006 seconds, 0.0 minutes.
-----------------------------------------------------------------------


---------------------------------------------------------------------------
Time to calculate step (QM/MM object creation): 0.293 seconds, 0.0 minutes.
---------------------------------------------------------------------------


                 #############################################                  
                 #                                           #                  
                 #     geomeTRICOptimizer initialization     #                  
                 #                                           #                  
                 #############################################                  
Creating optimizer object
User-defined convergence criteria:
Theory is not periodic
Printlevel: 2
Coordinate system:  hdlc
Max iterations:  400
Frozen atoms: [24, 25, 26, 27, 28, 29, 30, 31, 32, 33, 34, 35, 36, 37, 38, 39, 40, 41, 42, 43, 44, 45, 46, 47, 48, 49, 50, 51, 52, 53, 54, 55, 56, 57, 58, 59, 60, 61, 62, 63]
Active Region: False
TS Optimization: False
Hessian Option: None
Convergence criteria: {'convergence_energy': 1e-05, 'convergence_grms': 0.003, 'convergence_gmax': 0.006, 'convergence_drms': 0.01, 'convergence_dmax': 0.015, 'convergence_cmax': 0.01}


--------------------------------------------------------------------------------
                            Running geomeTRIC object                            
--------------------------------------------------------------------------------

 
Doing geometry optimization on fragment. Formula: C20O26H18 Label: CHHCCOOOCHCHCCHCHCHOHCOOCOOHCOOHCOOHCOOHCOOHCOOHCOOHCOOHCOOHCOOH  
No constraints provided to run method.
Testing if constraints present in optimizer object
No constraints in optimizer object.
Now testing if constraints in fragment object 
No constraints in fragment object.

Constraints:  None
constrainvalue:  False
Inside define_constraints
Constraints: None
Inside write_constraintsfile
Writing frozen atom constraints
Wrote XYZ file:  initialxyzfiletric.xyz
No Hessian option provided.
self.constraintsfile: constraints.txt
Convergence criteria: {'convergence_energy': 1e-05, 'convergence_grms': 0.003, 'convergence_gmax': 0.006, 'convergence_drms': 0.01, 'convergence_dmax': 0.015, 'convergence_cmax': 0.01}
Hessian option: None
Coordinate system: hdlc
Starting optimization

-------------------------------------------------------------------------------------
Time to calculate step (Time spent before run_optimizer): 6.542 seconds, 0.1 minutes.
-------------------------------------------------------------------------------------
geometric called detect_dft option option for ASHengineclass.

Convergence criteria: {'convergence_energy': 1e-05, 'convergence_grms': 0.003, 'convergence_gmax': 0.006, 'convergence_drms': 0.01, 'convergence_dmax': 0.015, 'convergence_cmax': 0.01}

Replacing coordinates in fragment.
Creating/Updating fragment attributes...
Number of Atoms in fragment: 64
Formula: C20O26H18
Label: CHHCCOOOCHCHCCHCHCHOHCOOCOOHCOOHCOOHCOOHCOOHCOOHCOOHCOOHCOOHCOOH
Charge: -2 Mult: 1

--------------------------------------------------------------------------------
Wrote XYZ file:  Fragment-currentgeo.xyz
Current geometry (Å) in step 0 (print_atoms_list region)
---------------------------------------------------
        C  60.14190600   34.25017500   56.86750500
        H  60.65410400   33.35229400   57.20242100
        H  60.73860600   35.07435300   56.47491200
        C  58.80287300   34.45194900   57.16141800
        C  58.13069700   35.79868100   56.84307300
        O  58.86276300   36.77666300   56.53446600
        O  56.87734100   35.82963400   56.93983700
        O  58.04533200   33.51170800   57.60013500
        C  57.53567900   32.20862600   56.01945400
        H  56.92805500   31.57263500   56.66681400
        C  58.86068700   31.87524000   55.78984900
        H  59.36035100   31.12725100   56.40326400
        C  59.64119800   32.67145500   54.96010600
        C  58.97535300   33.57937300   54.02371700
        H  59.61208400   34.05213900   53.27111900
        C  57.64453400   33.77154800   54.05277400
        H  57.14874400   34.42947900   53.33266900
        C  56.77153500   33.13738000   55.09626400
        H  56.36648800   33.96180100   55.70835200
        O  55.70405500   32.44082700   54.44502300
        H  55.04194600   32.20048300   55.11214300
        C  61.07068900   32.21901900   54.67969600
        O  61.72429900   31.71851300   55.62834500
        O  61.44865900   32.31879300   53.48933100
        C  62.30000000   23.67560000   39.16760000
        O  63.48382500   23.73737600   38.77106300
        O  61.58871600   22.64821700   39.20015900
        H  61.84202100   24.61145000   39.52036100
        C  70.33410000   23.27020000   42.51360000
        O  71.51792500   23.33197600   42.11706300
        O  69.62281600   22.24281700   42.54615900
        H  69.87612100   24.20605000   42.86636100
        C  67.16140000   25.40240000   39.34040000
        O  68.34522500   25.46417600   38.94386300
        O  66.45011600   24.37501700   39.37295900
        H  66.70342100   26.33825000   39.69316100
        C  69.72710000   19.85340000   45.88680000
        O  70.91092500   19.91517600   45.49026300
        O  69.01581600   18.82601700   45.91935900
        H  69.26912100   20.78925000   46.23956100
        C  71.26850000   29.65350000   40.22830000
        O  72.45232500   29.71527600   39.83176300
        O  70.55721600   28.62611700   40.26085900
        H  70.81052100   30.58935000   40.58106100
        C  73.27240000   21.48500000   48.61490000
        O  74.45622500   21.54677600   48.21836300
        O  72.56111600   20.45761700   48.64745900
        H  72.81442100   22.42085000   48.96766100
        C  74.58920000   25.92650000   45.32570000
        O  75.77302500   25.98827600   44.92916300
        O  73.87791600   24.89911700   45.35825900
        H  74.13122100   26.86235000   45.67846100
        C  66.52770000   29.85550000   37.76620000
        O  67.71152500   29.91727600   37.36966300
        O  65.81641600   28.82811700   37.79875900
        H  66.06972100   30.79135000   38.11896100
        C  65.51640000   20.49630000   42.29420000
        O  66.70022500   20.55807600   41.89766300
        O  64.80511600   19.46891700   42.32675900
        H  65.05842100   21.43215000   42.64696100
        C  75.27500000   30.49480000   44.31670000
        O  76.45882500   30.55657600   43.92016300
        O  74.56371600   29.46741700   44.34925900
        H  74.81702100   31.43065000   44.66946100

Note: printed only print_atoms_list (this is not necessarily all atoms) 
  ------------RUNNING QM/MM MODULE------------- 
QM Module: ORCATheory
MM Module: OpenMMTheory
Charge provided from QMMMTheory object:  -2
Mult provided from QMMMTheory object:  1
QM-region Charge: -2 Mult: 1
Embedding: Electrostatic
First QMMMTheory run. Running runprep
Inside QMMMTheory runprep

-------------------------------------------------------------
Time to calculate step (runprep): 0.000 seconds, 0.0 minutes.
-------------------------------------------------------------
Number of pointcharges (to QM program): 40
Number of charge coordinates: 40
Running QM/MM object with 8 cores available

-------------------------------------------------------------------
Time to calculate step (before-QMstep): 0.000 seconds, 0.0 minutes.
-------------------------------------------------------------------
  ------------RUNNING ORCA INTERFACE------------- 
Object-label: ORCA
Run-label: None
Running ORCA with 8 cores available
Moreadfile option not active
No orca.gbw file is present in dir.
Checking if a file orca.gbw exists in parentdir:
Found no file. ORCA will guess new orbitals
Creating inputfile: orca.inp
ORCA input:
! B3LYP D3BJ def2-SVP def2/J RIJCOSX CPCM TightSCF

! Noautostart


%cpcm epsilon 4.0 end
%scf MaxIter 300 Guess PModel end
Charge: -2  Mult: 1
Pointcharge embedding is on!
 ORCA Calculation starting. 
Found warning messages in ORCA outputfile:
WARNING: The chosen methods will break translational/rotational symmetry
 WARNING: The chosen methods will break translational symmetry
 WARNING: The chosen methods will break translational symmetry
 Warning: op=0 Small HOMO/LUMO gap (   0.080) - skipping pre-diagonalization

 ORCA Calculation done. 
ORCA converged in 16 iterations
ORCA energy: -835.830001531236
  ------------ENDING ORCA-INTERFACE------------- 

---------------------------------------------------------------
Time to calculate step (ORCA run): 99.475 seconds, 1.7 minutes.
---------------------------------------------------------------

--------------------------------------------------------------
Time to calculate step (QM step): 99.475 seconds, 1.7 minutes.
--------------------------------------------------------------

----------------------------------------------------------------------
Time to calculate step (QMpcgrad prepare): 0.000 seconds, 0.0 minutes.
----------------------------------------------------------------------

--------------------------------------------------------------------------
Time to calculate step (linkatomgrad prepare): 0.000 seconds, 0.0 minutes.
--------------------------------------------------------------------------

----------------------------------------------------------------------------
Time to calculate step (QM/MM gradient prepare): 0.000 seconds, 0.0 minutes.
----------------------------------------------------------------------------
Using OpenMM theory as part of QM/MM.
Using MM on full system. Charges for QM region [0, 1, 2, 3, 4, 5, 6, 7, 8, 9, 10, 11, 12, 13, 14, 15, 16, 17, 18, 19, 20, 21, 22, 23] have been set to zero 

--------------------------------------------------------------------------------
                   Creating/updating OpenMM simulation object                   
--------------------------------------------------------------------------------

Integrator name: VerletIntegrator
Timestep: 0.001
Temperature: 300
Coupling frequency: 1
Properties: {'Threads': '1'}
Topology: <Topology; 1 chains, 1 residues, 64 atoms, 0 bonds>

----------------------------------------------------------------------------------
Time to calculate step (creating/updating simulation): 0.035 seconds, 0.0 minutes.
----------------------------------------------------------------------------------

--------------------------------------------------------------------------------
                     Running Single-point OpenMM Interface                      
--------------------------------------------------------------------------------

Number of OpenMM system constraints defined: 0

-----------------------------------------------------------------------------------
Time to calculate step (OpenMMTheory.run: const-check): 0.035 seconds, 0.0 minutes.
-----------------------------------------------------------------------------------
Updating coordinates.

------------------------------------------------------------------------
Time to calculate step (Creating pos array): 0.000 seconds, 0.0 minutes.
------------------------------------------------------------------------

---------------------------------------------------------------------------
Time to calculate step (Updating MM positions): 0.001 seconds, 0.0 minutes.
---------------------------------------------------------------------------
Calling OpenMM getState.

---------------------------------------------------------------------
Time to calculate step (OpenMM getState): 0.015 seconds, 0.0 minutes.
---------------------------------------------------------------------
OpenMM Energy: 1.261671920878646 Eh
OpenMM Energy: 791.7110835107403 kcal/mol

-----------------------
Ending OpenMM interface
-----------------------

----------------------------------------------------------------
Time to calculate step (OpenMM run): 0.051 seconds, 0.0 minutes.
----------------------------------------------------------------

-------------------------------------------------------------
Time to calculate step (MM step): 0.053 seconds, 0.0 minutes.
-------------------------------------------------------------

Note: You are using electrostatic embedding. This means that the QM-energy is actually the polarized QM-energy
Note: MM energy also contains the QM-MM Lennard-Jones interaction

QM energy:              -835.830001531236 
MM energy:                 1.261671920879
QM/MM energy:           -834.568329610357 

  ------------ENDING QM/MM MODULE------------- 

----------------------------------------------------------------
Time to calculate step (QM/MM run): 99.528 seconds, 1.7 minutes.
----------------------------------------------------------------

Convergence criteria: {'convergence_energy': 1e-05, 'convergence_grms': 0.003, 'convergence_gmax': 0.006, 'convergence_drms': 0.01, 'convergence_dmax': 0.015, 'convergence_cmax': 0.01}

Replacing coordinates in fragment.
Creating/Updating fragment attributes...
Number of Atoms in fragment: 64
Formula: C20O26H18
Label: CHHCCOOOCHCHCCHCHCHOHCOOCOOHCOOHCOOHCOOHCOOHCOOHCOOHCOOHCOOHCOOH
Charge: -2 Mult: 1

--------------------------------------------------------------------------------
Wrote XYZ file:  Fragment-currentgeo.xyz
Current geometry (Å) in step 0 (print_atoms_list region)
---------------------------------------------------
        C  60.12866302   34.24940823   56.87219692
        H  60.65563509   33.35028064   57.18952092
        H  60.72747295   35.06828469   56.46810756
        C  58.78589008   34.45560128   57.16875541
        C  58.11027845   35.81221749   56.83031783
        O  58.87729515   36.76917106   56.54565864
        O  56.85493898   35.86311645   56.94406456
        O  58.03984508   33.52524086   57.65435192
        C  57.53930047   32.20398251   56.01401136
        H  56.92338764   31.58001499   56.66878622
        C  58.85761251   31.86352863   55.78070187
        H  59.36016125   31.11345300   56.39314253
        C  59.64696692   32.66424895   54.95668325
        C  58.97771814   33.57637943   54.02581993
        H  59.61278272   34.05316975   53.27662309
        C  57.64701534   33.76975521   54.05708578
        H  57.14916773   34.42665346   53.33616585
        C  56.77236520   33.13729760   55.09931681
        H  56.36824994   33.95874002   55.72199884
        O  55.69943374   32.44297307   54.44098393
        H  55.05148237   32.20479363   55.11834020
        C  61.08682942   32.21908528   54.67947488
        O  61.70147373   31.73176811   55.66036556
        O  61.44609387   32.35521954   53.49032491
        C  62.30000000   23.67560000   39.16760000
        O  63.48382500   23.73737600   38.77106300
        O  61.58871600   22.64821700   39.20015900
        H  61.84202100   24.61145000   39.52036100
        C  70.33410000   23.27020000   42.51360000
        O  71.51792500   23.33197600   42.11706300
        O  69.62281600   22.24281700   42.54615900
        H  69.87612100   24.20605000   42.86636100
        C  67.16140000   25.40240000   39.34040000
        O  68.34522500   25.46417600   38.94386300
        O  66.45011600   24.37501700   39.37295900
        H  66.70342100   26.33825000   39.69316100
        C  69.72710000   19.85340000   45.88680000
        O  70.91092500   19.91517600   45.49026300
        O  69.01581600   18.82601700   45.91935900
        H  69.26912100   20.78925000   46.23956100
        C  71.26850000   29.65350000   40.22830000
        O  72.45232500   29.71527600   39.83176300
        O  70.55721600   28.62611700   40.26085900
        H  70.81052100   30.58935000   40.58106100
        C  73.27240000   21.48500000   48.61490000
        O  74.45622500   21.54677600   48.21836300
        O  72.56111600   20.45761700   48.64745900
        H  72.81442100   22.42085000   48.96766100
        C  74.58920000   25.92650000   45.32570000
        O  75.77302500   25.98827600   44.92916300
        O  73.87791600   24.89911700   45.35825900
        H  74.13122100   26.86235000   45.67846100
        C  66.52770000   29.85550000   37.76620000
        O  67.71152500   29.91727600   37.36966300
        O  65.81641600   28.82811700   37.79875900
        H  66.06972100   30.79135000   38.11896100
        C  65.51640000   20.49630000   42.29420000
        O  66.70022500   20.55807600   41.89766300
        O  64.80511600   19.46891700   42.32675900
        H  65.05842100   21.43215000   42.64696100
        C  75.27500000   30.49480000   44.31670000
        O  76.45882500   30.55657600   43.92016300
        O  74.56371600   29.46741700   44.34925900
        H  74.81702100   31.43065000   44.66946100

Note: printed only print_atoms_list (this is not necessarily all atoms) 
  ------------RUNNING QM/MM MODULE------------- 
QM Module: ORCATheory
MM Module: OpenMMTheory
Charge provided from QMMMTheory object:  -2
Mult provided from QMMMTheory object:  1
QM-region Charge: -2 Mult: 1
Embedding: Electrostatic
Number of pointcharges (to QM program): 40
Number of charge coordinates: 40
Running QM/MM object with 8 cores available

-------------------------------------------------------------------
Time to calculate step (before-QMstep): 0.000 seconds, 0.0 minutes.
-------------------------------------------------------------------
  ------------RUNNING ORCA INTERFACE------------- 
Object-label: ORCA
Run-label: None
Running ORCA with 8 cores available
Moreadfile option not active
A GBW-file with same basename : orca.gbw is present
Autostart is False. ORCA will ignore any file present
Creating inputfile: orca.inp
ORCA input:
! B3LYP D3BJ def2-SVP def2/J RIJCOSX CPCM TightSCF

! Noautostart

%cpcm epsilon 4.0 end
%scf MaxIter 300 Guess PModel end
Charge: -2  Mult: 1
Pointcharge embedding is on!
 ORCA Calculation starting. 
Found warning messages in ORCA outputfile:
WARNING: The chosen methods will break translational/rotational symmetry
 WARNING: The chosen methods will break translational symmetry
 WARNING: The chosen methods will break translational symmetry
 Warning: op=0 Small HOMO/LUMO gap (   0.085) - skipping pre-diagonalization

 ORCA Calculation done. 
ORCA converged in 14 iterations
ORCA energy: -835.832588863402
  ------------ENDING ORCA-INTERFACE------------- 

---------------------------------------------------------------
Time to calculate step (ORCA run): 89.128 seconds, 1.5 minutes.
---------------------------------------------------------------

--------------------------------------------------------------
Time to calculate step (QM step): 89.128 seconds, 1.5 minutes.
--------------------------------------------------------------

----------------------------------------------------------------------
Time to calculate step (QMpcgrad prepare): 0.000 seconds, 0.0 minutes.
----------------------------------------------------------------------

--------------------------------------------------------------------------
Time to calculate step (linkatomgrad prepare): 0.000 seconds, 0.0 minutes.
--------------------------------------------------------------------------

----------------------------------------------------------------------------
Time to calculate step (QM/MM gradient prepare): 0.000 seconds, 0.0 minutes.
----------------------------------------------------------------------------
Using OpenMM theory as part of QM/MM.
Using MM on full system. Charges for QM region [0, 1, 2, 3, 4, 5, 6, 7, 8, 9, 10, 11, 12, 13, 14, 15, 16, 17, 18, 19, 20, 21, 22, 23] have been set to zero 

--------------------------------------------------------------------------------
                   Creating/updating OpenMM simulation object                   
--------------------------------------------------------------------------------

Integrator name: VerletIntegrator
Timestep: 0.001
Temperature: 300
Coupling frequency: 1
Properties: {'Threads': '1'}
Topology: <Topology; 1 chains, 1 residues, 64 atoms, 0 bonds>

----------------------------------------------------------------------------------
Time to calculate step (creating/updating simulation): 0.002 seconds, 0.0 minutes.
----------------------------------------------------------------------------------

--------------------------------------------------------------------------------
                     Running Single-point OpenMM Interface                      
--------------------------------------------------------------------------------

Number of OpenMM system constraints defined: 0

-----------------------------------------------------------------------------------
Time to calculate step (OpenMMTheory.run: const-check): 0.002 seconds, 0.0 minutes.
-----------------------------------------------------------------------------------
Updating coordinates.

------------------------------------------------------------------------
Time to calculate step (Creating pos array): 0.000 seconds, 0.0 minutes.
------------------------------------------------------------------------

---------------------------------------------------------------------------
Time to calculate step (Updating MM positions): 0.000 seconds, 0.0 minutes.
---------------------------------------------------------------------------
Calling OpenMM getState.

---------------------------------------------------------------------
Time to calculate step (OpenMM getState): 0.000 seconds, 0.0 minutes.
---------------------------------------------------------------------
OpenMM Energy: 1.2616719388024746 Eh
OpenMM Energy: 791.7110947581126 kcal/mol

-----------------------
Ending OpenMM interface
-----------------------

----------------------------------------------------------------
Time to calculate step (OpenMM run): 0.003 seconds, 0.0 minutes.
----------------------------------------------------------------

-------------------------------------------------------------
Time to calculate step (MM step): 0.004 seconds, 0.0 minutes.
-------------------------------------------------------------

Note: You are using electrostatic embedding. This means that the QM-energy is actually the polarized QM-energy
Note: MM energy also contains the QM-MM Lennard-Jones interaction

QM energy:              -835.832588863402 
MM energy:                 1.261671938802
QM/MM energy:           -834.570916924599 

  ------------ENDING QM/MM MODULE------------- 

----------------------------------------------------------------
Time to calculate step (QM/MM run): 89.132 seconds, 1.5 minutes.
----------------------------------------------------------------
geometric called save_guess_files option option for ASHengineclass.
This option is currently unsupported in ASH. Continuing.

Convergence criteria: {'convergence_energy': 1e-05, 'convergence_grms': 0.003, 'convergence_gmax': 0.006, 'convergence_drms': 0.01, 'convergence_dmax': 0.015, 'convergence_cmax': 0.01}

Replacing coordinates in fragment.
Creating/Updating fragment attributes...
Number of Atoms in fragment: 64
Formula: C20O26H18
Label: CHHCCOOOCHCHCCHCHCHOHCOOCOOHCOOHCOOHCOOHCOOHCOOHCOOHCOOHCOOHCOOH
Charge: -2 Mult: 1

--------------------------------------------------------------------------------
Wrote XYZ file:  Fragment-currentgeo.xyz
Current geometry (Å) in step 0 (print_atoms_list region)
---------------------------------------------------
        C  60.11244937   34.24698491   56.87260137
        H  60.64685512   33.34521142   57.17400994
        H  60.70712040   35.06271827   56.45522272
        C  58.77123698   34.46019944   57.18760337
        C  58.10560869   35.83274968   56.84498386
        O  58.87585862   36.77959534   56.54871768
        O  56.84710863   35.89285246   56.93586728
        O  58.03088610   33.53844101   57.69190364
        C  57.53330343   32.18902877   56.00764380
        H  56.91152862   31.57971223   56.67031936
        C  58.84748789   31.85395112   55.77993503
        H  59.35744236   31.09965286   56.38335239
        C  59.64042796   32.66558746   54.96021512
        C  58.97663714   33.57779683   54.02905998
        H  59.61182801   34.05697014   53.28250934
        C  57.64663348   33.77070651   54.06249246
        H  57.14834742   34.42582709   53.34022008
        C  56.77274046   33.13682149   55.10416869
        H  56.36853595   33.95252925   55.73766798
        O  55.69317123   32.44981345   54.43956262
        H  55.05838637   32.20763019   55.12615376
        C  61.09634728   32.23345533   54.70034315
        O  61.70953883   31.73906071   55.67529192
        O  61.45016239   32.39212809   53.51600728
        C  62.30000000   23.67560000   39.16760000
        O  63.48382500   23.73737600   38.77106300
        O  61.58871600   22.64821700   39.20015900
        H  61.84202100   24.61145000   39.52036100
        C  70.33410000   23.27020000   42.51360000
        O  71.51792500   23.33197600   42.11706300
        O  69.62281600   22.24281700   42.54615900
        H  69.87612100   24.20605000   42.86636100
        C  67.16140000   25.40240000   39.34040000
        O  68.34522500   25.46417600   38.94386300
        O  66.45011600   24.37501700   39.37295900
        H  66.70342100   26.33825000   39.69316100
        C  69.72710000   19.85340000   45.88680000
        O  70.91092500   19.91517600   45.49026300
        O  69.01581600   18.82601700   45.91935900
        H  69.26912100   20.78925000   46.23956100
        C  71.26850000   29.65350000   40.22830000
        O  72.45232500   29.71527600   39.83176300
        O  70.55721600   28.62611700   40.26085900
        H  70.81052100   30.58935000   40.58106100
        C  73.27240000   21.48500000   48.61490000
        O  74.45622500   21.54677600   48.21836300
        O  72.56111600   20.45761700   48.64745900
        H  72.81442100   22.42085000   48.96766100
        C  74.58920000   25.92650000   45.32570000
        O  75.77302500   25.98827600   44.92916300
        O  73.87791600   24.89911700   45.35825900
        H  74.13122100   26.86235000   45.67846100
        C  66.52770000   29.85550000   37.76620000
        O  67.71152500   29.91727600   37.36966300
        O  65.81641600   28.82811700   37.79875900
        H  66.06972100   30.79135000   38.11896100
        C  65.51640000   20.49630000   42.29420000
        O  66.70022500   20.55807600   41.89766300
        O  64.80511600   19.46891700   42.32675900
        H  65.05842100   21.43215000   42.64696100
        C  75.27500000   30.49480000   44.31670000
        O  76.45882500   30.55657600   43.92016300
        O  74.56371600   29.46741700   44.34925900
        H  74.81702100   31.43065000   44.66946100

Note: printed only print_atoms_list (this is not necessarily all atoms) 
  ------------RUNNING QM/MM MODULE------------- 
QM Module: ORCATheory
MM Module: OpenMMTheory
Charge provided from QMMMTheory object:  -2
Mult provided from QMMMTheory object:  1
QM-region Charge: -2 Mult: 1
Embedding: Electrostatic
Number of pointcharges (to QM program): 40
Number of charge coordinates: 40
Running QM/MM object with 8 cores available

-------------------------------------------------------------------
Time to calculate step (before-QMstep): 0.000 seconds, 0.0 minutes.
-------------------------------------------------------------------
  ------------RUNNING ORCA INTERFACE------------- 
Object-label: ORCA
Run-label: None
Running ORCA with 8 cores available
Moreadfile option not active
A GBW-file with same basename : orca.gbw is present
Autostart is False. ORCA will ignore any file present
Creating inputfile: orca.inp
ORCA input:
! B3LYP D3BJ def2-SVP def2/J RIJCOSX CPCM TightSCF

! Noautostart

%cpcm epsilon 4.0 end
%scf MaxIter 300 Guess PModel end
Charge: -2  Mult: 1
Pointcharge embedding is on!
 ORCA Calculation starting. 
Found warning messages in ORCA outputfile:
WARNING: The chosen methods will break translational/rotational symmetry
 WARNING: The chosen methods will break translational symmetry
 WARNING: The chosen methods will break translational symmetry
 Warning: op=0 Small HOMO/LUMO gap (   0.083) - skipping pre-diagonalization

 ORCA Calculation done. 
ORCA converged in 14 iterations
ORCA energy: -835.833946635278
  ------------ENDING ORCA-INTERFACE------------- 

---------------------------------------------------------------
Time to calculate step (ORCA run): 89.356 seconds, 1.5 minutes.
---------------------------------------------------------------

--------------------------------------------------------------
Time to calculate step (QM step): 89.356 seconds, 1.5 minutes.
--------------------------------------------------------------

----------------------------------------------------------------------
Time to calculate step (QMpcgrad prepare): 0.000 seconds, 0.0 minutes.
----------------------------------------------------------------------

--------------------------------------------------------------------------
Time to calculate step (linkatomgrad prepare): 0.000 seconds, 0.0 minutes.
--------------------------------------------------------------------------

----------------------------------------------------------------------------
Time to calculate step (QM/MM gradient prepare): 0.000 seconds, 0.0 minutes.
----------------------------------------------------------------------------
Using OpenMM theory as part of QM/MM.
Using MM on full system. Charges for QM region [0, 1, 2, 3, 4, 5, 6, 7, 8, 9, 10, 11, 12, 13, 14, 15, 16, 17, 18, 19, 20, 21, 22, 23] have been set to zero 

--------------------------------------------------------------------------------
                   Creating/updating OpenMM simulation object                   
--------------------------------------------------------------------------------

Integrator name: VerletIntegrator
Timestep: 0.001
Temperature: 300
Coupling frequency: 1
Properties: {'Threads': '1'}
Topology: <Topology; 1 chains, 1 residues, 64 atoms, 0 bonds>

----------------------------------------------------------------------------------
Time to calculate step (creating/updating simulation): 0.002 seconds, 0.0 minutes.
----------------------------------------------------------------------------------

--------------------------------------------------------------------------------
                     Running Single-point OpenMM Interface                      
--------------------------------------------------------------------------------

Number of OpenMM system constraints defined: 0

-----------------------------------------------------------------------------------
Time to calculate step (OpenMMTheory.run: const-check): 0.002 seconds, 0.0 minutes.
-----------------------------------------------------------------------------------
Updating coordinates.

------------------------------------------------------------------------
Time to calculate step (Creating pos array): 0.000 seconds, 0.0 minutes.
------------------------------------------------------------------------

---------------------------------------------------------------------------
Time to calculate step (Updating MM positions): 0.000 seconds, 0.0 minutes.
---------------------------------------------------------------------------
Calling OpenMM getState.

---------------------------------------------------------------------
Time to calculate step (OpenMM getState): 0.000 seconds, 0.0 minutes.
---------------------------------------------------------------------
OpenMM Energy: 1.2616719665887648 Eh
OpenMM Energy: 791.7111121942729 kcal/mol

-----------------------
Ending OpenMM interface
-----------------------

----------------------------------------------------------------
Time to calculate step (OpenMM run): 0.003 seconds, 0.0 minutes.
----------------------------------------------------------------

-------------------------------------------------------------
Time to calculate step (MM step): 0.003 seconds, 0.0 minutes.
-------------------------------------------------------------

Note: You are using electrostatic embedding. This means that the QM-energy is actually the polarized QM-energy
Note: MM energy also contains the QM-MM Lennard-Jones interaction

QM energy:              -835.833946635278 
MM energy:                 1.261671966589
QM/MM energy:           -834.572274668689 

  ------------ENDING QM/MM MODULE------------- 

----------------------------------------------------------------
Time to calculate step (QM/MM run): 89.360 seconds, 1.5 minutes.
----------------------------------------------------------------
geometric called save_guess_files option option for ASHengineclass.
This option is currently unsupported in ASH. Continuing.

Convergence criteria: {'convergence_energy': 1e-05, 'convergence_grms': 0.003, 'convergence_gmax': 0.006, 'convergence_drms': 0.01, 'convergence_dmax': 0.015, 'convergence_cmax': 0.01}

Replacing coordinates in fragment.
Creating/Updating fragment attributes...
Number of Atoms in fragment: 64
Formula: C20O26H18
Label: CHHCCOOOCHCHCCHCHCHOHCOOCOOHCOOHCOOHCOOHCOOHCOOHCOOHCOOHCOOHCOOH
Charge: -2 Mult: 1

--------------------------------------------------------------------------------
Wrote XYZ file:  Fragment-currentgeo.xyz
Current geometry (Å) in step 1 (print_atoms_list region)
---------------------------------------------------
        C  60.06851405   34.23804099   56.86460177
        H  60.61242573   33.33328608   57.14279009
        H  60.64626831   35.04470231   56.40731567
        C  58.73826174   34.48335430   57.24251095
        C  58.09033028   35.87867910   56.86348887
        O  58.87897505   36.80463450   56.57168811
        O  56.82921942   35.96329810   56.92750761
        O  58.00959094   33.59361851   57.79121176
        C  57.50728203   32.13884309   55.98402178
        H  56.87639806   31.56439475   56.66816722
        C  58.81983857   31.83637713   55.78619488
        H  59.34227432   31.06675649   56.36278557
        C  59.62716616   32.68588511   54.98997777
        C  58.97178281   33.58721258   54.04940793
        H  59.61011371   34.06555704   53.30540920
        C  57.64164780   33.77554731   54.08114673
        H  57.14257689   34.42511103   53.35476488
        C  56.77027319   33.13389676   55.11767471
        H  56.36993327   33.93294514   55.77849587
        O  55.67035907   32.47563180   54.43957006
        H  55.06716793   32.21008442   55.14516337
        C  61.11501025   32.28328241   54.75826285
        O  61.71734265   31.76966185   55.72275266
        O  61.48035969   32.49827565   53.59033291
        C  62.30000000   23.67560000   39.16760000
        O  63.48382500   23.73737600   38.77106300
        O  61.58871600   22.64821700   39.20015900
        H  61.84202100   24.61145000   39.52036100
        C  70.33410000   23.27020000   42.51360000
        O  71.51792500   23.33197600   42.11706300
        O  69.62281600   22.24281700   42.54615900
        H  69.87612100   24.20605000   42.86636100
        C  67.16140000   25.40240000   39.34040000
        O  68.34522500   25.46417600   38.94386300
        O  66.45011600   24.37501700   39.37295900
        H  66.70342100   26.33825000   39.69316100
        C  69.72710000   19.85340000   45.88680000
        O  70.91092500   19.91517600   45.49026300
        O  69.01581600   18.82601700   45.91935900
        H  69.26912100   20.78925000   46.23956100
        C  71.26850000   29.65350000   40.22830000
        O  72.45232500   29.71527600   39.83176300
        O  70.55721600   28.62611700   40.26085900
        H  70.81052100   30.58935000   40.58106100
        C  73.27240000   21.48500000   48.61490000
        O  74.45622500   21.54677600   48.21836300
        O  72.56111600   20.45761700   48.64745900
        H  72.81442100   22.42085000   48.96766100
        C  74.58920000   25.92650000   45.32570000
        O  75.77302500   25.98827600   44.92916300
        O  73.87791600   24.89911700   45.35825900
        H  74.13122100   26.86235000   45.67846100
        C  66.52770000   29.85550000   37.76620000
        O  67.71152500   29.91727600   37.36966300
        O  65.81641600   28.82811700   37.79875900
        H  66.06972100   30.79135000   38.11896100
        C  65.51640000   20.49630000   42.29420000
        O  66.70022500   20.55807600   41.89766300
        O  64.80511600   19.46891700   42.32675900
        H  65.05842100   21.43215000   42.64696100
        C  75.27500000   30.49480000   44.31670000
        O  76.45882500   30.55657600   43.92016300
        O  74.56371600   29.46741700   44.34925900
        H  74.81702100   31.43065000   44.66946100

Note: printed only print_atoms_list (this is not necessarily all atoms) 
  ------------RUNNING QM/MM MODULE------------- 
QM Module: ORCATheory
MM Module: OpenMMTheory
Charge provided from QMMMTheory object:  -2
Mult provided from QMMMTheory object:  1
QM-region Charge: -2 Mult: 1
Embedding: Electrostatic
Number of pointcharges (to QM program): 40
Number of charge coordinates: 40
Running QM/MM object with 8 cores available

-------------------------------------------------------------------
Time to calculate step (before-QMstep): 0.000 seconds, 0.0 minutes.
-------------------------------------------------------------------
  ------------RUNNING ORCA INTERFACE------------- 
Object-label: ORCA
Run-label: None
Running ORCA with 8 cores available
Moreadfile option not active
A GBW-file with same basename : orca.gbw is present
Autostart is False. ORCA will ignore any file present
Creating inputfile: orca.inp
ORCA input:
! B3LYP D3BJ def2-SVP def2/J RIJCOSX CPCM TightSCF

! Noautostart

%cpcm epsilon 4.0 end
%scf MaxIter 300 Guess PModel end
Charge: -2  Mult: 1
Pointcharge embedding is on!
 ORCA Calculation starting. 
Found warning messages in ORCA outputfile:
WARNING: The chosen methods will break translational/rotational symmetry
 WARNING: The chosen methods will break translational symmetry
 WARNING: The chosen methods will break translational symmetry
 Warning: op=0 Small HOMO/LUMO gap (   0.076) - skipping pre-diagonalization

 ORCA Calculation done. 
ORCA converged in 14 iterations
ORCA energy: -835.836596408309
  ------------ENDING ORCA-INTERFACE------------- 

---------------------------------------------------------------
Time to calculate step (ORCA run): 88.218 seconds, 1.5 minutes.
---------------------------------------------------------------

--------------------------------------------------------------
Time to calculate step (QM step): 88.218 seconds, 1.5 minutes.
--------------------------------------------------------------

----------------------------------------------------------------------
Time to calculate step (QMpcgrad prepare): 0.000 seconds, 0.0 minutes.
----------------------------------------------------------------------

--------------------------------------------------------------------------
Time to calculate step (linkatomgrad prepare): 0.000 seconds, 0.0 minutes.
--------------------------------------------------------------------------

----------------------------------------------------------------------------
Time to calculate step (QM/MM gradient prepare): 0.000 seconds, 0.0 minutes.
----------------------------------------------------------------------------
Using OpenMM theory as part of QM/MM.
Using MM on full system. Charges for QM region [0, 1, 2, 3, 4, 5, 6, 7, 8, 9, 10, 11, 12, 13, 14, 15, 16, 17, 18, 19, 20, 21, 22, 23] have been set to zero 

--------------------------------------------------------------------------------
                   Creating/updating OpenMM simulation object                   
--------------------------------------------------------------------------------

Integrator name: VerletIntegrator
Timestep: 0.001
Temperature: 300
Coupling frequency: 1
Properties: {'Threads': '1'}
Topology: <Topology; 1 chains, 1 residues, 64 atoms, 0 bonds>

----------------------------------------------------------------------------------
Time to calculate step (creating/updating simulation): 0.002 seconds, 0.0 minutes.
----------------------------------------------------------------------------------

--------------------------------------------------------------------------------
                     Running Single-point OpenMM Interface                      
--------------------------------------------------------------------------------

Number of OpenMM system constraints defined: 0

-----------------------------------------------------------------------------------
Time to calculate step (OpenMMTheory.run: const-check): 0.002 seconds, 0.0 minutes.
-----------------------------------------------------------------------------------
Updating coordinates.

------------------------------------------------------------------------
Time to calculate step (Creating pos array): 0.000 seconds, 0.0 minutes.
------------------------------------------------------------------------

---------------------------------------------------------------------------
Time to calculate step (Updating MM positions): 0.000 seconds, 0.0 minutes.
---------------------------------------------------------------------------
Calling OpenMM getState.

---------------------------------------------------------------------
Time to calculate step (OpenMM getState): 0.000 seconds, 0.0 minutes.
---------------------------------------------------------------------
OpenMM Energy: 1.261672052899165 Eh
OpenMM Energy: 791.7111663548667 kcal/mol

-----------------------
Ending OpenMM interface
-----------------------

----------------------------------------------------------------
Time to calculate step (OpenMM run): 0.003 seconds, 0.0 minutes.
----------------------------------------------------------------

-------------------------------------------------------------
Time to calculate step (MM step): 0.003 seconds, 0.0 minutes.
-------------------------------------------------------------

Note: You are using electrostatic embedding. This means that the QM-energy is actually the polarized QM-energy
Note: MM energy also contains the QM-MM Lennard-Jones interaction

QM energy:              -835.836596408309 
MM energy:                 1.261672052899
QM/MM energy:           -834.574924355410 

  ------------ENDING QM/MM MODULE------------- 

----------------------------------------------------------------
Time to calculate step (QM/MM run): 88.222 seconds, 1.5 minutes.
----------------------------------------------------------------
geometric called save_guess_files option option for ASHengineclass.
This option is currently unsupported in ASH. Continuing.

Convergence criteria: {'convergence_energy': 1e-05, 'convergence_grms': 0.003, 'convergence_gmax': 0.006, 'convergence_drms': 0.01, 'convergence_dmax': 0.015, 'convergence_cmax': 0.01}

Replacing coordinates in fragment.
Creating/Updating fragment attributes...
Number of Atoms in fragment: 64
Formula: C20O26H18
Label: CHHCCOOOCHCHCCHCHCHOHCOOCOOHCOOHCOOHCOOHCOOHCOOHCOOHCOOHCOOHCOOH
Charge: -2 Mult: 1

--------------------------------------------------------------------------------
Wrote XYZ file:  Fragment-currentgeo.xyz
Current geometry (Å) in step 2 (print_atoms_list region)
---------------------------------------------------
        C  59.96836133   34.20150318   56.81454543
        H  60.53719657   33.31454325   57.09985309
        H  60.51757283   34.99220133   56.29222742
        C  58.66806340   34.52617876   57.33285666
        C  58.06330033   35.96917917   56.91852654
        O  58.88554951   36.85330449   56.61567544
        O  56.80087490   36.08969027   56.91925655
        O  57.97603127   33.72702272   58.00702130
        C  57.44715795   32.03795117   55.92612387
        H  56.81256705   31.51004241   56.64783817
        C  58.76485889   31.81671039   55.81129697
        H  59.30145712   31.01287004   56.33360150
        C  59.60728144   32.75841871   55.08391915
        C  58.95818422   33.61798249   54.10821312
        H  59.60567215   34.08611540   53.36506250
        C  57.62497629   33.78693678   54.12342679
        H  57.12471926   34.42280235   53.38652318
        C  56.75622164   33.12656422   55.14577919
        H  56.37163193   33.89165791   55.85931691
        O  55.61054735   32.54005754   54.44578608
        H  55.07040973   32.20678554   55.17590229
        C  61.14482939   32.40498308   54.88720985
        O  61.71400485   31.84197290   55.83636438
        O  61.55347487   32.73375724   53.76053225
        C  62.30000000   23.67560000   39.16760000
        O  63.48382500   23.73737600   38.77106300
        O  61.58871600   22.64821700   39.20015900
        H  61.84202100   24.61145000   39.52036100
        C  70.33410000   23.27020000   42.51360000
        O  71.51792500   23.33197600   42.11706300
        O  69.62281600   22.24281700   42.54615900
        H  69.87612100   24.20605000   42.86636100
        C  67.16140000   25.40240000   39.34040000
        O  68.34522500   25.46417600   38.94386300
        O  66.45011600   24.37501700   39.37295900
        H  66.70342100   26.33825000   39.69316100
        C  69.72710000   19.85340000   45.88680000
        O  70.91092500   19.91517600   45.49026300
        O  69.01581600   18.82601700   45.91935900
        H  69.26912100   20.78925000   46.23956100
        C  71.26850000   29.65350000   40.22830000
        O  72.45232500   29.71527600   39.83176300
        O  70.55721600   28.62611700   40.26085900
        H  70.81052100   30.58935000   40.58106100
        C  73.27240000   21.48500000   48.61490000
        O  74.45622500   21.54677600   48.21836300
        O  72.56111600   20.45761700   48.64745900
        H  72.81442100   22.42085000   48.96766100
        C  74.58920000   25.92650000   45.32570000
        O  75.77302500   25.98827600   44.92916300
        O  73.87791600   24.89911700   45.35825900
        H  74.13122100   26.86235000   45.67846100
        C  66.52770000   29.85550000   37.76620000
        O  67.71152500   29.91727600   37.36966300
        O  65.81641600   28.82811700   37.79875900
        H  66.06972100   30.79135000   38.11896100
        C  65.51640000   20.49630000   42.29420000
        O  66.70022500   20.55807600   41.89766300
        O  64.80511600   19.46891700   42.32675900
        H  65.05842100   21.43215000   42.64696100
        C  75.27500000   30.49480000   44.31670000
        O  76.45882500   30.55657600   43.92016300
        O  74.56371600   29.46741700   44.34925900
        H  74.81702100   31.43065000   44.66946100

Note: printed only print_atoms_list (this is not necessarily all atoms) 
  ------------RUNNING QM/MM MODULE------------- 
QM Module: ORCATheory
MM Module: OpenMMTheory
Charge provided from QMMMTheory object:  -2
Mult provided from QMMMTheory object:  1
QM-region Charge: -2 Mult: 1
Embedding: Electrostatic
Number of pointcharges (to QM program): 40
Number of charge coordinates: 40
Running QM/MM object with 8 cores available

-------------------------------------------------------------------
Time to calculate step (before-QMstep): 0.000 seconds, 0.0 minutes.
-------------------------------------------------------------------
  ------------RUNNING ORCA INTERFACE------------- 
Object-label: ORCA
Run-label: None
Running ORCA with 8 cores available
Moreadfile option not active
A GBW-file with same basename : orca.gbw is present
Autostart is False. ORCA will ignore any file present
Creating inputfile: orca.inp
ORCA input:
! B3LYP D3BJ def2-SVP def2/J RIJCOSX CPCM TightSCF

! Noautostart

%cpcm epsilon 4.0 end
%scf MaxIter 300 Guess PModel end
Charge: -2  Mult: 1
Pointcharge embedding is on!
 ORCA Calculation starting. 
Found warning messages in ORCA outputfile:
WARNING: The chosen methods will break translational/rotational symmetry
 WARNING: The chosen methods will break translational symmetry
 WARNING: The chosen methods will break translational symmetry
 Warning: op=0 Small HOMO/LUMO gap (   0.083) - skipping pre-diagonalization

 ORCA Calculation done. 
ORCA converged in 14 iterations
ORCA energy: -835.840798031557
  ------------ENDING ORCA-INTERFACE------------- 

---------------------------------------------------------------
Time to calculate step (ORCA run): 83.639 seconds, 1.4 minutes.
---------------------------------------------------------------

--------------------------------------------------------------
Time to calculate step (QM step): 83.639 seconds, 1.4 minutes.
--------------------------------------------------------------

----------------------------------------------------------------------
Time to calculate step (QMpcgrad prepare): 0.000 seconds, 0.0 minutes.
----------------------------------------------------------------------

--------------------------------------------------------------------------
Time to calculate step (linkatomgrad prepare): 0.000 seconds, 0.0 minutes.
--------------------------------------------------------------------------

----------------------------------------------------------------------------
Time to calculate step (QM/MM gradient prepare): 0.000 seconds, 0.0 minutes.
----------------------------------------------------------------------------
Using OpenMM theory as part of QM/MM.
Using MM on full system. Charges for QM region [0, 1, 2, 3, 4, 5, 6, 7, 8, 9, 10, 11, 12, 13, 14, 15, 16, 17, 18, 19, 20, 21, 22, 23] have been set to zero 

--------------------------------------------------------------------------------
                   Creating/updating OpenMM simulation object                   
--------------------------------------------------------------------------------

Integrator name: VerletIntegrator
Timestep: 0.001
Temperature: 300
Coupling frequency: 1
Properties: {'Threads': '1'}
Topology: <Topology; 1 chains, 1 residues, 64 atoms, 0 bonds>

----------------------------------------------------------------------------------
Time to calculate step (creating/updating simulation): 0.001 seconds, 0.0 minutes.
----------------------------------------------------------------------------------

--------------------------------------------------------------------------------
                     Running Single-point OpenMM Interface                      
--------------------------------------------------------------------------------

Number of OpenMM system constraints defined: 0

-----------------------------------------------------------------------------------
Time to calculate step (OpenMMTheory.run: const-check): 0.001 seconds, 0.0 minutes.
-----------------------------------------------------------------------------------
Updating coordinates.

------------------------------------------------------------------------
Time to calculate step (Creating pos array): 0.000 seconds, 0.0 minutes.
------------------------------------------------------------------------

---------------------------------------------------------------------------
Time to calculate step (Updating MM positions): 0.000 seconds, 0.0 minutes.
---------------------------------------------------------------------------
Calling OpenMM getState.

---------------------------------------------------------------------
Time to calculate step (OpenMM getState): 0.000 seconds, 0.0 minutes.
---------------------------------------------------------------------
OpenMM Energy: 1.2616722499267234 Eh
OpenMM Energy: 791.7112899915263 kcal/mol

-----------------------
Ending OpenMM interface
-----------------------

----------------------------------------------------------------
Time to calculate step (OpenMM run): 0.002 seconds, 0.0 minutes.
----------------------------------------------------------------

-------------------------------------------------------------
Time to calculate step (MM step): 0.003 seconds, 0.0 minutes.
-------------------------------------------------------------

Note: You are using electrostatic embedding. This means that the QM-energy is actually the polarized QM-energy
Note: MM energy also contains the QM-MM Lennard-Jones interaction

QM energy:              -835.840798031557 
MM energy:                 1.261672249927
QM/MM energy:           -834.579125781630 

  ------------ENDING QM/MM MODULE------------- 

----------------------------------------------------------------
Time to calculate step (QM/MM run): 83.643 seconds, 1.4 minutes.
----------------------------------------------------------------
geometric called save_guess_files option option for ASHengineclass.
This option is currently unsupported in ASH. Continuing.
geometric called clearCalcs option for ASHengineclass.
This option is currently unsupported in ASH. Continuing.

Convergence criteria: {'convergence_energy': 1e-05, 'convergence_grms': 0.003, 'convergence_gmax': 0.006, 'convergence_drms': 0.01, 'convergence_dmax': 0.015, 'convergence_cmax': 0.01}

Replacing coordinates in fragment.
Creating/Updating fragment attributes...
Number of Atoms in fragment: 64
Formula: C20O26H18
Label: CHHCCOOOCHCHCCHCHCHOHCOOCOOHCOOHCOOHCOOHCOOHCOOHCOOHCOOHCOOHCOOH
Charge: -2 Mult: 1

--------------------------------------------------------------------------------
Wrote XYZ file:  Fragment-currentgeo.xyz
Current geometry (Å) in step 3 (print_atoms_list region)
---------------------------------------------------
        C  59.79754047   34.10886960   56.69885959
        H  60.43290061   33.29912327   57.07342534
        H  60.32672057   34.88865714   56.12063189
        C  58.57280055   34.58188330   57.42916166
        C  58.02693844   36.07974979   56.97706954
        O  58.89523299   36.91553793   56.68666826
        O  56.77009167   36.24966645   56.93433811
        O  57.95784936   33.92932665   58.28954687
        C  57.36613019   31.91898663   55.84479892
        H  56.73826451   31.40809122   56.59439224
        C  58.69340051   31.81409419   55.86120703
        H  59.23883544   30.96076485   56.30591373
        C  59.57954014   32.90433148   55.26399783
        C  58.93258056   33.67458478   54.20701885
        H  59.59360666   34.12264141   53.46033867
        C  57.59441926   33.80291948   54.18368904
        H  57.09253697   34.41295322   53.42670591
        C  56.72750179   33.11873384   55.18966130
        H  56.37106344   33.83774518   55.96768920
        O  55.51744055   32.64107827   54.47269764
        H  55.05990866   32.19507949   55.20598031
        C  61.17216419   32.59352714   55.08634621
        O  61.70490017   31.94672601   56.00074202
        O  61.64972824   33.08049923   54.03739891
        C  62.30000000   23.67560000   39.16760000
        O  63.48382500   23.73737600   38.77106300
        O  61.58871600   22.64821700   39.20015900
        H  61.84202100   24.61145000   39.52036100
        C  70.33410000   23.27020000   42.51360000
        O  71.51792500   23.33197600   42.11706300
        O  69.62281600   22.24281700   42.54615900
        H  69.87612100   24.20605000   42.86636100
        C  67.16140000   25.40240000   39.34040000
        O  68.34522500   25.46417600   38.94386300
        O  66.45011600   24.37501700   39.37295900
        H  66.70342100   26.33825000   39.69316100
        C  69.72710000   19.85340000   45.88680000
        O  70.91092500   19.91517600   45.49026300
        O  69.01581600   18.82601700   45.91935900
        H  69.26912100   20.78925000   46.23956100
        C  71.26850000   29.65350000   40.22830000
        O  72.45232500   29.71527600   39.83176300
        O  70.55721600   28.62611700   40.26085900
        H  70.81052100   30.58935000   40.58106100
        C  73.27240000   21.48500000   48.61490000
        O  74.45622500   21.54677600   48.21836300
        O  72.56111600   20.45761700   48.64745900
        H  72.81442100   22.42085000   48.96766100
        C  74.58920000   25.92650000   45.32570000
        O  75.77302500   25.98827600   44.92916300
        O  73.87791600   24.89911700   45.35825900
        H  74.13122100   26.86235000   45.67846100
        C  66.52770000   29.85550000   37.76620000
        O  67.71152500   29.91727600   37.36966300
        O  65.81641600   28.82811700   37.79875900
        H  66.06972100   30.79135000   38.11896100
        C  65.51640000   20.49630000   42.29420000
        O  66.70022500   20.55807600   41.89766300
        O  64.80511600   19.46891700   42.32675900
        H  65.05842100   21.43215000   42.64696100
        C  75.27500000   30.49480000   44.31670000
        O  76.45882500   30.55657600   43.92016300
        O  74.56371600   29.46741700   44.34925900
        H  74.81702100   31.43065000   44.66946100

Note: printed only print_atoms_list (this is not necessarily all atoms) 
  ------------RUNNING QM/MM MODULE------------- 
QM Module: ORCATheory
MM Module: OpenMMTheory
Charge provided from QMMMTheory object:  -2
Mult provided from QMMMTheory object:  1
QM-region Charge: -2 Mult: 1
Embedding: Electrostatic
Number of pointcharges (to QM program): 40
Number of charge coordinates: 40
Running QM/MM object with 8 cores available

-------------------------------------------------------------------
Time to calculate step (before-QMstep): 0.000 seconds, 0.0 minutes.
-------------------------------------------------------------------
  ------------RUNNING ORCA INTERFACE------------- 
Object-label: ORCA
Run-label: None
Running ORCA with 8 cores available
Moreadfile option not active
A GBW-file with same basename : orca.gbw is present
Autostart is False. ORCA will ignore any file present
Creating inputfile: orca.inp
ORCA input:
! B3LYP D3BJ def2-SVP def2/J RIJCOSX CPCM TightSCF

! Noautostart

%cpcm epsilon 4.0 end
%scf MaxIter 300 Guess PModel end
Charge: -2  Mult: 1
Pointcharge embedding is on!
 ORCA Calculation starting. 
Found warning messages in ORCA outputfile:
WARNING: The chosen methods will break translational/rotational symmetry
 WARNING: The chosen methods will break translational symmetry
 WARNING: The chosen methods will break translational symmetry

 ORCA Calculation done. 
ORCA converged in 15 iterations
ORCA energy: -835.847739740906
  ------------ENDING ORCA-INTERFACE------------- 

---------------------------------------------------------------
Time to calculate step (ORCA run): 90.482 seconds, 1.5 minutes.
---------------------------------------------------------------

--------------------------------------------------------------
Time to calculate step (QM step): 90.482 seconds, 1.5 minutes.
--------------------------------------------------------------

----------------------------------------------------------------------
Time to calculate step (QMpcgrad prepare): 0.000 seconds, 0.0 minutes.
----------------------------------------------------------------------

--------------------------------------------------------------------------
Time to calculate step (linkatomgrad prepare): 0.000 seconds, 0.0 minutes.
--------------------------------------------------------------------------

----------------------------------------------------------------------------
Time to calculate step (QM/MM gradient prepare): 0.000 seconds, 0.0 minutes.
----------------------------------------------------------------------------
Using OpenMM theory as part of QM/MM.
Using MM on full system. Charges for QM region [0, 1, 2, 3, 4, 5, 6, 7, 8, 9, 10, 11, 12, 13, 14, 15, 16, 17, 18, 19, 20, 21, 22, 23] have been set to zero 

--------------------------------------------------------------------------------
                   Creating/updating OpenMM simulation object                   
--------------------------------------------------------------------------------

Integrator name: VerletIntegrator
Timestep: 0.001
Temperature: 300
Coupling frequency: 1
Properties: {'Threads': '1'}
Topology: <Topology; 1 chains, 1 residues, 64 atoms, 0 bonds>

----------------------------------------------------------------------------------
Time to calculate step (creating/updating simulation): 0.003 seconds, 0.0 minutes.
----------------------------------------------------------------------------------

--------------------------------------------------------------------------------
                     Running Single-point OpenMM Interface                      
--------------------------------------------------------------------------------

Number of OpenMM system constraints defined: 0

-----------------------------------------------------------------------------------
Time to calculate step (OpenMMTheory.run: const-check): 0.003 seconds, 0.0 minutes.
-----------------------------------------------------------------------------------
Updating coordinates.

------------------------------------------------------------------------
Time to calculate step (Creating pos array): 0.000 seconds, 0.0 minutes.
------------------------------------------------------------------------

---------------------------------------------------------------------------
Time to calculate step (Updating MM positions): 0.000 seconds, 0.0 minutes.
---------------------------------------------------------------------------
Calling OpenMM getState.

---------------------------------------------------------------------
Time to calculate step (OpenMM getState): 0.001 seconds, 0.0 minutes.
---------------------------------------------------------------------
OpenMM Energy: 1.2616725408907186 Eh
OpenMM Energy: 791.7114725741899 kcal/mol

-----------------------
Ending OpenMM interface
-----------------------

----------------------------------------------------------------
Time to calculate step (OpenMM run): 0.004 seconds, 0.0 minutes.
----------------------------------------------------------------

-------------------------------------------------------------
Time to calculate step (MM step): 0.005 seconds, 0.0 minutes.
-------------------------------------------------------------

Note: You are using electrostatic embedding. This means that the QM-energy is actually the polarized QM-energy
Note: MM energy also contains the QM-MM Lennard-Jones interaction

QM energy:              -835.847739740906 
MM energy:                 1.261672540891
QM/MM energy:           -834.586067200015 

  ------------ENDING QM/MM MODULE------------- 

----------------------------------------------------------------
Time to calculate step (QM/MM run): 90.487 seconds, 1.5 minutes.
----------------------------------------------------------------
geometric called save_guess_files option option for ASHengineclass.
This option is currently unsupported in ASH. Continuing.

Convergence criteria: {'convergence_energy': 1e-05, 'convergence_grms': 0.003, 'convergence_gmax': 0.006, 'convergence_drms': 0.01, 'convergence_dmax': 0.015, 'convergence_cmax': 0.01}

Replacing coordinates in fragment.
Creating/Updating fragment attributes...
Number of Atoms in fragment: 64
Formula: C20O26H18
Label: CHHCCOOOCHCHCCHCHCHOHCOOCOOHCOOHCOOHCOOHCOOHCOOHCOOHCOOHCOOHCOOH
Charge: -2 Mult: 1

--------------------------------------------------------------------------------
Wrote XYZ file:  Fragment-currentgeo.xyz
Current geometry (Å) in step 4 (print_atoms_list region)
---------------------------------------------------
        C  59.40800145   33.81214234   56.43501630
        H  60.27440196   33.40935838   57.12812351
        H  59.99099027   34.65478155   55.88236264
        C  58.41311279   34.65685162   57.50835719
        C  57.98090683   36.25267382   57.07858614
        O  58.91452565   37.01557652   56.82341474
        O  56.73806697   36.49375338   56.99127090
        O  58.01894446   34.30976254   58.67605246
        C  57.24363577   31.75417581   55.68955157
        H  56.63891982   31.19436456   56.45309852
        C  58.57512694   31.85556395   55.96436642
        H  59.12200048   30.90889760   56.25690964
        C  59.50675391   33.24293433   55.68476706
        C  58.87634137   33.77895822   54.40745513
        H  59.56085115   34.17953308   53.63835790
        C  57.53051843   33.82839648   54.28879701
        H  57.02554586   34.37773960   53.48486912
        C  56.66751311   33.10854518   55.27436330
        H  56.37161734   33.74842836   56.14950188
        O  55.34908256   32.82407955   54.57081409
        H  55.01498864   32.17030231   55.23195244
        C  61.18077778   32.94146299   55.44097248
        O  61.66992906   32.13905316   56.27307366
        O  61.78475894   33.68055221   54.57586993
        C  62.30000000   23.67560000   39.16760000
        O  63.48382500   23.73737600   38.77106300
        O  61.58871600   22.64821700   39.20015900
        H  61.84202100   24.61145000   39.52036100
        C  70.33410000   23.27020000   42.51360000
        O  71.51792500   23.33197600   42.11706300
        O  69.62281600   22.24281700   42.54615900
        H  69.87612100   24.20605000   42.86636100
        C  67.16140000   25.40240000   39.34040000
        O  68.34522500   25.46417600   38.94386300
        O  66.45011600   24.37501700   39.37295900
        H  66.70342100   26.33825000   39.69316100
        C  69.72710000   19.85340000   45.88680000
        O  70.91092500   19.91517600   45.49026300
        O  69.01581600   18.82601700   45.91935900
        H  69.26912100   20.78925000   46.23956100
        C  71.26850000   29.65350000   40.22830000
        O  72.45232500   29.71527600   39.83176300
        O  70.55721600   28.62611700   40.26085900
        H  70.81052100   30.58935000   40.58106100
        C  73.27240000   21.48500000   48.61490000
        O  74.45622500   21.54677600   48.21836300
        O  72.56111600   20.45761700   48.64745900
        H  72.81442100   22.42085000   48.96766100
        C  74.58920000   25.92650000   45.32570000
        O  75.77302500   25.98827600   44.92916300
        O  73.87791600   24.89911700   45.35825900
        H  74.13122100   26.86235000   45.67846100
        C  66.52770000   29.85550000   37.76620000
        O  67.71152500   29.91727600   37.36966300
        O  65.81641600   28.82811700   37.79875900
        H  66.06972100   30.79135000   38.11896100
        C  65.51640000   20.49630000   42.29420000
        O  66.70022500   20.55807600   41.89766300
        O  64.80511600   19.46891700   42.32675900
        H  65.05842100   21.43215000   42.64696100
        C  75.27500000   30.49480000   44.31670000
        O  76.45882500   30.55657600   43.92016300
        O  74.56371600   29.46741700   44.34925900
        H  74.81702100   31.43065000   44.66946100

Note: printed only print_atoms_list (this is not necessarily all atoms) 
  ------------RUNNING QM/MM MODULE------------- 
QM Module: ORCATheory
MM Module: OpenMMTheory
Charge provided from QMMMTheory object:  -2
Mult provided from QMMMTheory object:  1
QM-region Charge: -2 Mult: 1
Embedding: Electrostatic
Number of pointcharges (to QM program): 40
Number of charge coordinates: 40
Running QM/MM object with 8 cores available

-------------------------------------------------------------------
Time to calculate step (before-QMstep): 0.000 seconds, 0.0 minutes.
-------------------------------------------------------------------
  ------------RUNNING ORCA INTERFACE------------- 
Object-label: ORCA
Run-label: None
Running ORCA with 8 cores available
Moreadfile option not active
A GBW-file with same basename : orca.gbw is present
Autostart is False. ORCA will ignore any file present
Creating inputfile: orca.inp
ORCA input:
! B3LYP D3BJ def2-SVP def2/J RIJCOSX CPCM TightSCF

! Noautostart

%cpcm epsilon 4.0 end
%scf MaxIter 300 Guess PModel end
Charge: -2  Mult: 1
Pointcharge embedding is on!
 ORCA Calculation starting. 
Found warning messages in ORCA outputfile:
WARNING: The chosen methods will break translational/rotational symmetry
 WARNING: The chosen methods will break translational symmetry
 WARNING: The chosen methods will break translational symmetry

 ORCA Calculation done. 
ORCA converged in 14 iterations
ORCA energy: -835.207167243225
  ------------ENDING ORCA-INTERFACE------------- 

---------------------------------------------------------------
Time to calculate step (ORCA run): 84.247 seconds, 1.4 minutes.
---------------------------------------------------------------

--------------------------------------------------------------
Time to calculate step (QM step): 84.247 seconds, 1.4 minutes.
--------------------------------------------------------------

----------------------------------------------------------------------
Time to calculate step (QMpcgrad prepare): 0.000 seconds, 0.0 minutes.
----------------------------------------------------------------------

--------------------------------------------------------------------------
Time to calculate step (linkatomgrad prepare): 0.000 seconds, 0.0 minutes.
--------------------------------------------------------------------------

----------------------------------------------------------------------------
Time to calculate step (QM/MM gradient prepare): 0.000 seconds, 0.0 minutes.
----------------------------------------------------------------------------
Using OpenMM theory as part of QM/MM.
Using MM on full system. Charges for QM region [0, 1, 2, 3, 4, 5, 6, 7, 8, 9, 10, 11, 12, 13, 14, 15, 16, 17, 18, 19, 20, 21, 22, 23] have been set to zero 

--------------------------------------------------------------------------------
                   Creating/updating OpenMM simulation object                   
--------------------------------------------------------------------------------

Integrator name: VerletIntegrator
Timestep: 0.001
Temperature: 300
Coupling frequency: 1
Properties: {'Threads': '1'}
Topology: <Topology; 1 chains, 1 residues, 64 atoms, 0 bonds>

----------------------------------------------------------------------------------
Time to calculate step (creating/updating simulation): 0.002 seconds, 0.0 minutes.
----------------------------------------------------------------------------------

--------------------------------------------------------------------------------
                     Running Single-point OpenMM Interface                      
--------------------------------------------------------------------------------

Number of OpenMM system constraints defined: 0

-----------------------------------------------------------------------------------
Time to calculate step (OpenMMTheory.run: const-check): 0.002 seconds, 0.0 minutes.
-----------------------------------------------------------------------------------
Updating coordinates.

------------------------------------------------------------------------
Time to calculate step (Creating pos array): 0.000 seconds, 0.0 minutes.
------------------------------------------------------------------------

---------------------------------------------------------------------------
Time to calculate step (Updating MM positions): 0.000 seconds, 0.0 minutes.
---------------------------------------------------------------------------
Calling OpenMM getState.

---------------------------------------------------------------------
Time to calculate step (OpenMM getState): 0.000 seconds, 0.0 minutes.
---------------------------------------------------------------------
OpenMM Energy: 1.2616730318309537 Eh
OpenMM Energy: 791.7117806438386 kcal/mol

-----------------------
Ending OpenMM interface
-----------------------

----------------------------------------------------------------
Time to calculate step (OpenMM run): 0.003 seconds, 0.0 minutes.
----------------------------------------------------------------

-------------------------------------------------------------
Time to calculate step (MM step): 0.003 seconds, 0.0 minutes.
-------------------------------------------------------------

Note: You are using electrostatic embedding. This means that the QM-energy is actually the polarized QM-energy
Note: MM energy also contains the QM-MM Lennard-Jones interaction

QM energy:              -835.207167243225 
MM energy:                 1.261673031831
QM/MM energy:           -833.945494211394 

  ------------ENDING QM/MM MODULE------------- 

----------------------------------------------------------------
Time to calculate step (QM/MM run): 84.250 seconds, 1.4 minutes.
----------------------------------------------------------------
geometric called load_guess_files option for ASHengineclass.
This option is currently unsupported in ASH. Continuing.

Convergence criteria: {'convergence_energy': 1e-05, 'convergence_grms': 0.003, 'convergence_gmax': 0.006, 'convergence_drms': 0.01, 'convergence_dmax': 0.015, 'convergence_cmax': 0.01}

Replacing coordinates in fragment.
Creating/Updating fragment attributes...
Number of Atoms in fragment: 64
Formula: C20O26H18
Label: CHHCCOOOCHCHCCHCHCHOHCOOCOOHCOOHCOOHCOOHCOOHCOOHCOOHCOOHCOOHCOOH
Charge: -2 Mult: 1

--------------------------------------------------------------------------------
Wrote XYZ file:  Fragment-currentgeo.xyz
Current geometry (Å) in step 5 (print_atoms_list region)
---------------------------------------------------
        C  59.62124014   33.96252248   56.54840951
        H  60.35818274   33.34586137   57.13002054
        H  60.17126230   34.77487129   55.99976857
        C  58.49796835   34.61402434   57.44363868
        C  58.00621962   36.15338804   57.02190592
        O  58.90467188   36.96015253   56.75247751
        O  56.75908367   36.35233550   56.97588629
        O  57.98525431   34.10756162   58.46042132
        C  57.30829293   31.84964718   55.78218709
        H  56.69329546   31.29221686   56.51706470
        C  58.64293914   31.84739348   55.92176001
        H  59.18040605   30.94677913   56.29610350
        C  59.55011479   33.08386822   55.47997588
        C  58.90111175   33.73445825   54.30920054
        H  59.57602541   34.15660977   53.55189232
        C  57.55938108   33.81700625   54.23370913
        H  57.05635297   34.39488014   53.45216250
        C  56.69254820   33.11588738   55.22941519
        H  56.36584813   33.79908748   56.04941951
        O  55.43566434   32.72751974   54.51769336
        H  55.02589261   32.18083514   55.21538656
        C  61.16716280   32.76373773   55.26018524
        O  61.68410930   32.03872999   56.13333410
        O  61.71684632   33.36864799   54.29767301
        C  62.30000000   23.67560000   39.16760000
        O  63.48382500   23.73737600   38.77106300
        O  61.58871600   22.64821700   39.20015900
        H  61.84202100   24.61145000   39.52036100
        C  70.33410000   23.27020000   42.51360000
        O  71.51792500   23.33197600   42.11706300
        O  69.62281600   22.24281700   42.54615900
        H  69.87612100   24.20605000   42.86636100
        C  67.16140000   25.40240000   39.34040000
        O  68.34522500   25.46417600   38.94386300
        O  66.45011600   24.37501700   39.37295900
        H  66.70342100   26.33825000   39.69316100
        C  69.72710000   19.85340000   45.88680000
        O  70.91092500   19.91517600   45.49026300
        O  69.01581600   18.82601700   45.91935900
        H  69.26912100   20.78925000   46.23956100
        C  71.26850000   29.65350000   40.22830000
        O  72.45232500   29.71527600   39.83176300
        O  70.55721600   28.62611700   40.26085900
        H  70.81052100   30.58935000   40.58106100
        C  73.27240000   21.48500000   48.61490000
        O  74.45622500   21.54677600   48.21836300
        O  72.56111600   20.45761700   48.64745900
        H  72.81442100   22.42085000   48.96766100
        C  74.58920000   25.92650000   45.32570000
        O  75.77302500   25.98827600   44.92916300
        O  73.87791600   24.89911700   45.35825900
        H  74.13122100   26.86235000   45.67846100
        C  66.52770000   29.85550000   37.76620000
        O  67.71152500   29.91727600   37.36966300
        O  65.81641600   28.82811700   37.79875900
        H  66.06972100   30.79135000   38.11896100
        C  65.51640000   20.49630000   42.29420000
        O  66.70022500   20.55807600   41.89766300
        O  64.80511600   19.46891700   42.32675900
        H  65.05842100   21.43215000   42.64696100
        C  75.27500000   30.49480000   44.31670000
        O  76.45882500   30.55657600   43.92016300
        O  74.56371600   29.46741700   44.34925900
        H  74.81702100   31.43065000   44.66946100

Note: printed only print_atoms_list (this is not necessarily all atoms) 
  ------------RUNNING QM/MM MODULE------------- 
QM Module: ORCATheory
MM Module: OpenMMTheory
Charge provided from QMMMTheory object:  -2
Mult provided from QMMMTheory object:  1
QM-region Charge: -2 Mult: 1
Embedding: Electrostatic
Number of pointcharges (to QM program): 40
Number of charge coordinates: 40
Running QM/MM object with 8 cores available

-------------------------------------------------------------------
Time to calculate step (before-QMstep): 0.000 seconds, 0.0 minutes.
-------------------------------------------------------------------
  ------------RUNNING ORCA INTERFACE------------- 
Object-label: ORCA
Run-label: None
Running ORCA with 8 cores available
Moreadfile option not active
A GBW-file with same basename : orca.gbw is present
Autostart is False. ORCA will ignore any file present
Creating inputfile: orca.inp
ORCA input:
! B3LYP D3BJ def2-SVP def2/J RIJCOSX CPCM TightSCF

! Noautostart

%cpcm epsilon 4.0 end
%scf MaxIter 300 Guess PModel end
Charge: -2  Mult: 1
Pointcharge embedding is on!
 ORCA Calculation starting. 
Found warning messages in ORCA outputfile:
WARNING: The chosen methods will break translational/rotational symmetry
 WARNING: The chosen methods will break translational symmetry
 WARNING: The chosen methods will break translational symmetry

 ORCA Calculation done. 
ORCA converged in 12 iterations
ORCA energy: -835.826533533217
  ------------ENDING ORCA-INTERFACE------------- 

---------------------------------------------------------------
Time to calculate step (ORCA run): 85.503 seconds, 1.4 minutes.
---------------------------------------------------------------

--------------------------------------------------------------
Time to calculate step (QM step): 85.503 seconds, 1.4 minutes.
--------------------------------------------------------------

----------------------------------------------------------------------
Time to calculate step (QMpcgrad prepare): 0.000 seconds, 0.0 minutes.
----------------------------------------------------------------------

--------------------------------------------------------------------------
Time to calculate step (linkatomgrad prepare): 0.000 seconds, 0.0 minutes.
--------------------------------------------------------------------------

----------------------------------------------------------------------------
Time to calculate step (QM/MM gradient prepare): 0.000 seconds, 0.0 minutes.
----------------------------------------------------------------------------
Using OpenMM theory as part of QM/MM.
Using MM on full system. Charges for QM region [0, 1, 2, 3, 4, 5, 6, 7, 8, 9, 10, 11, 12, 13, 14, 15, 16, 17, 18, 19, 20, 21, 22, 23] have been set to zero 

--------------------------------------------------------------------------------
                   Creating/updating OpenMM simulation object                   
--------------------------------------------------------------------------------

Integrator name: VerletIntegrator
Timestep: 0.001
Temperature: 300
Coupling frequency: 1
Properties: {'Threads': '1'}
Topology: <Topology; 1 chains, 1 residues, 64 atoms, 0 bonds>

----------------------------------------------------------------------------------
Time to calculate step (creating/updating simulation): 0.002 seconds, 0.0 minutes.
----------------------------------------------------------------------------------

--------------------------------------------------------------------------------
                     Running Single-point OpenMM Interface                      
--------------------------------------------------------------------------------

Number of OpenMM system constraints defined: 0

-----------------------------------------------------------------------------------
Time to calculate step (OpenMMTheory.run: const-check): 0.002 seconds, 0.0 minutes.
-----------------------------------------------------------------------------------
Updating coordinates.

------------------------------------------------------------------------
Time to calculate step (Creating pos array): 0.000 seconds, 0.0 minutes.
------------------------------------------------------------------------

---------------------------------------------------------------------------
Time to calculate step (Updating MM positions): 0.000 seconds, 0.0 minutes.
---------------------------------------------------------------------------
Calling OpenMM getState.

---------------------------------------------------------------------
Time to calculate step (OpenMM getState): 0.000 seconds, 0.0 minutes.
---------------------------------------------------------------------
OpenMM Energy: 1.2616727899010438 Eh
OpenMM Energy: 791.7116288305281 kcal/mol

-----------------------
Ending OpenMM interface
-----------------------

----------------------------------------------------------------
Time to calculate step (OpenMM run): 0.003 seconds, 0.0 minutes.
----------------------------------------------------------------

-------------------------------------------------------------
Time to calculate step (MM step): 0.003 seconds, 0.0 minutes.
-------------------------------------------------------------

Note: You are using electrostatic embedding. This means that the QM-energy is actually the polarized QM-energy
Note: MM energy also contains the QM-MM Lennard-Jones interaction

QM energy:              -835.826533533217 
MM energy:                 1.261672789901
QM/MM energy:           -834.564860743316 

  ------------ENDING QM/MM MODULE------------- 

----------------------------------------------------------------
Time to calculate step (QM/MM run): 85.506 seconds, 1.4 minutes.
----------------------------------------------------------------
geometric called load_guess_files option for ASHengineclass.
This option is currently unsupported in ASH. Continuing.

Convergence criteria: {'convergence_energy': 1e-05, 'convergence_grms': 0.003, 'convergence_gmax': 0.006, 'convergence_drms': 0.01, 'convergence_dmax': 0.015, 'convergence_cmax': 0.01}

Replacing coordinates in fragment.
Creating/Updating fragment attributes...
Number of Atoms in fragment: 64
Formula: C20O26H18
Label: CHHCCOOOCHCHCCHCHCHOHCOOCOOHCOOHCOOHCOOHCOOHCOOHCOOHCOOHCOOHCOOH
Charge: -2 Mult: 1

--------------------------------------------------------------------------------
Wrote XYZ file:  Fragment-currentgeo.xyz
Current geometry (Å) in step 6 (print_atoms_list region)
---------------------------------------------------
        C  59.72318317   34.03104208   56.61158228
        H  60.40248499   33.32660377   57.12684448
        H  60.26424275   34.83284496   56.06687662
        C  58.54366514   34.59062067   57.41011690
        C  58.02084472   36.10082887   56.99220707
        O  58.89984943   36.93066339   56.71596341
        O  56.77120575   36.27752060   56.96644981
        O  57.97667351   34.00586749   58.34330406
        C  57.34318556   31.89997368   55.82457222
        H  56.72514277   31.34544593   56.55093324
        C  58.67781735   31.84340286   55.89737198
        H  59.21088349   30.96681454   56.31262862
        C  59.56977579   33.00117272   55.37586315
        C  58.91499857   33.70839118   54.25806707
        H  59.58394341   34.14164444   53.50520309
        C  57.57522435   33.81024249   54.20461481
        H  57.07311034   34.40325058   53.43486833
        C  56.70686642   33.11908107   55.20624981
        H  56.36507252   33.82484708   55.99682822
        O  55.48109844   32.67776465   54.49494332
        H  55.03300867   32.18651052   55.20450022
        C  61.15944374   32.67111798   55.16364224
        O  61.69059122   31.98659321   56.05768189
        O  61.67921844   33.20206156   54.15403271
        C  62.30000000   23.67560000   39.16760000
        O  63.48382500   23.73737600   38.77106300
        O  61.58871600   22.64821700   39.20015900
        H  61.84202100   24.61145000   39.52036100
        C  70.33410000   23.27020000   42.51360000
        O  71.51792500   23.33197600   42.11706300
        O  69.62281600   22.24281700   42.54615900
        H  69.87612100   24.20605000   42.86636100
        C  67.16140000   25.40240000   39.34040000
        O  68.34522500   25.46417600   38.94386300
        O  66.45011600   24.37501700   39.37295900
        H  66.70342100   26.33825000   39.69316100
        C  69.72710000   19.85340000   45.88680000
        O  70.91092500   19.91517600   45.49026300
        O  69.01581600   18.82601700   45.91935900
        H  69.26912100   20.78925000   46.23956100
        C  71.26850000   29.65350000   40.22830000
        O  72.45232500   29.71527600   39.83176300
        O  70.55721600   28.62611700   40.26085900
        H  70.81052100   30.58935000   40.58106100
        C  73.27240000   21.48500000   48.61490000
        O  74.45622500   21.54677600   48.21836300
        O  72.56111600   20.45761700   48.64745900
        H  72.81442100   22.42085000   48.96766100
        C  74.58920000   25.92650000   45.32570000
        O  75.77302500   25.98827600   44.92916300
        O  73.87791600   24.89911700   45.35825900
        H  74.13122100   26.86235000   45.67846100
        C  66.52770000   29.85550000   37.76620000
        O  67.71152500   29.91727600   37.36966300
        O  65.81641600   28.82811700   37.79875900
        H  66.06972100   30.79135000   38.11896100
        C  65.51640000   20.49630000   42.29420000
        O  66.70022500   20.55807600   41.89766300
        O  64.80511600   19.46891700   42.32675900
        H  65.05842100   21.43215000   42.64696100
        C  75.27500000   30.49480000   44.31670000
        O  76.45882500   30.55657600   43.92016300
        O  74.56371600   29.46741700   44.34925900
        H  74.81702100   31.43065000   44.66946100

Note: printed only print_atoms_list (this is not necessarily all atoms) 
  ------------RUNNING QM/MM MODULE------------- 
QM Module: ORCATheory
MM Module: OpenMMTheory
Charge provided from QMMMTheory object:  -2
Mult provided from QMMMTheory object:  1
QM-region Charge: -2 Mult: 1
Embedding: Electrostatic
Number of pointcharges (to QM program): 40
Number of charge coordinates: 40
Running QM/MM object with 8 cores available

-------------------------------------------------------------------
Time to calculate step (before-QMstep): 0.000 seconds, 0.0 minutes.
-------------------------------------------------------------------
  ------------RUNNING ORCA INTERFACE------------- 
Object-label: ORCA
Run-label: None
Running ORCA with 8 cores available
Moreadfile option not active
A GBW-file with same basename : orca.gbw is present
Autostart is False. ORCA will ignore any file present
Creating inputfile: orca.inp
ORCA input:
! B3LYP D3BJ def2-SVP def2/J RIJCOSX CPCM TightSCF

! Noautostart

%cpcm epsilon 4.0 end
%scf MaxIter 300 Guess PModel end
Charge: -2  Mult: 1
Pointcharge embedding is on!
 ORCA Calculation starting. 
Found warning messages in ORCA outputfile:
WARNING: The chosen methods will break translational/rotational symmetry
 WARNING: The chosen methods will break translational symmetry
 WARNING: The chosen methods will break translational symmetry

 ORCA Calculation done. 
ORCA converged in 15 iterations
ORCA energy: -835.863877772532
  ------------ENDING ORCA-INTERFACE------------- 

---------------------------------------------------------------
Time to calculate step (ORCA run): 91.644 seconds, 1.5 minutes.
---------------------------------------------------------------

--------------------------------------------------------------
Time to calculate step (QM step): 91.645 seconds, 1.5 minutes.
--------------------------------------------------------------

----------------------------------------------------------------------
Time to calculate step (QMpcgrad prepare): 0.001 seconds, 0.0 minutes.
----------------------------------------------------------------------

--------------------------------------------------------------------------
Time to calculate step (linkatomgrad prepare): 0.001 seconds, 0.0 minutes.
--------------------------------------------------------------------------

----------------------------------------------------------------------------
Time to calculate step (QM/MM gradient prepare): 0.001 seconds, 0.0 minutes.
----------------------------------------------------------------------------
Using OpenMM theory as part of QM/MM.
Using MM on full system. Charges for QM region [0, 1, 2, 3, 4, 5, 6, 7, 8, 9, 10, 11, 12, 13, 14, 15, 16, 17, 18, 19, 20, 21, 22, 23] have been set to zero 

--------------------------------------------------------------------------------
                   Creating/updating OpenMM simulation object                   
--------------------------------------------------------------------------------

Integrator name: VerletIntegrator
Timestep: 0.001
Temperature: 300
Coupling frequency: 1
Properties: {'Threads': '1'}
Topology: <Topology; 1 chains, 1 residues, 64 atoms, 0 bonds>

----------------------------------------------------------------------------------
Time to calculate step (creating/updating simulation): 0.002 seconds, 0.0 minutes.
----------------------------------------------------------------------------------

--------------------------------------------------------------------------------
                     Running Single-point OpenMM Interface                      
--------------------------------------------------------------------------------

Number of OpenMM system constraints defined: 0

-----------------------------------------------------------------------------------
Time to calculate step (OpenMMTheory.run: const-check): 0.002 seconds, 0.0 minutes.
-----------------------------------------------------------------------------------
Updating coordinates.

------------------------------------------------------------------------
Time to calculate step (Creating pos array): 0.000 seconds, 0.0 minutes.
------------------------------------------------------------------------

---------------------------------------------------------------------------
Time to calculate step (Updating MM positions): 0.000 seconds, 0.0 minutes.
---------------------------------------------------------------------------
Calling OpenMM getState.

---------------------------------------------------------------------
Time to calculate step (OpenMM getState): 0.000 seconds, 0.0 minutes.
---------------------------------------------------------------------
OpenMM Energy: 1.2616726555729834 Eh
OpenMM Energy: 791.7115445383976 kcal/mol

-----------------------
Ending OpenMM interface
-----------------------

----------------------------------------------------------------
Time to calculate step (OpenMM run): 0.003 seconds, 0.0 minutes.
----------------------------------------------------------------

-------------------------------------------------------------
Time to calculate step (MM step): 0.003 seconds, 0.0 minutes.
-------------------------------------------------------------

Note: You are using electrostatic embedding. This means that the QM-energy is actually the polarized QM-energy
Note: MM energy also contains the QM-MM Lennard-Jones interaction

QM energy:              -835.863877772532 
MM energy:                 1.261672655573
QM/MM energy:           -834.602205116959 

  ------------ENDING QM/MM MODULE------------- 

----------------------------------------------------------------
Time to calculate step (QM/MM run): 91.649 seconds, 1.5 minutes.
----------------------------------------------------------------
geometric called save_guess_files option option for ASHengineclass.
This option is currently unsupported in ASH. Continuing.

Convergence criteria: {'convergence_energy': 1e-05, 'convergence_grms': 0.003, 'convergence_gmax': 0.006, 'convergence_drms': 0.01, 'convergence_dmax': 0.015, 'convergence_cmax': 0.01}

Replacing coordinates in fragment.
Creating/Updating fragment attributes...
Number of Atoms in fragment: 64
Formula: C20O26H18
Label: CHHCCOOOCHCHCCHCHCHOHCOOCOOHCOOHCOOHCOOHCOOHCOOHCOOHCOOHCOOHCOOH
Charge: -2 Mult: 1

--------------------------------------------------------------------------------
Wrote XYZ file:  Fragment-currentgeo.xyz
Current geometry (Å) in step 7 (print_atoms_list region)
---------------------------------------------------
        C  59.79004509   33.98909021   56.56054909
        H  60.42463167   33.47106629   57.35042258
        H  60.34491200   34.85112658   56.16915670
        C  58.58762011   34.56910307   57.24732465
        C  58.04114284   36.00918549   56.94793548
        O  58.91314923   36.88770209   56.72907018
        O  56.81172189   36.13609932   57.03637308
        O  58.04674777   33.96763968   58.14722228
        C  57.37514620   31.98215307   55.87144349
        H  56.78009556   31.30646111   56.49692650
        C  58.72950198   31.90197566   55.92940763
        H  59.21950489   31.04506129   56.37803615
        C  59.56464597   33.03284507   55.41297394
        C  58.88585233   33.72530440   54.25983895
        H  59.56697827   34.15743676   53.51411126
        C  57.55450877   33.81146019   54.18387629
        H  57.05426937   34.39145679   53.40659191
        C  56.67415340   33.12562874   55.19382649
        H  56.34961132   33.85297921   55.94471677
        O  55.49011923   32.66259555   54.51734128
        H  54.96059882   32.17349343   55.15663362
        C  61.06992239   32.64088544   55.11707141
        O  61.63232425   31.96563355   56.02264639
        O  61.64314695   33.11667916   54.12424550
        C  62.30000000   23.67560000   39.16760000
        O  63.48382500   23.73737600   38.77106300
        O  61.58871600   22.64821700   39.20015900
        H  61.84202100   24.61145000   39.52036100
        C  70.33410000   23.27020000   42.51360000
        O  71.51792500   23.33197600   42.11706300
        O  69.62281600   22.24281700   42.54615900
        H  69.87612100   24.20605000   42.86636100
        C  67.16140000   25.40240000   39.34040000
        O  68.34522500   25.46417600   38.94386300
        O  66.45011600   24.37501700   39.37295900
        H  66.70342100   26.33825000   39.69316100
        C  69.72710000   19.85340000   45.88680000
        O  70.91092500   19.91517600   45.49026300
        O  69.01581600   18.82601700   45.91935900
        H  69.26912100   20.78925000   46.23956100
        C  71.26850000   29.65350000   40.22830000
        O  72.45232500   29.71527600   39.83176300
        O  70.55721600   28.62611700   40.26085900
        H  70.81052100   30.58935000   40.58106100
        C  73.27240000   21.48500000   48.61490000
        O  74.45622500   21.54677600   48.21836300
        O  72.56111600   20.45761700   48.64745900
        H  72.81442100   22.42085000   48.96766100
        C  74.58920000   25.92650000   45.32570000
        O  75.77302500   25.98827600   44.92916300
        O  73.87791600   24.89911700   45.35825900
        H  74.13122100   26.86235000   45.67846100
        C  66.52770000   29.85550000   37.76620000
        O  67.71152500   29.91727600   37.36966300
        O  65.81641600   28.82811700   37.79875900
        H  66.06972100   30.79135000   38.11896100
        C  65.51640000   20.49630000   42.29420000
        O  66.70022500   20.55807600   41.89766300
        O  64.80511600   19.46891700   42.32675900
        H  65.05842100   21.43215000   42.64696100
        C  75.27500000   30.49480000   44.31670000
        O  76.45882500   30.55657600   43.92016300
        O  74.56371600   29.46741700   44.34925900
        H  74.81702100   31.43065000   44.66946100

Note: printed only print_atoms_list (this is not necessarily all atoms) 
  ------------RUNNING QM/MM MODULE------------- 
QM Module: ORCATheory
MM Module: OpenMMTheory
Charge provided from QMMMTheory object:  -2
Mult provided from QMMMTheory object:  1
QM-region Charge: -2 Mult: 1
Embedding: Electrostatic
Number of pointcharges (to QM program): 40
Number of charge coordinates: 40
Running QM/MM object with 8 cores available

-------------------------------------------------------------------
Time to calculate step (before-QMstep): 0.000 seconds, 0.0 minutes.
-------------------------------------------------------------------
  ------------RUNNING ORCA INTERFACE------------- 
Object-label: ORCA
Run-label: None
Running ORCA with 8 cores available
Moreadfile option not active
A GBW-file with same basename : orca.gbw is present
Autostart is False. ORCA will ignore any file present
Creating inputfile: orca.inp
ORCA input:
! B3LYP D3BJ def2-SVP def2/J RIJCOSX CPCM TightSCF

! Noautostart

%cpcm epsilon 4.0 end
%scf MaxIter 300 Guess PModel end
Charge: -2  Mult: 1
Pointcharge embedding is on!
 ORCA Calculation starting. 
Found warning messages in ORCA outputfile:
WARNING: The chosen methods will break translational/rotational symmetry
 WARNING: The chosen methods will break translational symmetry
 WARNING: The chosen methods will break translational symmetry

 ORCA Calculation done. 
ORCA converged in 15 iterations
ORCA energy: -835.882736127717
  ------------ENDING ORCA-INTERFACE------------- 

---------------------------------------------------------------
Time to calculate step (ORCA run): 90.199 seconds, 1.5 minutes.
---------------------------------------------------------------

--------------------------------------------------------------
Time to calculate step (QM step): 90.199 seconds, 1.5 minutes.
--------------------------------------------------------------

----------------------------------------------------------------------
Time to calculate step (QMpcgrad prepare): 0.000 seconds, 0.0 minutes.
----------------------------------------------------------------------

--------------------------------------------------------------------------
Time to calculate step (linkatomgrad prepare): 0.000 seconds, 0.0 minutes.
--------------------------------------------------------------------------

----------------------------------------------------------------------------
Time to calculate step (QM/MM gradient prepare): 0.000 seconds, 0.0 minutes.
----------------------------------------------------------------------------
Using OpenMM theory as part of QM/MM.
Using MM on full system. Charges for QM region [0, 1, 2, 3, 4, 5, 6, 7, 8, 9, 10, 11, 12, 13, 14, 15, 16, 17, 18, 19, 20, 21, 22, 23] have been set to zero 

--------------------------------------------------------------------------------
                   Creating/updating OpenMM simulation object                   
--------------------------------------------------------------------------------

Integrator name: VerletIntegrator
Timestep: 0.001
Temperature: 300
Coupling frequency: 1
Properties: {'Threads': '1'}
Topology: <Topology; 1 chains, 1 residues, 64 atoms, 0 bonds>

----------------------------------------------------------------------------------
Time to calculate step (creating/updating simulation): 0.003 seconds, 0.0 minutes.
----------------------------------------------------------------------------------

--------------------------------------------------------------------------------
                     Running Single-point OpenMM Interface                      
--------------------------------------------------------------------------------

Number of OpenMM system constraints defined: 0

-----------------------------------------------------------------------------------
Time to calculate step (OpenMMTheory.run: const-check): 0.003 seconds, 0.0 minutes.
-----------------------------------------------------------------------------------
Updating coordinates.

------------------------------------------------------------------------
Time to calculate step (Creating pos array): 0.000 seconds, 0.0 minutes.
------------------------------------------------------------------------

---------------------------------------------------------------------------
Time to calculate step (Updating MM positions): 0.000 seconds, 0.0 minutes.
---------------------------------------------------------------------------
Calling OpenMM getState.

---------------------------------------------------------------------
Time to calculate step (OpenMM getState): 0.001 seconds, 0.0 minutes.
---------------------------------------------------------------------
OpenMM Energy: 1.2616726257490891 Eh
OpenMM Energy: 791.7115258236213 kcal/mol

-----------------------
Ending OpenMM interface
-----------------------

----------------------------------------------------------------
Time to calculate step (OpenMM run): 0.004 seconds, 0.0 minutes.
----------------------------------------------------------------

-------------------------------------------------------------
Time to calculate step (MM step): 0.005 seconds, 0.0 minutes.
-------------------------------------------------------------

Note: You are using electrostatic embedding. This means that the QM-energy is actually the polarized QM-energy
Note: MM energy also contains the QM-MM Lennard-Jones interaction

QM energy:              -835.882736127717 
MM energy:                 1.261672625749
QM/MM energy:           -834.621063501968 

  ------------ENDING QM/MM MODULE------------- 

----------------------------------------------------------------
Time to calculate step (QM/MM run): 90.204 seconds, 1.5 minutes.
----------------------------------------------------------------
geometric called save_guess_files option option for ASHengineclass.
This option is currently unsupported in ASH. Continuing.
geometric called clearCalcs option for ASHengineclass.
This option is currently unsupported in ASH. Continuing.

Convergence criteria: {'convergence_energy': 1e-05, 'convergence_grms': 0.003, 'convergence_gmax': 0.006, 'convergence_drms': 0.01, 'convergence_dmax': 0.015, 'convergence_cmax': 0.01}

Replacing coordinates in fragment.
Creating/Updating fragment attributes...
Number of Atoms in fragment: 64
Formula: C20O26H18
Label: CHHCCOOOCHCHCCHCHCHOHCOOCOOHCOOHCOOHCOOHCOOHCOOHCOOHCOOHCOOHCOOH
Charge: -2 Mult: 1

--------------------------------------------------------------------------------
Wrote XYZ file:  Fragment-currentgeo.xyz
Current geometry (Å) in step 8 (print_atoms_list region)
---------------------------------------------------
        C  59.87008022   34.10232955   56.65214679
        H  60.44158445   33.45021825   57.30443259
        H  60.41899399   34.92220919   56.22059798
        C  58.61148135   34.55992916   57.24938576
        C  58.05120366   35.96588098   56.91910185
        O  58.91169241   36.86008393   56.70219043
        O  56.81643015   36.08722514   57.02136289
        O  58.03954970   33.89043149   58.09894463
        C  57.41082258   32.02634502   55.90775209
        H  56.80584505   31.32279042   56.48842133
        C  58.75635426   31.90285117   55.90501321
        H  59.24585622   31.07331038   56.40401147
        C  59.59773907   32.96606348   55.34364356
        C  58.90096649   33.70778661   54.23478277
        H  59.57030784   34.15410088   53.49200451
        C  57.56800247   33.80004618   54.16583871
        H  57.06581654   34.38402511   53.38824863
        C  56.68044652   33.12561386   55.17962857
        H  56.35102199   33.88207946   55.90794345
        O  55.51982429   32.62857357   54.50003182
        H  54.96416304   32.17299531   55.14243555
        C  61.07199252   32.55219070   55.03316591
        O  61.61516636   31.88705414   55.95879543
        O  61.59937092   32.99492080   54.00223998
        C  62.30000000   23.67560000   39.16760000
        O  63.48382500   23.73737600   38.77106300
        O  61.58871600   22.64821700   39.20015900
        H  61.84202100   24.61145000   39.52036100
        C  70.33410000   23.27020000   42.51360000
        O  71.51792500   23.33197600   42.11706300
        O  69.62281600   22.24281700   42.54615900
        H  69.87612100   24.20605000   42.86636100
        C  67.16140000   25.40240000   39.34040000
        O  68.34522500   25.46417600   38.94386300
        O  66.45011600   24.37501700   39.37295900
        H  66.70342100   26.33825000   39.69316100
        C  69.72710000   19.85340000   45.88680000
        O  70.91092500   19.91517600   45.49026300
        O  69.01581600   18.82601700   45.91935900
        H  69.26912100   20.78925000   46.23956100
        C  71.26850000   29.65350000   40.22830000
        O  72.45232500   29.71527600   39.83176300
        O  70.55721600   28.62611700   40.26085900
        H  70.81052100   30.58935000   40.58106100
        C  73.27240000   21.48500000   48.61490000
        O  74.45622500   21.54677600   48.21836300
        O  72.56111600   20.45761700   48.64745900
        H  72.81442100   22.42085000   48.96766100
        C  74.58920000   25.92650000   45.32570000
        O  75.77302500   25.98827600   44.92916300
        O  73.87791600   24.89911700   45.35825900
        H  74.13122100   26.86235000   45.67846100
        C  66.52770000   29.85550000   37.76620000
        O  67.71152500   29.91727600   37.36966300
        O  65.81641600   28.82811700   37.79875900
        H  66.06972100   30.79135000   38.11896100
        C  65.51640000   20.49630000   42.29420000
        O  66.70022500   20.55807600   41.89766300
        O  64.80511600   19.46891700   42.32675900
        H  65.05842100   21.43215000   42.64696100
        C  75.27500000   30.49480000   44.31670000
        O  76.45882500   30.55657600   43.92016300
        O  74.56371600   29.46741700   44.34925900
        H  74.81702100   31.43065000   44.66946100

Note: printed only print_atoms_list (this is not necessarily all atoms) 
  ------------RUNNING QM/MM MODULE------------- 
QM Module: ORCATheory
MM Module: OpenMMTheory
Charge provided from QMMMTheory object:  -2
Mult provided from QMMMTheory object:  1
QM-region Charge: -2 Mult: 1
Embedding: Electrostatic
Number of pointcharges (to QM program): 40
Number of charge coordinates: 40
Running QM/MM object with 8 cores available

-------------------------------------------------------------------
Time to calculate step (before-QMstep): 0.000 seconds, 0.0 minutes.
-------------------------------------------------------------------
  ------------RUNNING ORCA INTERFACE------------- 
Object-label: ORCA
Run-label: None
Running ORCA with 8 cores available
Moreadfile option not active
A GBW-file with same basename : orca.gbw is present
Autostart is False. ORCA will ignore any file present
Creating inputfile: orca.inp
ORCA input:
! B3LYP D3BJ def2-SVP def2/J RIJCOSX CPCM TightSCF

! Noautostart

%cpcm epsilon 4.0 end
%scf MaxIter 300 Guess PModel end
Charge: -2  Mult: 1
Pointcharge embedding is on!
 ORCA Calculation starting. 
Found warning messages in ORCA outputfile:
WARNING: The chosen methods will break translational/rotational symmetry
 WARNING: The chosen methods will break translational symmetry
 WARNING: The chosen methods will break translational symmetry

 ORCA Calculation done. 
ORCA converged in 15 iterations
ORCA energy: -835.881713059611
Step   11 : Displace = [0m2.196e-02[0m/[0m6.768e-02[0m (rms/max) Trust = 2.304e-02 ([91m-[0m) Grad_T = [0m4.771e-03[0m/[0m2.214e-02[0m (rms/max) E (change) = -834.6294912914 ([0m-9.451e-03[0m) Quality = [0m1.166[0m
Hessian Eigenvalues: 1.12585e-02 2.39592e-02 2.81686e-02 ... 5.78010e-01 5.78010e-01 5.88127e-01
Step   12 : Displace = [0m3.309e-02[0m/[0m1.126e-01[0m (rms/max) Trust = 3.258e-02 ([92m+[0m) Grad_T = [0m7.403e-03[0m/[0m4.039e-02[0m (rms/max) E (change) = -834.6310459989 ([0m-1.555e-03[0m) Quality = [0m0.324[0m
Hessian Eigenvalues: 1.11908e-02 2.14680e-02 2.82008e-02 ... 5.78010e-01 5.78010e-01 5.87973e-01
Step   13 : Displace = [0m1.036e-02[0m/[0m4.889e-02[0m (rms/max) Trust = 3.258e-02 (=) Grad_T = [92m1.667e-03[0m/[92m5.967e-03[0m (rms/max) E (change) = -834.6342919286 ([0m-3.246e-03[0m) Quality = [0m0.929[0m
Hessian Eigenvalues: 1.13536e-02 1.96067e-02 2.82306e-02 ... 5.78010e-01 5.78010e-01 5.88659e-01
Step   14 : Displace = [0m1.428e-02[0m/[0m5.473e-02[0m (rms/max) Trust = 4.608e-02 ([92m+[0m) Grad_T = [92m1.419e-03[0m/[92m4.945e-03[0m (rms/max) E (change) = -834.6356771010 ([0m-1.385e-03[0m) Quality = [0m1.586[0m
Hessian Eigenvalues: 4.00927e-03 1.44299e-02 2.82375e-02 ... 5.78010e-01 5.78010e-01 5.88330e-01
Step   15 : Displace = [0m5.540e-02[0m/[0m2.077e-01[0m (rms/max) Trust = 6.516e-02 ([92m+[0m) Grad_T = [92m2.307e-03[0m/[0m8.532e-03[0m (rms/max) E (change) = -834.6383847252 ([0m-2.708e-03[0m) Quality = [0m1.169[0m
Hessian Eigenvalues: 2.90289e-03 1.52847e-02 2.83079e-02 ... 5.78010e-01 5.78010e-01 5.88282e-01
Step   16 : Displace = [0m2.644e-02[0m/[0m7.305e-02[0m (rms/max) Trust = 9.215e-02 ([92m+[0m) Grad_T = [92m1.625e-03[0m/[92m5.995e-03[0m (rms/max) E (change) = -834.6394111265 ([0m-1.026e-03[0m) Quality = [0m1.360[0m
Hessian Eigenvalues: 1.92538e-03 1.51492e-02 2.77029e-02 ... 5.78010e-01 5.78010e-01 5.97066e-01
Step   17 : Displace = [0m3.740e-02[0m/[0m9.277e-02[0m (rms/max) Trust = 1.303e-01 ([92m+[0m) Grad_T = [92m1.263e-03[0m/[92m4.924e-03[0m (rms/max) E (change) = -834.6404930531 ([0m-1.082e-03[0m) Quality = [0m1.260[0m
Hessian Eigenvalues: 1.47385e-03 1.46158e-02 2.11161e-02 ... 5.78010e-01 5.78011e-01 5.97765e-01
Step   18 : Displace = [0m3.082e-02[0m/[0m8.046e-02[0m (rms/max) Trust = 1.843e-01 ([92m+[0m) Grad_T = [92m1.453e-03[0m/[92m5.304e-03[0m (rms/max) E (change) = -834.6413200412 ([0m-8.270e-04[0m) Quality = [0m1.496[0m
Hessian Eigenvalues: 9.80776e-04 1.05285e-02 1.71268e-02 ... 5.78010e-01 5.78011e-01 6.00863e-01
Step   19 : Displace = [0m5.696e-02[0m/[0m1.547e-01[0m (rms/max) Trust = 2.607e-01 ([92m+[0m) Grad_T = [92m2.348e-03[0m/[0m1.038e-02[0m (rms/max) E (change) = -834.6427722423 ([0m-1.452e-03[0m) Quality = [0m1.524[0m
Hessian Eigenvalues: 5.84342e-04 7.18041e-03 1.65986e-02 ... 5.78010e-01 5.78011e-01 6.01360e-01
Step   20 : Displace = [0m1.086e-01[0m/[0m2.994e-01[0m (rms/max) Trust = 3.000e-01 ([92m+[0m) Grad_T = [0m3.674e-03[0m/[0m1.444e-02[0m (rms/max) E (change) = -834.6454290052 ([0m-2.657e-03[0m) Quality = [0m1.491[0m
Hessian Eigenvalues: 3.58726e-04 5.37691e-03 1.64203e-02 ... 5.78010e-01 5.78011e-01 6.04274e-01
Step   21 : Displace = [0m1.840e-01[0m/[0m4.832e-01[0m (rms/max) Trust = 3.000e-01 (=) Grad_T = [0m6.142e-03[0m/[0m2.330e-02[0m (rms/max) E (change) = -834.6494014255 ([0m-3.972e-03[0m) Quality = [0m1.215[0m
Hessian Eigenvalues: 3.58207e-04 4.61060e-03 1.62968e-02 ... 5.78010e-01 5.78012e-01 6.01102e-01
Step   22 : Displace = [0m9.728e-02[0m/[0m2.369e-01[0m (rms/max) Trust = 3.000e-01 (=) Grad_T = [0m4.550e-03[0m/[0m1.622e-02[0m (rms/max) E (change) = -834.6541362167 ([0m-4.735e-03[0m) Quality = [0m1.553[0m
Hessian Eigenvalues: 2.84543e-04 5.03842e-03 1.61704e-02 ... 5.78010e-01 5.78011e-01 5.96791e-01
  ------------ENDING ORCA-INTERFACE------------- 

---------------------------------------------------------------
Time to calculate step (ORCA run): 96.241 seconds, 1.6 minutes.
---------------------------------------------------------------

--------------------------------------------------------------
Time to calculate step (QM step): 96.241 seconds, 1.6 minutes.
--------------------------------------------------------------

----------------------------------------------------------------------
Time to calculate step (QMpcgrad prepare): 0.000 seconds, 0.0 minutes.
----------------------------------------------------------------------

--------------------------------------------------------------------------
Time to calculate step (linkatomgrad prepare): 0.000 seconds, 0.0 minutes.
--------------------------------------------------------------------------

----------------------------------------------------------------------------
Time to calculate step (QM/MM gradient prepare): 0.000 seconds, 0.0 minutes.
----------------------------------------------------------------------------
Using OpenMM theory as part of QM/MM.
Using MM on full system. Charges for QM region [0, 1, 2, 3, 4, 5, 6, 7, 8, 9, 10, 11, 12, 13, 14, 15, 16, 17, 18, 19, 20, 21, 22, 23] have been set to zero 

--------------------------------------------------------------------------------
                   Creating/updating OpenMM simulation object                   
--------------------------------------------------------------------------------

Integrator name: VerletIntegrator
Timestep: 0.001
Temperature: 300
Coupling frequency: 1
Properties: {'Threads': '1'}
Topology: <Topology; 1 chains, 1 residues, 64 atoms, 0 bonds>

----------------------------------------------------------------------------------
Time to calculate step (creating/updating simulation): 0.002 seconds, 0.0 minutes.
----------------------------------------------------------------------------------

--------------------------------------------------------------------------------
                     Running Single-point OpenMM Interface                      
--------------------------------------------------------------------------------

Number of OpenMM system constraints defined: 0

-----------------------------------------------------------------------------------
Time to calculate step (OpenMMTheory.run: const-check): 0.002 seconds, 0.0 minutes.
-----------------------------------------------------------------------------------
Updating coordinates.

------------------------------------------------------------------------
Time to calculate step (Creating pos array): 0.000 seconds, 0.0 minutes.
------------------------------------------------------------------------

---------------------------------------------------------------------------
Time to calculate step (Updating MM positions): 0.000 seconds, 0.0 minutes.
---------------------------------------------------------------------------
Calling OpenMM getState.

---------------------------------------------------------------------
Time to calculate step (OpenMM getState): 0.000 seconds, 0.0 minutes.
---------------------------------------------------------------------
OpenMM Energy: 1.2616725225753593 Eh
OpenMM Energy: 791.7114610811284 kcal/mol

-----------------------
Ending OpenMM interface
-----------------------

----------------------------------------------------------------
Time to calculate step (OpenMM run): 0.003 seconds, 0.0 minutes.
----------------------------------------------------------------

-------------------------------------------------------------
Time to calculate step (MM step): 0.003 seconds, 0.0 minutes.
-------------------------------------------------------------

Note: You are using electrostatic embedding. This means that the QM-energy is actually the polarized QM-energy
Note: MM energy also contains the QM-MM Lennard-Jones interaction

QM energy:              -835.881713059611 
MM energy:                 1.261672522575
QM/MM energy:           -834.620040537036 

  ------------ENDING QM/MM MODULE------------- 

----------------------------------------------------------------
Time to calculate step (QM/MM run): 96.244 seconds, 1.6 minutes.
----------------------------------------------------------------
geometric called save_guess_files option option for ASHengineclass.
This option is currently unsupported in ASH. Continuing.

Convergence criteria: {'convergence_energy': 1e-05, 'convergence_grms': 0.003, 'convergence_gmax': 0.006, 'convergence_drms': 0.01, 'convergence_dmax': 0.015, 'convergence_cmax': 0.01}

Replacing coordinates in fragment.
Creating/Updating fragment attributes...
Number of Atoms in fragment: 64
Formula: C20O26H18
Label: CHHCCOOOCHCHCCHCHCHOHCOOCOOHCOOHCOOHCOOHCOOHCOOHCOOHCOOHCOOHCOOH
Charge: -2 Mult: 1

--------------------------------------------------------------------------------
Wrote XYZ file:  Fragment-currentgeo.xyz
Current geometry (Å) in step 9 (print_atoms_list region)
---------------------------------------------------
        C  59.83644121   34.08034964   56.61344650
        H  60.43978460   33.46935674   57.28945239
        H  60.41538169   34.90919232   56.19298802
        C  58.59616436   34.56546967   57.28649302
        C  58.04362516   35.98540805   56.93322927
        O  58.91267293   36.86101945   56.70262154
        O  56.79948059   36.13346557   57.01620839
        O  58.03464865   33.91183484   58.16748362
        C  57.40235728   32.00158768   55.89687692
        H  56.77749010   31.29349656   56.45676717
        C  58.73336673   31.90707678   55.91359130
        H  59.24458387   31.07681563   56.40955229
        C  59.59603067   33.00825206   55.38740071
        C  58.90145504   33.72374957   54.25937276
        H  59.56457544   34.17189523   53.51474117
        C  57.56578208   33.79945172   54.18009722
        H  57.06378639   34.37252983   53.39051038
        C  56.67469384   33.12169737   55.18792925
        H  56.34563247   33.87900174   55.93089015
        O  55.50612257   32.63897892   54.49261022
        H  54.97175127   32.17078363   55.14950056
        C  61.08783161   32.58587718   55.07467117
        O  61.60578573   31.87741939   55.97851659
        O  61.58774385   33.04299945   54.03272089
        C  62.30000000   23.67560000   39.16760000
        O  63.48382500   23.73737600   38.77106300
        O  61.58871600   22.64821700   39.20015900
        H  61.84202100   24.61145000   39.52036100
        C  70.33410000   23.27020000   42.51360000
        O  71.51792500   23.33197600   42.11706300
        O  69.62281600   22.24281700   42.54615900
        H  69.87612100   24.20605000   42.86636100
        C  67.16140000   25.40240000   39.34040000
        O  68.34522500   25.46417600   38.94386300
        O  66.45011600   24.37501700   39.37295900
        H  66.70342100   26.33825000   39.69316100
        C  69.72710000   19.85340000   45.88680000
        O  70.91092500   19.91517600   45.49026300
        O  69.01581600   18.82601700   45.91935900
        H  69.26912100   20.78925000   46.23956100
        C  71.26850000   29.65350000   40.22830000
        O  72.45232500   29.71527600   39.83176300
        O  70.55721600   28.62611700   40.26085900
        H  70.81052100   30.58935000   40.58106100
        C  73.27240000   21.48500000   48.61490000
        O  74.45622500   21.54677600   48.21836300
        O  72.56111600   20.45761700   48.64745900
        H  72.81442100   22.42085000   48.96766100
        C  74.58920000   25.92650000   45.32570000
        O  75.77302500   25.98827600   44.92916300
        O  73.87791600   24.89911700   45.35825900
        H  74.13122100   26.86235000   45.67846100
        C  66.52770000   29.85550000   37.76620000
        O  67.71152500   29.91727600   37.36966300
        O  65.81641600   28.82811700   37.79875900
        H  66.06972100   30.79135000   38.11896100
        C  65.51640000   20.49630000   42.29420000
        O  66.70022500   20.55807600   41.89766300
        O  64.80511600   19.46891700   42.32675900
        H  65.05842100   21.43215000   42.64696100
        C  75.27500000   30.49480000   44.31670000
        O  76.45882500   30.55657600   43.92016300
        O  74.56371600   29.46741700   44.34925900
        H  74.81702100   31.43065000   44.66946100

Note: printed only print_atoms_list (this is not necessarily all atoms) 
  ------------RUNNING QM/MM MODULE------------- 
QM Module: ORCATheory
MM Module: OpenMMTheory
Charge provided from QMMMTheory object:  -2
Mult provided from QMMMTheory object:  1
QM-region Charge: -2 Mult: 1
Embedding: Electrostatic
Number of pointcharges (to QM program): 40
Number of charge coordinates: 40
Running QM/MM object with 8 cores available

-------------------------------------------------------------------
Time to calculate step (before-QMstep): 0.000 seconds, 0.0 minutes.
-------------------------------------------------------------------
  ------------RUNNING ORCA INTERFACE------------- 
Object-label: ORCA
Run-label: None
Running ORCA with 8 cores available
Moreadfile option not active
A GBW-file with same basename : orca.gbw is present
Autostart is False. ORCA will ignore any file present
Creating inputfile: orca.inp
ORCA input:
! B3LYP D3BJ def2-SVP def2/J RIJCOSX CPCM TightSCF

! Noautostart

%cpcm epsilon 4.0 end
%scf MaxIter 300 Guess PModel end
Charge: -2  Mult: 1
Pointcharge embedding is on!
 ORCA Calculation starting. 
Found warning messages in ORCA outputfile:
WARNING: The chosen methods will break translational/rotational symmetry
 WARNING: The chosen methods will break translational symmetry
 WARNING: The chosen methods will break translational symmetry

 ORCA Calculation done. 
ORCA converged in 15 iterations
ORCA energy: -835.891163860491
  ------------ENDING ORCA-INTERFACE------------- 

----------------------------------------------------------------
Time to calculate step (ORCA run): 103.911 seconds, 1.7 minutes.
----------------------------------------------------------------

---------------------------------------------------------------
Time to calculate step (QM step): 103.911 seconds, 1.7 minutes.
---------------------------------------------------------------

----------------------------------------------------------------------
Time to calculate step (QMpcgrad prepare): 0.000 seconds, 0.0 minutes.
----------------------------------------------------------------------

--------------------------------------------------------------------------
Time to calculate step (linkatomgrad prepare): 0.000 seconds, 0.0 minutes.
--------------------------------------------------------------------------

----------------------------------------------------------------------------
Time to calculate step (QM/MM gradient prepare): 0.000 seconds, 0.0 minutes.
----------------------------------------------------------------------------
Using OpenMM theory as part of QM/MM.
Using MM on full system. Charges for QM region [0, 1, 2, 3, 4, 5, 6, 7, 8, 9, 10, 11, 12, 13, 14, 15, 16, 17, 18, 19, 20, 21, 22, 23] have been set to zero 

--------------------------------------------------------------------------------
                   Creating/updating OpenMM simulation object                   
--------------------------------------------------------------------------------

Integrator name: VerletIntegrator
Timestep: 0.001
Temperature: 300
Coupling frequency: 1
Properties: {'Threads': '1'}
Topology: <Topology; 1 chains, 1 residues, 64 atoms, 0 bonds>

----------------------------------------------------------------------------------
Time to calculate step (creating/updating simulation): 0.002 seconds, 0.0 minutes.
----------------------------------------------------------------------------------

--------------------------------------------------------------------------------
                     Running Single-point OpenMM Interface                      
--------------------------------------------------------------------------------

Number of OpenMM system constraints defined: 0

-----------------------------------------------------------------------------------
Time to calculate step (OpenMMTheory.run: const-check): 0.002 seconds, 0.0 minutes.
-----------------------------------------------------------------------------------
Updating coordinates.

------------------------------------------------------------------------
Time to calculate step (Creating pos array): 0.000 seconds, 0.0 minutes.
------------------------------------------------------------------------

---------------------------------------------------------------------------
Time to calculate step (Updating MM positions): 0.000 seconds, 0.0 minutes.
---------------------------------------------------------------------------
Calling OpenMM getState.

---------------------------------------------------------------------
Time to calculate step (OpenMM getState): 0.001 seconds, 0.0 minutes.
---------------------------------------------------------------------
OpenMM Energy: 1.2616725690707276 Eh
OpenMM Energy: 791.7114902574125 kcal/mol

-----------------------
Ending OpenMM interface
-----------------------

----------------------------------------------------------------
Time to calculate step (OpenMM run): 0.003 seconds, 0.0 minutes.
----------------------------------------------------------------

-------------------------------------------------------------
Time to calculate step (MM step): 0.003 seconds, 0.0 minutes.
-------------------------------------------------------------

Note: You are using electrostatic embedding. This means that the QM-energy is actually the polarized QM-energy
Note: MM energy also contains the QM-MM Lennard-Jones interaction

QM energy:              -835.891163860491 
MM energy:                 1.261672569071
QM/MM energy:           -834.629491291420 

  ------------ENDING QM/MM MODULE------------- 

-----------------------------------------------------------------
Time to calculate step (QM/MM run): 103.915 seconds, 1.7 minutes.
-----------------------------------------------------------------
geometric called save_guess_files option option for ASHengineclass.
This option is currently unsupported in ASH. Continuing.

Convergence criteria: {'convergence_energy': 1e-05, 'convergence_grms': 0.003, 'convergence_gmax': 0.006, 'convergence_drms': 0.01, 'convergence_dmax': 0.015, 'convergence_cmax': 0.01}

Replacing coordinates in fragment.
Creating/Updating fragment attributes...
Number of Atoms in fragment: 64
Formula: C20O26H18
Label: CHHCCOOOCHCHCCHCHCHOHCOOCOOHCOOHCOOHCOOHCOOHCOOHCOOHCOOHCOOHCOOH
Charge: -2 Mult: 1

--------------------------------------------------------------------------------
Wrote XYZ file:  Fragment-currentgeo.xyz
Current geometry (Å) in step 10 (print_atoms_list region)
---------------------------------------------------
        C  59.80105376   34.04917989   56.58388088
        H  60.42380776   33.52738417   57.33597003
        H  60.38750485   34.89329146   56.17632028
        C  58.58083032   34.59069685   57.31780453
        C  58.02917177   36.01012897   56.96430002
        O  58.91556422   36.86012992   56.71849466
        O  56.78182169   36.17145693   57.01951485
        O  58.05748628   33.96359460   58.22970556
        C  57.37646437   31.97326799   55.87491119
        H  56.74524356   31.22445349   56.38359519
        C  58.71062708   31.92741624   55.94941752
        H  59.24517586   31.10484591   56.43772430
        C  59.57649001   33.07845246   55.46422842
        C  58.88797042   33.75713696   54.30040067
        H  59.55078245   34.21042917   53.55907004
        C  57.55371782   33.80426005   54.19935044
        H  57.05396129   34.35013667   53.38910048
        C  56.65360842   33.11976472   55.19722748
        H  56.33286936   33.86932619   55.95796061
        O  55.47889961   32.66093470   54.49522536
        H  54.96423950   32.16247296   55.14769147
        C  61.06727938   32.60865279   55.12216355
        O  61.59476946   31.89205091   56.00615203
        O  61.57703989   33.12106555   54.10576924
        C  62.30000000   23.67560000   39.16760000
        O  63.48382500   23.73737600   38.77106300
        O  61.58871600   22.64821700   39.20015900
        H  61.84202100   24.61145000   39.52036100
        C  70.33410000   23.27020000   42.51360000
        O  71.51792500   23.33197600   42.11706300
        O  69.62281600   22.24281700   42.54615900
        H  69.87612100   24.20605000   42.86636100
        C  67.16140000   25.40240000   39.34040000
        O  68.34522500   25.46417600   38.94386300
        O  66.45011600   24.37501700   39.37295900
        H  66.70342100   26.33825000   39.69316100
        C  69.72710000   19.85340000   45.88680000
        O  70.91092500   19.91517600   45.49026300
        O  69.01581600   18.82601700   45.91935900
        H  69.26912100   20.78925000   46.23956100
        C  71.26850000   29.65350000   40.22830000
        O  72.45232500   29.71527600   39.83176300
        O  70.55721600   28.62611700   40.26085900
        H  70.81052100   30.58935000   40.58106100
        C  73.27240000   21.48500000   48.61490000
        O  74.45622500   21.54677600   48.21836300
        O  72.56111600   20.45761700   48.64745900
        H  72.81442100   22.42085000   48.96766100
        C  74.58920000   25.92650000   45.32570000
        O  75.77302500   25.98827600   44.92916300
        O  73.87791600   24.89911700   45.35825900
        H  74.13122100   26.86235000   45.67846100
        C  66.52770000   29.85550000   37.76620000
        O  67.71152500   29.91727600   37.36966300
        O  65.81641600   28.82811700   37.79875900
        H  66.06972100   30.79135000   38.11896100
        C  65.51640000   20.49630000   42.29420000
        O  66.70022500   20.55807600   41.89766300
        O  64.80511600   19.46891700   42.32675900
        H  65.05842100   21.43215000   42.64696100
        C  75.27500000   30.49480000   44.31670000
        O  76.45882500   30.55657600   43.92016300
        O  74.56371600   29.46741700   44.34925900
        H  74.81702100   31.43065000   44.66946100

Note: printed only print_atoms_list (this is not necessarily all atoms) 
  ------------RUNNING QM/MM MODULE------------- 
QM Module: ORCATheory
MM Module: OpenMMTheory
Charge provided from QMMMTheory object:  -2
Mult provided from QMMMTheory object:  1
QM-region Charge: -2 Mult: 1
Embedding: Electrostatic
Number of pointcharges (to QM program): 40
Number of charge coordinates: 40
Running QM/MM object with 8 cores available

-------------------------------------------------------------------
Time to calculate step (before-QMstep): 0.000 seconds, 0.0 minutes.
-------------------------------------------------------------------
  ------------RUNNING ORCA INTERFACE------------- 
Object-label: ORCA
Run-label: None
Running ORCA with 8 cores available
Moreadfile option not active
A GBW-file with same basename : orca.gbw is present
Autostart is False. ORCA will ignore any file present
Creating inputfile: orca.inp
ORCA input:
! B3LYP D3BJ def2-SVP def2/J RIJCOSX CPCM TightSCF

! Noautostart

%cpcm epsilon 4.0 end
%scf MaxIter 300 Guess PModel end
Charge: -2  Mult: 1
Pointcharge embedding is on!
 ORCA Calculation starting. 
Found warning messages in ORCA outputfile:
WARNING: The chosen methods will break translational/rotational symmetry
 WARNING: The chosen methods will break translational symmetry
 WARNING: The chosen methods will break translational symmetry

 ORCA Calculation done. 
ORCA converged in 15 iterations
ORCA energy: -835.892718653012
  ------------ENDING ORCA-INTERFACE------------- 

---------------------------------------------------------------
Time to calculate step (ORCA run): 98.517 seconds, 1.6 minutes.
---------------------------------------------------------------

--------------------------------------------------------------
Time to calculate step (QM step): 98.517 seconds, 1.6 minutes.
--------------------------------------------------------------

----------------------------------------------------------------------
Time to calculate step (QMpcgrad prepare): 0.000 seconds, 0.0 minutes.
----------------------------------------------------------------------

--------------------------------------------------------------------------
Time to calculate step (linkatomgrad prepare): 0.000 seconds, 0.0 minutes.
--------------------------------------------------------------------------

----------------------------------------------------------------------------
Time to calculate step (QM/MM gradient prepare): 0.000 seconds, 0.0 minutes.
----------------------------------------------------------------------------
Using OpenMM theory as part of QM/MM.
Using MM on full system. Charges for QM region [0, 1, 2, 3, 4, 5, 6, 7, 8, 9, 10, 11, 12, 13, 14, 15, 16, 17, 18, 19, 20, 21, 22, 23] have been set to zero 

--------------------------------------------------------------------------------
                   Creating/updating OpenMM simulation object                   
--------------------------------------------------------------------------------

Integrator name: VerletIntegrator
Timestep: 0.001
Temperature: 300
Coupling frequency: 1
Properties: {'Threads': '1'}
Topology: <Topology; 1 chains, 1 residues, 64 atoms, 0 bonds>

----------------------------------------------------------------------------------
Time to calculate step (creating/updating simulation): 0.002 seconds, 0.0 minutes.
----------------------------------------------------------------------------------

--------------------------------------------------------------------------------
                     Running Single-point OpenMM Interface                      
--------------------------------------------------------------------------------

Number of OpenMM system constraints defined: 0

-----------------------------------------------------------------------------------
Time to calculate step (OpenMMTheory.run: const-check): 0.002 seconds, 0.0 minutes.
-----------------------------------------------------------------------------------
Updating coordinates.

------------------------------------------------------------------------
Time to calculate step (Creating pos array): 0.000 seconds, 0.0 minutes.
------------------------------------------------------------------------

---------------------------------------------------------------------------
Time to calculate step (Updating MM positions): 0.000 seconds, 0.0 minutes.
---------------------------------------------------------------------------
Calling OpenMM getState.

---------------------------------------------------------------------
Time to calculate step (OpenMM getState): 0.000 seconds, 0.0 minutes.
---------------------------------------------------------------------
OpenMM Energy: 1.261672654107008 Eh
OpenMM Energy: 791.7115436184841 kcal/mol

-----------------------
Ending OpenMM interface
-----------------------

----------------------------------------------------------------
Time to calculate step (OpenMM run): 0.003 seconds, 0.0 minutes.
----------------------------------------------------------------

-------------------------------------------------------------
Time to calculate step (MM step): 0.003 seconds, 0.0 minutes.
-------------------------------------------------------------

Note: You are using electrostatic embedding. This means that the QM-energy is actually the polarized QM-energy
Note: MM energy also contains the QM-MM Lennard-Jones interaction

QM energy:              -835.892718653012 
MM energy:                 1.261672654107
QM/MM energy:           -834.631045998905 

  ------------ENDING QM/MM MODULE------------- 

----------------------------------------------------------------
Time to calculate step (QM/MM run): 98.521 seconds, 1.6 minutes.
----------------------------------------------------------------
geometric called save_guess_files option option for ASHengineclass.
This option is currently unsupported in ASH. Continuing.

Convergence criteria: {'convergence_energy': 1e-05, 'convergence_grms': 0.003, 'convergence_gmax': 0.006, 'convergence_drms': 0.01, 'convergence_dmax': 0.015, 'convergence_cmax': 0.01}

Replacing coordinates in fragment.
Creating/Updating fragment attributes...
Number of Atoms in fragment: 64
Formula: C20O26H18
Label: CHHCCOOOCHCHCCHCHCHOHCOOCOOHCOOHCOOHCOOHCOOHCOOHCOOHCOOHCOOHCOOH
Charge: -2 Mult: 1

--------------------------------------------------------------------------------
Wrote XYZ file:  Fragment-currentgeo.xyz
Current geometry (Å) in step 11 (print_atoms_list region)
---------------------------------------------------
        C  59.82104683   34.07733286   56.61849000
        H  60.43426196   33.53385855   57.35383921
        H  60.39645896   34.91207185   56.19220908
        C  58.58576387   34.59734184   57.32428806
        C  58.02738349   36.00775294   56.96100256
        O  58.91090510   36.86384330   56.72162046
        O  56.78193323   36.16330880   57.01791752
        O  58.06174200   33.96212436   58.22990483
        C  57.37496459   31.97502528   55.87531657
        H  56.74828157   31.21926741   56.37487642
        C  58.71130462   31.92540250   55.95173612
        H  59.24799153   31.11360216   56.44933537
        C  59.56532175   33.05556364   55.43691188
        C  58.88312033   33.75643933   54.29284998
        H  59.54947250   34.21928770   53.56161649
        C  57.55034978   33.80316827   54.19420824
        H  57.05152418   34.34840359   53.38528354
        C  56.65177760   33.11767053   55.19289116
        H  56.33404976   33.86799514   55.95205776
        O  55.47826393   32.65808085   54.49486046
        H  54.96099621   32.16045183   55.14386310
        C  61.06423959   32.61243841   55.11956413
        O  61.58292536   31.87957777   55.99638282
        O  61.57247971   33.10065002   54.09474642
        C  62.30000000   23.67560000   39.16760000
        O  63.48382500   23.73737600   38.77106300
        O  61.58871600   22.64821700   39.20015900
        H  61.84202100   24.61145000   39.52036100
        C  70.33410000   23.27020000   42.51360000
        O  71.51792500   23.33197600   42.11706300
        O  69.62281600   22.24281700   42.54615900
        H  69.87612100   24.20605000   42.86636100
        C  67.16140000   25.40240000   39.34040000
        O  68.34522500   25.46417600   38.94386300
        O  66.45011600   24.37501700   39.37295900
        H  66.70342100   26.33825000   39.69316100
        C  69.72710000   19.85340000   45.88680000
        O  70.91092500   19.91517600   45.49026300
        O  69.01581600   18.82601700   45.91935900
        H  69.26912100   20.78925000   46.23956100
        C  71.26850000   29.65350000   40.22830000
        O  72.45232500   29.71527600   39.83176300
        O  70.55721600   28.62611700   40.26085900
        H  70.81052100   30.58935000   40.58106100
        C  73.27240000   21.48500000   48.61490000
        O  74.45622500   21.54677600   48.21836300
        O  72.56111600   20.45761700   48.64745900
        H  72.81442100   22.42085000   48.96766100
        C  74.58920000   25.92650000   45.32570000
        O  75.77302500   25.98827600   44.92916300
        O  73.87791600   24.89911700   45.35825900
        H  74.13122100   26.86235000   45.67846100
        C  66.52770000   29.85550000   37.76620000
        O  67.71152500   29.91727600   37.36966300
        O  65.81641600   28.82811700   37.79875900
        H  66.06972100   30.79135000   38.11896100
        C  65.51640000   20.49630000   42.29420000
        O  66.70022500   20.55807600   41.89766300
        O  64.80511600   19.46891700   42.32675900
        H  65.05842100   21.43215000   42.64696100
        C  75.27500000   30.49480000   44.31670000
        O  76.45882500   30.55657600   43.92016300
        O  74.56371600   29.46741700   44.34925900
        H  74.81702100   31.43065000   44.66946100

Note: printed only print_atoms_list (this is not necessarily all atoms) 
  ------------RUNNING QM/MM MODULE------------- 
QM Module: ORCATheory
MM Module: OpenMMTheory
Charge provided from QMMMTheory object:  -2
Mult provided from QMMMTheory object:  1
QM-region Charge: -2 Mult: 1
Embedding: Electrostatic
Number of pointcharges (to QM program): 40
Number of charge coordinates: 40
Running QM/MM object with 8 cores available

-------------------------------------------------------------------
Time to calculate step (before-QMstep): 0.000 seconds, 0.0 minutes.
-------------------------------------------------------------------
  ------------RUNNING ORCA INTERFACE------------- 
Object-label: ORCA
Run-label: None
Running ORCA with 8 cores available
Moreadfile option not active
A GBW-file with same basename : orca.gbw is present
Autostart is False. ORCA will ignore any file present
Creating inputfile: orca.inp
ORCA input:
! B3LYP D3BJ def2-SVP def2/J RIJCOSX CPCM TightSCF

! Noautostart

%cpcm epsilon 4.0 end
%scf MaxIter 300 Guess PModel end
Charge: -2  Mult: 1
Pointcharge embedding is on!
 ORCA Calculation starting. 
Found warning messages in ORCA outputfile:
WARNING: The chosen methods will break translational/rotational symmetry
 WARNING: The chosen methods will break translational symmetry
 WARNING: The chosen methods will break translational symmetry

 ORCA Calculation done. 
ORCA converged in 15 iterations
ORCA energy: -835.895964576297
  ------------ENDING ORCA-INTERFACE------------- 

---------------------------------------------------------------
Time to calculate step (ORCA run): 96.568 seconds, 1.6 minutes.
---------------------------------------------------------------

--------------------------------------------------------------
Time to calculate step (QM step): 96.568 seconds, 1.6 minutes.
--------------------------------------------------------------

----------------------------------------------------------------------
Time to calculate step (QMpcgrad prepare): 0.000 seconds, 0.0 minutes.
----------------------------------------------------------------------

--------------------------------------------------------------------------
Time to calculate step (linkatomgrad prepare): 0.000 seconds, 0.0 minutes.
--------------------------------------------------------------------------

----------------------------------------------------------------------------
Time to calculate step (QM/MM gradient prepare): 0.000 seconds, 0.0 minutes.
----------------------------------------------------------------------------
Using OpenMM theory as part of QM/MM.
Using MM on full system. Charges for QM region [0, 1, 2, 3, 4, 5, 6, 7, 8, 9, 10, 11, 12, 13, 14, 15, 16, 17, 18, 19, 20, 21, 22, 23] have been set to zero 

--------------------------------------------------------------------------------
                   Creating/updating OpenMM simulation object                   
--------------------------------------------------------------------------------

Integrator name: VerletIntegrator
Timestep: 0.001
Temperature: 300
Coupling frequency: 1
Properties: {'Threads': '1'}
Topology: <Topology; 1 chains, 1 residues, 64 atoms, 0 bonds>

----------------------------------------------------------------------------------
Time to calculate step (creating/updating simulation): 0.002 seconds, 0.0 minutes.
----------------------------------------------------------------------------------

--------------------------------------------------------------------------------
                     Running Single-point OpenMM Interface                      
--------------------------------------------------------------------------------

Number of OpenMM system constraints defined: 0

-----------------------------------------------------------------------------------
Time to calculate step (OpenMMTheory.run: const-check): 0.002 seconds, 0.0 minutes.
-----------------------------------------------------------------------------------
Updating coordinates.

------------------------------------------------------------------------
Time to calculate step (Creating pos array): 0.000 seconds, 0.0 minutes.
------------------------------------------------------------------------

---------------------------------------------------------------------------
Time to calculate step (Updating MM positions): 0.000 seconds, 0.0 minutes.
---------------------------------------------------------------------------
Calling OpenMM getState.

---------------------------------------------------------------------
Time to calculate step (OpenMM getState): 0.001 seconds, 0.0 minutes.
---------------------------------------------------------------------
OpenMM Energy: 1.2616726476666775 Eh
OpenMM Energy: 791.7115395771157 kcal/mol

-----------------------
Ending OpenMM interface
-----------------------

----------------------------------------------------------------
Time to calculate step (OpenMM run): 0.003 seconds, 0.0 minutes.
----------------------------------------------------------------

-------------------------------------------------------------
Time to calculate step (MM step): 0.003 seconds, 0.0 minutes.
-------------------------------------------------------------

Note: You are using electrostatic embedding. This means that the QM-energy is actually the polarized QM-energy
Note: MM energy also contains the QM-MM Lennard-Jones interaction

QM energy:              -835.895964576297 
MM energy:                 1.261672647667
QM/MM energy:           -834.634291928630 

  ------------ENDING QM/MM MODULE------------- 

----------------------------------------------------------------
Time to calculate step (QM/MM run): 96.572 seconds, 1.6 minutes.
----------------------------------------------------------------
geometric called save_guess_files option option for ASHengineclass.
This option is currently unsupported in ASH. Continuing.

Convergence criteria: {'convergence_energy': 1e-05, 'convergence_grms': 0.003, 'convergence_gmax': 0.006, 'convergence_drms': 0.01, 'convergence_dmax': 0.015, 'convergence_cmax': 0.01}

Replacing coordinates in fragment.
Creating/Updating fragment attributes...
Number of Atoms in fragment: 64
Formula: C20O26H18
Label: CHHCCOOOCHCHCCHCHCHOHCOOCOOHCOOHCOOHCOOHCOOHCOOHCOOHCOOHCOOHCOOH
Charge: -2 Mult: 1

--------------------------------------------------------------------------------
Wrote XYZ file:  Fragment-currentgeo.xyz
Current geometry (Å) in step 12 (print_atoms_list region)
---------------------------------------------------
        C  59.81858052   34.10400880   56.63443635
        H  60.43011565   33.55948353   57.36417835
        H  60.39205271   34.93750874   56.21515655
        C  58.57983416   34.61194147   57.34179683
        C  58.02374408   36.01513331   56.96605992
        O  58.90026631   36.87901651   56.73107251
        O  56.77944959   36.16862060   57.01952609
        O  58.06946209   33.97802261   58.25670295
        C  57.36879113   31.97138507   55.87303823
        H  56.74307647   31.19028796   56.33329273
        C  58.70438855   31.93888038   55.96885781
        H  59.24113595   31.13012980   56.47116957
        C  59.56013199   33.07037422   55.46407935
        C  58.87588682   33.77049831   54.31733768
        H  59.54264466   34.24149278   53.59019313
        C  57.54322630   33.80270558   54.20054040
        H  57.04429144   34.33367733   53.38148872
        C  56.64216892   33.11271291   55.19336394
        H  56.32958361   33.86083474   55.95601370
        O  55.46812540   32.66112600   54.49611032
        H  54.95233337   32.15348029   55.13697893
        C  61.05171912   32.61152355   55.12811436
        O  61.56391401   31.86511574   55.99629772
        O  61.56216836   33.11467572   54.11145363
        C  62.30000000   23.67560000   39.16760000
        O  63.48382500   23.73737600   38.77106300
        O  61.58871600   22.64821700   39.20015900
        H  61.84202100   24.61145000   39.52036100
        C  70.33410000   23.27020000   42.51360000
        O  71.51792500   23.33197600   42.11706300
        O  69.62281600   22.24281700   42.54615900
        H  69.87612100   24.20605000   42.86636100
        C  67.16140000   25.40240000   39.34040000
        O  68.34522500   25.46417600   38.94386300
        O  66.45011600   24.37501700   39.37295900
        H  66.70342100   26.33825000   39.69316100
        C  69.72710000   19.85340000   45.88680000
        O  70.91092500   19.91517600   45.49026300
        O  69.01581600   18.82601700   45.91935900
        H  69.26912100   20.78925000   46.23956100
        C  71.26850000   29.65350000   40.22830000
        O  72.45232500   29.71527600   39.83176300
        O  70.55721600   28.62611700   40.26085900
        H  70.81052100   30.58935000   40.58106100
        C  73.27240000   21.48500000   48.61490000
        O  74.45622500   21.54677600   48.21836300
        O  72.56111600   20.45761700   48.64745900
        H  72.81442100   22.42085000   48.96766100
        C  74.58920000   25.92650000   45.32570000
        O  75.77302500   25.98827600   44.92916300
        O  73.87791600   24.89911700   45.35825900
        H  74.13122100   26.86235000   45.67846100
        C  66.52770000   29.85550000   37.76620000
        O  67.71152500   29.91727600   37.36966300
        O  65.81641600   28.82811700   37.79875900
        H  66.06972100   30.79135000   38.11896100
        C  65.51640000   20.49630000   42.29420000
        O  66.70022500   20.55807600   41.89766300
        O  64.80511600   19.46891700   42.32675900
        H  65.05842100   21.43215000   42.64696100
        C  75.27500000   30.49480000   44.31670000
        O  76.45882500   30.55657600   43.92016300
        O  74.56371600   29.46741700   44.34925900
        H  74.81702100   31.43065000   44.66946100

Note: printed only print_atoms_list (this is not necessarily all atoms) 
  ------------RUNNING QM/MM MODULE------------- 
QM Module: ORCATheory
MM Module: OpenMMTheory
Charge provided from QMMMTheory object:  -2
Mult provided from QMMMTheory object:  1
QM-region Charge: -2 Mult: 1
Embedding: Electrostatic
Number of pointcharges (to QM program): 40
Number of charge coordinates: 40
Running QM/MM object with 8 cores available

-------------------------------------------------------------------
Time to calculate step (before-QMstep): 0.000 seconds, 0.0 minutes.
-------------------------------------------------------------------
  ------------RUNNING ORCA INTERFACE------------- 
Object-label: ORCA
Run-label: None
Running ORCA with 8 cores available
Moreadfile option not active
A GBW-file with same basename : orca.gbw is present
Autostart is False. ORCA will ignore any file present
Creating inputfile: orca.inp
ORCA input:
! B3LYP D3BJ def2-SVP def2/J RIJCOSX CPCM TightSCF

! Noautostart

%cpcm epsilon 4.0 end
%scf MaxIter 300 Guess PModel end
Charge: -2  Mult: 1
Pointcharge embedding is on!
 ORCA Calculation starting. 
Found warning messages in ORCA outputfile:
WARNING: The chosen methods will break translational/rotational symmetry
 WARNING: The chosen methods will break translational symmetry
 WARNING: The chosen methods will break translational symmetry

 ORCA Calculation done. 
ORCA converged in 15 iterations
ORCA energy: -835.897349777822
  ------------ENDING ORCA-INTERFACE------------- 

----------------------------------------------------------------
Time to calculate step (ORCA run): 103.250 seconds, 1.7 minutes.
----------------------------------------------------------------

---------------------------------------------------------------
Time to calculate step (QM step): 103.250 seconds, 1.7 minutes.
---------------------------------------------------------------

----------------------------------------------------------------------
Time to calculate step (QMpcgrad prepare): 0.000 seconds, 0.0 minutes.
----------------------------------------------------------------------

--------------------------------------------------------------------------
Time to calculate step (linkatomgrad prepare): 0.000 seconds, 0.0 minutes.
--------------------------------------------------------------------------

----------------------------------------------------------------------------
Time to calculate step (QM/MM gradient prepare): 0.000 seconds, 0.0 minutes.
----------------------------------------------------------------------------
Using OpenMM theory as part of QM/MM.
Using MM on full system. Charges for QM region [0, 1, 2, 3, 4, 5, 6, 7, 8, 9, 10, 11, 12, 13, 14, 15, 16, 17, 18, 19, 20, 21, 22, 23] have been set to zero 

--------------------------------------------------------------------------------
                   Creating/updating OpenMM simulation object                   
--------------------------------------------------------------------------------

Integrator name: VerletIntegrator
Timestep: 0.001
Temperature: 300
Coupling frequency: 1
Properties: {'Threads': '1'}
Topology: <Topology; 1 chains, 1 residues, 64 atoms, 0 bonds>

----------------------------------------------------------------------------------
Time to calculate step (creating/updating simulation): 0.002 seconds, 0.0 minutes.
----------------------------------------------------------------------------------

--------------------------------------------------------------------------------
                     Running Single-point OpenMM Interface                      
--------------------------------------------------------------------------------

Number of OpenMM system constraints defined: 0

-----------------------------------------------------------------------------------
Time to calculate step (OpenMMTheory.run: const-check): 0.002 seconds, 0.0 minutes.
-----------------------------------------------------------------------------------
Updating coordinates.

------------------------------------------------------------------------
Time to calculate step (Creating pos array): 0.000 seconds, 0.0 minutes.
------------------------------------------------------------------------

---------------------------------------------------------------------------
Time to calculate step (Updating MM positions): 0.000 seconds, 0.0 minutes.
---------------------------------------------------------------------------
Calling OpenMM getState.

---------------------------------------------------------------------
Time to calculate step (OpenMM getState): 0.000 seconds, 0.0 minutes.
---------------------------------------------------------------------
OpenMM Energy: 1.261672676788019 Eh
OpenMM Energy: 791.7115578510334 kcal/mol

-----------------------
Ending OpenMM interface
-----------------------

----------------------------------------------------------------
Time to calculate step (OpenMM run): 0.002 seconds, 0.0 minutes.
----------------------------------------------------------------

-------------------------------------------------------------
Time to calculate step (MM step): 0.003 seconds, 0.0 minutes.
-------------------------------------------------------------

Note: You are using electrostatic embedding. This means that the QM-energy is actually the polarized QM-energy
Note: MM energy also contains the QM-MM Lennard-Jones interaction

QM energy:              -835.897349777822 
MM energy:                 1.261672676788
QM/MM energy:           -834.635677101034 

  ------------ENDING QM/MM MODULE------------- 

-----------------------------------------------------------------
Time to calculate step (QM/MM run): 103.253 seconds, 1.7 minutes.
-----------------------------------------------------------------
geometric called save_guess_files option option for ASHengineclass.
This option is currently unsupported in ASH. Continuing.
geometric called clearCalcs option for ASHengineclass.
This option is currently unsupported in ASH. Continuing.

Convergence criteria: {'convergence_energy': 1e-05, 'convergence_grms': 0.003, 'convergence_gmax': 0.006, 'convergence_drms': 0.01, 'convergence_dmax': 0.015, 'convergence_cmax': 0.01}

Replacing coordinates in fragment.
Creating/Updating fragment attributes...
Number of Atoms in fragment: 64
Formula: C20O26H18
Label: CHHCCOOOCHCHCCHCHCHOHCOOCOOHCOOHCOOHCOOHCOOHCOOHCOOHCOOHCOOHCOOH
Charge: -2 Mult: 1

--------------------------------------------------------------------------------
Wrote XYZ file:  Fragment-currentgeo.xyz
Current geometry (Å) in step 13 (print_atoms_list region)
---------------------------------------------------
        C  59.80794305   34.17329211   56.70452974
        H  60.42239243   33.65668653   57.44795136
        H  60.36660005   35.00792349   56.27505184
        C  58.56856055   34.68129760   57.41850391
        C  57.99231631   36.05845818   57.00899451
        O  58.86702599   36.92462458   56.77410928
        O  56.74683728   36.19688140   57.02368174
        O  58.09919305   34.06242057   58.36446969
        C  57.33987225   31.94992161   55.85764163
        H  56.72821201   31.08369442   56.17536097
        C  58.67046730   31.99585823   56.04126487
        H  59.21474450   31.19807086   56.55505224
        C  59.52224785   33.13857200   55.55551740
        C  58.83956252   33.82883015   54.39910205
        H  59.51282158   34.33418827   53.69957103
        C  57.51114750   33.80330525   54.22283546
        H  57.01957794   34.28524334   53.36930483
        C  56.60295471   33.09374214   55.19491480
        H  56.30999908   33.83008403   55.97711416
        O  55.42380833   32.67379287   54.50019552
        H  54.92090034   32.12328919   55.11340490
        C  61.00428216   32.64048009   55.18602521
        O  61.48748291   31.82214271   56.00282306
        O  61.52124001   33.17423504   54.19075019
        C  62.30000000   23.67560000   39.16760000
        O  63.48382500   23.73737600   38.77106300
        O  61.58871600   22.64821700   39.20015900
        H  61.84202100   24.61145000   39.52036100
        C  70.33410000   23.27020000   42.51360000
        O  71.51792500   23.33197600   42.11706300
        O  69.62281600   22.24281700   42.54615900
        H  69.87612100   24.20605000   42.86636100
        C  67.16140000   25.40240000   39.34040000
        O  68.34522500   25.46417600   38.94386300
        O  66.45011600   24.37501700   39.37295900
        H  66.70342100   26.33825000   39.69316100
        C  69.72710000   19.85340000   45.88680000
        O  70.91092500   19.91517600   45.49026300
        O  69.01581600   18.82601700   45.91935900
        H  69.26912100   20.78925000   46.23956100
        C  71.26850000   29.65350000   40.22830000
        O  72.45232500   29.71527600   39.83176300
        O  70.55721600   28.62611700   40.26085900
        H  70.81052100   30.58935000   40.58106100
        C  73.27240000   21.48500000   48.61490000
        O  74.45622500   21.54677600   48.21836300
        O  72.56111600   20.45761700   48.64745900
        H  72.81442100   22.42085000   48.96766100
        C  74.58920000   25.92650000   45.32570000
        O  75.77302500   25.98827600   44.92916300
        O  73.87791600   24.89911700   45.35825900
        H  74.13122100   26.86235000   45.67846100
        C  66.52770000   29.85550000   37.76620000
        O  67.71152500   29.91727600   37.36966300
        O  65.81641600   28.82811700   37.79875900
        H  66.06972100   30.79135000   38.11896100
        C  65.51640000   20.49630000   42.29420000
        O  66.70022500   20.55807600   41.89766300
        O  64.80511600   19.46891700   42.32675900
        H  65.05842100   21.43215000   42.64696100
        C  75.27500000   30.49480000   44.31670000
        O  76.45882500   30.55657600   43.92016300
        O  74.56371600   29.46741700   44.34925900
        H  74.81702100   31.43065000   44.66946100

Note: printed only print_atoms_list (this is not necessarily all atoms) 
  ------------RUNNING QM/MM MODULE------------- 
QM Module: ORCATheory
MM Module: OpenMMTheory
Charge provided from QMMMTheory object:  -2
Mult provided from QMMMTheory object:  1
QM-region Charge: -2 Mult: 1
Embedding: Electrostatic
Number of pointcharges (to QM program): 40
Number of charge coordinates: 40
Running QM/MM object with 8 cores available

-------------------------------------------------------------------
Time to calculate step (before-QMstep): 0.000 seconds, 0.0 minutes.
-------------------------------------------------------------------
  ------------RUNNING ORCA INTERFACE------------- 
Object-label: ORCA
Run-label: None
Running ORCA with 8 cores available
Moreadfile option not active
A GBW-file with same basename : orca.gbw is present
Autostart is False. ORCA will ignore any file present
Creating inputfile: orca.inp
ORCA input:
! B3LYP D3BJ def2-SVP def2/J RIJCOSX CPCM TightSCF

! Noautostart

%cpcm epsilon 4.0 end
%scf MaxIter 300 Guess PModel end
Charge: -2  Mult: 1
Pointcharge embedding is on!
 ORCA Calculation starting. 
Found warning messages in ORCA outputfile:
WARNING: The chosen methods will break translational/rotational symmetry
 WARNING: The chosen methods will break translational symmetry
 WARNING: The chosen methods will break translational symmetry

 ORCA Calculation done. 
ORCA converged in 15 iterations
ORCA energy: -835.900057529166
  ------------ENDING ORCA-INTERFACE------------- 

----------------------------------------------------------------
Time to calculate step (ORCA run): 104.498 seconds, 1.7 minutes.
----------------------------------------------------------------

---------------------------------------------------------------
Time to calculate step (QM step): 104.498 seconds, 1.7 minutes.
---------------------------------------------------------------

----------------------------------------------------------------------
Time to calculate step (QMpcgrad prepare): 0.000 seconds, 0.0 minutes.
----------------------------------------------------------------------

--------------------------------------------------------------------------
Time to calculate step (linkatomgrad prepare): 0.000 seconds, 0.0 minutes.
--------------------------------------------------------------------------

----------------------------------------------------------------------------
Time to calculate step (QM/MM gradient prepare): 0.000 seconds, 0.0 minutes.
----------------------------------------------------------------------------
Using OpenMM theory as part of QM/MM.
Using MM on full system. Charges for QM region [0, 1, 2, 3, 4, 5, 6, 7, 8, 9, 10, 11, 12, 13, 14, 15, 16, 17, 18, 19, 20, 21, 22, 23] have been set to zero 

--------------------------------------------------------------------------------
                   Creating/updating OpenMM simulation object                   
--------------------------------------------------------------------------------

Integrator name: VerletIntegrator
Timestep: 0.001
Temperature: 300
Coupling frequency: 1
Properties: {'Threads': '1'}
Topology: <Topology; 1 chains, 1 residues, 64 atoms, 0 bonds>

----------------------------------------------------------------------------------
Time to calculate step (creating/updating simulation): 0.002 seconds, 0.0 minutes.
----------------------------------------------------------------------------------

--------------------------------------------------------------------------------
                     Running Single-point OpenMM Interface                      
--------------------------------------------------------------------------------

Number of OpenMM system constraints defined: 0

-----------------------------------------------------------------------------------
Time to calculate step (OpenMMTheory.run: const-check): 0.002 seconds, 0.0 minutes.
-----------------------------------------------------------------------------------
Updating coordinates.

------------------------------------------------------------------------
Time to calculate step (Creating pos array): 0.000 seconds, 0.0 minutes.
------------------------------------------------------------------------

---------------------------------------------------------------------------
Time to calculate step (Updating MM positions): 0.000 seconds, 0.0 minutes.
---------------------------------------------------------------------------
Calling OpenMM getState.

---------------------------------------------------------------------
Time to calculate step (OpenMM getState): 0.000 seconds, 0.0 minutes.
---------------------------------------------------------------------
OpenMM Energy: 1.261672803974081 Eh
OpenMM Energy: 791.7116376614922 kcal/mol

-----------------------
Ending OpenMM interface
-----------------------

----------------------------------------------------------------
Time to calculate step (OpenMM run): 0.003 seconds, 0.0 minutes.
----------------------------------------------------------------

-------------------------------------------------------------
Time to calculate step (MM step): 0.003 seconds, 0.0 minutes.
-------------------------------------------------------------

Note: You are using electrostatic embedding. This means that the QM-energy is actually the polarized QM-energy
Note: MM energy also contains the QM-MM Lennard-Jones interaction

QM energy:              -835.900057529166 
MM energy:                 1.261672803974
QM/MM energy:           -834.638384725192 

  ------------ENDING QM/MM MODULE------------- 

-----------------------------------------------------------------
Time to calculate step (QM/MM run): 104.502 seconds, 1.7 minutes.
-----------------------------------------------------------------
geometric called save_guess_files option option for ASHengineclass.
This option is currently unsupported in ASH. Continuing.

Convergence criteria: {'convergence_energy': 1e-05, 'convergence_grms': 0.003, 'convergence_gmax': 0.006, 'convergence_drms': 0.01, 'convergence_dmax': 0.015, 'convergence_cmax': 0.01}

Replacing coordinates in fragment.
Creating/Updating fragment attributes...
Number of Atoms in fragment: 64
Formula: C20O26H18
Label: CHHCCOOOCHCHCCHCHCHOHCOOCOOHCOOHCOOHCOOHCOOHCOOHCOOHCOOHCOOHCOOH
Charge: -2 Mult: 1

--------------------------------------------------------------------------------
Wrote XYZ file:  Fragment-currentgeo.xyz
Current geometry (Å) in step 14 (print_atoms_list region)
---------------------------------------------------
        C  59.79101844   34.20095623   56.74078223
        H  60.41965708   33.68960500   57.48214188
        H  60.34657470   35.03748861   56.30212781
        C  58.56225125   34.71910158   57.46565037
        C  57.97266817   36.08900780   57.03242902
        O  58.84059172   36.96354043   56.80346204
        O  56.72555038   36.21344839   57.03012296
        O  58.10015159   34.11654933   58.42700623
        C  57.32610389   31.94380889   55.85016567
        H  56.73679895   31.05561989   56.12516779
        C  58.64411090   32.01329938   56.07722483
        H  59.19633920   31.21983259   56.58793954
        C  59.49107733   33.16375371   55.59766471
        C  58.81928730   33.85810208   54.43944750
        H  59.49424578   34.37892788   53.75406853
        C  57.49666013   33.80710693   54.23518323
        H  57.01492324   34.27416091   53.36946071
        C  56.58541641   33.08680627   55.19563740
        H  56.29700831   33.81372529   55.98839931
        O  55.40288447   32.67681281   54.50087579
        H  54.90982785   32.10480862   55.10389836
        C  60.97218294   32.65115262   55.21703157
        O  61.45026821   31.82070175   56.01807365
        O  61.50367310   33.22047840   54.24579253
        C  62.30000000   23.67560000   39.16760000
        O  63.48382500   23.73737600   38.77106300
        O  61.58871600   22.64821700   39.20015900
        H  61.84202100   24.61145000   39.52036100
        C  70.33410000   23.27020000   42.51360000
        O  71.51792500   23.33197600   42.11706300
        O  69.62281600   22.24281700   42.54615900
        H  69.87612100   24.20605000   42.86636100
        C  67.16140000   25.40240000   39.34040000
        O  68.34522500   25.46417600   38.94386300
        O  66.45011600   24.37501700   39.37295900
        H  66.70342100   26.33825000   39.69316100
        C  69.72710000   19.85340000   45.88680000
        O  70.91092500   19.91517600   45.49026300
        O  69.01581600   18.82601700   45.91935900
        H  69.26912100   20.78925000   46.23956100
        C  71.26850000   29.65350000   40.22830000
        O  72.45232500   29.71527600   39.83176300
        O  70.55721600   28.62611700   40.26085900
        H  70.81052100   30.58935000   40.58106100
        C  73.27240000   21.48500000   48.61490000
        O  74.45622500   21.54677600   48.21836300
        O  72.56111600   20.45761700   48.64745900
        H  72.81442100   22.42085000   48.96766100
        C  74.58920000   25.92650000   45.32570000
        O  75.77302500   25.98827600   44.92916300
        O  73.87791600   24.89911700   45.35825900
        H  74.13122100   26.86235000   45.67846100
        C  66.52770000   29.85550000   37.76620000
        O  67.71152500   29.91727600   37.36966300
        O  65.81641600   28.82811700   37.79875900
        H  66.06972100   30.79135000   38.11896100
        C  65.51640000   20.49630000   42.29420000
        O  66.70022500   20.55807600   41.89766300
        O  64.80511600   19.46891700   42.32675900
        H  65.05842100   21.43215000   42.64696100
        C  75.27500000   30.49480000   44.31670000
        O  76.45882500   30.55657600   43.92016300
        O  74.56371600   29.46741700   44.34925900
        H  74.81702100   31.43065000   44.66946100

Note: printed only print_atoms_list (this is not necessarily all atoms) 
  ------------RUNNING QM/MM MODULE------------- 
QM Module: ORCATheory
MM Module: OpenMMTheory
Charge provided from QMMMTheory object:  -2
Mult provided from QMMMTheory object:  1
QM-region Charge: -2 Mult: 1
Embedding: Electrostatic
Number of pointcharges (to QM program): 40
Number of charge coordinates: 40
Running QM/MM object with 8 cores available

-------------------------------------------------------------------
Time to calculate step (before-QMstep): 0.000 seconds, 0.0 minutes.
-------------------------------------------------------------------
  ------------RUNNING ORCA INTERFACE------------- 
Object-label: ORCA
Run-label: None
Running ORCA with 8 cores available
Moreadfile option not active
A GBW-file with same basename : orca.gbw is present
Autostart is False. ORCA will ignore any file present
Creating inputfile: orca.inp
ORCA input:
! B3LYP D3BJ def2-SVP def2/J RIJCOSX CPCM TightSCF

! Noautostart

%cpcm epsilon 4.0 end
%scf MaxIter 300 Guess PModel end
Charge: -2  Mult: 1
Pointcharge embedding is on!
 ORCA Calculation starting. 
Found warning messages in ORCA outputfile:
WARNING: The chosen methods will break translational/rotational symmetry
 WARNING: The chosen methods will break translational symmetry
 WARNING: The chosen methods will break translational symmetry

 ORCA Calculation done. 
ORCA converged in 15 iterations
ORCA energy: -835.901084005068
  ------------ENDING ORCA-INTERFACE------------- 

----------------------------------------------------------------
Time to calculate step (ORCA run): 106.724 seconds, 1.8 minutes.
----------------------------------------------------------------

---------------------------------------------------------------
Time to calculate step (QM step): 106.724 seconds, 1.8 minutes.
---------------------------------------------------------------

----------------------------------------------------------------------
Time to calculate step (QMpcgrad prepare): 0.000 seconds, 0.0 minutes.
----------------------------------------------------------------------

--------------------------------------------------------------------------
Time to calculate step (linkatomgrad prepare): 0.000 seconds, 0.0 minutes.
--------------------------------------------------------------------------

----------------------------------------------------------------------------
Time to calculate step (QM/MM gradient prepare): 0.000 seconds, 0.0 minutes.
----------------------------------------------------------------------------
Using OpenMM theory as part of QM/MM.
Using MM on full system. Charges for QM region [0, 1, 2, 3, 4, 5, 6, 7, 8, 9, 10, 11, 12, 13, 14, 15, 16, 17, 18, 19, 20, 21, 22, 23] have been set to zero 

--------------------------------------------------------------------------------
                   Creating/updating OpenMM simulation object                   
--------------------------------------------------------------------------------

Integrator name: VerletIntegrator
Timestep: 0.001
Temperature: 300
Coupling frequency: 1
Properties: {'Threads': '1'}
Topology: <Topology; 1 chains, 1 residues, 64 atoms, 0 bonds>

----------------------------------------------------------------------------------
Time to calculate step (creating/updating simulation): 0.002 seconds, 0.0 minutes.
----------------------------------------------------------------------------------

--------------------------------------------------------------------------------
                     Running Single-point OpenMM Interface                      
--------------------------------------------------------------------------------

Number of OpenMM system constraints defined: 0

-----------------------------------------------------------------------------------
Time to calculate step (OpenMMTheory.run: const-check): 0.002 seconds, 0.0 minutes.
-----------------------------------------------------------------------------------
Updating coordinates.

------------------------------------------------------------------------
Time to calculate step (Creating pos array): 0.000 seconds, 0.0 minutes.
------------------------------------------------------------------------

---------------------------------------------------------------------------
Time to calculate step (Updating MM positions): 0.000 seconds, 0.0 minutes.
---------------------------------------------------------------------------
Calling OpenMM getState.

---------------------------------------------------------------------
Time to calculate step (OpenMM getState): 0.000 seconds, 0.0 minutes.
---------------------------------------------------------------------
OpenMM Energy: 1.2616728785700821 Eh
OpenMM Energy: 791.7116844711896 kcal/mol

-----------------------
Ending OpenMM interface
-----------------------

----------------------------------------------------------------
Time to calculate step (OpenMM run): 0.002 seconds, 0.0 minutes.
----------------------------------------------------------------

-------------------------------------------------------------
Time to calculate step (MM step): 0.003 seconds, 0.0 minutes.
-------------------------------------------------------------

Note: You are using electrostatic embedding. This means that the QM-energy is actually the polarized QM-energy
Note: MM energy also contains the QM-MM Lennard-Jones interaction

QM energy:              -835.901084005068 
MM energy:                 1.261672878570
QM/MM energy:           -834.639411126498 

  ------------ENDING QM/MM MODULE------------- 

-----------------------------------------------------------------
Time to calculate step (QM/MM run): 106.727 seconds, 1.8 minutes.
-----------------------------------------------------------------
geometric called save_guess_files option option for ASHengineclass.
This option is currently unsupported in ASH. Continuing.

Convergence criteria: {'convergence_energy': 1e-05, 'convergence_grms': 0.003, 'convergence_gmax': 0.006, 'convergence_drms': 0.01, 'convergence_dmax': 0.015, 'convergence_cmax': 0.01}

Replacing coordinates in fragment.
Creating/Updating fragment attributes...
Number of Atoms in fragment: 64
Formula: C20O26H18
Label: CHHCCOOOCHCHCCHCHCHOHCOOCOOHCOOHCOOHCOOHCOOHCOOHCOOHCOOHCOOHCOOH
Charge: -2 Mult: 1

--------------------------------------------------------------------------------
Wrote XYZ file:  Fragment-currentgeo.xyz
Current geometry (Å) in step 15 (print_atoms_list region)
---------------------------------------------------
        C  59.76858166   34.24217590   56.80152955
        H  60.41052621   33.72042052   57.52632216
        H  60.31926434   35.07684394   56.34839748
        C  58.55253347   34.77182656   57.52654390
        C  57.94336535   36.13259549   57.07079099
        O  58.79317877   37.02760815   56.85116003
        O  56.69371051   36.22601850   57.04608725
        O  58.09245044   34.19330874   58.50287150
        C  57.30906511   31.93946643   55.84550813
        H  56.75029406   31.02945714   56.07414308
        C  58.61221535   32.04760546   56.12699660
        H  59.16426823   31.25080213   56.63139987
        C  59.44891688   33.21420885   55.66513123
        C  58.78628788   33.90022675   54.49687034
        H  59.46529222   34.44063343   53.83302329
        C  57.47349184   33.81424402   54.25290358
        H  57.01035384   34.27007805   53.37289482
        C  56.55945614   33.07808342   55.19750880
        H  56.27005684   33.79348918   55.99960094
        O  55.37905321   32.67044983   54.49989690
        H  54.89598411   32.07519815   55.08835650
        C  60.93267289   32.69456937   55.27827173
        O  61.38583317   31.81557442   56.04092369
        O  61.47152168   33.27587967   54.32261319
        C  62.30000000   23.67560000   39.16760000
        O  63.48382500   23.73737600   38.77106300
        O  61.58871600   22.64821700   39.20015900
        H  61.84202100   24.61145000   39.52036100
        C  70.33410000   23.27020000   42.51360000
        O  71.51792500   23.33197600   42.11706300
        O  69.62281600   22.24281700   42.54615900
        H  69.87612100   24.20605000   42.86636100
        C  67.16140000   25.40240000   39.34040000
        O  68.34522500   25.46417600   38.94386300
        O  66.45011600   24.37501700   39.37295900
        H  66.70342100   26.33825000   39.69316100
        C  69.72710000   19.85340000   45.88680000
        O  70.91092500   19.91517600   45.49026300
        O  69.01581600   18.82601700   45.91935900
        H  69.26912100   20.78925000   46.23956100
        C  71.26850000   29.65350000   40.22830000
        O  72.45232500   29.71527600   39.83176300
        O  70.55721600   28.62611700   40.26085900
        H  70.81052100   30.58935000   40.58106100
        C  73.27240000   21.48500000   48.61490000
        O  74.45622500   21.54677600   48.21836300
        O  72.56111600   20.45761700   48.64745900
        H  72.81442100   22.42085000   48.96766100
        C  74.58920000   25.92650000   45.32570000
        O  75.77302500   25.98827600   44.92916300
        O  73.87791600   24.89911700   45.35825900
        H  74.13122100   26.86235000   45.67846100
        C  66.52770000   29.85550000   37.76620000
        O  67.71152500   29.91727600   37.36966300
        O  65.81641600   28.82811700   37.79875900
        H  66.06972100   30.79135000   38.11896100
        C  65.51640000   20.49630000   42.29420000
        O  66.70022500   20.55807600   41.89766300
        O  64.80511600   19.46891700   42.32675900
        H  65.05842100   21.43215000   42.64696100
        C  75.27500000   30.49480000   44.31670000
        O  76.45882500   30.55657600   43.92016300
        O  74.56371600   29.46741700   44.34925900
        H  74.81702100   31.43065000   44.66946100

Note: printed only print_atoms_list (this is not necessarily all atoms) 
  ------------RUNNING QM/MM MODULE------------- 
QM Module: ORCATheory
MM Module: OpenMMTheory
Charge provided from QMMMTheory object:  -2
Mult provided from QMMMTheory object:  1
QM-region Charge: -2 Mult: 1
Embedding: Electrostatic
Number of pointcharges (to QM program): 40
Number of charge coordinates: 40
Running QM/MM object with 8 cores available

-------------------------------------------------------------------
Time to calculate step (before-QMstep): 0.000 seconds, 0.0 minutes.
-------------------------------------------------------------------
  ------------RUNNING ORCA INTERFACE------------- 
Object-label: ORCA
Run-label: None
Running ORCA with 8 cores available
Moreadfile option not active
A GBW-file with same basename : orca.gbw is present
Autostart is False. ORCA will ignore any file present
Creating inputfile: orca.inp
ORCA input:
! B3LYP D3BJ def2-SVP def2/J RIJCOSX CPCM TightSCF

! Noautostart

%cpcm epsilon 4.0 end
%scf MaxIter 300 Guess PModel end
Charge: -2  Mult: 1
Pointcharge embedding is on!
 ORCA Calculation starting. 
Found warning messages in ORCA outputfile:
WARNING: The chosen methods will break translational/rotational symmetry
 WARNING: The chosen methods will break translational symmetry
 WARNING: The chosen methods will break translational symmetry

 ORCA Calculation done. 
ORCA converged in 15 iterations
ORCA energy: -835.902166043053
  ------------ENDING ORCA-INTERFACE------------- 

----------------------------------------------------------------
Time to calculate step (ORCA run): 102.368 seconds, 1.7 minutes.
----------------------------------------------------------------

---------------------------------------------------------------
Time to calculate step (QM step): 102.368 seconds, 1.7 minutes.
---------------------------------------------------------------

----------------------------------------------------------------------
Time to calculate step (QMpcgrad prepare): 0.000 seconds, 0.0 minutes.
----------------------------------------------------------------------

--------------------------------------------------------------------------
Time to calculate step (linkatomgrad prepare): 0.000 seconds, 0.0 minutes.
--------------------------------------------------------------------------

----------------------------------------------------------------------------
Time to calculate step (QM/MM gradient prepare): 0.000 seconds, 0.0 minutes.
----------------------------------------------------------------------------
Using OpenMM theory as part of QM/MM.
Using MM on full system. Charges for QM region [0, 1, 2, 3, 4, 5, 6, 7, 8, 9, 10, 11, 12, 13, 14, 15, 16, 17, 18, 19, 20, 21, 22, 23] have been set to zero 

--------------------------------------------------------------------------------
                   Creating/updating OpenMM simulation object                   
--------------------------------------------------------------------------------

Integrator name: VerletIntegrator
Timestep: 0.001
Temperature: 300
Coupling frequency: 1
Properties: {'Threads': '1'}
Topology: <Topology; 1 chains, 1 residues, 64 atoms, 0 bonds>

----------------------------------------------------------------------------------
Time to calculate step (creating/updating simulation): 0.001 seconds, 0.0 minutes.
----------------------------------------------------------------------------------

--------------------------------------------------------------------------------
                     Running Single-point OpenMM Interface                      
--------------------------------------------------------------------------------

Number of OpenMM system constraints defined: 0

-----------------------------------------------------------------------------------
Time to calculate step (OpenMMTheory.run: const-check): 0.001 seconds, 0.0 minutes.
-----------------------------------------------------------------------------------
Updating coordinates.

------------------------------------------------------------------------
Time to calculate step (Creating pos array): 0.000 seconds, 0.0 minutes.
------------------------------------------------------------------------

---------------------------------------------------------------------------
Time to calculate step (Updating MM positions): 0.000 seconds, 0.0 minutes.
---------------------------------------------------------------------------
Calling OpenMM getState.

---------------------------------------------------------------------
Time to calculate step (OpenMM getState): 0.000 seconds, 0.0 minutes.
---------------------------------------------------------------------
OpenMM Energy: 1.2616729899538668 Eh
OpenMM Energy: 791.7117543655698 kcal/mol

-----------------------
Ending OpenMM interface
-----------------------

----------------------------------------------------------------
Time to calculate step (OpenMM run): 0.002 seconds, 0.0 minutes.
----------------------------------------------------------------

-------------------------------------------------------------
Time to calculate step (MM step): 0.002 seconds, 0.0 minutes.
-------------------------------------------------------------

Note: You are using electrostatic embedding. This means that the QM-energy is actually the polarized QM-energy
Note: MM energy also contains the QM-MM Lennard-Jones interaction

QM energy:              -835.902166043053 
MM energy:                 1.261672989954
QM/MM energy:           -834.640493053099 

  ------------ENDING QM/MM MODULE------------- 

-----------------------------------------------------------------
Time to calculate step (QM/MM run): 102.370 seconds, 1.7 minutes.
-----------------------------------------------------------------
geometric called save_guess_files option option for ASHengineclass.
This option is currently unsupported in ASH. Continuing.

Convergence criteria: {'convergence_energy': 1e-05, 'convergence_grms': 0.003, 'convergence_gmax': 0.006, 'convergence_drms': 0.01, 'convergence_dmax': 0.015, 'convergence_cmax': 0.01}

Replacing coordinates in fragment.
Creating/Updating fragment attributes...
Number of Atoms in fragment: 64
Formula: C20O26H18
Label: CHHCCOOOCHCHCCHCHCHOHCOOCOOHCOOHCOOHCOOHCOOHCOOHCOOHCOOHCOOHCOOH
Charge: -2 Mult: 1

--------------------------------------------------------------------------------
Wrote XYZ file:  Fragment-currentgeo.xyz
Current geometry (Å) in step 16 (print_atoms_list region)
---------------------------------------------------
        C  59.73945175   34.27345249   56.85358722
        H  60.39381384   33.74497684   57.56882474
        H  60.29795177   35.10215808   56.39191694
        C  58.53845237   34.81874949   57.58058742
        C  57.91270603   36.16982044   57.11010180
        O  58.74903229   37.07971166   56.89571008
        O  56.66071691   36.23305821   57.06483225
        O  58.07577828   34.25733695   58.56682549
        C  57.29457816   31.94224461   55.85088791
        H  56.75236514   31.01818731   56.05901167
        C  58.58728789   32.07644658   56.16712349
        H  59.14039180   31.27736419   56.66474618
        C  59.41343866   33.24887391   55.71097781
        C  58.75900009   33.93565295   54.54203530
        H  59.44144894   34.48916806   53.89483345
        C  57.45448573   33.82759153   54.27078562
        H  57.00667819   34.28235841   53.38226756
        C  56.53736273   33.07590605   55.20138885
        H  56.23616325   33.78377655   56.00528395
        O  55.36710992   32.65724123   54.49449757
        H  54.89105032   32.04789768   55.07393023
        C  60.89670830   32.72543879   55.32374556
        O  61.33598334   31.82591874   56.06873607
        O  61.45084082   33.33678315   54.39363665
        C  62.30000000   23.67560000   39.16760000
        O  63.48382500   23.73737600   38.77106300
        O  61.58871600   22.64821700   39.20015900
        H  61.84202100   24.61145000   39.52036100
        C  70.33410000   23.27020000   42.51360000
        O  71.51792500   23.33197600   42.11706300
        O  69.62281600   22.24281700   42.54615900
        H  69.87612100   24.20605000   42.86636100
        C  67.16140000   25.40240000   39.34040000
        O  68.34522500   25.46417600   38.94386300
        O  66.45011600   24.37501700   39.37295900
        H  66.70342100   26.33825000   39.69316100
        C  69.72710000   19.85340000   45.88680000
        O  70.91092500   19.91517600   45.49026300
        O  69.01581600   18.82601700   45.91935900
        H  69.26912100   20.78925000   46.23956100
        C  71.26850000   29.65350000   40.22830000
        O  72.45232500   29.71527600   39.83176300
        O  70.55721600   28.62611700   40.26085900
        H  70.81052100   30.58935000   40.58106100
        C  73.27240000   21.48500000   48.61490000
        O  74.45622500   21.54677600   48.21836300
        O  72.56111600   20.45761700   48.64745900
        H  72.81442100   22.42085000   48.96766100
        C  74.58920000   25.92650000   45.32570000
        O  75.77302500   25.98827600   44.92916300
        O  73.87791600   24.89911700   45.35825900
        H  74.13122100   26.86235000   45.67846100
        C  66.52770000   29.85550000   37.76620000
        O  67.71152500   29.91727600   37.36966300
        O  65.81641600   28.82811700   37.79875900
        H  66.06972100   30.79135000   38.11896100
        C  65.51640000   20.49630000   42.29420000
        O  66.70022500   20.55807600   41.89766300
        O  64.80511600   19.46891700   42.32675900
        H  65.05842100   21.43215000   42.64696100
        C  75.27500000   30.49480000   44.31670000
        O  76.45882500   30.55657600   43.92016300
        O  74.56371600   29.46741700   44.34925900
        H  74.81702100   31.43065000   44.66946100

Note: printed only print_atoms_list (this is not necessarily all atoms) 
  ------------RUNNING QM/MM MODULE------------- 
QM Module: ORCATheory
MM Module: OpenMMTheory
Charge provided from QMMMTheory object:  -2
Mult provided from QMMMTheory object:  1
QM-region Charge: -2 Mult: 1
Embedding: Electrostatic
Number of pointcharges (to QM program): 40
Number of charge coordinates: 40
Running QM/MM object with 8 cores available

-------------------------------------------------------------------
Time to calculate step (before-QMstep): 0.000 seconds, 0.0 minutes.
-------------------------------------------------------------------
  ------------RUNNING ORCA INTERFACE------------- 
Object-label: ORCA
Run-label: None
Running ORCA with 8 cores available
Moreadfile option not active
A GBW-file with same basename : orca.gbw is present
Autostart is False. ORCA will ignore any file present
Creating inputfile: orca.inp
ORCA input:
! B3LYP D3BJ def2-SVP def2/J RIJCOSX CPCM TightSCF

! Noautostart

%cpcm epsilon 4.0 end
%scf MaxIter 300 Guess PModel end
Charge: -2  Mult: 1
Pointcharge embedding is on!
 ORCA Calculation starting. 
Found warning messages in ORCA outputfile:
WARNING: The chosen methods will break translational/rotational symmetry
 WARNING: The chosen methods will break translational symmetry
 WARNING: The chosen methods will break translational symmetry

 ORCA Calculation done. 
ORCA converged in 14 iterations
ORCA energy: -835.902993126456
  ------------ENDING ORCA-INTERFACE------------- 

----------------------------------------------------------------
Time to calculate step (ORCA run): 242.235 seconds, 4.0 minutes.
----------------------------------------------------------------

---------------------------------------------------------------
Time to calculate step (QM step): 242.235 seconds, 4.0 minutes.
---------------------------------------------------------------

----------------------------------------------------------------------
Time to calculate step (QMpcgrad prepare): 0.000 seconds, 0.0 minutes.
----------------------------------------------------------------------

--------------------------------------------------------------------------
Time to calculate step (linkatomgrad prepare): 0.000 seconds, 0.0 minutes.
--------------------------------------------------------------------------

----------------------------------------------------------------------------
Time to calculate step (QM/MM gradient prepare): 0.000 seconds, 0.0 minutes.
----------------------------------------------------------------------------
Using OpenMM theory as part of QM/MM.
Using MM on full system. Charges for QM region [0, 1, 2, 3, 4, 5, 6, 7, 8, 9, 10, 11, 12, 13, 14, 15, 16, 17, 18, 19, 20, 21, 22, 23] have been set to zero 

--------------------------------------------------------------------------------
                   Creating/updating OpenMM simulation object                   
--------------------------------------------------------------------------------

Integrator name: VerletIntegrator
Timestep: 0.001
Temperature: 300
Coupling frequency: 1
Properties: {'Threads': '1'}
Topology: <Topology; 1 chains, 1 residues, 64 atoms, 0 bonds>

----------------------------------------------------------------------------------
Time to calculate step (creating/updating simulation): 0.003 seconds, 0.0 minutes.
----------------------------------------------------------------------------------

--------------------------------------------------------------------------------
                     Running Single-point OpenMM Interface                      
--------------------------------------------------------------------------------

Number of OpenMM system constraints defined: 0

-----------------------------------------------------------------------------------
Time to calculate step (OpenMMTheory.run: const-check): 0.003 seconds, 0.0 minutes.
-----------------------------------------------------------------------------------
Updating coordinates.

------------------------------------------------------------------------
Time to calculate step (Creating pos array): 0.000 seconds, 0.0 minutes.
------------------------------------------------------------------------

---------------------------------------------------------------------------
Time to calculate step (Updating MM positions): 0.000 seconds, 0.0 minutes.
---------------------------------------------------------------------------
Calling OpenMM getState.

---------------------------------------------------------------------
Time to calculate step (OpenMM getState): 0.001 seconds, 0.0 minutes.
---------------------------------------------------------------------
OpenMM Energy: 1.261673085228139 Eh
OpenMM Energy: 791.7118141510783 kcal/mol

-----------------------
Ending OpenMM interface
-----------------------

----------------------------------------------------------------
Time to calculate step (OpenMM run): 0.004 seconds, 0.0 minutes.
----------------------------------------------------------------

-------------------------------------------------------------
Time to calculate step (MM step): 0.004 seconds, 0.0 minutes.
-------------------------------------------------------------

Note: You are using electrostatic embedding. This means that the QM-energy is actually the polarized QM-energy
Note: MM energy also contains the QM-MM Lennard-Jones interaction

QM energy:              -835.902993126456 
MM energy:                 1.261673085228
QM/MM energy:           -834.641320041228 

  ------------ENDING QM/MM MODULE------------- 

-----------------------------------------------------------------
Time to calculate step (QM/MM run): 242.239 seconds, 4.0 minutes.
-----------------------------------------------------------------
geometric called save_guess_files option option for ASHengineclass.
This option is currently unsupported in ASH. Continuing.

Convergence criteria: {'convergence_energy': 1e-05, 'convergence_grms': 0.003, 'convergence_gmax': 0.006, 'convergence_drms': 0.01, 'convergence_dmax': 0.015, 'convergence_cmax': 0.01}

Replacing coordinates in fragment.
Creating/Updating fragment attributes...
Number of Atoms in fragment: 64
Formula: C20O26H18
Label: CHHCCOOOCHCHCCHCHCHOHCOOCOOHCOOHCOOHCOOHCOOHCOOHCOOHCOOHCOOHCOOH
Charge: -2 Mult: 1

--------------------------------------------------------------------------------
Wrote XYZ file:  Fragment-currentgeo.xyz
Current geometry (Å) in step 17 (print_atoms_list region)
---------------------------------------------------
        C  59.68593906   34.33109662   56.94571101
        H  60.34402740   33.78889689   57.65421703
        H  60.25819592   35.14855654   56.47567334
        C  58.50194955   34.89715057   57.67226683
        C  57.85295381   36.22959518   57.17723836
        O  58.66268204   37.16996014   56.98446006
        O  56.59929208   36.24546143   57.10936811
        O  58.04421355   34.36661878   58.68273636
        C  57.26357586   31.95856555   55.87123063
        H  56.74580532   31.01373433   56.06229317
        C  58.53834365   32.12440311   56.23471293
        H  59.10224376   31.33124563   56.72619373
        C  59.34689954   33.31215399   55.79839428
        C  58.70804788   34.00112653   54.62593316
        H  59.39622759   34.57730399   54.00593405
        C  57.41745068   33.85932367   54.30806124
        H  56.99348874   34.31849535   53.40925047
        C  56.49307450   33.07747299   55.20992827
        H  56.15769026   33.77413291   56.01037411
        O  55.35190907   32.62633926   54.47702108
        H  54.88794017   31.99469609   55.04378959
        C  60.83523807   32.79768203   55.41927380
        O  61.25598444   31.85962038   56.12565141
        O  61.41370047   33.45174610   54.53274126
        C  62.30000000   23.67560000   39.16760000
        O  63.48382500   23.73737600   38.77106300
        O  61.58871600   22.64821700   39.20015900
        H  61.84202100   24.61145000   39.52036100
        C  70.33410000   23.27020000   42.51360000
        O  71.51792500   23.33197600   42.11706300
        O  69.62281600   22.24281700   42.54615900
        H  69.87612100   24.20605000   42.86636100
        C  67.16140000   25.40240000   39.34040000
        O  68.34522500   25.46417600   38.94386300
        O  66.45011600   24.37501700   39.37295900
        H  66.70342100   26.33825000   39.69316100
        C  69.72710000   19.85340000   45.88680000
        O  70.91092500   19.91517600   45.49026300
        O  69.01581600   18.82601700   45.91935900
        H  69.26912100   20.78925000   46.23956100
        C  71.26850000   29.65350000   40.22830000
        O  72.45232500   29.71527600   39.83176300
        O  70.55721600   28.62611700   40.26085900
        H  70.81052100   30.58935000   40.58106100
        C  73.27240000   21.48500000   48.61490000
        O  74.45622500   21.54677600   48.21836300
        O  72.56111600   20.45761700   48.64745900
        H  72.81442100   22.42085000   48.96766100
        C  74.58920000   25.92650000   45.32570000
        O  75.77302500   25.98827600   44.92916300
        O  73.87791600   24.89911700   45.35825900
        H  74.13122100   26.86235000   45.67846100
        C  66.52770000   29.85550000   37.76620000
        O  67.71152500   29.91727600   37.36966300
        O  65.81641600   28.82811700   37.79875900
        H  66.06972100   30.79135000   38.11896100
        C  65.51640000   20.49630000   42.29420000
        O  66.70022500   20.55807600   41.89766300
        O  64.80511600   19.46891700   42.32675900
        H  65.05842100   21.43215000   42.64696100
        C  75.27500000   30.49480000   44.31670000
        O  76.45882500   30.55657600   43.92016300
        O  74.56371600   29.46741700   44.34925900
        H  74.81702100   31.43065000   44.66946100

Note: printed only print_atoms_list (this is not necessarily all atoms) 
  ------------RUNNING QM/MM MODULE------------- 
QM Module: ORCATheory
MM Module: OpenMMTheory
Charge provided from QMMMTheory object:  -2
Mult provided from QMMMTheory object:  1
QM-region Charge: -2 Mult: 1
Embedding: Electrostatic
Number of pointcharges (to QM program): 40
Number of charge coordinates: 40
Running QM/MM object with 8 cores available

-------------------------------------------------------------------
Time to calculate step (before-QMstep): 0.000 seconds, 0.0 minutes.
-------------------------------------------------------------------
  ------------RUNNING ORCA INTERFACE------------- 
Object-label: ORCA
Run-label: None
Running ORCA with 8 cores available
Moreadfile option not active
A GBW-file with same basename : orca.gbw is present
Autostart is False. ORCA will ignore any file present
Creating inputfile: orca.inp
ORCA input:
! B3LYP D3BJ def2-SVP def2/J RIJCOSX CPCM TightSCF

! Noautostart

%cpcm epsilon 4.0 end
%scf MaxIter 300 Guess PModel end
Charge: -2  Mult: 1
Pointcharge embedding is on!
 ORCA Calculation starting. 
Found warning messages in ORCA outputfile:
WARNING: The chosen methods will break translational/rotational symmetry
 WARNING: The chosen methods will break translational symmetry
 WARNING: The chosen methods will break translational symmetry

 ORCA Calculation done. 
ORCA converged in 15 iterations
ORCA energy: -835.904445503525
  ------------ENDING ORCA-INTERFACE------------- 

----------------------------------------------------------------
Time to calculate step (ORCA run): 352.874 seconds, 5.9 minutes.
----------------------------------------------------------------

---------------------------------------------------------------
Time to calculate step (QM step): 352.874 seconds, 5.9 minutes.
---------------------------------------------------------------

----------------------------------------------------------------------
Time to calculate step (QMpcgrad prepare): 0.000 seconds, 0.0 minutes.
----------------------------------------------------------------------

--------------------------------------------------------------------------
Time to calculate step (linkatomgrad prepare): 0.000 seconds, 0.0 minutes.
--------------------------------------------------------------------------

----------------------------------------------------------------------------
Time to calculate step (QM/MM gradient prepare): 0.000 seconds, 0.0 minutes.
----------------------------------------------------------------------------
Using OpenMM theory as part of QM/MM.
Using MM on full system. Charges for QM region [0, 1, 2, 3, 4, 5, 6, 7, 8, 9, 10, 11, 12, 13, 14, 15, 16, 17, 18, 19, 20, 21, 22, 23] have been set to zero 

--------------------------------------------------------------------------------
                   Creating/updating OpenMM simulation object                   
--------------------------------------------------------------------------------

Integrator name: VerletIntegrator
Timestep: 0.001
Temperature: 300
Coupling frequency: 1
Properties: {'Threads': '1'}
Topology: <Topology; 1 chains, 1 residues, 64 atoms, 0 bonds>

----------------------------------------------------------------------------------
Time to calculate step (creating/updating simulation): 0.003 seconds, 0.0 minutes.
----------------------------------------------------------------------------------

--------------------------------------------------------------------------------
                     Running Single-point OpenMM Interface                      
--------------------------------------------------------------------------------

Number of OpenMM system constraints defined: 0

-----------------------------------------------------------------------------------
Time to calculate step (OpenMMTheory.run: const-check): 0.003 seconds, 0.0 minutes.
-----------------------------------------------------------------------------------
Updating coordinates.

------------------------------------------------------------------------
Time to calculate step (Creating pos array): 0.000 seconds, 0.0 minutes.
------------------------------------------------------------------------

---------------------------------------------------------------------------
Time to calculate step (Updating MM positions): 0.000 seconds, 0.0 minutes.
---------------------------------------------------------------------------
Calling OpenMM getState.

---------------------------------------------------------------------
Time to calculate step (OpenMM getState): 0.001 seconds, 0.0 minutes.
---------------------------------------------------------------------
OpenMM Energy: 1.2616732612055364 Eh
OpenMM Energy: 791.7119245785623 kcal/mol

-----------------------
Ending OpenMM interface
-----------------------

----------------------------------------------------------------
Time to calculate step (OpenMM run): 0.004 seconds, 0.0 minutes.
----------------------------------------------------------------

-------------------------------------------------------------
Time to calculate step (MM step): 0.005 seconds, 0.0 minutes.
-------------------------------------------------------------

Note: You are using electrostatic embedding. This means that the QM-energy is actually the polarized QM-energy
Note: MM energy also contains the QM-MM Lennard-Jones interaction

QM energy:              -835.904445503525 
MM energy:                 1.261673261206
QM/MM energy:           -834.642772242320 

  ------------ENDING QM/MM MODULE------------- 

-----------------------------------------------------------------
Time to calculate step (QM/MM run): 352.879 seconds, 5.9 minutes.
-----------------------------------------------------------------
geometric called save_guess_files option option for ASHengineclass.
This option is currently unsupported in ASH. Continuing.
geometric called clearCalcs option for ASHengineclass.
This option is currently unsupported in ASH. Continuing.

Convergence criteria: {'convergence_energy': 1e-05, 'convergence_grms': 0.003, 'convergence_gmax': 0.006, 'convergence_drms': 0.01, 'convergence_dmax': 0.015, 'convergence_cmax': 0.01}

Replacing coordinates in fragment.
Creating/Updating fragment attributes...
Number of Atoms in fragment: 64
Formula: C20O26H18
Label: CHHCCOOOCHCHCCHCHCHOHCOOCOOHCOOHCOOHCOOHCOOHCOOHCOOHCOOHCOOHCOOH
Charge: -2 Mult: 1

--------------------------------------------------------------------------------
Wrote XYZ file:  Fragment-currentgeo.xyz
Current geometry (Å) in step 18 (print_atoms_list region)
---------------------------------------------------
        C  59.57443132   34.44069629   57.12430329
        H  60.22145265   33.87284778   57.82632746
        H  60.17775871   35.23238460   56.64446306
        C  58.41486820   35.04025382   57.84991425
        C  57.72673565   36.33576609   57.31946370
        O  58.49406841   37.31847003   57.15632511
        O  56.47546029   36.27676136   57.19428506
        O  57.97643943   34.55238927   58.88884122
        C  57.20167065   32.00155212   55.92846659
        H  56.71235534   31.03403767   56.10658316
        C  58.44876403   32.22386815   56.35908882
        H  59.02708526   31.43903975   56.84714371
        C  59.23563834   33.43428428   55.96010382
        C  58.61270205   34.12223455   54.78165874
        H  59.30743790   34.74033095   54.20918678
        C  57.34671749   33.92667011   54.38865293
        H  56.95892613   34.40057911   53.47911581
        C  56.40892533   33.08488359   55.22998457
        H  55.98989934   33.76240346   56.01275154
        O  55.33790167   32.56177699   54.43491222
        H  54.89096700   31.89597569   54.97868034
        C  60.73325539   32.94175038   55.59565988
        O  61.12272695   31.94509826   56.23876756
        O  61.35392244   33.67917458   54.80025070
        C  62.30000000   23.67560000   39.16760000
        O  63.48382500   23.73737600   38.77106300
        O  61.58871600   22.64821700   39.20015900
        H  61.84202100   24.61145000   39.52036100
        C  70.33410000   23.27020000   42.51360000
        O  71.51792500   23.33197600   42.11706300
        O  69.62281600   22.24281700   42.54615900
        H  69.87612100   24.20605000   42.86636100
        C  67.16140000   25.40240000   39.34040000
        O  68.34522500   25.46417600   38.94386300
        O  66.45011600   24.37501700   39.37295900
        H  66.70342100   26.33825000   39.69316100
        C  69.72710000   19.85340000   45.88680000
        O  70.91092500   19.91517600   45.49026300
        O  69.01581600   18.82601700   45.91935900
        H  69.26912100   20.78925000   46.23956100
        C  71.26850000   29.65350000   40.22830000
        O  72.45232500   29.71527600   39.83176300
        O  70.55721600   28.62611700   40.26085900
        H  70.81052100   30.58935000   40.58106100
        C  73.27240000   21.48500000   48.61490000
        O  74.45622500   21.54677600   48.21836300
        O  72.56111600   20.45761700   48.64745900
        H  72.81442100   22.42085000   48.96766100
        C  74.58920000   25.92650000   45.32570000
        O  75.77302500   25.98827600   44.92916300
        O  73.87791600   24.89911700   45.35825900
        H  74.13122100   26.86235000   45.67846100
        C  66.52770000   29.85550000   37.76620000
        O  67.71152500   29.91727600   37.36966300
        O  65.81641600   28.82811700   37.79875900
        H  66.06972100   30.79135000   38.11896100
        C  65.51640000   20.49630000   42.29420000
        O  66.70022500   20.55807600   41.89766300
        O  64.80511600   19.46891700   42.32675900
        H  65.05842100   21.43215000   42.64696100
        C  75.27500000   30.49480000   44.31670000
        O  76.45882500   30.55657600   43.92016300
        O  74.56371600   29.46741700   44.34925900
        H  74.81702100   31.43065000   44.66946100

Note: printed only print_atoms_list (this is not necessarily all atoms) 
  ------------RUNNING QM/MM MODULE------------- 
QM Module: ORCATheory
MM Module: OpenMMTheory
Charge provided from QMMMTheory object:  -2
Mult provided from QMMMTheory object:  1
QM-region Charge: -2 Mult: 1
Embedding: Electrostatic
Number of pointcharges (to QM program): 40
Number of charge coordinates: 40
Running QM/MM object with 8 cores available

-------------------------------------------------------------------
Time to calculate step (before-QMstep): 0.000 seconds, 0.0 minutes.
-------------------------------------------------------------------
  ------------RUNNING ORCA INTERFACE------------- 
Object-label: ORCA
Run-label: None
Running ORCA with 8 cores available
Moreadfile option not active
A GBW-file with same basename : orca.gbw is present
Autostart is False. ORCA will ignore any file present
Creating inputfile: orca.inp
ORCA input:
! B3LYP D3BJ def2-SVP def2/J RIJCOSX CPCM TightSCF

! Noautostart

%cpcm epsilon 4.0 end
%scf MaxIter 300 Guess PModel end
Charge: -2  Mult: 1
Pointcharge embedding is on!
 ORCA Calculation starting. 
Found warning messages in ORCA outputfile:
WARNING: The chosen methods will break translational/rotational symmetry
 WARNING: The chosen methods will break translational symmetry
 WARNING: The chosen methods will break translational symmetry

 ORCA Calculation done. 
ORCA converged in 15 iterations
ORCA energy: -835.907102581622
  ------------ENDING ORCA-INTERFACE------------- 

----------------------------------------------------------------
Time to calculate step (ORCA run): 392.820 seconds, 6.5 minutes.
----------------------------------------------------------------

---------------------------------------------------------------
Time to calculate step (QM step): 392.820 seconds, 6.5 minutes.
---------------------------------------------------------------

----------------------------------------------------------------------
Time to calculate step (QMpcgrad prepare): 0.000 seconds, 0.0 minutes.
----------------------------------------------------------------------

--------------------------------------------------------------------------
Time to calculate step (linkatomgrad prepare): 0.000 seconds, 0.0 minutes.
--------------------------------------------------------------------------

----------------------------------------------------------------------------
Time to calculate step (QM/MM gradient prepare): 0.000 seconds, 0.0 minutes.
----------------------------------------------------------------------------
Using OpenMM theory as part of QM/MM.
Using MM on full system. Charges for QM region [0, 1, 2, 3, 4, 5, 6, 7, 8, 9, 10, 11, 12, 13, 14, 15, 16, 17, 18, 19, 20, 21, 22, 23] have been set to zero 

--------------------------------------------------------------------------------
                   Creating/updating OpenMM simulation object                   
--------------------------------------------------------------------------------

Integrator name: VerletIntegrator
Timestep: 0.001
Temperature: 300
Coupling frequency: 1
Properties: {'Threads': '1'}
Topology: <Topology; 1 chains, 1 residues, 64 atoms, 0 bonds>

----------------------------------------------------------------------------------
Time to calculate step (creating/updating simulation): 0.002 seconds, 0.0 minutes.
----------------------------------------------------------------------------------

--------------------------------------------------------------------------------
                     Running Single-point OpenMM Interface                      
--------------------------------------------------------------------------------

Number of OpenMM system constraints defined: 0

-----------------------------------------------------------------------------------
Time to calculate step (OpenMMTheory.run: const-check): 0.002 seconds, 0.0 minutes.
-----------------------------------------------------------------------------------
Updating coordinates.

------------------------------------------------------------------------
Time to calculate step (Creating pos array): 0.000 seconds, 0.0 minutes.
------------------------------------------------------------------------

---------------------------------------------------------------------------
Time to calculate step (Updating MM positions): 0.000 seconds, 0.0 minutes.
---------------------------------------------------------------------------
Calling OpenMM getState.

---------------------------------------------------------------------
Time to calculate step (OpenMM getState): 0.000 seconds, 0.0 minutes.
---------------------------------------------------------------------
OpenMM Energy: 1.2616735763935132 Eh
OpenMM Energy: 791.7121223620039 kcal/mol

-----------------------
Ending OpenMM interface
-----------------------

----------------------------------------------------------------
Time to calculate step (OpenMM run): 0.003 seconds, 0.0 minutes.
----------------------------------------------------------------

-------------------------------------------------------------
Time to calculate step (MM step): 0.004 seconds, 0.0 minutes.
-------------------------------------------------------------

Note: You are using electrostatic embedding. This means that the QM-energy is actually the polarized QM-energy
Note: MM energy also contains the QM-MM Lennard-Jones interaction

QM energy:              -835.907102581622 
MM energy:                 1.261673576394
QM/MM energy:           -834.645429005228 

  ------------ENDING QM/MM MODULE------------- 

-----------------------------------------------------------------
Time to calculate step (QM/MM run): 392.824 seconds, 6.5 minutes.
-----------------------------------------------------------------
geometric called save_guess_files option option for ASHengineclass.
This option is currently unsupported in ASH. Continuing.

Convergence criteria: {'convergence_energy': 1e-05, 'convergence_grms': 0.003, 'convergence_gmax': 0.006, 'convergence_drms': 0.01, 'convergence_dmax': 0.015, 'convergence_cmax': 0.01}

Replacing coordinates in fragment.
Creating/Updating fragment attributes...
Number of Atoms in fragment: 64
Formula: C20O26H18
Label: CHHCCOOOCHCHCCHCHCHOHCOOCOOHCOOHCOOHCOOHCOOHCOOHCOOHCOOHCOOHCOOH
Charge: -2 Mult: 1

--------------------------------------------------------------------------------
Wrote XYZ file:  Fragment-currentgeo.xyz
Current geometry (Å) in step 19 (print_atoms_list region)
---------------------------------------------------
        C  59.36726611   34.61007638   57.40924644
        H  59.98131350   34.01785452   58.12893506
        H  60.03403717   35.36730068   56.94894912
        C  58.23438001   35.25621504   58.13559181
        C  57.49942630   36.49339791   57.55440407
        O  58.19778377   37.53822323   57.44770277
        O  56.26262078   36.33372443   57.35754598
        O  57.84968300   34.84688852   59.24289814
        C  57.09187991   32.10868768   56.06108737
        H  56.63684456   31.12673716   56.26686458
        C  58.29880602   32.39172272   56.56264614
        H  58.89430786   31.62823123   57.06326877
        C  59.05440769   33.62674384   56.21138927
        C  58.45041309   34.32070461   55.03277252
        H  59.14184984   35.00655428   54.53167918
        C  57.22634508   34.05448952   54.53879507
        H  56.88758664   34.56820519   53.62901745
        C  56.27203819   33.11147067   55.27055986
        H  55.68026213   33.75119575   55.99109779
        O  55.35818869   32.45089007   54.35539552
        H  54.92121811   31.73981434   54.85671681
        C  60.57686828   33.20152599   55.89675805
        O  60.94811232   32.14386762   56.43623547
        O  61.24656438   34.03652753   55.24713825
        C  62.30000000   23.67560000   39.16760000
        O  63.48382500   23.73737600   38.77106300
        O  61.58871600   22.64821700   39.20015900
        H  61.84202100   24.61145000   39.52036100
        C  70.33410000   23.27020000   42.51360000
        O  71.51792500   23.33197600   42.11706300
        O  69.62281600   22.24281700   42.54615900
        H  69.87612100   24.20605000   42.86636100
        C  67.16140000   25.40240000   39.34040000
        O  68.34522500   25.46417600   38.94386300
        O  66.45011600   24.37501700   39.37295900
        H  66.70342100   26.33825000   39.69316100
        C  69.72710000   19.85340000   45.88680000
        O  70.91092500   19.91517600   45.49026300
        O  69.01581600   18.82601700   45.91935900
        H  69.26912100   20.78925000   46.23956100
        C  71.26850000   29.65350000   40.22830000
        O  72.45232500   29.71527600   39.83176300
        O  70.55721600   28.62611700   40.26085900
        H  70.81052100   30.58935000   40.58106100
        C  73.27240000   21.48500000   48.61490000
        O  74.45622500   21.54677600   48.21836300
        O  72.56111600   20.45761700   48.64745900
        H  72.81442100   22.42085000   48.96766100
        C  74.58920000   25.92650000   45.32570000
        O  75.77302500   25.98827600   44.92916300
        O  73.87791600   24.89911700   45.35825900
        H  74.13122100   26.86235000   45.67846100
        C  66.52770000   29.85550000   37.76620000
        O  67.71152500   29.91727600   37.36966300
        O  65.81641600   28.82811700   37.79875900
        H  66.06972100   30.79135000   38.11896100
        C  65.51640000   20.49630000   42.29420000
        O  66.70022500   20.55807600   41.89766300
        O  64.80511600   19.46891700   42.32675900
        H  65.05842100   21.43215000   42.64696100
        C  75.27500000   30.49480000   44.31670000
        O  76.45882500   30.55657600   43.92016300
        O  74.56371600   29.46741700   44.34925900
        H  74.81702100   31.43065000   44.66946100

Note: printed only print_atoms_list (this is not necessarily all atoms) 
  ------------RUNNING QM/MM MODULE------------- 
QM Module: ORCATheory
MM Module: OpenMMTheory
Charge provided from QMMMTheory object:  -2
Mult provided from QMMMTheory object:  1
QM-region Charge: -2 Mult: 1
Embedding: Electrostatic
Number of pointcharges (to QM program): 40
Number of charge coordinates: 40
Running QM/MM object with 8 cores available

-------------------------------------------------------------------
Time to calculate step (before-QMstep): 0.000 seconds, 0.0 minutes.
-------------------------------------------------------------------
  ------------RUNNING ORCA INTERFACE------------- 
Object-label: ORCA
Run-label: None
Running ORCA with 8 cores available
Moreadfile option not active
A GBW-file with same basename : orca.gbw is present
Autostart is False. ORCA will ignore any file present
Creating inputfile: orca.inp
ORCA input:
! B3LYP D3BJ def2-SVP def2/J RIJCOSX CPCM TightSCF

! Noautostart

%cpcm epsilon 4.0 end
%scf MaxIter 300 Guess PModel end
Charge: -2  Mult: 1
Pointcharge embedding is on!
 ORCA Calculation starting. 
Found warning messages in ORCA outputfile:
WARNING: The chosen methods will break translational/rotational symmetry
 WARNING: The chosen methods will break translational symmetry
 WARNING: The chosen methods will break translational symmetry

 ORCA Calculation done. 
ORCA converged in 12 iterations
ORCA energy: -835.91107547808
  ------------ENDING ORCA-INTERFACE------------- 

----------------------------------------------------------------
Time to calculate step (ORCA run): 307.214 seconds, 5.1 minutes.
----------------------------------------------------------------

---------------------------------------------------------------
Time to calculate step (QM step): 307.214 seconds, 5.1 minutes.
---------------------------------------------------------------

----------------------------------------------------------------------
Time to calculate step (QMpcgrad prepare): 0.000 seconds, 0.0 minutes.
----------------------------------------------------------------------

--------------------------------------------------------------------------
Time to calculate step (linkatomgrad prepare): 0.000 seconds, 0.0 minutes.
--------------------------------------------------------------------------

----------------------------------------------------------------------------
Time to calculate step (QM/MM gradient prepare): 0.000 seconds, 0.0 minutes.
----------------------------------------------------------------------------
Using OpenMM theory as part of QM/MM.
Using MM on full system. Charges for QM region [0, 1, 2, 3, 4, 5, 6, 7, 8, 9, 10, 11, 12, 13, 14, 15, 16, 17, 18, 19, 20, 21, 22, 23] have been set to zero 

--------------------------------------------------------------------------------
                   Creating/updating OpenMM simulation object                   
--------------------------------------------------------------------------------

Integrator name: VerletIntegrator
Timestep: 0.001
Temperature: 300
Coupling frequency: 1
Properties: {'Threads': '1'}
Topology: <Topology; 1 chains, 1 residues, 64 atoms, 0 bonds>

----------------------------------------------------------------------------------
Time to calculate step (creating/updating simulation): 0.001 seconds, 0.0 minutes.
----------------------------------------------------------------------------------

--------------------------------------------------------------------------------
                     Running Single-point OpenMM Interface                      
--------------------------------------------------------------------------------

Number of OpenMM system constraints defined: 0

-----------------------------------------------------------------------------------
Time to calculate step (OpenMMTheory.run: const-check): 0.001 seconds, 0.0 minutes.
-----------------------------------------------------------------------------------
Updating coordinates.

------------------------------------------------------------------------
Time to calculate step (Creating pos array): 0.000 seconds, 0.0 minutes.
------------------------------------------------------------------------

---------------------------------------------------------------------------
Time to calculate step (Updating MM positions): 0.000 seconds, 0.0 minutes.
---------------------------------------------------------------------------
Calling OpenMM getState.

---------------------------------------------------------------------
Time to calculate step (OpenMM getState): 0.000 seconds, 0.0 minutes.
---------------------------------------------------------------------
OpenMM Energy: 1.2616740525847574 Eh
OpenMM Energy: 791.7124211765212 kcal/mol

-----------------------
Ending OpenMM interface
-----------------------

----------------------------------------------------------------
Time to calculate step (OpenMM run): 0.002 seconds, 0.0 minutes.
----------------------------------------------------------------

-------------------------------------------------------------
Time to calculate step (MM step): 0.002 seconds, 0.0 minutes.
-------------------------------------------------------------

Note: You are using electrostatic embedding. This means that the QM-energy is actually the polarized QM-energy
Note: MM energy also contains the QM-MM Lennard-Jones interaction

QM energy:              -835.911075478080 
MM energy:                 1.261674052585
QM/MM energy:           -834.649401425495 

  ------------ENDING QM/MM MODULE------------- 

-----------------------------------------------------------------
Time to calculate step (QM/MM run): 307.216 seconds, 5.1 minutes.
-----------------------------------------------------------------
geometric called save_guess_files option option for ASHengineclass.
This option is currently unsupported in ASH. Continuing.

Convergence criteria: {'convergence_energy': 1e-05, 'convergence_grms': 0.003, 'convergence_gmax': 0.006, 'convergence_drms': 0.01, 'convergence_dmax': 0.015, 'convergence_cmax': 0.01}

Replacing coordinates in fragment.
Creating/Updating fragment attributes...
Number of Atoms in fragment: 64
Formula: C20O26H18
Label: CHHCCOOOCHCHCCHCHCHOHCOOCOOHCOOHCOOHCOOHCOOHCOOHCOOHCOOHCOOHCOOH
Charge: -2 Mult: 1

--------------------------------------------------------------------------------
Wrote XYZ file:  Fragment-currentgeo.xyz
Current geometry (Å) in step 20 (print_atoms_list region)
---------------------------------------------------
        C  59.25021224   34.69686379   57.55839873
        H  59.81874962   34.08922747   58.29356086
        H  59.94065238   35.44572942   57.12803068
        C  58.11597529   35.35265639   58.28124915
        C  57.36477998   36.55876478   57.68828039
        O  58.03922676   37.61498717   57.59644511
        O  56.14323687   36.37288688   57.45337974
        O  57.76616894   34.96352805   59.39623657
        C  57.02565490   32.18588801   56.15975441
        H  56.56661115   31.21141921   56.40238790
        C  58.22553438   32.48393004   56.66396182
        H  58.81498428   31.73485753   57.19412382
        C  58.97816206   33.72808907   56.33791189
        C  58.36928566   34.41480339   55.15401305
        H  59.03732747   35.13371662   54.67236957
        C  57.16406504   34.12891427   54.63275210
        H  56.82768120   34.66219452   53.73312215
        C  56.21284792   33.13982610   55.30395751
        H  55.51389550   33.74838793   55.95744442
        O  55.41441819   32.41435903   54.31878611
        H  54.96966673   31.68904108   54.79206322
        C  60.51403465   33.34237479   56.04791652
        O  60.89436186   32.26761461   56.54190908
        O  61.18571273   34.21913397   55.46504963
        C  62.30000000   23.67560000   39.16760000
        O  63.48382500   23.73737600   38.77106300
        O  61.58871600   22.64821700   39.20015900
        H  61.84202100   24.61145000   39.52036100
        C  70.33410000   23.27020000   42.51360000
        O  71.51792500   23.33197600   42.11706300
        O  69.62281600   22.24281700   42.54615900
        H  69.87612100   24.20605000   42.86636100
        C  67.16140000   25.40240000   39.34040000
        O  68.34522500   25.46417600   38.94386300
        O  66.45011600   24.37501700   39.37295900
        H  66.70342100   26.33825000   39.69316100
        C  69.72710000   19.85340000   45.88680000
        O  70.91092500   19.91517600   45.49026300
        O  69.01581600   18.82601700   45.91935900
        H  69.26912100   20.78925000   46.23956100
        C  71.26850000   29.65350000   40.22830000
        O  72.45232500   29.71527600   39.83176300
        O  70.55721600   28.62611700   40.26085900
        H  70.81052100   30.58935000   40.58106100
        C  73.27240000   21.48500000   48.61490000
        O  74.45622500   21.54677600   48.21836300
        O  72.56111600   20.45761700   48.64745900
        H  72.81442100   22.42085000   48.96766100
        C  74.58920000   25.92650000   45.32570000
        O  75.77302500   25.98827600   44.92916300
        O  73.87791600   24.89911700   45.35825900
        H  74.13122100   26.86235000   45.67846100
        C  66.52770000   29.85550000   37.76620000
        O  67.71152500   29.91727600   37.36966300
        O  65.81641600   28.82811700   37.79875900
        H  66.06972100   30.79135000   38.11896100
        C  65.51640000   20.49630000   42.29420000
        O  66.70022500   20.55807600   41.89766300
        O  64.80511600   19.46891700   42.32675900
        H  65.05842100   21.43215000   42.64696100
        C  75.27500000   30.49480000   44.31670000
        O  76.45882500   30.55657600   43.92016300
        O  74.56371600   29.46741700   44.34925900
        H  74.81702100   31.43065000   44.66946100

Note: printed only print_atoms_list (this is not necessarily all atoms) 
  ------------RUNNING QM/MM MODULE------------- 
QM Module: ORCATheory
MM Module: OpenMMTheory
Charge provided from QMMMTheory object:  -2
Mult provided from QMMMTheory object:  1
QM-region Charge: -2 Mult: 1
Embedding: Electrostatic
Number of pointcharges (to QM program): 40
Number of charge coordinates: 40
Running QM/MM object with 8 cores available

-------------------------------------------------------------------
Time to calculate step (before-QMstep): 0.000 seconds, 0.0 minutes.
-------------------------------------------------------------------
  ------------RUNNING ORCA INTERFACE------------- 
Object-label: ORCA
Run-label: None
Running ORCA with 8 cores available
Moreadfile option not active
A GBW-file with same basename : orca.gbw is present
Autostart is False. ORCA will ignore any file present
Creating inputfile: orca.inp
ORCA input:
! B3LYP D3BJ def2-SVP def2/J RIJCOSX CPCM TightSCF

! Noautostart

%cpcm epsilon 4.0 end
%scf MaxIter 300 Guess PModel end
Charge: -2  Mult: 1
Pointcharge embedding is on!
 ORCA Calculation starting. 
Found warning messages in ORCA outputfile:
WARNING: The chosen methods will break translational/rotational symmetry
 WARNING: The chosen methods will break translational symmetry
 WARNING: The chosen methods will break translational symmetry

 ORCA Calculation done. 
ORCA converged in 14 iterations
ORCA energy: -835.915810490129
  ------------ENDING ORCA-INTERFACE------------- 

----------------------------------------------------------------
Time to calculate step (ORCA run): 331.831 seconds, 5.5 minutes.
----------------------------------------------------------------

---------------------------------------------------------------
Time to calculate step (QM step): 331.832 seconds, 5.5 minutes.
---------------------------------------------------------------

----------------------------------------------------------------------
Time to calculate step (QMpcgrad prepare): 0.000 seconds, 0.0 minutes.
----------------------------------------------------------------------

--------------------------------------------------------------------------
Time to calculate step (linkatomgrad prepare): 0.000 seconds, 0.0 minutes.
--------------------------------------------------------------------------

----------------------------------------------------------------------------
Time to calculate step (QM/MM gradient prepare): 0.000 seconds, 0.0 minutes.
----------------------------------------------------------------------------
Using OpenMM theory as part of QM/MM.
Using MM on full system. Charges for QM region [0, 1, 2, 3, 4, 5, 6, 7, 8, 9, 10, 11, 12, 13, 14, 15, 16, 17, 18, 19, 20, 21, 22, 23] have been set to zero 

--------------------------------------------------------------------------------
                   Creating/updating OpenMM simulation object                   
--------------------------------------------------------------------------------

Integrator name: VerletIntegrator
Timestep: 0.001
Temperature: 300
Coupling frequency: 1
Properties: {'Threads': '1'}
Topology: <Topology; 1 chains, 1 residues, 64 atoms, 0 bonds>

----------------------------------------------------------------------------------
Time to calculate step (creating/updating simulation): 0.003 seconds, 0.0 minutes.
----------------------------------------------------------------------------------

--------------------------------------------------------------------------------
                     Running Single-point OpenMM Interface                      
--------------------------------------------------------------------------------

Number of OpenMM system constraints defined: 0

-----------------------------------------------------------------------------------
Time to calculate step (OpenMMTheory.run: const-check): 0.003 seconds, 0.0 minutes.
-----------------------------------------------------------------------------------
Updating coordinates.

------------------------------------------------------------------------
Time to calculate step (Creating pos array): 0.000 seconds, 0.0 minutes.
------------------------------------------------------------------------

---------------------------------------------------------------------------
Time to calculate step (Updating MM positions): 0.000 seconds, 0.0 minutes.
---------------------------------------------------------------------------
Calling OpenMM getState.

---------------------------------------------------------------------
Time to calculate step (OpenMM getState): 0.001 seconds, 0.0 minutes.
---------------------------------------------------------------------
OpenMM Energy: 1.2616742734354238 Eh
OpenMM Energy: 791.7125597624066 kcal/mol

-----------------------
Ending OpenMM interface
-----------------------

----------------------------------------------------------------
Time to calculate step (OpenMM run): 0.004 seconds, 0.0 minutes.
----------------------------------------------------------------

-------------------------------------------------------------
Time to calculate step (MM step): 0.004 seconds, 0.0 minutes.
-------------------------------------------------------------

Note: You are using electrostatic embedding. This means that the QM-energy is actually the polarized QM-energy
Note: MM energy also contains the QM-MM Lennard-Jones interaction

QM energy:              -835.915810490129 
MM energy:                 1.261674273435
QM/MM energy:           -834.654136216694 

  ------------ENDING QM/MM MODULE------------- 

-----------------------------------------------------------------
Time to calculate step (QM/MM run): 331.836 seconds, 5.5 minutes.
-----------------------------------------------------------------
geometric called save_guess_files option option for ASHengineclass.
This option is currently unsupported in ASH. Continuing.

Convergence criteria: {'convergence_energy': 1e-05, 'convergence_grms': 0.003, 'convergence_gmax': 0.006, 'convergence_drms': 0.01, 'convergence_dmax': 0.015, 'convergence_cmax': 0.01}

Replacing coordinates in fragment.
Creating/Updating fragment attributes...
Number of Atoms in fragment: 64
Formula: C20O26H18
Label: CHHCCOOOCHCHCCHCHCHOHCOOCOOHCOOHCOOHCOOHCOOHCOOHCOOHCOOHCOOHCOOH
Charge: -2 Mult: 1

--------------------------------------------------------------------------------
Wrote XYZ file:  Fragment-currentgeo.xyz
Current geometry (Å) in step 21 (print_atoms_list region)
---------------------------------------------------
        C  58.99288305   34.89020404   57.87998565
        H  59.47707934   34.30097129   58.66941993
        H  59.69728363   35.66108319   57.54119990
        C  57.82572501   35.53855609   58.60529172
        C  57.06006122   36.69092945   57.95926559
        O  57.70547881   37.76117472   57.90853274
        O  55.87201474   36.48533456   57.64178468Step   23 : Displace = [0m2.148e-01[0m/[0m5.391e-01[0m (rms/max) Trust = 3.000e-01 (=) Grad_T = [0m8.303e-03[0m/[0m3.282e-02[0m (rms/max) E (change) = -834.6596021998 ([0m-5.466e-03[0m) Quality = [0m0.757[0m
Hessian Eigenvalues: 4.99798e-04 3.65978e-03 1.38500e-02 ... 5.78010e-01 5.78011e-01 5.96460e-01
Step   24 : Displace = [0m1.129e-01[0m/[0m4.053e-01[0m (rms/max) Trust = 3.000e-01 (=) Grad_T = [0m2.377e-02[0m/[0m1.288e-01[0m (rms/max) E (change) = -834.6379832976 ([91m+2.162e-02[0m) Quality = [91m-1.625[0m
[93mRejecting step - quality is lower than -1.0[0m
Hessian Eigenvalues: 4.99798e-04 3.65978e-03 1.38500e-02 ... 5.78010e-01 5.78011e-01 5.96460e-01
Step   25 : Displace = [0m5.882e-02[0m/[0m1.727e-01[0m (rms/max) Trust = 5.647e-02 ([1;91mx[0m) Grad_T = [0m1.454e-02[0m/[0m8.110e-02[0m (rms/max) E (change) = -834.6570072738 ([91m+2.595e-03[0m) Quality = [91m-0.231[0m
Hessian Eigenvalues: 4.98850e-04 5.34981e-03 1.63200e-02 ... 5.78011e-01 5.84595e-01 7.35456e-01
Step   26 : Displace = [0m2.887e-02[0m/[0m1.237e-01[0m (rms/max) Trust = 2.824e-02 ([91m-[0m) Grad_T = [0m5.621e-03[0m/[0m2.527e-02[0m (rms/max) E (change) = -834.6658470110 ([0m-8.840e-03[0m) Quality = [0m0.906[0m
Hessian Eigenvalues: 4.89842e-04 5.18645e-03 1.65772e-02 ... 5.78011e-01 5.80679e-01 7.18961e-01
Step   27 : Displace = [0m3.995e-02[0m/[0m9.897e-02[0m (rms/max) Trust = 3.993e-02 ([92m+[0m) Grad_T = [0m3.540e-03[0m/[0m1.207e-02[0m (rms/max) E (change) = -834.6678066085 ([0m-1.960e-03[0m) Quality = [0m0.654[0m
Hessian Eigenvalues: 5.06198e-04 6.15923e-03 1.61942e-02 ... 5.78011e-01 5.97083e-01 7.22505e-01
Step   28 : Displace = [0m3.981e-02[0m/[0m8.384e-02[0m (rms/max) Trust = 3.993e-02 (=) Grad_T = [92m2.253e-03[0m/[0m7.437e-03[0m (rms/max) E (change) = -834.6702809581 ([0m-2.474e-03[0m) Quality = [0m1.462[0m
Hessian Eigenvalues: 2.90734e-04 6.37565e-03 1.29978e-02 ... 5.79841e-01 6.07276e-01 7.33486e-01
