idx	x_ang	y_ang	z_ang	shell	V_R	V_TS	Dv
9000	67.5543	33.3393	70.9928	14.0	-0.06030260	-0.06067857	-0.00037597
9001	60.6126	25.6509	45.1016	9.0	-0.08032252	-0.07905679	0.00126573
9002	56.1211	39.9726	67.7399	10.0	-0.07734734	-0.07815088	-0.00080354
9003	58.8945	24.4046	38.9807	15.0	-0.05538244	-0.05486371	0.00051873
9004	42.6337	35.1775	63.3756	14.0	-0.05692846	-0.05735578	-0.00042732
9005	55.6143	35.3155	74.0940	15.0	-0.05576298	-0.05628749	-0.00052451
9006	44.7315	26.0717	49.5163	12.0	-0.05814666	-0.05821731	-0.00007065
9007	57.5294	37.1248	68.8465	10.0	-0.07723690	-0.07816396	-0.00092706
9008	71.1809	40.1229	68.4414	15.0	-0.05716414	-0.05738759	-0.00022345
9009	71.3431	34.6764	66.6878	13.0	-0.06465882	-0.06487056	-0.00021175
9010	59.7451	37.3110	71.8645	13.0	-0.06364628	-0.06425585	-0.00060956
9011	49.9450	31.9243	65.6340	10.0	-0.07487627	-0.07583474	-0.00095847
9012	48.5943	42.0566	46.7875	12.0	-0.06507103	-0.06516762	-0.00009659
9013	62.7237	43.5344	63.6652	9.0	-0.08290332	-0.08343684	-0.00053351
9014	51.2923	23.2442	51.8779	9.0	-0.07337709	-0.07333410	0.00004299
9015	74.5116	34.6009	65.7437	15.0	-0.05817527	-0.05824378	-0.00006851
9016	64.3414	36.8401	41.0024	12.0	-0.06735057	-0.06672793	0.00062263
9017	56.0932	37.7305	43.6333	9.0	-0.07939897	-0.07901821	0.00038076
9018	73.3742	28.1662	52.2590	11.0	-0.07094457	-0.07012557	0.00081899
9019	75.0055	36.9494	58.5622	13.0	-0.06580663	-0.06563951	0.00016712
9020	44.8068	31.0535	63.3667	12.0	-0.06202741	-0.06256413	-0.00053672
9021	64.9566	35.1578	42.7839	10.0	-0.07582130	-0.07492801	0.00089330
9022	49.4236	48.3198	57.5240	13.0	-0.06153330	-0.06180736	-0.00027405
9023	62.3000	23.6756	39.1676	15.0	-0.05455665	-0.05398600	0.00057065
9024	64.2721	40.2422	42.4740	12.0	-0.06831910	-0.06785401	0.00046509
9025	59.1575	46.6095	62.6352	10.0	-0.07521638	-0.07562869	-0.00041231
9026	49.4930	43.1003	59.0288	9.0	-0.07899996	-0.07949035	-0.00049039
9027	65.8104	15.7386	54.1882	15.0	-0.05533155	-0.05498213	0.00034942
9028	46.5533	44.3911	59.0022	12.0	-0.06401021	-0.06437254	-0.00036234
9029	42.9538	27.0487	53.7754	12.0	-0.05744351	-0.05765355	-0.00021004
9030	40.6372	27.9120	48.9689	15.0	-0.04989297	-0.04998059	-0.00008763
9031	60.3113	28.8179	72.4682	14.0	-0.05912459	-0.05965891	-0.00053432
9032	44.7159	26.8747	61.3732	12.0	-0.05952102	-0.05995041	-0.00042939
9033	45.9043	29.8265	48.8171	10.0	-0.06575692	-0.06585913	-0.00010221
9034	73.0138	38.4493	50.0513	12.0	-0.06933101	-0.06884811	0.00048291
9035	69.1584	24.6805	68.5925	15.0	-0.05642894	-0.05658503	-0.00015609
9036	59.8872	33.1263	38.9298	13.0	-0.06313030	-0.06255548	0.00057481
9037	72.8922	42.5855	56.8167	13.0	-0.06576172	-0.06569197	0.00006975
9038	44.6280	24.7938	58.4124	12.0	-0.05826849	-0.05858189	-0.00031339
9039	41.2783	41.2390	58.2998	15.0	-0.05393402	-0.05422268	-0.00028866
9040	55.6878	37.3924	40.4252	12.0	-0.06506276	-0.06473107	0.00033169
9041	53.3612	27.0607	72.1680	15.0	-0.05498906	-0.05550374	-0.00051469
9042	43.9601	30.8109	47.7551	12.0	-0.05881455	-0.05889858	-0.00008404
9043	42.1202	30.7068	62.9738	14.0	-0.05468934	-0.05508233	-0.00039299
9044	48.0863	29.1826	47.8378	9.0	-0.07076407	-0.07077047	-0.00000640
9045	62.1029	26.2488	44.6351	9.0	-0.07944045	-0.07811693	0.00132352
9046	60.3653	45.7503	47.9020	11.0	-0.07423073	-0.07417621	0.00005452
9047	56.1277	40.0732	69.8316	12.0	-0.06763396	-0.06829006	-0.00065610
9048	60.1546	46.5234	45.8210	13.0	-0.06578611	-0.06569701	0.00008910
9049	56.8117	23.9927	69.8900	14.0	-0.05885694	-0.05936113	-0.00050419
9050	63.1249	21.5419	40.7521	15.0	-0.05440497	-0.05382774	0.00057723
9051	57.4225	31.6586	70.1949	11.0	-0.06996860	-0.07083530	-0.00086670
9052	74.4912	36.6509	60.6252	13.0	-0.06579699	-0.06572074	0.00007624
9053	42.5314	27.5963	50.1263	13.0	-0.05486866	-0.05498277	-0.00011411
9054	45.2963	21.9184	54.1722	13.0	-0.05531552	-0.05544927	-0.00013376
9055	74.1795	29.9357	55.5097	11.0	-0.07107164	-0.07048791	0.00058374
9056	66.9731	27.9326	71.2284	15.0	-0.05713345	-0.05744807	-0.00031462
9057	69.6683	29.2477	39.2585	15.0	-0.05414855	-0.05355786	0.00059069
9058	70.3935	21.4693	53.5614	12.0	-0.06521824	-0.06456396	0.00065428
9059	51.0667	43.3125	68.0439	13.0	-0.06115541	-0.06163714	-0.00048172
9060	47.4365	47.6566	53.4027	14.0	-0.05848960	-0.05869839	-0.00020879
9061	65.6326	34.5589	72.9688	15.0	-0.05698471	-0.05738494	-0.00040024
9062	61.7779	46.0477	52.4324	9.0	-0.08322010	-0.08331726	-0.00009716
9063	73.3060	34.0491	49.5399	11.0	-0.07138180	-0.07063728	0.00074453
9064	62.9208	31.3474	40.9337	11.0	-0.06973044	-0.06885558	0.00087486
9065	69.8787	44.9704	61.9308	13.0	-0.06427389	-0.06443925	-0.00016535
9066	43.7949	27.1803	45.8677	14.0	-0.05290846	-0.05290657	0.00000189
9067	46.6585	29.9808	66.3626	13.0	-0.06069570	-0.06128294	-0.00058725
9068	42.6521	31.2304	65.5018	15.0	-0.05323855	-0.05364867	-0.00041012
9069	68.9905	24.4141	64.3793	12.0	-0.06591713	-0.06595383	-0.00003670
9070	44.0016	23.3098	55.9306	13.0	-0.05493036	-0.05513301	-0.00020264
9071	58.0308	49.5054	51.9750	12.0	-0.06662995	-0.06674788	-0.00011793
9072	46.0659	36.5100	69.5148	15.0	-0.05452874	-0.05499994	-0.00047120
9073	70.4740	28.0432	62.1795	10.0	-0.07558078	-0.07548525	0.00009553
9074	49.6435	32.1231	69.4182	13.0	-0.06163142	-0.06229627	-0.00066485
9075	44.2885	37.0175	51.5408	11.0	-0.06567019	-0.06593476	-0.00026457
9076	54.3800	19.9819	47.0760	13.0	-0.06126860	-0.06089904	0.00036956
9077	61.7705	23.8837	63.1645	9.0	-0.08111378	-0.08156310	-0.00044932
9078	63.2132	34.2598	41.1348	11.0	-0.07084260	-0.07005563	0.00078698
9079	68.7092	48.0478	49.4582	15.0	-0.05871108	-0.05861322	0.00009786
9080	69.9990	29.6696	66.1406	12.0	-0.06794574	-0.06814102	-0.00019528
9081	66.0317	46.5151	50.4122	12.0	-0.06955748	-0.06948142	0.00007606
9082	72.3056	39.6608	65.8685	14.0	-0.06052842	-0.06069891	-0.00017049
9083	60.8087	35.1633	73.1213	14.0	-0.05974578	-0.06028846	-0.00054268
9084	71.9615	38.4796	47.5628	12.0	-0.06836954	-0.06782892	0.00054062
9085	61.1804	20.9273	62.8414	11.0	-0.06953728	-0.06974378	-0.00020650
9086	62.0567	28.5323	43.4742	9.0	-0.07969012	-0.07841035	0.00127977
9087	74.0033	36.1311	45.0260	14.0	-0.05903996	-0.05851854	0.00052143
9088	55.5971	21.1697	43.7277	14.0	-0.05908503	-0.05862700	0.00045803
9089	58.3805	48.8493	48.4452	13.0	-0.06390074	-0.06392913	-0.00002839
9090	50.8272	22.9802	56.2290	9.0	-0.07263863	-0.07290452	-0.00026589
9091	72.7107	41.4410	61.5193	13.0	-0.06449170	-0.06456371	-0.00007200
9092	45.0531	34.9628	43.2530	14.0	-0.05493344	-0.05492484	0.00000861
9093	73.1839	36.5665	57.4390	11.0	-0.07517850	-0.07492392	0.00025458
9094	49.9965	35.7265	70.9375	14.0	-0.05857880	-0.05915744	-0.00057865
9095	65.4556	48.8219	61.3455	13.0	-0.06262676	-0.06283529	-0.00020852
9096	66.8088	17.6353	47.3762	15.0	-0.05473743	-0.05419795	0.00053947
9097	40.5757	29.4038	51.2684	14.0	-0.05226830	-0.05241789	-0.00014959
9098	53.8698	43.5304	40.2914	15.0	-0.05541407	-0.05530044	0.00011363
9099	46.1439	40.3771	48.7534	12.0	-0.06468200	-0.06485508	-0.00017308
9100	55.9905	21.0359	56.5525	9.0	-0.07681531	-0.07681502	0.00000029
9101	57.9216	35.9504	73.2259	14.0	-0.05930050	-0.05986950	-0.00056900
9102	47.7846	42.8924	49.4721	12.0	-0.06657671	-0.06676327	-0.00018656
9103	69.4746	27.4836	40.8415	14.0	-0.05686923	-0.05618887	0.00068036
9104	48.8503	31.7336	63.2023	9.0	-0.07869650	-0.07964829	-0.00095179
9105	65.9899	23.5781	43.8540	12.0	-0.06395074	-0.06306861	0.00088212
9106	73.1585	24.6426	44.2877	15.0	-0.05401925	-0.05341606	0.00060319
9107	62.3715	42.8107	48.6080	9.0	-0.08869792	-0.08850676	0.00019115
9108	70.6365	40.4311	56.3132	10.0	-0.08090375	-0.08078824	0.00011551
9109	75.1429	32.7352	53.7378	12.0	-0.06803124	-0.06749105	0.00054019
9110	68.1521	23.4774	68.4205	15.0	-0.05632317	-0.05648296	-0.00015978
9111	71.2063	46.3147	50.9842	15.0	-0.05963521	-0.05950951	0.00012570
9112	63.1490	33.9469	67.4594	9.0	-0.08365647	-0.08460202	-0.00094555
9113	58.2533	37.3344	41.4013	11.0	-0.07106455	-0.07059351	0.00047104
9114	54.8138	24.1309	45.1022	11.0	-0.06955845	-0.06899018	0.00056827
9115	47.5782	36.2052	63.8498	10.0	-0.07308499	-0.07381404	-0.00072906
9116	46.1218	21.4990	61.1885	14.0	-0.05401466	-0.05430176	-0.00028709
9117	63.6678	35.4238	70.3983	12.0	-0.06786579	-0.06847522	-0.00060943
9118	51.0082	37.4941	43.1563	11.0	-0.06724750	-0.06712406	0.00012344
9119	64.7385	18.4852	49.4753	13.0	-0.06181709	-0.06118128	0.00063581
9120	67.0602	42.6477	70.0151	15.0	-0.05731920	-0.05763552	-0.00031633
9121	45.1225	20.9352	57.5024	14.0	-0.05301700	-0.05320843	-0.00019143
9122	74.1805	25.4217	50.8306	13.0	-0.06171159	-0.06104277	0.00066882
9123	76.8446	35.3012	56.6083	14.0	-0.06104517	-0.06077591	0.00026926
9124	68.1444	37.6475	63.6401	9.0	-0.08410312	-0.08453088	-0.00042776
9125	55.9332	43.3300	43.5540	12.0	-0.06660676	-0.06648404	0.00012272
9126	55.7330	32.7715	70.0905	11.0	-0.06984363	-0.07072225	-0.00087862
9127	50.9161	25.9118	47.6805	9.0	-0.07303155	-0.07281360	0.00021795
9128	45.7792	37.4679	42.0341	15.0	-0.05340339	-0.05338166	0.00002173
9129	68.1958	19.1016	45.6408	15.0	-0.05429623	-0.05371739	0.00057884
9130	51.2658	38.0853	40.8379	13.0	-0.05999075	-0.05983923	0.00015152
9131	60.9195	27.2524	42.9252	10.0	-0.07445386	-0.07338620	0.00106766
9132	53.9575	46.6805	48.7106	12.0	-0.06852412	-0.06862080	-0.00009668
9133	61.8834	30.2890	39.9609	12.0	-0.06552271	-0.06476025	0.00076246
9134	62.5225	45.3234	70.2457	15.0	-0.05677824	-0.05713043	-0.00035219
9135	42.8913	35.2028	47.9220	13.0	-0.05709909	-0.05722278	-0.00012369
9136	43.8868	29.5433	46.3613	13.0	-0.05575496	-0.05578577	-0.00003081
9137	46.1749	32.7946	60.1130	9.0	-0.07422692	-0.07487727	-0.00065035
9138	65.2667	41.9685	47.5476	10.0	-0.08141626	-0.08104722	0.00036905
9139	59.8168	16.9513	57.0776	13.0	-0.06164982	-0.06149036	0.00015946
9140	70.0404	33.6000	41.6763	13.0	-0.06127626	-0.06060292	0.00067334
9141	57.1739	50.1085	54.7236	12.0	-0.06589665	-0.06607626	-0.00017962
9142	56.5346	21.2005	61.2629	10.0	-0.07204010	-0.07238480	-0.00034470
9143	52.7430	46.6834	47.4756	13.0	-0.06404456	-0.06411777	-0.00007321
9144	55.3916	41.7911	41.2625	13.0	-0.06197077	-0.06179259	0.00017818
9145	57.8676	20.4427	50.3137	11.0	-0.07245608	-0.07186341	0.00059267
9146	50.8675	46.4998	64.8641	13.0	-0.06109454	-0.06148545	-0.00039092
9147	66.2159	17.1162	58.4495	14.0	-0.05807825	-0.05784453	0.00023372
9148	47.1925	24.0220	59.6172	11.0	-0.06281725	-0.06320977	-0.00039252
9149	63.6357	28.4410	42.6354	10.0	-0.07349790	-0.07238011	0.00111779
9150	59.0137	48.9741	64.5159	13.0	-0.06184362	-0.06216318	-0.00031956
9151	57.6733	42.4299	42.7356	12.0	-0.06715584	-0.06694704	0.00020880
9152	44.7980	39.6197	64.1920	13.0	-0.05987915	-0.06033517	-0.00045602
9153	66.5580	18.0977	61.2844	14.0	-0.05812727	-0.05800964	0.00011763
9154	71.0020	18.3010	52.6602	15.0	-0.05494192	-0.05448507	0.00045685
9155	50.1554	26.7965	62.6086	9.0	-0.07442693	-0.07524268	-0.00081574
9156	55.8466	25.6962	40.3884	14.0	-0.05967458	-0.05917348	0.00050109
9157	48.9748	23.0326	67.9019	15.0	-0.05310087	-0.05350870	-0.00040783
9158	46.7289	26.6964	63.7599	12.0	-0.06150852	-0.06204162	-0.00053310
9159	62.7787	26.5473	42.2048	11.0	-0.06876906	-0.06780434	0.00096473
9160	65.5063	47.2783	58.3155	11.0	-0.07143508	-0.07162236	-0.00018728
9161	69.1926	21.6173	55.8953	11.0	-0.06922632	-0.06863459	0.00059174
9162	61.4519	20.4242	58.9452	10.0	-0.07480467	-0.07468648	0.00011820
9163	50.7809	34.0484	40.4888	13.0	-0.05981650	-0.05960493	0.00021157
9164	60.1757	22.4920	45.4529	11.0	-0.07000438	-0.06912757	0.00087680
9165	66.3943	28.1323	64.3450	9.0	-0.08334259	-0.08373708	-0.00039449
9166	54.1024	40.7175	40.8999	13.0	-0.06120518	-0.06103080	0.00017438
9167	47.9533	18.0176	51.7734	15.0	-0.05183017	-0.05181688	0.00001329
9168	47.1613	47.8917	58.4732	14.0	-0.05749903	-0.05777219	-0.00027316
9169	64.6102	24.4400	41.4106	13.0	-0.06038911	-0.05962878	0.00076034
9170	49.8714	34.0810	45.6787	9.0	-0.07495011	-0.07488226	0.00006785
9171	55.4782	16.4921	59.8110	14.0	-0.05651471	-0.05658512	-0.00007040
9172	53.8780	41.3317	38.9697	15.0	-0.05498203	-0.05482133	0.00016070
9173	54.0179	20.8067	53.1749	10.0	-0.07162474	-0.07147057	0.00015417
9174	62.3319	30.8882	37.9020	14.0	-0.05838620	-0.05779956	0.00058664
9175	48.3159	24.9019	60.2979	10.0	-0.06745447	-0.06796047	-0.00050600
9176	54.4607	46.9580	62.4918	11.0	-0.07054654	-0.07095167	-0.00040513
9177	44.9854	29.3372	50.9991	10.0	-0.06498090	-0.06516587	-0.00018497
9178	59.9023	29.4788	70.6176	12.0	-0.06636598	-0.06706981	-0.00070383
9179	69.6537	45.0073	46.5802	15.0	-0.06000746	-0.05977725	0.00023022
9180	55.4233	36.8937	70.6912	12.0	-0.06682157	-0.06755140	-0.00072983
9181	40.5374	38.3101	50.9429	15.0	-0.05275091	-0.05292828	-0.00017737
9182	52.7517	32.5274	73.3871	15.0	-0.05518255	-0.05572046	-0.00053791
9183	70.4393	36.1757	42.6260	13.0	-0.06222504	-0.06161860	0.00060644
9184	67.1044	37.3625	38.7136	15.0	-0.05619491	-0.05573309	0.00046182
9185	65.7825	28.3560	67.1969	11.0	-0.07278923	-0.07326949	-0.00048026
9186	48.6440	31.2579	42.8431	12.0	-0.06139112	-0.06124320	0.00014792
9187	62.5920	24.2738	64.6500	10.0	-0.07640590	-0.07686616	-0.00046026
9188	68.6418	47.1109	53.4564	13.0	-0.06508446	-0.06506161	0.00002285
9189	51.7151	44.9824	57.9921	9.0	-0.08080405	-0.08122472	-0.00042067
9190	43.0998	39.8650	48.8641	14.0	-0.05648470	-0.05663899	-0.00015429
9191	60.0769	32.0410	73.2038	14.0	-0.05914300	-0.05969735	-0.00055436
9192	71.0194	40.4915	52.7644	11.0	-0.07735520	-0.07703741	0.00031779
9193	51.2728	38.2122	66.8119	10.0	-0.07433047	-0.07513279	-0.00080232
9194	50.2887	33.4546	44.1794	10.0	-0.07070097	-0.07054073	0.00016024
9195	73.8338	31.7493	66.9057	15.0	-0.05738384	-0.05746749	-0.00008365
9196	64.7167	40.5316	45.6047	10.0	-0.07964292	-0.07913522	0.00050770
9197	70.2134	27.5049	65.2801	12.0	-0.06679560	-0.06689547	-0.00009987
9198	62.2014	37.5203	37.5195	15.0	-0.05651056	-0.05610375	0.00040681
9199	54.5966	30.2420	43.0247	10.0	-0.07462446	-0.07404264	0.00058182
9200	65.7670	26.4132	63.7606	9.0	-0.08232338	-0.08263598	-0.00031259
9201	71.2590	35.2642	44.5014	12.0	-0.06592737	-0.06522820	0.00069917
9202	42.9566	40.0125	46.8414	15.0	-0.05355682	-0.05366208	-0.00010526
9203	57.1755	17.9887	56.4431	12.0	-0.06463723	-0.06453111	0.00010613
9204	78.1216	31.8743	53.1002	15.0	-0.05673779	-0.05634265	0.00039515
9205	40.6998	39.2768	52.2589	15.0	-0.05338632	-0.05358853	-0.00020221
9206	48.1520	33.2204	46.9820	9.0	-0.07268145	-0.07272579	-0.00004434
9207	63.5508	22.1479	66.5729	13.0	-0.06290912	-0.06317901	-0.00026989
9208	44.7773	28.0713	53.2841	10.0	-0.06435137	-0.06459808	-0.00024671
9209	62.8109	18.6307	58.8831	12.0	-0.06606916	-0.06589798	0.00017118
9210	56.7839	26.7048	70.5053	13.0	-0.06181821	-0.06244365	-0.00062544
9211	59.2304	52.7340	60.9841	15.0	-0.05504953	-0.05524895	-0.00019942
9212	50.4828	50.6629	60.6197	15.0	-0.05516777	-0.05542063	-0.00025286
9213	61.2973	50.5103	60.7197	13.0	-0.06170763	-0.06193538	-0.00022775
9214	51.8113	23.2064	45.3437	12.0	-0.06248714	-0.06217490	0.00031224
9215	52.8728	25.8672	41.7465	13.0	-0.06045229	-0.06006577	0.00038652
9216	71.2997	44.7293	56.4917	13.0	-0.06565705	-0.06564297	0.00001408
9217	75.4913	37.6571	59.8552	14.0	-0.06228311	-0.06218628	0.00009684
9218	59.3206	53.1803	58.7947	15.0	-0.05510215	-0.05527261	-0.00017046
9219	54.4907	49.4810	62.2151	13.0	-0.06180722	-0.06211557	-0.00030835
9220	39.5839	34.6710	59.2769	15.0	-0.05204978	-0.05234598	-0.00029621
9221	53.3117	39.3349	42.7715	11.0	-0.06831814	-0.06814810	0.00017004
9222	45.5021	30.8169	58.4431	9.0	-0.07084952	-0.07137728	-0.00052776
9223	60.8972	18.4563	48.4498	13.0	-0.06241157	-0.06182893	0.00058264
9224	41.4403	26.0732	52.1117	14.0	-0.05190912	-0.05204663	-0.00013752
9225	77.1122	29.6230	54.2737	14.0	-0.05919461	-0.05875747	0.00043713
9226	46.6384	29.5194	62.0111	10.0	-0.06885148	-0.06949580	-0.00064433
9227	74.4883	36.3425	65.5333	15.0	-0.05810003	-0.05817982	-0.00007979
9228	56.2004	50.7621	53.4890	13.0	-0.06223158	-0.06238343	-0.00015185
9229	42.7680	38.6203	51.4790	13.0	-0.05920347	-0.05942663	-0.00022316
9230	49.7253	35.6413	68.5031	12.0	-0.06543223	-0.06613432	-0.00070209
9231	72.0585	21.6732	53.3837	13.0	-0.06136191	-0.06077975	0.00058216
9232	50.8795	27.3741	45.2131	10.0	-0.06925423	-0.06897773	0.00027650
9233	54.6267	23.8506	67.1198	12.0	-0.06409880	-0.06470190	-0.00060310
9234	76.2959	26.2335	54.9407	14.0	-0.05837253	-0.05792840	0.00044414
9235	48.9014	33.3687	71.4502	15.0	-0.05535651	-0.05588680	-0.00053029
9236	57.0193	18.0652	61.6340	13.0	-0.06047389	-0.06062342	-0.00014953
9237	56.7357	30.1924	67.6655	9.0	-0.07991553	-0.08111856	-0.00120303
9238	50.9601	19.4999	57.5932	12.0	-0.06090581	-0.06106323	-0.00015742
9239	57.3393	27.8159	43.5230	10.0	-0.07710381	-0.07620330	0.00090051
9240	66.5894	41.1419	66.0003	11.0	-0.07265495	-0.07309259	-0.00043764
9241	63.3334	50.6734	51.1777	14.0	-0.05978629	-0.05981408	-0.00002779
9242	47.5263	25.3839	56.1480	9.0	-0.06919760	-0.06954487	-0.00034727
9243	43.9482	33.4184	53.9660	10.0	-0.06677446	-0.06710915	-0.00033469
9244	62.5813	47.0847	62.6713	11.0	-0.07056491	-0.07090208	-0.00033717
9245	64.8803	26.1256	38.3212	15.0	-0.05427447	-0.05368568	0.00058879
9246	59.7527	46.2214	43.8626	14.0	-0.06172269	-0.06159990	0.00012280
9247	48.5278	35.8347	43.3068	12.0	-0.06285605	-0.06278779	0.00006826
9248	44.6797	30.8667	42.0944	15.0	-0.05149097	-0.05143597	0.00005500
9249	47.9561	49.7659	57.5311	15.0	-0.05492290	-0.05515335	-0.00023046
9250	57.2668	20.6303	43.8199	14.0	-0.05916701	-0.05865270	0.00051432
9251	48.4557	44.9338	55.0351	11.0	-0.06965328	-0.06996956	-0.00031627
9252	75.2956	39.2598	58.7309	14.0	-0.06222448	-0.06212168	0.00010279
9253	65.2613	21.5144	68.1289	15.0	-0.05648364	-0.05667941	-0.00019577
9254	53.6877	43.2377	49.3395	9.0	-0.08383840	-0.08399724	-0.00015884
9255	46.6350	38.9911	51.1749	10.0	-0.07298384	-0.07327859	-0.00029476
9256	51.9556	29.3529	67.7471	11.0	-0.06916271	-0.07003081	-0.00086810
9257	73.9367	40.4843	49.2197	14.0	-0.06190324	-0.06155280	0.00035044
9258	45.1302	33.7066	53.0839	9.0	-0.07149850	-0.07184640	-0.00034789
9259	46.9740	36.8742	60.5106	9.0	-0.07818145	-0.07885686	-0.00067541
9260	73.4585	39.8614	44.9440	15.0	-0.05720023	-0.05680810	0.00039213
9261	56.7443	28.6041	40.0867	13.0	-0.06337752	-0.06280654	0.00057098
9262	69.1415	24.9366	44.7745	12.0	-0.06381420	-0.06292342	0.00089079
9263	73.3124	33.1868	67.4312	15.0	-0.05787756	-0.05800243	-0.00012487
9264	60.9581	16.0576	55.2332	14.0	-0.05893440	-0.05867815	0.00025625
9265	53.0000	45.0734	46.5902	12.0	-0.06708183	-0.06712583	-0.00004400
9266	49.3276	27.1912	46.3268	10.0	-0.06762441	-0.06747489	0.00014952
9267	52.9785	32.2098	38.6953	14.0	-0.05752314	-0.05721317	0.00030997
9268	48.7513	43.5865	51.4044	11.0	-0.07128247	-0.07153372	-0.00025126
9269	51.3635	26.0590	67.2897	12.0	-0.06344455	-0.06410760	-0.00066306
9270	47.3169	27.8331	43.4148	13.0	-0.05699225	-0.05686903	0.00012322
9271	47.0231	26.5846	60.5493	10.0	-0.06696265	-0.06749541	-0.00053276
9272	46.9402	29.2952	45.9427	11.0	-0.06287088	-0.06283293	0.00003795
9273	56.1427	46.1823	48.7111	11.0	-0.07330371	-0.07337138	-0.00006767
9274	39.1432	30.6791	57.8165	15.0	-0.05048026	-0.05073364	-0.00025338
9275	70.5376	33.3275	46.2646	10.0	-0.07466650	-0.07368098	0.00098551
9276	66.8197	43.7846	42.4246	15.0	-0.05836347	-0.05807673	0.00028674
9277	53.0681	31.0417	70.0496	12.0	-0.06507861	-0.06585088	-0.00077227
9278	55.5885	39.1148	44.3391	9.0	-0.07948197	-0.07922085	0.00026112
9279	72.8188	42.8068	47.6920	15.0	-0.05910552	-0.05881981	0.00028571
9280	48.0782	46.7357	65.8186	15.0	-0.05422144	-0.05456002	-0.00033858
9281	69.4715	44.3632	52.8309	12.0	-0.07133322	-0.07121945	0.00011378
9282	64.7697	37.2518	68.6698	11.0	-0.07245700	-0.07306480	-0.00060779
9283	44.9338	43.8666	54.8309	13.0	-0.06094148	-0.06121843	-0.00027695
9284	57.1897	29.0821	71.5941	13.0	-0.06175411	-0.06240373	-0.00064962
9285	47.1016	29.8822	40.4504	15.0	-0.05227386	-0.05214065	0.00013321
9286	47.0691	30.4418	44.0979	12.0	-0.06017800	-0.06009963	0.00007838
9287	66.4345	26.2281	70.6731	15.0	-0.05723649	-0.05753704	-0.00030056
9288	49.5899	24.3038	51.5979	9.0	-0.07123592	-0.07127838	-0.00004246
9289	71.1056	40.2823	61.0492	11.0	-0.07323430	-0.07334680	-0.00011250
9290	69.3483	43.7675	58.5628	11.0	-0.07379076	-0.07389805	-0.00010729
9291	55.1312	47.4595	59.0032	10.0	-0.07528864	-0.07563478	-0.00034614
9292	51.2540	23.9411	60.5882	9.0	-0.07299253	-0.07357440	-0.00058187
9293	66.2317	51.4499	54.4338	15.0	-0.05644225	-0.05649452	-0.00005227
9294	61.9494	40.9274	69.1040	12.0	-0.06903909	-0.06960977	-0.00057068
9295	68.7719	32.8969	44.4207	10.0	-0.07407816	-0.07305345	0.00102471
9296	56.6689	33.6432	40.9830	11.0	-0.07017152	-0.06962387	0.00054765
9297	59.7509	37.2596	39.3145	13.0	-0.06303117	-0.06258764	0.00044353
9298	48.4892	33.1250	42.8809	12.0	-0.06184237	-0.06172602	0.00011635
9299	64.2343	46.8370	54.6863	10.0	-0.07694077	-0.07705750	-0.00011674
9300	53.5197	50.2253	64.6479	15.0	-0.05538918	-0.05567980	-0.00029062
9301	43.6071	30.2882	51.2083	11.0	-0.06145091	-0.06164322	-0.00019231
9302	47.7887	39.6987	45.6631	12.0	-0.06394588	-0.06400508	-0.00005919
9303	51.0766	26.2886	39.7464	15.0	-0.05372515	-0.05345103	0.00027412
9304	64.8805	22.2399	40.5318	15.0	-0.05414058	-0.05354429	0.00059629
9305	42.2489	35.3624	55.9780	12.0	-0.06089485	-0.06122785	-0.00033300
9306	52.2087	43.3742	46.6042	11.0	-0.07044760	-0.07049843	-0.00005083
9307	62.2479	47.9526	51.9352	11.0	-0.07187422	-0.07193551	-0.00006129
9308	72.7053	42.3217	59.9519	13.0	-0.06476952	-0.06480300	-0.00003348
9309	61.7006	43.2415	41.2865	14.0	-0.06081341	-0.06055049	0.00026292
9310	63.3056	37.8298	71.1376	13.0	-0.06402526	-0.06455923	-0.00053397
9311	72.5452	21.6201	50.2293	14.0	-0.05796417	-0.05735760	0.00060657
9312	69.3436	25.6591	42.9439	13.0	-0.06004355	-0.05926168	0.00078188
9313	60.5716	32.1361	36.8625	15.0	-0.05605397	-0.05557036	0.00048361
9314	75.5721	24.5803	55.6780	14.0	-0.05803956	-0.05761370	0.00042586
9315	46.4973	20.2835	51.0643	14.0	-0.05344601	-0.05345966	-0.00001365
9316	72.5992	33.0889	43.9973	13.0	-0.06133160	-0.06066057	0.00067103
9317	69.3874	35.8310	45.7880	10.0	-0.07595557	-0.07508464	0.00087094
9318	47.1127	39.1081	47.9445	11.0	-0.06803415	-0.06818487	-0.00015072
9319	68.9889	49.4996	53.4184	15.0	-0.05754273	-0.05753663	0.00000610
9320	64.7473	20.7916	62.9917	12.0	-0.06597575	-0.06602045	-0.00004470
9321	40.8328	27.9345	58.4135	14.0	-0.05254529	-0.05282047	-0.00027518
9322	56.8954	18.5900	66.3974	15.0	-0.05481164	-0.05507336	-0.00026172
9323	47.1696	32.8400	67.4125	13.0	-0.06164026	-0.06225943	-0.00061917
9324	45.3764	36.8291	67.4249	14.0	-0.05717224	-0.05766192	-0.00048968
9325	70.3514	35.8201	66.1958	12.0	-0.06857229	-0.06884335	-0.00027106
9326	61.2577	20.0068	50.1530	11.0	-0.07118286	-0.07042910	0.00075375
9327	50.4752	40.7882	45.3428	11.0	-0.06850370	-0.06851942	-0.00001572
9328	45.8196	33.1784	48.3527	10.0	-0.06709395	-0.06722851	-0.00013456
9329	67.4340	48.2482	53.9233	13.0	-0.06418235	-0.06420248	-0.00002013
9330	66.8620	46.3645	61.7992	12.0	-0.06752179	-0.06775864	-0.00023684
9331	70.6944	27.0263	48.5490	10.0	-0.07376444	-0.07263238	0.00113207
9332	66.7258	38.1352	43.6838	11.0	-0.07241568	-0.07175552	0.00066016
9333	68.2116	26.9159	42.8012	12.0	-0.06376560	-0.06288139	0.00088420
9334	49.0432	47.5367	60.6727	13.0	-0.06091403	-0.06123803	-0.00032401
9335	44.7698	27.9918	65.4931	14.0	-0.05566759	-0.05612318	-0.00045559
9336	57.1731	20.2100	53.9800	10.0	-0.07450182	-0.07418727	0.00031455
9337	66.6687	35.1860	42.3557	11.0	-0.07037603	-0.06957830	0.00079773
9338	50.8592	32.5860	70.2883	13.0	-0.06160031	-0.06227333	-0.00067303
9339	65.2543	48.5927	54.7327	12.0	-0.06722471	-0.06730697	-0.00008226
9340	54.5743	44.7157	42.3517	14.0	-0.05902465	-0.05894089	0.00008376
9341	45.3484	45.7253	53.6578	14.0	-0.05799038	-0.05821781	-0.00022743
9342	56.9354	16.7488	51.4463	14.0	-0.05887251	-0.05858639	0.00028612
9343	67.5100	40.0473	49.7276	9.0	-0.08915073	-0.08862644	0.00052429
9344	58.1598	50.2506	57.9573	12.0	-0.06544580	-0.06567329	-0.00022749
9345	61.9041	34.7716	68.7693	10.0	-0.07788726	-0.07876987	-0.00088261
9346	69.5376	49.2501	58.6613	15.0	-0.05704499	-0.05712755	-0.00008256
9347	70.6954	29.9141	68.2017	14.0	-0.06067357	-0.06087150	-0.00019793
9348	74.0957	37.2950	63.9955	14.0	-0.06134681	-0.06141027	-0.00006346
9349	55.4365	29.5811	72.5590	14.0	-0.05814301	-0.05873181	-0.00058880
9350	72.6743	29.5892	64.9552	13.0	-0.06320140	-0.06323383	-0.00003243
9351	43.1518	25.2487	61.5384	14.0	-0.05331798	-0.05364503	-0.00032705
9352	59.3478	20.8887	42.8559	14.0	-0.05838584	-0.05781101	0.00057483
9353	61.6183	30.4166	41.9588	10.0	-0.07484813	-0.07383234	0.00101579
9354	69.7464	46.2144	58.6208	13.0	-0.06481739	-0.06490685	-0.00008946
9355	44.9658	25.3794	54.2118	11.0	-0.06082238	-0.06103910	-0.00021672
9356	48.7065	24.4435	57.0381	9.0	-0.07034072	-0.07071528	-0.00037456
9357	46.6592	34.7718	43.1502	13.0	-0.05830224	-0.05826235	0.00003989
9358	66.1564	46.6429	64.3489	13.0	-0.06333142	-0.06360364	-0.00027223
9359	70.1028	25.3689	49.6152	10.0	-0.07408825	-0.07296464	0.00112361
9360	55.7144	40.6772	38.3611	15.0	-0.05542816	-0.05521573	0.00021243
9361	47.7732	41.4808	65.3055	12.0	-0.06384344	-0.06435148	-0.00050805
9362	50.7107	26.7451	65.9852	11.0	-0.06694863	-0.06768661	-0.00073799
9363	47.3683	44.0357	56.9799	11.0	-0.06869810	-0.06906169	-0.00036359
9364	49.6047	45.0041	63.8355	12.0	-0.06435747	-0.06478851	-0.00043104
9365	70.4793	21.0960	50.2465	13.0	-0.06137359	-0.06068419	0.00068940
9366	55.8192	28.8933	42.2807	11.0	-0.07141469	-0.07075817	0.00065652
9367	52.8257	44.5758	41.4138	15.0	-0.05543406	-0.05536504	0.00006902
9368	71.0054	30.8383	45.2566	11.0	-0.06876989	-0.06783447	0.00093541
9369	61.8833	29.4808	70.2103	12.0	-0.06727088	-0.06792738	-0.00065650
9370	77.4591	31.3820	60.7664	15.0	-0.05643599	-0.05627138	0.00016462
9371	55.7854	21.6317	63.7008	11.0	-0.06758507	-0.06804698	-0.00046191
9372	70.9730	23.9277	58.9871	11.0	-0.06915847	-0.06876614	0.00039233
9373	60.9187	49.4503	47.7713	14.0	-0.06059314	-0.06057627	0.00001687
9374	45.7955	22.1417	58.9759	13.0	-0.05600155	-0.05626786	-0.00026631
9375	67.9579	23.3864	57.3814	9.0	-0.07976177	-0.07913324	0.00062853
9376	67.1237	35.6467	43.9200	10.0	-0.07570752	-0.07481849	0.00088903
9377	50.9807	42.4880	48.5733	10.0	-0.07572258	-0.07587726	-0.00015467
9378	53.2346	22.5460	66.9860	13.0	-0.05969467	-0.06018396	-0.00048929
9379	42.0550	27.9145	63.7932	15.0	-0.05166894	-0.05202238	-0.00035344
9380	61.0380	37.5003	70.5595	12.0	-0.06832454	-0.06898895	-0.00066441
9381	63.7097	25.4089	67.5134	12.0	-0.06828648	-0.06874127	-0.00045479
9382	52.5182	40.1058	70.2008	13.0	-0.06201709	-0.06259157	-0.00057448
9383	52.3473	35.3116	42.0105	11.0	-0.06745993	-0.06720500	0.00025494
9384	68.3232	43.3324	43.1474	15.0	-0.05869523	-0.05838803	0.00030720
9385	59.7223	23.8983	47.0321	9.0	-0.08141274	-0.08023137	0.00118137
9386	54.7332	26.2751	66.2867	10.0	-0.07327860	-0.07418324	-0.00090465
9387	53.4818	45.5771	65.7758	12.0	-0.06579575	-0.06625147	-0.00045573
9388	70.4575	37.5340	43.2621	13.0	-0.06288339	-0.06231941	0.00056398
9389	68.4346	24.0480	65.9684	13.0	-0.06244343	-0.06255702	-0.00011359
9390	67.6214	48.8306	52.0645	14.0	-0.06088564	-0.06086361	0.00002203
9391	44.6084	39.8642	48.3801	13.0	-0.06001977	-0.06017210	-0.00015233
9392	76.7560	32.8786	46.9668	15.0	-0.05554023	-0.05504792	0.00049231
9393	65.9940	41.1592	42.6527	13.0	-0.06483610	-0.06442038	0.00041571
9394	67.8095	26.5757	63.9465	10.0	-0.07598160	-0.07612731	-0.00014571
9395	53.1674	19.1116	49.2783	13.0	-0.06031941	-0.06007424	0.00024517
9396	69.0416	43.7311	48.5689	13.0	-0.06817125	-0.06791282	0.00025843
9397	75.6145	27.4477	54.3427	13.0	-0.06210280	-0.06158137	0.00052143
9398	50.9798	22.4678	46.6250	12.0	-0.06175157	-0.06151204	0.00023954
9399	61.8086	37.8621	39.6389	13.0	-0.06323181	-0.06275927	0.00047254
9400	62.0752	22.6665	41.0470	14.0	-0.05757470	-0.05693643	0.00063827
9401	70.1224	35.2062	40.7994	14.0	-0.05835942	-0.05779078	0.00056864
9402	67.6549	33.7135	40.2822	13.0	-0.06145332	-0.06078836	0.00066496
9403	66.3694	31.8560	42.8982	10.0	-0.07377882	-0.07272144	0.00105738
9404	44.2319	30.2400	52.8160	10.0	-0.06489513	-0.06515638	-0.00026125
9405	74.8602	28.2682	55.5525	12.0	-0.06605087	-0.06552292	0.00052795
9406	60.4856	43.8645	45.9574	11.0	-0.07504754	-0.07487281	0.00017473
9407	52.2792	46.4022	56.2981	10.0	-0.07613977	-0.07647127	-0.00033151
9408	74.3460	28.9473	59.7144	12.0	-0.06614476	-0.06585717	0.00028759
9409	70.4286	37.4578	69.9763	15.0	-0.05717820	-0.05743940	-0.00026120
9410	43.1889	41.5746	52.2524	14.0	-0.05809791	-0.05832395	-0.00022604
9411	43.4921	41.7754	64.7285	15.0	-0.05364017	-0.05400257	-0.00036240
9412	66.9391	22.8468	46.8860	11.0	-0.06850074	-0.06750109	0.00099964
9413	62.4045	17.6511	47.7734	14.0	-0.05847795	-0.05793156	0.00054638
9414	42.3378	43.4308	59.2671	15.0	-0.05381407	-0.05410373	-0.00028966
9415	61.2050	44.1357	66.4492	11.0	-0.07173991	-0.07223979	-0.00049988
9416	72.3516	38.7385	64.4343	13.0	-0.06440490	-0.06455070	-0.00014580
9417	69.0442	40.1172	47.3084	11.0	-0.07465471	-0.07413584	0.00051887
9418	72.8725	25.3149	47.3319	13.0	-0.06069104	-0.05995027	0.00074077
9419	65.1466	35.0179	38.5416	14.0	-0.05885790	-0.05831001	0.00054789
9420	52.0417	19.5549	60.0752	12.0	-0.06118147	-0.06142113	-0.00023965
9421	61.8098	17.9554	44.8357	15.0	-0.05505860	-0.05454231	0.00051629
9422	50.7058	43.7585	46.5402	12.0	-0.06596044	-0.06602987	-0.00006943
9423	71.1066	36.5474	56.3533	9.0	-0.08833161	-0.08795474	0.00037688
9424	62.8311	25.7528	39.2522	14.0	-0.05751665	-0.05687281	0.00064384
9425	71.9885	25.6609	43.8589	14.0	-0.05689506	-0.05621275	0.00068231
9426	55.8676	51.6911	59.8887	14.0	-0.05812771	-0.05835646	-0.00022875
9427	63.0179	37.7919	44.2853	9.0	-0.08361788	-0.08286203	0.00075586
9428	60.6898	46.9066	58.8892	9.0	-0.08081076	-0.08113419	-0.00032343
9429	77.8817	29.9131	58.7983	15.0	-0.05598992	-0.05574496	0.00024496
9430	65.4653	24.8452	45.3174	10.0	-0.07300038	-0.07181578	0.00118459
9431	72.2201	29.0836	42.5062	14.0	-0.05710167	-0.05644075	0.00066091
9432	72.4989	36.5767	64.8868	13.0	-0.06491380	-0.06505147	-0.00013767
9433	51.2195	27.7104	67.9225	12.0	-0.06437739	-0.06509699	-0.00071960
9434	53.2466	43.8061	68.6101	13.0	-0.06191959	-0.06240513	-0.00048554
9435	43.1746	40.7309	56.5189	13.0	-0.06045246	-0.06077537	-0.00032291
9436	67.0305	48.7905	48.5972	15.0	-0.05830896	-0.05822547	0.00008349
9437	59.9770	24.0763	63.7435	9.0	-0.08035033	-0.08098462	-0.00063429
9438	61.2334	19.1542	55.0117	11.0	-0.07124628	-0.07082055	0.00042573
9439	43.8129	39.0470	53.5882	12.0	-0.06394415	-0.06424519	-0.00030104
9440	70.2161	26.6785	46.1426	11.0	-0.06823824	-0.06723165	0.00100659
9441	68.7424	23.1545	42.9204	14.0	-0.05679527	-0.05610358	0.00069169
9442	66.3680	43.3478	64.2519	11.0	-0.07292157	-0.07329664	-0.00037507
9443	53.7537	51.1437	59.7454	14.0	-0.05829552	-0.05853879	-0.00024326
9444	55.4388	21.4487	58.8459	9.0	-0.07560199	-0.07585465	-0.00025265
9445	64.5527	21.5634	55.1242	9.0	-0.08102246	-0.08025141	0.00077105
9446	51.3187	34.3173	69.4301	12.0	-0.06588097	-0.06663466	-0.00075369
9447	67.0101	39.6074	65.2506	10.0	-0.07775712	-0.07823350	-0.00047638
9448	64.5914	23.9692	42.9971	12.0	-0.06410076	-0.06323070	0.00087006
9449	43.3618	38.3849	55.0311	12.0	-0.06346955	-0.06380082	-0.00033126
9450	61.4132	16.4563	59.8021	14.0	-0.05817266	-0.05810158	0.00007109
9451	58.5579	22.6813	49.7606	9.0	-0.08366533	-0.08269845	0.00096688
9452	43.3395	23.2456	51.3130	14.0	-0.05223001	-0.05231485	-0.00008484
9453	40.0474	32.1702	61.2415	15.0	-0.05168039	-0.05200071	-0.00032032
9454	58.0943	23.4103	40.9705	14.0	-0.05871123	-0.05814810	0.00056313
9455	63.8358	19.7497	52.4383	11.0	-0.07109732	-0.07037891	0.00071841
9456	59.0645	31.0767	42.1510	10.0	-0.07672964	-0.07582340	0.00090623
9457	56.8602	19.4973	59.7034	11.0	-0.06784912	-0.06798191	-0.00013280
9458	70.1189	41.5166	48.6969	12.0	-0.07113384	-0.07075452	0.00037933
9459	68.3443	24.2957	51.5281	9.0	-0.08093394	-0.07966976	0.00126419
9460	65.1904	45.9859	59.4684	10.0	-0.07666654	-0.07692633	-0.00025979
9461	40.0329	34.4725	55.9943	14.0	-0.05401952	-0.05428573	-0.00026621
9462	72.1605	18.9003	56.7035	15.0	-0.05458365	-0.05424690	0.00033675
9463	45.2484	24.3375	63.6708	14.0	-0.05451363	-0.05489259	-0.00037895
9464	47.4024	24.9051	48.8168	11.0	-0.06245868	-0.06244449	0.00001419
9465	77.0037	25.6500	53.3889	15.0	-0.05536560	-0.05492363	0.00044197
9466	55.1932	32.4116	40.2388	12.0	-0.06528532	-0.06482756	0.00045777
9467	50.5276	40.8934	67.8482	12.0	-0.06478778	-0.06536428	-0.00057651
9468	48.2278	39.7226	65.2269	11.0	-0.06811719	-0.06871905	-0.00060186
9469	76.8803	34.5527	53.3082	14.0	-0.06092051	-0.06052378	0.00039674
9470	66.5110	27.7364	38.2178	15.0	-0.05421990	-0.05362966	0.00059024
9471	62.1722	46.4945	44.7723	14.0	-0.06244652	-0.06230593	0.00014059
9472	73.5134	38.8038	46.0989	14.0	-0.06026713	-0.05982105	0.00044609
9473	53.6452	47.8759	53.7979	11.0	-0.07118575	-0.07141396	-0.00022821
9474	49.1138	49.0858	54.5726	14.0	-0.05868722	-0.05889897	-0.00021174
9475	56.2841	51.0394	58.0479	13.0	-0.06161877	-0.06184018	-0.00022141
9476	47.3105	36.2126	45.7439	11.0	-0.06587189	-0.06591370	-0.00004181
9477	71.3612	19.9282	52.3059	14.0	-0.05806132	-0.05752070	0.00054062
9478	58.9210	27.1283	70.8066	13.0	-0.06231895	-0.06292360	-0.00060465
9479	65.5659	19.6614	47.0503	13.0	-0.06101346	-0.06030465	0.00070881
9480	76.7311	29.2096	62.1341	15.0	-0.05595819	-0.05582105	0.00013713
9481	54.4977	38.7430	38.8895	14.0	-0.05779291	-0.05756005	0.00023286
9482	64.8828	32.4798	73.0993	15.0	-0.05708212	-0.05749946	-0.00041735
9483	50.2187	38.9252	68.3887	12.0	-0.06494001	-0.06556780	-0.00062779
9484	72.4630	32.1249	68.3453	15.0	-0.05762450	-0.05778109	-0.00015659
9485	52.8681	21.2041	63.8212	12.0	-0.06210835	-0.06252796	-0.00041960
9486	44.5199	35.8511	53.7058	10.0	-0.06919292	-0.06954641	-0.00035349
9487	42.4712	32.8622	59.0813	12.0	-0.06026624	-0.06066209	-0.00039585
9488	56.4256	24.7864	66.7907	11.0	-0.06954689	-0.07027091	-0.00072402
9489	61.7885	21.6705	46.4441	11.0	-0.06961823	-0.06871458	0.00090365
9490	55.9013	35.1646	71.0977	12.0	-0.06622226	-0.06697004	-0.00074778
9491	63.3439	39.2095	41.5868	12.0	-0.06776816	-0.06727130	0.00049685
9492	50.7012	29.8984	45.4369	9.0	-0.07384965	-0.07362117	0.00022848
9493	54.2925	20.2726	43.3418	15.0	-0.05519913	-0.05483751	0.00036162
9494	48.0513	19.1315	48.3473	15.0	-0.05187207	-0.05178802	0.00008405
9495	47.0421	20.4078	63.1525	15.0	-0.05199031	-0.05227477	-0.00028446
9496	47.3353	46.5397	59.4894	13.0	-0.06058828	-0.06090791	-0.00031964
9497	49.6524	21.3865	53.4283	11.0	-0.06387702	-0.06393379	-0.00005677
9498	53.1215	32.5457	70.3056	12.0	-0.06533430	-0.06610536	-0.00077106
9499	46.0287	25.2257	59.4625	11.0	-0.06222690	-0.06262589	-0.00039899
9500	48.8726	27.8649	40.0145	15.0	-0.05278849	-0.05259162	0.00019687
9501	48.9948	30.7719	64.5307	10.0	-0.07361314	-0.07449673	-0.00088359
9502	65.6468	28.8039	69.8264	13.0	-0.06395819	-0.06439412	-0.00043593
9503	45.7307	26.2143	45.8219	13.0	-0.05598087	-0.05593552	0.00004535
9504	49.5265	42.5413	60.5265	9.0	-0.07865937	-0.07919897	-0.00053960
9505	45.4426	43.7238	66.0098	15.0	-0.05379294	-0.05415687	-0.00036393
9506	57.8048	27.5072	68.7425	11.0	-0.07014748	-0.07096817	-0.00082069
9507	54.3723	19.3921	54.4244	11.0	-0.06698158	-0.06688452	0.00009707
9508	56.2613	21.0317	67.5957	14.0	-0.05779568	-0.05818707	-0.00039139
9509	54.2602	52.4402	53.7301	15.0	-0.05560738	-0.05575048	-0.00014311
9510	74.3032	31.6860	55.6467	11.0	-0.07188448	-0.07134922	0.00053526
9511	44.4060	44.3014	53.1622	14.0	-0.05797299	-0.05820167	-0.00022868
9512	41.1250	40.4522	53.9068	15.0	-0.05430541	-0.05453769	-0.00023229
9513	56.4735	46.6809	65.5235	12.0	-0.06624113	-0.06666176	-0.00042063
9514	48.3065	44.6216	59.6455	11.0	-0.06844310	-0.06884457	-0.00040147
9515	52.6147	16.3549	51.3227	15.0	-0.05393195	-0.05379790	0.00013405
9516	46.9464	37.4268	41.0191	15.0	-0.05354223	-0.05348626	0.00005597
9517	77.1869	32.8558	57.0572	14.0	-0.06004836	-0.05975318	0.00029518
9518	51.4773	47.8886	63.0996	13.0	-0.06144769	-0.06179752	-0.00034983
9519	40.9208	37.8643	55.1642	14.0	-0.05576265	-0.05603041	-0.00026775
9520	50.4567	20.2475	46.4070	14.0	-0.05551606	-0.05532036	0.00019571
9521	52.6953	26.6208	43.7095	11.0	-0.06730154	-0.06688286	0.00041868
9522	60.7910	37.0850	73.8526	15.0	-0.05687039	-0.05734975	-0.00047936
9523	76.8238	29.5489	52.3332	14.0	-0.05936854	-0.05886465	0.00050389
9524	74.1432	33.6261	55.0124	11.0	-0.07309715	-0.07257713	0.00052003
9525	74.7478	25.1577	49.0948	14.0	-0.05784746	-0.05723022	0.00061725
9526	57.3340	46.5940	45.7550	13.0	-0.06501254	-0.06497378	0.00003876
9527	71.5747	44.5235	62.3203	14.0	-0.06058052	-0.06070414	-0.00012362
9528	57.4755	15.0555	57.6431	15.0	-0.05480394	-0.05474166	0.00006228
9529	69.3903	31.2893	70.8263	15.0	-0.05720668	-0.05748168	-0.00027500
9530	51.4158	28.8929	70.9217	14.0	-0.05787550	-0.05846702	-0.00059152
9531	58.4723	18.2923	46.9832	14.0	-0.05930804	-0.05882608	0.00048197
9532	63.4782	52.6125	55.1776	15.0	-0.05579917	-0.05589071	-0.00009153
9533	61.6703	40.9051	43.3173	11.0	-0.07281579	-0.07241743	0.00039836
9534	73.1541	23.2218	52.4443	13.0	-0.06164393	-0.06101860	0.00062533
9535	72.5248	25.8400	61.2908	12.0	-0.06541100	-0.06519791	0.00021308
9536	73.4505	27.4354	57.0981	11.0	-0.06999262	-0.06947492	0.00051770
9537	58.8898	18.9650	55.5849	11.0	-0.07004034	-0.06978378	0.00025656
9538	49.7177	30.3575	39.0738	15.0	-0.05356370	-0.05335303	0.00021067
9539	73.4510	40.9623	46.1010	15.0	-0.05788421	-0.05753017	0.00035404
9540	59.1078	41.2651	42.1027	12.0	-0.06780190	-0.06750192	0.00029998
9541	40.4367	29.5763	61.6084	15.0	-0.05112422	-0.05143959	-0.00031537
9542	56.2396	23.9599	43.8731	12.0	-0.06713839	-0.06650476	0.00063362
9543	69.1245	39.2255	67.8039	13.0	-0.06402947	-0.06435138	-0.00032191
9544	53.6326	36.9467	73.3827	15.0	-0.05596446	-0.05648747	-0.00052301
9545	42.9043	25.0815	46.9242	15.0	-0.05024062	-0.05025292	-0.00001230
9546	55.0063	48.9241	67.1540	15.0	-0.05560979	-0.05593447	-0.00032468
9547	47.0664	44.1781	47.4764	14.0	-0.05875033	-0.05886489	-0.00011456
9548	46.8901	19.3800	55.5556	14.0	-0.05365066	-0.05376403	-0.00011337
9549	54.7465	38.2445	73.3534	15.0	-0.05632990	-0.05684201	-0.00051211
9550	55.3012	16.5005	62.8458	15.0	-0.05370272	-0.05385453	-0.00015182
9551	60.8656	16.2507	53.6776	14.0	-0.05938220	-0.05906042	0.00032178
9552	74.6712	25.3300	53.5141	13.0	-0.06176982	-0.06119668	0.00057314
9553	70.6068	23.3049	66.7277	15.0	-0.05568225	-0.05573277	-0.00005052
9554	66.8465	32.7052	69.0204	12.0	-0.06806109	-0.06853276	-0.00047167
9555	53.7697	31.3992	40.7301	12.0	-0.06478026	-0.06437073	0.00040953
9556	68.0866	50.4566	57.8884	15.0	-0.05655927	-0.05664683	-0.00008756
9557	74.3199	27.1265	48.5884	13.0	-0.06121163	-0.06051067	0.00070095
9558	60.6408	35.3433	67.9999	9.0	-0.08355815	-0.08461832	-0.00106018
9559	57.5833	28.4433	42.0551	11.0	-0.07167257	-0.07089206	0.00078051
9560	61.3453	52.0808	57.7969	14.0	-0.05837443	-0.05853340	-0.00015898
9561	67.3748	43.2828	45.6243	13.0	-0.06642307	-0.06610828	0.00031479
9562	73.7197	38.7816	61.5767	13.0	-0.06509092	-0.06510804	-0.00001712
9563	60.5449	41.5052	41.1478	13.0	-0.06390658	-0.06359176	0.00031482
9564	46.1813	41.7920	48.1276	13.0	-0.06159492	-0.06173929	-0.00014437
9565	66.2371	18.5444	51.1612	13.0	-0.06211079	-0.06149848	0.00061232
9566	55.4735	15.2904	53.4360	15.0	-0.05454971	-0.05440161	0.00014811
9567	47.9481	28.7959	64.4575	11.0	-0.06709379	-0.06779338	-0.00069960
9568	54.9286	46.8511	60.6924	10.0	-0.07546583	-0.07586137	-0.00039554
9569	53.1779	40.1240	65.8958	9.0	-0.08066390	-0.08148006	-0.00081616
9570	67.0961	47.3818	58.3968	12.0	-0.06751247	-0.06765739	-0.00014492
9571	41.6536	24.4945	50.1501	15.0	-0.04969698	-0.04977478	-0.00007780
9572	61.5634	18.3738	62.2419	13.0	-0.06145290	-0.06150999	-0.00005709
9573	41.5678	30.3372	45.9738	15.0	-0.05050481	-0.05054992	-0.00004512
9574	70.7898	28.2267	44.2897	12.0	-0.06399942	-0.06313527	0.00086414
9575	73.6237	40.8903	58.9685	13.0	-0.06535152	-0.06531155	0.00003996
9576	65.5653	23.0743	49.7653	9.0	-0.08017878	-0.07887769	0.00130109
9577	61.5357	46.9384	57.4684	9.0	-0.08114628	-0.08141763	-0.00027135
9578	50.8193	17.9417	63.2465	15.0	-0.05240964	-0.05264039	-0.00023074
9579	65.2880	41.4255	39.8957	15.0	-0.05735350	-0.05700539	0.00034811
9580	72.2717	31.3222	60.3264	10.0	-0.07683152	-0.07660564	0.00022588
9581	61.5588	32.6113	70.9523	12.0	-0.06719931	-0.06788406	-0.00068475
9582	55.7169	38.1072	67.2211	9.0	-0.08347077	-0.08448841	-0.00101764
9583	47.2022	24.9944	51.5745	10.0	-0.06534576	-0.06545306	-0.00010730
9584	68.8966	37.6839	40.8777	14.0	-0.05933172	-0.05882249	0.00050922
9585	62.4878	39.6119	68.5361	11.0	-0.07334074	-0.07398877	-0.00064803
9586	42.3462	43.7535	57.6080	15.0	-0.05400396	-0.05427313	-0.00026918
9587	49.0640	29.8156	42.8465	12.0	-0.06132096	-0.06113915	0.00018181
9588	76.3427	38.7292	50.2027	15.0	-0.05796479	-0.05762405	0.00034074
9589	44.7458	38.8444	55.6340	11.0	-0.06872505	-0.06911577	-0.00039072
9590	69.1530	47.2816	51.4583	14.0	-0.06197114	-0.06189386	0.00007728
9591	52.9061	48.9602	57.2502	12.0	-0.06609594	-0.06636479	-0.00026885
9592	41.8064	24.7433	54.6021	14.0	-0.05192550	-0.05210054	-0.00017505
9593	65.5754	21.8666	47.3866	11.0	-0.06887516	-0.06790704	0.00096812
9594	57.1692	41.0336	45.4426	9.0	-0.08196273	-0.08175480	0.00020793
9595	75.3398	32.0158	65.0357	15.0	-0.05706339	-0.05706630	-0.00000291
9596	68.6588	41.9461	47.3186	12.0	-0.07120394	-0.07082198	0.00038196
9597	48.4799	41.0112	67.6993	13.0	-0.06053019	-0.06103554	-0.00050535
9598	47.4168	44.5566	52.7512	12.0	-0.06584257	-0.06609783	-0.00025527
9599	50.9559	47.9673	55.8794	12.0	-0.06622416	-0.06649203	-0.00026787
9600	44.0761	33.2015	60.3620	11.0	-0.06506047	-0.06555912	-0.00049865
9601	45.3223	28.0986	48.8167	11.0	-0.06174581	-0.06182093	-0.00007511
9602	45.9745	35.6216	58.2893	9.0	-0.07648384	-0.07706622	-0.00058238
9603	53.0569	27.8535	38.7112	15.0	-0.05505945	-0.05472117	0.00033829
9604	66.7699	41.4097	46.5397	11.0	-0.07560311	-0.07516663	0.00043649
9605	54.0501	42.0517	45.6671	10.0	-0.07488175	-0.07483876	0.00004300
9606	45.5610	35.2068	47.4080	11.0	-0.06438595	-0.06449910	-0.00011316
9607	74.6551	35.7765	63.2808	14.0	-0.06173762	-0.06174719	-0.00000957
9608	58.9690	45.3380	41.3371	15.0	-0.05740564	-0.05725001	0.00015563
9609	72.8813	24.3400	57.8701	12.0	-0.06497487	-0.06454747	0.00042739
9610	68.3083	29.1029	40.8637	13.0	-0.06034908	-0.05959873	0.00075035
9611	54.3124	26.9382	43.2235	11.0	-0.06929693	-0.06874909	0.00054784
9612	60.9409	15.9543	61.8520	15.0	-0.05493313	-0.05494548	-0.00001235
9613	48.9264	39.5305	67.3335	12.0	-0.06437883	-0.06496560	-0.00058677
9614	52.9643	17.7287	47.4492	15.0	-0.05435544	-0.05411725	0.00023819
9615	68.2409	33.7356	38.3413	15.0	-0.05503937	-0.05450861	0.00053076
9616	61.0570	40.0317	70.7479	13.0	-0.06474359	-0.06529907	-0.00055548
9617	65.2362	24.5463	66.5372	12.0	-0.06742003	-0.06773059	-0.00031056
9618	41.9068	28.7689	50.8486	13.0	-0.05488047	-0.05502472	-0.00014425
9619	70.5109	45.2427	65.2572	15.0	-0.05714119	-0.05732278	-0.00018159
9620	58.9271	16.9059	61.7498	14.0	-0.05761167	-0.05768342	-0.00007175
9621	39.6923	27.1329	56.1666	15.0	-0.04969890	-0.04990552	-0.00020662
9622	71.3190	20.7263	60.9703	14.0	-0.05769432	-0.05749427	0.00020005
9623	63.4611	26.8311	65.9815	10.0	-0.07860599	-0.07923774	-0.00063175
9624	62.7871	44.9085	66.6543	12.0	-0.06723633	-0.06765500	-0.00041867
9625	67.0149	25.3391	66.3093	12.0	-0.06705777	-0.06729497	-0.00023720
9626	53.5369	28.2161	65.6808	9.0	-0.07865777	-0.07979440	-0.00113664
9627	51.8114	38.2373	45.4686	9.0	-0.07729413	-0.07723149	0.00006264
9628	58.9077	20.9485	46.1878	12.0	-0.06636113	-0.06567162	0.00068951
9629	61.6695	19.4691	64.1734	13.0	-0.06161371	-0.06177567	-0.00016195
9630	64.8077	16.9062	47.7717	15.0	-0.05507458	-0.05456601	0.00050857
9631	54.5366	18.4204	65.8836	15.0	-0.05380070	-0.05407066	-0.00026996
9632	48.3298	41.7182	55.0719	9.0	-0.07988505	-0.08031613	-0.00043108
9633	69.5480	23.6709	58.3528	10.0	-0.07401276	-0.07353198	0.00048078
9634	50.5328	46.9859	50.1500	13.0	-0.06388495	-0.06404181	-0.00015686
9635	74.4428	30.9062	49.4964	12.0	-0.06595308	-0.06522915	0.00072393
9636	71.1610	23.6037	53.7471	11.0	-0.06968371	-0.06892263	0.00076107
9637	54.8484	25.7989	69.5526	13.0	-0.06161392	-0.06223719	-0.00062327
9638	70.6199	38.9299	66.5636	13.0	-0.06408142	-0.06433352	-0.00025210
9639	61.9801	48.4231	50.3541	12.0	-0.06777125	-0.06779176	-0.00002051
9640	73.4324	45.2799	57.9343	15.0	-0.05819169	-0.05818486	0.00000683
9641	74.3007	30.8739	62.8956	13.0	-0.06321456	-0.06313886	0.00007569
9642	50.7165	19.7439	54.0554	12.0	-0.06155009	-0.06157274	-0.00002265
9643	60.8575	52.8124	60.1657	15.0	-0.05515594	-0.05533447	-0.00017853
9644	73.7162	34.2903	42.4050	15.0	-0.05513509	-0.05461671	0.00051838
9645	74.2028	26.3615	55.7367	12.0	-0.06551641	-0.06497864	0.00053777
9646	61.9752	46.6494	49.4437	11.0	-0.07335059	-0.07332736	0.00002323
9647	71.9844	37.1325	43.0326	14.0	-0.05911449	-0.05859686	0.00051763
9648	42.9328	27.0402	56.0843	12.0	-0.05763122	-0.05790139	-0.00027017
9649	68.0246	47.4273	63.1996	14.0	-0.06003961	-0.06023729	-0.00019768
9650	54.7387	47.1649	65.9137	13.0	-0.06238746	-0.06278123	-0.00039377
9651	70.6719	36.7856	51.0327	9.0	-0.08563994	-0.08486848	0.00077146
9652	66.3817	37.6322	65.2465	9.0	-0.08396313	-0.08457281	-0.00060969
9653	49.6129	18.5068	51.3351	14.0	-0.05518375	-0.05512796	0.00005579
9654	52.4928	21.4891	68.5431	15.0	-0.05374762	-0.05413828	-0.00039066
9655	73.8909	27.5453	62.4056	13.0	-0.06211950	-0.06198161	0.00013789
9656	46.9112	48.9723	55.5648	15.0	-0.05498373	-0.05519861	-0.00021488
9657	61.5101	52.7753	53.2424	15.0	-0.05583872	-0.05591932	-0.00008060
9658	66.2938	39.9915	48.1508	9.0	-0.08830150	-0.08772718	0.00057433
9659	69.3810	30.9555	40.0096	14.0	-0.05734218	-0.05670018	0.00064200
9660	64.0572	50.1974	58.6821	13.0	-0.06224343	-0.06241196	-0.00016852
9661	68.2280	34.8729	65.6213	10.0	-0.07825515	-0.07869405	-0.00043890
9662	50.6973	18.3424	61.4107	14.0	-0.05484563	-0.05506448	-0.00021886
9663	65.6683	50.7613	56.4984	14.0	-0.05926413	-0.05936320	-0.00009907
9664	55.9316	47.1591	44.9084	14.0	-0.06063906	-0.06061146	0.00002761
9665	70.7509	33.7096	43.5883	12.0	-0.06520279	-0.06444972	0.00075307
9666	55.6465	22.2568	47.1000	11.0	-0.07039380	-0.06981852	0.00057528
9667	52.8569	26.8007	40.1926	14.0	-0.05755632	-0.05719649	0.00035983
9668	54.9240	49.9718	65.7837	15.0	-0.05539800	-0.05569710	-0.00029910
9669	57.3690	31.6034	68.1392	9.0	-0.08032186	-0.08151708	-0.00119522
9670	52.1423	18.4131	52.2684	13.0	-0.05936504	-0.05926195	0.00010310
9671	69.9314	25.8041	63.0066	11.0	-0.07013537	-0.07008222	0.00005315
9672	53.0527	49.4804	60.7354	13.0	-0.06195041	-0.06224577	-0.00029536
9673	65.5551	46.3084	51.8463	11.0	-0.07359366	-0.07357010	0.00002356
9674	54.4124	17.9963	46.4918	15.0	-0.05519941	-0.05489217	0.00030724
9675	55.9662	42.9114	39.5182	15.0	-0.05586819	-0.05570009	0.00016810
9676	50.2577	20.2117	48.8255	13.0	-0.05816570	-0.05802337	0.00014232
9677	60.2353	33.4216	71.2527	12.0	-0.06679962	-0.06750991	-0.00071028
9678	45.4579	40.4365	62.6834	12.0	-0.06347392	-0.06394301	-0.00046909
9679	73.7801	26.5421	59.0418	12.0	-0.06541506	-0.06506425	0.00035081
9680	63.7351	47.2513	56.6724	10.0	-0.07609955	-0.07628864	-0.00018909
9681	46.6629	35.9630	50.0541	9.0	-0.07404075	-0.07429778	-0.00025703
9682	42.7591	26.1994	51.1861	13.0	-0.05467001	-0.05479371	-0.00012371
9683	65.8414	37.3872	45.3354	9.0	-0.08381288	-0.08294554	0.00086734
9684	58.4038	15.3949	52.6649	15.0	-0.05606462	-0.05581004	0.00025458
9685	48.0397	42.5058	42.6458	15.0	-0.05447047	-0.05446748	0.00000299
9686	67.6493	40.5334	43.2293	13.0	-0.06488359	-0.06442889	0.00045469
9687	54.6899	34.5256	68.7799	10.0	-0.07529604	-0.07629705	-0.00100101
9688	51.8804	50.1916	52.8467	14.0	-0.05924307	-0.05940997	-0.00016691
9689	44.9296	25.8019	52.6708	11.0	-0.06083485	-0.06100759	-0.00017274
9690	68.1497	32.0904	66.8780	11.0	-0.07289391	-0.07329592	-0.00040201
9691	49.2057	41.0791	63.8682	10.0	-0.07292117	-0.07352831	-0.00060715
9692	63.3197	22.0535	46.1087	11.0	-0.06904073	-0.06808891	0.00095182
9693	46.6247	40.0534	60.2753	10.0	-0.07245001	-0.07298015	-0.00053014
9694	57.4091	48.8211	66.3165	14.0	-0.05857846	-0.05890851	-0.00033006
9695	57.2653	16.5697	63.2139	15.0	-0.05452040	-0.05465481	-0.00013440
9696	59.5205	17.4944	48.5311	14.0	-0.05935961	-0.05889119	0.00046841
9697	53.3165	37.6938	44.3753	9.0	-0.07748169	-0.07728374	0.00019795
9698	63.4354	22.7201	48.9985	9.0	-0.08038541	-0.07911633	0.00126908
9699	49.6184	20.9743	50.6696	12.0	-0.06077346	-0.06071085	0.00006261
9700	55.0338	17.3091	64.3448	15.0	-0.05373099	-0.05393858	-0.00020759
9701	64.6065	33.6788	43.4145	9.0	-0.08072808	-0.07960953	0.00111855
9702	55.2912	45.1410	65.2590	11.0	-0.07116531	-0.07166424	-0.00049893
9703	51.3158	26.5718	71.0382	15.0	-0.05492344	-0.05543360	-0.00051016
9704	68.0325	48.9613	59.5939	14.0	-0.05982195	-0.05994990	-0.00012795
9705	42.8611	34.6776	59.5493	12.0	-0.06169191	-0.06211451	-0.00042260
9706	68.9713	43.7520	60.0414	11.0	-0.07329451	-0.07346623	-0.00017173
9707	55.7891	44.4652	48.2824	10.0	-0.07892035	-0.07897644	-0.00005609
9708	52.0220	49.6840	51.1750	14.0	-0.05960994	-0.05975184	-0.00014190
9709	45.6567	29.8785	41.4505	15.0	-0.05168865	-0.05159932	0.00008933
9710	61.3550	20.3738	53.5027	10.0	-0.07713127	-0.07646722	0.00066405
9711	68.4586	39.9467	70.5607	15.0	-0.05716235	-0.05747051	-0.00030816
9712	45.8841	48.1990	57.5895	15.0	-0.05447890	-0.05472224	-0.00024334
9713	43.5996	42.9500	60.8985	14.0	-0.05661000	-0.05694961	-0.00033961
9714	71.8077	21.4037	63.6893	15.0	-0.05498010	-0.05489263	0.00008747
9715	65.6286	44.4692	47.5841	12.0	-0.07162070	-0.07140462	0.00021608
9716	69.4998	28.4662	47.5188	9.0	-0.07898134	-0.07763311	0.00134823
9717	45.1753	40.3419	56.3235	11.0	-0.06846875	-0.06886134	-0.00039259
9718	44.1542	23.4352	57.6084	13.0	-0.05517633	-0.05542268	-0.00024635
9719	67.3312	22.0399	41.6046	15.0	-0.05392673	-0.05331636	0.00061037
9720	55.5200	43.2886	41.0177	14.0	-0.05890040	-0.05875565	0.00014476
9721	47.0058	30.5085	46.9917	10.0	-0.06663468	-0.06665396	-0.00001928
9722	43.1237	29.4999	62.3409	13.0	-0.05712982	-0.05755055	-0.00042073
9723	73.4551	35.4157	67.1978	15.0	-0.05784041	-0.05797469	-0.00013429
9724	54.1967	25.2379	39.5933	15.0	-0.05548744	-0.05509763	0.00038981
9725	70.3227	24.2431	60.8539	11.0	-0.06937452	-0.06913277	0.00024175
9726	43.6821	22.2604	49.1587	15.0	-0.05021465	-0.05023890	-0.00002425
9727	44.8538	21.6365	51.1000	14.0	-0.05273546	-0.05278531	-0.00004985
9728	72.8747	34.7280	56.3337	10.0	-0.07934848	-0.07890058	0.00044790
9729	58.5310	50.9904	59.7213	13.0	-0.06151585	-0.06174635	-0.00023050
9730	46.6688	36.6237	43.6777	13.0	-0.05899122	-0.05898245	0.00000877
9731	54.7599	43.1166	65.7019	10.0	-0.07589287	-0.07651091	-0.00061804
9732	60.6423	26.8614	66.8430	10.0	-0.07726065	-0.07809734	-0.00083668
9733	51.7711	33.8443	66.1153	9.0	-0.08120623	-0.08235041	-0.00114418
9734	66.4997	30.0754	69.8595	13.0	-0.06393432	-0.06435411	-0.00041979
9735	60.8444	35.5550	41.0788	11.0	-0.07149247	-0.07083114	0.00066133
9736	57.1040	45.3655	47.5414	11.0	-0.07412817	-0.07413064	-0.00000247
9737	56.8828	24.9200	41.6292	13.0	-0.06286006	-0.06226207	0.00059798
9738	48.8099	23.0992	64.6593	13.0	-0.05817308	-0.05861829	-0.00044521
9739	72.0661	37.2401	48.9269	11.0	-0.07282659	-0.07219429	0.00063230
9740	52.1477	36.0308	73.0244	15.0	-0.05573334	-0.05626243	-0.00052909
9741	54.6129	46.4602	56.7586	9.0	-0.08173776	-0.08207914	-0.00034138
9742	42.6831	33.3859	44.1269	15.0	-0.05135499	-0.05137765	-0.00002266
9743	42.4659	27.2765	48.0431	14.0	-0.05255716	-0.05261621	-0.00005904
9744	43.6989	22.2145	53.4628	14.0	-0.05229980	-0.05241917	-0.00011937
9745	73.5757	32.1199	47.1949	12.0	-0.06549243	-0.06474665	0.00074578
9746	45.8777	38.4954	52.9524	10.0	-0.07274207	-0.07309656	-0.00035449
9747	60.5707	26.7804	70.4350	13.0	-0.06295610	-0.06352369	-0.00056759
9748	68.8787	36.1398	40.2865	14.0	-0.05873283	-0.05818638	0.00054646
9749	66.3324	46.1266	66.4599	14.0	-0.06007451	-0.06035743	-0.00028292
9750	72.4358	42.2568	52.8399	13.0	-0.06728920	-0.06707511	0.00021409
9751	72.5176	20.5552	56.7251	14.0	-0.05760335	-0.05722095	0.00038241
9752	56.6564	46.7941	51.2402	10.0	-0.07711972	-0.07726691	-0.00014719
9753	53.6956	27.9621	41.7698	12.0	-0.06490835	-0.06445105	0.00045730
9754	58.4776	20.4663	67.1999	14.0	-0.05828748	-0.05862224	-0.00033476
9755	69.3561	43.7992	55.7997	11.0	-0.07512018	-0.07511555	0.00000462
9756	60.8170	43.0089	48.2380	9.0	-0.08807918	-0.08793897	0.00014021
9757	55.5266	42.4209	68.7498	12.0	-0.06693774	-0.06751323	-0.00057549
9758	62.3014	21.7258	59.0424	9.0	-0.08123034	-0.08107709	0.00015325
9759	63.4570	22.2691	59.9111	9.0	-0.08107216	-0.08095925	0.00011292
9760	44.5254	40.5246	53.9664	12.0	-0.06498145	-0.06529201	-0.00031056
9761	54.3815	36.9239	37.4285	15.0	-0.05479943	-0.05454501	0.00025442
9762	60.6262	18.5056	60.0504	12.0	-0.06507093	-0.06505172	0.00001921
9763	69.6390	17.8799	60.0304	15.0	-0.05470392	-0.05450422	0.00019970
9764	68.2548	18.0370	47.8892	15.0	-0.05468897	-0.05414396	0.00054501
9765	48.0077	43.7585	67.0225	14.0	-0.05708482	-0.05749865	-0.00041383
9766	52.0195	21.1754	55.1814	10.0	-0.06926737	-0.06935048	-0.00008311
9767	56.4331	36.3793	38.1260	14.0	-0.05848004	-0.05814110	0.00033894
9768	70.0531	25.4043	57.1599	9.0	-0.07995180	-0.07925989	0.00069191
9769	59.8075	33.0982	42.9449	9.0	-0.08282579	-0.08183851	0.00098728
9770	63.8887	44.6889	46.5463	12.0	-0.07091943	-0.07071846	0.00020097
9771	69.6786	44.8571	51.0927	13.0	-0.06728270	-0.06712787	0.00015483
9772	48.3314	29.5445	69.0464	14.0	-0.05801861	-0.05859338	-0.00057478
9773	47.2539	22.9835	49.6939	12.0	-0.05924296	-0.05923561	0.00000735
9774	47.9524	27.9204	48.8480	9.0	-0.07028676	-0.07032049	-0.00003373
9775	62.3353	30.8771	67.1721	9.0	-0.08389050	-0.08490989	-0.00101939
9776	52.0098	23.7703	69.9836	15.0	-0.05422486	-0.05467852	-0.00045367
9777	60.8473	49.0775	55.0632	11.0	-0.07050020	-0.07066431	-0.00016411
9778	68.0888	26.7720	39.1570	15.0	-0.05398752	-0.05338234	0.00060518
9779	56.8232	23.7698	48.4807	9.0	-0.08311447	-0.08224125	0.00087322
9780	41.7352	37.2484	49.3052	14.0	-0.05498572	-0.05514194	-0.00015622
9781	68.9352	41.0369	65.6356	12.0	-0.06786843	-0.06817840	-0.00030996
9782	45.4914	26.3799	55.6673	10.0	-0.06448175	-0.06478949	-0.00030774
9783	59.5652	34.3975	36.9196	15.0	-0.05635406	-0.05592693	0.00042712
9784	63.2299	18.3407	57.0093	12.0	-0.06601703	-0.06571211	0.00030492
9785	64.6673	45.1556	61.9614	10.0	-0.07676217	-0.07711926	-0.00035708
9786	51.5541	20.9271	51.8139	11.0	-0.06578458	-0.06569180	0.00009278
9787	49.4146	31.8840	71.6767	15.0	-0.05513086	-0.05566405	-0.00053320
9788	46.0165	46.2838	60.8584	14.0	-0.05695985	-0.05727420	-0.00031435
9789	69.2180	37.5267	46.6939	10.0	-0.07756334	-0.07680574	0.00075760
9790	52.3976	15.7591	54.2419	15.0	-0.05323440	-0.05318363	0.00005077
9791	43.1021	32.1962	52.4763	11.0	-0.06208585	-0.06233503	-0.00024918
9792	66.6813	28.9896	42.3715	11.0	-0.06823456	-0.06725172	0.00098285
9793	43.6105	32.1529	61.7089	12.0	-0.06129102	-0.06176694	-0.00047592
9794	77.3845	26.6844	57.6324	15.0	-0.05530521	-0.05499812	0.00030709
9795	61.7071	45.7952	67.6165	13.0	-0.06298253	-0.06337340	-0.00039088
9796	57.1164	48.2681	63.5639	12.0	-0.06570194	-0.06605657	-0.00035463
9797	66.1283	20.3417	63.5014	13.0	-0.06188066	-0.06189170	-0.00001104
9798	56.1224	20.5737	46.0115	13.0	-0.06286892	-0.06237260	0.00049632
9799	74.3747	32.2689	42.9535	15.0	-0.05476899	-0.05422530	0.00054369
9800	56.7777	49.1702	56.5384	11.0	-0.07005245	-0.07029217	-0.00023972
9801	57.0086	37.8488	39.4224	13.0	-0.06209167	-0.06174857	0.00034310
9802	54.1936	46.5300	67.9519	14.0	-0.05879763	-0.05919324	-0.00039560
9803	67.7236	41.3880	41.1639	15.0	-0.05785954	-0.05749049	0.00036904
9804	62.6421	28.5427	38.2891	14.0	-0.05788438	-0.05726502	0.00061937
9805	52.5054	22.9864	64.1174	11.0	-0.06591369	-0.06647184	-0.00055814
9806	72.4157	26.0596	65.3644	14.0	-0.05884623	-0.05884862	-0.00000239
9807	70.7566	40.1569	50.5506	11.0	-0.07605233	-0.07562280	0.00042953
9808	42.4781	32.5725	63.6572	14.0	-0.05573821	-0.05615929	-0.00042108
9809	40.1653	38.4879	53.5776	15.0	-0.05300437	-0.05322487	-0.00022050
9810	67.9993	26.5433	67.6545	13.0	-0.06361553	-0.06386146	-0.00024593
9811	53.6028	51.3857	55.3642	14.0	-0.05860227	-0.05878740	-0.00018512
9812	66.5907	19.2889	53.1861	12.0	-0.06570325	-0.06508446	0.00061879
9813	70.8200	19.1852	53.9557	14.0	-0.05784789	-0.05737312	0.00047477
9814	67.4406	44.3065	58.3368	10.0	-0.07882752	-0.07900487	-0.00017735
9815	54.7187	17.2116	54.9952	13.0	-0.05981031	-0.05972460	0.00008572
9816	70.8401	34.8136	59.9847	9.0	-0.08626669	-0.08617487	0.00009182
9817	73.5739	33.9557	45.4424	13.0	-0.06184178	-0.06120628	0.00063549
9818	66.9316	16.7102	50.7497	15.0	-0.05546266	-0.05498864	0.00047403
9819	49.6003	26.6858	41.2984	14.0	-0.05547960	-0.05525286	0.00022674
9820	45.0167	31.0366	56.5743	9.0	-0.06996985	-0.07041265	-0.00044280
9821	49.3185	46.9877	58.4700	12.0	-0.06497819	-0.06530113	-0.00032294
9822	44.7277	40.1644	61.1867	12.0	-0.06349292	-0.06393656	-0.00044365
9823	71.8626	45.5816	57.8802	14.0	-0.06148765	-0.06150888	-0.00002123
9824	43.6316	41.8199	57.8428	13.0	-0.06018583	-0.06052203	-0.00033620
9825	50.0721	28.6194	65.0130	10.0	-0.07193656	-0.07280578	-0.00086922
9826	49.1971	37.3493	45.9575	10.0	-0.07177657	-0.07180615	-0.00002958
9827	45.6903	47.7262	59.7491	15.0	-0.05418462	-0.05445394	-0.00026932
9828	66.9569	23.0280	58.4858	9.0	-0.07984299	-0.07937692	0.00046607
9829	49.6361	50.6113	55.2548	15.0	-0.05568256	-0.05587837	-0.00019581
9830	52.8704	20.8088	43.0480	15.0	-0.05434797	-0.05403394	0.00031404
9831	63.2904	47.1606	58.9733	10.0	-0.07568585	-0.07594938	-0.00026353
9832	66.2676	42.6835	61.3394	9.0	-0.08454273	-0.08493031	-0.00038758
9833	48.5649	22.3177	52.0397	11.0	-0.06298611	-0.06302647	-0.00004036
9834	43.9210	31.8914	66.8866	15.0	-0.05439063	-0.05484344	-0.00045281
9835	68.3129	34.9963	43.2277	11.0	-0.07010323	-0.06929041	0.00081282
9836	50.9763	24.8591	64.9310	11.0	-0.06593720	-0.06658369	-0.00064649
9837	57.0187	51.9514	50.2045	15.0	-0.05620445	-0.05627866	-0.00007420
9838	46.5832	32.0498	41.7460	14.0	-0.05484331	-0.05475282	0.00009048
9839	69.8516	37.5619	66.3159	12.0	-0.06836031	-0.06866235	-0.00030204
9840	58.0571	33.4236	42.0161	10.0	-0.07650438	-0.07577725	0.00072714
9841	74.6118	33.7560	64.1008	14.0	-0.06091757	-0.06092804	-0.00001048
9842	43.8145	20.5842	56.2973	15.0	-0.05022664	-0.05037697	-0.00015033
9843	56.6699	33.2834	73.3018	14.0	-0.05862810	-0.05921538	-0.00058728
9844	43.3198	29.9885	57.6635	11.0	-0.06188636	-0.06226279	-0.00037643
9845	51.2845	44.5940	45.2820	13.0	-0.06215536	-0.06218316	-0.00002780
9846	53.3031	20.5595	60.9682	11.0	-0.06535352	-0.06567792	-0.00032440
9847	71.1161	37.0606	68.0821	14.0	-0.06062689	-0.06086634	-0.00023945
9848	58.9965	16.9388	50.8968	14.0	-0.05998116	-0.05959721	0.00038395
9849	74.6337	42.6184	52.9529	15.0	-0.05978220	-0.05959297	0.00018923
9850	68.7070	42.1866	53.1078	10.0	-0.08259288	-0.08241676	0.00017612
9851	50.9033	21.8698	49.7627	11.0	-0.06504031	-0.06489444	0.00014586
9852	49.2187	21.7763	63.5158	13.0	-0.05788096	-0.05826899	-0.00038803
9853	60.8999	28.7789	67.9604	10.0	-0.07668067	-0.07757590	-0.00089524
9854	72.3895	28.0325	66.3036	14.0	-0.05948651	-0.05954863	-0.00006212
9855	66.9060	23.5149	41.5961	14.0	-0.05685548	-0.05616801	0.00068747
9856	64.7727	30.6040	43.4569	9.0	-0.07916679	-0.07789036	0.00127644
9857	55.3519	18.5849	49.8500	13.0	-0.06203742	-0.06171159	0.00032583
9858	43.5243	21.1461	57.8586	15.0	-0.05027203	-0.05045952	-0.00018749
9859	67.8159	23.3759	49.2193	10.0	-0.07396693	-0.07283466	0.00113227
9860	54.5574	31.1957	69.5527	11.0	-0.06938409	-0.07027161	-0.00088751
9861	59.5420	44.9539	45.4713	12.0	-0.06986117	-0.06973667	0.00012450
9862	58.9269	20.8635	62.9829	11.0	-0.06886996	-0.06917463	-0.00030467
9863	48.9722	19.2624	49.7709	14.0	-0.05475986	-0.05468280	0.00007706
9864	69.4124	43.5810	67.9164	15.0	-0.05707661	-0.05732001	-0.00024340
9865	60.6083	17.4207	45.8478	15.0	-0.05546556	-0.05498517	0.00048039
9866	47.7262	39.5271	49.7260	10.0	-0.07388306	-0.07412170	-0.00023864
9867	47.3528	42.3813	57.0001	10.0	-0.07333296	-0.07375435	-0.00042139
9868	68.7201	24.1957	53.0556	9.0	-0.08105437	-0.07991660	0.00113777
9869	70.6399	37.4322	53.6609	9.0	-0.08897669	-0.08842364	0.00055305
9870	69.3508	40.4665	55.4429	9.0	-0.08796125	-0.08782680	0.00013445
9871	56.3614	30.5520	73.9740	15.0	-0.05531129	-0.05583359	-0.00052230
9872	63.9672	47.0831	68.4506	15.0	-0.05641594	-0.05671457	-0.00029862
9873	54.5892	21.1524	67.4810	14.0	-0.05704952	-0.05745317	-0.00040365
9874	40.7618	36.3726	51.8407	14.0	-0.05464878	-0.05485062	-0.00020183
9875	52.1195	47.2177	54.6119	11.0	-0.07146812	-0.07173481	-0.00026669
9876	65.6145	39.2907	39.0199	15.0	-0.05709003	-0.05667990	0.00041013
9877	66.8117	29.6942	68.4190	12.0	-0.06802188	-0.06844693	-0.00042504
9878	50.6930	21.4262	67.6466	15.0	-0.05317265	-0.05355050	-0.00037785
9879	65.7802	31.5082	38.4359	14.0	-0.05781987	-0.05720495	0.00061491
9880	65.2911	39.5935	71.0844	14.0	-0.06041100	-0.06082992	-0.00041892
9881	56.3829	30.4372	37.4314	15.0	-0.05610586	-0.05568836	0.00041750
9882	56.9927	20.1044	63.3757	12.0	-0.06428770	-0.06460007	-0.00031237
9883	56.6640	26.4674	65.4903	9.0	-0.08023473	-0.08130287	-0.00106814
9884	45.4762	36.4117	62.2307	11.0	-0.06802369	-0.06859974	-0.00057605
9885	50.3583	38.0060	69.8211	13.0	-0.06153708	-0.06213557	-0.00059849
9886	69.3036	27.3696	61.4963	9.0	-0.08097285	-0.08083187	0.00014098
9887	69.5115	19.9118	59.0174	13.0	-0.06101194	-0.06071949	0.00029246
9888	70.0925	26.4401	44.5491	12.0	-0.06384563	-0.06296226	0.00088337
9889	66.6360	19.9875	50.2031	12.0	-0.06549972	-0.06474020	0.00075953
9890	43.8090	31.3369	59.7890	11.0	-0.06346311	-0.06392400	-0.00046089
9891	43.7487	41.7549	54.8788	13.0	-0.06083260	-0.06112373	-0.00029113
9892	51.1859	41.0668	64.1827	9.0	-0.07920931	-0.07990740	-0.00069809
9893	50.2394	37.6590	38.9285	15.0	-0.05386174	-0.05372062	0.00014112
9894	67.8593	25.3778	69.5939	15.0	-0.05700746	-0.05723459	-0.00022713
9895	49.9310	50.8520	56.7230	15.0	-0.05552570	-0.05573634	-0.00021065
9896	42.5248	32.1775	46.0522	14.0	-0.05339659	-0.05345252	-0.00005592
9897	55.2061	31.3516	38.3676	14.0	-0.05849503	-0.05809298	0.00040205
9898	59.4308	47.3549	49.8186	11.0	-0.07246364	-0.07250996	-0.00004632
9899	59.2529	42.3110	39.2386	15.0	-0.05699263	-0.05674958	0.00024305
9900	57.3746	45.0791	62.9283	9.0	-0.08160989	-0.08212373	-0.00051384
9901	58.0895	26.8336	72.8970	15.0	-0.05560378	-0.05608772	-0.00048394
9902	52.2175	40.0848	43.6716	11.0	-0.06827861	-0.06818487	0.00009374
9903	45.8993	30.7889	50.7122	9.0	-0.06987344	-0.07008626	-0.00021282
9904	54.7061	21.4582	61.2861	10.0	-0.07040171	-0.07080404	-0.00040233
9905	60.4698	48.3697	61.1098	11.0	-0.06993822	-0.07024490	-0.00030668
9906	52.2066	41.8282	42.2360	13.0	-0.06102703	-0.06093939	0.00008763
9907	76.7803	35.4660	47.9355	15.0	-0.05635226	-0.05591353	0.00043873
9908	46.0462	28.4380	47.4220	11.0	-0.06214870	-0.06216920	-0.00002049
9909	61.2014	32.9278	39.8628	12.0	-0.06662232	-0.06593332	0.00068900
9910	66.8867	50.3656	51.5344	15.0	-0.05724196	-0.05723184	0.00001012
9911	63.7732	47.2666	63.5779	12.0	-0.06646946	-0.06677879	-0.00030933
9912	40.0253	30.8354	49.0804	15.0	-0.05029240	-0.05040353	-0.00011112
9913	69.8178	35.9686	61.6233	9.0	-0.08608266	-0.08624866	-0.00016600
9914	72.1908	44.6502	60.4624	14.0	-0.06089950	-0.06097044	-0.00007093
9915	68.7259	42.1659	63.1616	11.0	-0.07254172	-0.07282230	-0.00028058
9916	58.3462	33.6705	69.3940	10.0	-0.07564734	-0.07662983	-0.00098249
9917	60.3783	29.7202	43.1748	9.0	-0.08108115	-0.07990203	0.00117912
9918	77.2976	31.3078	55.3712	14.0	-0.05959857	-0.05922072	0.00037785
9919	69.4306	22.4776	51.9111	11.0	-0.07019084	-0.06931890	0.00087193
9920	61.0189	34.6736	70.0588	11.0	-0.07197955	-0.07276916	-0.00078962
9921	55.3859	15.0686	56.7539	15.0	-0.05396114	-0.05391643	0.00004472
9922	74.9897	37.8611	61.6195	14.0	-0.06176955	-0.06174626	0.00002329
9923	69.4749	48.0994	55.4411	14.0	-0.06093582	-0.06095661	-0.00002080
9924	56.8009	35.7361	43.0735	9.0	-0.08002814	-0.07947026	0.00055788
9925	47.8792	18.8278	54.1765	14.0	-0.05412460	-0.05418337	-0.00005877
9926	41.3937	24.2547	58.7169	15.0	-0.04997244	-0.05020390	-0.00023146
9927	61.7293	48.5435	53.2498	11.0	-0.07118970	-0.07129740	-0.00010770
9928	51.3582	50.4602	62.4271	15.0	-0.05522247	-0.05549401	-0.00027154
9929	41.9196	34.1326	49.8633	13.0	-0.05660758	-0.05677236	-0.00016478
9930	54.6795	18.7704	60.0775	12.0	-0.06244224	-0.06261417	-0.00017193
9931	71.3331	23.0963	50.9695	12.0	-0.06541410	-0.06463097	0.00078313
9932	59.1255	40.9141	67.3799	10.0	-0.07853182	-0.07927201	-0.00074019
9933	63.3879	20.5753	58.0520	10.0	-0.07527542	-0.07496572	0.00030970
9934	58.8351	39.8906	38.0600	15.0	-0.05654938	-0.05625480	0.00029458
9935	72.4409	43.4668	64.6738	15.0	-0.05715550	-0.05729349	-0.00013799
9936	71.2567	45.9901	59.3394	14.0	-0.06115283	-0.06122219	-0.00006936
9937	49.6385	49.3002	59.8467	14.0	-0.05796581	-0.05824070	-0.00027489
9938	43.5671	45.2565	54.1434	15.0	-0.05467446	-0.05489505	-0.00022059
9939	61.0554	31.7109	67.8324	9.0	-0.08255654	-0.08364633	-0.00108979
9940	48.5380	43.1447	62.8887	11.0	-0.06810214	-0.06858670	-0.00048456
9941	48.4877	47.7007	56.2577	13.0	-0.06147909	-0.06174296	-0.00026387
9942	52.3237	49.0756	63.7551	14.0	-0.05836743	-0.05868600	-0.00031857
9943	50.7936	23.2367	63.1287	11.0	-0.06511552	-0.06564408	-0.00052857
9944	41.8773	38.7968	59.8846	14.0	-0.05681377	-0.05716523	-0.00035146
9945	71.4095	20.0149	58.9494	14.0	-0.05758084	-0.05729569	0.00028515
9946	58.8633	34.4638	71.3614	12.0	-0.06660013	-0.06732637	-0.00072623
9947	73.5347	21.5642	55.5616	14.0	-0.05771673	-0.05728473	0.00043200
9948	68.1305	28.8393	45.8346	9.0	-0.07850887	-0.07714532	0.00136355
9949	43.8273	36.4888	60.6572	12.0	-0.06388240	-0.06435226	-0.00046986
9950	67.3721	29.8419	39.1504	14.0	-0.05730268	-0.05665398	0.00064870
9951	62.1075	22.4540	69.8085	15.0	-0.05651490	-0.05684056	-0.00032567
9952	59.6658	19.0338	67.1760	15.0	-0.05519368	-0.05543598	-0.00024230
9953	60.0134	49.2387	51.3546	12.0	-0.06698120	-0.06705958	-0.00007839
9954	59.3597	31.1676	72.1324	13.0	-0.06234552	-0.06298054	-0.00063501
9955	45.9675	41.8923	46.2406	14.0	-0.05772246	-0.05781292	-0.00009046
9956	42.0782	30.5686	60.6700	13.0	-0.05663179	-0.05701057	-0.00037878
9957	45.2161	37.0086	63.8135	12.0	-0.06380711	-0.06434493	-0.00053782
9958	68.2093	21.5662	51.9781	11.0	-0.07025241	-0.06940096	0.00085145
9959	57.3047	34.7108	70.3132	11.0	-0.07071614	-0.07156552	-0.00084939
9960	78.1426	33.5329	54.1421	15.0	-0.05715234	-0.05680839	0.00034395
9961	68.8628	29.9290	68.3945	13.0	-0.06410709	-0.06440206	-0.00029497
9962	58.3881	51.0706	53.8431	13.0	-0.06214671	-0.06228340	-0.00013669
9963	57.5888	42.1659	70.1488	13.0	-0.06378153	-0.06431841	-0.00053688
9964	44.8294	23.1933	48.2785	14.0	-0.05296835	-0.05296891	-0.00000056
9965	57.9343	43.3774	64.7544	9.0	-0.08271444	-0.08334826	-0.00063383
9966	46.2492	42.0613	59.4509	11.0	-0.06787721	-0.06831047	-0.00043326
9967	58.9142	32.5324	40.0071	12.0	-0.06717531	-0.06653971	0.00063560
9968	42.1978	25.5663	59.8034	14.0	-0.05271796	-0.05300690	-0.00028893
9969	50.3061	42.7945	66.5929	12.0	-0.06455086	-0.06506635	-0.00051549
9970	46.9407	25.6058	64.8074	13.0	-0.05854379	-0.05903256	-0.00048877
9971	66.6457	38.8880	69.5829	13.0	-0.06392487	-0.06434596	-0.00042108
9972	52.0701	46.4630	61.6259	11.0	-0.06978619	-0.07019043	-0.00040424
9973	67.5334	30.2786	64.2972	9.0	-0.08439471	-0.08477490	-0.00038019
9974	74.4720	41.2405	54.3834	14.0	-0.06314494	-0.06294892	0.00019602
9975	68.4464	39.0067	64.2579	10.0	-0.07776664	-0.07814614	-0.00037951
9976	62.6958	28.7039	68.4807	11.0	-0.07268400	-0.07338746	-0.00070346
9977	65.9844	47.6269	60.4333	12.0	-0.06692093	-0.06713130	-0.00021037
9978	62.7979	16.4597	58.4172	14.0	-0.05871023	-0.05854437	0.00016586
9979	48.4847	40.4784	61.4139	9.0	-0.07807050	-0.07868709	-0.00061658
9980	49.8384	46.2023	62.1614	12.0	-0.06459874	-0.06498654	-0.00038780
9981	54.5905	27.8331	39.5887	14.0	-0.05898618	-0.05855458	0.00043160
9982	45.8578	38.8193	58.8156	10.0	-0.07267946	-0.07319268	-0.00051322
9983	40.3370	25.4225	54.5254	15.0	-0.04949969	-0.04966666	-0.00016697
9984	56.0925	38.7935	38.6945	14.0	-0.05838273	-0.05810931	0.00027342
9985	57.1736	32.4982	39.0641	13.0	-0.06266240	-0.06216374	0.00049866
9986	65.4855	28.1410	43.2827	10.0	-0.07298548	-0.07183061	0.00115487
9987	47.2818	38.9285	62.6540	10.0	-0.07249373	-0.07311200	-0.00061827
9988	66.5719	43.0818	53.0351	9.0	-0.08779390	-0.08772158	0.00007232
9989	46.2734	25.8673	47.2374	12.0	-0.05890274	-0.05887763	0.00002511
9990	71.5081	20.4474	47.2215	15.0	-0.05436329	-0.05378664	0.00057665
9991	67.0381	45.3039	49.8878	12.0	-0.07081443	-0.07067222	0.00014221
9992	76.0002	27.4316	50.2050	14.0	-0.05840046	-0.05782400	0.00057647
9993	66.5090	26.1099	42.3022	12.0	-0.06383669	-0.06295401	0.00088268
9994	51.9485	22.2443	66.1416	13.0	-0.05903767	-0.05950098	-0.00046331
9995	69.2450	37.2054	48.3239	9.0	-0.08417398	-0.08332771	0.00084627
9996	73.1939	39.0542	54.6792	12.0	-0.07198250	-0.07169403	0.00028847
9997	65.4880	20.4310	51.1583	11.0	-0.07042344	-0.06958672	0.00083672
9998	53.5295	38.7731	40.2053	13.0	-0.06067677	-0.06046785	0.00020892
9999	67.1774	25.4082	62.0373	9.0	-0.08078653	-0.08076881	0.00001772
10000	57.5698	16.2162	50.0413	15.0	-0.05651646	-0.05619703	0.00031942
10001	50.6247	43.5550	64.6703	11.0	-0.06878490	-0.06930072	-0.00051581
10002	40.8142	33.3074	60.3425	14.0	-0.05456114	-0.05490555	-0.00034441
10003	76.5808	33.5897	59.8691	14.0	-0.06034880	-0.06017206	0.00017674
10004	61.1346	44.8170	69.6727	14.0	-0.05989804	-0.06030033	-0.00040229
10005	64.6267	15.5773	57.7330	15.0	-0.05534495	-0.05513595	0.00020900
10006	74.5426	37.0734	46.4868	14.0	-0.05965702	-0.05917498	0.00048204
10007	51.3943	48.1232	66.6311	15.0	-0.05496024	-0.05529431	-0.00033407
10008	45.3259	37.0440	57.8572	10.0	-0.07271600	-0.07322232	-0.00050632
10009	54.5202	49.7798	49.2019	14.0	-0.05988737	-0.05997349	-0.00008612
10010	71.7281	35.1229	55.2585	9.0	-0.08662485	-0.08603615	0.00058870
10011	48.3890	41.8291	58.8690	9.0	-0.07848809	-0.07900359	-0.00051550
10012	45.7493	41.6355	57.5081	11.0	-0.06817618	-0.06857813	-0.00040195
10013	43.1115	38.3020	61.0496	13.0	-0.05999313	-0.06040584	-0.00041271
10014	60.3878	37.6053	42.5640	10.0	-0.07667363	-0.07607933	0.00059430
10015	45.9080	34.2615	67.9090	14.0	-0.05774329	-0.05827186	-0.00052857
10016	51.7441	31.3280	41.4496	12.0	-0.06381440	-0.06350973	0.00030467
10017	69.2708	21.2887	45.3494	14.0	-0.05704787	-0.05637425	0.00067363
10018	56.8310	17.6439	46.9072	15.0	-0.05662477	-0.05623922	0.00038556
10019	47.2584	23.4715	63.1867	13.0	-0.05787427	-0.05828773	-0.00041346
10020	61.1335	42.5823	43.2631	12.0	-0.06878363	-0.06849687	0.00028676
10021	67.2310	23.3256	63.1082	11.0	-0.07002512	-0.07003601	-0.00001089
10022	60.8497	49.9607	62.4037	13.0	-0.06172613	-0.06198872	-0.00026259
10023	59.2643	30.4344	38.0929	14.0	-0.05919259	-0.05864923	0.00054336
10024	52.2248	46.8680	53.0704	11.0	-0.07192095	-0.07215841	-0.00023745
10025	67.7538	36.6721	42.2488	12.0	-0.06656851	-0.06590977	0.00065874
10026	69.5907	46.7086	64.3385	15.0	-0.05732715	-0.05750699	-0.00017985
10027	45.2659	40.4510	50.7892	12.0	-0.06479683	-0.06502981	-0.00023298
10028	62.2578	45.7013	42.2440	15.0	-0.05823768	-0.05805117	0.00018651
10029	71.9206	41.7198	54.2394	12.0	-0.07130161	-0.07111607	0.00018554
10030	71.2021	32.8683	63.7770	11.0	-0.07348576	-0.07359630	-0.00011054
10031	61.1502	45.2598	46.2288	12.0	-0.07069320	-0.07056028	0.00013292
10032	57.1456	24.1706	46.2544	10.0	-0.07722571	-0.07635790	0.00086780
10033	66.3679	19.0154	54.6499	12.0	-0.06547433	-0.06494584	0.00052849
10034	46.7870	33.3989	44.1586	12.0	-0.06089020	-0.06085643	0.00003377
10035	63.2617	35.9768	72.5071	14.0	-0.06031019	-0.06080768	-0.00049750
10036	66.8355	20.8785	45.8237	13.0	-0.06056398	-0.05981623	0.00074776
10037	64.1759	26.3208	41.4217	12.0	-0.06421749	-0.06336103	0.00085646
10038	69.6823	39.0005	43.5041	13.0	-0.06371340	-0.06319867	0.00051473
10039	41.0957	34.8285	54.2633	13.0	-0.05691236	-0.05717348	-0.00026112
10040	58.9514	34.0139	40.9357	11.0	-0.07144198	-0.07078382	0.00065815
10041	59.9647	22.6420	66.4938	12.0	-0.06597013	-0.06642067	-0.00045053
10042	66.4355	24.2262	64.4836	11.0	-0.07075663	-0.07092046	-0.00016383
10043	66.1911	45.0199	44.9054	14.0	-0.06244338	-0.06220962	0.00023376
10044	44.9013	34.4820	50.6517	10.0	-0.06771944	-0.06796014	-0.00024071
10045	55.9265	18.2909	58.8448	12.0	-0.06329203	-0.06336237	-0.00007034
10046	51.5382	31.5086	38.2250	15.0	-0.05436082	-0.05410428	0.00025654
10047	63.9449	21.4761	43.7605	13.0	-0.06067539	-0.05993630	0.00073909
10048	54.8572	23.8407	48.4204	9.0	-0.07900455	-0.07841350	0.00059105
10049	73.9460	23.1080	47.1864	15.0	-0.05437870	-0.05380084	0.00057786
10050	62.1089	15.1643	56.5567	15.0	-0.05574599	-0.05554146	0.00020453
10051	66.0368	51.6462	57.7205	15.0	-0.05601856	-0.05612456	-0.00010600
10052	70.5358	26.8365	51.9562	9.0	-0.08140557	-0.08018193	0.00122364
10053	53.9083	48.2155	49.0393	13.0	-0.06386900	-0.06396584	-0.00009684
10054	52.6071	46.4646	58.4526	10.0	-0.07567325	-0.07604447	-0.00037123
10055	57.4141	49.4852	46.0518	15.0	-0.05756696	-0.05756126	0.00000570
10056	50.6956	24.8134	68.7695	14.0	-0.05670012	-0.05721002	-0.00050990
10057	72.9384	36.3981	61.9323	12.0	-0.06987644	-0.06989151	-0.00001507
10058	69.6598	39.5790	59.4313	9.0	-0.08509819	-0.08520951	-0.00011132
10059	64.6078	41.2963	64.3144	9.0	-0.08458329	-0.08517345	-0.00059015
10060	48.4579	35.5135	47.2519	9.0	-0.07463729	-0.07472875	-0.00009146
10061	74.4319	40.6821	51.9633	14.0	-0.06294808	-0.06266475	0.00028334
10062	48.0287	38.3630	63.9897	10.0	-0.07277648	-0.07345334	-0.00067686
10063	56.7118	42.7627	67.4538	11.0	-0.07212234	-0.07273173	-0.00060939
10064	49.4067	21.4509	65.1510	14.0	-0.05525691	-0.05563291	-0.00037600
10065	48.3236	43.7757	68.7366	15.0	-0.05430046	-0.05469662	-0.00039616
10066	60.8622	46.8642	54.1928	9.0	-0.08190367	-0.08208320	-0.00017954
10067	42.6081	39.9558	64.3212	15.0	-0.05367297	-0.05404206	-0.00036909
10068	43.4100	43.5948	56.3237	14.0	-0.05718219	-0.05745916	-0.00027697
10069	46.5248	45.4410	63.5222	14.0	-0.05685303	-0.05720602	-0.00035298
10070	73.2436	29.4344	45.1864	13.0	-0.06074130	-0.06001733	0.00072397
10071	50.4735	30.6713	72.0988	15.0	-0.05498432	-0.05551900	-0.00053469
10072	69.8493	38.1070	62.8982	10.0	-0.07833419	-0.07858354	-0.00024935
10073	61.6968	42.8919	71.6674	15.0	-0.05747643	-0.05788439	-0.00040796
10074	50.7354	46.0211	53.0139	11.0	-0.07142072	-0.07167605	-0.00025533
10075	72.1953	35.0615	59.2356	10.0	-0.07967640	-0.07949141	0.00018499
10076	76.9415	31.1488	51.6928	14.0	-0.05950049	-0.05900379	0.00049671
10077	44.6831	25.7811	60.1795	12.0	-0.05888185	-0.05926103	-0.00037918
10078	75.0332	25.8673	61.1344	14.0	-0.05823788	-0.05803284	0.00020504
10079	72.4118	27.6401	60.7658	11.0	-0.07014922	-0.06990166	0.00024757
10080	45.2827	35.2807	41.7647	15.0	-0.05262128	-0.05258519	0.00003609
10081	40.3958	32.1588	50.9262	14.0	-0.05294333	-0.05310544	-0.00016210
10082	53.9929	21.8340	59.0130	9.0	-0.07419539	-0.07452953	-0.00033414
10083	57.2727	24.2153	39.4824	15.0	-0.05586151	-0.05537435	0.00048716
10084	72.8697	32.5957	64.9414	13.0	-0.06443287	-0.06450746	-0.00007459
10085	49.4761	39.0329	48.4420	9.0	-0.07867525	-0.07885476	-0.00017951
10086	49.4305	40.2650	44.3415	12.0	-0.06393905	-0.06393651	0.00000254
10087	70.3341	23.2702	42.5136	15.0	-0.05383093	-0.05321414	0.00061679
10088	63.1251	20.4166	41.7891	15.0	-0.05446668	-0.05389628	0.00057040
10089	68.2290	45.9551	46.2168	15.0	-0.05980742	-0.05960922	0.00019820
10090	57.2861	18.8355	49.0440	13.0	-0.06356924	-0.06311344	0.00045580
10091	66.6777	50.6939	60.9165	15.0	-0.05606790	-0.05621657	-0.00014868
10092	63.1683	43.7287	43.4240	13.0	-0.06514069	-0.06487412	0.00026657
10093	58.2813	25.4329	67.2746	11.0	-0.07104410	-0.07178683	-0.00074273
10094	76.9360	28.3484	55.3714	14.0	-0.05878923	-0.05837744	0.00041179
10095	57.3109	50.0113	64.6111	14.0	-0.05831494	-0.05861043	-0.00029548
10096	48.3938	33.3052	45.4178	10.0	-0.06886412	-0.06882686	0.00003726
10097	53.8741	20.4245	56.7153	10.0	-0.06997516	-0.07006637	-0.00009121
10098	72.2180	31.1210	56.7564	9.0	-0.08262797	-0.08199377	0.00063420
10099	39.1887	35.5036	54.2466	15.0	-0.05158697	-0.05180606	-0.00021909
10100	53.2400	37.1412	38.7671	14.0	-0.05731453	-0.05708280	0.00023173
10101	47.1792	38.7262	66.0185	12.0	-0.06395415	-0.06452058	-0.00056643
10102	59.7099	32.9420	68.2724	9.0	-0.08181794	-0.08294913	-0.00113120
10103	67.4912	47.4340	65.7943	15.0	-0.05679960	-0.05702442	-0.00022482
10104	63.7923	41.9093	46.3554	10.0	-0.08016059	-0.07979193	0.00036866
10105	44.4329	38.9117	50.2648	12.0	-0.06309725	-0.06331164	-0.00021439
10106	70.5149	32.5113	47.8826	9.0	-0.08049489	-0.07932590	0.00116899
10107	41.5871	32.3464	47.7569	14.0	-0.05325021	-0.05334829	-0.00009808
10108	61.2643	39.5787	42.4260	11.0	-0.07213627	-0.07167268	0.00046359
10109	51.0201	24.3004	40.7895	15.0	-0.05349893	-0.05322760	0.00027133
10110	60.8702	20.4921	48.7316	11.0	-0.07073501	-0.06993497	0.00080003
10111	59.8784	48.1703	46.0133	14.0	-0.06136103	-0.06130942	0.00005161
10112	61.3748	49.7753	64.7264	14.0	-0.05851344	-0.05878536	-0.00027192
10113	52.6678	19.9510	65.5080	14.0	-0.05598471	-0.05632750	-0.00034278
10114	63.0788	37.5878	68.0630	10.0	-0.07801304	-0.07876867	-0.00075563
10115	73.9608	29.3241	53.8641	11.0	-0.07111787	-0.07041652	0.00070136
10116	69.7695	21.1050	48.6562	13.0	-0.06094859	-0.06022731	0.00072127
10117	50.6109	45.8945	68.5489	15.0	-0.05475204	-0.05512714	-0.00037510
10118	69.3415	29.6845	42.5804	12.0	-0.06407445	-0.06322533	0.00084912
10119	63.5833	33.4364	39.0402	13.0	-0.06213071	-0.06149755	0.00063317
10120	68.0538	31.1286	65.4267	10.0	-0.07841263	-0.07879454	-0.00038190
10121	40.7509	37.3430	60.7436	15.0	-0.05381538	-0.05414937	-0.00033399
10122	59.0596	41.5501	72.5535	15.0	-0.05732466	-0.05777995	-0.00045528
10123	59.8437	25.9496	39.2086	14.0	-0.05829032	-0.05769427	0.00059605
10124	57.0757	20.7324	52.1829	10.0	-0.07566803	-0.07520281	0.00046523
10125	76.5558	25.5120	59.5892	15.0	-0.05510927	-0.05486051	0.00024876
10126	48.5595	36.1783	65.0094	10.0	-0.07346878	-0.07425099	-0.00078221
10127	65.7089	49.5613	57.7417	13.0	-0.06276698	-0.06290018	-0.00013320
10128	56.7010	27.4492	45.1767	9.0	-0.08377852	-0.08278479	0.00099372
10129	64.5862	24.2784	63.9431	10.0	-0.07625355	-0.07652708	-0.00027353
10130	71.0224	34.6783	63.7006	11.0	-0.07437220	-0.07452825	-0.00015604
10131	51.5045	21.4388	57.1422	10.0	-0.06848072	-0.06870260	-0.00022188
10132	59.3731	49.3162	47.3672	14.0	-0.06059550	-0.06058950	0.00000599
10133	56.2628	47.9480	47.6069	13.0	-0.06435592	-0.06439017	-0.00003425
10134	68.6851	31.3490	43.1016	11.0	-0.06864325	-0.06770667	0.00093658
10135	63.1104	22.8638	68.6050	14.0	-0.05976091	-0.06008599	-0.00032508
10136	61.8570	22.9267	43.4341	12.0	-0.06481158	-0.06399228	0.00081931
10137	56.4638	30.2598	40.5936	12.0	-0.06674765	-0.06616146	0.00058618
10138	57.9228	40.1315	70.9494	13.0	-0.06419324	-0.06478169	-0.00058845
10139	49.4146	25.2431	62.0402	10.0	-0.06898832	-0.06960816	-0.00061984
10140	65.2142	19.4635	60.1491	12.0	-0.06548143	-0.06531856	0.00016287
10141	66.6269	36.9046	66.5940	10.0	-0.07771806	-0.07827935	-0.00056129
10142	60.3303	39.2637	73.2979	15.0	-0.05729690	-0.05776799	-0.00047109
10143	66.6892	21.3727	66.0755	14.0	-0.05890705	-0.05901624	-0.00010919
10144	60.2944	41.1414	45.9077	9.0	-0.08515933	-0.08482977	0.00032956
10145	74.0403	30.7890	53.1560	11.0	-0.07190710	-0.07119243	0.00071467
10146	67.6296	23.1432	60.5703	10.0	-0.07432184	-0.07409727	0.00022456
10147	74.5731	33.5420	59.5711	12.0	-0.06814048	-0.06793032	0.00021017
10148	55.7392	23.9508	63.3378	9.0	-0.07718506	-0.07793938	-0.00075432
10149	71.1442	25.5138	66.2918	14.0	-0.05901173	-0.05907061	-0.00005887
10150	51.3978	43.2480	51.8818	9.0	-0.08363916	-0.08394530	-0.00030614
10151	53.9406	37.5051	70.1171	12.0	-0.06693506	-0.06765628	-0.00072122
10152	48.0005	44.9086	49.8975	13.0	-0.06318901	-0.06336423	-0.00017522
10153	70.9029	33.1867	68.5627	14.0	-0.06078285	-0.06101757	-0.00023472
10154	68.9530	35.0099	67.6547	12.0	-0.06816997	-0.06853238	-0.00036241
10155	52.9602	28.8664	43.7568	10.0	-0.07217318	-0.07172091	0.00045227
10156	63.7801	16.3844	54.0510	14.0	-0.05881042	-0.05843945	0.00037097
10157	64.3398	48.0930	47.3828	14.0	-0.06163011	-0.06154148	0.00008863
10158	53.4247	18.9938	45.1209	15.0	-0.05462323	-0.05432304	0.00030019
10159	45.6161	31.5406	68.3401	15.0	-0.05536327	-0.05586040	-0.00049713
10160	45.5007	32.0039	47.0168	11.0	-0.06288690	-0.06295125	-0.00006435
10161	54.9627	34.3730	73.0147	14.0	-0.05861661	-0.05920987	-0.00059327
10162	76.0732	31.5581	52.9724	13.0	-0.06352600	-0.06300287	0.00052312
10163	60.3273	39.2119	68.9592	11.0	-0.07389498	-0.07462239	-0.00072741
10164	48.5172	37.8176	39.9510	15.0	-0.05365919	-0.05356494	0.00009426
10165	58.9078	21.0131	51.3844	10.0	-0.07793193	-0.07722666	0.00070527
10166	41.8933	36.3690	58.4799	13.0	-0.05885164	-0.05921135	-0.00035971
10167	63.6304	20.3841	54.4671	10.0	-0.07572809	-0.07506018	0.00066791
10168	67.5109	42.8004	58.1927	9.0	-0.08556493	-0.08575649	-0.00019156
10169	51.7977	42.5473	50.1536	9.0	-0.08336403	-0.08360069	-0.00023666
10170	73.4460	25.5787	52.4977	12.0	-0.06588057	-0.06516667	0.00071390
10171	53.5030	29.5113	68.6487	11.0	-0.06914608	-0.07002603	-0.00087995
10172	65.0209	15.9215	59.1988	15.0	-0.05527276	-0.05510961	0.00016315
10173	66.0404	50.3037	59.2486	14.0	-0.05915631	-0.05929926	-0.00014295
10174	68.6917	41.3448	44.7214	13.0	-0.06551088	-0.06509421	0.00041667
10175	53.0306	27.0232	69.6369	13.0	-0.06128975	-0.06193785	-0.00064811
10176	69.4542	17.0835	56.1468	15.0	-0.05475060	-0.05442058	0.00033002
10177	47.1945	20.4664	56.6394	13.0	-0.05637709	-0.05654684	-0.00016975
10178	60.0761	24.7603	70.4350	14.0	-0.05955834	-0.06003376	-0.00047541
10179	67.5761	38.0599	41.5657	13.0	-0.06327275	-0.06272650	0.00054625
10180	72.5655	23.5969	56.4614	12.0	-0.06494372	-0.06443606	0.00050766
10181	69.5804	36.6120	63.7795	10.0	-0.07876159	-0.07905471	-0.00029311
10182	45.2323	45.1013	49.7620	15.0	-0.05595658	-0.05611317	-0.00015659
10183	64.2422	26.9020	43.4383	10.0	-0.07313519	-0.07197828	0.00115691
10184	56.3173	49.5824	60.2675	12.0	-0.06545638	-0.06574369	-0.00028731
10185	43.3516	34.4646	66.4457	15.0	-0.05439689	-0.05483435	-0.00043745
10186	71.0298	46.8338	61.8062	15.0	-0.05751961	-0.05763543	-0.00011582
10187	49.4686	42.3826	44.4245	13.0	-0.06099642	-0.06101321	-0.00001680
10188	60.8887	47.4157	64.7101	12.0	-0.06607230	-0.06643079	-0.00035848
10189	59.4683	26.5211	41.2179	12.0	-0.06576157	-0.06500284	0.00075873
10190	72.6944	23.6085	60.6695	13.0	-0.06120309	-0.06096163	0.00024147
10191	43.9199	38.2886	67.0104	15.0	-0.05393534	-0.05435247	-0.00041713
10192	69.7879	22.7531	45.9153	13.0	-0.06033209	-0.05956477	0.00076732
10193	49.7639	26.4687	70.2689	15.0	-0.05444907	-0.05494395	-0.00049488
10194	44.7818	28.3253	57.3733	10.0	-0.06501866	-0.06541498	-0.00039631
10195	65.8130	45.1801	68.9870	15.0	-0.05717142	-0.05747600	-0.00030458
10196	61.7896	28.4417	72.0543	14.0	-0.05961346	-0.06011837	-0.00050490
10197	46.3891	42.6453	67.8479	15.0	-0.05398017	-0.05437466	-0.00039449
10198	42.9480	25.2783	57.8348	13.0	-0.05498146	-0.05525229	-0.00027083
10199	71.3600	32.7688	59.8154	9.0	-0.08397406	-0.08374979	0.00022427
10200	48.2392	45.1040	61.8190	12.0	-0.06409639	-0.06449366	-0.00039727
10201	46.2595	43.4300	45.4066	15.0	-0.05494307	-0.05501228	-0.00006921
10202	58.1718	31.0065	73.1573	14.0	-0.05864594	-0.05921951	-0.00057356
10203	47.8709	34.3261	64.0744	10.0	-0.07379152	-0.07458903	-0.00079751
10204	75.7245	38.3948	57.0580	14.0	-0.06262482	-0.06243929	0.00018553
10205	45.8073	23.9107	50.5436	12.0	-0.05835690	-0.05841551	-0.00005861
10206	41.7424	40.5893	50.4686	15.0	-0.05390216	-0.05407669	-0.00017453
10207	45.2961	43.8113	47.5115	15.0	-0.05548611	-0.05560232	-0.00011622
10208	69.1354	24.2344	54.6109	9.0	-0.08036257	-0.07939429	0.00096828
10209	42.9645	30.8071	53.9331	11.0	-0.06146379	-0.06173912	-0.00027533
10210	46.6404	46.1799	64.8921	15.0	-0.05398181	-0.05431508	-0.00033327
10211	58.0708	47.2518	55.4655	9.0	-0.08117435	-0.08143057	-0.00025623
10212	44.3754	31.5145	51.6536	10.0	-0.06562196	-0.06586171	-0.00023975
10213	63.2747	38.6445	73.0438	15.0	-0.05722840	-0.05766102	-0.00043261
10214	60.4903	49.1237	65.8848	14.0	-0.05860192	-0.05890245	-0.00030053
10215	59.5098	37.3240	67.6771	9.0	-0.08448487	-0.08551337	-0.00102850
10216	55.0293	26.5029	38.9754	15.0	-0.05618135	-0.05576219	0.00041916
10217	55.3688	51.7330	62.7892	15.0	-0.05510989	-0.05535835	-0.00024846
10218	69.4638	43.0200	50.4199	12.0	-0.07247754	-0.07222566	0.00025189
10219	49.1387	23.6804	48.3481	11.0	-0.06359212	-0.06348677	0.00010536
10220	46.2464	47.1762	56.4601	14.0	-0.05760689	-0.05786165	-0.00025476
10221	54.8088	26.4738	44.5852	10.0	-0.07437342	-0.07372855	0.00064487
10222	57.9750	25.5473	38.6174	15.0	-0.05573873	-0.05524005	0.00049869
10223	62.6101	46.6264	69.3168	15.0	-0.05641708	-0.05674282	-0.00032574
10224	48.6734	44.7809	46.1162	14.0	-0.05868774	-0.05876092	-0.00007319
10225	70.2460	31.8616	44.3602	11.0	-0.06889778	-0.06798118	0.00091659
10226	59.2918	42.1001	46.7283	9.0	-0.08567801	-0.08548211	0.00019589
10227	62.7546	19.8496	51.1154	11.0	-0.07112235	-0.07036175	0.00076060
10228	47.1665	41.7845	51.7274	11.0	-0.07068151	-0.07096121	-0.00027970
10229	46.5320	24.0195	64.7827	14.0	-0.05521813	-0.05562727	-0.00040914
10230	43.9098	38.5535	63.0356	13.0	-0.05990947	-0.06035525	-0.00044578
10231	44.9774	30.2703	66.3366	14.0	-0.05682789	-0.05732487	-0.00049698
10232	64.1174	16.5977	61.8345	15.0	-0.05553274	-0.05548411	0.00004863
10233	67.9332	37.5701	65.3195	10.0	-0.07807678	-0.07852759	-0.00045081
10234	65.0023	42.4582	50.1021	9.0	-0.08963337	-0.08940567	0.00022771
10235	44.1631	37.2446	45.0104	14.0	-0.05538920	-0.05544400	-0.00005480
10236	54.2778	51.0389	52.3332	14.0	-0.05904369	-0.05918167	-0.00013797
10237	67.5916	31.9534	40.1555	13.0	-0.06097001	-0.06026897	0.00070103
10238	47.2145	24.6116	42.5502	15.0	-0.05168893	-0.05154785	0.00014108
10239	54.2702	31.8224	43.6911	9.0	-0.07885906	-0.07831534	0.00054371
10240	64.9563	28.6247	38.6200	14.0	-0.05744234	-0.05679793	0.00064441
10241	50.7494	30.5825	66.0187	10.0	-0.07427972	-0.07525982	-0.00098010
10242	46.5632	36.8170	59.0369	9.0	-0.07838502	-0.07900659	-0.00062157
10243	62.9412	44.1781	68.3929	13.0	-0.06373207	-0.06414912	-0.00041705
10244	44.3836	33.6979	58.2058	10.0	-0.06848185	-0.06896357	-0.00048172
10245	50.0188	44.9453	58.8575	10.0	-0.07399647	-0.07440930	-0.00041283
10246	76.8147	38.5720	55.8977	15.0	-0.05909269	-0.05888451	0.00020818
10247	71.3318	38.2874	44.5936	13.0	-0.06340687	-0.06287641	0.00053046
10248	50.1246	36.9670	67.5154	11.0	-0.06937149	-0.07011770	-0.00074621
10249	50.4044	36.7033	65.2841	9.0	-0.07956526	-0.08048942	-0.00092416
10250	51.8297	18.5825	48.6333	14.0	-0.05636603	-0.05617350	0.00019253
10251	56.8867	15.0118	55.2652	15.0	-0.05485358	-0.05472687	0.00012671
10252	53.3311	48.0633	56.1049	11.0	-0.07075846	-0.07103313	-0.00027467
10253	71.5345	42.5302	50.9808	13.0	-0.06782493	-0.06756616	0.00025877
10254	66.8274	18.2727	63.7544	15.0	-0.05527965	-0.05525759	0.00002206
10255	46.9062	26.0255	41.9238	15.0	-0.05169124	-0.05155633	0.00013491
10256	51.4999	43.5915	41.2072	15.0	-0.05500370	-0.05494040	0.00006330
10257	58.4952	24.7730	42.4126	12.0	-0.06608555	-0.06535043	0.00073512
10258	43.3361	28.4532	59.9233	12.0	-0.05893521	-0.05932559	-0.00039038
10259	76.2350	36.0155	50.2488	14.0	-0.06033621	-0.05989676	0.00043945
10260	74.7189	24.3186	59.9040	14.0	-0.05792270	-0.05766108	0.00026162
10261	40.3456	26.7001	59.1347	15.0	-0.05009500	-0.05034972	-0.00025472
10262	56.1654	38.3454	72.5279	14.0	-0.05971682	-0.06027921	-0.00056239
10263	72.5084	20.8812	61.9291	15.0	-0.05474800	-0.05458847	0.00015953
10264	61.8626	51.0073	56.1507	13.0	-0.06207461	-0.06221782	-0.00014321
10265	51.5782	29.7449	38.5736	15.0	-0.05445827	-0.05418331	0.00027496
10266	61.0527	41.9308	65.4951	9.0	-0.08392561	-0.08461621	-0.00069060
10267	42.2271	36.8579	45.7163	15.0	-0.05218020	-0.05225495	-0.00007475
10268	49.1753	48.3581	62.0698	14.0	-0.05758468	-0.05789395	-0.00030926
10269	46.4843	23.2443	45.9411	14.0	-0.05359394	-0.05351373	0.00008021
10270	61.3093	15.2278	58.8202	15.0	-0.05522865	-0.05512375	0.00010490
10271	64.4831	34.5241	37.2789	15.0	-0.05575601	-0.05526237	0.00049364
10272	66.9598	44.3120	59.8722	10.0	-0.07829990	-0.07854990	-0.00025001
10273	62.9972	16.3750	48.5293	15.0	-0.05552136	-0.05505380	0.00046755
10274	71.5745	27.9861	54.5509	9.0	-0.08141217	-0.08045698	0.00095519
10275	77.5769	32.4190	49.4002	15.0	-0.05600038	-0.05553826	0.00046212
10276	59.8250	50.9259	50.1695	14.0	-0.05958104	-0.05963085	-0.00004981
10277	63.9649	21.8690	52.5081	9.0	-0.08240454	-0.08133732	0.00106721
10278	52.6063	18.0727	64.6719	15.0	-0.05300999	-0.05326176	-0.00025178
10279	46.6811	18.5115	57.3747	15.0	-0.05137077	-0.05150743	-0.00013666
10280	52.7591	17.7180	54.5337	13.0	-0.05896891	-0.05892761	0.00004130
10281	56.4465	44.4661	68.7013	13.0	-0.06324363	-0.06372030	-0.00047667
10282	44.2954	27.2855	43.5439	15.0	-0.05084687	-0.05079622	0.00005065
10283	54.5887	22.8162	64.8310	11.0	-0.06717480	-0.06774798	-0.00057318
10284	67.8509	22.7656	44.2028	13.0	-0.06018855	-0.05941205	0.00077651
10285	72.7287	32.0337	50.6104	10.0	-0.07615842	-0.07524045	0.00091798
10286	54.1299	25.1017	47.0587	9.0	-0.07787841	-0.07731000	0.00056841
10287	71.9248	34.8302	42.1468	14.0	-0.05827405	-0.05770127	0.00057278
10288	57.7066	23.0971	68.0322	13.0	-0.06233903	-0.06284485	-0.00050581
10289	63.9177	27.3697	68.6320	12.0	-0.06823557	-0.06876292	-0.00052735
10290	69.7143	22.7158	63.7473	13.0	-0.06163224	-0.06158779	0.00004445
10291	65.4187	34.3166	70.9169	13.0	-0.06377304	-0.06426508	-0.00049205
10292	74.7759	43.3301	57.2219	15.0	-0.05855090	-0.05848554	0.00006535
10293	66.7366	27.3688	40.6500	13.0	-0.06027028	-0.05950845	0.00076182
10294	62.3477	45.9856	47.2326	12.0	-0.07009558	-0.06998472	0.00011087
10295	58.2693	50.8429	47.8534	15.0	-0.05690109	-0.05692407	-0.00002298
10296	62.9112	24.9982	45.7232	9.0	-0.07924598	-0.07789670	0.00134928
10297	59.4922	47.7669	60.0920	10.0	-0.07484636	-0.07517350	-0.00032714
10298	54.8278	47.9729	52.5269	11.0	-0.07132559	-0.07151226	-0.00018667
10299	46.2688	37.4417	49.7699	10.0	-0.07063530	-0.07086767	-0.00023237
10300	59.4848	48.0107	53.9412	10.0	-0.07579401	-0.07596728	-0.00017326
10301	67.5225	17.9958	60.0213	14.0	-0.05791072	-0.05772127	0.00018945
10302	49.8209	49.0909	50.0626	15.0	-0.05683040	-0.05696188	-0.00013148
10303	51.1451	21.4049	48.1063	12.0	-0.06185045	-0.06164321	0.00020724
10304	67.3018	27.2844	69.5678	14.0	-0.06045530	-0.06075973	-0.00030443
10305	45.5062	27.6390	63.0160	12.0	-0.06077248	-0.06127363	-0.00050115
10306	39.8765	33.0593	54.2494	14.0	-0.05324789	-0.05347550	-0.00022762
10307	62.2652	33.6358	36.9205	15.0	-0.05598908	-0.05550472	0.00048436
10308	66.7500	21.0935	43.7393	14.0	-0.05703926	-0.05636587	0.00067339
10309	49.9653	39.4476	39.6237	15.0	-0.05397153	-0.05386512	0.00010641
10310	63.7255	50.3952	54.9035	13.0	-0.06260535	-0.06270566	-0.00010031
10311	48.6742	23.8084	58.9092	10.0	-0.06709494	-0.06750731	-0.00041237
10312	47.2756	22.3548	48.2548	13.0	-0.05647892	-0.05642343	0.00005549
10313	74.5175	29.2909	50.8141	12.0	-0.06610468	-0.06538243	0.00072225
10314	63.3384	40.4048	38.7255	15.0	-0.05688943	-0.05653667	0.00035276
10315	49.6096	18.1604	58.9713	14.0	-0.05457517	-0.05473587	-0.00016070
10316	50.4527	48.2045	52.8443	13.0	-0.06297274	-0.06317370	-0.00020096
10317	69.0907	25.6559	66.5727	13.0	-0.06285011	-0.06299629	-0.00014618
10318	43.1503	24.6193	63.0810	15.0	-0.05125673	-0.05157737	-0.00032064
10319	58.7526	20.2986	53.6160	10.0	-0.07630820	-0.07583616	0.00047203
10320	59.2998	41.7822	43.6940	11.0	-0.07285543	-0.07257635	0.00027909
10321	54.3347	26.0979	41.3946	13.0	-0.06174611	-0.06128010	0.00046602
10322	69.7832	30.8159	46.9463	9.0	-0.07937573	-0.07810244	0.00127329
10323	74.7105	23.6434	61.9352	15.0	-0.05495735	-0.05478888	0.00016847
10324	55.3502	48.2968	50.3323	12.0	-0.06739569	-0.06751239	-0.00011669
10325	76.2775	33.8188	48.7975	14.0	-0.05924513	-0.05873427	0.00051086
10326	58.9444	19.5533	49.0594	12.0	-0.06719575	-0.06659566	0.00060009
10327	51.5100	18.0340	50.4846	14.0	-0.05625124	-0.05611768	0.00013356
10328	71.2548	37.1569	47.2818	11.0	-0.07210460	-0.07142917	0.00067543
10329	47.7382	29.2316	67.2342	13.0	-0.06064014	-0.06124736	-0.00060722
10330	64.0068	18.0263	50.8092	13.0	-0.06239092	-0.06180978	0.00058114
10331	74.0910	39.1598	51.4465	13.0	-0.06598415	-0.06561073	0.00037341
10332	66.5805	44.7399	53.2860	10.0	-0.07976981	-0.07975297	0.00001684
10333	70.3334	19.5459	50.9502	14.0	-0.05822266	-0.05764338	0.00057928
10334	67.1388	42.7607	48.9162	11.0	-0.07750138	-0.07720413	0.00029725
10335	54.5992	45.5627	52.5262	9.0	-0.08332466	-0.08357267	-0.00024801
10336	54.0883	36.9940	67.0969	9.0	-0.08230840	-0.08336694	-0.00105853
10337	51.6749	44.8169	65.7081	12.0	-0.06502546	-0.06549209	-0.00046663
10338	54.3433	33.4207	70.7964	12.0	-0.06558302	-0.06634977	-0.00076675
10339	73.7381	34.1319	51.3882	11.0	-0.07238073	-0.07169903	0.00068171
10340	64.1651	31.7021	68.9428	11.0	-0.07270170	-0.07337521	-0.00067351
10341	49.0045	22.8713	49.9453	11.0	-0.06350632	-0.06345689	0.00004943
10342	68.1077	22.4609	66.3237	14.0	-0.05885931	-0.05895542	-0.00009612
10343	71.2675	31.8934	40.0028	15.0	-0.05451323	-0.05395073	0.00056250
10344	51.6852	45.3267	48.1320	12.0	-0.06758382	-0.06769241	-0.00010859
10345	57.0023	51.0708	62.4456	14.0	-0.05813533	-0.05839492	-0.00025959
10346	49.0555	37.8609	65.2576	10.0	-0.07327093	-0.07401174	-0.00074081
10347	74.0767	43.8338	60.3476	15.0	-0.05777622	-0.05780102	-0.00002480
10348	67.9480	20.7009	60.4160	12.0	-0.06500596	-0.06479236	0.00021360
10349	49.7864	20.3152	58.4166	12.0	-0.06053070	-0.06075512	-0.00022442
10350	43.5648	41.2719	49.9995	14.0	-0.05756545	-0.05774581	-0.00018036
10351	50.5968	48.6384	48.4765	15.0	-0.05726753	-0.05736927	-0.00010173
10352	49.6520	17.8484	56.4579	14.0	-0.05476818	-0.05485352	-0.00008534
10353	49.8636	50.0510	52.2645	15.0	-0.05631594	-0.05647568	-0.00015975
10354	66.6953	39.0557	40.4694	14.0	-0.06021339	-0.05974996	0.00046344
10355	52.6161	19.6561	51.3150	12.0	-0.06325062	-0.06308720	0.00016342
10356	58.5910	47.2254	58.0882	9.0	-0.08068095	-0.08099957	-0.00031862
10357	66.2401	41.3924	63.0687	9.0	-0.08394560	-0.08441921	-0.00047361
10358	75.3043	33.8508	46.3982	14.0	-0.05865710	-0.05810836	0.00054874
10359	48.9598	25.7584	65.4370	12.0	-0.06222665	-0.06281442	-0.00058777
10360	59.6801	22.8505	41.0369	14.0	-0.05818957	-0.05759269	0.00059689
10361	51.8703	34.8214	44.4768	9.0	-0.07657943	-0.07636707	0.00021237
10362	66.5712	28.6833	44.7731	9.0	-0.07839563	-0.07702874	0.00136688
10363	68.0648	45.3191	56.6080	11.0	-0.07366318	-0.07374367	-0.00008049
10364	57.2118	47.2696	61.1485	10.0	-0.07502258	-0.07540223	-0.00037965
10365	67.9290	22.8892	50.7195	10.0	-0.07470968	-0.07363233	0.00107735
10366	57.7418	23.0076	44.1029	12.0	-0.06653238	-0.06583861	0.00069377
10367	55.1539	43.2209	70.5610	14.0	-0.05931450	-0.05978777	-0.00047327
10368	45.0211	20.2060	59.3678	15.0	-0.05092178	-0.05112751	-0.00020574
10369	45.5742	30.2392	60.7617	10.0	-0.06780822	-0.06837791	-0.00056970
10370	60.8566	44.9226	50.1407	9.0	-0.08500601	-0.08501717	-0.00001116
10371	57.6006	22.7263	65.0785	11.0	-0.06949124	-0.07003742	-0.00054618
10372	66.0953	44.4558	56.1233	9.0	-0.08456557	-0.08470664	-0.00014106
10373	42.3544	35.5639	53.5059	12.0	-0.06064847	-0.06092503	-0.00027656
10374	72.0278	27.9167	51.0850	10.0	-0.07522959	-0.07420007	0.00102952
10375	69.1514	45.8976	49.2593	14.0	-0.06318139	-0.06302198	0.00015941
10376	54.0191	43.7909	46.0503	11.0	-0.07102664	-0.07102598	0.00000065
10377	45.1203	37.4462	61.1125	11.0	-0.06785397	-0.06838381	-0.00052984
10378	69.3983	18.6725	51.9228	14.0	-0.05822574	-0.05768817	0.00053757
10379	45.0313	30.2328	54.8174	9.0	-0.06902529	-0.06938807	-0.00036277
10380	52.0652	23.7543	67.4758	13.0	-0.05960763	-0.06013915	-0.00053152
10381	69.2666	26.2571	69.2728	15.0	-0.05690069	-0.05709411	-0.00019342
10382	57.0068	16.2124	53.5866	14.0	-0.05826355	-0.05805808	0.00020548
10383	64.3945	39.2479	69.2794	12.0	-0.06818579	-0.06871917	-0.00053339
10384	61.0610	21.0713	56.3536	9.0	-0.08152119	-0.08110890	0.00041229
10385	50.2417	16.8130	52.8828	15.0	-0.05288863	-0.05285184	0.00003680
10386	60.7977	30.8869	69.8165	11.0	-0.07121663	-0.07201738	-0.00080076
10387	64.7603	30.7746	67.4393	10.0	-0.07782445	-0.07851873	-0.00069429
10388	64.3468	44.7221	68.7340	14.0	-0.06024228	-0.06059903	-0.00035675
10389	41.0027	40.3502	55.5187	15.0	-0.05436414	-0.05462101	-0.00025687
10390	75.8374	40.9022	58.5761	15.0	-0.05860397	-0.05852488	0.00007909
10391	69.5955	40.4474	61.5249	10.0	-0.07806101	-0.07827751	-0.00021650
10392	71.7862	23.2926	48.0463	13.0	-0.06075286	-0.06001451	0.00073834
10393	54.7391	23.2384	69.1871	14.0	-0.05773162	-0.05821704	-0.00048542
10394	47.3247	22.8811	43.8337	15.0	-0.05161404	-0.05148119	0.00013285
10395	68.4762	28.7463	65.7529	11.0	-0.07233995	-0.07260137	-0.00026142
10396	48.1525	32.1301	44.3147	11.0	-0.06455733	-0.06447146	0.00008588
10397	59.9845	42.1378	71.1457	14.0	-0.06068527	-0.06116250	-0.00047724
10398	48.8569	18.3175	55.2293	14.0	-0.05470797	-0.05477631	-0.00006835
10399	62.4012	47.7394	55.7010	10.0	-0.07582140	-0.07600097	-0.00017957
10400	75.1180	31.9314	48.2120	13.0	-0.06200052	-0.06136754	0.00063298
10401	51.9318	40.3347	45.3688	10.0	-0.07322097	-0.07319607	0.00002490
10402	71.2946	38.5209	58.8287	10.0	-0.08013637	-0.08009048	0.00004589
10403	74.7944	27.2312	64.7116	15.0	-0.05579977	-0.05575050	0.00004927
10404	53.4385	31.1769	66.8501	9.0	-0.07961985	-0.08082693	-0.00120708
10405	60.8582	47.4352	66.2678	13.0	-0.06236856	-0.06272109	-0.00035253
10406	53.2063	52.3034	57.8704	15.0	-0.05528408	-0.05548429	-0.00020021
10407	57.5999	46.7895	53.4584	9.0	-0.08199872	-0.08221108	-0.00021236
10408	75.9928	31.6041	61.8217	14.0	-0.05975641	-0.05963075	0.00012566
10409	55.8216	15.1834	58.4720	15.0	-0.05397301	-0.05397284	0.00000017
10410	67.4213	47.2853	56.2556	12.0	-0.06800521	-0.06808742	-0.00008220
10411	45.2021	39.8607	45.4879	14.0	-0.05687961	-0.05695122	-0.00007160
10412	54.8302	17.8808	51.7118	13.0	-0.06089203	-0.06066734	0.00022468
10413	48.7946	32.4379	40.4118	14.0	-0.05602570	-0.05586348	0.00016222
10414	43.1103	23.6943	59.1479	14.0	-0.05265867	-0.05291869	-0.00026002
10415	45.8066	29.2674	44.1720	13.0	-0.05648255	-0.05642697	0.00005558
10416	59.4803	39.2488	41.0441	12.0	-0.06731431	-0.06691624	0.00039807
10417	45.3196	32.2846	58.1929	9.0	-0.07185166	-0.07238304	-0.00053138
10418	62.1927	27.2975	69.1287	12.0	-0.06781678	-0.06842153	-0.00060475
10419	63.9052	19.1456	64.5756	14.0	-0.05881119	-0.05890394	-0.00009275
10420	66.0034	34.8415	69.5683	12.0	-0.06778772	-0.06830449	-0.00051677
10421	60.4409	20.1144	43.5636	14.0	-0.05816273	-0.05757540	0.00058733
10422	57.6826	19.9960	61.1079	11.0	-0.06848130	-0.06868898	-0.00020768
10423	63.4251	24.2269	40.1155	14.0	-0.05731431	-0.05665752	0.00065679
10424	51.7616	47.0380	49.0524	13.0	-0.06435139	-0.06447367	-0.00012229
10425	64.2399	42.2072	68.9509	13.0	-0.06468525	-0.06512751	-0.00044226
10426	76.0000	37.7395	53.9964	14.0	-0.06240194	-0.06209449	0.00030745
10427	66.0118	19.5405	65.9324	15.0	-0.05574727	-0.05582865	-0.00008137
10428	74.1829	28.4154	43.3807	15.0	-0.05423383	-0.05364962	0.00058421
10429	70.9219	25.8635	59.4306	10.0	-0.07439645	-0.07400368	0.00039277
10430	57.3069	19.5539	67.5555	15.0	-0.05514035	-0.05544315	-0.00030279
10431	48.4843	22.7500	61.8241	12.0	-0.06076166	-0.06116973	-0.00040806
10432	45.3162	35.3125	59.7116	10.0	-0.07157144	-0.07213769	-0.00056625
10433	40.2221	34.4273	48.7161	15.0	-0.05120546	-0.05132962	-0.00012416
10434	48.5894	25.9038	50.2368	9.0	-0.07051993	-0.07055973	-0.00003980
10435	60.0596	15.6740	51.5091	15.0	-0.05659254	-0.05625423	0.00033831
10436	71.2726	29.0962	46.0764	11.0	-0.06857452	-0.06760874	0.00096578
10437	40.5192	36.2772	57.0036	14.0	-0.05512726	-0.05542088	-0.00029362
10438	58.2089	52.3955	62.0429	15.0	-0.05503588	-0.05525580	-0.00021992
10439	61.0799	50.0361	58.2838	12.0	-0.06562285	-0.06583122	-0.00020837
10440	67.8729	45.8123	51.9557	12.0	-0.07004444	-0.06996753	0.00007691
10441	63.9140	37.6640	42.2974	11.0	-0.07238656	-0.07173955	0.00064701
10442	49.3879	16.9209	54.8140	15.0	-0.05236281	-0.05239116	-0.00002835
10443	53.5673	34.9961	73.6469	15.0	-0.05556964	-0.05610166	-0.00053202
10444	71.2174	27.2806	57.0038	9.0	-0.08053442	-0.07983305	0.00070138
10445	69.6147	29.9316	63.8536	10.0	-0.07718554	-0.07732139	-0.00013585
10446	55.7854	23.4886	65.7300	11.0	-0.06835172	-0.06898188	-0.00063016
10447	43.5979	27.8931	62.3291	13.0	-0.05680334	-0.05721458	-0.00041124
10448	54.7206	43.9743	44.4363	12.0	-0.06649675	-0.06643600	0.00006075
10449	54.5473	42.3745	72.0107	15.0	-0.05610150	-0.05655404	-0.00045254
10450	62.9471	29.5707	73.1815	15.0	-0.05671546	-0.05715747	-0.00044201
10451	70.6236	44.9881	48.1114	15.0	-0.06052972	-0.06031671	0.00021302
10452	75.3740	36.4608	52.6603	13.0	-0.06517924	-0.06475946	0.00041979
10453	64.8269	21.0627	64.9878	13.0	-0.06250849	-0.06264335	-0.00013486
10454	65.8565	22.0267	56.2100	9.0	-0.08030860	-0.07961368	0.00069492
10455	42.4959	38.2691	57.8289	13.0	-0.06021722	-0.06057338	-0.00035617
10456	74.7606	34.3385	43.7027	15.0	-0.05529623	-0.05478876	0.00050746
10457	67.4847	17.2805	54.9443	14.0	-0.05805309	-0.05765607	0.00039702
10458	50.1437	21.6748	43.1794	15.0	-0.05286131	-0.05263911	0.00022220
10459	45.0214	27.9196	67.0972	15.0	-0.05366688	-0.05410939	-0.00044251
10460	70.8876	26.4900	42.3102	14.0	-0.05681689	-0.05613115	0.00068574
10461	61.2104	50.3885	49.4014	14.0	-0.05998568	-0.06000343	-0.00001775
10462	53.2771	24.1663	65.6458	11.0	-0.06690024	-0.06755882	-0.00065859
10463	65.0258	45.7478	46.8794	13.0	-0.06676718	-0.06659699	0.00017019
10464	69.6598	27.5045	43.5716	12.0	-0.06382887	-0.06295081	0.00087806
10465	68.7606	33.1066	65.0539	10.0	-0.07876339	-0.07912080	-0.00035741
10466	69.2763	39.9992	49.9694	10.0	-0.08174658	-0.08125192	0.00049466
10467	65.7664	32.6640	37.3928	15.0	-0.05509794	-0.05456611	0.00053183
10468	53.2717	22.0537	46.1415	12.0	-0.06378718	-0.06341038	0.00037680
10469	59.7597	21.3850	59.3940	9.0	-0.07928638	-0.07934638	-0.00006000
10470	78.0970	34.2666	55.9999	15.0	-0.05730549	-0.05702601	0.00027948
10471	55.8118	28.3924	66.6056	9.0	-0.07977770	-0.08095964	-0.00118194
10472	66.0229	18.9332	56.8589	12.0	-0.06529926	-0.06491009	0.00038917
10473	39.8855	32.4333	49.2825	15.0	-0.05064203	-0.05076630	-0.00012427
10474	60.3815	21.0849	67.7659	14.0	-0.05870730	-0.05903217	-0.00032487
10475	68.1358	34.2805	69.5246	13.0	-0.06392485	-0.06430816	-0.00038332
10476	50.3876	41.1363	47.4421	10.0	-0.07406437	-0.07417432	-0.00010995
10477	55.1912	45.5434	44.5641	13.0	-0.06335844	-0.06331605	0.00004239
10478	46.0133	32.8810	64.7159	12.0	-0.06460373	-0.06522371	-0.00061998
10479	62.1749	35.1446	38.1411	14.0	-0.05959002	-0.05907906	0.00051096
10480	64.4345	28.0403	71.0704	14.0	-0.06043731	-0.06086959	-0.00043228
10481	46.1033	37.6300	65.0289	12.0	-0.06385871	-0.06441760	-0.00055890
10482	67.1614	25.4024	39.3404	15.0	-0.05396674	-0.05335893	0.00060781
10483	69.9298	41.5227	46.1315	13.0	-0.06577711	-0.06538027	0.00039685
10484	72.1355	38.1161	60.3033	11.0	-0.07433259	-0.07433217	0.00000042
10485	58.2748	18.8853	63.5138	13.0	-0.06089629	-0.06111043	-0.00021414
10486	63.1737	44.7736	61.9001	9.0	-0.08218962	-0.08262009	-0.00043047
10487	69.8990	28.1606	42.1564	13.0	-0.06019272	-0.05942886	0.00076386
10488	64.9560	42.2196	44.2989	12.0	-0.06948632	-0.06911816	0.00036815
10489	50.7937	16.2436	57.3940	15.0	-0.05238020	-0.05244607	-0.00006587
10490	57.0418	33.5972	71.3342	12.0	-0.06597124	-0.06672233	-0.00075109
10491	55.5359	40.1182	41.4509	12.0	-0.06536563	-0.06513128	0.00023434
10492	66.3866	35.3734	40.0617	13.0	-0.06220959	-0.06159280	0.00061679
10493	52.3711	31.2655	72.0054	14.0	-0.05802974	-0.05863174	-0.00060200
10494	50.5543	44.1259	69.8495	15.0	-0.05480145	-0.05520823	-0.00040678
10495	46.8783	30.4088	69.3704	15.0	-0.05518352	-0.05569450	-0.00051098
10496	49.9830	25.3759	67.3892	13.0	-0.05944235	-0.06000141	-0.00055906
10497	64.8807	48.0100	49.5079	13.0	-0.06478264	-0.06472974	0.00005290
10498	73.6223	20.7883	59.2359	15.0	-0.05459697	-0.05433525	0.00026172
10499	70.5841	43.4210	63.2235	13.0	-0.06400969	-0.06418811	-0.00017842
10500	43.3902	29.1620	49.6079	12.0	-0.05819604	-0.05831803	-0.00012199
10501	53.3125	46.4334	59.8734	10.0	-0.07577736	-0.07617509	-0.00039773
10502	69.1907	41.4992	69.3856	15.0	-0.05713725	-0.05741162	-0.00027437
10503	74.3361	24.6575	57.4457	13.0	-0.06129813	-0.06089628	0.00040185
10504	71.9293	46.4885	53.5179	15.0	-0.05922611	-0.05915223	0.00007388
10505	61.6161	50.5424	52.7167	13.0	-0.06269272	-0.06277489	-0.00008217
10506	59.2122	18.6012	44.1290	15.0	-0.05552335	-0.05503963	0.00048371
10507	54.1534	48.0879	64.4583	13.0	-0.06215014	-0.06251117	-0.00036103
10508	71.4851	33.9519	47.8416	10.0	-0.07555924	-0.07463519	0.00092404
10509	42.5764	34.7090	51.4335	12.0	-0.06007939	-0.06030126	-0.00022187
10510	44.8424	39.4648	66.1656	14.0	-0.05675507	-0.05719671	-0.00044164
10511	71.4200	29.6212	47.9750	10.0	-0.07401919	-0.07293520	0.00108399
10512	74.7952	36.5365	49.4148	13.0	-0.06387089	-0.06336909	0.00050180
10513	48.7919	41.1155	50.0380	10.0	-0.07561590	-0.07586084	-0.00024493
10514	50.2323	34.7739	72.2467	15.0	-0.05551500	-0.05604674	-0.00053173
10515	47.6136	35.6176	69.4863	14.0	-0.05789493	-0.05844117	-0.00054624
10516	42.5091	22.2873	57.7659	15.0	-0.05001186	-0.05020954	-0.00019767
10517	47.5610	37.7292	46.3032	11.0	-0.06704268	-0.06711713	-0.00007445
10518	51.3023	50.1524	59.3723	14.0	-0.05853853	-0.05879753	-0.00025901
10519	58.1125	51.2767	55.4551	13.0	-0.06185613	-0.06202154	-0.00016541
10520	49.1910	43.8236	48.5704	12.0	-0.06669193	-0.06683974	-0.00014781
10521	67.7440	29.7975	66.5861	11.0	-0.07290640	-0.07327904	-0.00037265
10522	48.3960	19.1525	59.8435	14.0	-0.05438010	-0.05459086	-0.00021077
10523	67.9867	47.0705	47.3255	15.0	-0.05943056	-0.05928085	0.00014971
10524	40.1473	26.3215	57.5637	15.0	-0.04980086	-0.05002589	-0.00022503
10525	70.0310	42.6387	59.8743	11.0	-0.07327989	-0.07340641	-0.00012652
10526	54.3848	45.4575	70.2208	15.0	-0.05581936	-0.05621653	-0.00039717
10527	42.3821	40.5789	60.0820	14.0	-0.05667828	-0.05702233	-0.00034405
10528	52.2679	24.4587	46.8598	10.0	-0.07041301	-0.07006271	0.00035030
10529	49.9419	46.8441	67.2283	15.0	-0.05459094	-0.05494321	-0.00035226
10530	60.5322	47.6523	48.6361	12.0	-0.06842332	-0.06841555	0.00000777
10531	69.7348	24.4404	50.7482	10.0	-0.07462856	-0.07353972	0.00108885
10532	60.4565	47.9977	68.6282	15.0	-0.05592574	-0.05624541	-0.00031968
10533	66.8768	18.0598	49.4733	14.0	-0.05814931	-0.05757191	0.00057740
10534	75.7964	29.0783	63.9195	15.0	-0.05608987	-0.05601944	0.00007043
10535	66.7853	21.7216	52.7062	10.0	-0.07537817	-0.07444638	0.00093179
10536	64.1557	45.5652	51.2239	10.0	-0.07902822	-0.07900299	0.00002524
10537	39.4545	29.2285	58.3673	15.0	-0.05027509	-0.05053034	-0.00025525
10538	70.1115	21.7411	62.0419	13.0	-0.06125946	-0.06111415	0.00014531
10539	58.3961	29.3182	69.6015	11.0	-0.07014997	-0.07099037	-0.00084041
10540	67.2609	38.6974	47.4761	9.0	-0.08585519	-0.08512332	0.00073187
10541	71.3594	22.2300	65.1153	15.0	-0.05525713	-0.05523090	0.00002623
10542	42.8300	37.0456	63.5776	14.0	-0.05682827	-0.05724812	-0.00041985
10543	60.6064	22.9964	39.6045	15.0	-0.05489158	-0.05434394	0.00054764
10544	69.7283	18.9895	47.5397	15.0	-0.05450502	-0.05394245	0.00056257
10545	74.0463	29.7024	57.0847	11.0	-0.07082101	-0.07033643	0.00048459
10546	69.7420	32.9031	40.2009	14.0	-0.05773213	-0.05711984	0.00061229
10547	57.1667	29.3117	38.7271	14.0	-0.05974580	-0.05923371	0.00051209
10548	60.3498	19.0412	45.0636	14.0	-0.05840947	-0.05784739	0.00056208
10549	53.6425	30.0167	73.2870	15.0	-0.05502381	-0.05555620	-0.00053240
10550	45.0972	42.7879	49.3241	14.0	-0.05887508	-0.05904072	-0.00016565
10551	72.2155	32.2534	49.0281	10.0	-0.07536511	-0.07440175	0.00096336
10552	68.3814	20.7606	43.4863	15.0	-0.05399851	-0.05339440	0.00060410
10553	52.4404	48.2510	60.1073	12.0	-0.06598745	-0.06631362	-0.00032617
10554	46.2989	31.8993	44.5881	12.0	-0.06014258	-0.06011353	0.00002904
10555	49.3786	43.0668	55.3159	9.0	-0.08027945	-0.08068951	-0.00041005
10556	58.2007	36.0845	39.1119	13.0	-0.06279599	-0.06235997	0.00043602
10557	45.8837	34.7570	69.3248	15.0	-0.05476999	-0.05525463	-0.00048464
10558	56.0289	50.4378	49.6812	14.0	-0.05964155	-0.05972146	-0.00007990
10559	48.9311	19.3146	63.7772	15.0	-0.05218854	-0.05246300	-0.00027446
10560	50.6149	41.5349	41.5545	14.0	-0.05734238	-0.05727284	0.00006953
10561	57.4814	38.6351	71.5061	13.0	-0.06367419	-0.06429042	-0.00061623
10562	70.9228	26.8314	53.6934	9.0	-0.08129239	-0.08022693	0.00106546
10563	65.5204	26.6492	65.2504	10.0	-0.07734430	-0.07775084	-0.00040655
10564	57.9107	42.9191	47.4840	9.0	-0.08513366	-0.08506347	0.00007019
10565	46.2250	43.8480	51.1683	13.0	-0.06229753	-0.06250991	-0.00021238
10566	49.9739	46.2800	56.1261	11.0	-0.06997472	-0.07029033	-0.00031562
10567	64.1030	35.4235	40.5002	12.0	-0.06666997	-0.06600217	0.00066779
10568	69.0095	36.7561	69.9248	14.0	-0.06029596	-0.06062167	-0.00032570
10569	72.1525	31.4721	46.7406	11.0	-0.06934836	-0.06845388	0.00089447
10570	55.5458	24.3106	71.1808	15.0	-0.05545779	-0.05592800	-0.00047021
10571	63.1394	50.6739	57.0722	13.0	-0.06217369	-0.06232116	-0.00014747
10572	48.6776	27.1729	68.6492	14.0	-0.05700117	-0.05753943	-0.00053826
10573	59.9764	28.3772	69.0812	11.0	-0.07095682	-0.07174805	-0.00079123
10574	73.6656	30.2258	42.2910	15.0	-0.05435570	-0.05378222	0.00057348
10575	70.5407	48.4376	57.8615	15.0	-0.05755893	-0.05761230	-0.00005337
10576	45.6216	40.9281	68.0194	15.0	-0.05395759	-0.05436815	-0.00041056
10577	54.7970	46.7037	50.0314	11.0	-0.07258008	-0.07271032	-0.00013024
10578	70.3394	42.4031	64.6948	13.0	-0.06387233	-0.06408999	-0.00021766
10579	60.7584	38.7329	44.1905	9.0	-0.08312296	-0.08254999	0.00057297
10580	69.4405	17.2684	57.9812	15.0	-0.05469608	-0.05442779	0.00026829
10581	73.3444	34.7099	47.2971	12.0	-0.06638452	-0.06571042	0.00067410
10582	72.2650	29.2618	68.1298	15.0	-0.05701411	-0.05713898	-0.00012487
10583	59.9625	20.0347	54.9914	10.0	-0.07583148	-0.07541186	0.00041963
10584	59.9477	26.6187	37.8534	15.0	-0.05529039	-0.05476272	0.00052767
10585	43.6585	26.9357	65.3652	15.0	-0.05238845	-0.05277602	-0.00038757
10586	51.8806	20.5429	62.1507	12.0	-0.06134051	-0.06168734	-0.00034683
10587	50.8095	18.3586	47.3308	15.0	-0.05314854	-0.05297302	0.00017552
10588	61.8997	17.2295	54.3914	13.0	-0.06278242	-0.06241510	0.00036731
10589	52.3218	48.3555	46.4173	15.0	-0.05718808	-0.05723820	-0.00005012
10590	47.8182	45.7798	51.4606	13.0	-0.06254417	-0.06274681	-0.00020264
10591	63.1743	51.3603	63.0886	15.0	-0.05545189	-0.05565744	-0.00020555
10592	75.6561	32.0766	59.8376	13.0	-0.06337645	-0.06316196	0.00021450
10593	64.3416	23.5946	46.1144	10.0	-0.07345060	-0.07229499	0.00115560
10594	55.0394	36.3822	72.8078	14.0	-0.05906160	-0.05964425	-0.00058265
10595	56.6979	48.2725	51.9924	11.0	-0.07128906	-0.07143800	-0.00014894
10596	53.1600	23.7589	45.7729	11.0	-0.06745957	-0.06704069	0.00041889
10597	58.3066	50.3594	66.0275	15.0	-0.05532986	-0.05561022	-0.00028036
10598	61.1183	43.7941	64.1047	9.0	-0.08244943	-0.08301033	-0.00056090
10599	60.1756	51.2249	55.4007	13.0	-0.06197849	-0.06212449	-0.00014600
10600	39.9445	31.5420	53.3202	14.0	-0.05271362	-0.05291589	-0.00020227
10601	43.8328	26.4013	58.9745	12.0	-0.05833868	-0.05868423	-0.00034555
10602	59.7622	36.9247	69.8842	11.0	-0.07238268	-0.07316825	-0.00078557
10603	46.0763	21.8369	63.7677	15.0	-0.05215653	-0.05247457	-0.00031804
10604	63.6282	24.7368	69.5496	14.0	-0.06059808	-0.06097851	-0.00038043
10605	71.5532	38.8399	50.0078	11.0	-0.07459594	-0.07407382	0.00052213
10606	62.9594	15.6459	51.8445	15.0	-0.05612588	-0.05574147	0.00038441
10607	73.2522	31.3347	54.5237	10.0	-0.07715955	-0.07643773	0.00072182
10608	72.4614	27.3858	55.7991	10.0	-0.07506681	-0.07436100	0.00070581
10609	60.7500	23.0888	47.9945	9.0	-0.08114546	-0.07994797	0.00119749
10610	67.4347	36.9082	44.6992	10.0	-0.07671992	-0.07590529	0.00081462
10611	52.6056	34.0330	39.7198	13.0	-0.06033189	-0.06004976	0.00028213
10612	50.5932	27.6878	40.4900	14.0	-0.05619849	-0.05593504	0.00026345
10613	71.8461	43.1424	49.5396	14.0	-0.06358377	-0.06332436	0.00025941
10614	59.6310	45.3271	68.3136	13.0	-0.06302102	-0.06345029	-0.00042927
10615	61.0671	36.3856	71.8746	13.0	-0.06373677	-0.06433609	-0.00059932
10616	51.1392	42.8716	43.6160	13.0	-0.06127292	-0.06124855	0.00002437
10617	73.1730	38.1103	43.2773	15.0	-0.05631772	-0.05587369	0.00044403
10618	48.6352	37.7465	43.7375	12.0	-0.06316953	-0.06313640	0.00003312
10619	67.0050	49.9685	55.2490	14.0	-0.05985191	-0.05991102	-0.00005911
10620	73.1196	34.0275	62.6042	12.0	-0.06889870	-0.06889185	0.00000685
10621	59.3694	43.0061	44.7530	11.0	-0.07356213	-0.07335480	0.00020733
10622	64.3402	20.5226	49.5158	11.0	-0.06993747	-0.06906299	0.00087448
10623	46.4200	47.7485	52.2454	15.0	-0.05551074	-0.05569138	-0.00018064
10624	60.3038	51.3244	64.3381	15.0	-0.05523713	-0.05547815	-0.00024102
10625	70.4490	31.1329	65.9673	12.0	-0.06852390	-0.06872180	-0.00019790
10626	64.3401	52.2741	58.4724	15.0	-0.05564407	-0.05577548	-0.00013141
10627	44.1555	25.4588	44.8111	15.0	-0.05062005	-0.05058061	0.00003944
10628	63.3155	34.3541	71.5554	13.0	-0.06387247	-0.06443456	-0.00056209
10629	47.7488	35.1165	62.2482	9.0	-0.07879282	-0.07960143	-0.00080860
10630	72.9085	30.4301	58.2502	10.0	-0.07619303	-0.07575400	0.00043903
10631	68.3050	45.0258	65.9128	14.0	-0.06045165	-0.06070409	-0.00025244
10632	72.1301	27.7576	46.1608	12.0	-0.06429060	-0.06344184	0.00084876
10633	61.9150	32.4898	72.9205	14.0	-0.05970146	-0.06022981	-0.00052835
10634	47.6230	22.8193	57.5086	11.0	-0.06251871	-0.06280463	-0.00028592
10635	64.2623	37.2495	66.6448	9.0	-0.08377909	-0.08456272	-0.00078362
10636	52.3092	31.6594	44.4001	9.0	-0.07679467	-0.07644329	0.00035138
10637	70.5324	21.3999	55.2514	12.0	-0.06493317	-0.06437158	0.00056159
10638	69.2098	29.9922	45.0220	10.0	-0.07319273	-0.07206850	0.00112423
10639	63.2463	35.4035	42.4490	10.0	-0.07666341	-0.07581475	0.00084866
10640	65.1314	30.3009	37.3303	15.0	-0.05474851	-0.05419234	0.00055616
10641	64.6886	51.4022	61.6426	15.0	-0.05565474	-0.05582923	-0.00017449
10642	64.3990	22.5513	62.0691	10.0	-0.07538527	-0.07544614	-0.00006087
10643	51.0844	39.0760	72.1534	15.0	-0.05541902	-0.05590917	-0.00049015
10644	62.8193	43.0503	40.1092	15.0	-0.05739626	-0.05712169	0.00027458
10645	60.5307	48.9129	59.3125	11.0	-0.06989750	-0.07015981	-0.00026231
10646	48.8873	29.7737	62.8713	9.0	-0.07631311	-0.07720316	-0.00089006
10647	45.2158	41.6061	65.5286	14.0	-0.05665833	-0.05707092	-0.00041259
10648	62.7597	24.4596	70.8254	15.0	-0.05723059	-0.05760236	-0.00037178
10649	64.7542	44.7631	64.2133	11.0	-0.07200494	-0.07238799	-0.00038305
10650	43.8078	37.0482	49.6010	12.0	-0.06152408	-0.06171236	-0.00018828
10651	40.0420	29.8239	54.2793	14.0	-0.05233427	-0.05254318	-0.00020891
10652	47.6218	36.9337	68.1736	13.0	-0.06084309	-0.06141635	-0.00057326
10653	49.3525	26.8754	43.7978	12.0	-0.06094934	-0.06074416	0.00020518
10654	71.6155	30.7973	64.8343	12.0	-0.06781257	-0.06790319	-0.00009062
10655	70.0828	24.6196	41.3587	15.0	-0.05381063	-0.05319291	0.00061772
10656	74.8808	31.1281	58.8522	12.0	-0.06695254	-0.06664902	0.00030352
10657	50.9874	46.6394	46.5858	14.0	-0.05969368	-0.05975980	-0.00006612
10658	49.3273	30.6952	44.8829	10.0	-0.06860412	-0.06846075	0.00014337
10659	50.4063	24.1188	61.9284	10.0	-0.06883647	-0.06941790	-0.00058143
10660	71.4368	43.9867	53.6939	13.0	-0.06681359	-0.06669234	0.00012125
10661	55.2884	46.5945	42.6601	15.0	-0.05659329	-0.05653073	0.00006257
10662	47.8128	25.4953	62.2943	11.0	-0.06455352	-0.06509333	-0.00053981
10663	59.7506	42.3362	66.6457	10.0	-0.07770797	-0.07835562	-0.00064765
10664	59.7937	36.2729	43.1912	9.0	-0.08227034	-0.08154084	0.00072950
10665	61.8141	48.4089	60.2326	11.0	-0.07011427	-0.07038853	-0.00027426
10666	56.6498	22.1976	42.4576	14.0	-0.05928999	-0.05877354	0.00051645
10667	70.9245	24.7029	55.9300	10.0	-0.07434295	-0.07363188	0.00071107
10668	65.3213	47.9891	63.1846	13.0	-0.06277401	-0.06302367	-0.00024966
10669	55.1890	40.9767	44.4023	10.0	-0.07465784	-0.07450280	0.00015504
10670	60.3954	21.1080	58.0013	9.0	-0.08011357	-0.07995996	0.00015361
10671	57.2391	41.3909	38.6169	15.0	-0.05605605	-0.05582844	0.00022761
10672	48.3223	35.1138	66.1535	11.0	-0.06908965	-0.06983022	-0.00074058
10673	72.0389	22.0992	51.8775	13.0	-0.06166497	-0.06101748	0.00064750
10674	56.4124	22.8329	40.6820	15.0	-0.05610733	-0.05564205	0.00046529
10675	47.5348	41.0144	69.6445	15.0	-0.05431468	-0.05474688	-0.00043219
10676	59.8658	40.0553	71.9484	14.0	-0.06087611	-0.06139452	-0.00051841
10677	59.7976	16.1263	49.5469	15.0	-0.05640083	-0.05601283	0.00038801
10678	55.7940	24.9239	47.0368	9.0	-0.08106473	-0.08026910	0.00079563
10679	72.7269	39.7996	63.1468	13.0	-0.06442635	-0.06453214	-0.00010579
10680	69.1284	21.1641	64.2674	14.0	-0.05824079	-0.05821678	0.00002401
10681	41.7129	22.9950	55.1294	15.0	-0.04964901	-0.04980530	-0.00015629
10682	62.4328	51.6636	59.2866	14.0	-0.05842819	-0.05860169	-0.00017350
10683	60.4356	30.4161	36.9574	15.0	-0.05572998	-0.05522748	0.00050250
10684	42.4544	29.5642	52.0310	12.0	-0.05785264	-0.05804495	-0.00019231
10685	51.7031	24.8634	43.9329	12.0	-0.06254398	-0.06221360	0.00033038
10686	65.5875	39.0556	42.4678	12.0	-0.06844971	-0.06790256	0.00054715
10687	61.2861	41.9972	67.7042	11.0	-0.07298781	-0.07357965	-0.00059184
10688	58.7050	45.5535	64.0860	10.0	-0.07571455	-0.07619280	-0.00047826
10689	60.6870	34.9351	38.9838	13.0	-0.06305968	-0.06251769	0.00054199
10690	66.1231	18.4034	59.4338	13.0	-0.06145922	-0.06124893	0.00021030
10691	46.2039	22.4556	56.1756	12.0	-0.05851292	-0.05872373	-0.00021081
10692	77.7521	28.3339	52.9803	15.0	-0.05589316	-0.05545798	0.00043518
10693	59.1456	38.5401	70.4707	12.0	-0.06821490	-0.06889142	-0.00067652
10694	71.0597	47.6640	53.9165	15.0	-0.05849445	-0.05845566	0.00003879
10695	52.8085	25.7138	66.5415	11.0	-0.06748889	-0.06823257	-0.00074368
10696	54.0474	41.1235	68.0134	11.0	-0.07063181	-0.07129417	-0.00066236
10697	67.5207	32.8344	42.3792	11.0	-0.06918830	-0.06829958	0.00088872
10698	50.0499	24.3194	42.4252	14.0	-0.05548022	-0.05524046	0.00023976
10699	55.6538	35.7865	40.1371	12.0	-0.06505689	-0.06467578	0.00038111
10700	65.8423	25.0659	62.6588	9.0	-0.08127699	-0.08140877	-0.00013178
10701	58.9612	44.4992	49.3640	9.0	-0.08547500	-0.08549993	-0.00002493
10702	60.8714	31.7930	41.8581	10.0	-0.07581334	-0.07486665	0.00094669
10703	64.4119	19.3861	43.2119	15.0	-0.05440224	-0.05383026	0.00057198
10704	68.0597	19.4450	50.5277	13.0	-0.06165432	-0.06099598	0.00065834
10705	45.2350	20.4132	49.8245	15.0	-0.05069153	-0.05069551	-0.00000398
10706	49.7261	34.2689	42.2721	12.0	-0.06301161	-0.06285712	0.00015449
10707	55.2285	43.6192	63.9136	9.0	-0.08225004	-0.08286122	-0.00061118
10708	44.0384	32.1683	45.6178	13.0	-0.05640413	-0.05643951	-0.00003538
10709	53.5055	48.1002	51.3520	12.0	-0.06728137	-0.06744282	-0.00016145
10710	65.0009	46.2269	43.9038	15.0	-0.05885885	-0.05866965	0.00018920
10711	40.5215	35.4228	58.2397	14.0	-0.05495019	-0.05526287	-0.00031268
10712	57.4877	20.7897	42.0222	15.0	-0.05578200	-0.05530442	0.00047757
10713	57.8583	44.4192	44.5512	12.0	-0.06824553	-0.06812469	0.00012084
10714	57.2725	22.7535	63.5801	10.0	-0.07363706	-0.07420136	-0.00056429
10715	59.9113	22.0333	69.7967	15.0	-0.05615095	-0.05651055	-0.00035960
10716	71.1368	47.8891	56.5422	15.0	-0.05802779	-0.05804469	-0.00001690
10717	71.6726	34.4481	40.5170	15.0	-0.05505897	-0.05453444	0.00052453
10718	74.7240	38.8651	64.3737	15.0	-0.05775237	-0.05781948	-0.00006711
10719	67.9126	20.9354	53.7367	11.0	-0.06975830	-0.06903630	0.00072200
10720	43.9967	34.7645	61.8674	12.0	-0.06324947	-0.06375069	-0.00050123
10721	61.4216	52.0853	50.7989	15.0	-0.05630972	-0.05635318	-0.00004346
10722	60.5038	19.5405	52.5097	11.0	-0.07211121	-0.07152337	0.00058784
10723	64.6478	50.6831	52.6582	14.0	-0.05968989	-0.05973026	-0.00004036
10724	66.2214	16.8334	55.8208	14.0	-0.05817311	-0.05783081	0.00034229
10725	64.5482	18.0279	45.2521	15.0	-0.05466108	-0.05411358	0.00054750
10726	47.2575	27.2015	50.7332	9.0	-0.06945067	-0.06957794	-0.00012727
10727	61.2416	20.3309	44.8651	13.0	-0.06148172	-0.06080795	0.00067377
10728	52.3098	33.5107	42.0004	11.0	-0.06762246	-0.06732196	0.00030050
10729	64.5068	18.8897	58.8863	12.0	-0.06560484	-0.06538097	0.00022387
10730	39.2260	31.0307	51.6826	15.0	-0.05013279	-0.05028971	-0.00015692
10731	57.2835	17.2979	64.5805	15.0	-0.05462890	-0.05481350	-0.00018460
10732	71.4501	40.2287	46.5240	13.0	-0.06492304	-0.06448107	0.00044197
10733	45.0453	44.3154	57.1254	13.0	-0.06045922	-0.06076668	-0.00030746
10734	55.4317	46.3346	53.6397	9.0	-0.08237102	-0.08262727	-0.00025625
10735	41.6463	35.2479	45.9887	15.0	-0.05158333	-0.05165794	-0.00007461
10736	74.8298	29.4812	65.4729	15.0	-0.05641507	-0.05641210	0.00000297
10737	56.9177	40.0980	43.6074	10.0	-0.07546489	-0.07518313	0.00028176
10738	44.5481	46.5399	59.7494	15.0	-0.05399593	-0.05427313	-0.00027720
10739	46.0702	35.9340	65.1815	12.0	-0.06416608	-0.06475608	-0.00059000
10740	52.0097	47.2615	67.9320	15.0	-0.05509557	-0.05545083	-0.00035526
10741	52.6393	29.6318	71.7378	14.0	-0.05791745	-0.05851442	-0.00059697
10742	49.9893	42.4477	52.5180	9.0	-0.08224230	-0.08259057	-0.00034827
10743	43.4480	43.3266	50.8769	15.0	-0.05546624	-0.05564870	-0.00018246
10744	53.5970	15.9016	60.4082	15.0	-0.05304376	-0.05314483	-0.00010107
10745	48.1080	34.3060	40.8851	14.0	-0.05611621	-0.05599918	0.00011703
10746	57.7787	17.3837	52.9695	13.0	-0.06242060	-0.06212841	0.00029219
10747	59.0759	45.5040	70.6273	15.0	-0.05652331	-0.05690535	-0.00038203
10748	68.1423	25.7169	46.4053	10.0	-0.07294966	-0.07175942	0.00119025
10749	65.9727	19.4602	62.1461	13.0	-0.06169471	-0.06163269	0.00006203
10750	75.6929	23.9844	50.7765	15.0	-0.05519631	-0.05467801	0.00051831
10751	50.8675	24.1681	48.0332	10.0	-0.06875108	-0.06854349	0.00020759
10752	75.7912	27.5195	63.2492	15.0	-0.05568531	-0.05557838	0.00010693
10753	70.6204	29.6536	43.6410	12.0	-0.06413915	-0.06329358	0.00084557
10754	57.9769	46.8935	49.1807	11.0	-0.07281040	-0.07286172	-0.00005132
10755	42.9033	39.7032	62.6442	14.0	-0.05658787	-0.05697379	-0.00038592
10756	65.0375	33.4330	40.3618	12.0	-0.06557914	-0.06484055	0.00073859
10757	54.8411	35.4070	43.3004	9.0	-0.07819773	-0.07777187	0.00042587
10758	68.7130	23.8062	56.0651	9.0	-0.07993980	-0.07914200	0.00079780
10759	57.2564	21.0703	64.7027	12.0	-0.06482173	-0.06522032	-0.00039859
10760	74.0059	37.4503	56.4263	12.0	-0.07073173	-0.07046672	0.00026501
10761	40.0199	30.0703	56.0184	14.0	-0.05255262	-0.05279503	-0.00024241
10762	47.6495	23.1040	66.8939	15.0	-0.05278989	-0.05318084	-0.00039095
10763	47.4325	25.8848	67.0813	14.0	-0.05609176	-0.05657632	-0.00048456
10764	73.4035	27.8880	65.1307	14.0	-0.05916315	-0.05915835	0.00000481
10765	57.4170	21.1945	69.0956	15.0	-0.05558771	-0.05595583	-0.00036812
10766	64.1489	48.0833	61.8112	12.0	-0.06632495	-0.06658553	-0.00026058
10767	62.7120	47.3608	67.2783	14.0	-0.05922499	-0.05954589	-0.00032090
10768	68.4122	24.3135	41.8256	14.0	-0.05676636	-0.05607349	0.00069287
10769	67.2662	43.7320	50.3192	11.0	-0.07689066	-0.07669400	0.00019666
10770	61.5451	40.3928	39.4906	14.0	-0.05997881	-0.05962708	0.00035173
10771	64.6120	47.4524	59.7758	11.0	-0.07097572	-0.07121404	-0.00023833
10772	70.4615	39.3134	51.9014	10.0	-0.08225710	-0.08179395	0.00046315
10773	53.4954	17.8590	62.6529	14.0	-0.05575406	-0.05596916	-0.00021510
10774	53.1984	23.1348	40.9826	15.0	-0.05467185	-0.05432430	0.00034755
10775	48.6253	21.3032	48.3930	13.0	-0.05718649	-0.05709029	0.00009620
10776	44.4361	26.7061	47.1851	13.0	-0.05551918	-0.05553461	-0.00001543
10777	71.3694	30.3215	59.6634	9.0	-0.08206716	-0.08173251	0.00033466
10778	66.1210	50.1873	53.4653	14.0	-0.05991586	-0.05995196	-0.00003610
10779	69.1242	24.0778	62.2306	11.0	-0.06968849	-0.06957842	0.00011007
10780	58.2907	29.8684	43.6025	9.0	-0.08301688	-0.08194859	0.00106828
10781	62.1594	40.8185	65.7129	9.0	-0.08515072	-0.08588635	-0.00073563
10782	70.2274	42.0807	53.3662	11.0	-0.07660220	-0.07640842	0.00019377
10783	65.9737	21.2385	48.9999	11.0	-0.06937732	-0.06844825	0.00092907
10784	57.6532	53.2592	55.4687	15.0	-0.05530767	-0.05544772	-0.00014005
10785	47.0847	33.5846	66.0904	12.0	-0.06504223	-0.06570446	-0.00066223
10786	70.5706	42.9464	44.7305	15.0	-0.05873570	-0.05842127	0.00031444
10787	59.5394	51.2999	57.3361	13.0	-0.06168570	-0.06186913	-0.00018343
10788	57.5501	34.1632	36.9599	15.0	-0.05607510	-0.05568931	0.00038579
10789	44.6716	29.4497	62.7983	12.0	-0.06093437	-0.06143605	-0.00050167
10790	54.5355	37.8737	41.8165	11.0	-0.06853792	-0.06825960	0.00027832
10791	69.5789	22.4211	65.2559	14.0	-0.05847635	-0.05849479	-0.00001844
10792	71.3706	35.1040	68.1272	14.0	-0.06074324	-0.06096772	-0.00022447
10793	73.5561	27.5754	44.6383	14.0	-0.05717487	-0.05651513	0.00065974
10794	62.3748	19.3532	48.9467	12.0	-0.06597301	-0.06526455	0.00070846
10795	45.0598	34.3535	54.8965	9.0	-0.07247833	-0.07289888	-0.00042055
10796	45.0656	20.9906	52.6690	14.0	-0.05278246	-0.05286012	-0.00007767
10797	69.5578	29.2207	70.2131	15.0	-0.05720729	-0.05744920	-0.00024192
10798	60.9573	19.0339	56.4867	11.0	-0.07041130	-0.07011964	0.00029166
10799	71.6518	41.3946	63.7450	13.0	-0.06405189	-0.06421207	-0.00016018
10800	54.6841	28.9790	44.4885	9.0	-0.07982982	-0.07915353	0.00067629
10801	56.4147	39.9660	73.0438	15.0	-0.05693854	-0.05743079	-0.00049225
10802	62.2792	21.2696	49.5171	10.0	-0.07548128	-0.07450038	0.00098090
10803	47.4359	28.5879	41.7742	14.0	-0.05460838	-0.05446719	0.00014120
10804	51.0647	50.0760	54.3313	14.0	-0.05912589	-0.05932038	-0.00019449
10805	50.1121	20.8146	60.6807	12.0	-0.06066876	-0.06098393	-0.00031517
10806	44.3534	32.7059	43.6900	14.0	-0.05408294	-0.05407455	0.00000838
10807	41.4717	26.7497	62.0793	15.0	-0.05088670	-0.05119750	-0.00031080
10808	51.3177	22.0240	59.3467	10.0	-0.06827191	-0.06863873	-0.00036682
10809	55.1054	38.8800	71.1024	13.0	-0.06336566	-0.06398736	-0.00062170
10810	69.8502	48.4500	60.6628	15.0	-0.05714938	-0.05726209	-0.00011271
10811	68.6601	41.2425	67.2073	13.0	-0.06388513	-0.06420015	-0.00031501
10812	46.8324	43.8130	61.3877	12.0	-0.06375683	-0.06416318	-0.00040635
10813	50.2856	40.6177	71.4035	15.0	-0.05501429	-0.05547623	-0.00046195
10814	51.7523	15.8384	56.0507	15.0	-0.05277135	-0.05278284	-0.00001149
10815	43.4053	32.0344	48.6091	12.0	-0.05902689	-0.05915098	-0.00012408
10816	66.1414	50.2130	62.8875	15.0	-0.05601601	-0.05619955	-0.00018353
10817	52.7606	45.5474	49.9545	11.0	-0.07332297	-0.07348551	-0.00016254
10818	47.3587	38.9785	42.5786	14.0	-0.05661519	-0.05659279	0.00002240
10819	53.5272	42.1975	70.7785	14.0	-0.05880203	-0.05929199	-0.00048997
10820	67.5728	38.8892	67.7791	12.0	-0.06807979	-0.06849344	-0.00041365
10821	66.6933	19.3960	48.5875	13.0	-0.06123947	-0.06054903	0.00069044
10822	58.3402	22.3898	48.0585	10.0	-0.07687568	-0.07600680	0.00086888
10823	76.1476	35.6422	62.7679	15.0	-0.05807157	-0.05803613	0.00003544
10824	61.1389	21.8541	51.0358	9.0	-0.08275337	-0.08171181	0.00104156
10825	40.5677	29.3775	48.3041	15.0	-0.05015990	-0.05024626	-0.00008636
10826	71.3526	40.8630	43.3573	15.0	-0.05747631	-0.05709495	0.00038136
10827	46.4424	39.6937	53.8827	10.0	-0.07451078	-0.07489818	-0.00038740
10828	59.6015	49.8196	52.9595	12.0	-0.06641266	-0.06653210	-0.00011944
10829	72.9117	28.7227	49.3554	11.0	-0.06963993	-0.06873695	0.00090298
10830	73.0774	36.8829	52.4473	11.0	-0.07459902	-0.07407140	0.00052761
10831	70.6708	23.0581	49.1649	12.0	-0.06477694	-0.06394758	0.00082936
10832	46.6957	41.9346	43.4925	15.0	-0.05436320	-0.05438658	-0.00002339
10833	54.8031	23.4405	41.7982	14.0	-0.05866715	-0.05822058	0.00044657
10834	56.6545	50.2405	65.9626	15.0	-0.05533424	-0.05562408	-0.00028984
10835	64.9684	26.3645	45.2332	9.0	-0.07849826	-0.07710560	0.00139266
10836	52.9839	22.9006	42.4735	14.0	-0.05725431	-0.05689739	0.00035692
10837	68.4923	27.3026	65.1926	11.0	-0.07148580	-0.07167399	-0.00018819
10838	73.3812	29.5793	62.1863	12.0	-0.06661088	-0.06648726	0.00012362
10839	63.0787	25.9043	71.6338	15.0	-0.05707782	-0.05747195	-0.00039413
10840	58.9911	42.8071	40.6703	14.0	-0.06021002	-0.05997980	0.00023022
10841	58.3739	20.4784	59.7274	10.0	-0.07333805	-0.07346055	-0.00012250
10842	39.2726	35.8962	55.7509	15.0	-0.05191117	-0.05215528	-0.00024411
10843	61.8524	43.5474	44.2955	12.0	-0.06941509	-0.06916624	0.00024885
10844	58.3892	35.1894	69.2970	10.0	-0.07630450	-0.07726407	-0.00095958
10845	74.3378	41.6087	63.1361	15.0	-0.05751609	-0.05758188	-0.00006579
10846	67.9753	16.6338	58.2817	15.0	-0.05484050	-0.05460056	0.00023994
10847	46.6755	39.3989	68.1861	14.0	-0.05710723	-0.05758344	-0.00047620
10848	55.9189	44.5589	46.4515	11.0	-0.07251422	-0.07249487	0.00001935
10849	49.4679	44.6591	56.1636	10.0	-0.07449893	-0.07486592	-0.00036699
10850	63.2424	41.1442	71.0283	14.0	-0.06081950	-0.06126591	-0.00044641
10851	74.6135	27.0292	46.7076	14.0	-0.05748847	-0.05684849	0.00063998
10852	64.1959	48.4484	52.1760	12.0	-0.06765314	-0.06768558	-0.00003245
10853	76.0016	40.4914	55.7261	15.0	-0.05951135	-0.05934118	0.00017017
10854	68.1741	37.2611	67.9043	12.0	-0.06799037	-0.06839094	-0.00040056
10855	75.8303	39.1414	61.4462	15.0	-0.05827309	-0.05824883	0.00002426
10856	65.1845	17.6161	54.6303	13.0	-0.06187894	-0.06144777	0.00043116
10857	52.0373	33.5115	72.0707	14.0	-0.05833073	-0.05893103	-0.00060030
10858	50.5722	31.8307	42.9136	11.0	-0.06645286	-0.06622213	0.00023073
10859	70.7069	24.3799	47.1044	12.0	-0.06422321	-0.06335655	0.00086666
10860	56.7426	47.4592	69.0430	15.0	-0.05594889	-0.05630264	-0.00035375
10861	73.3786	36.1887	42.5780	15.0	-0.05563865	-0.05515319	0.00048547
10862	62.7306	18.9887	60.3407	12.0	-0.06580577	-0.06573384	0.00007193
10863	46.9370	21.9898	65.0788	15.0	-0.05237136	-0.05271527	-0.00034391
10864	46.7041	45.8540	48.5579	15.0	-0.05643444	-0.05656382	-0.00012937
10865	50.1291	42.2718	63.8199	10.0	-0.07327449	-0.07385291	-0.00057842
10866	42.2871	24.3717	52.3888	14.0	-0.05196660	-0.05209139	-0.00012479
10867	50.7257	19.5498	55.7327	12.0	-0.06112554	-0.06121373	-0.00008819
10868	48.7366	33.9195	68.9017	13.0	-0.06184580	-0.06249061	-0.00064481
10869	63.1457	17.0113	63.3912	15.0	-0.05535736	-0.05538657	-0.00002921
10870	55.8941	20.1143	54.8655	10.0	-0.07249580	-0.07234332	0.00015247
10871	51.8463	51.6754	58.4787	15.0	-0.05540593	-0.05562381	-0.00021789
10872	74.1862	28.3566	47.2841	13.0	-0.06103609	-0.06032710	0.00070900
10873	46.4876	34.2176	45.9641	11.0	-0.06432619	-0.06436637	-0.00004018
10874	65.7166	37.7913	72.5669	15.0	-0.05702280	-0.05741094	-0.00038814
10875	70.7756	34.3395	70.0599	15.0	-0.05730062	-0.05754665	-0.00024602
10876	47.2089	24.1981	55.2683	10.0	-0.06522641	-0.06547643	-0.00025002
10877	70.6099	39.5009	64.7151	12.0	-0.06809825	-0.06833128	-0.00023304
10878	54.2362	27.1310	67.7261	11.0	-0.06935690	-0.07019919	-0.00084229
10879	60.2705	21.6346	52.3011	9.0	-0.08371623	-0.08284585	0.00087038
10880	72.6872	35.2197	60.6753	11.0	-0.07431876	-0.07424134	0.00007742
10881	48.1344	32.5324	69.5363	14.0	-0.05842850	-0.05901123	-0.00058273
10882	52.8180	35.0885	37.5814	15.0	-0.05439381	-0.05414883	0.00024498
10883	49.0445	27.5839	63.5482	10.0	-0.07041455	-0.07116856	-0.00075401
10884	76.0835	28.7916	60.8267	14.0	-0.05886727	-0.05866831	0.00019896
10885	65.7798	17.1598	62.2965	15.0	-0.05528415	-0.05522313	0.00006103
10886	38.9261	32.5274	56.7252	15.0	-0.05081041	-0.05105502	-0.00024461
10887	50.8005	19.4581	65.5427	15.0	-0.05277648	-0.05308188	-0.00030540
10888	73.6912	27.1499	50.1012	12.0	-0.06543209	-0.06465548	0.00077661
10889	71.8894	26.3709	67.5115	15.0	-0.05622786	-0.05630974	-0.00008188
10890	65.6964	28.6764	72.0103	15.0	-0.05714483	-0.05751109	-0.00036626
10891	53.0848	51.3846	61.8591	15.0	-0.05525082	-0.05550275	-0.00025193
10892	69.8827	28.0519	68.3191	14.0	-0.06028093	-0.06048064	-0.00019971
10893	68.5741	38.4640	48.7888	9.0	-0.08602866	-0.08530647	0.00072219
10894	74.1717	36.3389	51.0482	12.0	-0.06859617	-0.06806539	0.00053078
10895	52.7014	37.1247	68.7561	11.0	-0.07067658	-0.07147711	-0.00080053
10896	76.3235	30.6521	63.3515	15.0	-0.05642540	-0.05634656	0.00007884
10897	61.7086	45.5672	63.4878	10.0	-0.07588174	-0.07631431	-0.00043258
10898	70.4718	17.6684	54.8640	15.0	-0.05475583	-0.05437354	0.00038229
10899	50.4650	23.1089	54.4877	9.0	-0.07205485	-0.07221607	-0.00016122
10900	57.8992	48.9625	59.4758	11.0	-0.06977545	-0.07006440	-0.00028894
10901	45.7786	37.8355	43.5882	14.0	-0.05617908	-0.05619049	-0.00001141
10902	65.6173	39.1685	67.6048	11.0	-0.07275340	-0.07328742	-0.00053403
10903	53.3161	35.6878	43.8337	9.0	-0.07716812	-0.07687352	0.00029461
10904	40.3445	38.7276	57.1005	15.0	-0.05363974	-0.05391669	-0.00027695
10905	51.0960	30.8214	39.5993	14.0	-0.05702743	-0.05676607	0.00026136
10906	64.0689	49.1344	64.4226	14.0	-0.05892047	-0.05917092	-0.00025045
10907	52.1442	37.7924	70.6098	13.0	-0.06226176	-0.06288659	-0.00062483
10908	59.6755	28.2748	40.5238	12.0	-0.06594383	-0.06519806	0.00074578
10909	58.9914	50.9662	62.9538	14.0	-0.05817414	-0.05842876	-0.00025461
10910	43.4467	33.4571	51.4090	11.0	-0.06290914	-0.06314109	-0.00023195
10911	62.3300	21.9118	44.5103	12.0	-0.06482542	-0.06400923	0.00081619
10912	55.1650	34.2213	42.1424	10.0	-0.07353011	-0.07305386	0.00047625
10913	39.2534	33.9529	51.7930	15.0	-0.05093546	-0.05110931	-0.00017385
10914	55.6777	25.3734	42.8775	12.0	-0.06670896	-0.06610603	0.00060293
10915	52.5951	36.6743	66.5982	9.0	-0.08114311	-0.08216997	-0.00102685
10916	64.7947	35.3116	67.8904	10.0	-0.07752099	-0.07822607	-0.00070508
10917	48.0611	30.9444	45.8143	10.0	-0.06758402	-0.06753243	0.00005159
10918	43.6776	25.1517	50.2559	13.0	-0.05491276	-0.05499670	-0.00008394
10919	52.9584	30.6071	42.2639	11.0	-0.06851836	-0.06811219	0.00040617
10920	71.8251	22.6551	55.1992	12.0	-0.06497947	-0.06440448	0.00057498
10921	53.8576	39.6370	70.7048	13.0	-0.06265283	-0.06324887	-0.00059605
10922	49.2330	39.1117	42.4537	13.0	-0.05988321	-0.05982488	0.00005833
10923	44.4959	22.3790	62.5098	15.0	-0.05134778	-0.05164095	-0.00029317
10924	64.5662	44.6225	43.4335	14.0	-0.06176183	-0.06151776	0.00024407
10925	67.6577	42.5345	67.0994	13.0	-0.06396778	-0.06429806	-0.00033028
10926	73.6141	41.2256	57.1781	13.0	-0.06591738	-0.06581899	0.00009839
10927	68.0176	43.1907	64.6941	12.0	-0.06801050	-0.06831381	-0.00030331
10928	47.4864	45.6063	57.2931	12.0	-0.06459157	-0.06491421	-0.00032264
10929	50.2008	29.4240	41.2436	13.0	-0.05902834	-0.05878479	0.00024355
10930	69.6336	32.1738	68.2717	13.0	-0.06424614	-0.06453654	-0.00029040
10931	50.8200	39.4436	44.1458	11.0	-0.06779370	-0.06774216	0.00005154
10932	59.9402	43.3541	42.4747	13.0	-0.06462947	-0.06440034	0.00022913
10933	66.1152	25.7883	68.1328	13.0	-0.06400173	-0.06432469	-0.00032296
10934	55.5198	19.1625	44.5605	15.0	-0.05592570	-0.05553819	0.00038751
10935	45.8013	38.6940	62.1837	11.0	-0.06769603	-0.06823482	-0.00053879
10936	48.3121	27.7608	61.3557	9.0	-0.07295979	-0.07367138	-0.00071159
10937	50.3961	39.3372	64.5553	9.0	-0.07893409	-0.07970757	-0.00077348
10938	74.7915	29.6288	45.6624	14.0	-0.05763356	-0.05700915	0.00062441
10939	49.5878	29.0095	67.3329	12.0	-0.06448378	-0.06519858	-0.00071480
10940	64.4891	31.6599	42.2271	10.0	-0.07414002	-0.07310075	0.00103927
10941	50.0714	27.8238	70.9322	15.0	-0.05490411	-0.05542283	-0.00051873
10942	44.8250	34.8418	66.7805	14.0	-0.05741002	-0.05790821	-0.00049818
10943	73.3033	37.8574	65.1888	14.0	-0.06097515	-0.06109564	-0.00012049
10944	65.2725	43.7764	46.2051	12.0	-0.07065703	-0.07038639	0.00027064
10945	66.0469	23.3665	45.6044	11.0	-0.06830410	-0.06729384	0.00101026
10946	61.7029	26.9734	37.6523	15.0	-0.05491716	-0.05436704	0.00055012
10947	52.6178	21.6359	60.1480	10.0	-0.06889384	-0.06927239	-0.00037854
10948	64.3963	26.5297	70.3856	14.0	-0.06052210	-0.06092502	-0.00040292
10949	64.1384	29.4548	40.3541	12.0	-0.06467076	-0.06385541	0.00081535
10950	39.8516	31.8315	55.6422	14.0	-0.05297635	-0.05322211	-0.00024575
10951	59.4831	18.1164	58.6189	12.0	-0.06498650	-0.06491953	0.00006697
10952	71.8424	41.8504	44.8786	15.0	-0.05814091	-0.05779648	0.00034443
10953	59.3530	53.3026	55.6626	15.0	-0.05534267	-0.05547313	-0.00013047
10954	60.6087	30.1960	38.9903	13.0	-0.06213456	-0.06148888	0.00064568
10955	48.9069	36.4948	66.6725	11.0	-0.06895132	-0.06967557	-0.00072426
10956	70.2607	29.4974	61.3958	9.0	-0.08191907	-0.08178649	0.00013258
10957	77.0792	34.6545	61.1035	15.0	-0.05751195	-0.05740118	0.00011077
10958	53.5361	50.8868	49.7145	15.0	-0.05646288	-0.05655871	-0.00009583
10959	56.1110	46.4557	67.0959	13.0	-0.06257392	-0.06298969	-0.00041577
10960	63.5260	19.8895	61.9498	12.0	-0.06605541	-0.06606708	-0.00001167
10961	59.3338	15.1326	53.8408	15.0	-0.05586046	-0.05562375	0.00023671
10962	55.1024	52.1221	51.5873	15.0	-0.05592913	-0.05603850	-0.00010937
10963	75.4431	38.0392	63.2342	15.0	-0.05813160	-0.05814940	-0.00001780
10964	54.4144	16.5251	53.0783	14.0	-0.05702408	-0.05688215	0.00014193
10965	63.9312	45.2359	60.2840	9.0	-0.08220570	-0.08255933	-0.00035363
10966	52.5421	42.1644	69.3563	13.0	-0.06177584	-0.06229952	-0.00052369
10967	64.9028	29.3049	68.0314	11.0	-0.07261482	-0.07319370	-0.00057887
10968	66.2730	25.3695	46.8060	9.0	-0.07862336	-0.07721986	0.00140350
10969	66.4011	31.9815	70.2782	13.0	-0.06400488	-0.06445303	-0.00044815
10970	46.3008	37.4313	54.2268	9.0	-0.07746035	-0.07790219	-0.00044184
10971	53.1856	34.2265	67.0471	9.0	-0.08105736	-0.08222121	-0.00116384
10972	55.8545	48.7702	45.5506	15.0	-0.05780213	-0.05780093	0.00000120
10973	67.8940	27.0810	45.1646	10.0	-0.07277819	-0.07159173	0.00118646
10974	51.3848	29.0559	44.2186	10.0	-0.07024841	-0.06993299	0.00031543
10975	69.3405	45.3413	55.7297	12.0	-0.06977161	-0.06978436	-0.00001275
10976	56.7928	45.4084	70.5432	15.0	-0.05648797	-0.05688513	-0.00039715
10977	77.9263	28.5550	57.0986	15.0	-0.05568949	-0.05537879	0.00031070
10978	41.8711	31.2990	55.3700	12.0	-0.05851140	-0.05879998	-0.00028859
10979	69.4481	20.7840	57.7393	12.0	-0.06477720	-0.06437302	0.00040418
10980	53.6493	29.6022	38.0463	15.0	-0.05525009	-0.05490716	0.00034293
10981	76.1293	27.7600	46.9372	15.0	-0.05471530	-0.05416287	0.00055243
10982	73.0655	33.1170	53.6910	10.0	-0.07855018	-0.07782589	0.00072429
10983	67.1626	43.2210	55.5152	9.0	-0.08667810	-0.08673835	-0.00006024
10984	53.7960	46.3654	46.2331	13.0	-0.06371545	-0.06374270	-0.00002724
10985	53.0304	35.8460	67.9050	10.0	-0.07606931	-0.07703384	-0.00096453
10986	72.0440	39.8140	57.3265	11.0	-0.07512930	-0.07501697	0.00011233
10987	50.1123	44.3316	50.7203	11.0	-0.07220008	-0.07241934	-0.00021927
10988	42.5775	29.9375	44.5693	15.0	-0.05068320	-0.05069155	-0.00000835
10989	64.7577	18.3295	62.8638	14.0	-0.05858129	-0.05857255	0.00000875
10990	58.7280	32.7224	74.3597	15.0	-0.05582721	-0.05633546	-0.00050826
10991	60.8849	25.9231	72.2175	15.0	-0.05635447	-0.05679063	-0.00043616
10992	57.9556	18.2534	50.3293	13.0	-0.06356909	-0.06313889	0.00043020
10993	72.9597	38.7652	67.0835	15.0	-0.05741223	-0.05757265	-0.00016042
10994	58.9475	24.1732	44.0221	11.0	-0.07038475	-0.06952813	0.00085662
10995	45.7393	46.5682	51.1144	15.0	-0.05565295	-0.05582416	-0.00017121
10996	53.2951	39.2395	67.4321	10.0	-0.07536089	-0.07616251	-0.00080163
10997	48.8684	22.9877	45.7592	13.0	-0.05734384	-0.05718476	0.00015908
10998	64.9748	24.5489	70.2094	15.0	-0.05743276	-0.05774195	-0.00030919
10999	75.7364	34.7410	63.9240	15.0	-0.05786411	-0.05785867	0.00000544
11000	70.7765	19.6216	62.3308	15.0	-0.05479900	-0.05466962	0.00012938
11001	57.8263	39.9208	68.9132	11.0	-0.07296057	-0.07368928	-0.00072871
11002	55.1736	52.9128	55.8002	15.0	-0.05531005	-0.05547153	-0.00016148
11003	59.9821	25.3616	67.1353	11.0	-0.07175367	-0.07243831	-0.00068464
11004	71.0317	32.2534	66.9527	13.0	-0.06458157	-0.06478549	-0.00020392
11005	61.1205	19.7447	66.3207	14.0	-0.05838295	-0.05861656	-0.00023361
11006	67.4979	17.8230	51.5983	14.0	-0.05848974	-0.05796199	0.00052775
11007	45.7904	26.2438	57.1905	10.0	-0.06489282	-0.06525885	-0.00036603
11008	72.4339	25.0128	49.6412	12.0	-0.06501847	-0.06420709	0.00081138
11009	56.7134	38.1586	41.6113	11.0	-0.06989883	-0.06953511	0.00036372
11010	71.2000	38.9659	55.5487	10.0	-0.08226862	-0.08201049	0.00025813
11011	71.6843	23.1207	63.8606	14.0	-0.05819262	-0.05811989	0.00007273
11012	59.6772	17.1724	53.8033	13.0	-0.06264955	-0.06232726	0.00032229
11013	61.9599	48.8636	57.8983	11.0	-0.07022548	-0.07044223	-0.00021675
11014	64.2646	34.5818	69.2086	11.0	-0.07236527	-0.07302918	-0.00066391
11015	68.3573	18.4654	62.9246	15.0	-0.05502374	-0.05494632	0.00007742
11016	61.6763	24.6965	40.8682	13.0	-0.06103929	-0.06032171	0.00071758
11017	67.1224	21.6109	57.0732	10.0	-0.07423316	-0.07369104	0.00054212
11018	57.1484	24.7028	71.6793	15.0	-0.05564919	-0.05611357	-0.00046438
11019	69.7796	41.3846	51.0978	11.0	-0.07766371	-0.07733225	0.00033146
11020	40.1616	37.3806	58.8737	15.0	-0.05326228	-0.05356321	-0.00030092
11021	42.7107	36.0233	65.5662	15.0	-0.05408424	-0.05449644	-0.00041221
11022	56.3874	30.3929	70.8409	12.0	-0.06537510	-0.06613399	-0.00075889
11023	50.1664	44.3345	66.7185	13.0	-0.06083101	-0.06127662	-0.00044561
11024	74.0188	21.5821	50.8213	15.0	-0.05509004	-0.05456686	0.00052319
11025	56.4074	27.2473	39.5372	14.0	-0.05970317	-0.05919201	0.00051116
11026	62.0179	17.1947	57.0584	13.0	-0.06225241	-0.06202129	0.00023113
11027	59.5127	38.2826	37.5155	15.0	-0.05643030	-0.05608662	0.00034368
11028	71.5122	37.8431	65.9260	13.0	-0.06437562	-0.06458243	-0.00020681
11029	42.7217	36.9698	54.7211	12.0	-0.06195839	-0.06227283	-0.00031444
11030	46.1315	26.7424	48.6256	11.0	-0.06191514	-0.06195064	-0.00003550
11031	63.2492	42.8338	66.6215	11.0	-0.07275271	-0.07326237	-0.00050966
11032	49.0244	47.6891	48.5281	15.0	-0.05703370	-0.05714788	-0.00011418
11033	71.6733	40.1081	54.4997	11.0	-0.07662091	-0.07636846	0.00025245
11034	76.9828	34.7847	54.9310	14.0	-0.06089299	-0.06055518	0.00033780
11035	69.3178	20.3066	62.9070	14.0	-0.05799795	-0.05790757	0.00009038
11036	66.9273	33.5797	66.6837	10.0	-0.07799689	-0.07854898	-0.00055209
11037	48.5922	48.3613	63.9583	15.0	-0.05441819	-0.05472454	-0.00030636
11038	53.4745	34.7952	71.5224	13.0	-0.06205300	-0.06272221	-0.00066921
11039	49.0291	24.5273	45.6893	12.0	-0.06041434	-0.06024734	0.00016700
11040	47.6565	41.5972	45.5783	13.0	-0.06082879	-0.06089305	-0.00006425
11041	61.7243	24.6733	44.5571	10.0	-0.07402627	-0.07291846	0.00110781
11042	68.1370	28.8814	69.7782	14.0	-0.06039207	-0.06069465	-0.00030258
11043	48.0932	35.2363	44.7202	11.0	-0.06584059	-0.06581661	0.00002398
11044	51.7894	38.3295	38.4399	15.0	-0.05418196	-0.05401331	0.00016865
11045	65.1585	27.2942	40.1412	13.0	-0.06048168	-0.05973248	0.00074921
11046	61.6522	21.8660	48.0794	10.0	-0.07507549	-0.07405647	0.00101902
11047	58.4189	18.4854	60.0777	12.0	-0.06455539	-0.06461558	-0.00006019
11048	73.7056	22.8625	62.7971	15.0	-0.05495532	-0.05482185	0.00013348
11049	45.0554	45.7966	62.9300	15.0	-0.05381848	-0.05413386	-0.00031538
11050	73.3569	24.7145	55.6378	12.0	-0.06519241	-0.06464011	0.00055229
11051	44.0770	39.8359	59.0062	12.0	-0.06371566	-0.06412244	-0.00040678
11052	52.6515	26.1308	45.2490	10.0	-0.07114241	-0.07071924	0.00042317
11053	61.6069	28.2455	66.2403	9.0	-0.08395996	-0.08494553	-0.00098556
11054	45.9666	42.8221	53.0199	12.0	-0.06542043	-0.06569664	-0.00027621
11055	46.7658	34.3004	41.7296	14.0	-0.05546800	-0.05539488	0.00007312
11056	67.3925	49.0977	63.5580	15.0	-0.05641242	-0.05659775	-0.00018533
11057	43.6139	36.0000	57.0578	11.0	-0.06581405	-0.06622370	-0.00040965
11058	55.0724	16.6424	49.3143	15.0	-0.05550100	-0.05524005	0.00026094
11059	50.2771	24.5871	50.0278	9.0	-0.07213750	-0.07206350	0.00007400
11060	56.2182	21.5360	50.5116	10.0	-0.07594464	-0.07541549	0.00052915
11061	70.3611	27.2929	50.2432	9.0	-0.08024135	-0.07894752	0.00129383
11062	51.6880	44.3311	62.8573	10.0	-0.07414637	-0.07465412	-0.00050775
11063	43.0512	34.5020	54.8062	11.0	-0.06373191	-0.06406476	-0.00033284
11064	54.7829	49.4288	59.3164	12.0	-0.06563261	-0.06591683	-0.00028422
11065	75.4518	22.4742	54.5707	15.0	-0.05486401	-0.05444719	0.00041682
11066	41.4074	25.7394	49.1248	15.0	-0.04979514	-0.04986548	-0.00007034
11067	60.1843	21.0100	41.1914	15.0	-0.05501301	-0.05447924	0.00053377
11068	74.5009	42.0062	50.5464	15.0	-0.05944511	-0.05918629	0.00025882
11069	47.7552	26.9093	40.9610	15.0	-0.05215553	-0.05199274	0.00016279
11070	57.6787	15.2872	59.3654	15.0	-0.05469053	-0.05468214	0.00000839
11071	44.7631	19.6811	55.0010	15.0	-0.05047918	-0.05058929	-0.00011011
11072	63.0453	41.9782	44.5830	11.0	-0.07383438	-0.07347396	0.00036043
11073	55.1304	29.5364	37.7941	15.0	-0.05578284	-0.05539186	0.00039098
11074	64.2586	40.0312	67.8011	11.0	-0.07310974	-0.07368196	-0.00057222
11075	59.4103	22.5463	44.0362	12.0	-0.06575651	-0.06500738	0.00074913
11076	47.2977	21.3467	50.1703	13.0	-0.05642940	-0.05641647	0.00001293
11077	72.0738	32.8795	57.3961	9.0	-0.08397368	-0.08348076	0.00049292
11078	48.9541	18.4692	62.2823	15.0	-0.05200880	-0.05223867	-0.00022988
11079	71.1635	35.9273	48.3016	10.0	-0.07691639	-0.07610279	0.00081360
11080	46.0777	29.5449	64.4284	12.0	-0.06253198	-0.06311353	-0.00058155
11081	57.0563	21.5261	48.3078	11.0	-0.07236964	-0.07171743	0.00065221
11082	67.8999	20.1164	63.8805	14.0	-0.05825641	-0.05823352	0.00002288
11083	59.2954	15.9845	55.1009	14.0	-0.05864141	-0.05842686	0.00021455
11084	41.9036	27.2299	57.1839	13.0	-0.05490055	-0.05517224	-0.00027169
11085	64.5799	37.2131	37.9396	15.0	-0.05655608	-0.05610938	0.00044670
11086	69.7271	19.8534	45.8868	15.0	-0.05422170	-0.05363564	0.00058606
11087	40.7843	35.2464	50.6792	14.0	-0.05413665	-0.05431163	-0.00017497
11088	71.5926	30.7930	42.9586	13.0	-0.06065565	-0.05993244	0.00072322
11089	55.6918	47.8763	57.3899	10.0	-0.07522408	-0.07552477	-0.00030069
11090	48.3334	20.9403	60.9578	13.0	-0.05730221	-0.05760367	-0.00030145
11091	50.8906	42.8578	45.3211	12.0	-0.06526208	-0.06528694	-0.00002486
11092	69.0764	33.8628	63.0534	9.0	-0.08602783	-0.08630085	-0.00027302
11093	43.3914	24.9295	48.5152	14.0	-0.05253653	-0.05257612	-0.00003959
11094	76.0596	30.1602	57.7004	13.0	-0.06264426	-0.06230111	0.00034315
11095	75.6226	27.4942	56.8118	13.0	-0.06190681	-0.06149339	0.00041342
11096	69.1213	30.7317	67.1025	12.0	-0.06835257	-0.06864679	-0.00029421
11097	39.2562	29.0820	53.1027	15.0	-0.04975979	-0.04992830	-0.00016851
11098	64.4929	49.5340	49.6510	14.0	-0.06059569	-0.06057101	0.00002468
11099	63.6421	43.4673	70.9085	15.0	-0.05746155	-0.05783292	-0.00037136
11100	45.9940	28.3956	52.2467	9.0	-0.06863986	-0.06887188	-0.00023202
11101	47.9361	37.2577	69.6417	14.0	-0.05770125	-0.05822985	-0.00052860
11102	71.7493	27.0016	58.9026	10.0	-0.07470161	-0.07426326	0.00043836
11103	73.1147	39.3938	58.9790	12.0	-0.06984163	-0.06977929	0.00006234
11104	74.0697	33.6464	56.9679	11.0	-0.07292827	-0.07253417	0.00039410
11105	60.5017	20.3134	46.8251	12.0	-0.06590867	-0.06518748	0.00072119
11106	49.9877	33.0852	67.2090	11.0	-0.07019627	-0.07104173	-0.00084546
11107	65.0789	36.0741	44.2774	9.0	-0.08252518	-0.08155914	0.00096604
11108	72.4737	29.5395	66.6350	14.0	-0.05999013	-0.06008182	-0.00009168
11109	47.5557	30.8910	63.3373	10.0	-0.07158147	-0.07234502	-0.00076355
11110	52.6645	19.1834	62.4741	13.0	-0.05840002	-0.05867692	-0.00027690
11111	43.3384	34.0500	48.9387	12.0	-0.05978172	-0.05993272	-0.00015100
11112	52.5368	44.0347	70.6976	15.0	-0.05534180	-0.05575992	-0.00041812
11113	52.4991	16.4535	61.2726	15.0	-0.05270680	-0.05285216	-0.00014536
11114	42.3015	41.5933	62.3508	15.0	-0.05362701	-0.05396202	-0.00033502
11115	54.3452	32.5889	37.2948	15.0	-0.05503116	-0.05470745	0.00032371
11116	48.8361	21.6995	55.0485	11.0	-0.06316662	-0.06331753	-0.00015091
11117	43.0126	30.4231	56.0869	11.0	-0.06162136	-0.06195381	-0.00033245
11118	63.7824	30.1528	42.2245	10.0	-0.07385536	-0.07277920	0.00107616
11119	62.7374	49.0438	66.9708	15.0	-0.05582946	-0.05610270	-0.00027324
11120	56.9871	44.6643	43.3450	13.0	-0.06353729	-0.06342055	0.00011674
11121	49.1682	39.2071	70.0750	14.0	-0.05775858	-0.05827181	-0.00051323
11122	43.5722	23.7359	47.2928	15.0	-0.05035250	-0.05035383	-0.00000133
11123	64.2365	46.5782	45.7232	14.0	-0.06271702	-0.06256482	0.00015220
11124	46.8646	26.1688	54.2155	9.0	-0.06862759	-0.06889897	-0.00027138
11125	57.9448	41.9938	65.6945	9.0	-0.08381449	-0.08455160	-0.00073712
11126	47.7007	25.3453	46.0997	12.0	-0.05963975	-0.05953811	0.00010165
11127	41.2446	28.9746	56.0263	13.0	-0.05498107	-0.05524022	-0.00025916
11128	73.8263	39.9068	53.3827	13.0	-0.06732201	-0.06703408	0.00028793
11129	68.9259	39.1248	41.6467	14.0	-0.06000573	-0.05953609	0.00046963
11130	75.4500	36.6011	55.2116	13.0	-0.06566603	-0.06534363	0.00032240
11131	62.7271	52.8106	57.9214	15.0	-0.05544414	-0.05558009	-0.00013595
11132	54.3914	49.5191	51.1074	13.0	-0.06300271	-0.06313354	-0.00013083
11133	50.5724	25.0202	45.7119	11.0	-0.06490742	-0.06465902	0.00024840
11134	56.4125	48.0030	55.2289	10.0	-0.07546869	-0.07571335	-0.00024465
11135	66.4370	39.9906	44.9416	11.0	-0.07436965	-0.07382351	0.00054614
11136	75.8512	33.7223	61.8383	14.0	-0.06054874	-0.06045540	0.00009333
11137	51.4985	29.7982	42.8486	11.0	-0.06673829	-0.06642075	0.00031754
11138	72.3431	35.6919	63.3086	12.0	-0.06969996	-0.06978564	-0.00008568
11139	53.9266	20.3007	63.0365	12.0	-0.06233989	-0.06269231	-0.00035243
11140	61.3809	34.0794	72.0604	13.0	-0.06331569	-0.06392063	-0.00060495
11141	43.7740	38.0807	59.6697	12.0	-0.06377943	-0.06421426	-0.00043484
11142	47.8604	34.5589	70.8152	15.0	-0.05525728	-0.05577189	-0.00051462
11143	77.5107	36.2676	52.6209	15.0	-0.05789560	-0.05755603	0.00033957
11144	46.8421	29.4681	60.5239	9.0	-0.07206945	-0.07271648	-0.00064703
11145	67.4850	20.7202	49.1378	12.0	-0.06500154	-0.06419697	0.00080457
11146	55.5082	48.2977	60.3236	11.0	-0.07004028	-0.07037323	-0.00033294
11147	59.3885	43.9312	65.6195	10.0	-0.07664278	-0.07720510	-0.00056232
11148	65.7694	49.6574	48.7657	15.0	-0.05778923	-0.05773480	0.00005443
11149	46.8377	37.3512	51.1727	9.0	-0.07610313	-0.07642300	-0.00031987
11150	60.9683	41.5066	72.3337	15.0	-0.05771412	-0.05815427	-0.00044016
11151	40.3939	36.3953	49.2811	15.0	-0.05185823	-0.05200058	-0.00014235
11152	69.0190	21.2206	47.3221	13.0	-0.06066666	-0.05992447	0.00074218
11153	64.4118	30.9969	70.8530	13.0	-0.06408518	-0.06460680	-0.00052162
11154	48.0554	42.1821	53.0837	10.0	-0.07520077	-0.07553926	-0.00033849
11155	59.8106	24.2080	68.7952	13.0	-0.06322691	-0.06374080	-0.00051389
11156	70.9870	18.1427	57.6279	15.0	-0.05459847	-0.05430216	0.00029631
11157	60.7866	28.5188	39.3044	13.0	-0.06172959	-0.06105731	0.00067227
11158	73.5106	25.9927	63.9647	14.0	-0.05857198	-0.05849935	0.00007263
11159	73.0092	45.7615	55.8443	15.0	-0.05869744	-0.05865391	0.00004353
11160	54.4202	28.2439	69.6168	12.0	-0.06504368	-0.06579654	-0.00075286
11161	43.5293	27.5265	63.8660	14.0	-0.05451290	-0.05491445	-0.00040155
11162	41.2009	30.0659	57.4496	13.0	-0.05548341	-0.05578128	-0.00029787
11163	59.5385	41.5754	69.2473	12.0	-0.06844240	-0.06903080	-0.00058840
11164	57.8462	45.8060	67.9401	13.0	-0.06279325	-0.06322206	-0.00042881
11165	43.1789	29.3418	54.8640	11.0	-0.06106283	-0.06134968	-0.00028685
11166	61.4944	42.6003	46.1777	10.0	-0.08000628	-0.07974320	0.00026308
11167	43.6404	43.5078	63.3353	15.0	-0.05364010	-0.05397494	-0.00033484
11168	58.4387	48.7291	45.1120	15.0	-0.05805134	-0.05801048	0.00004086
11169	64.3343	38.5340	40.5119	13.0	-0.06375177	-0.06325268	0.00049909
11170	71.5371	40.6955	58.6363	11.0	-0.07412138	-0.07411658	0.00000480
11171	41.9855	32.5195	49.4062	13.0	-0.05604514	-0.05618818	-0.00014304
11172	58.6195	22.3669	61.5730	9.0	-0.07877935	-0.07918398	-0.00040463
11173	58.2877	49.4115	61.4678	12.0	-0.06542000	-0.06571502	-0.00029502
11174	46.4758	32.5463	69.4411	15.0	-0.05532699	-0.05583618	-0.00050918
11175	63.3760	47.7362	49.9679	12.0	-0.06842804	-0.06840772	0.00002032
11176	59.2784	47.9826	67.3479	14.0	-0.05883697	-0.05917870	-0.00034173
11177	73.5745	35.5421	53.0287	11.0	-0.07414725	-0.07358577	0.00056148
11178	69.1208	48.4454	62.2435	15.0	-0.05691162	-0.05705950	-0.00014787
11179	45.9471	38.4915	45.3132	13.0	-0.05953924	-0.05959725	-0.00005801
11180	75.5536	40.8687	60.4009	15.0	-0.05816703	-0.05814031	0.00002672
11181	52.9476	20.9503	58.3825	10.0	-0.06905674	-0.06930017	-0.00024343
11182	60.2287	52.6926	52.2251	15.0	-0.05590541	-0.05598222	-0.00007681
11183	69.2593	34.2971	71.1800	15.0	-0.05711910	-0.05741752	-0.00029841
11184	58.3345	31.4211	37.1602	15.0	-0.05654831	-0.05609109	0.00045722
11185	52.1752	40.6364	40.3112	14.0	-0.05739957	-0.05726865	0.00013092
11186	71.2685	29.6535	40.2283	15.0	-0.05416649	-0.05357868	0.00058781
11187	64.5666	22.9445	68.1269	14.0	-0.06003937	-0.06031346	-0.00027409
11188	50.8241	47.6788	59.5846	12.0	-0.06536832	-0.06569715	-0.00032883
11189	44.2390	44.7103	58.8914	14.0	-0.05688219	-0.05718477	-0.00030258
11190	61.4308	33.4900	41.9180	10.0	-0.07636195	-0.07546713	0.00089483
11191	63.4076	16.8617	59.7951	14.0	-0.05865422	-0.05853514	0.00011909
11192	39.6698	27.5083	52.9731	15.0	-0.04957026	-0.04972628	-0.00015602
11193	47.3484	47.5818	60.6288	14.0	-0.05727158	-0.05757224	-0.00030066
11194	72.0060	40.6020	47.9478	13.0	-0.06554705	-0.06514212	0.00040492
11195	44.0769	46.3329	57.2679	15.0	-0.05422514	-0.05447689	-0.00025175
11196	69.2214	20.4791	54.3208	12.0	-0.06513082	-0.06453301	0.00059780
11197	66.2093	43.1377	68.8514	14.0	-0.06064436	-0.06099243	-0.00034807
11198	42.8789	31.5795	43.8948	15.0	-0.05104508	-0.05104967	-0.00000458
11199	43.5396	37.9550	48.4165	13.0	-0.05857876	-0.05872743	-0.00014867
11200	55.3742	49.8924	56.6043	12.0	-0.06572786	-0.06595818	-0.00023033
11201	53.0498	40.2706	72.4675	15.0	-0.05585671	-0.05633922	-0.00048251
11202	47.1889	39.8112	55.6653	9.0	-0.07928161	-0.07975872	-0.00047711
11203	58.2306	32.1947	43.1655	9.0	-0.08305159	-0.08211452	0.00093707
11204	74.9135	23.3153	49.2562	15.0	-0.05479837	-0.05425114	0.00054723
11205	62.7696	46.6744	61.0357	10.0	-0.07560173	-0.07593486	-0.00033313
11206	64.6233	21.0695	58.9445	10.0	-0.07481406	-0.07453819	0.00027587
11207	67.1405	39.6625	63.6583	9.0	-0.08363738	-0.08411328	-0.00047591
11208	58.2901	35.3587	43.0760	9.0	-0.08198763	-0.08128284	0.00070479
11209	66.3002	28.8655	40.0252	13.0	-0.06051746	-0.05977571	0.00074175
11210	53.5152	38.4941	68.7855	11.0	-0.07080879	-0.07157042	-0.00076163
11211	51.7837	32.1713	40.1928	13.0	-0.06030250	-0.06002038	0.00028212
11212	44.1270	34.7460	63.9369	13.0	-0.06053421	-0.06103668	-0.00050248
11213	61.7424	17.5715	52.1477	13.0	-0.06315928	-0.06268412	0.00047516
11214	71.9478	29.1044	62.4042	11.0	-0.07094705	-0.07085202	0.00009503
11215	66.6390	31.3686	72.2844	15.0	-0.05717960	-0.05754521	-0.00036560
11216	74.5875	43.2935	54.6339	15.0	-0.05929994	-0.05916928	0.00013066
11217	43.4135	30.1514	64.6815	14.0	-0.05550695	-0.05594585	-0.00043890
11218	51.6525	48.1079	50.9167	13.0	-0.06358979	-0.06374797	-0.00015818
11219	73.5032	26.5000	43.4366	15.0	-0.05404839	-0.05344897	0.00059942
11220	55.3892	50.2463	63.5650	14.0	-0.05829264	-0.05858330	-0.00029066
11221	62.9562	39.0017	39.1672	14.0	-0.05990986	-0.05949237	0.00041749
11222	62.4240	17.9369	65.2932	15.0	-0.05532285	-0.05543971	-0.00011686
11223	66.1360	22.4167	64.3912	12.0	-0.06609243	-0.06619689	-0.00010445
11224	65.9677	21.7878	59.6518	10.0	-0.07447476	-0.07421518	0.00025958
11225	72.4184	23.5428	65.2042	15.0	-0.05536361	-0.05533378	0.00002982
11226	56.8904	44.3661	41.7165	14.0	-0.05965089	-0.05950975	0.00014114
11227	62.9034	20.0353	66.1717	14.0	-0.05878125	-0.05897305	-0.00019180
11228	44.0343	36.5627	43.2923	15.0	-0.05254944	-0.05256434	-0.00001490
11229	63.2642	18.4362	53.4019	12.0	-0.06649222	-0.06596363	0.00052859
11230	64.5609	31.0481	40.2182	12.0	-0.06494057	-0.06415037	0.00079019
11231	61.6871	22.0419	64.2045	11.0	-0.07009843	-0.07040836	-0.00030994
11232	75.8178	40.4784	53.8362	15.0	-0.05984769	-0.05962431	0.00022338
11233	56.3838	43.7870	65.4227	10.0	-0.07682832	-0.07741823	-0.00058991
11234	63.2253	47.2842	65.6220	13.0	-0.06263428	-0.06295626	-0.00032199
11235	45.7905	28.3116	41.7711	15.0	-0.05151519	-0.05141681	0.00009838
11236	55.5512	18.0604	55.9826	12.0	-0.06351948	-0.06345210	0.00006738
11237	49.2517	28.5124	44.3564	11.0	-0.06437373	-0.06419232	0.00018141
11238	67.4002	23.3288	52.5430	9.0	-0.08139733	-0.08022396	0.00117337
11239	62.1083	38.7273	66.7805	9.0	-0.08495265	-0.08580901	-0.00085636
11240	49.7102	34.4892	64.6218	9.0	-0.07997101	-0.08096213	-0.00099112
11241	51.8289	25.6862	69.7187	14.0	-0.05746118	-0.05800656	-0.00054538
11242	48.0035	21.4099	44.8218	15.0	-0.05184334	-0.05170395	0.00013939
11243	68.8598	17.5239	50.7657	15.0	-0.05526652	-0.05477152	0.00049500
11244	52.4513	48.2792	48.2714	14.0	-0.06052875	-0.06061810	-0.00008934
11245	46.4275	42.4826	64.6493	13.0	-0.05997490	-0.06040849	-0.00043360
11246	53.3167	45.6067	43.6731	14.0	-0.05912441	-0.05909528	0.00002914
11247	73.9145	31.5412	51.5385	11.0	-0.07145344	-0.07069121	0.00076223
11248	77.4022	28.7489	50.1846	15.0	-0.05556335	-0.05507036	0.00049300
11249	66.3650	23.3208	69.0756	15.0	-0.05675151	-0.05697372	-0.00022221
11250	68.6958	39.1519	62.1005	9.0	-0.08395112	-0.08426945	-0.00031833
11251	76.8628	38.0238	58.0333	15.0	-0.05880544	-0.05865123	0.00015420
11252	52.0598	41.9011	71.6184	15.0	-0.05537523	-0.05582740	-0.00045217
11253	42.6674	35.2558	44.4789	15.0	-0.05180632	-0.05184699	-0.00004067
11254	64.6418	20.5896	56.5579	10.0	-0.07492172	-0.07441421	0.00050751
11255	61.5116	44.5660	48.4361	10.0	-0.08041096	-0.08031631	0.00009466
11256	69.1679	26.8008	48.4228	9.0	-0.07914445	-0.07777789	0.00136656
11257	52.9828	42.2061	64.4499	9.0	-0.08035196	-0.08102528	-0.00067332
11258	52.2530	44.4747	60.9083	9.0	-0.08035078	-0.08084877	-0.00049800
11259	44.7685	32.4031	41.9026	15.0	-0.05180195	-0.05175388	0.00004807
11260	53.4744	35.2477	40.5310	12.0	-0.06403793	-0.06373432	0.00030361
11261	69.9799	18.5825	49.0214	15.0	-0.05478456	-0.05424524	0.00053933
11262	55.6537	28.0849	72.0969	14.0	-0.05816479	-0.05874210	-0.00057731
11263	60.4699	36.3651	38.1322	14.0	-0.05951091	-0.05906702	0.00044390
11264	61.8514	36.2323	39.2696	13.0	-0.06315863	-0.06262957	0.00052906
11265	72.2227	33.0003	55.5979	9.0	-0.08432841	-0.08365367	0.00067474
11266	72.2779	21.5927	46.4931	15.0	-0.05423267	-0.05364498	0.00058769
11267	52.7013	33.7792	69.0682	11.0	-0.07000015	-0.07087228	-0.00087213
11268	62.7551	16.2136	55.5513	14.0	-0.05891431	-0.05862614	0.00028817
11269	58.6184	27.9151	38.6988	14.0	-0.05893689	-0.05837861	0.00055828
11270	53.0733	22.9458	50.7639	9.0	-0.07585783	-0.07560689	0.00025094
11271	57.2125	38.4555	37.5125	15.0	-0.05579826	-0.05550708	0.00029118
11272	67.0666	48.9595	61.6447	14.0	-0.05949939	-0.05967558	-0.00017620
11273	73.2724	21.4850	48.6149	15.0	-0.05460109	-0.05404096	0.00056013
11274	55.6927	47.7419	61.8384	11.0	-0.07015346	-0.07052292	-0.00036946
11275	40.1544	28.5479	60.3488	15.0	-0.05058414	-0.05087073	-0.00028659
11276	63.8740	15.9987	50.5313	15.0	-0.05583827	-0.05540183	0.00043645
11277	72.3114	35.5352	51.1370	10.0	-0.07833013	-0.07759373	0.00073640
11278	44.9512	32.2435	53.4802	9.0	-0.07016384	-0.07050505	-0.00034121
11279	52.8953	37.3253	42.1624	11.0	-0.06774529	-0.06752398	0.00022131
11280	63.9622	43.6146	50.3249	9.0	-0.08735746	-0.08724021	0.00011725
11281	45.0732	38.1484	68.3732	15.0	-0.05412930	-0.05456774	-0.00043843
11282	74.5649	39.1262	48.6690	14.0	-0.06106098	-0.06066346	0.00039752
11283	54.3705	32.0630	72.7970	14.0	-0.05821861	-0.05881812	-0.00059950
11284	67.6086	37.3540	71.8334	15.0	-0.05699205	-0.05733637	-0.00034432
11285	55.3460	42.1684	46.8115	9.0	-0.08176431	-0.08173257	0.00003174
11286	43.6975	35.5618	51.9937	11.0	-0.06445871	-0.06472579	-0.00026708
11287	58.4346	22.4755	45.9836	11.0	-0.07099522	-0.07019630	0.00079892
11288	59.0980	45.6464	66.8116	12.0	-0.06664420	-0.06708924	-0.00044504
11289	75.6517	34.1319	50.5971	13.0	-0.06342188	-0.06288736	0.00053452
11290	50.2732	20.1033	44.8888	15.0	-0.05288544	-0.05268270	0.00020274
11291	47.3067	32.8767	63.1810	10.0	-0.07311354	-0.07388226	-0.00076873
11292	52.8580	48.4484	65.1481	14.0	-0.05843895	-0.05877970	-0.00034075
11293	70.6764	43.2650	67.0322	15.0	-0.05703881	-0.05724753	-0.00020871
11294	42.4666	33.0959	65.2835	15.0	-0.05377555	-0.05418861	-0.00041306
11295	49.2885	45.8013	44.8543	15.0	-0.05565342	-0.05569462	-0.00004120
11296	43.1614	37.7774	56.5692	12.0	-0.06325560	-0.06362012	-0.00036451
11297	56.6639	18.4647	52.6902	12.0	-0.06550625	-0.06521402	0.00029223
11298	63.4479	52.0839	52.2214	15.0	-0.05627251	-0.05631878	-0.00004626
11299	63.3890	23.9442	44.0422	11.0	-0.06860393	-0.06761992	0.00098400
11300	47.1421	40.8925	66.5649	13.0	-0.06019942	-0.06068447	-0.00048505
11301	57.2280	18.1321	54.2598	12.0	-0.06534468	-0.06511264	0.00023204
11302	64.8979	23.9262	39.3989	15.0	-0.05414816	-0.05355134	0.00059681
11303	62.9018	21.9025	51.1944	9.0	-0.08201687	-0.08089511	0.00112175
11304	51.0726	24.7407	63.3337	10.0	-0.06953684	-0.07021050	-0.00067366
11305	58.7269	21.0134	57.5497	9.0	-0.07942387	-0.07933803	0.00008583
11306	66.2067	30.3095	66.5666	10.0	-0.07792338	-0.07847257	-0.00054919
11307	66.0883	48.7923	65.3288	15.0	-0.05626157	-0.05648648	-0.00022490
11308	75.1818	25.9364	63.3001	15.0	-0.05540854	-0.05529668	0.00011186
11309	54.3656	19.5443	50.5112	12.0	-0.06483242	-0.06454728	0.00028514
11310	62.5296	24.8859	43.1737	11.0	-0.06878862	-0.06781984	0.00096878
11311	75.8157	38.0057	51.8428	14.0	-0.06165353	-0.06129515	0.00035838
11312	51.6479	28.6736	40.9266	13.0	-0.05992117	-0.05960580	0.00031537
11313	52.1534	17.2417	62.9190	15.0	-0.05269219	-0.05289335	-0.00020116
11314	55.3076	45.7515	68.8597	14.0	-0.05921792	-0.05963412	-0.00041620
11315	52.0133	40.9102	47.3605	9.0	-0.07966730	-0.07974611	-0.00007881
11316	49.0810	42.3172	48.6971	11.0	-0.07040001	-0.07056743	-0.00016742
11317	62.5437	22.4698	62.7540	10.0	-0.07539134	-0.07562008	-0.00022874
11318	77.3810	35.2396	59.7445	15.0	-0.05765652	-0.05750873	0.00014779
11319	55.0961	20.9988	49.3335	11.0	-0.06964207	-0.06921189	0.00043018
11320	51.5666	20.3453	67.0399	15.0	-0.05319980	-0.05354648	-0.00034668
11321	48.9325	37.8741	67.7857	12.0	-0.06464527	-0.06527544	-0.00063017
11322	45.0918	37.5309	47.5121	12.0	-0.06205142	-0.06217902	-0.00012760
11323	43.3486	41.4933	47.8825	15.0	-0.05440711	-0.05453458	-0.00012747
11324	75.5322	35.2611	45.1577	15.0	-0.05574169	-0.05526354	0.00047815
11325	46.9283	45.2031	66.3457	15.0	-0.05400195	-0.05435847	-0.00035651
11326	62.8703	21.3041	56.7087	9.0	-0.08140893	-0.08091774	0.00049119
11327	57.7635	51.5557	63.9676	15.0	-0.05512023	-0.05537049	-0.00025026
11328	64.9582	22.9248	60.4081	9.0	-0.08057139	-0.08043630	0.00013509
11329	58.0303	17.1527	58.5415	13.0	-0.06104450	-0.06101402	0.00003048
11330	44.8926	35.4316	45.0140	13.0	-0.05775676	-0.05779551	-0.00003875
11331	75.7462	31.1929	50.4932	13.0	-0.06256620	-0.06196797	0.00059824
11332	72.2709	41.5368	55.7790	12.0	-0.07063831	-0.07050792	0.00013039
11333	71.4462	33.3519	61.6607	10.0	-0.07865668	-0.07863324	0.00002345
11334	61.8655	48.7942	62.0573	12.0	-0.06577240	-0.06605469	-0.00028228
11335	51.5749	35.7543	40.2035	13.0	-0.05994597	-0.05973538	0.00021059
11336	59.0005	38.7733	67.1396	9.0	-0.08542484	-0.08639271	-0.00096787
11337	70.8381	24.0636	43.8822	14.0	-0.05683178	-0.05614288	0.00068890
11338	70.0278	32.6087	42.8408	12.0	-0.06477596	-0.06398994	0.00078602
11339	59.7661	48.2201	57.9134	10.0	-0.07491256	-0.07517977	-0.00026720
11340	51.1090	39.8671	41.6231	13.0	-0.06025447	-0.06014926	0.00010521
11341	49.1335	46.8859	46.7020	15.0	-0.05636013	-0.05643960	-0.00007947
11342	65.3635	30.0654	41.6087	11.0	-0.06867486	-0.06772824	0.00094662
11343	61.7949	39.1444	37.9267	15.0	-0.05659614	-0.05623413	0.00036201
11344	48.9936	21.2051	59.5923	12.0	-0.06041121	-0.06070570	-0.00029449
11345	52.1884	18.1282	59.1323	13.0	-0.05809599	-0.05824407	-0.00014807
11346	60.1841	17.4927	65.1120	15.0	-0.05492420	-0.05507342	-0.00014922
11347	46.3117	25.8823	43.8773	14.0	-0.05372688	-0.05362904	0.00009784
11348	46.5748	26.9201	52.9273	9.0	-0.06856492	-0.06879460	-0.00022967
11349	59.1396	16.2340	59.4294	14.0	-0.05779539	-0.05776455	0.00003085
11350	48.7285	49.6049	61.2378	15.0	-0.05466629	-0.05493563	-0.00026934
11351	56.7793	36.9960	73.9901	15.0	-0.05620889	-0.05672042	-0.00051153
11352	65.5583	43.9791	65.8509	12.0	-0.06817187	-0.06855036	-0.00037849
11353	39.3132	28.3109	55.1559	15.0	-0.04974256	-0.04993980	-0.00019724
11354	69.8089	39.2084	54.3143	9.0	-0.08949388	-0.08916521	0.00032867
11355	58.3407	46.6433	60.3084	9.0	-0.08073607	-0.08112588	-0.00038980
11356	50.6093	23.7133	59.0513	9.0	-0.07247627	-0.07295419	-0.00047793
11357	62.2491	36.2420	67.5281	9.0	-0.08401411	-0.08496365	-0.00094954
11358	56.5344	50.1794	51.3731	13.0	-0.06275949	-0.06287225	-0.00011277
11359	77.9966	33.2107	52.4142	15.0	-0.05701228	-0.05661818	0.00039410
11360	64.6646	46.0675	66.1180	13.0	-0.06324242	-0.06357178	-0.00032936
11361	72.1455	26.2054	45.3831	13.0	-0.06035688	-0.05959632	0.00076056
11362	57.3863	22.1471	51.3903	9.0	-0.08280094	-0.08212121	0.00067973
11363	59.0206	34.4046	74.3642	15.0	-0.05607280	-0.05657749	-0.00050469
11364	72.0492	24.5620	54.9149	11.0	-0.06956628	-0.06888215	0.00068413
11365	59.3033	25.1188	71.9544	15.0	-0.05604259	-0.05648945	-0.00044685
11366	45.2416	29.2174	59.6344	10.0	-0.06646277	-0.06696515	-0.00050237
11367	51.3507	16.4023	59.7635	15.0	-0.05239720	-0.05251763	-0.00012043
11368	55.0559	45.1798	61.7378	9.0	-0.08193842	-0.08243195	-0.00049353
11369	42.1597	31.5301	57.9082	12.0	-0.05917335	-0.05952743	-0.00035408
11370	42.3118	23.9598	56.1364	14.0	-0.05208839	-0.05228699	-0.00019860
11371	46.0829	43.6800	62.8198	13.0	-0.05995780	-0.06035098	-0.00039317
11372	63.0905	44.5092	49.0718	10.0	-0.08061008	-0.08049481	0.00011527
11373	52.5752	35.8323	69.9318	12.0	-0.06633272	-0.06707721	-0.00074449
11374	64.1236	21.8846	41.9654	14.0	-0.05722710	-0.05656608	0.00066102
11375	57.9405	45.4848	50.6727	9.0	-0.08393479	-0.08405151	-0.00011672
11376	68.4807	48.9589	57.5670	14.0	-0.06012423	-0.06020744	-0.00008321
11377	63.2842	49.7522	61.4270	13.0	-0.06205524	-0.06228222	-0.00022697
11378	45.5163	44.3039	60.3421	13.0	-0.06006334	-0.06041555	-0.00035221
11379	42.8788	37.6201	65.6600	15.0	-0.05389425	-0.05429683	-0.00040258
11380	46.2531	28.0160	58.1530	9.0	-0.06956190	-0.07004717	-0.00048527
11381	59.9971	31.3369	39.9448	12.0	-0.06658861	-0.06588910	0.00069952
11382	65.1857	37.6508	43.9374	10.0	-0.07786007	-0.07711003	0.00075004
11383	65.5629	45.8598	54.0538	10.0	-0.07817749	-0.07823635	-0.00005886
11384	72.4763	22.1577	57.8671	13.0	-0.06098563	-0.06060609	0.00037953
11385	63.2596	20.8248	63.6729	12.0	-0.06611247	-0.06625421	-0.00014174
11386	55.0699	45.9185	46.9517	12.0	-0.06839540	-0.06842175	-0.00002635
11387	48.1707	49.1070	52.3243	15.0	-0.05587225	-0.05604307	-0.00017081
11388	41.0008	35.1265	60.1394	14.0	-0.05537601	-0.05572550	-0.00034949
11389	71.3676	42.3253	46.9859	14.0	-0.06236531	-0.06203447	0.00033084
11390	70.9801	38.6352	69.1550	15.0	-0.05728753	-0.05752631	-0.00023878
11391	51.0306	27.0379	42.8849	12.0	-0.06228209	-0.06198281	0.00029928
11392	41.8940	27.6848	46.5735	15.0	-0.05022044	-0.05025534	-0.00003490
11393	74.2275	21.1083	53.1267	15.0	-0.05489217	-0.05443274	0.00045943
11394	42.8846	33.0497	55.7603	11.0	-0.06289095	-0.06323728	-0.00034633
11395	42.3739	34.5985	57.9368	12.0	-0.06093387	-0.06131071	-0.00037684
11396	66.6531	19.8040	59.7261	12.0	-0.06514895	-0.06492126	0.00022769
11397	59.5568	22.9005	67.9739	13.0	-0.06252070	-0.06297605	-0.00045535
11398	68.6208	46.8858	60.3294	13.0	-0.06401391	-0.06416499	-0.00015108
11399	55.3563	20.1757	66.5995	14.0	-0.05717407	-0.05752919	-0.00035512
11400	51.4542	20.5606	58.6239	11.0	-0.06444714	-0.06469041	-0.00024327
11401	61.9090	50.3922	63.4341	14.0	-0.05844033	-0.05868516	-0.00024483
11402	63.7309	20.0010	45.6405	13.0	-0.06103490	-0.06032765	0.00070725
11403	46.1541	27.9056	60.3995	10.0	-0.06677336	-0.06730594	-0.00053258
11404	64.8392	43.1771	42.2192	14.0	-0.06125697	-0.06095284	0.00030413
11405	72.6596	27.8802	43.3858	14.0	-0.05704087	-0.05637294	0.00066794
11406	53.5518	22.9526	48.2780	10.0	-0.07198961	-0.07158649	0.00040312
11407	71.5772	22.9367	61.7128	13.0	-0.06124887	-0.06106963	0.00017924
11408	66.0137	37.4501	40.6155	13.0	-0.06320031	-0.06264467	0.00055565
11409	58.0516	44.6413	46.4627	11.0	-0.07394454	-0.07387484	0.00006970
11410	71.4403	42.7561	58.8919	12.0	-0.06905606	-0.06909556	-0.00003950
11411	65.3842	46.2688	55.5986	10.0	-0.07736914	-0.07749284	-0.00012370
11412	50.7914	32.1136	72.4992	15.0	-0.05511135	-0.05564865	-0.00053730
11413	54.9109	49.6819	55.1461	12.0	-0.06600089	-0.06621167	-0.00021078
11414	47.2104	34.0798	69.0512	14.0	-0.05809422	-0.05865092	-0.00055670
11415	57.8198	25.5205	64.8317	9.0	-0.08092977	-0.08188275	-0.00095298
11416	48.0354	21.4682	46.5713	14.0	-0.05424540	-0.05412968	0.00011572
11417	46.0772	21.5559	46.5473	15.0	-0.05108379	-0.05101736	0.00006643
11418	72.7226	19.5261	53.3104	15.0	-0.05482448	-0.05437638	0.00044810
11419	52.2733	44.7704	67.5146	13.0	-0.06151416	-0.06196722	-0.00045305
11420	44.5666	40.0608	52.4363	12.0	-0.06467140	-0.06494697	-0.00027558
11421	62.7368	51.1392	49.2848	15.0	-0.05689570	-0.05689717	-0.00000147
11422	58.8417	32.1418	69.2748	10.0	-0.07542953	-0.07641441	-0.00098488
11423	49.9727	21.2170	57.1636	11.0	-0.06412649	-0.06434516	-0.00021868
11424	66.8432	45.4484	65.0604	13.0	-0.06389463	-0.06418178	-0.00028715
11425	46.6429	18.4839	53.1815	15.0	-0.05120379	-0.05124549	-0.00004170
11426	50.5469	42.6709	61.9582	9.0	-0.07898772	-0.07956257	-0.00057484
11427	61.1566	46.7345	61.9491	10.0	-0.07529101	-0.07566499	-0.00037398
11428	53.3184	49.6868	52.7055	13.0	-0.06270491	-0.06287335	-0.00016844
11429	39.5773	31.0253	59.7879	15.0	-0.05095739	-0.05124596	-0.00028857
11430	65.0381	17.9864	52.0685	13.0	-0.06233072	-0.06177816	0.00055255
11431	57.3773	44.5988	66.2809	11.0	-0.07137010	-0.07189168	-0.00052158
11432	53.6418	23.9680	64.2021	10.0	-0.07084010	-0.07153301	-0.00069292
11433	48.2227	25.0268	68.6569	15.0	-0.05350621	-0.05395302	-0.00044681
11434	41.5089	27.9043	54.7427	13.0	-0.05467141	-0.05489432	-0.00022291
11435	70.3085	39.5369	48.3774	11.0	-0.07444212	-0.07391166	0.00053046
11436	53.9855	22.0452	41.6926	15.0	-0.05510278	-0.05473160	0.00037118
11437	48.2883	40.2261	52.7273	9.0	-0.08141677	-0.08181096	-0.00039419
11438	76.3631	24.0596	56.9356	15.0	-0.05491591	-0.05457527	0.00034065
11439	45.7495	29.7815	68.2527	15.0	-0.05471924	-0.05520383	-0.00048459
11440	52.0426	28.1592	66.1485	10.0	-0.07280772	-0.07374960	-0.00094188
11441	72.6231	33.3104	59.1472	10.0	-0.07809930	-0.07783063	0.00026867
11442	50.7978	46.7915	57.7006	11.0	-0.06995172	-0.07028556	-0.00033383
11443	68.4801	30.0072	71.1219	15.0	-0.05713440	-0.05742727	-0.00029287
11444	75.5263	32.2108	44.5632	15.0	-0.05497760	-0.05444757	0.00053003
11445	74.8167	35.1896	54.6671	12.0	-0.06926418	-0.06883531	0.00042886
11446	72.3546	39.9944	51.2766	12.0	-0.07097874	-0.07059793	0.00038081
11447	54.6530	50.6380	58.1644	13.0	-0.06174248	-0.06197995	-0.00023746
11448	62.2728	34.5757	73.8875	15.0	-0.05680437	-0.05727269	-0.00046832
11449	47.8092	43.7881	65.1477	13.0	-0.06022673	-0.06065379	-0.00042706
11450	73.9746	32.6679	58.2429	11.0	-0.07228196	-0.07194460	0.00033736
11451	53.5694	43.1889	42.6928	13.0	-0.06178009	-0.06169442	0.00008567
11452	60.1599	25.1430	40.6873	13.0	-0.06152149	-0.06083521	0.00068628
11453	71.7059	42.6719	62.1816	13.0	-0.06420214	-0.06432582	-0.00012368
11454	74.0902	37.2607	48.1823	13.0	-0.06377151	-0.06326412	0.00050739
11455	66.0423	18.4766	45.1778	15.0	-0.05445081	-0.05388535	0.00056545
11456	77.4047	30.0576	49.2260	15.0	-0.05552820	-0.05503325	0.00049494
11457	74.2208	35.1870	59.6142	12.0	-0.06914242	-0.06897911	0.00016331
11458	65.9010	22.0782	54.5103	9.0	-0.08078557	-0.07988762	0.00089795
11459	40.5829	33.7271	62.2535	15.0	-0.05258518	-0.05293226	-0.00034708
11460	58.2857	17.9571	45.4741	15.0	-0.05596082	-0.05551659	0.00044423
11461	53.7615	41.5698	44.0025	11.0	-0.06942796	-0.06932996	0.00009799
11462	72.1716	22.4219	59.6420	13.0	-0.06102697	-0.06073600	0.00029097
11463	62.7843	49.4397	46.6306	15.0	-0.05789687	-0.05783682	0.00006005
11464	48.3168	25.2941	41.4282	15.0	-0.05223791	-0.05205750	0.00018041
11465	61.9465	36.0352	69.6670	11.0	-0.07275226	-0.07350156	-0.00074930
11466	75.8109	34.5834	57.9863	13.0	-0.06445376	-0.06420214	0.00025161
11467	48.0780	31.1619	70.5947	15.0	-0.05515770	-0.05568251	-0.00052481
11468	53.6549	51.0093	63.2784	15.0	-0.05526144	-0.05552940	-0.00026796
11469	72.9812	44.9804	52.6824	15.0	-0.05960794	-0.05947692	0.00013102
11470	59.9772	18.2732	62.4038	13.0	-0.06107924	-0.06118738	-0.00010814
11471	52.1804	45.3217	69.7146	15.0	-0.05517639	-0.05556995	-0.00039356
11472	44.7978	24.5599	51.7393	12.0	-0.05782895	-0.05794387	-0.00011492
11473	56.5899	41.6531	72.4773	15.0	-0.05688892	-0.05735503	-0.00046611
11474	42.1737	30.7239	49.1872	13.0	-0.05555436	-0.05567730	-0.00012294
11475	55.1081	51.8713	57.3108	14.0	-0.05828021	-0.05847896	-0.00019875
11476	69.1907	45.2123	54.0879	12.0	-0.07023930	-0.07019663	0.00004268
11477	58.4926	29.2825	39.4414	13.0	-0.06275321	-0.06214082	0.00061239
11478	70.6665	37.7557	40.7946	15.0	-0.05606237	-0.05559962	0.00046276
11479	66.0565	37.3571	70.3202	13.0	-0.06379632	-0.06425145	-0.00045513
11480	60.3890	43.5080	69.3679	13.0	-0.06377495	-0.06424925	-0.00047430
11481	45.9581	35.0203	63.1436	11.0	-0.06841565	-0.06904499	-0.00062934
11482	54.8559	30.9368	67.4179	9.0	-0.07959419	-0.08081093	-0.00121673
11483	76.0035	30.4098	47.9863	14.0	-0.05827941	-0.05769925	0.00058016
11484	49.4327	42.6996	68.8005	14.0	-0.05748376	-0.05793486	-0.00045110
11485	53.7789	15.4086	58.0888	15.0	-0.05321319	-0.05324161	-0.00002842
11486	58.3731	43.8661	70.3977	14.0	-0.06008227	-0.06053370	-0.00045143
11487	56.7435	26.0890	68.9362	12.0	-0.06576307	-0.06646052	-0.00069745
11488	61.5602	24.1474	66.1622	11.0	-0.07122729	-0.07174141	-0.00051412
11489	43.9058	23.8908	61.2726	14.0	-0.05333776	-0.05364883	-0.00031107
11490	68.2928	26.2237	40.6787	14.0	-0.05682573	-0.05613954	0.00068618
11491	67.7517	30.8406	41.4114	12.0	-0.06436920	-0.06354583	0.00082336
11492	64.8266	44.9509	49.1084	11.0	-0.07542169	-0.07528186	0.00013983
11493	63.9978	49.3163	56.7528	12.0	-0.06638549	-0.06653315	-0.00014766
11494	43.7650	39.2616	57.4182	12.0	-0.06404269	-0.06442524	-0.00038255
11495	52.7652	39.7209	38.5675	15.0	-0.05450993	-0.05434263	0.00016730
11496	71.7298	25.1013	42.3988	15.0	-0.05386229	-0.05324874	0.00061355
11497	56.3989	34.0324	37.9786	14.0	-0.05862557	-0.05823579	0.00038978
11498	67.6018	19.7807	58.1518	12.0	-0.06496149	-0.06461547	0.00034602
11499	46.8978	23.5563	52.2706	11.0	-0.06176741	-0.06187042	-0.00010301
11500	71.2388	35.8443	57.6899	9.0	-0.08725285	-0.08696486	0.00028799
11501	75.4497	29.3283	47.0528	14.0	-0.05787312	-0.05726387	0.00060925
11502	72.5922	41.2123	66.3473	15.0	-0.05716363	-0.05732444	-0.00016081
11503	51.1476	30.6706	70.1367	13.0	-0.06131414	-0.06198772	-0.00067357
11504	71.4875	39.2459	42.2630	15.0	-0.05666983	-0.05624395	0.00042588
11505	59.7288	24.7589	65.6065	10.0	-0.07576415	-0.07646957	-0.00070541
11506	67.0028	35.7355	38.1910	15.0	-0.05569499	-0.05520314	0.00049185
11507	61.1281	21.3370	69.1865	15.0	-0.05602595	-0.05633470	-0.00030875
11508	72.8441	36.2325	47.1899	12.0	-0.06700389	-0.06637537	0.00062852
11509	51.9900	27.8507	71.9727	15.0	-0.05490218	-0.05542480	-0.00052261
11510	46.4759	41.4804	61.2042	11.0	-0.06770181	-0.06817738	-0.00047557
11511	52.9119	16.9582	52.6803	14.0	-0.05648611	-0.05637575	0.00011035
11512	58.4286	26.8772	65.8772	9.0	-0.08170950	-0.08278020	-0.00107070
11513	64.8101	15.4647	55.8145	15.0	-0.05538280	-0.05510374	0.00027906
11514	57.7175	19.1140	57.7945	11.0	-0.06892988	-0.06889320	0.00003667
11515	67.1102	20.3821	55.0951	11.0	-0.06959895	-0.06899083	0.00060812
11516	46.5880	23.8826	57.9677	11.0	-0.06199530	-0.06231873	-0.00032343
11517	66.7325	31.5701	67.7690	11.0	-0.07264715	-0.07314936	-0.00050221
11518	71.3240	30.6744	41.3913	14.0	-0.05727377	-0.05662794	0.00064584
11519	52.5295	17.1516	49.0580	15.0	-0.05415130	-0.05396254	0.00018876
11520	71.6874	37.5350	57.3752	10.0	-0.08185218	-0.08164197	0.00021021
11521	53.7860	21.4385	51.6187	10.0	-0.07241087	-0.07216970	0.00024118
11522	74.5892	25.9265	45.3257	15.0	-0.05424880	-0.05366273	0.00058608
11523	70.5310	31.8896	61.4367	9.0	-0.08364411	-0.08358952	0.00005459
11524	50.3811	25.7221	43.9192	12.0	-0.06155649	-0.06129828	0.00025821
11525	52.6235	43.0907	44.4119	12.0	-0.06549127	-0.06546099	0.00003028
11526	72.4983	30.0681	50.4440	10.0	-0.07538462	-0.07439028	0.00099434
11527	72.6057	19.2260	55.1919	15.0	-0.05465823	-0.05426968	0.00038855
11528	41.6185	37.9511	63.0737	15.0	-0.05381931	-0.05418389	-0.00036458
11529	46.1654	38.8171	49.0890	11.0	-0.06743701	-0.06763162	-0.00019461
11530	52.1532	31.8534	66.2011	9.0	-0.08005167	-0.08123279	-0.00118112
11531	69.4377	46.7767	56.8194	13.0	-0.06476800	-0.06481875	-0.00005075
11532	71.6706	22.6514	44.3608	15.0	-0.05396565	-0.05335816	0.00060749
11533	74.8743	39.6511	47.1743	15.0	-0.05753472	-0.05716467	0.00037006
11534	72.0175	31.5575	52.5964	9.0	-0.08337417	-0.08235471	0.00101946
11535	46.8815	18.8308	50.9361	15.0	-0.05133451	-0.05132586	0.00000866
11536	73.8343	31.0978	45.6940	13.0	-0.06116306	-0.06047326	0.00068980
11537	64.1463	21.1673	47.8529	11.0	-0.06935577	-0.06842979	0.00092597
11538	52.5314	19.6864	46.1927	14.0	-0.05680085	-0.05652571	0.00027513
11539	50.9633	40.6366	69.3923	13.0	-0.06136236	-0.06190901	-0.00054665
11540	58.2270	46.2670	43.6553	14.0	-0.06097129	-0.06087172	0.00009957
11541	63.8525	20.2387	60.1436	11.0	-0.07018997	-0.07006684	0.00012313
11542	56.3989	49.0879	61.7146	12.0	-0.06552527	-0.06584202	-0.00031675
11543	46.4630	19.0693	59.1583	15.0	-0.05144893	-0.05163328	-0.00018435
11544	46.2893	42.4831	55.8224	11.0	-0.06873424	-0.06909544	-0.00036120
11545	53.9703	26.3775	45.9826	9.0	-0.07780906	-0.07722559	0.00058347
11546	48.1919	31.5367	66.6422	12.0	-0.06562108	-0.06633649	-0.00071541
11547	47.0534	31.4008	65.5878	12.0	-0.06487159	-0.06553658	-0.00066499
11548	52.8957	47.4412	62.7394	12.0	-0.06579349	-0.06617035	-0.00037686
11549	67.6164	50.4931	53.4813	15.0	-0.05701359	-0.05703092	-0.00001733
11550	63.3680	23.7858	66.6267	12.0	-0.06732071	-0.06769620	-0.00037550
11551	46.5040	24.0905	61.0713	12.0	-0.05978686	-0.06018425	-0.00039740
11552	52.1066	45.7708	62.9996	11.0	-0.06960314	-0.07004451	-0.00044137
11553	75.2953	36.5192	47.6779	14.0	-0.05975103	-0.05927488	0.00047615
11554	65.8479	41.4402	67.5433	12.0	-0.06831552	-0.06875388	-0.00043837
11555	61.0348	31.3604	71.9427	13.0	-0.06288044	-0.06348927	-0.00060883
11556	62.8884	46.1804	53.9437	9.0	-0.08279804	-0.08292985	-0.00013181
11557	51.2316	46.5961	44.3386	15.0	-0.05600476	-0.05602086	-0.00001611
11558	56.4316	45.0571	50.4899	9.0	-0.08434595	-0.08449123	-0.00014527
11559	70.9126	18.4237	59.1826	15.0	-0.05460321	-0.05436031	0.00024290
11560	54.7585	30.7735	71.6461	13.0	-0.06144613	-0.06212095	-0.00067483
11561	62.3491	39.0145	70.9796	13.0	-0.06431389	-0.06485681	-0.00054292
11562	57.9719	31.8023	41.2104	11.0	-0.07184224	-0.07113444	0.00070780
11563	69.1871	21.6260	60.6837	12.0	-0.06492845	-0.06470775	0.00022070
11564	66.8027	46.0193	59.5527	11.0	-0.07223667	-0.07244179	-0.00020512
11565	49.7385	38.9202	46.2283	10.0	-0.07243259	-0.07248163	-0.00004904
11566	57.6220	37.0084	37.1991	15.0	-0.05594979	-0.05561901	0.00033078
11567	65.0612	46.9053	48.1258	13.0	-0.06574359	-0.06563338	0.00011021
11568	56.1542	21.9206	69.6529	15.0	-0.05522429	-0.05562673	-0.00040244
11569	53.4479	47.9911	67.6832	15.0	-0.05550079	-0.05584549	-0.00034470
11570	51.0583	45.5949	54.9425	10.0	-0.07584628	-0.07616870	-0.00032242
11571	51.5080	25.2545	42.4821	13.0	-0.05931267	-0.05899761	0.00031506
11572	58.3897	22.1545	41.8695	14.0	-0.05861605	-0.05805173	0.00056432
11573	59.1772	36.0751	37.0668	15.0	-0.05632843	-0.05594340	0.00038503
11574	67.8699	43.5031	53.8540	10.0	-0.08133894	-0.08128093	0.00005801
11575	57.1678	42.1713	40.1772	14.0	-0.05929978	-0.05908825	0.00021153
11576	54.3619	49.9902	47.6588	15.0	-0.05703059	-0.05708643	-0.00005585
11577	65.9933	44.9487	43.0153	15.0	-0.05853000	-0.05828823	0.00024177
11578	44.2909	30.4131	49.5040	11.0	-0.06192104	-0.06206019	-0.00013915
11579	64.7382	42.8505	40.5805	15.0	-0.05759455	-0.05729328	0.00030127
11580	72.9256	44.3274	56.6645	14.0	-0.06188935	-0.06184668	0.00004267
11581	69.1849	42.8339	61.5386	11.0	-0.07282378	-0.07303743	-0.00021364
11582	52.4652	42.2221	39.8722	15.0	-0.05482475	-0.05471190	0.00011285
11583	51.4586	49.0316	65.3853	15.0	-0.05503082	-0.05534409	-0.00031326
11584	49.3447	47.3085	52.1804	13.0	-0.06277505	-0.06297537	-0.00020032
11585	45.5526	41.1766	44.2561	15.0	-0.05429435	-0.05433905	-0.00004470
11586	57.5061	53.0683	59.2431	15.0	-0.05504264	-0.05523040	-0.00018776
11587	44.0097	29.5665	42.9923	15.0	-0.05105496	-0.05101554	0.00003942
11588	72.5064	37.7444	62.4715	12.0	-0.06912698	-0.06920317	-0.00007619
11589	57.4796	44.0870	49.0771	9.0	-0.08587383	-0.08592479	-0.00005097
11590	55.1224	39.4497	66.7417	9.0	-0.08247520	-0.08338184	-0.00090664
11591	42.3675	22.5013	52.2774	15.0	-0.04972826	-0.04982497	-0.00009671
11592	52.1408	49.6985	55.9672	13.0	-0.06233011	-0.06255952	-0.00022941
11593	77.6171	35.3438	51.3595	15.0	-0.05722614	-0.05684435	0.00038179
11594	72.6793	36.6815	59.3003	11.0	-0.07542108	-0.07530086	0.00012022
11595	49.7058	23.5617	44.5973	13.0	-0.05789731	-0.05768636	0.00021096
11596	65.6850	36.7421	42.4881	11.0	-0.07154152	-0.07082015	0.00072137
11597	44.5528	39.4226	44.2086	15.0	-0.05366839	-0.05371217	-0.00004378
11598	55.7983	44.5324	67.3171	12.0	-0.06694121	-0.06744460	-0.00050340
11599	47.6476	36.5173	48.7747	9.0	-0.07506545	-0.07526239	-0.00019695
11600	67.8396	40.5835	62.0748	9.0	-0.08375030	-0.08411449	-0.00036419
11601	59.2671	26.2593	69.1198	12.0	-0.06657451	-0.06723425	-0.00065974
11602	68.3276	28.9352	63.3423	9.0	-0.08261908	-0.08278732	-0.00016823
11603	74.8462	26.4502	51.9563	13.0	-0.06221303	-0.06158326	0.00062978
11604	65.4157	17.3578	50.4727	14.0	-0.05862591	-0.05809419	0.00053172
11605	46.7260	20.7647	53.8264	13.0	-0.05599695	-0.05609236	-0.00009541
11606	64.7515	29.8479	72.6291	15.0	-0.05723316	-0.05764021	-0.00040705
11607	65.4721	44.4075	50.9153	10.0	-0.08067522	-0.08057102	0.00010420
11608	49.4568	18.5571	48.0346	15.0	-0.05249210	-0.05236702	0.00012508
11609	66.0617	33.0666	71.6779	14.0	-0.06025887	-0.06068438	-0.00042551
11610	48.4929	23.0502	42.8638	15.0	-0.05213649	-0.05196060	0.00017589
11611	63.2103	49.0735	48.0698	14.0	-0.06092206	-0.06087703	0.00004503
11612	76.9960	36.9872	59.3182	15.0	-0.05836415	-0.05823170	0.00013245
11613	68.2313	38.9619	39.8937	15.0	-0.05666238	-0.05622984	0.00043255
11614	76.4290	26.8928	48.4497	15.0	-0.05492342	-0.05438484	0.00053858
11615	63.3386	49.9188	65.5647	15.0	-0.05570088	-0.05594532	-0.00024444
11616	63.2787	32.8528	69.4115	11.0	-0.07255438	-0.07327783	-0.00072344
11617	72.9758	29.0581	56.2164	10.0	-0.07566190	-0.07501913	0.00064277
11618	68.5245	44.4010	62.5388	12.0	-0.06827333	-0.06850666	-0.00023333
11619	48.8190	25.9024	63.7995	11.0	-0.06551494	-0.06613431	-0.00061937
11620	44.9248	34.9440	65.2558	13.0	-0.06059634	-0.06112707	-0.00053073
11621	51.7925	27.0113	41.4784	13.0	-0.05975852	-0.05942837	0.00033015
11622	68.3326	24.9037	49.7993	9.0	-0.07979299	-0.07845146	0.00134153
11623	58.5736	24.1832	45.5365	10.0	-0.07594950	-0.07498403	0.00096547
11624	45.6325	35.2004	52.4205	9.0	-0.07336235	-0.07370838	-0.00034603
11625	69.4978	42.1467	55.9830	10.0	-0.08064634	-0.08061035	0.00003599
11626	58.2688	23.4479	70.8262	15.0	-0.05609942	-0.05652779	-0.00042838
11627	68.7198	20.1398	56.5204	12.0	-0.06490457	-0.06444077	0.00046380
11628	63.2509	20.6767	68.1527	15.0	-0.05609457	-0.05632177	-0.00022720
11629	50.5518	43.5563	53.5903	9.0	-0.08190802	-0.08226394	-0.00035592
11630	62.0007	21.4682	66.4694	13.0	-0.06229210	-0.06258668	-0.00029458
11631	46.2703	44.3260	64.5778	14.0	-0.05676427	-0.05714008	-0.00037581
11632	75.7930	23.4671	58.5159	15.0	-0.05481537	-0.05452503	0.00029034
11633	58.8197	17.5125	63.1365	14.0	-0.05761784	-0.05775207	-0.00013423
11634	44.3742	42.2646	53.2355	13.0	-0.06134639	-0.06160731	-0.00026092
11635	60.9417	46.9491	51.4832	10.0	-0.07722850	-0.07730300	-0.00007450
11636	63.9892	43.0759	48.0689	10.0	-0.08193309	-0.08168553	0.00024756
11637	76.2382	39.9301	57.2401	15.0	-0.05918494	-0.05904625	0.00013869
11638	54.5699	19.4026	58.2974	11.0	-0.06614151	-0.06626269	-0.00012117
11639	48.2065	25.4145	58.4651	9.0	-0.07043161	-0.07090850	-0.00047689
11640	50.6370	23.0044	41.8148	15.0	-0.05319306	-0.05294120	0.00025186
11641	47.5785	33.2045	39.9349	15.0	-0.05307149	-0.05294883	0.00012266
11642	43.2554	35.4017	49.7347	12.0	-0.06046593	-0.06064852	-0.00018259
11643	51.8534	39.6132	67.8574	11.0	-0.06966491	-0.07035575	-0.00069084
11644	45.6894	25.8325	66.8225	15.0	-0.05317066	-0.05359093	-0.00042027
11645	47.6975	44.0881	44.4000	15.0	-0.05500675	-0.05504746	-0.00004072
11646	62.8097	40.1369	67.0336	10.0	-0.07897538	-0.07966038	-0.00068500
11647	72.5379	26.8698	42.1944	15.0	-0.05396305	-0.05335825	0.00060480
11648	72.2276	43.4674	55.6038	13.0	-0.06609813	-0.06601652	0.00008161
11649	72.0539	44.8942	50.2633	15.0	-0.06016312	-0.05998200	0.00018111
11650	67.7726	42.0797	68.6770	14.0	-0.06041379	-0.06073510	-0.00032131
11651	67.7005	30.8943	38.0730	15.0	-0.05452660	-0.05396027	0.00056633
11652	50.1420	44.9124	49.3313	12.0	-0.06775687	-0.06791730	-0.00016043
11653	53.0394	42.8453	66.6702	11.0	-0.06989969	-0.07048018	-0.00058049
11654	62.7273	52.0104	61.7500	15.0	-0.05534575	-0.05553442	-0.00018867
11655	69.4485	40.9565	52.6071	10.0	-0.08317378	-0.08287931	0.00029448
11656	76.4599	24.2640	54.0601	15.0	-0.05510697	-0.05467864	0.00042834
11657	47.9341	20.3911	51.6630	13.0	-0.05671791	-0.05672539	-0.00000749
11658	43.5486	25.4705	64.3321	15.0	-0.05180574	-0.05216017	-0.00035443
11659	71.8028	31.0435	63.0711	11.0	-0.07204666	-0.07204430	0.00000236
11660	75.0211	27.5088	44.9838	15.0	-0.05434826	-0.05377070	0.00057756
11661	58.4894	17.9013	65.7161	15.0	-0.05482589	-0.05503049	-0.00020460
11662	58.2392	33.8578	38.9794	13.0	-0.06299709	-0.06249351	0.00050358
11663	58.4913	47.8034	68.9108	15.0	-0.05589868	-0.05623667	-0.00033799
11664	62.3455	49.6847	54.3323	12.0	-0.06643432	-0.06654932	-0.00011500
11665	60.1137	20.8700	66.1925	13.0	-0.06172550	-0.06204618	-0.00032068
11666	76.1131	26.5209	58.4925	14.0	-0.05827766	-0.05796773	0.00030992
11667	74.5579	34.6064	61.8766	13.0	-0.06475234	-0.06468982	0.00006252
11668	73.6074	30.8761	65.6161	14.0	-0.06012951	-0.06017621	-0.00004670
11669	60.4071	44.1667	71.2869	15.0	-0.05698168	-0.05737918	-0.00039749
11670	60.9188	16.7682	63.7369	15.0	-0.05493787	-0.05502077	-0.00008290
11671	57.0979	23.0277	49.7806	9.0	-0.08368518	-0.08286828	0.00081689
11672	45.8233	25.2377	48.5937	12.0	-0.05864395	-0.05866042	-0.00001647
11673	46.8648	35.3365	40.6246	15.0	-0.05324639	-0.05316686	0.00007953
11674	57.5104	16.6536	60.6675	14.0	-0.05750266	-0.05756364	-0.00006099
11675	69.4236	37.2325	45.0881	11.0	-0.07160491	-0.07089930	0.00070560
11676	46.1225	40.0468	42.8520	15.0	-0.05394450	-0.05395122	-0.00000672
11677	72.6587	39.7837	60.4394	12.0	-0.06913727	-0.06915801	-0.00002074
11678	61.1913	25.3030	68.1206	12.0	-0.06772381	-0.06829457	-0.00057075
11679	57.6344	28.7076	67.1078	9.0	-0.08041618	-0.08158173	-0.00116555
11680	41.4549	28.5085	53.1565	13.0	-0.05469500	-0.05488858	-0.00019358
11681	58.0051	25.0036	69.4955	13.0	-0.06245291	-0.06302728	-0.00057437
11682	67.3179	25.7766	44.2268	11.0	-0.06795214	-0.06692600	0.00102614
11683	46.0256	48.1091	54.6350	15.0	-0.05496079	-0.05517084	-0.00021005
11684	48.9027	47.3726	50.2992	14.0	-0.05971050	-0.05986640	-0.00015590
11685	45.3373	32.8300	66.9801	14.0	-0.05794033	-0.05846511	-0.00052478
11686	70.9342	41.6534	66.3366	14.0	-0.06027020	-0.06048490	-0.00021469
11687	59.8959	30.1436	68.7147	10.0	-0.07579838	-0.07675132	-0.00095294
11688	74.8997	23.7495	53.1807	14.0	-0.05816583	-0.05764762	0.00051821
11689	55.2131	18.1080	61.4613	13.0	-0.05942446	-0.05960447	-0.00018001
11690	63.5060	35.8056	37.3738	15.0	-0.05631839	-0.05585573	0.00046266
11691	44.6378	25.2364	65.3909	15.0	-0.05243316	-0.05281381	-0.00038065
11692	48.6991	34.8958	39.3781	15.0	-0.05360011	-0.05346339	0.00013671
11693	48.7549	29.4143	45.6506	10.0	-0.06766451	-0.06755285	0.00011166
11694	54.3051	46.1492	54.7779	9.0	-0.08237380	-0.08267782	-0.00030402
11695	66.0198	48.4068	51.5016	13.0	-0.06434438	-0.06432803	0.00001635
11696	44.6835	32.7599	50.7736	10.0	-0.06657509	-0.06680108	-0.00022599
11697	45.9830	20.4767	48.4896	15.0	-0.05107087	-0.05103691	0.00003396
11698	72.1022	19.9861	49.5525	15.0	-0.05480067	-0.05425861	0.00054206
11699	59.8273	23.7650	42.8531	12.0	-0.06547771	-0.06470398	0.00077372
11700	59.2252	14.9280	56.3965	15.0	-0.05527449	-0.05512983	0.00014466
11701	61.3276	16.8812	50.3531	14.0	-0.05938598	-0.05892730	0.00045868
11702	53.5149	21.1773	49.4384	11.0	-0.06774266	-0.06743067	0.00031199
11703	71.3693	22.2324	56.6373	12.0	-0.06481169	-0.06432035	0.00049134
11704	56.2209	49.5394	48.0761	14.0	-0.06022035	-0.06026752	-0.00004716
11705	74.8377	34.5421	53.2214	12.0	-0.06890391	-0.06838796	0.00051595
11706	48.7161	25.5725	48.3265	10.0	-0.06681555	-0.06674903	0.00006652
11707	66.1585	23.2547	62.0614	10.0	-0.07492194	-0.07490297	0.00001897
11708	76.5888	29.7244	59.7588	14.0	-0.05906667	-0.05883339	0.00023329
11709	76.9082	33.0030	51.3819	14.0	-0.05982965	-0.05935632	0.00047333
11710	58.1449	52.3106	57.1843	14.0	-0.05822312	-0.05839716	-0.00017404
11711	49.8947	36.5290	40.0203	14.0	-0.05653800	-0.05639407	0.00014392
11712	46.2810	24.4390	66.5741	15.0	-0.05285844	-0.05325945	-0.00040101
11713	64.0976	44.8197	41.9505	15.0	-0.05812056	-0.05788694	0.00023362
11714	66.6229	45.7790	46.3880	14.0	-0.06315717	-0.06296388	0.00019329
11715	44.8118	23.0332	46.2647	15.0	-0.05068564	-0.05064537	0.00004027
11716	68.2834	43.5336	57.1330	10.0	-0.07994268	-0.08003697	-0.00009429
11717	48.9866	49.2097	56.1992	14.0	-0.05833931	-0.05857192	-0.00023261
11718	70.7532	25.0166	67.7295	15.0	-0.05612710	-0.05622469	-0.00009759
11719	75.8307	40.0671	51.0354	15.0	-0.05875530	-0.05845921	0.00029609
11720	47.9063	40.7957	41.6128	15.0	-0.05403430	-0.05400279	0.00003151
11721	46.1851	41.3666	53.4369	11.0	-0.06963931	-0.06996364	-0.00032434
11722	53.0917	46.7405	64.0860	12.0	-0.06573568	-0.06614429	-0.00040861
11723	52.8364	28.6991	70.3584	13.0	-0.06121195	-0.06187920	-0.00066725
11724	50.8028	36.0355	41.7468	12.0	-0.06318872	-0.06301948	0.00016924
11725	65.7927	33.9202	41.7185	11.0	-0.06990690	-0.06906927	0.00083762
11726	65.1713	21.7088	45.5135	12.0	-0.06436317	-0.06351086	0.00085231
11727	54.9584	19.5847	52.9893	11.0	-0.06807874	-0.06786720	0.00021154
11728	78.2654	31.6193	56.6688	15.0	-0.05645762	-0.05616385	0.00029377
11729	47.4947	40.5188	43.2777	14.0	-0.05697364	-0.05697619	-0.00000255
11730	56.0979	42.1782	45.2034	10.0	-0.07593696	-0.07581419	0.00012277
11731	42.5862	35.4135	61.1224	13.0	-0.05933879	-0.05975932	-0.00042053
11732	56.5420	33.1066	68.2277	9.0	-0.08054826	-0.08173859	-0.00119033
11733	69.8479	43.3206	46.4724	14.0	-0.06299918	-0.06269805	0.00030113
11734	54.9431	15.9239	51.1498	15.0	-0.05487656	-0.05467421	0.00020236
11735	51.8187	38.6316	69.2495	12.0	-0.06566992	-0.06633169	-0.00066177
11736	50.2577	35.2253	38.5493	15.0	-0.05382664	-0.05365108	0.00017556
11737	46.8610	28.5031	68.9808	15.0	-0.05444511	-0.05493368	-0.00048857
11738	68.5345	23.7350	47.2106	11.0	-0.06843076	-0.06742466	0.00100610
11739	67.1325	44.8704	63.5812	12.0	-0.06817031	-0.06845770	-0.00028739
11740	68.3117	31.4366	69.1437	13.0	-0.06404170	-0.06439355	-0.00035185
11741	49.4444	41.6413	70.5976	15.0	-0.05470095	-0.05514098	-0.00044003
11742	53.1753	18.4428	61.2147	13.0	-0.05847750	-0.05868916	-0.00021167
11743	66.8485	36.7418	68.9021	12.0	-0.06782908	-0.06829746	-0.00046838
11744	74.5652	21.3065	56.7554	15.0	-0.05464812	-0.05430045	0.00034766
11745	53.0077	43.5404	63.0748	9.0	-0.08049592	-0.08107964	-0.00058372
11746	42.8496	21.5479	55.6334	15.0	-0.04991632	-0.05006620	-0.00014987
11747	67.2036	38.5698	45.6831	10.0	-0.07855372	-0.07785722	0.00069649
11748	55.6829	19.2913	48.1952	13.0	-0.06244185	-0.06203839	0.00040346
11749	60.5651	20.9052	60.8140	10.0	-0.07404012	-0.07415332	-0.00011320
11750	69.7754	37.7234	49.9927	9.0	-0.08585588	-0.08511272	0.00074317
11751	47.5262	32.8551	64.8218	11.0	-0.06955097	-0.07029657	-0.00074560
11752	40.8061	39.4684	58.6528	15.0	-0.05399005	-0.05429026	-0.00030021
11753	73.4552	23.1915	54.0770	13.0	-0.06137953	-0.06082399	0.00055555
11754	50.8075	35.2681	66.8054	10.0	-0.07492628	-0.07584292	-0.00091663
11755	57.5744	27.0180	67.2270	10.0	-0.07519866	-0.07614068	-0.00094201
11756	60.6050	28.7025	37.2153	15.0	-0.05539631	-0.05487431	0.00052200
11757	49.7789	49.4616	63.1500	15.0	-0.05475291	-0.05504161	-0.00028870
11758	56.7049	47.1267	43.1031	15.0	-0.05721778	-0.05714864	0.00006914
11759	44.1931	36.3129	46.2421	13.0	-0.05787478	-0.05795732	-0.00008254
11760	51.3687	21.4476	64.9233	13.0	-0.05859068	-0.05900498	-0.00041431
11761	70.6768	21.5144	44.5650	15.0	-0.05399906	-0.05339449	0.00060457
11762	72.7111	26.0007	57.7412	11.0	-0.06955399	-0.06906897	0.00048502
11763	55.9397	41.9551	70.1520	13.0	-0.06326848	-0.06381393	-0.00054546
11764	58.2127	43.6519	68.2271	12.0	-0.06749108	-0.06801743	-0.00052635
11765	71.1080	46.3748	56.2191	14.0	-0.06188908	-0.06188894	0.00000014
11766	66.2811	42.9265	44.3127	13.0	-0.06570188	-0.06536844	0.00033344
11767	41.6246	38.8442	48.2774	15.0	-0.05287964	-0.05301110	-0.00013146
11768	62.4215	15.2348	54.4095	15.0	-0.05596434	-0.05567697	0.00028737
11769	41.9612	41.9624	60.7688	15.0	-0.05369272	-0.05400715	-0.00031443
11770	48.6181	25.4088	43.8224	13.0	-0.05739695	-0.05722102	0.00017593
11771	72.2888	25.9384	51.5772	11.0	-0.07022132	-0.06934160	0.00087972
11772	66.9657	42.6659	62.6967	10.0	-0.07804051	-0.07840313	-0.00036262
11773	53.5063	49.1076	54.6863	12.0	-0.06632295	-0.06654218	-0.00021923
11774	47.9312	46.5140	47.6881	15.0	-0.05643172	-0.05653766	-0.00010594
11775	54.2657	47.2363	43.6940	15.0	-0.05665965	-0.05663366	0.00002600
11776	51.2311	33.2929	39.2078	14.0	-0.05690624	-0.05667106	0.00023518
11777	40.2422	33.6377	58.2599	14.0	-0.05410080	-0.05440477	-0.00030396
11778	77.6800	36.0971	54.5883	15.0	-0.05805052	-0.05775859	0.00029193
11779	64.6144	40.7984	69.6459	13.0	-0.06431903	-0.06477650	-0.00045748
11780	45.2894	32.6033	62.4296	11.0	-0.06640695	-0.06699730	-0.00059035
11781	66.7993	22.9492	67.3828	14.0	-0.05938889	-0.05956799	-0.00017910
11782	61.5538	31.0830	73.8591	15.0	-0.05632624	-0.05679903	-0.00047279
11783	43.7380	33.9098	46.1378	13.0	-0.05682346	-0.05688930	-0.00006584
11784	65.1317	23.6157	48.2875	9.0	-0.07947541	-0.07812538	0.00135003
11785	41.5585	39.6966	61.9642	15.0	-0.05371467	-0.05405538	-0.00034071
11786	64.5642	45.6088	57.4597	9.0	-0.08263302	-0.08286708	-0.00023406
11787	57.3121	34.4195	74.3489	15.0	-0.05581229	-0.05633007	-0.00051778
11788	56.5409	43.7389	45.3109	11.0	-0.07197168	-0.07188445	0.00008723
11789	48.9509	20.5315	56.0822	12.0	-0.06024447	-0.06039638	-0.00015191
11790	61.7114	40.1035	45.2657	9.0	-0.08438356	-0.08389846	0.00048510
11791	46.2324	46.8881	63.2126	15.0	-0.05399338	-0.05430398	-0.00031059
11792	63.4424	44.9042	64.9399	11.0	-0.07164098	-0.07205859	-0.00041761
11793	54.6855	35.4395	37.1960	15.0	-0.05492263	-0.05463517	0.00028746
11794	48.8863	44.1290	57.9337	10.0	-0.07367515	-0.07408595	-0.00041081
11795	48.0615	17.6651	57.1063	15.0	-0.05188251	-0.05199182	-0.00010930
11796	52.1364	45.3287	52.4613	10.0	-0.07770107	-0.07796283	-0.00026176
11797	61.9552	22.7643	67.5810	13.0	-0.06282007	-0.06319225	-0.00037218
11798	66.2443	42.4591	41.0108	15.0	-0.05779390	-0.05746769	0.00032621
11799	56.4060	41.5284	43.3587	11.0	-0.07060701	-0.07040880	0.00019820
11800	40.5886	26.5441	50.3772	15.0	-0.04963718	-0.04973988	-0.00010270
11801	41.7420	34.1001	47.6119	14.0	-0.05375194	-0.05385761	-0.00010567
11802	43.2643	37.8953	46.6567	14.0	-0.05543226	-0.05553188	-0.00009962
11803	46.9593	38.1339	67.3996	13.0	-0.06046835	-0.06100599	-0.00053763
11804	49.9120	23.7235	66.1940	13.0	-0.05874550	-0.05924262	-0.00049712
11805	56.9480	39.5772	42.1858	11.0	-0.07033810	-0.07002779	0.00031031
11806	60.4009	40.1043	66.4459	9.0	-0.08558806	-0.08643164	-0.00084359
11807	54.1736	20.9530	65.6811	13.0	-0.05968827	-0.06009708	-0.00040881
11808	59.7351	21.7316	48.6875	10.0	-0.07628406	-0.07537242	0.00091164
11809	53.0499	33.8541	43.8450	9.0	-0.07723602	-0.07688626	0.00034976
11810	53.0155	17.5799	57.2714	13.0	-0.05857667	-0.05863179	-0.00005512
11811	66.5241	44.4260	67.7202	14.0	-0.06061917	-0.06093535	-0.00031618
11812	70.8899	24.6165	64.3661	13.0	-0.06193176	-0.06191101	0.00002075
11813	75.2099	30.5193	54.4777	12.0	-0.06695699	-0.06640794	0.00054905
11814	74.3290	27.2504	53.1786	12.0	-0.06612056	-0.06545679	0.00066377
11815	69.8354	39.6612	45.8121	12.0	-0.06877262	-0.06825328	0.00051934
11816	67.3963	45.8323	54.8431	11.0	-0.07355417	-0.07359077	-0.00003660
11817	55.6654	31.8551	42.3220	10.0	-0.07470478	-0.07409155	0.00061323
11818	49.9462	35.2532	43.3952	11.0	-0.06687236	-0.06674771	0.00012465
11819	49.7298	29.1560	69.9821	14.0	-0.05794269	-0.05852845	-0.00058576
11820	44.7247	45.9234	52.0506	15.0	-0.05527015	-0.05545913	-0.00018898
11821	64.8292	40.4490	66.1010	10.0	-0.07839092	-0.07897086	-0.00057995
11822	59.1502	37.6132	73.9023	15.0	-0.05667357	-0.05716565	-0.00049209
11823	56.2694	35.5959	69.0534	10.0	-0.07601064	-0.07698528	-0.00097464
11824	73.0342	33.9261	66.1257	14.0	-0.06141719	-0.06153549	-0.00011830
11825	46.5820	23.4699	54.1113	11.0	-0.06154572	-0.06171907	-0.00017335
11826	59.4645	46.7555	65.7218	12.0	-0.06622155	-0.06662189	-0.00040034
11827	40.8867	27.7606	51.7027	14.0	-0.05202131	-0.05216614	-0.00014483
11828	45.8480	19.2365	51.9467	15.0	-0.05086810	-0.05089905	-0.00003095
11829	69.6736	25.3394	52.7316	9.0	-0.08136414	-0.08018396	0.00118018
11830	69.4123	41.9190	42.6449	15.0	-0.05805287	-0.05769769	0.00035518
11831	50.0599	43.1201	41.6332	15.0	-0.05471737	-0.05467651	0.00004086
11832	42.0361	38.7316	50.1597	14.0	-0.05582148	-0.05599988	-0.00017841
11833	61.6553	28.0064	41.5251	11.0	-0.06935983	-0.06843935	0.00092048
11834	51.5146	18.0732	56.7361	13.0	-0.05807354	-0.05814829	-0.00007475
11835	62.0698	37.2888	42.7026	10.0	-0.07698592	-0.07630287	0.00068305
11836	55.0054	40.4119	72.7802	15.0	-0.05648372	-0.05696949	-0.00048577
11837	61.0625	46.8373	43.3177	15.0	-0.05871382	-0.05858023	0.00013360
11838	72.7413	43.5443	61.3216	14.0	-0.06078124	-0.06085528	-0.00007404
11839	67.7015	36.8975	46.3016	9.0	-0.08310638	-0.08219382	0.00091256
11840	43.9702	27.0816	54.8795	11.0	-0.06072500	-0.06098728	-0.00026228
11841	50.7734	27.1587	46.7264	9.0	-0.07310412	-0.07287227	0.00023185
11842	47.3590	27.0625	46.7180	11.0	-0.06267737	-0.06262178	0.00005560
11843	44.8849	21.6295	48.1456	15.0	-0.05068833	-0.05067278	0.00001555
11844	55.2920	19.5106	64.1171	13.0	-0.05979868	-0.06010753	-0.00030886
11845	61.9320	35.1169	43.2327	9.0	-0.08294906	-0.08199860	0.00095045
11846	49.8390	20.5226	62.3277	13.0	-0.05766018	-0.05798512	-0.00032495
11847	60.4928	20.6809	64.3903	12.0	-0.06523501	-0.06550751	-0.00027250
11848	63.1280	21.7806	61.2923	10.0	-0.07562507	-0.07566654	-0.00004147
11849	61.3256	53.0582	54.8907	15.0	-0.05558155	-0.05568699	-0.00010544
11850	55.8116	27.9920	38.2768	15.0	-0.05640363	-0.05596952	0.00043411
11851	68.0877	22.4349	64.8005	13.0	-0.06197824	-0.06202365	-0.00004541
11852	56.7041	27.7644	73.2065	15.0	-0.05532501	-0.05582971	-0.00050470
11853	60.1078	48.7258	62.8464	12.0	-0.06563015	-0.06594323	-0.00031308
11854	46.6917	46.1105	55.4215	13.0	-0.06115322	-0.06142107	-0.00026785
11855	50.4302	18.6671	49.6193	14.0	-0.05555165	-0.05542876	0.00012289
11856	76.0398	30.9728	45.5187	15.0	-0.05491365	-0.05437812	0.00053553
11857	47.1051	32.7639	61.4911	9.0	-0.07619400	-0.07695434	-0.00076034
11858	41.3453	33.8091	51.5901	13.0	-0.05633466	-0.05653497	-0.00020031
11859	63.6181	31.3831	72.2717	14.0	-0.06024637	-0.06073837	-0.00049199
11860	61.4670	38.2005	68.1847	10.0	-0.07868645	-0.07949653	-0.00081008
11861	43.3422	24.2375	53.9161	13.0	-0.05465041	-0.05481583	-0.00016542
11862	70.6566	22.1100	59.0136	12.0	-0.06475874	-0.06441351	0.00034523
11863	75.5291	28.0354	58.4495	13.0	-0.06200419	-0.06167052	0.00033368
11864	52.4608	25.0091	68.4379	13.0	-0.06030812	-0.06089152	-0.00058339
11865	64.9250	52.1782	56.6834	15.0	-0.05587357	-0.05597427	-0.00010070
11866	48.1261	40.4164	47.7128	11.0	-0.06890286	-0.06904074	-0.00013788
11867	74.2253	38.4118	60.1372	13.0	-0.06566882	-0.06561362	0.00005520
11868	56.6568	52.7113	52.6254	15.0	-0.05570179	-0.05581292	-0.00011113
11869	51.7220	51.4898	53.8676	15.0	-0.05583191	-0.05599611	-0.00016420
11870	72.9333	31.8513	42.8188	14.0	-0.05760400	-0.05698276	0.00062124
11871	74.2582	40.1761	61.9375	14.0	-0.06112221	-0.06115305	-0.00003084
11872	62.1509	47.8691	46.1516	14.0	-0.06170799	-0.06162164	0.00008636
11873	67.5815	16.4994	52.6897	15.0	-0.05523519	-0.05481319	0.00042200
11874	53.0052	37.4707	71.9678	14.0	-0.05927177	-0.05984959	-0.00057782
11875	77.3685	26.2488	56.0869	15.0	-0.05527711	-0.05491921	0.00035789
11876	74.4074	39.0469	56.6851	13.0	-0.06679989	-0.06661266	0.00018723
11877	59.7827	45.1733	62.8942	9.0	-0.08144854	-0.08193810	-0.00048956
11878	55.6880	19.9968	51.5035	11.0	-0.06958440	-0.06923602	0.00034838
11879	71.7591	39.9726	44.7184	14.0	-0.06058503	-0.06015449	0.00043054
11880	51.2482	22.7621	69.0169	15.0	-0.05368127	-0.05410342	-0.00042214
11881	47.5566	22.3725	59.7591	12.0	-0.05988938	-0.06021721	-0.00032783
11882	72.1608	30.7197	49.1139	10.0	-0.07486419	-0.07384680	0.00101740
11883	63.2317	23.3792	41.8740	13.0	-0.06065351	-0.05991055	0.00074296
11884	52.5236	43.3695	48.3145	10.0	-0.07651688	-0.07663649	-0.00011961
11885	67.4695	34.8398	72.1934	15.0	-0.05699034	-0.05734285	-0.00035251
11886	45.8453	24.2472	56.1075	11.0	-0.06129391	-0.06155550	-0.00026158
11887	65.1321	17.3334	60.3570	14.0	-0.05831652	-0.05818547	0.00013106
11888	71.3461	35.3765	46.2903	11.0	-0.07075180	-0.06998192	0.00076987
11889	55.4346	41.2381	67.0916	10.0	-0.07655543	-0.07728240	-0.00072698
11890	54.5735	29.7145	70.2407	12.0	-0.06506396	-0.06582991	-0.00076595
11891	58.8373	51.7554	52.3710	14.0	-0.05895907	-0.05905711	-0.00009804
11892	66.5578	45.8147	48.1161	13.0	-0.06670695	-0.06654464	0.00016231
11893	44.7310	44.4385	64.2531	15.0	-0.05372301	-0.05406197	-0.00033896
11894	50.5652	50.0191	57.8373	14.0	-0.05853365	-0.05877689	-0.00024324
11895	70.9299	35.4653	50.0066	9.0	-0.08362085	-0.08270492	0.00091593
11896	41.9681	37.1541	52.4514	13.0	-0.05828740	-0.05852520	-0.00023780
11897	57.7593	20.0300	55.5867	10.0	-0.07440920	-0.07419360	0.00021560
11898	72.4774	23.6071	46.3534	14.0	-0.05715545	-0.05648856	0.00066689
11899	41.8900	32.4796	53.8357	12.0	-0.05884427	-0.05910566	-0.00026138
11900	63.9203	22.8323	64.1677	11.0	-0.07118690	-0.07142040	-0.00023350
11901	52.9936	29.7594	66.0513	9.0	-0.07944377	-0.08063442	-0.00119065
11902	57.3967	47.2211	66.6080	13.0	-0.06231725	-0.06270441	-0.00038716
11903	78.1781	29.8282	56.3355	15.0	-0.05600222	-0.05567941	0.00032280
11904	56.9169	46.6636	59.7588	9.0	-0.08089015	-0.08127739	-0.00038724
11905	69.4885	32.0556	64.1664	10.0	-0.07888452	-0.07911709	-0.00023257
11906	53.3635	29.3814	41.3935	12.0	-0.06485854	-0.06443537	0.00042316
11907	65.3144	19.9212	57.8818	11.0	-0.06969488	-0.06934157	0.00035331
11908	53.3809	50.2823	56.5923	13.0	-0.06203500	-0.06226078	-0.00022578
11909	74.0850	38.3998	44.6403	15.0	-0.05659532	-0.05616905	0.00042627
11910	48.6471	19.5812	46.8490	15.0	-0.05211353	-0.05198802	0.00012552
11911	56.5634	25.7499	45.0375	10.0	-0.07721481	-0.07636811	0.00084670
11912	78.0509	30.2276	53.0651	15.0	-0.05630846	-0.05589368	0.00041478
11913	73.3379	36.9251	67.0920	15.0	-0.05773864	-0.05788308	-0.00014444
11914	61.1520	25.7376	42.5820	11.0	-0.06930370	-0.06837150	0.00093221
11915	67.3350	18.2978	56.1257	13.0	-0.06133666	-0.06093784	0.00039882
11916	57.0782	19.1066	44.1897	15.0	-0.05611833	-0.05567741	0.00044092
11917	45.4148	31.6203	49.1178	10.0	-0.06618485	-0.06633141	-0.00014656
11918	74.8884	28.7219	48.7488	13.0	-0.06149736	-0.06082033	0.00067703
11919	67.7195	20.0488	52.1186	12.0	-0.06576894	-0.06506863	0.00070031
11920	70.8062	29.0126	49.4501	9.0	-0.08010259	-0.07882937	0.00127322
11921	61.0694	37.9167	72.5535	14.0	-0.06045284	-0.06097764	-0.00052480
11922	54.9832	29.5486	41.0205	12.0	-0.06604564	-0.06552826	0.00051738
11923	64.2801	33.0815	68.0629	10.0	-0.07770653	-0.07846312	-0.00075659
11924	59.7838	40.3275	43.9385	10.0	-0.07784006	-0.07745251	0.00038755
11925	74.1798	22.7144	58.0776	14.0	-0.05770591	-0.05736917	0.00033674
11926	53.4743	16.3967	55.6267	14.0	-0.05607758	-0.05604710	0.00003049
11927	47.0694	39.0825	44.4557	13.0	-0.05999648	-0.06002295	-0.00002646
11928	72.8520	45.7326	59.4862	15.0	-0.05784836	-0.05788732	-0.00003896
11929	44.0335	45.5037	60.9684	15.0	-0.05381344	-0.05410999	-0.00029655
11930	45.6601	40.0332	46.9169	13.0	-0.06037843	-0.06048933	-0.00011090
11931	41.5517	30.8563	50.7749	13.0	-0.05532610	-0.05548738	-0.00016128
11932	62.3267	44.9880	44.5147	13.0	-0.06575416	-0.06555973	0.00019443
11933	67.3131	41.4388	51.8441	9.0	-0.09033092	-0.09006220	0.00026872
11934	49.3028	27.0809	66.4584	12.0	-0.06309925	-0.06374728	-0.00064803
11935	56.9918	44.9739	64.5066	10.0	-0.07609080	-0.07661090	-0.00052010
11936	56.7958	52.2055	56.5316	14.0	-0.05827935	-0.05845453	-0.00017518
11937	63.1022	33.8650	43.0998	9.0	-0.08151269	-0.08043996	0.00107273
11938	61.5544	19.0499	47.0036	13.0	-0.06185003	-0.06121408	0.00063595
11939	49.8559	36.8744	71.9445	15.0	-0.05539130	-0.05590179	-0.00051049
11940	54.6284	48.3179	47.0355	14.0	-0.06079075	-0.06083197	-0.00004122
11941	42.0285	33.1159	57.1143	12.0	-0.05973605	-0.06008106	-0.00034500
11942	54.8441	21.1520	45.3197	13.0	-0.06172113	-0.06128012	0.00044100
11943	63.2569	37.4744	39.8360	13.0	-0.06342629	-0.06290891	0.00051738
11944	59.9027	51.4347	61.6774	14.0	-0.05816020	-0.05838810	-0.00022791
11945	51.2630	19.2906	63.7736	14.0	-0.05524638	-0.05554042	-0.00029404
11946	76.1018	33.8997	56.5383	13.0	-0.06415741	-0.06382732	0.00033009
11947	71.7901	34.4647	53.1274	9.0	-0.08559677	-0.08477769	0.00081908
11948	58.4175	48.0226	51.0019	11.0	-0.07171984	-0.07181907	-0.00009924
11949	48.4165	42.1566	61.6935	10.0	-0.07273699	-0.07326285	-0.00052586
11950	71.2290	45.6007	63.7956	15.0	-0.05724032	-0.05738619	-0.00014587
11951	67.7351	20.1867	62.0849	13.0	-0.06143335	-0.06132998	0.00010337
11952	45.4243	46.3169	57.9858	14.0	-0.05719770	-0.05747784	-0.00028014
11953	45.8176	31.1131	64.4903	12.0	-0.06322046	-0.06381449	-0.00059403
11954	49.7920	40.9837	65.9920	11.0	-0.06854662	-0.06914499	-0.00059837
11955	50.0098	40.5010	42.6261	13.0	-0.06028784	-0.06023481	0.00005303
11956	52.2283	31.7204	68.6379	11.0	-0.06943872	-0.07031962	-0.00088090
11957	69.4977	44.2153	45.2561	15.0	-0.05949117	-0.05922203	0.00026915
11958	44.7548	36.6656	55.0787	10.0	-0.07059587	-0.07100086	-0.00040499
11959	55.6568	45.2334	63.7840	10.0	-0.07607800	-0.07658169	-0.00050368
11960	46.9132	37.3530	62.6563	10.0	-0.07265119	-0.07330478	-0.00065359
11961	43.5006	20.8707	54.2033	15.0	-0.05004407	-0.05015710	-0.00011302
11962	62.3545	43.5683	70.0958	14.0	-0.06044168	-0.06085687	-0.00041518
11963	76.5397	36.8055	61.0294	15.0	-0.05839411	-0.05831604	0.00007807
11964	59.6509	21.9753	64.4626	11.0	-0.06947910	-0.06988528	-0.00040619
11965	53.5640	40.8911	42.3442	12.0	-0.06479436	-0.06465321	0.00014116
11966	49.0175	22.8355	56.2998	10.0	-0.06678376	-0.06703938	-0.00025563
11967	43.7374	41.5800	59.5158	13.0	-0.05995883	-0.06032174	-0.00036291
11968	66.9652	24.4462	45.0699	11.0	-0.06808001	-0.06705562	0.00102439
11969	56.9056	34.8792	39.9747	12.0	-0.06589512	-0.06543034	0.00046478
11970	65.2123	50.7095	50.2466	15.0	-0.05712663	-0.05711485	0.00001178
11971	63.0249	41.4444	40.3399	14.0	-0.06036484	-0.06002229	0.00034255
11972	51.2646	21.3069	44.5710	14.0	-0.05602507	-0.05576707	0.00025800
11973	72.3446	37.1344	45.0574	13.0	-0.06292328	-0.06236346	0.00055982
11974	52.9443	33.4864	37.5414	15.0	-0.05452101	-0.05424937	0.00027165
11975	46.7818	27.3006	67.1451	14.0	-0.05649912	-0.05700143	-0.00050231
11976	49.4406	44.9955	65.5169	13.0	-0.06063277	-0.06105153	-0.00041876
11977	64.1036	29.6284	69.5313	12.0	-0.06808328	-0.06865851	-0.00057523
11978	44.8834	41.9710	51.4993	13.0	-0.06202489	-0.06225497	-0.00023008
11979	50.8976	45.2053	42.9359	15.0	-0.05539378	-0.05538054	0.00001324
11980	61.8362	41.8865	39.1777	15.0	-0.05702746	-0.05673376	0.00029370
11981	47.0806	20.3840	47.1452	15.0	-0.05146475	-0.05138337	0.00008138
11982	72.7927	23.3313	50.6680	13.0	-0.06150076	-0.06081673	0.00068403
11983	67.1360	24.7186	48.3792	9.0	-0.07914331	-0.07776268	0.00138063
11984	54.5798	22.9955	46.2864	11.0	-0.06910557	-0.06859118	0.00051440
11985	64.3765	48.7637	66.5398	15.0	-0.05604685	-0.05630351	-0.00025667
11986	66.5277	29.8555	37.7662	15.0	-0.05448891	-0.05391779	0.00057112
11987	52.1952	48.7303	61.8360	13.0	-0.06185798	-0.06218038	-0.00032241
11988	60.0659	15.0041	57.7998	15.0	-0.05516233	-0.05504785	0.00011448
11989	51.2389	21.8839	52.9833	10.0	-0.06920227	-0.06919960	0.00000267
11990	74.9042	24.3512	47.5093	15.0	-0.05450680	-0.05393790	0.00056890
11991	71.9260	30.8958	67.3227	14.0	-0.06068505	-0.06083284	-0.00014779
11992	52.9007	24.9419	70.8871	15.0	-0.05491459	-0.05540085	-0.00048626
11993	52.5104	50.0126	48.8927	15.0	-0.05680758	-0.05689961	-0.00009203
11994	57.7449	43.8506	40.0638	15.0	-0.05660254	-0.05642548	0.00017706
11995	55.7497	26.6618	72.5984	15.0	-0.05523996	-0.05574090	-0.00050094
11996	71.6723	30.3599	61.3288	10.0	-0.07644885	-0.07629774	0.00015112
11997	69.6032	34.1205	39.0759	15.0	-0.05502932	-0.05450016	0.00052916
11998	57.8288	20.6509	47.2096	12.0	-0.06711398	-0.06649061	0.00062337
11999	73.1126	32.4995	62.9358	12.0	-0.06807686	-0.06805583	0.00002103
12000	70.0870	25.9231	61.0511	10.0	-0.07465461	-0.07442903	0.00022558
12001	71.6373	35.9658	40.8609	15.0	-0.05547414	-0.05497642	0.00049772
12002	62.5439	17.9873	50.1177	13.0	-0.06248433	-0.06191311	0.00057122
12003	58.4842	49.9960	50.4887	13.0	-0.06306960	-0.06314370	-0.00007409
12004	62.9672	30.5352	70.1643	12.0	-0.06782157	-0.06845800	-0.00063644
12005	47.7796	25.2286	53.4362	9.0	-0.06922931	-0.06943593	-0.00020662
12006	51.7321	41.0239	65.9448	10.0	-0.07410561	-0.07478449	-0.00067888
12007	75.8301	38.2870	47.8304	15.0	-0.05717798	-0.05678908	0.00038890
12008	60.4398	24.6663	38.6453	15.0	-0.05500092	-0.05445741	0.00054351
12009	50.5765	47.9823	64.3843	14.0	-0.05778267	-0.05812119	-0.00033852
12010	56.9268	48.8499	53.6797	11.0	-0.07066484	-0.07084670	-0.00018186
12011	64.0475	38.8309	66.1092	9.0	-0.08437067	-0.08511328	-0.00074261
12012	45.3658	23.5339	52.7205	12.0	-0.05799965	-0.05812461	-0.00012496
12013	48.9772	46.2223	53.3585	12.0	-0.06614032	-0.06638848	-0.00024816
12014	66.7312	34.2300	68.0465	11.0	-0.07248683	-0.07301325	-0.00052642
12015	54.8015	26.6365	71.2405	14.0	-0.05813205	-0.05869858	-0.00056652
12016	72.3563	36.1986	68.4197	15.0	-0.05750585	-0.05769459	-0.00018874
12017	60.8512	47.9531	44.5022	15.0	-0.05865883	-0.05856583	0.00009300
12018	66.8326	21.6210	63.0242	12.0	-0.06557518	-0.06556105	0.00001414
12019	76.7998	26.2373	50.9861	15.0	-0.05545238	-0.05495152	0.00050086
12020	70.2133	48.1830	52.6366	15.0	-0.05834867	-0.05829958	0.00004908
12021	58.8478	49.2953	55.5590	11.0	-0.07017852	-0.07037617	-0.00019765
12022	65.3753	25.4041	39.8911	14.0	-0.05705689	-0.05638397	0.00067292
12023	49.2302	44.8439	52.7792	11.0	-0.07081170	-0.07108137	-0.00026967
12024	56.7171	16.8919	48.5055	15.0	-0.05649586	-0.05615640	0.00033946
12025	55.3167	52.8312	58.6397	15.0	-0.05510688	-0.05530155	-0.00019467
12026	55.7176	32.5263	72.1126	13.0	-0.06176686	-0.06243807	-0.00067121
12027	73.5538	37.9689	58.5906	12.0	-0.07059713	-0.07046744	0.00012969
12028	73.9208	37.6426	54.9282	12.0	-0.07101488	-0.07068080	0.00033409
12029	41.1975	36.5573	47.3967	15.0	-0.05192612	-0.05203420	-0.00010809
12030	40.8431	24.6800	52.9747	15.0	-0.04948762	-0.04962106	-0.00013345
12031	64.0534	32.9159	71.2952	13.0	-0.06388149	-0.06442253	-0.00054104
12032	50.1562	44.1311	43.9390	14.0	-0.05819884	-0.05820645	-0.00000760
12033	72.1911	38.6446	52.3474	11.0	-0.07582617	-0.07538189	0.00044428
12034	73.3093	22.9073	49.1436	14.0	-0.05771627	-0.05708964	0.00062663
12035	57.7251	40.6726	40.5038	13.0	-0.06279499	-0.06251871	0.00027628
12036	45.5214	32.9567	45.3834	12.0	-0.06008618	-0.06010592	-0.00001974
12037	42.4129	37.2810	50.6796	13.0	-0.05821643	-0.05841636	-0.00019992
12038	43.9602	22.4672	58.7834	14.0	-0.05279510	-0.05303516	-0.00024007
12039	65.7477	47.3810	45.8551	15.0	-0.05923694	-0.05909325	0.00014368
12040	53.7974	29.9771	40.0460	13.0	-0.06151642	-0.06111154	0.00040489
12041	48.9392	45.2907	68.0233	15.0	-0.05438258	-0.05475725	-0.00037467
12042	48.5573	17.4473	53.4722	15.0	-0.05212605	-0.05213879	-0.00001274
12043	64.9120	16.7330	52.9001	14.0	-0.05871589	-0.05827800	0.00043790
12044	72.3110	33.0495	40.8634	15.0	-0.05475440	-0.05420953	0.00054487
12045	50.1947	46.1951	51.3922	12.0	-0.06733036	-0.06753399	-0.00020363
12046	43.8432	31.7604	54.9800	10.0	-0.06575502	-0.06610330	-0.00034828
12047	53.9775	45.1379	63.1886	10.0	-0.07555821	-0.07605502	-0.00049681
12048	68.9643	23.9233	60.0844	10.0	-0.07417781	-0.07387163	0.00030618
12049	68.6827	39.7400	44.7817	12.0	-0.06872692	-0.06820210	0.00052482
12050	55.7976	26.6343	67.8984	11.0	-0.06974611	-0.07056985	-0.00082374
12051	75.4956	28.3497	51.9528	13.0	-0.06252316	-0.06191573	0.00060744
12052	71.4716	25.6715	46.8151	12.0	-0.06422040	-0.06335734	0.00086306
12053	71.8190	33.4766	51.5817	9.0	-0.08348437	-0.08251436	0.00097001
12054	69.8918	31.9696	41.4769	13.0	-0.06083846	-0.06013114	0.00070732
12055	63.9219	50.9938	60.2916	14.0	-0.05865334	-0.05883178	-0.00017844
12056	56.6959	53.1512	57.8551	15.0	-0.05510885	-0.05528472	-0.00017587
12057	62.9980	41.8052	64.8393	9.0	-0.08440768	-0.08504534	-0.00063766
12058	51.0657	48.6357	60.7443	13.0	-0.06158412	-0.06189500	-0.00031088
12059	47.6941	19.2589	58.2098	14.0	-0.05426029	-0.05443606	-0.00017577
12060	41.3730	27.6321	59.9376	14.0	-0.05288456	-0.05318957	-0.00030502
12061	48.8369	33.6814	66.3881	11.0	-0.06976680	-0.07056086	-0.00079406
12062	44.0295	41.2111	46.4066	15.0	-0.05434712	-0.05444355	-0.00009644
12063	41.5380	26.0332	58.3716	14.0	-0.05237168	-0.05263339	-0.00026171
12064	47.6032	22.5390	55.4645	11.0	-0.06224579	-0.06244491	-0.00019912
12065	65.2608	20.8666	53.7558	10.0	-0.07536793	-0.07457560	0.00079234
12066	76.0680	33.1457	63.7740	15.0	-0.05724520	-0.05721116	0.00003405
12067	60.9383	51.9696	62.8061	15.0	-0.05519090	-0.05540538	-0.00021447
12068	69.1429	22.1811	58.9968	11.0	-0.06908568	-0.06871970	0.00036598
12069	63.6041	48.1277	54.0381	11.0	-0.07148004	-0.07157872	-0.00009868
12070	72.9064	32.9847	61.2041	11.0	-0.07273093	-0.07261973	0.00011121
12071	54.7464	36.6531	68.4249	10.0	-0.07659112	-0.07754460	-0.00095347
12072	53.9531	27.6491	45.1833	9.0	-0.07807699	-0.07748506	0.00059193
12073	50.1602	42.7426	50.5531	10.0	-0.07743560	-0.07768383	-0.00024824
12074	48.3910	37.9579	71.0471	15.0	-0.05485125	-0.05533419	-0.00048294
12075	53.9538	32.7639	41.4891	11.0	-0.06855746	-0.06814086	0.00041660
12076	69.1904	22.8284	49.8725	11.0	-0.06932371	-0.06837884	0.00094488
12077	57.4860	25.5292	43.5031	11.0	-0.07131061	-0.07051251	0.00079809
12078	68.7430	36.3152	44.0188	11.0	-0.07088824	-0.07013301	0.00075523
12079	62.1630	20.1380	43.4934	14.0	-0.05774996	-0.05713145	0.00061851
12080	74.8933	33.1583	51.5177	12.0	-0.06748739	-0.06687445	0.00061294
12081	72.6055	30.4795	44.0935	13.0	-0.06073857	-0.06001927	0.00071930
12082	55.8567	21.7147	52.5752	9.0	-0.07928482	-0.07891055	0.00037427
12083	55.8940	29.5139	69.4229	11.0	-0.06943843	-0.07031233	-0.00087391
12084	58.3988	16.9605	56.4054	13.0	-0.06154884	-0.06140229	0.00014655
12085	53.4251	24.9864	43.3513	12.0	-0.06417763	-0.06373640	0.00044123
12086	78.0731	31.8005	58.2933	15.0	-0.05649419	-0.05625288	0.00024132
12087	42.1247	37.1034	61.7798	14.0	-0.05685779	-0.05724802	-0.00039023
12088	56.8024	30.6576	42.5543	10.0	-0.07647284	-0.07570664	0.00076620
12089	51.3110	17.1423	54.7421	14.0	-0.05546600	-0.05546212	0.00000389
12090	70.5105	20.1252	56.3274	13.0	-0.06101933	-0.06058432	0.00043501
12091	45.7843	27.5758	50.7413	10.0	-0.06492689	-0.06506759	-0.00014070
12092	63.4135	31.8219	38.9577	13.0	-0.06169573	-0.06103221	0.00066352
12093	73.5054	43.5117	51.1637	15.0	-0.06010355	-0.05989862	0.00020493
12094	53.7271	39.9703	44.1771	10.0	-0.07342612	-0.07328811	0.00013801
12095	58.9761	18.3608	53.0734	12.0	-0.06685295	-0.06646463	0.00038832
12096	63.2190	41.5399	42.9356	12.0	-0.06854708	-0.06816632	0.00038076
12097	64.1544	43.6537	62.5264	9.0	-0.08324647	-0.08371228	-0.00046581
12098	41.1731	30.1377	52.7438	13.0	-0.05501891	-0.05521712	-0.00019821
12099	67.4399	19.8380	65.5803	15.0	-0.05549899	-0.05554105	-0.00004205
12100	44.0103	46.1187	55.3295	15.0	-0.05451114	-0.05474184	-0.00023070
12101	68.9077	18.0672	53.4996	14.0	-0.05804195	-0.05756976	0.00047219
12102	53.1224	23.2066	68.7713	14.0	-0.05703841	-0.05751877	-0.00048037
12103	72.7094	29.6131	52.0357	10.0	-0.07624775	-0.07530369	0.00094406
12104	67.3942	44.3904	47.1854	13.0	-0.06726809	-0.06702409	0.00024400
12105	54.6452	34.3198	40.2052	12.0	-0.06465552	-0.06427565	0.00037987
12106	56.4792	46.0387	41.9167	15.0	-0.05672115	-0.05662336	0.00009779
12107	44.7400	43.8309	51.4682	14.0	-0.05850279	-0.05870652	-0.00020373
12108	68.3480	28.3627	68.1550	13.0	-0.06416980	-0.06445500	-0.00028520
12109	73.8609	39.9938	65.2769	15.0	-0.05742658	-0.05753762	-0.00011104
12110	69.4030	36.4591	68.4101	13.0	-0.06402248	-0.06434812	-0.00032564
12111	63.9439	43.5606	45.0897	12.0	-0.06990979	-0.06963260	0.00027719
12112	72.2475	27.4750	63.0059	12.0	-0.06608192	-0.06599505	0.00008687
12113	65.8715	41.5726	71.1391	15.0	-0.05734958	-0.05770472	-0.00035514
12114	63.7728	25.2621	64.9441	10.0	-0.07742765	-0.07788528	-0.00045763
12115	72.2271	25.1600	53.3354	11.0	-0.07002250	-0.06923578	0.00078671
12116	63.3859	40.1570	44.5817	10.0	-0.07853778	-0.07802469	0.00051309
12117	62.6268	48.2686	64.6488	13.0	-0.06227774	-0.06257807	-0.00030034
12118	74.0400	31.4790	61.2825	12.0	-0.06726581	-0.06711424	0.00015157
12119	57.0137	31.1810	72.1148	13.0	-0.06180781	-0.06246933	-0.00066152
12120	63.6708	17.3097	46.3246	15.0	-0.05497412	-0.05445497	0.00051915
12121	41.8297	42.0654	54.0179	15.0	-0.05462727	-0.05485924	-0.00023197
12122	55.2686	15.0989	55.2577	15.0	-0.05412339	-0.05403566	0.00008773
12123	57.4375	51.7341	60.6391	14.0	-0.05807665	-0.05830508	-0.00022843
12124	48.1362	20.5719	64.7056	15.0	-0.05231405	-0.05262918	-0.00031513
12125	41.4228	33.7561	46.0166	15.0	-0.05115534	-0.05122348	-0.00006813
12126	71.2460	38.8931	62.0597	11.0	-0.07329666	-0.07342958	-0.00013292
12127	70.4903	32.1850	70.1583	15.0	-0.05733047	-0.05757300	-0.00024252
12128	49.7571	24.2691	47.0158	11.0	-0.06411587	-0.06394320	0.00017266
12129	64.6386	39.9933	40.0892	14.0	-0.06032812	-0.05991575	0.00041237
12130	53.4105	47.8794	58.8552	11.0	-0.07051278	-0.07084019	-0.00032741
12131	67.7623	35.7707	70.8481	14.0	-0.06020432	-0.06057531	-0.00037100
12132	52.4250	52.0503	56.3460	15.0	-0.05546918	-0.05565715	-0.00018797
12133	56.7339	32.0095	74.2320	15.0	-0.05545882	-0.05598170	-0.00052288
12134	50.9994	42.2893	69.8643	14.0	-0.05796038	-0.05843338	-0.00047300
12135	63.1751	27.3873	39.7200	13.0	-0.06088853	-0.06016424	0.00072429
12136	69.4284	25.4306	59.1359	9.0	-0.07991126	-0.07945766	0.00045360
12137	46.5154	44.1316	54.2612	12.0	-0.06510277	-0.06539097	-0.00028820
12138	52.9326	49.8954	58.8652	13.0	-0.06196050	-0.06222558	-0.00026507
12139	67.3671	19.5622	44.3214	15.0	-0.05418427	-0.05359575	0.00058852
12140	65.3648	46.4260	61.2389	11.0	-0.07146238	-0.07173630	-0.00027392
12141	74.4954	42.5311	61.5422	15.0	-0.05767818	-0.05771256	-0.00003438
12142	66.1452	36.3953	71.5633	14.0	-0.06017174	-0.06059106	-0.00041932
12143	57.5657	39.7978	39.0108	14.0	-0.05910240	-0.05881700	0.00028540
12144	50.9202	32.8659	41.6258	12.0	-0.06341069	-0.06317340	0.00023729
12145	77.1426	32.7995	61.5703	15.0	-0.05690320	-0.05678320	0.00012000
12146	71.2445	36.1155	52.7191	9.0	-0.08659583	-0.08586789	0.00072794
12147	56.0814	31.4557	68.9512	10.0	-0.07442392	-0.07544958	-0.00102566
12148	48.1822	30.9271	40.8254	14.0	-0.05538941	-0.05523451	0.00015490
12149	61.3474	26.0111	65.0106	9.0	-0.08274065	-0.08353442	-0.00079378
12150	57.6532	41.3064	68.3444	11.0	-0.07260810	-0.07327800	-0.00066990
12151	47.7652	23.8678	47.5965	12.0	-0.05956354	-0.05948753	0.00007601
12152	67.3504	35.9429	67.5279	11.0	-0.07248200	-0.07296547	-0.00048347
12153	60.6591	44.6128	40.9829	15.0	-0.05778864	-0.05758752	0.00020112
12154	65.2119	47.5106	67.4228	15.0	-0.05644374	-0.05671393	-0.00027019
12155	63.9951	17.3599	56.0014	13.0	-0.06201686	-0.06167944	0.00033742
12156	77.0926	31.4579	47.8206	15.0	-0.05544727	-0.05494775	0.00049952
12157	49.8814	45.7281	60.2816	11.0	-0.06896592	-0.06936082	-0.00039491
12158	66.3695	34.0029	38.7266	14.0	-0.05834399	-0.05776634	0.00057765
12159	67.9904	44.0654	51.9258	11.0	-0.07618236	-0.07604980	0.00013256
12160	51.1448	51.4226	55.6855	15.0	-0.05569220	-0.05588244	-0.00019025
12161	77.1560	37.1194	51.3686	15.0	-0.05775807	-0.05740807	0.00035000
12162	66.2638	41.0703	49.7097	9.0	-0.09025593	-0.08985563	0.00040030
12163	47.0099	19.2540	60.8358	15.0	-0.05173459	-0.05195550	-0.00022091
12164	54.5067	19.4948	61.8302	12.0	-0.06243504	-0.06270625	-0.00027120
12165	69.8310	39.4578	69.8053	15.0	-0.05720924	-0.05748143	-0.00027219
12166	49.2886	46.8487	64.9348	14.0	-0.05740074	-0.05775748	-0.00035674
12167	68.5277	18.8515	55.0977	13.0	-0.06127749	-0.06081037	0.00046712
12168	64.8274	43.1608	66.8916	12.0	-0.06841864	-0.06884594	-0.00042729
12169	55.1105	32.4894	74.0363	15.0	-0.05532722	-0.05585890	-0.00053168
12170	67.0535	44.8092	61.6251	11.0	-0.07274021	-0.07300985	-0.00026964
12171	70.2611	33.7812	64.8339	11.0	-0.07389577	-0.07412884	-0.00023307
12172	67.6138	41.5639	50.2329	10.0	-0.08410939	-0.08376208	0.00034731
12173	75.0068	42.7438	58.6660	15.0	-0.05826895	-0.05822898	0.00003996
12174	50.0476	20.2935	64.2592	14.0	-0.05512033	-0.05545221	-0.00033187
12175	47.0484	27.7684	45.0581	12.0	-0.05959700	-0.05951310	0.00008390
12176	49.8353	22.2589	47.7603	12.0	-0.06087661	-0.06071923	0.00015738
12177	75.6832	35.5991	61.3210	14.0	-0.06133928	-0.06125817	0.00008111
12178	60.6334	23.0586	62.5085	9.0	-0.07996141	-0.08037238	-0.00041098
12179	42.2190	43.3512	55.3299	15.0	-0.05435640	-0.05460036	-0.00024395
12180	55.8098	25.0304	64.4084	9.0	-0.07795357	-0.07885064	-0.00089707
12181	47.1752	36.1517	66.4571	12.0	-0.06441082	-0.06503407	-0.00062325
12182	56.6591	47.9568	58.5708	10.0	-0.07496854	-0.07528430	-0.00031576
12183	71.2270	26.3805	63.6400	12.0	-0.06596394	-0.06592206	0.00004188
12184	65.8225	44.5819	57.9703	9.0	-0.08375937	-0.08399229	-0.00023291
12185	43.4179	29.2679	66.0069	15.0	-0.05306166	-0.05347680	-0.00041514
12186	75.4338	39.0316	53.0497	14.0	-0.06260013	-0.06229897	0.00030117
12187	59.6834	19.0356	65.6049	14.0	-0.05799689	-0.05822506	-0.00022817
12188	51.0354	28.4770	69.3038	13.0	-0.06121491	-0.06187399	-0.00065908
12189	46.0791	26.5282	58.7020	10.0	-0.06556157	-0.06599685	-0.00043528
12190	58.9147	46.5601	47.1752	12.0	-0.06925666	-0.06922469	0.00003197
12191	54.0455	18.6369	64.2777	14.0	-0.05616249	-0.05643337	-0.00027087
12192	71.2752	45.0471	51.9435	14.0	-0.06334644	-0.06320793	0.00013852
12193	48.6891	23.1505	53.3205	10.0	-0.06637275	-0.06649326	-0.00012050
12194	63.5499	46.5436	48.3977	12.0	-0.06960232	-0.06951400	0.00008832
12195	61.6309	45.4882	65.1588	11.0	-0.07109809	-0.07153107	-0.00043298
12196	77.5084	36.3458	57.6418	15.0	-0.05805569	-0.05785875	0.00019694
12197	48.2913	36.5112	41.0470	14.0	-0.05635257	-0.05625949	0.00009307
12198	40.9696	32.0511	57.0035	13.0	-0.05604781	-0.05634865	-0.00030084
12199	54.6834	51.0097	61.3103	14.0	-0.05821755	-0.05847653	-0.00025898
12200	59.8839	49.0680	48.8281	13.0	-0.06383703	-0.06385435	-0.00001732
12201	64.5130	39.4287	72.5080	15.0	-0.05719397	-0.05759653	-0.00040255
12202	62.8665	29.3365	41.2157	11.0	-0.06917840	-0.06825596	0.00092244
12203	70.0586	40.2219	63.1559	11.0	-0.07265114	-0.07288370	-0.00023256
12204	77.1180	27.4932	60.0239	15.0	-0.05547406	-0.05525038	0.00022368
12205	69.0058	18.1368	61.6013	15.0	-0.05484257	-0.05470703	0.00013554
12206	49.7337	22.3801	60.6049	11.0	-0.06415348	-0.06455394	-0.00040046
12207	72.6546	35.4952	48.6934	11.0	-0.07168987	-0.07097675	0.00071312
12208	42.7177	43.5213	53.1909	15.0	-0.05481566	-0.05503133	-0.00021567
12209	59.1409	44.3034	47.7932	10.0	-0.08045462	-0.08039598	0.00005864
12210	44.1153	36.2873	58.6764	11.0	-0.06698563	-0.06744956	-0.00046393
12211	49.3717	16.9670	57.9406	15.0	-0.05203377	-0.05213992	-0.00010615
12212	43.9511	36.1986	67.3368	15.0	-0.05420137	-0.05463973	-0.00043837
12213	72.7732	37.6462	53.7820	11.0	-0.07610152	-0.07567200	0.00042952
12214	60.1071	19.0176	63.7787	13.0	-0.06119815	-0.06137737	-0.00017922
12215	59.5000	35.8567	71.1682	12.0	-0.06718973	-0.06789630	-0.00070657
12216	72.2306	27.4398	53.2225	10.0	-0.07574839	-0.07483029	0.00091810
12217	44.8823	23.3757	59.6410	13.0	-0.05580305	-0.05610257	-0.00029951
12218	54.9201	22.9482	43.4612	13.0	-0.06196352	-0.06147984	0.00048368
12219	70.9195	28.6795	59.7934	9.0	-0.08115090	-0.08079368	0.00035723
12220	58.2869	32.6983	38.0261	14.0	-0.05960065	-0.05911938	0.00048127
12221	56.1728	23.2340	68.1344	13.0	-0.06145795	-0.06198254	-0.00052459
12222	42.3834	33.8611	61.3259	13.0	-0.05842876	-0.05884526	-0.00041650
12223	75.6976	34.9737	51.8761	13.0	-0.06422566	-0.06374445	0.00048121
12224	38.9004	33.6470	55.3615	15.0	-0.05099485	-0.05122307	-0.00022822
12225	45.0251	41.8676	62.9240	13.0	-0.05981631	-0.06022874	-0.00041243
12226	45.6863	23.5573	44.6924	15.0	-0.05100849	-0.05092832	0.00008017
12227	69.7222	22.9433	47.7065	12.0	-0.06437107	-0.06351366	0.00085741
12228	62.9899	20.1923	47.1312	12.0	-0.06524331	-0.06446679	0.00077653
12229	51.2958	36.3804	38.2206	15.0	-0.05401881	-0.05383208	0.00018674
12230	72.6904	28.8684	57.9347	10.0	-0.07542458	-0.07492423	0.00050035
12231	63.1270	49.1399	62.9328	13.0	-0.06212721	-0.06238584	-0.00025863
12232	73.2754	23.6491	59.2731	13.0	-0.06113823	-0.06082385	0.00031438
12233	46.2066	38.4873	60.5662	10.0	-0.07248140	-0.07304643	-0.00056502
12234	40.8687	32.2731	62.9557	15.0	-0.05232330	-0.05267827	-0.00035497
12235	72.2824	43.4801	57.8649	13.0	-0.06526198	-0.06525379	0.00000820
12236	73.6959	27.9756	54.5665	11.0	-0.07049285	-0.06981402	0.00067884
12237	44.4502	32.5947	64.5605	13.0	-0.05993105	-0.06044838	-0.00051733
12238	76.1327	25.9445	56.8909	14.0	-0.05820207	-0.05782757	0.00037449
12239	59.0693	20.9402	68.9950	15.0	-0.05570124	-0.05603576	-0.00033452
12240	68.9344	25.3171	47.7032	10.0	-0.07330288	-0.07212994	0.00117294
12241	51.7351	22.6437	61.2431	10.0	-0.06874741	-0.06923465	-0.00048724
12242	71.5855	45.6517	54.7582	14.0	-0.06245227	-0.06239776	0.00005451
12243	43.1105	44.9434	55.7129	15.0	-0.05434456	-0.05458592	-0.00024136
12244	71.8549	27.7272	47.7706	11.0	-0.06884799	-0.06788663	0.00096137
12245	64.6874	26.9869	66.9058	11.0	-0.07306153	-0.07356258	-0.00050105
12246	73.5891	28.6249	63.4427	13.0	-0.06256345	-0.06249313	0.00007031
12247	42.3256	41.0310	55.1795	14.0	-0.05741231	-0.05768606	-0.00027375
12248	41.0263	33.3799	53.0009	13.0	-0.05612275	-0.05634935	-0.00022660
12249	48.0087	26.9971	65.2514	12.0	-0.06254265	-0.06314390	-0.00060124
12250	64.8521	49.6105	59.8704	13.0	-0.06241061	-0.06259465	-0.00018404
12251	74.1869	24.3005	46.1402	15.0	-0.05426158	-0.05367534	0.00058624
12252	58.4609	33.1835	72.3841	13.0	-0.06234693	-0.06299441	-0.00064748
12253	67.2242	24.6597	68.3068	14.0	-0.05987086	-0.06009806	-0.00022720
12254	66.0380	21.6715	61.7234	11.0	-0.06982406	-0.06975290	0.00007115
12255	62.3874	32.4597	37.8613	14.0	-0.05874393	-0.05818035	0.00056358
12256	56.1616	52.9945	54.5353	15.0	-0.05542212	-0.05556121	-0.00013909
12257	44.3943	43.1964	58.3934	13.0	-0.06015348	-0.06048766	-0.00033418
12258	70.8440	28.5752	63.6317	11.0	-0.07110555	-0.07111871	-0.00001316
12259	71.1626	28.3309	67.4880	14.0	-0.05996319	-0.06010220	-0.00013901
12260	64.0266	43.4073	64.4587	10.0	-0.07759490	-0.07807612	-0.00048122
12261	52.8249	16.7338	58.5014	14.0	-0.05549142	-0.05557151	-0.00008009
12262	67.6225	40.4373	68.3448	13.0	-0.06404438	-0.06441190	-0.00036753
12263	57.5328	38.3527	73.7074	15.0	-0.05661195	-0.05711100	-0.00049905
12264	64.6725	50.4629	63.8144	15.0	-0.05575509	-0.05596293	-0.00020784
12265	71.3699	24.9550	62.2762	12.0	-0.06540387	-0.06526035	0.00014351
12266	61.9152	49.9074	51.0638	13.0	-0.06323854	-0.06328157	-0.00004303
12267	69.5208	42.1483	57.9241	10.0	-0.07940736	-0.07947448	-0.00006712
12268	73.5228	36.0625	55.7396	11.0	-0.07482775	-0.07444184	0.00038591
12269	62.1955	25.6005	69.2789	13.0	-0.06400274	-0.06449824	-0.00049550
12270	74.7070	27.6574	60.7817	13.0	-0.06199064	-0.06176711	0.00022353
12271	57.1537	37.2237	71.9135	13.0	-0.06309883	-0.06373349	-0.00063466
12272	56.9101	35.0121	72.2677	13.0	-0.06241946	-0.06307368	-0.00065422
12273	70.5592	41.7494	68.1820	15.0	-0.05706462	-0.05729505	-0.00023043
12274	63.4983	19.3045	55.8372	11.0	-0.07042991	-0.06997972	0.00045019
12275	48.0849	47.2356	54.8884	13.0	-0.06165441	-0.06190308	-0.00024868
12276	49.5098	17.3811	60.2875	15.0	-0.05199907	-0.05216460	-0.00016553
12277	43.1080	27.2655	61.0138	13.0	-0.05607283	-0.05644102	-0.00036819
12278	40.3986	32.3918	59.1793	14.0	-0.05384113	-0.05415668	-0.00031554
12279	56.8887	19.2399	46.0294	14.0	-0.05964598	-0.05918243	0.00046356
12280	43.8950	25.2160	56.1904	12.0	-0.05767750	-0.05793106	-0.00025356
12281	48.1669	39.8727	63.4337	10.0	-0.07263880	-0.07326041	-0.00062161
12282	42.9552	29.5073	47.9622	13.0	-0.05547994	-0.05555839	-0.00007846
12283	60.7274	33.8822	74.2157	15.0	-0.05634266	-0.05683069	-0.00048804
12284	48.5980	26.4148	60.4958	9.0	-0.07208463	-0.07271634	-0.00063172
12285	59.6488	40.2202	39.2867	14.0	-0.05987967	-0.05955812	0.00032156
12286	61.2391	43.7573	67.9241	12.0	-0.06759991	-0.06808627	-0.00048636
12287	45.3903	19.4092	57.4865	15.0	-0.05085475	-0.05101095	-0.00015620
12288	65.5164	20.4963	42.2942	15.0	-0.05416141	-0.05356935	0.00059206
12289	58.6095	28.9464	73.6922	15.0	-0.05562878	-0.05612553	-0.00049675
12290	58.1417	48.3169	56.6629	10.0	-0.07502595	-0.07528050	-0.00025455
12291	48.4385	21.7734	66.3786	15.0	-0.05264998	-0.05301327	-0.00036329
12292	59.3819	19.0495	50.5931	12.0	-0.06759816	-0.06704413	0.00055403
12293	55.6129	48.1612	65.0586	13.0	-0.06206442	-0.06242507	-0.00036064
12294	55.2774	48.5816	54.1624	11.0	-0.07071725	-0.07092964	-0.00021239
12295	42.5663	28.3910	45.1358	15.0	-0.05046281	-0.05047048	-0.00000766
12296	43.2707	26.7777	57.6107	12.0	-0.05792181	-0.05823085	-0.00030904
12297	63.0478	21.7804	64.9610	12.0	-0.06633827	-0.06658238	-0.00024411
12298	54.2999	48.4331	57.7758	11.0	-0.07031494	-0.07060800	-0.00029306
12299	60.8007	16.4338	48.1865	15.0	-0.05587192	-0.05543380	0.00043812
12300	46.7962	28.3592	66.0803	13.0	-0.05983304	-0.06039367	-0.00056063
12301	59.6215	25.8948	43.8450	10.0	-0.07509773	-0.07406672	0.00103102
12302	46.2496	24.0317	47.2577	13.0	-0.05603444	-0.05599226	0.00004218
12303	55.3000	38.3718	69.1749	11.0	-0.07198103	-0.07277004	-0.00078901
12304	40.8623	33.0381	55.3867	13.0	-0.05617184	-0.05644485	-0.00027301
12305	48.9377	19.5167	57.3987	13.0	-0.05734068	-0.05750334	-0.00016266
12306	68.5685	38.6289	69.7376	14.0	-0.06033262	-0.06066526	-0.00033264
12307	65.0037	47.2528	53.3490	11.0	-0.07240916	-0.07245822	-0.00004906
12308	68.4989	20.9406	50.2430	12.0	-0.06527311	-0.06448778	0.00078533
12309	49.6510	32.2667	38.9441	15.0	-0.05385716	-0.05366465	0.00019251
12310	65.7518	16.1040	51.8246	15.0	-0.05560260	-0.05517561	0.00042700
12311	42.9317	28.0071	51.8556	12.0	-0.05761002	-0.05778072	-0.00017070
12312	68.5449	45.1736	60.9659	12.0	-0.06860140	-0.06879211	-0.00019071
12313	48.3810	36.2312	71.1941	15.0	-0.05510119	-0.05560477	-0.00050357
12314	49.9664	31.2607	68.2295	12.0	-0.06530970	-0.06606056	-0.00075086
12315	60.0529	50.8408	47.9051	15.0	-0.05699442	-0.05699961	-0.00000519
12316	49.0367	40.4454	40.6074	15.0	-0.05401600	-0.05394922	0.00006679
12317	57.5382	26.3866	40.6229	13.0	-0.06268084	-0.06206635	0.00061449
12318	67.6719	50.7915	56.3161	15.0	-0.05657808	-0.05664467	-0.00006659
12319	68.2891	21.7859	62.0331	12.0	-0.06521164	-0.06509573	0.00011591
12320	49.6761	35.3818	44.8905	10.0	-0.07112830	-0.07106275	0.00006555
12321	59.7109	19.6539	60.5308	11.0	-0.06894885	-0.06902637	-0.00007752
12322	73.3193	43.3642	63.2481	15.0	-0.05732551	-0.05742095	-0.00009545
12323	57.0611	46.5026	62.5628	10.0	-0.07533156	-0.07576153	-0.00042997
12324	60.7717	45.2331	44.4854	13.0	-0.06580762	-0.06564837	0.00015926
12325	69.8421	44.5208	66.7397	15.0	-0.05708749	-0.05730405	-0.00021655
12326	68.7549	36.0739	66.3581	11.0	-0.07284349	-0.07323038	-0.00038689
12327	61.6691	38.9318	41.0658	12.0	-0.06738438	-0.06691407	0.00047031
12328	75.6923	25.8579	47.5597	15.0	-0.05463614	-0.05407683	0.00055932
12329	50.8528	16.9492	51.3625	15.0	-0.05333488	-0.05324655	0.00008833
12330	63.5353	29.2076	37.2131	15.0	-0.05484404	-0.05429122	0.00055281
12331	74.6997	23.1229	56.1937	14.0	-0.05781643	-0.05740653	0.00040990
12332	49.8827	43.9625	61.3036	10.0	-0.07341933	-0.07390036	-0.00048103
12333	73.7535	42.3253	48.8712	15.0	-0.05913547	-0.05885490	0.00028057
12334	54.7760	18.0833	48.5584	14.0	-0.05839751	-0.05809223	0.00030528
12335	49.4293	21.6030	45.2528	14.0	-0.05495878	-0.05477682	0.00018196
12336	67.9827	45.0282	48.7535	13.0	-0.06738972	-0.06719782	0.00019190
12337	62.1016	21.5873	52.5834	9.0	-0.08319084	-0.08222506	0.00096577
12338	65.3911	33.0154	69.7759	12.0	-0.06790742	-0.06845361	-0.00054619
12339	76.1854	33.4341	54.8854	13.0	-0.06404643	-0.06363691	0.00040952
12340	62.7637	18.7445	43.7179	15.0	-0.05472816	-0.05418260	0.00054556
12341	76.7072	25.1085	58.1381	15.0	-0.05503745	-0.05473890	0.00029854
12342	59.9106	47.2283	55.5450	9.0	-0.08122981	-0.08146356	-0.00023375
12343	59.4465	28.1255	42.7484	10.0	-0.07548545	-0.07448670	0.00099875
12344	51.3912	26.7895	63.7700	9.0	-0.07527316	-0.07617872	-0.00090556
12345	67.4180	19.1758	47.0997	14.0	-0.05752876	-0.05689636	0.00063240
12346	65.1247	20.2052	66.9749	15.0	-0.05613877	-0.05628315	-0.00014438
12347	53.9393	18.3333	55.9715	12.0	-0.06250785	-0.06249895	0.00000890
12348	54.3682	36.3909	41.4840	11.0	-0.06834831	-0.06802466	0.00032365
12349	41.4326	40.7338	52.3540	15.0	-0.05422436	-0.05443149	-0.00020713
12350	40.6395	29.7735	59.3165	14.0	-0.05309624	-0.05340049	-0.00030425
12351	61.3968	21.5147	42.0106	14.0	-0.05777235	-0.05715079	0.00062156
12352	69.7258	40.0459	57.4968	9.0	-0.08629071	-0.08627706	0.00001365
12353	68.2498	46.1217	64.6788	14.0	-0.06045047	-0.06067793	-0.00022746
12354	56.5208	26.8551	41.9517	12.0	-0.06739418	-0.06673851	0.00065567
12355	44.0074	28.6790	44.8219	14.0	-0.05318176	-0.05316799	0.00001377
12356	41.6758	42.3799	56.4888	15.0	-0.05415776	-0.05441986	-0.00026210
12357	45.4023	30.4255	47.4529	11.0	-0.06232312	-0.06238320	-0.00006008
12358	58.1414	51.5809	49.1916	15.0	-0.05649057	-0.05653871	-0.00004813
12359	74.7988	29.2985	61.5288	13.0	-0.06251163	-0.06234239	0.00016924
12360	54.1203	19.6711	67.2916	15.0	-0.05392393	-0.05425101	-0.00032708
12361	54.1976	28.4352	71.8829	14.0	-0.05799498	-0.05858196	-0.00058698
12362	46.3479	39.8053	64.5622	12.0	-0.06363488	-0.06415091	-0.00051602
12363	57.7757	46.5445	69.8906	15.0	-0.05619862	-0.05656729	-0.00036867
12364	63.7104	18.8351	47.8785	13.0	-0.06156408	-0.06090530	0.00065878
12365	59.8558	50.5203	65.7466	15.0	-0.05535028	-0.05561673	-0.00026645
12366	65.5338	32.0357	66.2060	9.0	-0.08392669	-0.08464753	-0.00072084
12367	62.3764	27.9107	70.5517	13.0	-0.06356885	-0.06411339	-0.00054454
12368	56.0675	18.7468	62.9984	13.0	-0.06001848	-0.06025607	-0.00023759
12369	60.9819	18.7633	51.2339	12.0	-0.06726486	-0.06668415	0.00058070
12370	62.7528	32.7473	41.9163	10.0	-0.07527292	-0.07431128	0.00096164
12371	64.0387	37.0610	73.2191	15.0	-0.05707394	-0.05750202	-0.00042808
12372	60.7949	27.0852	39.7506	13.0	-0.06150722	-0.06081976	0.00068746
12373	71.5945	27.5548	41.0607	15.0	-0.05395766	-0.05335331	0.00060435
12374	62.5219	37.4467	72.4184	14.0	-0.06046218	-0.06096571	-0.00050353
12375	63.7840	48.2256	58.0295	11.0	-0.07071488	-0.07091581	-0.00020093
12376	59.4163	27.5248	67.5343	10.0	-0.07601335	-0.07692538	-0.00091203
12377	44.7410	41.8331	56.2646	12.0	-0.06424544	-0.06458804	-0.00034260
12378	54.6159	44.4637	50.6994	9.0	-0.08483623	-0.08503353	-0.00019730
12379	76.5276	25.1082	52.0723	15.0	-0.05542403	-0.05494121	0.00048282
12380	76.4844	27.3634	53.1054	14.0	-0.05878275	-0.05828258	0.00050016
12381	64.6269	22.9884	65.5344	12.0	-0.06691714	-0.06716163	-0.00024449
12382	59.2273	38.5686	42.9402	10.0	-0.07689811	-0.07641510	0.00048301
12383	58.5800	30.8499	40.2217	12.0	-0.06713524	-0.06646372	0.00067152
12384	73.3688	35.2378	43.8057	14.0	-0.05856580	-0.05801326	0.00055254
12385	44.5760	40.7625	66.9269	15.0	-0.05380562	-0.05420289	-0.00039726
12386	58.1135	47.9415	62.2792	11.0	-0.06996786	-0.07032473	-0.00035687
12387	40.7434	24.8727	57.1747	15.0	-0.04971462	-0.04992311	-0.00020849
12388	57.5546	51.4422	51.5405	14.0	-0.05910746	-0.05920406	-0.00009660
12389	51.9684	32.8536	43.3497	10.0	-0.07200074	-0.07170453	0.00029620
12390	44.6180	28.6441	64.0723	13.0	-0.05808603	-0.05856195	-0.00047592
12391	54.5516	43.6010	67.8454	12.0	-0.06632686	-0.06685795	-0.00053110
12392	62.2882	25.6691	66.9375	11.0	-0.07243883	-0.07302615	-0.00058733
12393	47.5427	49.1671	60.0252	15.0	-0.05452238	-0.05478362	-0.00026124
12394	43.5318	39.9200	51.2157	13.0	-0.06019359	-0.06041494	-0.00022134
12395	64.9022	36.3268	69.8964	12.0	-0.06780389	-0.06835783	-0.00055394
12396	59.3612	52.1767	54.4244	14.0	-0.05860146	-0.05872641	-0.00012495
12397	46.9519	39.1987	69.8120	15.0	-0.05437030	-0.05482136	-0.00045105
12398	57.1095	48.3273	49.6944	12.0	-0.06758779	-0.06766591	-0.00007813
12399	65.4422	37.2058	39.2244	14.0	-0.05959743	-0.05909515	0.00050228
12400	44.1061	21.6532	60.7284	15.0	-0.05084830	-0.05109746	-0.00024916
12401	57.1231	47.1702	57.3753	9.0	-0.08088837	-0.08120511	-0.00031674
12402	66.9843	34.0390	43.3874	10.0	-0.07469912	-0.07372854	0.00097058
12403	55.9426	20.1565	57.8868	10.0	-0.07152359	-0.07160396	-0.00008037
12404	68.1032	36.0499	64.1239	9.0	-0.08457685	-0.08502838	-0.00045153
12405	55.2122	47.8203	68.3626	15.0	-0.05585900	-0.05620875	-0.00034976
12406	41.7658	39.5305	56.7009	14.0	-0.05719413	-0.05749603	-0.00030190
12407	53.0161	47.1668	50.0930	12.0	-0.06797038	-0.06811308	-0.00014270
12408	47.3689	35.2956	67.9998	13.0	-0.06109166	-0.06168620	-0.00059453
12409	64.4417	17.5861	57.6580	13.0	-0.06181709	-0.06155328	0.00026381
12410	72.9847	20.3383	51.2590	15.0	-0.05510008	-0.05458902	0.00051105
12411	70.4445	44.6641	49.6448	14.0	-0.06389918	-0.06369955	0.00019964
12412	68.6644	34.4876	44.6206	10.0	-0.07491085	-0.07395944	0.00095141
12413	70.3629	43.0255	52.1897	12.0	-0.07191768	-0.07171958	0.00019811
12414	44.8732	27.3764	59.8152	11.0	-0.06224829	-0.06267997	-0.00043168
12415	72.5467	41.0857	50.2088	13.0	-0.06661981	-0.06628218	0.00033763
12416	68.2874	49.1291	55.7590	14.0	-0.06027448	-0.06032426	-0.00004978
12417	48.3129	21.2441	58.0913	12.0	-0.06002188	-0.06026774	-0.00024586
12418	68.5354	25.4236	60.6108	9.0	-0.08018502	-0.07993290	0.00025211
12419	53.1930	22.4100	44.2329	13.0	-0.06039315	-0.06001684	0.00037632
12420	66.7226	49.7711	49.9462	15.0	-0.05767177	-0.05762923	0.00004254
12421	70.2890	19.7219	60.5431	14.0	-0.05768401	-0.05747711	0.00020689
12422	74.2809	22.1136	60.5223	15.0	-0.05472123	-0.05450159	0.00021963
12423	76.6974	37.3353	49.3763	15.0	-0.05725245	-0.05686976	0.00038269
12424	44.9518	24.9656	61.9989	13.0	-0.05661327	-0.05699621	-0.00038294
12425	70.1290	34.1595	61.5390	9.0	-0.08610806	-0.08618096	-0.00007289
12426	72.3918	35.9932	54.2171	10.0	-0.08097939	-0.08042939	0.00055000
12427	62.7206	17.2860	61.7066	14.0	-0.05835746	-0.05834009	0.00001737
12428	48.3530	31.1349	68.1462	13.0	-0.06164627	-0.06229366	-0.00064740
12429	71.0118	47.6544	59.3957	15.0	-0.05773334	-0.05780692	-0.00007358
12430	41.8246	37.0591	56.9579	13.0	-0.05888928	-0.05921919	-0.00032992
12431	53.9387	31.9015	68.3794	10.0	-0.07427773	-0.07530737	-0.00102963
12432	52.5034	38.7263	72.6871	15.0	-0.05589291	-0.05639631	-0.00050340
12433	46.8451	41.2284	55.0515	10.0	-0.07391832	-0.07431509	-0.00039677
12434	59.5040	30.4940	74.0360	15.0	-0.05582802	-0.05632363	-0.00049561
12435	42.5278	30.3872	58.8942	12.0	-0.05905648	-0.05942960	-0.00037311
12436	54.6891	18.2300	57.3647	12.0	-0.06267807	-0.06271108	-0.00003301
12437	68.9855	34.1933	46.2207	9.0	-0.08074534	-0.07963733	0.00110801
12438	52.4186	47.4956	44.8708	15.0	-0.05656431	-0.05658197	-0.00001766
12439	68.3572	22.3539	54.1033	10.0	-0.07466247	-0.07382284	0.00083963
12440	54.1433	22.8808	63.1774	10.0	-0.07071072	-0.07129912	-0.00058840
12441	66.7160	34.7412	65.6204	9.0	-0.08392084	-0.08453723	-0.00061639
12442	59.3531	47.4486	52.1627	10.0	-0.07656126	-0.07668807	-0.00012681
12443	47.2557	26.3697	68.5742	15.0	-0.05371813	-0.05417781	-0.00045968
12444	63.0240	26.9628	67.4414	11.0	-0.07309894	-0.07371917	-0.00062024
12445	61.6671	26.3249	41.1324	12.0	-0.06489206	-0.06407879	0.00081327
12446	47.5800	48.5054	62.2010	15.0	-0.05432563	-0.05461369	-0.00028806
12447	67.8562	45.4485	67.4503	15.0	-0.05727163	-0.05752726	-0.00025563
12448	47.8685	28.6530	62.9456	10.0	-0.06998828	-0.07070423	-0.00071596
12449	52.7008	18.9544	53.6212	12.0	-0.06251297	-0.06244408	0.00006889
12450	68.0967	31.3949	71.6031	15.0	-0.05717495	-0.05749543	-0.00032048
12451	65.2543	43.6513	70.1769	15.0	-0.05756748	-0.05790904	-0.00034156
12452	77.3972	34.6128	49.4570	15.0	-0.05650631	-0.05607780	0.00042851
12453	59.3932	44.5000	43.3884	13.0	-0.06475453	-0.06458412	0.00017040
12454	60.9515	22.9594	65.3221	11.0	-0.07032644	-0.07076945	-0.00044301
12455	45.0895	36.0833	48.6052	11.0	-0.06478605	-0.06495058	-0.00016453
12456	76.2395	31.5122	56.8923	13.0	-0.06314221	-0.06278341	0.00035880
12457	53.9040	25.4617	67.9681	12.0	-0.06447098	-0.06514817	-0.00067719
12458	52.8781	30.6976	39.0207	14.0	-0.05773481	-0.05740638	0.00032843
12459	67.6026	29.7702	43.8408	10.0	-0.07304777	-0.07191454	0.00113323
12460	71.7412	21.5181	48.3846	14.0	-0.05752200	-0.05688256	0.00063943
12461	61.0934	18.3684	53.4222	12.0	-0.06727702	-0.06681427	0.00046275
12462	67.8785	40.3334	48.2832	10.0	-0.08141109	-0.08089311	0.00051797
12463	68.1375	44.9168	44.6449	15.0	-0.05919339	-0.05894762	0.00024577
12464	74.7669	34.3838	47.8132	13.0	-0.06257114	-0.06198303	0.00058811
12465	63.4896	29.8932	67.6118	10.0	-0.07794928	-0.07872579	-0.00077650
12466	77.9008	33.9045	58.4450	15.0	-0.05715244	-0.05694282	0.00020962
12467	62.2626	20.1936	55.6039	10.0	-0.07606214	-0.07556301	0.00049913
12468	39.3746	28.5294	56.9742	15.0	-0.04995153	-0.05017979	-0.00022825
12469	69.4627	45.9909	52.7074	13.0	-0.06607681	-0.06600132	0.00007548
12470	59.6511	35.9510	74.1854	15.0	-0.05642848	-0.05692360	-0.00049512
12471	66.5919	23.9152	39.9261	15.0	-0.05396170	-0.05335296	0.00060874
12472	48.6941	42.4096	67.0791	13.0	-0.06048552	-0.06096128	-0.00047577
12473	53.4096	24.0614	62.6027	9.0	-0.07489966	-0.07561979	-0.00072014
12474	69.6693	46.0285	63.0006	14.0	-0.06061774	-0.06079170	-0.00017396
12475	53.8520	45.0800	48.1692	11.0	-0.07281337	-0.07290010	-0.00008673
12476	60.6529	46.6890	69.6957	15.0	-0.05627053	-0.05661568	-0.00034515
12477	65.4351	18.2564	64.4532	15.0	-0.05557012	-0.05560030	-0.00003018
12478	57.0156	36.1114	41.1014	11.0	-0.07006715	-0.06960169	0.00046547
12479	56.9975	22.8024	66.5295	12.0	-0.06524035	-0.06577447	-0.00053412
12480	77.6082	27.1214	54.3084	15.0	-0.05553934	-0.05513346	0.00040588
12481	57.5878	42.9697	71.9823	15.0	-0.05689638	-0.05733586	-0.00043948
12482	62.7618	44.3634	41.1227	15.0	-0.05782233	-0.05758733	0.00023500
12483	65.9781	42.4038	65.4453	11.0	-0.07287297	-0.07330057	-0.00042760
12484	71.0171	37.2809	60.9869	10.0	-0.07958987	-0.07966042	-0.00007055
12485	50.3529	46.9754	47.9531	14.0	-0.06018377	-0.06028547	-0.00010170
12486	58.2144	30.0705	70.8963	12.0	-0.06579487	-0.06653189	-0.00073703
12487	55.7313	50.9485	55.3015	13.0	-0.06193584	-0.06212017	-0.00018433
12488	51.4347	45.5530	60.0615	10.0	-0.07450659	-0.07492926	-0.00042267
12489	52.2090	51.1709	51.7561	15.0	-0.05613220	-0.05626657	-0.00013437
12490	44.7744	31.1784	61.6188	11.0	-0.06468140	-0.06521889	-0.00053749
12491	47.0542	24.4093	44.2924	14.0	-0.05392307	-0.05380484	0.00011823
12492	67.7888	41.9553	60.1294	9.0	-0.08443098	-0.08470443	-0.00027345
12493	69.6126	28.5304	45.9549	10.0	-0.07309338	-0.07194053	0.00115284
12494	75.2750	30.4948	44.3167	15.0	-0.05464468	-0.05409067	0.00055401
12495	61.1679	18.2248	58.5188	12.0	-0.06549823	-0.06536301	0.00013522
12496	45.2142	30.5542	45.9659	12.0	-0.05923393	-0.05924857	-0.00001464
12497	60.0803	53.2821	57.0485	15.0	-0.05525240	-0.05539553	-0.00014313
12498	61.3112	33.3784	68.9909	10.0	-0.07703947	-0.07795435	-0.00091488
12499	56.4023	17.3062	50.0290	14.0	-0.05908109	-0.05876070	0.00032039
12500	71.4467	28.6216	52.6740	9.0	-0.08235593	-0.08122069	0.00113524
12501	55.6755	19.8868	60.6306	11.0	-0.06685423	-0.06708947	-0.00023523
12502	56.4684	38.6649	70.3152	12.0	-0.06777682	-0.06847380	-0.00069698
12503	69.8904	33.8834	66.7897	12.0	-0.06861082	-0.06890327	-0.00029245
12504	60.1525	29.8549	41.1163	11.0	-0.07047371	-0.06962873	0.00084498
12505	47.9597	47.3457	51.5500	14.0	-0.05908891	-0.05926978	-0.00018087
12506	46.6878	20.4508	59.9233	14.0	-0.05400919	-0.05425038	-0.00024119
12507	42.2678	34.6055	64.7811	15.0	-0.05416245	-0.05456993	-0.00040748
12508	46.3263	42.4578	66.3181	14.0	-0.05679488	-0.05721112	-0.00041624
12509	67.1463	38.8697	71.6755	15.0	-0.05705808	-0.05740666	-0.00034859
12510	74.4961	30.5802	46.9785	13.0	-0.06135692	-0.06067729	0.00067963
12511	73.6667	34.6488	58.2287	11.0	-0.07358228	-0.07330631	0.00027597
12512	49.5712	30.8215	70.3740	14.0	-0.05805389	-0.05864630	-0.00059241
12513	53.8208	16.4313	62.1252	15.0	-0.05313689	-0.05328774	-0.00015086
12514	63.4607	47.3102	44.6099	15.0	-0.05915448	-0.05901701	0.00013746
12515	44.2809	27.9398	51.1643	11.0	-0.06101269	-0.06117145	-0.00015876
12516	64.7241	28.0939	65.0552	9.0	-0.08457409	-0.08519958	-0.00062549
12517	47.2976	40.9136	50.1675	11.0	-0.07043657	-0.07067189	-0.00023532
12518	47.8988	39.0302	40.7817	15.0	-0.05373893	-0.05367895	0.00005998
12519	71.1602	19.6062	48.4465	15.0	-0.05460431	-0.05404766	0.00055665
12520	43.3820	26.1532	62.7592	14.0	-0.05384982	-0.05421345	-0.00036363
12521	56.3572	43.8467	71.4553	15.0	-0.05659014	-0.05701809	-0.00042795
12522	75.5021	41.8842	56.5041	15.0	-0.05898091	-0.05886493	0.00011597
12523	58.6108	20.0479	65.2521	13.0	-0.06123416	-0.06153664	-0.00030248
12524	41.7849	28.3180	61.4507	14.0	-0.05348156	-0.05382447	-0.00034291
12525	53.8671	43.5610	71.3120	15.0	-0.05577653	-0.05620713	-0.00043060
12526	44.0956	34.3564	56.1337	10.0	-0.06814401	-0.06855765	-0.00041365
12527	52.6697	45.0103	64.4524	11.0	-0.06974376	-0.07022789	-0.00048412
12528	59.5515	49.8918	59.9406	12.0	-0.06541085	-0.06566434	-0.00025348
12529	44.8758	44.4295	61.9155	14.0	-0.05667572	-0.05701732	-0.00034161
12530	68.8958	39.7438	66.4096	12.0	-0.06796309	-0.06829788	-0.00033479
12531	43.4256	28.7326	56.4745	11.0	-0.06118261	-0.06151091	-0.00032830
12532	63.7644	47.0714	51.2848	11.0	-0.07283716	-0.07284278	-0.00000561
12533	68.1829	22.8992	46.0144	12.0	-0.06406517	-0.06318745	0.00087773
12534	70.0336	22.4579	57.3429	11.0	-0.06906636	-0.06856504	0.00050132
12535	56.3879	52.3638	61.6109	15.0	-0.05503570	-0.05526118	-0.00022547
12536	71.8079	42.8551	66.1184	15.0	-0.05706947	-0.05724317	-0.00017370
12537	47.5794	41.3122	63.4221	11.0	-0.06782429	-0.06835072	-0.00052643
12538	53.9941	41.6060	66.5719	10.0	-0.07545310	-0.07614314	-0.00069004
12539	64.8479	35.6254	72.1265	14.0	-0.06019470	-0.06065342	-0.00045872
12540	63.1513	50.2686	53.1717	13.0	-0.06285913	-0.06293152	-0.00007239
12541	49.7145	37.5648	41.5523	13.0	-0.05967633	-0.05956826	0.00010807
12542	48.8235	27.7540	42.4483	13.0	-0.05784703	-0.05765719	0.00018984
12543	72.7164	37.0194	50.5809	11.0	-0.07352942	-0.07293749	0.00059193
12544	40.4942	36.4671	53.7473	14.0	-0.05475219	-0.05498838	-0.00023619
12545	45.7321	25.4490	50.9622	11.0	-0.06130666	-0.06140959	-0.00010294
12546	66.0168	48.2797	57.0116	12.0	-0.06709822	-0.06722505	-0.00012683
12547	45.7977	27.4915	43.4558	14.0	-0.05370033	-0.05361833	0.00008199
12548	66.7652	27.0883	66.1098	11.0	-0.07223778	-0.07257053	-0.00033275
12549	41.7900	29.3790	63.9909	15.0	-0.05199124	-0.05235590	-0.00036465
12550	55.1246	22.3396	51.4076	9.0	-0.07938676	-0.07897737	0.00040939
12551	74.6410	35.5609	57.2293	12.0	-0.06931509	-0.06902962	0.00028546
12552	58.5532	26.8430	42.3949	11.0	-0.07072969	-0.06989034	0.00083935
12553	44.5574	24.7598	46.7608	14.0	-0.05294153	-0.05292674	0.00001479
12554	70.7038	35.9600	70.0236	15.0	-0.05721621	-0.05746894	-0.00025273
12555	63.5120	30.0996	39.1093	13.0	-0.06126390	-0.06056955	0.00069435
12556	45.4698	25.8988	63.4939	13.0	-0.05750692	-0.05794715	-0.00044023
12557	69.7095	34.5246	42.8558	12.0	-0.06545384	-0.06472080	0.00073305
12558	67.6501	43.8229	68.9471	15.0	-0.05723444	-0.05752090	-0.00028646
12559	47.9466	45.0498	63.8681	13.0	-0.06030200	-0.06069601	-0.00039402
12560	67.2415	22.0875	48.4710	11.0	-0.06897257	-0.06800686	0.00096571
12561	70.1875	43.7774	65.3726	14.0	-0.06029021	-0.06050096	-0.00021075
12562	51.4341	36.8212	71.5252	14.0	-0.05884609	-0.05942296	-0.00057687
12563	53.0236	45.1084	53.6815	9.0	-0.08360702	-0.08391926	-0.00031224
12564	53.3563	17.5002	50.6437	14.0	-0.05729309	-0.05710406	0.00018903
12565	55.6316	24.1595	40.1049	15.0	-0.05637693	-0.05592943	0.00044750
12566	76.0765	29.2476	56.2624	13.0	-0.06241494	-0.06199611	0.00041883
12567	58.2483	39.9911	73.1499	15.0	-0.05715984	-0.05764181	-0.00048198
12568	55.0110	47.6743	55.9663	10.0	-0.07559725	-0.07587727	-0.00028002
12569	56.3703	28.0572	68.8792	11.0	-0.06962114	-0.07047227	-0.00085114
12570	58.2255	38.7792	44.0781	9.0	-0.08209478	-0.08165646	0.00043832
12571	44.9642	38.4840	51.6097	11.0	-0.06720068	-0.06747584	-0.00027517
12572	54.7108	24.9645	65.4321	10.0	-0.07229874	-0.07309994	-0.00080120
12573	76.9756	28.4817	48.7149	15.0	-0.05517700	-0.05465695	0.00052006
12574	54.7737	21.4713	69.1459	15.0	-0.05455633	-0.05494866	-0.00039233
12575	68.9715	40.3803	42.5288	14.0	-0.06070792	-0.06027764	0.00043028
12576	39.0495	32.4864	52.3992	15.0	-0.05048294	-0.05065924	-0.00017630
12577	72.5869	38.0727	55.6671	11.0	-0.07677905	-0.07648073	0.00029832
12578	42.0201	24.0899	60.3134	15.0	-0.05034221	-0.05060237	-0.00026016
